order_id;seller_id;buyer_id;kodepos;subtotal;discount;total;created_at;paid_at;delivery_at
3;5;4769;32610;900000;0;900000;2019-06-01;2019-06-04;2019-06-12
5;23;4276;02674;220000;0;220000;2019-04-02;2019-04-05;2019-04-09
8;4;14110;48577;1248000;0;1248000;2019-08-02;2019-08-13;2019-08-20
19;5;3831;91235;1074000;0;1074000;2020-05-16;NA;NA
31;46;5318;96740;253000;0;253000;2019-03-12;2019-03-17;2019-03-20
33;68;16359;97275;160000;0;160000;2019-07-09;2019-07-14;2019-07-14
36;1;6523;68651;156000;0;156000;2019-03-29;2019-04-11;2019-04-13
48;44;13167;52839;24000;0;24000;2019-10-20;2019-11-01;2019-11-12
58;4;2171;19543;788000;0;788000;2019-08-29;2019-09-08;2019-09-19
67;23;3863;08366;6233000;0;6233000;2020-02-17;2020-02-18;2020-02-29
72;32;17412;48748;270000;0;270000;2019-05-17;2019-05-19;2019-05-26
73;55;5894;39142;125000;0;125000;2019-11-17;2019-11-30;2019-12-09
83;56;5804;58856;120000;0;120000;2019-09-30;2019-10-07;2019-10-09
87;65;3433;95017;1334000;0;1334000;2020-05-29;2020-06-03;2020-06-14
103;65;9797;73801;2116000;0;2116000;2019-12-12;2019-12-13;2019-12-16
104;8;8799;98276;2760000;0;2760000;2020-02-03;2020-02-09;2020-02-13
105;38;15481;22205;504000;0;504000;2019-06-17;2019-07-01;2019-07-02
107;12;17394;87181;4798000;0;4798000;2020-04-08;2020-04-20;2020-04-26
110;31;12954;21786;836000;114000;722000;2020-04-25;2020-04-27;2020-05-08
122;42;401;63218;406000;0;406000;2020-01-22;2020-02-03;2020-02-07
129;4;9861;59125;72000;0;72000;2020-01-30;2020-02-02;2020-02-09
135;51;2716;12436;5156000;0;5156000;2019-11-05;2019-11-19;NA
151;42;12638;76645;3023000;0;3023000;2020-05-18;2020-05-19;2020-05-26
152;4;2972;46386;192000;0;192000;2020-05-17;2020-05-28;2020-06-06
155;52;9104;24486;864000;0;864000;2019-12-16;2019-12-20;2019-12-24
157;43;6850;13459;1156000;0;1156000;2020-01-07;2020-01-14;2020-01-17
180;1;10535;93778;300000;0;300000;2019-11-29;2019-12-03;2019-12-11
186;13;7005;75116;484000;0;484000;2019-08-25;2019-09-05;2019-09-16
188;24;2716;45751;4537000;0;4537000;2020-04-30;2020-05-13;2020-05-27
192;63;2302;87359;544000;0;544000;2019-12-22;2020-01-05;2020-01-06
198;34;2616;10269;1400000;0;1400000;2019-09-08;2019-09-12;2019-09-20
208;30;1743;06686;855000;0;855000;2019-08-19;2019-09-01;2019-09-07
231;11;3750;85890;322000;0;322000;2020-04-17;2020-04-29;2020-05-11
235;13;2762;57244;10652000;38000;10614000;2019-12-14;2019-12-23;2019-12-25
237;31;14097;37075;4498000;0;4498000;2020-01-18;2020-01-29;2020-02-02
242;24;8351;25951;2565000;0;2565000;2020-05-09;2020-05-17;2020-05-31
243;59;11907;37931;28000;0;28000;2019-08-09;2019-08-23;2019-09-04
248;59;4465;32669;72000;0;72000;2020-04-11;2020-04-15;2020-04-24
259;44;8621;34801;2464000;0;2464000;2020-05-24;2020-05-30;2020-06-03
278;20;17588;61905;2100000;0;2100000;2020-04-11;2020-04-15;2020-04-15
280;30;1692;25908;648000;0;648000;2019-09-30;2019-10-07;2019-10-13
283;23;17883;32358;3360000;0;3360000;2020-05-21;2020-06-03;2020-06-15
291;3;17531;09915;1940000;0;1940000;2020-03-02;2020-03-12;2020-03-12
295;15;15621;35136;1542000;0;1542000;2019-10-07;2019-10-11;2019-10-16
302;32;8620;50701;1244000;0;1244000;2019-11-21;2019-11-22;2019-12-02
305;6;346;34514;1188000;0;1188000;2019-07-09;2019-07-13;2019-07-16
312;30;15612;05188;182000;0;182000;2019-12-30;2020-01-08;2020-01-17
320;16;17885;24758;57000;0;57000;2019-12-07;NA;NA
328;6;1005;00326;1168000;0;1168000;2020-01-29;2020-02-08;2020-02-08
329;14;12908;33423;814000;0;814000;2019-08-09;2019-08-17;2019-08-23
339;53;13537;94564;570000;0;570000;2019-07-08;2019-07-19;2019-07-30
340;15;11747;00056;1404000;101400;1302600;2019-09-09;2019-09-13;2019-09-13
344;63;9522;47310;646000;0;646000;2019-10-09;2019-10-16;2019-10-18
350;14;3382;16833;1170000;0;1170000;2019-08-08;NA;NA
351;20;14180;83318;2752000;0;2752000;2020-05-25;2020-06-06;2020-06-17
354;14;6336;99883;1275000;0;1275000;2019-11-23;2019-11-25;2019-11-25
359;48;4543;00618;11920000;0;11920000;2019-09-10;2019-09-22;2019-09-24
361;64;9427;83566;176000;0;176000;2019-06-21;2019-06-30;2019-07-04
369;44;8260;22693;3000;0;3000;2020-05-26;2020-06-09;2020-06-11
370;61;636;35164;1953000;0;1953000;2020-04-03;2020-04-05;2020-04-17
377;11;5192;15269;1514000;106950;1407050;2020-05-31;2020-06-13;2020-06-19
381;39;1356;14209;384000;0;384000;2020-02-05;2020-02-17;2020-02-18
397;11;7297;05788;182000;0;182000;2019-10-12;2019-10-13;2019-10-21
407;13;6226;97356;920000;0;920000;2019-12-05;2019-12-19;2020-01-02
413;29;3086;52243;150000;0;150000;2019-12-14;2019-12-26;2019-12-28
418;8;14391;15371;1148000;29700;1118300;2020-04-05;2020-04-10;2020-04-24
421;49;7624;30340;1575000;0;1575000;2019-12-11;2019-12-19;2019-12-30
426;58;14447;03737;340000;0;340000;2019-12-16;2019-12-25;2019-12-29
431;27;17466;50229;2985000;0;2985000;2019-12-11;2019-12-12;2019-12-17
434;8;7943;17300;5731000;0;5731000;2020-03-04;2020-03-14;2020-03-23
449;35;14964;74999;117000;0;117000;2019-09-05;2019-09-14;2019-09-24
451;55;16819;03595;10055000;1794000;8261000;2020-01-01;2020-01-13;2020-01-13
466;38;17235;21160;2728000;0;2728000;2020-02-20;2020-02-26;2020-02-27
467;49;6512;80024;6418000;0;6418000;2020-04-16;2020-04-18;2020-04-24
470;39;4518;38583;66000;0;66000;2019-08-17;2019-08-27;2019-08-28
485;65;14363;20359;1022000;0;1022000;2019-06-11;2019-06-20;2019-06-20
486;32;3861;04202;2725000;0;2725000;2020-05-26;2020-06-09;2020-06-23
487;26;11247;36438;567000;0;567000;2020-02-16;2020-02-19;2020-02-24
501;60;11498;48245;120000;0;120000;2019-11-09;2019-11-14;2019-11-21
502;58;11121;52788;609000;0;609000;2019-12-26;2020-01-06;2020-01-16
504;48;5182;27528;770000;0;770000;2020-01-07;2020-01-08;2020-01-13
512;1;10477;06493;2402000;0;2402000;2020-04-10;2020-04-15;2020-04-29
521;11;8762;39480;418000;0;418000;2019-05-29;2019-05-30;2019-06-04
522;52;5394;89561;1435000;215250;1219750;2019-12-10;2019-12-12;2019-12-13
537;39;1493;50150;7316000;0;7316000;2019-11-01;2019-11-06;2019-11-10
543;33;14962;30085;70000;0;70000;2019-10-09;2019-10-22;2019-10-24
557;46;4762;41061;5342000;0;5342000;2020-03-16;2020-03-23;2020-04-03
567;25;13859;32846;6645000;0;6645000;2020-01-12;2020-01-16;2020-01-30
574;68;6463;51918;266000;0;266000;2019-11-26;2019-12-05;2019-12-19
582;18;7182;43020;349000;0;349000;2019-09-29;2019-10-11;2019-10-20
586;50;16277;52472;420000;0;420000;2019-10-02;2019-10-14;2019-10-20
590;6;15737;24121;346000;0;346000;2019-12-15;2019-12-19;NA
598;15;8601;23151;3870000;0;3870000;2020-04-03;NA;NA
600;38;16676;59610;19342000;2507400;16834600;2020-01-29;2020-02-05;2020-02-11
625;3;16;76356;72000;0;72000;2019-12-08;2019-12-13;2019-12-18
638;48;15013;79511;792000;0;792000;2019-07-07;2019-07-20;2019-07-26
639;64;6789;61473;3342000;0;3342000;2020-05-28;2020-06-08;2020-06-14
659;37;17027;41351;1769000;0;1769000;2020-04-17;2020-04-30;2020-05-03
663;66;5909;54766;1258000;0;1258000;2019-10-25;2019-10-30;2019-11-08
664;58;6975;83183;205000;0;205000;2019-12-13;2019-12-25;2019-12-25
676;32;1395;56751;624000;0;624000;2020-02-02;2020-02-04;2020-02-15
690;52;4329;15229;68000;0;68000;2019-09-23;2019-10-02;2019-10-04
698;67;4564;62747;5664000;0;5664000;2020-04-06;2020-04-13;2020-04-13
704;52;9310;96996;869000;0;869000;2019-08-23;2019-08-26;NA
706;33;582;60829;1005000;0;1005000;2020-02-14;NA;NA
708;60;4791;81542;1620000;0;1620000;2019-12-20;2019-12-28;2020-01-06
712;68;9043;66282;2256000;0;2256000;2020-04-24;2020-04-30;2020-05-06
726;42;5771;19935;3008000;0;3008000;2019-12-29;2020-01-10;2020-01-18
730;28;14480;84309;324000;0;324000;2020-02-04;2020-02-05;2020-02-07
736;16;9508;29371;2233000;0;2233000;2020-05-16;2020-05-22;2020-05-23
742;28;5586;33697;2584000;0;2584000;2019-09-23;2019-09-29;2019-10-07
744;47;13763;44288;305000;0;305000;2019-10-11;2019-10-24;2019-10-27
758;66;6062;82046;2897000;0;2897000;2019-09-28;2019-10-12;2019-10-24
765;40;7466;04275;5620000;0;5620000;2020-04-07;2020-04-18;2020-04-25
766;7;11256;56139;30000;0;30000;2020-01-19;2020-02-02;2020-02-08
775;7;1596;44574;1040000;104000;936000;2020-03-10;2020-03-23;2020-03-27
779;46;13284;67138;2872000;0;2872000;2020-02-17;2020-02-26;NA
781;16;9029;41944;6758000;0;6758000;2020-05-22;2020-05-28;NA
782;28;3403;57381;1254000;0;1254000;2019-04-07;2019-04-15;2019-04-15
783;3;15100;62557;336000;0;336000;2020-01-13;2020-01-20;2020-01-24
809;35;13771;29768;5493000;495000;4998000;2020-02-02;2020-02-14;2020-02-18
810;24;10576;58616;764000;0;764000;2020-01-16;2020-01-28;2020-02-03
814;52;3319;40696;972000;0;972000;2019-12-17;2019-12-21;2020-01-01
815;15;17123;57902;2654000;0;2654000;2019-11-13;2019-11-14;NA
816;14;4189;07987;3806000;0;3806000;2020-05-23;2020-05-29;NA
821;65;13008;95382;315000;0;315000;2019-09-18;2019-09-30;2019-09-30
823;22;17524;80512;1804000;0;1804000;2019-05-05;2019-05-15;2019-05-27
827;33;10588;01422;2349000;0;2349000;2020-05-30;2020-05-31;2020-06-10
838;18;9635;01962;2848000;0;2848000;2019-06-27;2019-07-01;2019-07-01
844;35;2534;60544;2236000;0;2236000;2020-05-31;2020-06-04;2020-06-08
845;28;2559;87550;2244000;0;2244000;2019-09-13;2019-09-16;2019-09-30
846;55;14770;26205;1050000;79200;970800;2020-05-27;2020-06-09;2020-06-13
852;6;13959;95782;4040000;0;4040000;2020-03-29;2020-04-05;2020-04-05
857;68;9349;66894;1694000;0;1694000;2019-12-16;2019-12-30;2020-01-05
865;19;12563;74093;237000;0;237000;2019-12-11;2019-12-13;2019-12-20
874;61;10133;65467;1642000;0;1642000;2020-04-07;2020-04-11;2020-04-15
875;68;2799;75613;5762000;0;5762000;2020-05-29;2020-06-09;2020-06-17
876;10;3643;64928;2434000;0;2434000;2020-03-23;2020-03-29;2020-04-09
877;47;6055;77419;108000;0;108000;2019-08-21;2019-09-04;2019-09-12
895;10;11805;79487;11465000;0;11465000;2020-04-16;2020-04-17;2020-04-27
898;15;13222;14922;240000;0;240000;2019-12-12;2019-12-19;2019-12-19
899;43;9665;52801;229000;0;229000;2020-03-20;2020-03-29;2020-04-04
906;7;16873;68622;1192000;0;1192000;2020-03-19;2020-03-21;2020-03-24
911;31;13159;51719;2160000;0;2160000;2020-05-29;2020-06-06;2020-06-11
916;20;4006;91476;1992000;451000;1541000;2019-09-07;2019-09-20;2019-09-24
920;20;6153;61623;3492000;0;3492000;2019-11-04;2019-11-06;2019-11-20
923;62;14380;55193;1668000;0;1668000;2020-02-25;2020-03-03;2020-03-09
931;62;578;38966;1414000;0;1414000;2020-02-14;2020-02-15;2020-02-21
934;69;7898;73550;2390000;0;2390000;2020-01-10;2020-01-19;2020-01-22
939;20;4501;67106;240000;0;240000;2019-12-08;2019-12-17;NA
948;62;7741;24223;279000;0;279000;2019-11-05;2019-11-13;2019-11-15
968;10;16856;06045;176000;0;176000;2019-08-19;2019-09-01;2019-09-05
970;49;5697;63310;1378000;0;1378000;2019-07-14;2019-07-15;2019-07-19
972;32;5698;27984;1785000;0;1785000;2020-04-23;NA;NA
980;32;6708;08154;152000;0;152000;2019-04-30;2019-05-10;2019-05-11
992;68;13122;49496;152000;0;152000;2020-02-03;2020-02-11;2020-02-20
996;15;7162;91557;1258000;0;1258000;2019-11-02;NA;NA
1001;1;14352;63592;2370000;0;2370000;2019-07-04;2019-07-12;2019-07-19
1014;17;3102;43455;270000;0;270000;2020-04-30;NA;NA
1016;56;3609;19406;3494000;0;3494000;2020-05-24;2020-06-04;2020-06-05
1042;34;13669;15948;3292000;0;3292000;2020-04-11;2020-04-12;2020-04-13
1044;59;10085;10266;651000;0;651000;2020-04-28;2020-05-05;2020-05-10
1046;27;12328;94672;4785000;0;4785000;2020-05-27;2020-06-06;2020-06-15
1048;69;1995;02761;192000;0;192000;2019-10-17;NA;NA
1064;15;5949;87545;286000;0;286000;2019-03-21;2019-03-29;2019-03-31
1065;35;8649;60739;2547000;0;2547000;2020-05-23;2020-05-26;2020-06-01
1075;6;4510;68488;195000;0;195000;2019-09-13;2019-09-15;2019-09-17
1087;18;17442;27970;86000;0;86000;2019-08-07;2019-08-14;2019-08-17
1090;18;9018;85908;1620000;0;1620000;2019-12-23;2019-12-29;2020-01-02
1103;7;6333;99072;1170000;0;1170000;2019-11-09;2019-11-19;2019-12-03
1117;37;4877;26968;833000;0;833000;2019-10-15;2019-10-18;2019-10-20
1134;32;3099;98568;805000;0;805000;2019-11-19;2019-11-30;2019-12-02
1135;43;14164;76289;648000;0;648000;2019-04-08;2019-04-22;2019-05-04
1138;29;13380;28810;1287000;0;1287000;2020-03-25;NA;NA
1153;63;8123;26572;4602000;95200;4506800;2020-05-17;2020-05-20;2020-05-27
1157;34;2180;42641;2062000;292500;1769500;2020-05-23;2020-05-24;2020-06-07
1166;31;14948;20798;2954000;0;2954000;2019-10-26;2019-11-09;2019-11-21
1174;64;8379;74807;142000;0;142000;2019-12-18;2019-12-26;2019-12-31
1175;2;13703;81476;462000;0;462000;2019-09-05;2019-09-11;2019-09-13
1177;53;11186;27653;776000;58800;717200;2020-01-16;2020-01-26;2020-02-05
1187;63;5385;40688;1356000;0;1356000;2020-02-18;2020-02-19;2020-02-21
1204;39;6827;14227;476000;0;476000;2020-03-05;2020-03-13;2020-03-22
1205;33;8817;54834;5699000;0;5699000;2020-02-29;2020-03-06;2020-03-08
1213;42;16042;77494;1248000;0;1248000;2020-05-27;2020-06-02;2020-06-05
1219;25;14851;93819;711000;0;711000;2019-11-02;2019-11-15;2019-11-19
1220;21;9969;34859;372000;0;372000;2019-12-31;2020-01-07;2020-01-09
1224;54;17522;23693;450000;0;450000;2019-06-07;2019-06-16;2019-06-24
1230;34;8126;19091;1197000;0;1197000;2020-01-07;2020-01-09;NA
1239;21;13503;10017;447000;0;447000;2019-12-18;2019-12-23;2019-12-23
1240;4;6645;75922;1307000;0;1307000;2019-12-16;2019-12-21;2019-12-25
1263;40;14802;54072;336000;0;336000;2019-08-02;2019-08-10;2019-08-21
1272;3;17425;11604;1743000;91800;1651200;2020-03-12;2020-03-21;2020-03-25
1276;12;11546;88206;242000;0;242000;2019-11-25;2019-12-07;2019-12-09
1277;44;10824;83489;1224000;0;1224000;2020-02-10;2020-02-13;2020-02-23
1299;16;2214;02416;616000;0;616000;2019-11-28;2019-12-02;NA
1300;9;14131;74312;3985000;360000;3625000;2020-05-18;2020-05-29;2020-06-01
1301;51;8142;65217;960000;0;960000;2019-02-21;2019-03-06;2019-03-12
1306;38;12487;98623;74000;0;74000;2020-03-20;2020-03-29;2020-04-02
1308;56;4167;33716;1225000;0;1225000;2020-05-18;2020-05-29;2020-06-09
1311;49;14917;86136;2044000;0;2044000;2020-05-01;2020-05-05;2020-05-19
1313;44;12809;46677;690000;36000;654000;2019-11-11;2019-11-22;2019-11-25
1326;41;14914;52040;1008000;0;1008000;2019-08-22;NA;NA
1333;5;17370;91148;1608000;0;1608000;2019-11-10;2019-11-13;2019-11-20
1343;48;2443;83287;892000;74400;817600;2019-11-10;2019-11-17;2019-11-26
1347;1;12351;37726;264000;0;264000;2019-04-16;2019-04-23;2019-04-26
1349;25;3219;61469;978000;0;978000;2020-04-04;2020-04-07;2020-04-17
1352;36;15202;57185;646000;0;646000;2019-12-21;2019-12-28;2020-01-06
1353;20;17766;32883;460000;0;460000;2019-10-15;2019-10-23;2019-10-31
1355;10;16025;37410;3800000;380000;3420000;2019-11-24;2019-11-28;2019-11-30
1356;68;8492;95585;1178000;0;1178000;2020-05-03;2020-05-06;2020-05-17
1358;1;11443;25865;5396000;0;5396000;2020-05-26;2020-06-08;2020-06-11
1371;11;10052;70607;360000;0;360000;2020-04-05;2020-04-13;2020-04-17
1376;41;9678;29030;88000;0;88000;2019-02-01;2019-02-03;2019-02-07
1384;26;4534;55560;1058000;0;1058000;2020-05-27;2020-06-04;2020-06-13
1392;16;14862;60563;6065000;0;6065000;2020-05-27;2020-05-30;2020-06-11
1394;33;12196;22058;1379000;74800;1304200;2020-01-05;2020-01-17;2020-01-29
1401;67;15406;51235;3425000;0;3425000;2019-08-03;2019-08-12;2019-08-12
1402;60;4637;11516;1872000;0;1872000;2019-10-25;2019-11-05;2019-11-17
1417;54;5519;75946;1352000;0;1352000;2019-12-27;2020-01-01;2020-01-13
1426;64;2371;93605;1248000;0;1248000;2019-03-05;2019-03-14;2019-03-21
1429;25;6405;36801;21000;0;21000;2019-07-30;2019-07-31;2019-08-08
1431;56;6307;28576;228000;0;228000;2020-01-08;2020-01-14;2020-01-28
1441;34;10409;79016;803000;0;803000;2020-05-17;2020-05-20;2020-05-21
1454;17;7173;30804;650000;0;650000;2020-04-08;2020-04-19;2020-04-25
1458;17;6729;99674;115000;0;115000;2019-08-26;2019-09-08;2019-09-09
1463;32;14268;44785;963000;0;963000;2020-03-10;2020-03-15;2020-03-16
1466;12;3657;06808;1350000;0;1350000;2020-05-28;2020-06-10;2020-06-17
1467;37;12899;84006;780000;0;780000;2019-06-10;2019-06-18;2019-06-20
1472;51;7897;01176;2895000;15600;2879400;2020-05-20;2020-05-29;2020-06-05
1483;56;12114;85020;78000;0;78000;2019-06-07;2019-06-19;2019-06-21
1491;18;3366;66079;1021000;0;1021000;2019-12-19;2019-12-29;2020-01-01
1492;31;9709;54072;11138000;126000;11012000;2020-05-10;2020-05-11;2020-05-17
1493;49;12381;97899;90000;0;90000;2019-10-25;2019-11-07;2019-11-15
1499;13;12619;00106;370000;0;370000;2019-09-11;2019-09-17;2019-09-28
1505;8;16336;61007;186000;0;186000;2019-10-20;2019-10-27;2019-11-04
1507;18;16252;31387;3353000;0;3353000;2019-12-06;2019-12-18;2019-12-20
1508;66;1149;44863;1165000;0;1165000;2020-04-02;2020-04-06;2020-04-17
1522;61;9136;77354;412000;0;412000;2019-12-21;2019-12-23;2020-01-02
1532;68;10634;89207;858000;0;858000;2019-09-29;2019-10-08;2019-10-22
1537;2;3554;05564;12000;0;12000;2019-11-20;NA;NA
1543;52;8474;37487;4680000;0;4680000;2019-07-03;2019-07-07;NA
1558;50;15772;43318;1184000;0;1184000;2019-04-16;2019-04-27;2019-05-08
1566;48;8026;62606;120000;0;120000;2019-05-26;2019-06-02;2019-06-11
1573;55;7027;17562;471000;0;471000;2019-11-27;2019-12-02;NA
1591;9;14945;30479;260000;39000;221000;2019-07-08;2019-07-13;2019-07-16
1595;41;505;32284;1326000;0;1326000;2019-11-30;2019-12-06;2019-12-09
1597;36;14818;37187;380000;0;380000;2020-03-26;2020-03-29;2020-03-29
1603;6;6239;58250;5170000;0;5170000;2019-07-29;2019-08-10;2019-08-19
1608;7;11803;31452;4849000;0;4849000;2020-05-30;2020-05-31;2020-06-07
1617;26;3439;96996;3006000;0;3006000;2020-05-29;NA;NA
1618;45;5618;51467;418000;0;418000;2020-01-09;2020-01-20;2020-01-30
1619;18;17564;57638;1023000;0;1023000;2020-04-24;2020-05-01;2020-05-10
1622;3;10109;13531;374000;0;374000;2019-12-23;2020-01-02;2020-01-07
1625;30;6422;71364;572000;0;572000;2019-11-17;2019-11-28;2019-12-03
1629;11;1430;04462;444000;0;444000;2020-04-28;2020-05-09;2020-05-23
1633;59;12210;24755;1140000;0;1140000;2020-04-24;2020-04-28;2020-05-05
1643;53;13277;29737;2520000;0;2520000;2019-07-16;2019-07-22;2019-07-30
1649;47;4324;44264;120000;0;120000;2019-12-14;2019-12-24;NA
1652;33;7862;14668;986000;0;986000;2019-01-31;2019-02-09;2019-02-10
1654;9;9794;83914;731000;0;731000;2020-05-06;2020-05-16;2020-05-27
1655;20;6022;45098;3082000;0;3082000;2019-12-08;2019-12-10;2019-12-16
1659;21;7242;54540;5615000;19800;5595200;2020-04-16;2020-04-21;2020-04-28
1675;42;4432;79679;2054000;0;2054000;2019-09-02;2019-09-10;2019-09-12
1686;11;2146;63890;247000;0;247000;2019-09-04;2019-09-16;2019-09-26
1702;66;7909;86244;3260000;465000;2795000;2019-11-24;2019-12-02;2019-12-03
1707;15;15075;17019;2059000;283650;1775350;2020-02-21;2020-03-06;NA
1713;1;5129;38933;4875000;0;4875000;2019-11-27;2019-12-03;2019-12-04
1716;63;6584;65573;1557000;224400;1332600;2020-05-03;2020-05-14;2020-05-14
1727;65;9350;39680;442000;0;442000;2019-12-26;2020-01-09;2020-01-11
1729;44;2330;89224;2079000;0;2079000;2019-05-13;2019-05-18;2019-06-01
1741;29;1403;77482;1000000;0;1000000;2020-02-02;2020-02-15;NA
1745;17;1589;85452;252000;0;252000;2019-11-14;2019-11-16;2019-11-21
1751;60;5441;56998;192000;0;192000;2019-12-03;2019-12-12;2019-12-12
1755;9;12934;77054;4482000;0;4482000;2020-03-22;2020-04-04;2020-04-09
1757;22;17033;66698;6032000;0;6032000;2019-11-24;2019-11-27;2019-12-09
1761;62;12260;93590;252000;0;252000;2019-06-07;2019-06-19;2019-06-26
1785;65;12097;51651;2470000;0;2470000;2020-03-16;2020-03-21;2020-03-29
1789;21;4008;21711;133000;0;133000;2020-05-24;2020-06-06;2020-06-12
1790;32;16281;87681;9024000;0;9024000;2020-01-22;2020-01-29;2020-02-04
1791;16;11158;84487;1100000;275000;825000;2019-12-12;2019-12-19;2020-01-02
1798;18;17147;28687;1100000;0;1100000;2020-02-09;2020-02-10;2020-02-18
1802;47;14411;33318;7824000;0;7824000;2020-02-29;2020-03-04;2020-03-05
1805;62;5972;65761;328000;0;328000;2019-07-20;2019-07-22;2019-07-23
1807;48;15043;57302;490000;0;490000;2019-12-02;2019-12-06;2019-12-06
1814;61;11152;77237;2753000;0;2753000;2020-03-29;2020-04-02;2020-04-04
1817;69;11771;18948;832000;0;832000;2019-10-01;2019-10-12;2019-10-14
1832;41;9851;27785;156000;0;156000;2020-02-28;2020-03-08;2020-03-17
1836;35;13184;62502;1152000;0;1152000;2019-12-04;2019-12-11;2019-12-20
1838;58;10663;57456;310000;0;310000;2019-10-12;2019-10-26;2019-11-07
1840;50;924;58779;9715000;118250;9596750;2019-12-28;2020-01-09;NA
1845;47;16232;31209;924000;0;924000;2020-03-30;2020-04-02;2020-04-08
1884;64;15527;75917;380000;0;380000;2019-04-21;2019-05-02;NA
1892;2;13487;99412;4368000;0;4368000;2019-11-27;2019-12-01;2019-12-01
1916;53;729;82784;1836000;0;1836000;2019-08-14;2019-08-18;2019-08-25
1942;28;6765;87529;65000;6500;58500;2019-12-27;NA;NA
1944;12;1557;26203;950000;0;950000;2020-03-18;2020-03-19;2020-04-02
1950;69;11507;11989;1389000;0;1389000;2020-02-11;2020-02-16;2020-02-24
1951;65;2318;45334;1417000;185000;1232000;2020-04-01;NA;NA
1954;49;15996;82783;225000;0;225000;2019-11-09;2019-11-18;2019-11-30
1955;13;16533;04724;3060000;0;3060000;2019-10-31;2019-11-02;2019-11-13
1961;25;13164;72644;136000;0;136000;2019-12-11;2019-12-19;2019-12-21
1965;28;8718;11727;1036000;0;1036000;2019-12-01;2019-12-02;2019-12-02
1966;53;11399;62321;378000;0;378000;2020-01-16;2020-01-25;2020-01-30
1970;28;4793;70186;2584000;0;2584000;2020-03-26;2020-03-29;2020-04-06
1975;13;17039;68246;104000;0;104000;2019-11-11;2019-11-23;2019-11-23
1983;39;11701;28899;3624000;0;3624000;2019-09-05;2019-09-18;2019-09-26
1992;32;14029;28992;2658000;0;2658000;2020-02-14;2020-02-25;2020-03-03
1994;17;3628;99580;722000;0;722000;2019-09-05;2019-09-09;2019-09-19
1995;8;6930;72695;598000;0;598000;2019-10-12;2019-10-22;2019-10-28
1998;60;2780;59106;119000;0;119000;2020-01-10;2020-01-19;2020-01-22
2006;15;9875;95636;444000;0;444000;2020-01-30;2020-02-10;2020-02-18
2013;24;12162;54944;4901000;0;4901000;2019-10-25;2019-11-08;2019-11-17
2018;64;9349;31670;1558000;0;1558000;2019-11-19;2019-11-20;2019-11-29
2039;50;6949;78708;4734000;0;4734000;2020-04-13;NA;NA
2041;48;14840;10256;72000;0;72000;2020-01-03;2020-01-06;NA
2048;26;17413;66880;4507000;0;4507000;2019-10-16;NA;NA
2051;2;5083;06586;3426000;0;3426000;2020-03-28;2020-04-02;2020-04-07
2053;59;16359;79515;5864000;0;5864000;2019-10-17;2019-10-28;2019-10-30
2060;26;14565;75694;942000;0;942000;2019-12-06;2019-12-11;2019-12-20
2064;8;877;94472;4484000;0;4484000;2020-02-10;2020-02-22;2020-03-05
2078;66;16824;13422;315000;0;315000;2019-06-16;2019-06-21;2019-06-26
2088;9;4414;90337;10890000;0;10890000;2020-04-29;2020-05-03;2020-05-04
2102;63;4800;86646;648000;0;648000;2019-03-30;2019-04-09;2019-04-19
2103;33;15421;90354;1488000;0;1488000;2019-07-19;2019-07-20;2019-08-01
2109;50;6424;74798;5032000;1006400;4025600;2019-09-05;2019-09-15;2019-09-15
2112;15;17569;17628;2818000;0;2818000;2019-11-12;2019-11-16;2019-11-26
2126;33;13838;02500;2738000;0;2738000;2020-05-23;2020-05-30;NA
2130;59;7488;89202;5600000;0;5600000;2019-08-24;2019-09-05;NA
2135;2;3630;97418;522000;0;522000;2020-03-07;2020-03-18;2020-03-28
2142;39;9162;45104;2448000;36000;2412000;2019-12-03;2019-12-12;2019-12-14
2148;12;5667;51206;4860000;0;4860000;2020-04-08;2020-04-18;2020-04-25
2149;44;6365;57381;6468000;0;6468000;2019-12-19;2019-12-25;2019-12-30
2152;34;3241;56469;4127000;0;4127000;2020-04-04;2020-04-09;2020-04-20
2162;2;6780;97297;805000;0;805000;2020-01-16;2020-01-21;2020-02-02
2163;14;17332;56740;69000;0;69000;2019-05-29;2019-06-04;2019-06-09
2170;44;4454;72074;1522000;0;1522000;2020-05-24;2020-06-03;2020-06-17
2180;56;5250;75534;1824000;273600;1550400;2020-04-21;NA;NA
2184;47;15963;53891;540000;0;540000;2019-12-25;2020-01-07;2020-01-08
2194;16;4515;45481;388000;0;388000;2019-11-03;2019-11-17;2019-12-01
2195;1;5532;30042;3656000;0;3656000;2020-03-08;2020-03-22;2020-03-27
2198;66;1957;45292;1044000;0;1044000;2020-05-31;2020-06-08;2020-06-17
2201;54;9568;05857;1418000;0;1418000;2020-03-21;NA;NA
2207;69;5147;65569;805000;0;805000;2019-12-18;2019-12-22;2019-12-25
2212;23;12295;47436;924000;138600;785400;2019-11-04;NA;NA
2215;40;2529;80027;16174000;0;16174000;2020-05-24;2020-06-06;2020-06-12
2224;4;4039;85686;647000;0;647000;2020-05-19;2020-05-26;2020-06-06
2228;47;3019;83150;1066000;0;1066000;2019-08-11;2019-08-16;2019-08-30
2239;35;13674;81137;240000;0;240000;2020-05-11;2020-05-18;2020-05-28
2244;57;17823;04903;646000;7200;638800;2020-04-13;2020-04-18;2020-05-02
2249;23;12950;05577;6704000;117000;6587000;2020-05-23;2020-06-02;2020-06-12
2250;27;8835;52861;4004000;0;4004000;2020-05-31;NA;NA
2251;61;15180;17505;5049000;0;5049000;2019-12-22;2019-12-25;2019-12-30
2254;37;2415;71291;1615000;0;1615000;2019-12-27;2020-01-07;2020-01-10
2272;4;6662;81003;4182000;0;4182000;2020-05-10;2020-05-16;2020-05-16
2276;56;10199;24097;3531000;0;3531000;2019-08-26;2019-09-01;NA
2278;18;10258;33901;3752000;0;3752000;2020-05-25;2020-05-30;2020-06-08
2284;68;12750;06189;368000;0;368000;2019-12-22;2019-12-23;2019-12-27
2287;29;5927;10369;615000;0;615000;2019-10-06;2019-10-13;2019-10-14
2288;39;10828;46811;1064000;0;1064000;2019-09-12;2019-09-20;2019-10-01
2291;49;5071;52696;425000;0;425000;2019-10-21;2019-11-04;2019-11-04
2298;14;10504;48603;3244000;0;3244000;2020-05-28;2020-06-05;2020-06-06
2307;33;320;68347;55000;0;55000;2019-12-06;2019-12-14;NA
2316;3;12758;27970;594000;0;594000;2020-01-28;2020-02-07;2020-02-12
2319;22;9841;21081;435000;0;435000;2019-05-31;2019-06-01;2019-06-01
2321;64;17296;85118;14329000;0;14329000;2020-05-11;2020-05-25;2020-05-31
2329;10;3707;33362;4342000;0;4342000;2019-11-22;2019-11-29;2019-12-09
2330;61;14891;16839;7159000;0;7159000;2020-05-30;2020-06-01;2020-06-09
2333;6;12905;17393;348000;43200;304800;2020-02-09;2020-02-13;2020-02-15
2334;6;10719;88596;972000;0;972000;2019-11-29;2019-12-01;2019-12-06
2338;24;7106;38140;16000;0;16000;2019-12-13;2019-12-24;2020-01-07
2342;12;15742;52463;1158000;0;1158000;2019-10-04;2019-10-06;2019-10-10
2344;12;11399;06460;436000;0;436000;2020-04-22;2020-05-04;2020-05-04
2355;33;12823;79295;320000;0;320000;2020-05-28;2020-06-05;2020-06-13
2357;39;9057;77112;805000;0;805000;2020-03-29;2020-04-03;2020-04-13
2359;54;6609;93860;1530000;0;1530000;2019-06-30;2019-07-11;NA
2360;9;7340;60256;1396000;0;1396000;2020-04-23;2020-04-25;2020-04-27
2368;57;3671;47485;1682000;0;1682000;2019-10-10;2019-10-23;2019-10-31
2369;48;11771;77457;831000;0;831000;2019-12-29;2020-01-06;2020-01-12
2376;13;6776;81844;1140000;0;1140000;2019-09-23;2019-10-06;2019-10-10
2379;20;2854;75555;540000;0;540000;2020-05-20;2020-05-27;2020-05-29
2382;42;4181;45334;812000;0;812000;2019-06-26;2019-06-29;2019-06-30
2384;54;7369;26541;1012000;0;1012000;2019-12-12;NA;NA
2394;58;3175;30897;974000;32400;941600;2020-05-02;2020-05-09;2020-05-16
2423;42;2306;68505;2026000;0;2026000;2019-07-21;2019-07-23;2019-08-03
2438;7;11672;60928;5564000;92400;5471600;2020-05-27;2020-05-28;NA
2442;28;7751;55969;2800000;0;2800000;2020-05-18;2020-05-20;2020-05-20
2444;34;3361;76558;572000;0;572000;2019-12-26;2019-12-30;2019-12-30
2447;54;1814;29956;252000;0;252000;2019-05-18;2019-05-29;2019-06-09
2452;67;3042;86975;140000;0;140000;2019-04-10;2019-04-12;2019-04-17
2457;31;6456;81443;1806000;0;1806000;2019-11-09;2019-11-22;2019-11-29
2474;17;3821;55129;2820000;0;2820000;2019-09-05;2019-09-16;2019-09-28
2478;60;2162;63456;840000;0;840000;2019-10-30;2019-11-04;2019-11-14
2479;51;10036;82359;175000;0;175000;2019-12-19;2019-12-31;2020-01-07
2480;45;6459;29485;126000;0;126000;2019-10-16;2019-10-30;2019-11-01
2490;52;8271;82047;4098000;0;4098000;2020-05-30;2020-06-09;NA
2496;44;12211;68162;462000;0;462000;2019-11-06;2019-11-09;2019-11-09
2497;22;727;02968;266000;0;266000;2019-12-07;2019-12-20;2020-01-03
2503;20;14085;85905;1876000;0;1876000;2019-12-20;2020-01-01;2020-01-05
2505;39;6098;51986;703000;0;703000;2020-04-13;2020-04-24;2020-04-24
2507;21;1400;50425;3780000;0;3780000;2019-07-02;2019-07-03;2019-07-08
2510;7;2131;89477;5550000;0;5550000;2019-05-25;2019-05-30;2019-06-01
2520;49;15955;17549;1898000;0;1898000;2020-03-27;NA;NA
2537;5;17039;30340;77000;0;77000;2019-10-08;2019-10-18;2019-10-26
2543;69;11316;56190;5200000;0;5200000;2020-01-09;2020-01-21;2020-01-26
2545;33;13106;44273;11850000;21600;11828400;2020-01-06;2020-01-10;NA
2556;6;7527;78954;272000;0;272000;2020-05-21;2020-05-23;2020-06-03
2561;16;16216;82790;3375000;0;3375000;2019-11-06;2019-11-20;2019-11-22
2568;41;10884;84808;4259000;0;4259000;2019-10-18;2019-10-28;2019-10-29
2577;31;17532;44009;247000;0;247000;2019-08-31;2019-09-02;2019-09-07
2584;27;4698;92141;404000;9900;394100;2020-04-18;2020-04-20;2020-04-27
2586;42;5089;83828;1214000;94500;1119500;2020-05-24;2020-06-01;2020-06-15
2600;40;6317;47858;9149000;70200;9078800;2020-04-30;2020-05-13;2020-05-15
2609;17;4351;72467;322000;0;322000;2019-05-19;NA;NA
2612;46;11340;86189;662000;56100;605900;2020-01-15;2020-01-17;2020-01-28
2626;8;8711;69136;648000;0;648000;2020-01-18;2020-01-22;2020-01-31
2644;33;16795;53619;273000;0;273000;2020-04-13;2020-04-17;2020-04-28
2645;30;15534;56216;963000;0;963000;2020-05-06;2020-05-11;2020-05-11
2670;50;9641;87032;170000;0;170000;2019-08-27;2019-09-07;2019-09-08
2675;61;14983;96439;294000;58800;235200;2019-07-16;2019-07-23;NA
2692;37;14869;95843;152000;0;152000;2019-08-16;2019-08-28;2019-08-29
2695;27;2339;27119;536000;0;536000;2019-12-21;2019-12-28;2019-12-28
2716;54;4167;33716;2892000;0;2892000;2020-04-29;2020-05-01;2020-05-08
2723;60;10450;08456;3644000;0;3644000;2019-10-27;2019-11-09;2019-11-18
2726;67;10678;43535;1344000;0;1344000;2020-01-15;2020-01-23;2020-01-25
2732;65;6355;73578;374000;0;374000;2019-12-13;2019-12-22;2019-12-31
2742;68;585;77523;510000;0;510000;2019-07-09;2019-07-19;2019-07-20
2743;21;10830;31686;5280000;0;5280000;2019-11-30;2019-12-08;2019-12-15
2748;53;2669;78907;152000;0;152000;2019-03-31;2019-04-14;2019-04-22
2755;40;6061;31561;409000;0;409000;2019-07-11;2019-07-23;2019-07-29
2757;56;7764;39281;1734000;0;1734000;2019-10-15;2019-10-27;2019-11-03
2766;29;2867;53079;3609000;0;3609000;2019-11-22;2019-12-05;2019-12-13
2768;29;2032;61063;2652000;0;2652000;2019-09-23;2019-10-03;2019-10-09
2783;62;9429;25643;144000;0;144000;2019-11-12;NA;NA
2785;51;12306;36667;2300000;0;2300000;2020-02-01;2020-02-09;2020-02-18
2811;50;12699;37081;1230000;85200;1144800;2020-05-28;NA;NA
2824;55;7715;94846;6448000;0;6448000;2019-10-07;2019-10-15;2019-10-18
2828;10;5956;83025;1162000;0;1162000;2020-02-18;2020-02-19;2020-02-21
2829;30;9769;58366;600000;0;600000;2020-02-17;2020-02-19;NA
2830;18;2683;47436;3982000;0;3982000;2020-05-21;2020-06-01;2020-06-10
2834;37;2815;85509;1080000;0;1080000;2019-11-14;2019-11-21;2019-11-30
2843;13;8108;79244;3162000;0;3162000;2020-05-23;2020-06-06;2020-06-09
2847;28;2075;72323;2062000;0;2062000;2019-11-08;2019-11-17;2019-11-19
2863;19;1388;83750;3692000;0;3692000;2019-10-12;2019-10-21;2019-11-04
2865;36;3070;85684;328000;0;328000;2020-02-04;2020-02-09;NA
2870;61;1055;36949;942000;181200;760800;2020-05-25;2020-05-28;2020-06-06
2880;69;13138;78916;423000;0;423000;2019-12-12;2019-12-22;2019-12-24
2911;60;4654;55537;565000;0;565000;2020-05-16;2020-05-26;2020-05-31
2916;22;4349;74474;174000;0;174000;2019-10-25;2019-11-05;2019-11-19
2929;10;14532;96211;4410000;0;4410000;2020-03-25;2020-04-07;2020-04-11
2966;52;6392;40197;6004000;246000;5758000;2020-03-17;2020-03-27;2020-04-03
2967;30;8172;02300;5992000;0;5992000;2020-04-17;2020-04-20;2020-04-25
2984;57;2611;44032;323000;32300;290700;2019-10-17;2019-10-31;2019-11-02
2987;30;10274;35879;585000;0;585000;2020-05-15;2020-05-18;2020-05-27
2997;54;17078;78519;648000;0;648000;2019-12-20;2019-12-23;2019-12-28
3000;16;7985;78595;896000;0;896000;2020-03-22;2020-04-03;2020-04-05
3013;16;3938;11527;2345000;0;2345000;2019-11-23;2019-12-05;2019-12-19
3016;21;8643;67085;4925000;0;4925000;2019-11-27;2019-12-10;2019-12-16
3021;26;4945;71229;820000;0;820000;2020-01-01;2020-01-05;2020-01-14
3024;9;8083;23388;1779000;0;1779000;2020-05-30;2020-06-08;2020-06-15
3028;61;11725;33216;1875000;0;1875000;2020-05-22;2020-05-31;2020-06-12
3044;34;10333;78340;150000;0;150000;2019-04-11;2019-04-17;2019-04-18
3062;54;7572;43483;8130000;0;8130000;2020-05-22;2020-05-24;2020-05-26
3066;37;5743;74384;7072000;0;7072000;2020-02-18;2020-03-03;NA
3070;27;11561;20864;3887000;0;3887000;2020-01-27;2020-02-07;2020-02-19
3071;6;16480;79979;351000;0;351000;2019-09-30;2019-10-07;2019-10-09
3080;23;16565;96804;114000;0;114000;2019-05-24;2019-06-02;2019-06-04
3094;17;7530;92513;1320000;0;1320000;2019-09-11;2019-09-22;2019-09-28
3096;63;11538;45287;4000000;0;4000000;2019-12-22;2020-01-01;2020-01-01
3097;44;13301;83206;312000;0;312000;2019-12-24;2020-01-06;2020-01-12
3099;8;1410;17583;3588000;0;3588000;2020-02-28;2020-03-06;2020-03-16
3106;10;5575;19586;1160000;0;1160000;2020-02-16;2020-02-27;2020-03-10
3129;11;9837;05147;2612000;0;2612000;2019-07-20;2019-07-22;2019-07-27
3139;37;6664;08452;2740000;0;2740000;2019-11-30;2019-12-02;2019-12-03
3152;40;15972;07653;667000;0;667000;2019-10-29;2019-11-08;2019-11-11
3155;40;7384;74706;4024000;0;4024000;2019-12-15;2019-12-29;2020-01-05
3159;55;8365;94501;4880000;0;4880000;2020-01-01;2020-01-12;2020-01-14
3160;29;12835;83483;320000;0;320000;2020-04-02;2020-04-04;2020-04-12
3168;55;16165;32931;318000;57750;260250;2019-09-06;2019-09-17;2019-10-01
3183;64;13649;85019;3702000;0;3702000;2020-03-24;2020-04-06;NA
3189;24;17306;45387;468000;0;468000;2019-05-25;2019-06-02;2019-06-09
3192;11;7979;77445;11170000;0;11170000;2019-12-27;2020-01-10;2020-01-13
3203;65;17738;76321;186000;0;186000;2019-11-15;2019-11-26;2019-12-04
3208;29;14303;84379;210000;0;210000;2020-01-29;2020-02-08;NA
3209;68;16969;03371;5280000;0;5280000;2019-10-12;2019-10-15;NA
3211;34;6148;58309;9382000;0;9382000;2019-12-18;2019-12-20;2019-12-22
3216;3;17650;98058;2024000;0;2024000;2019-12-01;2019-12-03;2019-12-04
3217;38;751;10699;106000;0;106000;2019-06-22;NA;NA
3218;52;6292;02761;475000;0;475000;2019-11-13;2019-11-23;2019-11-26
3220;5;8524;33028;2914000;0;2914000;2020-05-06;2020-05-11;2020-05-23
3222;26;1335;21069;824000;0;824000;2020-05-06;2020-05-14;2020-05-25
3236;35;6760;07845;319000;0;319000;2019-11-15;2019-11-23;2019-12-07
3246;28;4071;31514;336000;0;336000;2020-02-24;2020-03-09;NA
3247;26;15597;94206;239000;0;239000;2019-10-17;2019-10-30;2019-11-06
3251;56;17103;35878;894000;0;894000;2020-02-27;2020-03-04;2020-03-18
3265;13;5178;59419;5000000;0;5000000;2020-03-09;2020-03-19;2020-03-28
3277;53;16526;56085;168000;0;168000;2020-02-04;2020-02-17;2020-02-25
3284;48;1560;66726;7531000;0;7531000;2020-05-30;2020-06-09;2020-06-14
3295;22;15505;44479;1004000;0;1004000;2020-05-20;2020-05-23;2020-06-03
3297;49;10134;09416;4116000;0;4116000;2020-02-23;2020-02-26;2020-03-07
3304;68;14087;36001;5415000;196800;5218200;2019-09-29;2019-10-13;2019-10-20
3308;15;4330;82405;2850000;0;2850000;2019-11-13;2019-11-20;NA
3312;41;3067;26004;714000;0;714000;2019-07-01;2019-07-02;2019-07-11
3318;60;13792;04044;2915000;0;2915000;2020-01-12;NA;NA
3325;11;7465;66550;318000;0;318000;2019-10-23;2019-11-03;2019-11-06
3327;58;6370;79973;765000;0;765000;2020-01-26;2020-02-07;2020-02-15
3334;16;17366;51830;1436000;0;1436000;2019-05-14;2019-05-23;2019-06-02
3336;38;10016;37781;3388000;0;3388000;2020-01-11;NA;NA
3337;39;14825;31573;4083000;0;4083000;2019-09-07;2019-09-13;2019-09-19
3339;29;9006;23850;1006000;0;1006000;2020-05-26;2020-05-30;2020-06-10
3343;11;3921;76832;2670000;0;2670000;2020-04-09;2020-04-17;2020-04-24
3361;22;11166;02186;238000;0;238000;2019-07-03;2019-07-10;2019-07-10
3362;12;13205;48203;952000;0;952000;2019-09-04;2019-09-11;2019-09-25
3363;31;16320;22478;852000;0;852000;2019-12-24;2020-01-03;NA
3368;36;14769;49688;4680000;0;4680000;2019-11-14;2019-11-28;NA
3369;30;379;18582;9620000;0;9620000;2020-03-17;2020-03-19;2020-03-23
3370;38;8601;59106;176000;0;176000;2019-10-28;2019-11-08;2019-11-19
3375;67;15307;11741;4000;0;4000;2019-12-12;2019-12-25;2019-12-27
3380;14;9214;21755;3380000;0;3380000;2019-04-30;2019-05-12;2019-05-24
3384;53;8713;45098;840000;0;840000;2020-03-04;2020-03-12;2020-03-22
3387;1;1604;72132;1348000;0;1348000;2020-03-12;2020-03-16;2020-03-25
3391;44;4693;95539;3906000;0;3906000;2019-04-06;2019-04-17;2019-04-24
3392;12;16744;77668;5184000;0;5184000;2020-04-24;2020-05-05;2020-05-17
3396;37;1446;06031;68000;0;68000;2019-12-09;2019-12-23;2019-12-25
3408;8;564;39551;146000;0;146000;2019-11-24;2019-11-26;2019-12-10
3414;31;7681;03609;13458000;0;13458000;2019-10-13;2019-10-19;2019-10-19
3415;46;10945;37013;615000;0;615000;2020-04-22;2020-05-02;2020-05-16
3417;57;5336;97021;957000;0;957000;2019-09-30;2019-10-12;2019-10-17
3423;38;14763;82829;2830000;0;2830000;2019-09-29;2019-10-06;2019-10-06
3425;58;9594;32885;96000;0;96000;2019-11-06;2019-11-16;2019-11-24
3443;14;15827;31477;1270000;0;1270000;2019-11-21;2019-11-26;2019-12-07
3451;55;5830;74945;918000;0;918000;2019-11-29;2019-12-09;2019-12-12
3457;11;10440;51918;5964000;0;5964000;2019-12-18;2019-12-21;2020-01-01
3463;47;12380;58033;2982000;0;2982000;2020-02-17;2020-02-23;2020-02-23
3467;11;434;67100;4200000;840000;3360000;2019-12-22;2019-12-24;2019-12-31
3477;9;11853;88509;1036000;0;1036000;2020-05-04;2020-05-15;2020-05-18
3488;3;17613;34053;344000;0;344000;2020-01-19;2020-02-01;2020-02-02
3490;5;8398;20128;510000;0;510000;2020-05-15;2020-05-20;2020-05-30
3494;48;15768;38737;1380000;0;1380000;2019-12-12;2019-12-13;2019-12-25
3501;2;5617;38199;8492000;826000;7666000;2020-05-21;2020-05-25;2020-06-03
3505;42;16905;98011;208000;0;208000;2020-04-01;2020-04-13;2020-04-14
3509;4;5540;13025;11716000;0;11716000;2019-07-14;2019-07-22;2019-07-24
3524;27;8245;44659;346000;0;346000;2020-04-20;2020-04-24;NA
3531;49;16313;87351;42000;0;42000;2020-03-27;2020-04-05;NA
3551;13;11681;29194;1006000;0;1006000;2020-05-15;2020-05-24;2020-05-28
3552;22;5745;04798;42000;0;42000;2019-10-31;2019-11-11;2019-11-17
3554;54;3799;87591;17500000;0;17500000;2019-10-05;2019-10-10;2019-10-16
3559;62;14760;97649;6230000;0;6230000;2019-11-23;2019-12-04;2019-12-05
3566;18;4888;75827;724000;0;724000;2020-03-30;2020-04-12;2020-04-14
3570;47;11445;76300;10603000;30000;10573000;2020-05-15;2020-05-21;2020-05-28
3582;56;11594;67002;440000;0;440000;2019-05-07;2019-05-21;2019-06-04
3586;40;7836;39451;640000;0;640000;2019-07-20;2019-07-31;NA
3590;35;6765;34174;7630000;0;7630000;2020-05-14;2020-05-24;2020-05-24
3593;24;17872;46409;3077000;0;3077000;2020-03-24;2020-04-06;2020-04-18
3594;45;1461;03118;760000;0;760000;2019-06-01;2019-06-04;2019-06-09
3595;59;11624;50878;2278000;0;2278000;2020-04-25;2020-04-30;2020-05-10
3603;68;243;00759;32000;0;32000;2019-11-23;2019-12-05;2019-12-07
3611;53;7714;34524;194000;19200;174800;2020-02-16;2020-02-17;NA
3614;68;6408;05916;169000;0;169000;2020-02-05;2020-02-16;2020-02-20
3626;19;14172;73282;1760000;0;1760000;2020-02-02;2020-02-13;2020-02-18
3630;7;15277;17548;2232000;0;2232000;2020-03-05;2020-03-12;2020-03-15
3632;5;17517;36489;864000;0;864000;2020-01-21;2020-01-27;2020-02-05
3638;55;11254;78583;3854000;0;3854000;2020-02-11;2020-02-18;2020-02-19
3646;7;3295;28340;2581000;0;2581000;2019-10-10;NA;NA
3648;35;17651;60889;954000;0;954000;2020-05-27;2020-05-28;2020-06-04
3649;27;2795;95782;495000;0;495000;2019-06-26;2019-07-06;2019-07-18
3651;5;9144;12040;180000;0;180000;2019-11-22;2019-11-29;2019-12-13
3655;11;10899;47724;16000;0;16000;2019-09-17;2019-10-01;2019-10-05
3671;51;6690;62993;98000;0;98000;2019-09-26;2019-09-28;2019-10-07
3673;11;4984;28921;2709000;0;2709000;2019-08-01;2019-08-05;2019-08-06
3674;7;1242;23268;779000;0;779000;2020-01-30;2020-02-13;2020-02-15
3707;44;13999;37950;3400000;0;3400000;2019-10-07;2019-10-14;2019-10-22
3742;58;13385;97910;1562000;0;1562000;2020-03-31;2020-04-13;2020-04-18
3753;42;5003;00063;504000;0;504000;2019-11-09;2019-11-18;2019-11-20
3768;62;1067;59826;280000;0;280000;2020-01-14;2020-01-16;NA
3775;50;15909;72836;11590000;0;11590000;2019-05-20;NA;NA
3778;19;17083;54665;393000;0;393000;2020-02-14;2020-02-22;2020-02-22
3782;42;7448;42198;3884000;0;3884000;2020-05-22;2020-05-28;2020-06-07
3787;30;9735;43395;3990000;0;3990000;2019-11-19;2019-12-02;2019-12-16
3790;12;9710;84846;3057000;0;3057000;2020-02-10;NA;NA
3795;66;17378;00850;866000;0;866000;2020-03-09;2020-03-12;2020-03-15
3796;67;3351;19215;3536000;0;3536000;2020-02-12;2020-02-20;2020-02-23
3804;20;14964;71922;1218000;114000;1104000;2019-10-04;2019-10-17;2019-10-23
3807;61;13399;08917;128000;0;128000;2020-04-25;2020-05-07;2020-05-13
3809;6;2513;42807;1397000;0;1397000;2020-01-31;2020-02-06;2020-02-16
3810;54;15770;65399;5585000;0;5585000;2020-04-10;2020-04-22;2020-04-24
3817;20;7849;65451;318000;0;318000;2019-10-20;2019-10-26;2019-11-06
3823;64;8076;21671;198000;0;198000;2019-10-14;NA;NA
3828;32;5283;35743;1598000;0;1598000;2019-03-20;2019-03-24;2019-03-31
3829;10;4101;62527;3691000;0;3691000;2020-02-17;2020-03-02;2020-03-05
3849;47;7914;16593;923000;0;923000;2020-02-26;NA;NA
3850;7;15720;61011;4036000;0;3956000;2020-04-18;2020-04-24;2020-05-04
3851;8;5699;52921;384000;0;384000;2019-07-18;2019-07-24;2019-07-27
3854;62;8489;43159;2460000;0;2460000;2019-11-25;2019-12-02;2019-12-09
3857;62;11930;70234;9302000;1048800;8253200;2020-02-14;2020-02-17;2020-02-22
3858;38;6037;39166;204000;0;204000;2019-10-19;2019-10-20;2019-10-23
3872;22;572;20930;691000;0;691000;2020-05-26;2020-05-30;2020-06-08
3877;3;7943;34069;3724000;0;3724000;2019-08-16;2019-08-17;2019-08-26
3880;27;12634;03315;1718000;21000;1697000;2020-04-24;2020-04-28;2020-05-09
3884;43;16777;02890;3160000;360000;2800000;2020-04-23;2020-05-03;2020-05-06
3893;42;3894;41124;6517000;0;6517000;2020-01-02;2020-01-04;2020-01-08
3898;37;16875;60966;315000;0;315000;2019-05-01;2019-05-13;2019-05-23
3900;58;12602;26859;3043000;0;3043000;2020-03-30;2020-04-11;2020-04-25
3910;65;12465;73556;385000;0;385000;2020-02-26;2020-03-10;2020-03-10
3914;15;6264;22476;1061000;0;1061000;2020-05-20;2020-05-31;2020-05-31
3923;69;4096;31714;722000;0;722000;2020-03-21;2020-04-02;2020-04-09
3928;16;4986;04413;1080000;0;1080000;2020-03-26;2020-03-31;2020-04-07
3929;51;12641;75306;810000;0;810000;2020-03-19;NA;NA
3939;39;10866;30932;1425000;0;1425000;2019-11-23;NA;NA
3953;51;17440;42878;8400000;0;8400000;2019-11-27;2019-12-08;2019-12-17
3974;24;7607;22200;1272000;0;1272000;2020-03-10;NA;NA
3978;35;1120;50275;240000;0;240000;2019-09-19;2019-10-03;2019-10-15
3983;38;988;81761;699000;0;699000;2019-11-25;2019-11-26;2019-12-08
3990;66;253;84836;228000;0;228000;2019-12-17;2019-12-20;2019-12-21
3994;28;11909;84964;6528000;0;6528000;2019-12-11;2019-12-15;2019-12-17
4003;5;3679;54154;1096000;0;1096000;2019-09-29;2019-10-05;2019-10-14
4008;46;1675;55816;4312000;0;4312000;2020-05-13;2020-05-16;2020-05-17
4015;36;10002;59862;828000;0;828000;2019-11-04;2019-11-16;2019-11-24
4024;20;9760;53790;92000;0;92000;2020-03-13;2020-03-21;NA
4036;4;15350;49444;1335000;0;1335000;2019-11-15;2019-11-26;2019-11-30
4048;3;15114;01827;1392000;11400;1380600;2020-05-25;2020-06-04;2020-06-12
4078;2;10212;59025;32000;6400;25600;2019-12-01;2019-12-13;2019-12-27
4082;58;10332;38148;112000;0;112000;2019-04-05;2019-04-15;2019-04-15
4092;10;11086;78563;600000;0;600000;2019-10-10;2019-10-11;2019-10-19
4093;43;15132;11343;390000;0;390000;2019-10-12;2019-10-16;2019-10-27
4097;45;2114;91479;276000;0;276000;2020-05-05;2020-05-09;2020-05-11
4112;59;6139;28297;2452000;0;2452000;2019-08-24;2019-09-06;2019-09-08
4113;46;1549;40829;1320000;0;1320000;2019-10-08;2019-10-15;2019-10-15
4123;7;8653;76838;324000;0;324000;2019-10-05;2019-10-10;2019-10-20
4135;6;4285;02438;345000;37000;308000;2019-11-29;2019-12-08;2019-12-19
4136;40;13575;70257;3168000;0;3168000;2019-11-27;2019-12-07;2019-12-21
4148;64;17063;58315;205000;0;205000;2020-03-27;2020-04-09;2020-04-16
4150;52;7106;21721;1368000;0;1368000;2020-05-09;2020-05-16;2020-05-22
4154;37;5167;22974;1820000;0;1820000;2019-10-16;2019-10-28;2019-10-30
4163;41;12738;27204;5191000;0;5191000;2019-12-07;2019-12-19;2019-12-24
4172;8;2392;36154;163000;0;163000;2020-05-20;NA;NA
4202;49;11406;89273;552000;55200;496800;2019-09-24;2019-10-05;2019-10-13
4204;38;5058;25345;3554000;29250;3524750;2020-05-31;2020-06-14;2020-06-24
4211;35;7544;92464;5941000;0;5941000;2020-05-22;2020-05-27;2020-05-27
4226;65;13431;12766;32000;6400;25600;2020-02-22;2020-03-06;2020-03-16
4236;62;14533;65692;1760000;0;1760000;2019-12-20;2019-12-24;2020-01-01
4250;38;330;78428;1768000;0;1768000;2020-02-18;2020-02-26;2020-02-28
4258;35;10600;59598;600000;26400;573600;2019-12-20;2019-12-31;2020-01-11
4261;53;12841;43707;183000;0;183000;2020-02-09;NA;NA
4269;17;12273;24244;1077000;4200;1072800;2020-05-18;2020-05-29;2020-06-01
4283;28;10616;05108;2243000;0;2243000;2019-12-29;2020-01-03;2020-01-04
4291;46;5497;95762;935000;0;935000;2020-03-31;2020-04-03;NA
4304;1;9235;93565;710000;0;710000;2019-11-28;2019-12-05;2019-12-07
4327;8;10101;73693;532000;0;532000;2019-07-28;NA;NA
4328;2;15357;35550;713000;0;713000;2019-10-06;2019-10-09;2019-10-20
4333;55;616;81730;28000;0;28000;2019-05-28;2019-06-05;2019-06-11
4349;66;9292;95772;163000;0;163000;2020-03-11;2020-03-12;2020-03-23
4352;47;2427;37347;431000;0;431000;2019-08-30;2019-09-07;2019-09-13
4354;34;3061;82791;2870000;0;2870000;2020-05-06;2020-05-18;2020-05-18
4356;8;9247;45673;54000;0;54000;2019-06-13;2019-06-21;2019-06-25
4377;9;6973;07407;114000;11400;102600;2019-11-24;2019-12-05;2019-12-10
4381;18;8326;38073;152000;0;152000;2020-03-06;2020-03-10;2020-03-20
4385;59;988;89180;491000;0;491000;2020-05-31;2020-06-11;2020-06-22
4402;11;1010;25686;1495000;0;1495000;2019-11-29;2019-12-06;2019-12-13
4410;18;6836;41395;90000;0;90000;2019-09-08;2019-09-10;NA
4417;67;8414;89128;299000;0;299000;2019-12-22;NA;NA
4439;69;1252;76116;30000;0;30000;2020-05-30;2020-06-06;2020-06-13
4447;64;4081;06872;2220000;0;2220000;2019-10-30;2019-11-09;2019-11-18
4449;26;13934;80400;3995000;0;3995000;2020-05-12;2020-05-16;2020-05-21
4450;6;7025;98067;2318000;0;2318000;2020-04-01;2020-04-13;2020-04-16
4452;50;3746;95970;1298000;0;1298000;2019-10-13;2019-10-15;2019-10-24
4460;43;12542;19779;4131000;72200;4058800;2020-05-22;2020-06-04;2020-06-16
4465;16;2681;48603;650000;0;650000;2020-04-13;2020-04-16;2020-04-26
4466;7;3864;23994;3811000;253750;3557250;2020-04-11;2020-04-19;2020-04-21
4476;59;9870;81844;140000;0;140000;2019-08-05;2019-08-12;2019-08-12
4484;6;9783;25296;8304000;192000;8112000;2020-02-25;2020-02-27;2020-02-27
4489;31;10738;62870;11307000;0;11307000;2020-05-19;2020-05-27;2020-05-28
4494;68;15417;88981;585000;0;585000;2019-08-07;2019-08-17;NA
4499;68;3118;58169;594000;0;594000;2019-11-26;2019-12-07;2019-12-18
4501;36;3698;52000;380000;0;380000;2019-07-18;2019-07-26;2019-08-02
4520;15;14125;77590;3924000;0;3924000;2020-05-27;2020-05-31;2020-06-04
4526;51;16871;11301;1860000;70000;1790000;2020-03-30;2020-04-08;2020-04-08
4532;23;16488;16888;735000;33600;701400;2019-12-21;2019-12-29;2020-01-04
4550;61;17574;73305;120000;0;120000;2019-10-31;2019-11-10;2019-11-21
4562;44;9851;99420;3503000;430650;3072350;2019-12-09;2019-12-15;NA
4577;1;12297;37706;106000;0;106000;2020-01-16;2020-01-26;2020-01-29
4578;46;15861;82176;304000;0;304000;2019-01-27;2019-01-31;2019-02-04
4581;40;15750;46117;287000;0;287000;2019-12-06;2019-12-19;NA
4584;16;15450;87683;260000;0;260000;2019-11-28;2019-12-11;NA
4586;20;345;07018;1744000;0;1744000;2019-11-11;2019-11-12;2019-11-26
4597;59;6904;60294;3500000;0;3500000;2019-06-02;2019-06-10;2019-06-10
4598;54;5195;09838;1668000;0;1668000;2019-11-30;2019-12-09;2019-12-09
4604;5;9115;98373;4575000;0;4575000;2019-12-18;2019-12-20;2019-12-27
4618;4;1234;96483;828000;0;828000;2020-04-10;2020-04-14;2020-04-24
4620;65;11157;58842;1335000;0;1335000;2020-05-05;2020-05-18;2020-05-22
4656;33;8521;49662;728000;0;728000;2019-09-02;2019-09-04;2019-09-12
4658;40;1898;85489;152000;0;152000;2020-04-27;2020-04-30;2020-05-05
4666;63;11065;34890;790000;0;790000;2020-03-03;2020-03-06;2020-03-16
4684;22;3944;44776;6806000;0;6806000;2020-04-10;2020-04-20;2020-04-22
4686;51;2688;72865;1995000;0;1995000;2020-04-30;2020-05-12;2020-05-14
4688;18;17740;74704;2608000;0;2608000;2020-03-15;2020-03-29;2020-04-01
4691;1;3633;31155;1090000;105000;985000;2019-10-02;2019-10-05;2019-10-07
4692;6;7787;87161;1323000;0;1323000;2020-05-27;2020-06-03;2020-06-04
4699;29;10948;31087;3056000;0;3056000;2020-03-03;2020-03-10;2020-03-21
4700;32;16216;38692;374000;0;374000;2019-09-27;2019-09-30;2019-10-14
4711;14;16423;81548;1640000;0;1640000;2019-04-12;2019-04-22;2019-05-06
4712;13;10404;85672;504000;0;504000;2019-12-03;2019-12-12;NA
4716;39;3399;69119;2724000;0;2724000;2019-12-17;2019-12-21;2019-12-28
4718;10;3001;25521;402000;0;402000;2019-12-17;NA;NA
4723;15;2505;93568;3400000;0;3400000;2019-10-02;2019-10-03;2019-10-06
4724;69;11168;08321;4073000;8000;4065000;2020-03-13;2020-03-26;2020-03-27
4725;12;1125;73118;4038000;0;4038000;2020-02-29;NA;NA
4730;41;9891;12002;884000;0;884000;2019-09-26;2019-10-02;2019-10-12
4743;5;8411;61015;540000;0;540000;2020-04-12;2020-04-13;2020-04-15
4745;26;9303;60911;7560000;693000;6867000;2019-08-21;2019-08-29;2019-08-30
4757;17;13151;94670;5902000;0;5902000;2020-03-11;2020-03-22;2020-04-01
4771;6;8452;67288;370000;0;370000;2019-11-24;2019-12-07;2019-12-11
4778;67;852;09899;501000;0;501000;2020-04-14;NA;NA
4785;2;8743;26227;1080000;0;1080000;2020-04-16;2020-04-30;2020-05-06
4789;53;10639;85086;506000;0;506000;2020-01-18;2020-01-25;2020-01-29
4792;17;4873;28480;192000;38400;153600;2019-07-09;2019-07-17;2019-07-19
4796;16;15403;40844;216000;0;216000;2020-02-18;2020-02-25;2020-03-07
4806;45;16539;77449;954000;0;954000;2019-11-30;2019-12-05;2019-12-11
4809;10;658;11866;1064000;0;1064000;2020-05-21;2020-05-31;2020-06-08
4822;24;4461;87131;1551000;0;1551000;2020-05-11;2020-05-23;2020-06-01
4829;49;4086;15299;316000;0;316000;2020-05-08;NA;NA
4832;56;3872;96921;13459000;189000;13270000;2020-01-29;2020-02-06;2020-02-10
4834;52;10921;17373;1785000;0;1785000;2019-12-15;2019-12-29;2020-01-09
4847;20;3021;57513;630000;0;630000;2019-12-26;2019-12-30;2020-01-02
4853;46;8027;79111;52000;0;52000;2019-09-06;2019-09-07;2019-09-11
4854;21;16017;84909;315000;0;315000;2020-04-27;2020-05-02;2020-05-02
4872;55;10760;27878;2500000;0;2500000;2019-11-02;2019-11-15;2019-11-27
4874;62;4962;54935;7797000;0;7545000;2020-05-10;2020-05-15;2020-05-21
4877;7;17500;93151;2192000;0;2192000;2019-10-15;2019-10-26;2019-10-30
4882;2;3155;86794;1550000;0;1550000;2020-04-14;2020-04-22;2020-04-26
4891;9;8514;40200;1568000;0;1568000;2019-03-24;2019-04-01;2019-04-13
4892;40;6275;52266;690000;0;690000;2020-02-28;2020-03-10;2020-03-15
4898;33;11123;34285;4550000;0;4550000;2019-06-08;2019-06-11;2019-06-15
4913;67;2856;32669;2640000;0;2640000;2019-03-23;2019-03-28;2019-04-02
4916;34;11255;66950;601000;0;601000;2019-12-27;2020-01-07;2020-01-15
4931;53;15408;59056;1970000;0;1970000;2020-01-25;NA;NA
4941;53;11869;35429;820000;0;820000;2019-10-19;2019-11-02;2019-11-11
4944;29;9937;76884;874000;0;874000;2019-10-05;2019-10-13;2019-10-22
4957;1;4934;04093;868000;0;868000;2020-03-21;2020-04-04;2020-04-13
4958;22;1100;47937;132000;0;132000;2019-09-25;NA;NA
4961;54;5145;79250;4200000;0;4200000;2020-03-06;2020-03-20;2020-03-25
4966;51;8576;50668;1023000;0;1023000;2019-12-14;2019-12-25;2020-01-05
4967;65;629;54911;798000;0;798000;2019-06-10;2019-06-21;2019-07-05
4968;41;15701;88826;2042000;0;2042000;2020-01-26;2020-01-30;2020-02-02
4970;51;3826;11921;180000;0;180000;2019-12-01;2019-12-04;2019-12-14
4979;23;14496;45495;3642000;0;3642000;2020-02-09;NA;NA
4992;68;12436;88870;16800000;0;16800000;2019-05-06;2019-05-18;2019-06-01
5002;25;16597;58856;1069000;0;1069000;2020-02-29;2020-03-03;NA
5003;18;9040;23056;8234000;0;8234000;2020-03-28;2020-04-06;2020-04-07
5017;45;4289;00068;114000;0;114000;2019-06-05;2019-06-19;NA
5018;65;7883;66867;1710000;0;1710000;2020-01-20;2020-01-30;2020-02-04
5022;15;9852;95583;75000;0;75000;2019-02-09;2019-02-14;2019-02-16
5026;6;11069;22324;807000;0;807000;2020-03-04;2020-03-07;2020-03-13
5027;46;2250;74283;11929000;1900000;10029000;2020-03-29;NA;NA
5034;17;7229;89834;4358000;0;4358000;2019-12-07;2019-12-09;2019-12-11
5035;50;9229;40678;792000;0;792000;2019-05-22;2019-05-27;NA
5045;45;12617;98400;1978000;494500;1483500;2020-04-05;2020-04-09;2020-04-15
5061;2;14776;90033;6147000;1033600;5113400;2020-03-20;NA;NA
5075;57;7388;51760;3168000;10800;3157200;2020-04-25;2020-05-09;2020-05-11
5086;11;8178;29248;3883000;0;3883000;2019-12-27;2020-01-02;2020-01-07
5089;14;9030;64525;486000;0;486000;2020-01-11;2020-01-16;2020-01-26
5094;8;9394;61752;468000;0;468000;2020-01-18;2020-01-19;2020-01-20
5099;47;16118;54465;12597000;0;12597000;2020-03-19;2020-03-26;2020-04-01
5105;43;11033;95038;601000;0;601000;2019-09-09;2019-09-11;2019-09-16
5106;67;12296;43482;4788000;0;4788000;2020-02-24;2020-02-26;2020-03-06
5112;44;14586;72941;5564000;0;5564000;2020-05-09;2020-05-12;2020-05-20
5120;8;6771;75602;969000;0;969000;2020-04-16;2020-04-19;2020-04-24
5127;5;17736;54858;4704000;0;4704000;2020-05-25;2020-05-26;2020-06-01
5134;62;13435;01720;60000;0;60000;2019-12-10;2019-12-15;2019-12-27
5135;8;7607;72119;261000;0;261000;2019-08-03;2019-08-14;2019-08-22
5148;40;11396;83602;5624000;0;5624000;2019-11-04;2019-11-06;2019-11-17
5149;50;4107;06448;680000;0;680000;2019-12-27;2020-01-08;2020-01-15
5159;17;15774;30769;1826000;0;1826000;2019-12-31;2020-01-03;2020-01-11
5185;10;6576;56327;3021000;0;3021000;2020-04-24;2020-04-27;2020-05-01
5187;1;12722;32211;1054000;0;1054000;2020-04-13;2020-04-24;2020-05-05
5189;25;12136;38356;2961000;0;2961000;2019-10-07;2019-10-09;2019-10-13
5191;28;3116;02175;3150000;0;3150000;2019-12-29;2020-01-08;2020-01-22
5193;42;3626;76083;121000;0;121000;2019-07-28;2019-08-01;2019-08-15
5195;26;12087;58753;441000;0;441000;2019-12-23;2020-01-04;2020-01-16
5198;50;2256;33311;482000;0;482000;2020-02-27;2020-03-07;2020-03-14
5221;35;5572;18752;3537000;0;3537000;2019-11-25;2019-11-28;2019-12-10
5222;19;11269;66248;912000;0;912000;2019-11-10;2019-11-19;2019-12-03
5233;31;14479;92023;1878000;0;1878000;2020-05-10;2020-05-19;2020-05-26
5236;49;3442;31232;10027000;0;10027000;2020-05-25;2020-06-06;2020-06-09
5237;40;15196;57801;1945000;0;1945000;2020-01-28;2020-01-31;2020-02-03
5240;68;6208;35576;766000;0;766000;2019-10-21;2019-10-24;2019-11-01
5244;14;17746;53893;691000;21150;669850;2019-12-27;2020-01-05;2020-01-15
5249;17;4342;25536;990000;0;990000;2019-09-28;NA;NA
5256;17;2612;02019;2934000;0;2934000;2020-05-07;2020-05-20;2020-05-29
5261;27;3104;78472;1758000;0;1758000;2020-05-10;2020-05-13;2020-05-17
5268;44;13153;73229;225000;0;225000;2020-03-16;2020-03-22;2020-03-24
5272;6;11335;03660;861000;0;861000;2020-03-03;2020-03-13;2020-03-25
5280;49;17141;77488;28000;0;28000;2019-09-10;2019-09-22;2019-09-22
5283;46;8675;59419;1254000;0;1254000;2019-05-27;2019-06-03;2019-06-05
5284;37;15633;07630;442000;48400;393600;2020-05-31;2020-06-07;2020-06-18
5289;39;14753;52212;235000;0;235000;2019-09-01;2019-09-13;2019-09-27
5294;61;3081;33780;418000;0;418000;2020-02-20;2020-03-05;2020-03-11
5300;19;8636;67386;6058000;0;6058000;2019-09-22;2019-09-28;2019-10-07
5303;39;9707;21144;80000;0;80000;2019-08-20;2019-08-26;2019-09-09
5306;5;141;39473;1396000;0;1396000;2019-12-21;2019-12-30;2020-01-13
5307;55;7425;88936;60000;0;60000;2019-12-18;2019-12-20;2020-01-01
5309;38;10360;30852;2871000;0;2871000;2019-08-22;2019-09-03;NA
5311;68;10994;38886;2826000;0;2826000;2020-04-13;2020-04-27;2020-05-01
5314;43;193;82573;5466000;432000;5034000;2020-02-18;2020-02-19;2020-02-27
5317;23;6213;73924;1365000;0;1365000;2020-05-21;2020-05-24;2020-06-04
5322;44;1333;22539;161000;0;161000;2019-03-11;2019-03-16;2019-03-30
5332;54;7898;29229;418000;0;418000;2019-08-04;2019-08-15;2019-08-26
5344;24;13763;88106;1710000;0;1710000;2020-05-20;2020-05-25;2020-06-01
5354;32;8918;07692;528000;0;528000;2019-05-14;2019-05-27;2019-05-28
5361;1;7603;97299;820000;0;820000;2019-05-13;2019-05-20;2019-06-03
5366;50;8697;88721;2617000;0;2617000;2020-03-15;2020-03-25;NA
5374;61;17457;57558;8828000;0;8828000;2019-11-05;2019-11-19;NA
5378;64;4593;47456;5033000;0;5033000;2019-12-25;2020-01-04;2020-01-11
5392;1;9400;83997;18000;0;18000;2019-06-06;2019-06-10;2019-06-24
5394;35;14620;16042;584000;0;584000;2020-02-25;2020-03-10;2020-03-11
5398;9;4406;19954;262000;7000;255000;2020-04-10;2020-04-11;NA
5406;20;4307;75838;198000;0;198000;2019-11-27;NA;NA
5407;25;1075;65662;1242000;0;1242000;2019-11-22;2019-12-03;2019-12-11
5420;19;12876;36851;2458000;0;2458000;2019-11-16;2019-11-24;2019-12-01
5423;21;14590;06645;2946000;50400;2895600;2020-01-17;2020-01-21;2020-02-02
5437;12;398;96446;5610000;0;5610000;2020-04-14;2020-04-27;2020-05-04
5441;41;2987;08624;234000;0;234000;2019-11-19;2019-11-30;2019-12-12
5445;7;16779;02844;4000000;0;4000000;2020-04-01;2020-04-14;2020-04-14
5479;62;3781;88655;568000;0;568000;2020-03-26;2020-04-05;2020-04-16
5483;60;17283;92546;2600000;0;2600000;2019-09-27;2019-10-02;NA
5486;62;6240;22077;400000;0;400000;2019-08-23;2019-08-25;2019-09-02
5488;51;7846;69461;660000;0;660000;2019-06-26;2019-07-05;2019-07-05
5493;10;17497;56938;1348000;0;1348000;2020-02-23;2020-03-03;2020-03-09
5500;44;14693;40954;136000;0;136000;2019-10-02;2019-10-15;2019-10-26
5508;2;12493;04817;1144000;0;1144000;2019-08-19;2019-08-26;2019-08-28
5510;62;4843;16055;2382000;0;2382000;2020-04-10;2020-04-20;2020-04-26
5519;56;4677;62650;74000;0;74000;2020-04-02;2020-04-03;2020-04-09
5520;41;8183;07488;863000;0;863000;2019-10-05;2019-10-17;2019-10-23
5533;13;16387;33136;1445000;0;1445000;2020-01-23;2020-02-04;NA
5546;38;9791;76434;1063000;0;1063000;2020-03-18;2020-03-29;2020-03-29
5548;28;3672;82874;12429000;0;12429000;2020-05-17;2020-05-21;2020-05-25
5551;45;7195;71498;1650000;0;1650000;2020-01-20;2020-01-24;2020-01-24
5561;37;14093;70415;476000;0;476000;2020-05-01;2020-05-14;2020-05-14
5564;56;17120;55639;8940000;0;8940000;2019-04-08;2019-04-17;2019-04-27
5574;20;7939;71839;390000;0;390000;2019-10-07;2019-10-14;2019-10-14
5578;49;653;59373;610000;0;610000;2019-11-11;2019-11-19;2019-11-27
5582;23;16726;82765;1380000;0;1380000;2020-01-03;2020-01-08;2020-01-11
5583;52;6077;72964;509000;43700;465300;2019-11-26;2019-12-09;2019-12-19
5584;64;12956;27576;684000;0;684000;2019-11-08;2019-11-15;2019-11-24
5591;1;12872;74561;192000;0;192000;2019-04-20;2019-04-27;2019-05-01
5593;44;9821;23564;78000;0;78000;2020-02-21;2020-02-22;2020-02-29
5594;33;3224;75409;320000;0;320000;2019-10-19;NA;NA
5604;52;235;41534;72000;0;72000;2019-11-20;NA;NA
5613;19;10119;99770;350000;0;350000;2020-03-19;2020-03-24;2020-04-01
5620;48;8508;29799;726000;0;726000;2019-10-24;2019-11-04;NA
5634;39;12753;87734;72000;0;72000;2019-08-07;2019-08-19;2019-08-27
5635;19;8347;35687;128000;0;128000;2019-02-16;2019-03-01;2019-03-05
5645;50;5918;02036;58000;0;58000;2020-04-21;2020-04-28;2020-05-07
5661;17;7420;00384;480000;0;480000;2020-02-12;2020-02-24;2020-03-09
5663;30;6928;01593;270000;0;270000;2019-06-27;2019-07-11;2019-07-21
5665;1;17672;27231;2445000;0;2445000;2020-01-01;2020-01-07;2020-01-13
5681;49;8618;84516;105000;0;105000;2019-08-23;2019-08-25;2019-08-28
5697;1;10242;27437;2766000;0;2766000;2019-12-10;2019-12-15;2019-12-16
5700;26;1348;17307;948000;0;948000;2020-03-22;2020-03-25;2020-03-29
5705;12;2656;03522;728000;0;728000;2020-02-10;2020-02-23;2020-03-05
5708;19;15381;05635;1394000;0;1394000;2019-07-24;2019-08-05;NA
5710;56;12155;53907;3335000;0;3335000;2020-04-11;2020-04-22;2020-05-04
5717;42;5293;57980;1204000;0;1204000;2020-05-04;2020-05-14;2020-05-21
5729;63;1253;91801;540000;0;540000;2019-09-18;2019-09-25;2019-10-02
5730;63;17087;73096;3000000;0;3000000;2019-12-06;2019-12-17;NA
5735;29;2625;95693;164000;0;164000;2020-03-07;2020-03-20;2020-03-21
5739;66;15183;69221;1703000;0;1703000;2020-04-17;2020-04-19;2020-04-21
5742;57;4264;17475;108000;0;108000;2019-08-15;2019-08-20;2019-08-21
5760;36;10776;72553;66000;0;66000;2019-08-31;2019-09-06;2019-09-18
5762;10;8088;63673;240000;0;240000;2020-02-26;2020-03-06;2020-03-12
5763;14;7818;60132;1541000;0;1541000;2019-12-05;2019-12-07;2019-12-21
5767;67;15281;90561;1031000;150000;881000;2020-04-23;NA;NA
5768;40;7851;71617;320000;0;320000;2020-05-21;2020-05-29;2020-06-01
5789;47;563;97089;630000;0;630000;2019-09-17;2019-09-29;2019-10-03
5794;56;1303;39963;54000;0;54000;2019-06-14;2019-06-27;2019-07-02
5799;51;863;15453;5336000;0;5336000;2019-10-25;2019-10-28;2019-11-11
5804;16;3614;61733;2664000;0;2664000;2019-12-25;2019-12-26;2020-01-01
5815;23;11835;28286;12448000;0;12448000;2020-02-02;2020-02-12;2020-02-24
5816;66;16467;09966;3492000;0;3492000;2020-02-12;2020-02-13;2020-02-25
5817;2;14713;54346;745000;0;745000;2020-02-29;2020-03-03;2020-03-05
5835;48;13361;59823;261000;0;261000;2019-09-12;2019-09-24;2019-10-03
5841;29;2337;96827;1362000;0;1362000;2020-01-23;2020-02-05;2020-02-13
5843;28;14092;07025;560000;0;560000;2020-01-27;2020-02-03;2020-02-09
5847;48;1684;15144;782000;0;782000;2019-05-20;2019-05-24;2019-06-01
5852;41;8634;84918;2495000;0;2495000;2020-04-12;2020-04-25;2020-04-27
5855;21;3175;80155;1512000;0;1512000;2019-10-24;2019-11-04;2019-11-14
5857;52;14460;68247;175000;43750;131250;2020-05-13;2020-05-27;2020-06-02
5873;32;6793;72954;1812000;98000;1714000;2020-05-15;2020-05-19;2020-05-27
5877;39;3082;63619;2300000;0;2300000;2019-12-28;2019-12-29;2020-01-05
5897;18;4492;54190;7553000;0;7553000;2020-05-03;2020-05-09;2020-05-13
5899;57;14648;22426;17160000;0;17160000;2019-08-23;2019-09-01;2019-09-08
5910;27;14008;41532;444000;0;444000;2019-10-01;2019-10-14;2019-10-21
5911;46;15254;94588;446000;0;446000;2019-12-24;2020-01-05;2020-01-05
5920;43;15590;59114;114000;0;114000;2020-01-04;2020-01-09;2020-01-10
5927;65;15562;71062;4272000;0;4272000;2020-02-26;2020-02-29;2020-03-11
5928;40;6569;00881;6523000;0;6523000;2020-05-28;2020-05-29;2020-06-10
5932;45;10038;96220;5336000;0;5336000;2020-05-19;2020-05-23;2020-06-02
5939;5;16057;82359;936000;0;936000;2020-05-19;2020-05-20;2020-05-23
5942;38;4869;45785;2146000;0;2146000;2020-04-30;2020-05-04;NA
5951;4;17862;45674;3806000;0;3806000;2019-10-06;2019-10-09;2019-10-16
5956;53;2481;34614;201000;0;201000;2019-10-03;NA;NA
5959;52;12570;99246;614000;0;614000;2020-04-01;2020-04-07;2020-04-11
5967;5;7523;58394;688000;81600;606400;2020-04-12;2020-04-17;2020-04-20
5971;25;14851;68844;3399000;0;3399000;2020-04-26;2020-05-04;2020-05-07
5977;4;5854;86627;266000;0;266000;2019-12-25;2019-12-31;2020-01-03
5989;57;11930;58171;42000;0;42000;2019-03-29;2019-04-01;2019-04-10
5995;3;8584;23543;78000;0;78000;2019-11-23;2019-11-26;2019-12-10
6012;23;17820;18187;260000;0;260000;2019-10-22;2019-11-03;NA
6015;37;10625;04612;2411000;0;2411000;2020-02-16;2020-02-26;2020-03-03
6026;19;15813;11817;403000;0;403000;2020-03-05;2020-03-14;2020-03-26
6035;40;7562;02506;90000;0;90000;2020-02-07;2020-02-15;2020-02-27
6037;24;7781;17301;1350000;0;1350000;2020-05-28;2020-06-09;2020-06-21
6042;46;12014;73503;738000;0;738000;2020-05-25;2020-06-04;2020-06-16
6046;50;6408;10024;14928000;0;14928000;2019-11-18;2019-11-29;2019-12-06
6053;28;10829;92415;44000;0;44000;2020-03-19;NA;NA
6062;31;16997;71675;936000;0;936000;2019-12-27;2020-01-09;2020-01-19
6072;32;8520;92068;288000;0;288000;2019-12-23;2019-12-25;2019-12-25
6075;24;7304;81580;1728000;0;1728000;2019-09-11;2019-09-19;2019-09-23
6081;54;10538;27832;52000;0;52000;2019-12-29;2020-01-04;2020-01-14
6097;27;8455;68947;1032000;0;1032000;2020-03-14;2020-03-17;2020-03-21
6103;40;11831;21120;1588000;0;1588000;2020-03-30;2020-04-02;2020-04-02
6106;34;14028;94018;774000;0;774000;2019-11-06;2019-11-20;2019-12-04
6107;34;487;12128;4723000;0;4723000;2020-01-20;2020-02-03;2020-02-03
6126;57;7382;34303;4512000;0;4512000;2019-10-10;2019-10-11;2019-10-13
6130;61;15680;74870;12307000;0;12307000;2019-11-25;2019-12-03;2019-12-17
6138;35;5539;48867;3285000;0;3285000;2020-04-24;2020-05-08;2020-05-14
6140;37;8080;12303;2220000;0;2220000;2019-09-11;2019-09-19;2019-09-27
6141;2;2650;78702;6401000;0;6401000;2019-10-10;2019-10-23;2019-11-02
6149;45;11486;28490;280000;0;280000;2019-11-26;2019-12-09;2019-12-21
6152;31;16879;89921;1060000;0;1060000;2019-07-24;2019-08-03;2019-08-05
6153;62;6237;88891;875000;0;875000;2019-06-09;2019-06-12;2019-06-18
6156;29;14618;59539;2734000;0;2734000;2020-03-18;2020-03-22;2020-04-05
6173;13;14974;17005;2969000;0;2969000;2019-11-30;2019-12-12;2019-12-26
6182;14;6917;05751;2516000;0;2516000;2019-07-12;2019-07-24;2019-07-29
6201;49;2895;30620;228000;13000;215000;2020-03-19;2020-03-26;2020-04-01
6206;53;2477;42784;6680000;0;6680000;2020-03-18;2020-03-27;2020-04-07
6219;30;4729;32779;2419000;0;2419000;2020-05-19;2020-05-20;2020-05-21
6223;12;7497;21248;44000;0;44000;2019-05-10;2019-05-24;NA
6229;63;12418;73580;572000;0;572000;2020-04-15;2020-04-29;2020-05-08
6237;69;16075;74081;16000;0;16000;2019-12-10;2019-12-14;2019-12-24
6238;28;14404;80625;7232000;76000;7156000;2019-12-02;2019-12-06;2019-12-14
6253;12;13041;02010;1842000;0;1842000;2020-04-25;NA;NA
6257;19;1584;08565;1414000;0;1414000;2020-03-29;2020-03-30;2020-04-07
6273;39;3913;46165;1408000;0;1408000;2019-07-04;2019-07-11;2019-07-16
6285;18;15052;40710;198000;0;198000;2019-07-25;2019-07-29;2019-08-04
6295;15;1708;11154;1435000;0;1435000;2019-12-23;2020-01-05;2020-01-07
6300;19;4707;53700;450000;0;450000;2020-01-31;2020-02-06;NA
6301;44;6884;12066;2344000;0;2344000;2019-12-07;2019-12-12;2019-12-24
6320;55;4904;86834;4226000;2000;4224000;2020-03-24;2020-03-26;2020-03-31
6326;30;5708;42873;1640000;0;1640000;2019-10-24;2019-11-01;2019-11-01
6328;41;14881;74842;336000;0;336000;2019-05-13;2019-05-20;2019-05-27
6332;1;16826;39861;1071000;0;1071000;2020-03-04;2020-03-15;2020-03-22
6342;12;3493;06576;250000;0;250000;2019-12-20;2019-12-24;2020-01-05
6344;28;9083;69319;785000;0;785000;2020-01-13;2020-01-14;2020-01-25
6353;44;4930;54182;5683000;0;5683000;2020-04-25;2020-05-07;2020-05-21
6360;16;17637;84428;9275000;0;9275000;2020-04-15;2020-04-17;2020-04-25
6372;32;9716;56370;198000;0;198000;2019-10-11;2019-10-14;2019-10-25
6389;14;2545;13137;3036000;0;3036000;2019-07-30;2019-08-09;2019-08-19
6407;40;6260;52069;1924000;0;1924000;2020-03-28;NA;NA
6416;63;13944;68672;3656000;0;3656000;2020-03-07;2020-03-09;2020-03-16
6430;6;2585;54854;368000;0;368000;2020-02-21;2020-03-04;2020-03-11
6431;25;16705;67510;360000;0;360000;2019-11-01;2019-11-03;2019-11-17
6433;1;2096;54913;429000;0;429000;2019-12-19;2019-12-23;2019-12-25
6434;24;8473;16535;13754000;117600;13636400;2020-05-25;2020-06-07;2020-06-13
6448;43;11216;21445;32000;0;32000;2020-05-27;2020-06-07;NA
6464;25;966;31667;221000;0;221000;2019-11-22;2019-11-27;2019-12-07
6468;36;15742;36450;5965000;0;5965000;2020-04-04;2020-04-15;2020-04-27
6469;3;14394;79829;6161000;0;6161000;2020-05-11;2020-05-14;2020-05-15
6486;48;13238;46301;4484000;0;4484000;2020-01-04;2020-01-07;2020-01-11
6490;44;4473;50109;398000;0;398000;2019-10-27;2019-11-03;2019-11-10
6494;21;15376;78629;1600000;0;1600000;2019-11-10;2019-11-21;2019-11-26
6498;62;16361;97680;10413000;0;10413000;2019-11-26;2019-12-06;2019-12-16
6511;57;15998;39047;406000;0;406000;2020-02-25;2020-03-06;2020-03-20
6526;40;7457;32865;231000;0;231000;2019-04-16;2019-04-27;2019-05-03
6533;23;4622;33547;10294000;0;10294000;2020-02-28;2020-03-13;2020-03-24
6534;43;8022;86448;110000;0;110000;2019-12-13;2019-12-14;2019-12-26
6550;57;11023;91032;1608000;0;1608000;2019-12-20;2019-12-27;2020-01-04
6551;26;17912;66403;644000;0;644000;2020-04-24;2020-05-02;2020-05-16
6561;58;7394;42314;2784000;0;2784000;2020-03-23;2020-03-31;2020-04-03
6563;11;17188;66302;2557000;0;2557000;2020-04-12;2020-04-15;2020-04-27
6566;24;10912;76103;2200000;0;2200000;2019-12-24;2020-01-05;2020-01-13
6577;28;9865;91145;4500000;0;4500000;2019-05-11;2019-05-12;2019-05-14
6588;45;17031;05264;750000;0;750000;2019-07-25;2019-07-27;2019-08-06
6595;56;11574;92391;2724000;0;2724000;2020-01-06;2020-01-13;2020-01-14
6600;64;8191;54190;10359000;0;10359000;2020-05-31;2020-06-05;2020-06-16
6603;10;3819;66324;243000;0;243000;2020-04-16;2020-04-27;NA
6604;49;4871;21921;1939000;0;1939000;2019-12-30;2020-01-03;2020-01-07
6612;2;11440;09337;4234000;0;4234000;2020-02-21;NA;NA
6620;17;12013;28384;7711000;0;7711000;2019-12-28;2020-01-05;2020-01-09
6628;44;6794;17521;780000;0;780000;2020-02-26;2020-03-04;2020-03-15
6632;23;15020;66504;5738000;0;5738000;2020-05-28;2020-06-07;2020-06-15
6635;40;8169;96200;2813000;0;2813000;2019-12-15;2019-12-18;2019-12-28
6637;27;7699;28713;270000;6500;263500;2019-12-29;2020-01-06;2020-01-12
6647;36;3074;36285;874000;0;874000;2019-05-12;2019-05-17;2019-05-25
6652;46;865;09152;387000;0;387000;2019-10-22;2019-11-04;2019-11-05
6653;17;2541;85329;924000;0;924000;2019-12-14;2019-12-24;2020-01-01
6655;48;3460;55527;1672000;0;1672000;2019-11-28;NA;NA
6657;57;12111;10351;48000;0;48000;2020-03-12;2020-03-18;2020-03-28
6659;11;4155;09353;630000;0;630000;2020-04-23;2020-04-30;2020-05-04
6662;55;13557;59471;588000;0;588000;2019-06-21;2019-07-05;2019-07-10
6668;58;3102;25715;1124000;0;1124000;2020-05-05;NA;NA
6669;3;14013;72960;1565000;0;1565000;2020-01-13;2020-01-22;2020-01-29
6676;12;15772;23897;108000;0;108000;2020-01-25;NA;NA
6681;15;16938;57189;1036000;0;1036000;2020-04-16;2020-04-29;2020-04-30
6685;63;16598;73714;504000;100800;403200;2019-06-23;2019-07-03;2019-07-17
6691;34;4107;25678;2240000;0;2240000;2019-06-20;2019-07-03;2019-07-15
6695;54;15047;43915;686000;0;686000;2019-11-29;NA;NA
6697;53;4573;64496;5888000;145650;5742350;2020-03-22;2020-03-23;2020-03-25
6703;15;4281;91110;2680000;0;2680000;2019-10-24;2019-10-31;2019-11-02
6707;42;15820;08372;190000;0;190000;2019-04-30;NA;NA
6714;19;10068;28479;720000;0;720000;2020-02-14;2020-02-26;2020-02-29
6730;65;7978;93854;2368000;0;2368000;2019-05-23;2019-06-03;2019-06-04
6737;29;3446;80456;4942000;0;4942000;2020-04-10;2020-04-21;2020-05-02
6740;23;12131;78389;953000;0;953000;2019-12-20;2020-01-03;2020-01-10
6741;26;604;82922;12516000;0;12516000;2019-03-12;2019-03-24;2019-03-29
6744;62;17403;74825;80000;0;80000;2019-07-16;2019-07-25;2019-08-03
6758;55;1066;57984;1980000;0;1980000;2020-04-13;2020-04-24;2020-05-05
6760;42;2688;86985;4361000;0;4361000;2020-02-15;2020-02-27;2020-03-04
6761;40;1307;82791;704000;0;704000;2020-04-18;2020-05-01;2020-05-03
6764;26;13615;53078;300000;0;300000;2020-05-20;2020-05-25;2020-06-05
6772;13;17728;68762;722000;0;722000;2019-10-16;2019-10-21;2019-10-22
6776;59;6717;37142;91000;0;91000;2019-11-30;2019-12-13;2019-12-23
6782;37;16811;52764;2596000;297000;2299000;2019-11-08;2019-11-16;2019-11-27
6787;26;7174;31931;4748000;0;4748000;2020-03-21;2020-03-22;2020-03-22
6790;22;11773;59898;2520000;0;2520000;2019-11-12;2019-11-25;2019-12-04
6791;28;17573;35061;378000;0;378000;2020-05-31;2020-06-08;2020-06-22
6798;63;11325;24288;582000;0;582000;2019-10-04;2019-10-08;2019-10-11
6806;53;2317;72136;314000;0;314000;2020-03-02;NA;NA
6807;30;5753;74704;728000;0;728000;2019-08-18;2019-08-22;2019-08-30
6822;43;1234;95723;72000;0;72000;2019-11-28;2019-12-03;2019-12-04
6825;58;2024;20205;476000;0;476000;2020-05-05;2020-05-18;2020-05-29
6831;1;7231;20948;618000;0;618000;2020-03-16;2020-03-23;2020-03-23
6836;67;6470;40688;516000;0;516000;2020-04-28;2020-05-08;2020-05-18
6841;53;8525;07220;1261000;0;1261000;2019-10-30;2019-11-11;2019-11-20
6852;38;12003;55041;80000;0;80000;2019-04-26;2019-04-30;2019-05-03
6854;68;14882;04134;4744000;0;4744000;2019-12-12;2019-12-15;2019-12-23
6858;62;15061;31409;3288000;0;3288000;2020-04-25;2020-04-28;2020-05-10
6869;36;15712;15441;2636000;0;2636000;2020-05-09;NA;NA
6870;42;13304;91155;1996000;600;1995400;2020-01-22;2020-01-28;NA
6872;62;7295;37479;1467000;0;1467000;2019-11-25;2019-12-07;2019-12-10
6874;6;12609;10368;15000;0;15000;2019-10-05;2019-10-14;2019-10-24
6900;8;9789;35228;1265000;0;1265000;2019-08-20;2019-08-29;2019-09-02
6907;19;7051;73943;4166000;0;4166000;2020-03-26;2020-03-29;2020-04-05
6912;40;16740;74679;1306000;0;1306000;2020-01-19;2020-01-22;2020-01-30
6913;50;10469;46367;56000;0;56000;2020-01-08;2020-01-12;NA
6921;43;3993;73350;950000;0;950000;2020-02-18;2020-02-20;2020-02-23
6930;8;1097;03211;3375000;0;3375000;2019-11-10;2019-11-13;2019-11-14
6934;7;8131;02054;2078000;0;2078000;2020-03-31;2020-04-08;2020-04-13
6936;67;12736;21067;438000;0;438000;2020-04-08;2020-04-11;2020-04-14
6943;52;12630;43148;1882000;0;1882000;2020-03-26;2020-04-08;2020-04-22
6944;18;9727;75396;3465000;0;3465000;2019-10-12;2019-10-20;2019-10-25
6955;11;12434;38027;1818000;0;1818000;2019-12-12;2019-12-25;2019-12-30
6956;5;7293;28709;3672000;914400;2757600;2019-12-01;2019-12-12;2019-12-18
6961;44;9072;29405;947000;0;947000;2020-02-17;2020-02-21;2020-02-26
6972;65;10536;41027;2696000;0;2696000;2020-05-23;2020-06-05;2020-06-14
6980;39;8103;52496;12177000;0;12177000;2020-05-16;2020-05-20;2020-06-03
6981;7;10607;05180;6000;0;6000;2019-09-27;2019-10-07;2019-10-07
6983;56;4541;93576;864000;0;864000;2020-04-04;NA;NA
7005;36;15227;65262;152000;0;152000;2019-03-30;2019-04-12;2019-04-21
7028;50;8448;32051;2606000;0;2606000;2020-02-29;2020-03-07;2020-03-10
7030;56;2025;56509;1632000;0;1632000;2019-10-04;2019-10-14;2019-10-21
7033;52;11437;14668;39000;0;39000;2019-10-24;2019-11-06;2019-11-08
7037;33;8684;58713;816000;0;816000;2020-05-23;NA;NA
7041;42;2282;44763;588000;0;588000;2019-12-29;2020-01-02;2020-01-13
7051;52;3644;53402;286000;0;286000;2019-12-31;2020-01-10;2020-01-24
7061;14;2223;06460;2890000;0;2890000;2019-08-19;2019-08-25;2019-08-25
7076;59;1949;85123;362000;19200;342800;2020-04-15;2020-04-21;2020-04-25
7080;48;2371;95986;20000;0;20000;2019-10-28;2019-11-07;2019-11-19
7081;69;1098;38902;325000;0;325000;2019-11-04;2019-11-15;2019-11-21
7083;45;3312;48009;216000;0;216000;2019-11-24;2019-12-02;2019-12-06
7087;52;11047;03130;1776000;0;1776000;2019-09-21;2019-09-28;2019-10-05
7103;10;17699;92304;672000;0;672000;2019-08-15;2019-08-25;2019-08-27
7113;67;340;40515;280000;0;280000;2020-04-08;2020-04-16;2020-04-27
7114;12;13902;35118;2435000;0;2435000;2020-03-27;2020-04-02;2020-04-07
7122;28;12882;27132;1456000;0;1456000;2019-09-12;2019-09-19;2019-09-28
7133;9;8696;46166;3000000;0;3000000;2019-07-07;2019-07-10;2019-07-21
7136;7;2769;73771;154000;0;154000;2019-10-27;2019-11-05;2019-11-05
7140;27;5825;10183;2223000;0;2223000;2020-05-06;2020-05-08;2020-05-09
7149;63;4288;78098;1006000;0;1006000;2019-12-29;2020-01-03;2020-01-13
7150;8;5960;87551;2662000;0;2662000;2020-05-24;2020-05-29;NA
7156;48;9756;41217;6016000;0;6016000;2019-10-28;2019-10-29;2019-11-09
7161;17;4044;33448;152000;0;152000;2019-05-08;2019-05-20;2019-05-27
7168;50;15200;33011;2191000;0;2191000;2020-04-08;2020-04-13;2020-04-22
7187;22;11961;60784;299000;44850;254150;2020-02-26;2020-02-27;2020-03-04
7190;38;10891;72717;150000;0;150000;2020-03-23;2020-03-29;2020-03-31
7198;64;13183;87666;510000;0;510000;2019-09-20;2019-09-29;2019-10-07
7199;39;1068;74250;2520000;0;2520000;2019-05-08;2019-05-11;2019-05-12
7206;54;8733;44192;9862000;0;9862000;2020-04-01;2020-04-03;2020-04-17
7208;38;10609;04208;315000;0;315000;2020-05-20;2020-05-30;2020-06-07
7215;30;17177;61777;976000;0;976000;2019-11-29;2019-12-12;2019-12-26
7217;46;10214;66581;108000;0;108000;2019-12-09;2019-12-21;2020-01-01
7218;34;6317;77145;513000;0;513000;2019-08-30;2019-09-13;2019-09-23
7233;30;2497;66121;444000;0;444000;2019-09-05;2019-09-15;2019-09-27
7242;24;9990;96125;784000;0;784000;2019-10-26;2019-10-27;2019-11-07
7245;22;11985;24846;4588000;0;4588000;2020-05-02;2020-05-08;2020-05-19
7262;12;3321;20666;451000;0;451000;2019-09-05;2019-09-18;2019-09-26
7265;53;14078;50533;1478000;0;1478000;2020-03-11;2020-03-18;2020-03-19
7266;66;8032;31014;1040000;0;1040000;2019-06-29;2019-07-07;2019-07-07
7274;35;13484;13665;324000;0;324000;2019-12-28;2019-12-30;2020-01-05
7278;36;522;18518;2933000;0;2933000;2019-10-31;NA;NA
7281;25;16133;47755;4590000;0;4590000;2019-12-06;2019-12-18;2019-12-18
7292;11;8467;47644;6388000;0;6388000;2020-03-24;2020-03-26;2020-03-31
7293;40;1360;13326;410000;0;410000;2020-05-31;2020-06-02;2020-06-08
7309;3;3615;31402;77000;0;77000;2019-10-06;2019-10-07;NA
7311;63;686;49761;216000;0;216000;2019-11-20;2019-11-21;2019-12-03
7323;30;89;85389;340000;0;340000;2020-05-03;2020-05-08;2020-05-13
7328;6;10413;59392;323000;0;323000;2019-08-04;2019-08-12;2019-08-16
7336;66;274;74936;304000;0;304000;2019-08-27;2019-09-01;2019-09-03
7342;22;5124;73338;430000;0;430000;2020-03-20;2020-03-24;2020-03-25
7347;20;11905;75560;1364000;0;1364000;2019-07-24;2019-07-27;2019-08-01
7354;57;9949;14705;1430000;0;1430000;2020-05-29;2020-06-01;2020-06-09
7359;30;11669;33603;36000;0;36000;2020-01-23;2020-01-25;2020-02-01
7366;14;10081;48537;276000;0;276000;2019-05-20;NA;NA
7370;25;11511;81463;802000;0;802000;2019-12-23;NA;NA
7403;37;15526;01222;600000;0;600000;2019-04-27;2019-05-01;2019-05-15
7406;66;7780;83673;600000;0;600000;2019-08-26;2019-09-07;2019-09-10
7411;16;17676;19091;1300000;0;1300000;2020-04-17;2020-04-21;2020-04-26
7425;29;16855;77054;882000;0;882000;2020-04-09;2020-04-22;2020-05-04
7428;28;11337;45194;853000;0;853000;2019-08-23;2019-08-25;2019-08-27
7430;65;14565;75694;4190000;0;4190000;2020-05-07;2020-05-10;2020-05-10
7432;8;16992;42354;1696000;0;1696000;2020-05-12;NA;NA
7434;58;5036;41368;4232000;0;4232000;2019-10-29;2019-11-11;2019-11-21
7436;65;13558;93429;705000;0;705000;2020-01-01;2020-01-06;2020-01-14
7439;3;13120;60265;3996000;0;3996000;2019-11-18;2019-11-19;2019-11-27
7454;10;4887;11283;8935000;0;8935000;2020-05-21;NA;NA
7476;16;10853;86269;779000;0;779000;2019-10-15;2019-10-16;2019-10-22
7487;29;13011;07803;204000;0;204000;2019-07-12;2019-07-23;2019-07-29
7489;30;4515;00821;130000;0;130000;2019-12-09;2019-12-14;2019-12-16
7499;66;16234;82441;515000;57600;457400;2020-01-29;2020-02-08;2020-02-08
7508;64;15844;07858;1088000;0;1088000;2019-06-27;2019-07-11;NA
7516;32;10264;26881;2706000;0;2706000;2020-01-29;2020-02-08;2020-02-12
7532;19;12664;83440;70000;0;70000;2019-07-23;2019-07-27;2019-08-08
7541;69;14318;17492;159000;0;159000;2020-05-27;2020-06-07;2020-06-14
7546;52;2924;46832;140000;0;140000;2019-12-17;2019-12-31;2020-01-09
7547;3;2740;98689;120000;0;120000;2020-03-23;2020-03-26;2020-04-03
7581;3;1008;74483;2922000;0;2922000;2020-05-31;2020-06-09;2020-06-11
7585;66;7589;07675;21000;0;21000;2019-09-07;2019-09-19;2019-09-29
7588;34;16355;73875;880000;0;880000;2019-04-12;2019-04-21;2019-05-05
7591;61;12402;69169;504000;0;504000;2020-04-26;2020-04-28;2020-04-28
7594;16;16468;08586;4438000;0;4438000;2019-06-05;NA;NA
7597;27;326;19739;1396000;0;1396000;2020-03-10;NA;NA
7600;42;2372;07289;600000;0;600000;2019-10-18;2019-10-27;NA
7607;52;17000;78869;438000;0;438000;2020-01-26;2020-01-30;2020-02-01
7612;1;6092;55161;175000;0;175000;2019-12-14;2019-12-28;2020-01-02
7617;50;5576;54077;1939000;0;1939000;2019-07-13;2019-07-18;2019-07-21
7618;2;13842;68233;513000;0;513000;2020-05-16;2020-05-29;2020-06-08
7630;20;12668;72148;130000;0;130000;2019-09-12;2019-09-21;2019-09-23
7631;40;10090;32451;222000;0;222000;2019-09-12;2019-09-15;2019-09-17
7638;58;5062;98609;4998000;0;4998000;2020-02-14;2020-02-20;2020-02-20
7643;52;17630;60476;28000;0;28000;2019-11-01;2019-11-14;2019-11-26
7647;28;14095;57831;834000;0;834000;2020-05-22;2020-05-26;2020-05-26
7650;36;16163;11123;122000;0;122000;2020-04-01;2020-04-07;NA
7653;48;532;27459;200000;0;200000;2019-10-10;2019-10-20;2019-10-25
7658;8;49;45037;328000;0;328000;2019-03-25;2019-04-04;2019-04-05
7660;7;16939;95927;32000;0;32000;2019-11-30;2019-12-09;2019-12-09
7661;14;17735;38232;3994000;0;3994000;2020-04-21;2020-04-30;2020-05-05
7663;39;1672;43019;145000;0;145000;2019-06-04;2019-06-08;2019-06-20
7671;14;14763;82829;7224000;1050000;6174000;2019-10-06;2019-10-17;2019-10-27
7688;37;7324;56856;640000;44400;595600;2020-05-07;2020-05-16;2020-05-25
7690;68;8123;26572;216000;0;216000;2019-12-16;2019-12-28;2020-01-07
7693;62;12585;75230;2839000;0;2839000;2020-05-21;NA;NA
7695;45;2808;03442;2160000;0;2160000;2019-12-21;2019-12-24;NA
7701;49;11290;31779;7530000;0;7530000;2020-04-18;2020-04-19;2020-04-26
7702;12;1041;38119;863000;0;863000;2019-08-09;2019-08-11;2019-08-15
7713;50;1453;31117;156000;0;156000;2019-08-07;NA;NA
7723;50;15848;25060;2838000;0;2838000;2019-12-28;2020-01-08;2020-01-19
7728;20;15338;66813;3991000;0;3991000;2020-01-31;2020-02-06;2020-02-12
7734;61;17913;09321;6776000;0;6776000;2020-05-24;2020-06-05;2020-06-07
7735;4;12590;72017;156000;0;156000;2019-12-29;2020-01-08;2020-01-14
7737;67;8270;46681;266000;0;266000;2019-10-28;2019-11-11;2019-11-21
7746;33;194;76798;2820000;0;2820000;2019-11-24;2019-12-04;2019-12-09
7753;18;2153;96551;3040000;0;3040000;2019-09-10;2019-09-16;2019-09-22
7761;19;8543;28421;1287000;0;1287000;2019-10-20;2019-10-28;2019-11-04
7769;50;7037;77111;592000;0;592000;2019-11-22;2019-11-25;2019-11-30
7775;24;5125;06376;444000;0;444000;2020-01-02;2020-01-11;2020-01-13
7801;60;9074;19256;680000;0;680000;2019-12-24;2020-01-04;2020-01-08
7811;1;15772;23897;4722000;0;4722000;2020-04-27;2020-04-28;2020-05-10
7813;30;9318;97956;1856000;0;1856000;2019-12-24;2019-12-31;2020-01-07
7821;12;14666;68015;76000;0;76000;2019-08-11;2019-08-23;2019-08-24
7822;64;6077;38481;180000;0;180000;2019-10-31;2019-11-08;2019-11-10
7826;69;13659;75888;221000;0;221000;2020-01-22;2020-01-25;2020-02-08
7829;31;10951;21148;450000;0;450000;2020-02-20;2020-03-04;2020-03-08
7838;10;17074;40293;608000;0;608000;2019-09-01;2019-09-02;2019-09-14
7840;51;9204;58097;2491000;0;2491000;2020-04-03;2020-04-11;2020-04-18
7842;31;1117;80366;100000;0;100000;2019-06-25;2019-07-05;2019-07-13
7858;60;1685;20635;10806000;0;10806000;2019-12-11;2019-12-23;2019-12-30
7865;35;8088;50101;5400000;0;5400000;2019-11-26;2019-12-04;2019-12-15
7869;7;9533;51912;3116000;0;588000;2020-05-18;2020-05-22;2020-05-31
7872;17;14639;74534;1296000;0;1296000;2020-05-01;2020-05-09;2020-05-23
7876;29;5195;09838;4185000;0;4185000;2020-05-03;2020-05-15;2020-05-22
7882;67;5428;50885;1182000;0;1182000;2020-03-15;2020-03-20;2020-03-25
7884;7;14930;70790;3078000;0;3078000;2019-10-28;2019-11-05;2019-11-17
7890;5;6851;53621;4723000;0;4723000;2020-03-30;2020-04-03;2020-04-03
7898;69;14260;18035;180000;0;180000;2019-08-18;2019-08-19;2019-08-19
7924;62;15766;80111;786000;0;786000;2019-12-18;2019-12-20;2019-12-23
7927;25;15946;38866;3086000;39600;3046400;2020-05-17;2020-05-26;2020-05-29
7932;53;14525;99783;156000;0;156000;2020-03-19;2020-03-22;2020-03-27
7936;60;7480;15930;336000;0;336000;2019-08-18;2019-08-23;2019-09-06
7939;63;11878;91928;860000;0;860000;2019-12-14;NA;NA
7969;2;11668;56999;1820000;0;1820000;2019-09-15;2019-09-19;2019-10-01
7972;16;9615;08843;3803000;44800;3758200;2020-05-23;2020-06-05;2020-06-09
7973;57;14958;34339;102000;0;102000;2019-07-20;2019-08-02;2019-08-05
7977;65;3830;46066;480000;0;480000;2019-07-08;2019-07-17;2019-07-24
7988;48;17070;78316;4829000;0;4829000;2020-05-10;2020-05-15;2020-05-16
7994;11;4609;24053;2240000;44000;2196000;2020-05-13;2020-05-26;2020-06-05
8007;18;7595;15015;17920000;0;17920000;2020-02-15;2020-02-18;2020-02-28
8008;50;727;80573;609000;0;609000;2020-03-18;2020-03-31;2020-04-11
8017;16;10280;37288;319000;0;319000;2019-05-27;2019-05-28;2019-06-01
8024;22;14164;76289;919000;0;919000;2020-05-20;2020-05-22;2020-06-01
8028;33;3045;86265;175000;0;175000;2019-05-25;2019-05-30;2019-06-08
8030;28;3365;41610;216000;0;216000;2020-01-30;2020-02-10;2020-02-10
8038;10;6155;23352;2350000;450000;1900000;2019-11-13;2019-11-24;2019-11-29
8041;25;9156;30856;396000;0;396000;2020-02-29;2020-03-12;2020-03-19
8043;18;6522;69541;40000;0;40000;2020-01-01;2020-01-13;2020-01-17
8058;30;9015;69714;1073000;0;1073000;2019-11-24;2019-12-01;2019-12-07
8064;42;17763;39010;396000;0;396000;2020-02-21;2020-03-05;2020-03-07
8073;39;7555;37947;422000;0;422000;2020-04-13;2020-04-22;2020-04-29
8075;10;1085;64372;5768000;0;5768000;2020-05-15;2020-05-29;2020-06-10
8077;62;5871;11550;6126000;0;6126000;2019-11-07;2019-11-20;2019-12-01
8081;59;1551;45334;6700000;0;6700000;2020-05-16;2020-05-17;2020-05-19
8084;44;6771;11398;1926000;0;1926000;2020-03-25;2020-03-28;2020-04-06
8086;2;10947;14209;70000;0;70000;2020-05-18;2020-05-31;2020-06-11
8087;12;5528;06906;1500000;0;1500000;2019-10-02;2019-10-04;2019-10-12
8101;4;7491;98391;3512000;0;3512000;2020-02-26;2020-03-11;2020-03-23
8108;39;11040;59056;52000;0;52000;2019-09-11;2019-09-19;2019-09-19
8109;55;8123;43959;462000;0;462000;2019-10-04;2019-10-07;2019-10-18
8122;32;10394;88136;8391000;0;8391000;2019-10-03;2019-10-17;2019-10-26
8126;55;11817;90340;667000;0;667000;2019-11-30;2019-12-12;2019-12-16
8131;22;13915;01247;240000;0;240000;2019-08-24;2019-09-03;2019-09-12
8134;15;8952;51420;8792000;0;8792000;2020-05-28;2020-06-02;2020-06-08
8136;30;15739;49995;1298000;0;1298000;2019-06-22;2019-06-26;2019-06-29
8146;60;3162;49972;539000;0;539000;2019-11-05;2019-11-14;2019-11-18
8149;11;16372;01961;360000;0;360000;2020-04-21;2020-04-25;NA
8151;69;1772;06612;405000;0;405000;2020-03-28;2020-04-06;2020-04-18
8158;45;939;92228;471000;0;471000;2019-12-02;2019-12-06;2019-12-12
8159;60;15323;03013;3148000;178200;2969800;2020-03-11;2020-03-17;2020-03-26
8169;48;779;72481;168000;0;168000;2019-02-24;2019-03-09;2019-03-09
8181;35;3956;95021;4532000;0;4532000;2020-03-01;2020-03-05;2020-03-07
8183;39;1305;99772;110000;0;110000;2020-02-18;2020-02-23;2020-02-25
8187;9;15237;47147;4532000;0;4532000;2020-04-23;2020-05-02;NA
8191;34;17478;31951;126000;0;126000;2019-06-02;2019-06-06;2019-06-13
8197;10;10318;14264;410000;0;410000;2020-04-21;2020-04-23;2020-04-29
8208;63;6439;02930;1203000;0;1203000;2020-03-14;2020-03-26;2020-04-01
8226;40;12849;81959;260000;0;260000;2019-10-02;2019-10-04;2019-10-16
8227;14;11572;96323;5036000;0;5036000;2020-05-13;2020-05-21;2020-05-26
8237;32;10279;42894;108000;0;108000;2019-11-12;2019-11-25;2019-12-07
8249;36;8371;60992;594000;0;594000;2019-04-07;2019-04-15;2019-04-20
8260;18;12840;92559;401000;0;401000;2019-12-24;2020-01-03;2020-01-13
8264;2;222;47983;66000;0;66000;2020-01-30;2020-02-11;2020-02-17
8277;9;13880;15114;30000;0;30000;2019-10-22;2019-10-30;2019-11-01
8278;49;7910;17942;62000;0;62000;2019-08-22;2019-09-04;NA
8284;2;6952;36801;186000;0;186000;2019-07-15;2019-07-25;2019-08-03
8286;65;10373;36886;2557000;0;2557000;2020-03-22;2020-03-24;2020-03-28
8288;66;9587;15086;312000;0;312000;2019-12-29;2020-01-07;2020-01-19
8298;29;5542;77637;205000;0;205000;2019-05-03;2019-05-11;2019-05-23
8299;2;5135;90563;6560000;0;6560000;2020-01-20;2020-01-22;2020-01-22
8301;20;8325;48725;432000;0;432000;2019-09-30;2019-10-14;2019-10-25
8310;10;15392;17132;1668000;0;1668000;2020-03-14;2020-03-16;2020-03-26
8311;39;7940;64287;4950000;0;4950000;2019-10-25;NA;NA
8326;52;2798;53571;1950000;0;1950000;2020-05-20;2020-05-21;2020-05-26
8327;24;5720;14757;190000;0;190000;2019-12-09;2019-12-10;2019-12-22
8329;16;5124;96062;1223000;0;1223000;2020-05-30;2020-06-08;2020-06-11
8330;41;17429;68239;2415000;0;2415000;2019-12-18;2019-12-21;NA
8343;58;17495;72346;3160000;0;3160000;2020-05-30;2020-06-07;2020-06-07
8353;15;10116;57691;360000;90000;270000;2020-03-29;2020-03-30;2020-04-11
8361;37;1397;46386;4471000;294150;4176850;2020-05-13;2020-05-27;2020-05-28
8372;30;9502;85855;4327000;0;4327000;2020-05-11;2020-05-20;2020-05-29
8373;49;1560;37827;1060000;0;1060000;2019-12-08;2019-12-18;2019-12-20
8374;30;16864;47200;1401000;0;1401000;2020-03-28;2020-04-06;2020-04-10
8379;24;10678;81875;87000;0;87000;2020-03-10;2020-03-19;2020-03-21
8386;62;14129;84923;5964000;0;5964000;2020-05-31;2020-06-10;2020-06-19
8393;15;12445;93254;4179000;0;4179000;2020-05-26;2020-06-05;2020-06-06
8394;22;10994;33818;72000;7200;64800;2019-07-15;2019-07-24;2019-08-07
8403;53;7827;43136;112000;0;112000;2019-08-09;2019-08-14;2019-08-24
8404;26;14705;42801;268000;0;268000;2019-10-11;2019-10-16;2019-10-26
8411;42;9046;51396;520000;0;520000;2019-10-03;2019-10-09;2019-10-21
8414;11;298;13594;2702000;0;2702000;2020-02-28;2020-03-03;2020-03-09
8418;31;12269;97652;2934000;192000;2742000;2020-03-23;2020-04-02;2020-04-06
8423;65;10313;14287;2964000;76000;2888000;2020-04-27;2020-05-10;2020-05-17
8430;56;2456;18479;4358000;0;4358000;2019-12-20;2019-12-23;2019-12-29
8435;64;13963;37153;5862000;0;5862000;2019-12-27;2020-01-06;2020-01-13
8436;57;8628;22612;2148000;0;2148000;2019-11-15;2019-11-16;2019-11-30
8440;14;10954;55115;443000;0;443000;2019-09-23;2019-09-25;2019-09-25
8441;65;17313;03284;646000;0;646000;2019-07-10;2019-07-22;2019-07-30
8446;66;13351;68667;1582000;0;1582000;2020-03-23;2020-04-03;2020-04-07
8473;50;16220;87834;32000;3200;28800;2019-03-02;2019-03-11;2019-03-19
8477;40;719;42874;5020000;0;5020000;2019-12-09;2019-12-19;2019-12-27
8480;3;523;26111;516000;0;516000;2019-07-23;2019-08-05;2019-08-15
8482;39;4038;28353;148000;0;148000;2019-12-24;2019-12-25;2019-12-27
8485;57;15757;87238;3264000;0;3264000;2019-09-26;2019-09-27;2019-10-11
8492;33;16427;34753;2211000;0;2211000;2020-02-12;2020-02-18;2020-02-26
8497;23;2311;61386;4462000;408900;4053100;2020-05-25;NA;NA
8501;21;11664;84532;8662000;31500;8630500;2020-04-24;2020-04-30;2020-05-06
8515;2;6128;80053;144000;0;144000;2019-11-06;2019-11-20;2019-11-22
8516;62;5550;08606;5984000;1190000;4794000;2019-09-16;2019-09-19;2019-09-26
8521;33;4639;33281;1863000;0;1863000;2019-08-15;2019-08-24;2019-08-27
8522;1;9565;25496;9294000;0;9294000;2020-05-31;NA;NA
8534;30;17445;04807;2499000;0;2499000;2020-01-25;2020-01-26;2020-02-04
8536;42;14035;57576;60000;0;60000;2019-12-24;2019-12-25;2020-01-03
8542;41;9043;49220;2405000;0;2405000;2019-10-24;2019-11-05;2019-11-08
8544;9;13;14712;2342000;0;2342000;2019-09-07;NA;NA
8549;6;16168;64852;30000;0;30000;2020-01-12;NA;NA
8561;18;12577;58135;1924000;0;1924000;2019-08-06;NA;NA
8565;22;7772;67518;882000;0;882000;2020-02-28;2020-03-06;2020-03-14
8576;55;6448;61153;164000;0;164000;2019-10-08;NA;NA
8578;52;15980;40518;4400000;0;4400000;2020-05-07;2020-05-09;NA
8579;40;13896;72870;5045000;0;5045000;2019-11-14;2019-11-15;2019-11-27
8580;23;860;02884;1437000;0;1437000;2020-03-09;2020-03-20;NA
8585;20;11060;67176;165000;0;165000;2019-06-09;2019-06-21;2019-06-30
8587;4;9778;94561;5824000;0;5824000;2019-11-30;2019-12-03;2019-12-04
8588;11;5627;39152;7308000;0;7308000;2019-12-21;2019-12-24;2020-01-01
8594;36;4523;08995;298000;0;298000;2019-10-26;2019-11-07;2019-11-15
8603;50;8134;10501;1312000;0;1312000;2019-12-12;2019-12-17;2019-12-27
8604;34;11470;72720;2262000;0;2262000;2019-12-02;2019-12-16;2019-12-21
8611;68;11809;32740;672000;0;672000;2020-05-17;2020-05-26;2020-06-04
8615;55;147;34615;110000;27500;82500;2019-10-23;2019-10-28;2019-10-28
8619;48;9979;50885;1104000;0;1104000;2019-09-12;2019-09-19;2019-09-22
8625;61;8409;08670;1092000;0;1092000;2020-02-05;2020-02-19;NA
8629;49;17881;06211;2582000;0;2582000;2019-12-03;2019-12-12;2019-12-12
8655;9;1973;16626;3774000;0;3774000;2019-08-03;2019-08-15;2019-08-16
8661;51;4898;91185;144000;0;144000;2019-12-03;2019-12-06;2019-12-17
8663;11;3705;35503;810000;0;810000;2020-03-25;NA;NA
8666;21;3773;69637;180000;0;180000;2019-08-31;2019-09-03;2019-09-03
8667;52;7116;41543;2410000;0;2410000;2020-03-29;2020-04-12;2020-04-14
8668;17;12841;43707;3390000;0;3390000;2019-11-11;2019-11-15;2019-11-26
8669;53;9957;16362;792000;0;792000;2019-09-06;2019-09-07;2019-09-09
8676;7;15294;69620;1317000;0;1317000;2020-04-20;2020-04-29;NA
8682;47;43;83422;2142000;0;2142000;2020-02-26;2020-03-10;2020-03-21
8687;40;14806;45968;774000;0;774000;2019-12-28;2019-12-30;2020-01-07
8696;40;4878;48506;3960000;0;3960000;2019-12-28;2019-12-31;2020-01-07
8698;57;5269;88610;232000;0;232000;2020-04-12;2020-04-26;2020-04-27
8705;34;16145;29912;3526000;0;3526000;2020-03-06;2020-03-11;2020-03-12
8707;53;2096;13169;460000;0;460000;2020-03-29;2020-04-12;2020-04-26
8708;43;7123;83150;9906000;0;9906000;2020-04-08;2020-04-22;2020-04-23
8733;69;2402;46164;162000;0;162000;2019-12-05;2019-12-18;2019-12-29
8734;23;14836;44654;2671000;0;2671000;2020-04-25;2020-05-08;2020-05-20
8739;42;8907;95388;968000;0;968000;2020-01-28;2020-02-09;2020-02-23
8742;24;11611;88408;434000;0;434000;2019-09-20;2019-09-27;2019-10-09
8747;30;16531;60441;634000;0;634000;2020-05-18;2020-05-30;2020-06-10
8758;31;6619;83713;829000;0;829000;2020-02-13;2020-02-23;2020-03-01
8768;34;10643;44310;2156000;0;2156000;2020-02-23;2020-03-05;2020-03-06
8770;56;3124;33448;44000;0;44000;2020-05-17;2020-05-27;2020-06-05
8773;57;11445;08693;1592000;0;1592000;2020-04-22;2020-05-04;2020-05-13
8775;49;7651;04160;1240000;0;1240000;2020-05-29;2020-06-11;2020-06-14
8776;24;10318;51480;420000;0;420000;2019-12-28;2020-01-03;NA
8798;2;1383;78916;2808000;0;2808000;2019-10-31;2019-11-01;2019-11-06
8807;61;17138;17194;840000;7200;832800;2020-05-26;2020-05-30;2020-06-11
8829;34;11417;68247;3250000;487500;2762500;2019-11-02;2019-11-06;NA
8836;15;8591;31014;3400000;0;3400000;2020-01-28;2020-02-11;2020-02-22
8838;54;933;00820;5069000;0;5069000;2020-05-17;2020-05-20;2020-05-22
8840;32;4637;11516;32000;0;32000;2019-09-03;2019-09-12;2019-09-23
8852;17;5857;52594;6600000;0;6600000;2020-05-22;2020-05-23;2020-05-30
8865;34;3517;87836;1184000;0;1184000;2019-10-21;NA;NA
8866;48;3177;45631;992000;0;992000;2019-12-06;2019-12-14;2019-12-19
8874;12;16789;36882;533000;0;533000;2020-04-06;2020-04-17;2020-04-22
8877;46;5214;75459;566000;0;566000;2020-05-04;2020-05-06;2020-05-16
8881;25;8515;36604;13426000;1386000;12040000;2020-02-23;2020-03-06;2020-03-17
8882;7;3935;89593;7441000;0;7441000;2020-02-26;2020-02-29;2020-03-04
8897;55;5596;18947;426000;84000;342000;2019-08-30;2019-09-02;2019-09-08
8899;16;1418;55199;3168000;0;3168000;2019-06-27;2019-06-30;2019-07-02
8900;52;7329;77453;1659000;0;1659000;2019-06-26;2019-07-06;2019-07-11
8905;1;12366;76446;756000;0;756000;2020-05-12;2020-05-23;NA
8912;23;8776;79401;197000;0;197000;2019-07-19;NA;NA
8913;50;10974;66282;316000;0;316000;2020-04-01;2020-04-08;NA
8925;17;17352;51287;1454000;3600;1450400;2020-02-28;2020-03-10;2020-03-17
8933;38;3252;49479;180000;0;180000;2019-10-03;2019-10-13;NA
8934;8;7864;26055;105000;0;105000;2020-02-17;2020-02-21;2020-02-24
8935;45;10879;65378;45000;0;45000;2019-12-09;2019-12-21;2019-12-28
8939;61;2511;92304;926000;0;926000;2020-02-18;2020-02-28;2020-02-29
8944;65;11031;85468;2948000;0;2948000;2020-02-05;2020-02-12;2020-02-18
8945;32;8266;99400;5130000;0;5130000;2020-02-21;2020-02-23;2020-02-29
8963;55;13700;64667;391000;0;391000;2020-02-17;2020-02-20;2020-03-02
8965;13;5052;11705;2707000;0;2707000;2020-05-06;2020-05-19;2020-05-31
8969;10;10413;45586;6013000;0;6013000;2019-12-16;2019-12-21;2019-12-28
8978;24;3784;59610;2233000;0;2233000;2020-03-26;2020-04-07;2020-04-08
8981;16;16231;93770;328000;0;328000;2020-02-21;2020-02-29;2020-03-01
8983;54;13860;45222;3515000;16000;3499000;2020-05-12;2020-05-21;2020-06-04
8998;33;9917;91208;9746000;0;9746000;2020-04-30;2020-05-05;2020-05-16
9011;8;11789;54190;717000;0;717000;2020-01-14;NA;NA
9012;24;9309;53842;6000;0;6000;2019-10-18;2019-10-26;2019-10-27
9014;48;5734;54971;250000;0;250000;2019-12-12;2019-12-20;2020-01-01
9021;17;12891;55482;476000;95200;380800;2019-10-05;2019-10-19;2019-10-28
9022;69;15209;27325;620000;0;620000;2019-10-08;2019-10-21;2019-10-26
9038;34;15279;68622;168000;0;168000;2019-09-03;2019-09-05;2019-09-16
9058;55;4784;67885;10519000;0;10519000;2020-03-31;2020-04-02;2020-04-10
9060;8;6996;14694;5987000;0;5987000;2020-03-16;NA;NA
9068;18;11499;59475;2008000;0;2008000;2019-09-07;2019-09-18;2019-09-29
9084;5;275;97023;5260000;0;5260000;2019-12-17;2019-12-22;2019-12-24
9085;11;2845;85213;754000;0;754000;2019-12-25;2020-01-07;2020-01-09
9089;11;16007;00897;1060000;0;1060000;2019-11-20;2019-12-03;NA
9095;21;8185;98388;108000;10800;97200;2019-08-14;NA;NA
9103;66;9977;20849;5465000;0;5465000;2020-05-29;2020-06-01;2020-06-12
9107;53;11868;08680;456000;0;456000;2019-12-07;2019-12-13;2019-12-13
9120;62;4275;45699;743000;0;743000;2019-09-07;2019-09-19;2019-09-23
9122;59;871;94405;1190000;0;1190000;2020-04-26;2020-05-01;2020-05-13
9129;33;16616;60593;453000;0;453000;2019-12-03;2019-12-10;2019-12-15
9143;23;8119;58609;2584000;0;2584000;2019-10-14;2019-10-17;2019-10-24
9144;8;14719;52463;2011000;94350;1916650;2020-02-16;2020-02-22;2020-03-07
9150;38;9118;70216;510000;0;510000;2020-01-08;NA;NA
9152;30;49;12064;144000;0;144000;2019-06-24;2019-07-02;2019-07-09
9159;60;13220;26972;204000;0;204000;2019-11-18;2019-12-01;2019-12-03
9160;42;5368;61261;246000;0;246000;2020-02-11;2020-02-18;2020-02-19
9172;27;9667;33911;441000;0;441000;2019-10-16;2019-10-17;2019-10-22
9178;48;13988;69448;2739000;0;2739000;2020-01-16;2020-01-26;2020-01-30
9185;2;15791;76060;10528000;0;10528000;2020-01-31;2020-02-03;2020-02-09
9195;8;17764;85620;2372000;235600;2136400;2019-05-09;2019-05-17;2019-05-21
9199;34;12489;40754;24000;0;24000;2019-07-04;2019-07-17;2019-07-26
9213;30;77;68942;304000;0;304000;2019-10-17;2019-10-20;2019-11-03
9221;43;8812;62882;978000;0;978000;2020-04-18;2020-04-26;2020-05-03
9232;33;2857;26689;5000;0;5000;2020-03-20;2020-03-29;2020-04-06
9233;21;15694;67218;1172000;0;1172000;2020-02-03;2020-02-14;2020-02-24
9240;5;1805;85217;276000;0;276000;2020-03-13;2020-03-24;2020-03-27
9248;18;13680;34295;1778000;0;1778000;2020-03-10;2020-03-12;2020-03-17
9253;62;7161;21711;3296000;0;3296000;2020-02-26;2020-03-03;2020-03-14
9266;14;309;17632;179000;0;179000;2019-12-11;2019-12-23;2019-12-30
9269;26;9691;71368;760000;0;760000;2020-02-27;2020-03-08;NA
9273;59;12653;72479;670000;61200;608800;2020-03-19;2020-04-02;2020-04-14
9278;60;12658;65154;339000;0;339000;2020-02-15;2020-02-19;2020-02-26
9297;13;70;42038;432000;0;432000;2019-10-16;2019-10-29;2019-11-02
9302;24;9090;69125;2962000;0;2962000;2020-05-09;2020-05-10;2020-05-11
9303;27;97;89163;980000;0;980000;2020-01-19;2020-01-21;2020-01-28
9308;12;17073;98455;6800000;0;6800000;2020-05-05;2020-05-19;2020-06-02
9309;56;16309;84615;5600000;0;5600000;2019-09-25;NA;NA
9316;68;6807;39993;304000;0;304000;2019-06-26;2019-07-03;2019-07-06
9321;26;5185;31037;550000;0;550000;2019-11-23;2019-11-28;2019-12-04
9323;58;13469;70623;1180000;0;1180000;2020-05-01;2020-05-03;2020-05-10
9325;62;8455;42495;2040000;0;2040000;2019-11-15;2019-11-29;2019-12-03
9335;64;11671;23870;341000;0;341000;2019-12-07;2019-12-14;2019-12-18
9348;47;15683;10736;4163000;0;4163000;2020-05-28;2020-06-08;2020-06-17
9368;64;6544;68770;312000;0;312000;2019-11-09;2019-11-22;2019-12-03
9398;47;15654;15389;216000;0;216000;2019-11-11;2019-11-18;2019-11-20
9401;6;8684;58713;36000;0;36000;2019-08-15;2019-08-26;2019-09-06
9403;5;5333;64035;740000;0;740000;2020-01-30;2020-02-03;2020-02-09
9407;67;2339;27119;1785000;0;1785000;2019-10-27;2019-11-03;NA
9413;4;6114;69910;606000;0;606000;2020-03-17;2020-03-18;2020-03-23
9415;19;6691;67219;28000;0;28000;2020-02-25;2020-02-29;2020-03-05
9423;60;10090;79486;2872000;0;2872000;2020-05-21;2020-05-22;2020-05-23
9444;29;12574;43136;895000;0;895000;2019-11-18;2019-11-29;2019-12-10
9450;52;11774;11940;176000;0;176000;2020-02-28;2020-03-10;2020-03-21
9470;48;7841;94745;105000;0;105000;2020-01-10;2020-01-20;2020-01-23
9477;2;1798;12618;16092000;0;16092000;2020-01-21;NA;NA
9480;18;15378;00849;2869000;0;2869000;2020-04-04;2020-04-07;2020-04-14
9490;5;435;02321;423000;0;423000;2020-04-18;2020-04-23;2020-04-29
9492;37;1315;20383;1727000;0;1727000;2020-01-10;2020-01-23;2020-01-30
9494;15;11764;81241;1684000;0;1684000;2019-12-07;2019-12-13;2019-12-22
9498;55;4521;53907;1360000;0;1360000;2019-10-27;2019-11-08;2019-11-17
9500;65;2423;98525;498000;0;498000;2019-12-12;2019-12-26;2020-01-06
9501;68;11193;13258;207000;0;207000;2019-10-21;2019-10-26;NA
9513;27;466;75021;3650000;0;3650000;2020-01-30;2020-02-02;2020-02-02
9514;23;11102;98329;2095000;0;2095000;2020-05-03;2020-05-15;2020-05-27
9515;23;13567;70395;1260000;0;1260000;2020-03-17;2020-03-23;2020-03-30
9523;29;11421;87831;2038000;176800;1861200;2019-12-30;2020-01-12;2020-01-16
9524;22;13228;46237;7438000;0;7438000;2019-12-22;2020-01-04;2020-01-11
9525;27;4464;30277;2048000;0;2048000;2019-12-21;2019-12-25;2020-01-05
9527;3;2234;68974;2030000;0;2030000;2020-03-26;2020-04-04;2020-04-09
9529;8;17831;76123;258000;0;258000;2019-11-27;2019-12-09;2019-12-11
9530;18;1244;30317;2296000;0;2296000;2020-05-06;2020-05-13;2020-05-23
9531;23;7944;67428;3018000;0;3018000;2019-11-30;2019-12-01;NA
9537;60;6449;74098;638000;0;638000;2020-03-31;2020-04-01;2020-04-12
9538;14;3411;03351;136000;0;136000;2019-12-16;2019-12-30;2020-01-01
9542;20;8689;88484;198000;0;198000;2020-02-26;2020-03-03;2020-03-13
9546;22;6260;86985;1608000;0;1608000;2020-02-28;2020-03-09;2020-03-13
9547;54;7083;75560;6375000;0;6375000;2020-01-05;2020-01-12;2020-01-21
9550;9;10892;49458;3563000;0;3563000;2020-01-30;2020-01-31;NA
9555;25;15996;18966;504000;0;504000;2020-04-03;2020-04-08;2020-04-09
9560;22;8499;23645;688000;0;688000;2019-11-08;2019-11-12;2019-11-15
9564;46;16144;03048;133000;0;133000;2019-07-12;2019-07-16;2019-07-16
9577;62;15640;83432;95000;0;95000;2020-03-25;2020-04-02;NA
9578;38;5048;20898;600000;0;600000;2020-03-17;2020-03-27;NA
9582;69;5357;83749;1745000;0;1745000;2020-03-31;2020-04-11;2020-04-15
9587;42;16957;61150;1111000;0;1111000;2019-09-14;2019-09-25;2019-09-26
9600;26;1935;70813;780000;0;780000;2020-05-20;2020-05-29;2020-05-29
9607;9;7293;28709;198000;0;198000;2020-02-14;2020-02-18;2020-03-03
9614;48;3043;22498;851000;0;851000;2019-12-09;2019-12-16;2019-12-18
9618;41;4888;20254;96000;0;96000;2019-06-19;2019-06-20;2019-06-30
9620;19;11450;15017;1890000;0;1890000;2019-12-25;2020-01-07;2020-01-09
9626;2;2496;45932;2852000;0;2852000;2020-05-08;2020-05-21;2020-05-26
9631;6;9131;07411;493000;0;493000;2019-11-14;2019-11-15;2019-11-22
9636;24;13906;55139;629000;0;629000;2020-02-01;2020-02-13;NA
9641;41;8566;91419;574000;0;574000;2020-03-21;2020-03-23;2020-03-26
9646;5;11238;60396;116000;0;116000;2019-10-13;2019-10-20;2019-11-01
9653;1;13320;13649;1989000;0;1989000;2019-04-29;2019-05-13;2019-05-19
9663;60;2304;64602;4453000;222750;4230250;2019-12-02;2019-12-16;2019-12-19
9684;49;10906;10926;840000;0;840000;2019-09-27;2019-10-02;2019-10-05
9690;20;16079;15465;230000;0;230000;2019-12-28;2020-01-07;2020-01-17
9707;4;542;81709;7470000;0;7470000;2020-03-14;NA;NA
9708;28;3075;54887;6072000;0;6072000;2020-05-18;2020-05-30;2020-05-30
9716;48;783;87775;252000;0;252000;2019-11-16;2019-11-19;2019-11-29
9732;16;3551;06362;4238000;0;4238000;2020-04-17;2020-04-25;2020-04-30
9733;46;3597;23157;2761000;0;2761000;2020-02-26;2020-03-05;2020-03-09
9736;28;3287;31167;266000;0;266000;2020-01-23;2020-01-27;2020-01-30
9739;42;10577;13041;444000;0;444000;2019-08-13;NA;NA
9759;60;2683;29675;476000;0;476000;2019-03-22;2019-04-04;2019-04-13
9770;53;12340;66798;2290000;0;2290000;2019-07-30;2019-08-07;2019-08-11
9771;9;15419;90933;12088000;0;12088000;2020-03-21;2020-04-02;2020-04-07
9774;55;15851;03914;1419000;0;1419000;2019-09-19;2019-09-29;2019-10-10
9789;22;8208;27874;4462000;0;4462000;2020-03-20;2020-03-28;2020-04-05
9790;3;16460;74880;2550000;0;2550000;2019-06-28;2019-07-11;2019-07-23
9796;11;11946;37021;3028000;132000;2896000;2020-03-22;2020-03-28;2020-04-03
9801;8;5760;05364;5000;0;5000;2020-01-22;NA;NA
9805;30;15552;53133;456000;0;456000;2020-01-13;2020-01-20;2020-01-31
9813;49;6268;46372;1825000;0;1825000;2019-08-25;2019-09-08;NA
9816;33;11591;90895;972000;0;972000;2019-10-07;2019-10-17;2019-10-31
9817;9;10088;04977;5786000;0;5786000;2019-07-10;2019-07-20;2019-07-24
9827;5;6502;09073;1400000;0;1400000;2019-07-05;2019-07-12;2019-07-13
9831;38;490;81112;994000;0;994000;2019-12-16;2019-12-29;2020-01-05
9832;36;8294;73487;20000;0;20000;2019-08-26;2019-09-04;2019-09-12
9843;1;2101;71374;6753000;0;6753000;2019-12-28;2020-01-08;2020-01-14
9849;5;7113;11535;3875000;0;3875000;2019-09-16;2019-09-30;2019-10-11
9850;34;86;09508;2406000;0;2406000;2019-12-26;2020-01-06;2020-01-15
9855;12;10923;80896;640000;0;640000;2020-04-17;2020-05-01;2020-05-06
9859;7;3779;29324;614000;0;614000;2019-10-11;2019-10-23;2019-11-03
9867;4;17518;80782;1438000;0;1438000;2019-11-30;2019-12-12;2019-12-24
9868;12;17195;72683;1071000;78000;993000;2020-05-05;2020-05-06;2020-05-12
9873;10;7677;73578;27000;4050;22950;2020-04-09;2020-04-23;2020-04-29
9876;15;14968;71303;252000;0;252000;2020-02-17;2020-02-26;2020-03-06
9886;64;12211;94847;3705000;0;3705000;2020-04-18;2020-04-27;2020-05-11
9887;25;16798;31990;2438000;0;2438000;2020-05-13;2020-05-26;2020-06-06
9895;24;9802;06407;920000;0;920000;2020-05-23;2020-05-26;2020-06-07
9896;35;4558;38457;2940000;0;2940000;2019-09-10;2019-09-13;NA
9908;28;5094;29140;3132000;0;3132000;2020-04-13;2020-04-19;2020-04-24
9916;15;17282;20118;402000;0;402000;2020-04-10;2020-04-19;2020-04-19
9928;39;7630;00943;198000;0;198000;2019-11-27;2019-11-29;NA
9943;9;14287;16700;6655000;0;6655000;2020-02-16;2020-02-29;2020-03-05
9970;6;5576;96987;1075000;22400;1052600;2020-04-25;NA;NA
9973;63;7792;97948;3002000;0;3002000;2019-12-23;2019-12-29;NA
9994;21;16092;97550;648000;0;648000;2019-10-25;2019-11-05;2019-11-10
9995;3;8809;98400;782000;0;782000;2019-11-21;2019-12-01;2019-12-06
9997;7;4313;97719;127000;0;127000;2019-08-28;2019-09-05;2019-09-12
9999;12;15917;61752;3666000;0;3666000;2019-12-05;2019-12-14;2019-12-24
10009;6;3099;86120;7400000;0;7400000;2019-10-20;2019-10-27;2019-10-30
10016;56;10298;53469;1061000;0;1061000;2020-05-13;2020-05-23;2020-05-24
10030;29;5488;79284;3010000;0;3010000;2019-09-28;2019-10-10;2019-10-14
10036;21;6241;91688;1318000;0;1318000;2020-04-06;2020-04-14;2020-04-17
10037;24;12709;68717;133000;0;133000;2019-08-12;2019-08-15;2019-08-16
10042;53;14319;41688;150000;0;150000;2019-09-05;2019-09-10;2019-09-24
10043;48;7663;78150;3380000;0;3380000;2020-02-07;2020-02-14;2020-02-24
10045;64;16241;24397;738000;0;738000;2019-05-14;2019-05-16;2019-05-19
10053;53;13186;81008;3968000;0;3968000;2019-12-06;2019-12-20;2019-12-26
10060;4;12545;18908;2903000;0;2903000;2019-10-12;2019-10-22;2019-11-01
10066;55;9239;95754;1394000;0;1394000;2020-02-27;NA;NA
10075;28;2990;15880;590000;0;590000;2019-11-15;2019-11-26;2019-11-28
10076;17;2883;48431;6290000;0;6290000;2020-04-28;2020-05-05;2020-05-16
10079;26;5758;56611;110000;0;110000;2020-03-29;2020-04-04;2020-04-04
10080;51;6000;63038;51000;0;51000;2020-05-14;2020-05-19;2020-06-02
10081;46;2282;44763;1169000;0;1169000;2020-03-09;2020-03-10;2020-03-16
10082;38;1837;41879;629000;33600;595400;2020-01-12;2020-01-16;2020-01-23
10086;17;5278;61752;476000;0;476000;2020-01-15;2020-01-29;2020-02-03
10092;12;6337;74041;32000;0;32000;2019-11-15;2019-11-16;2019-11-23
10096;13;1208;66550;1379000;0;1379000;2019-09-15;2019-09-21;2019-09-23
10099;18;320;87759;637000;0;637000;2019-12-14;2019-12-26;2019-12-30
10103;12;9786;93590;700000;0;700000;2019-09-17;2019-09-30;2019-10-02
10113;37;16510;09917;6120000;0;6120000;2019-12-14;2019-12-23;2019-12-29
10117;16;11027;34403;90000;0;90000;2019-07-19;2019-07-22;2019-07-30
10118;6;1508;73281;660000;0;660000;2019-08-16;2019-08-27;2019-09-07
10122;37;8943;61785;1980000;0;1980000;2019-09-27;2019-10-04;2019-10-10
10136;44;15463;50932;1333000;0;1333000;2019-05-11;2019-05-23;2019-06-04
10150;22;16883;09807;828000;0;828000;2019-08-11;2019-08-12;2019-08-23
10163;61;14722;92750;1096000;0;1096000;2019-12-07;2019-12-09;2019-12-18
10164;48;3081;97089;342000;0;342000;2019-03-08;2019-03-14;2019-03-20
10173;4;11239;57457;2250000;427500;1822500;2019-11-24;2019-11-28;2019-11-30
10183;52;12373;07630;112000;0;112000;2019-08-05;2019-08-11;2019-08-21
10187;16;2571;37929;1105000;0;1105000;2020-01-14;2020-01-25;2020-02-05
10198;23;10221;82923;5769000;0;5769000;2020-05-29;2020-06-09;2020-06-19
10220;40;13574;15862;1044000;0;1044000;2020-01-02;2020-01-08;2020-01-20
10221;63;3622;44205;4903000;0;4903000;2020-05-30;2020-06-06;2020-06-06
10231;51;2330;53957;5687000;576000;5111000;2020-05-04;NA;NA
10243;21;7640;99633;2272000;0;2272000;2019-05-05;2019-05-16;2019-05-27
10250;50;1942;70788;132000;0;132000;2019-05-06;2019-05-15;2019-05-26
10254;50;272;95710;5211000;0;5211000;2020-05-21;2020-05-24;2020-05-25
10260;1;5732;58226;4178000;0;4178000;2020-03-22;2020-03-27;2020-04-05
10262;22;10564;77739;155000;0;155000;2019-12-18;2019-12-20;2019-12-29
10279;4;5990;74535;520000;78000;442000;2019-11-29;2019-11-30;2019-12-04
10289;23;4541;89168;5676000;0;5676000;2019-11-10;2019-11-22;2019-12-01
10298;22;10632;10459;3510000;0;3510000;2019-06-02;2019-06-09;2019-06-21
10300;43;17803;43535;1460000;0;1460000;2020-04-21;2020-05-04;2020-05-16
10310;68;12159;72479;4080000;0;4080000;2019-06-27;2019-07-07;2019-07-21
10313;32;10150;85019;497000;0;497000;2020-04-14;2020-04-22;2020-05-03
10337;57;8005;07360;492000;0;492000;2019-12-17;2019-12-30;2020-01-07
10342;25;6112;08456;2896000;0;2896000;2020-04-24;2020-05-04;2020-05-13
10357;36;8408;71055;2759000;0;2759000;2019-12-01;NA;NA
10360;5;14845;22736;1134000;0;1134000;2019-12-25;2019-12-28;2020-01-06
10370;47;872;13022;2892000;0;2892000;2019-12-06;2019-12-11;2019-12-23
10371;64;17808;92036;6896000;0;6896000;2020-05-30;2020-06-08;2020-06-14
10373;40;2264;67940;1784000;0;1784000;2020-02-26;2020-03-02;2020-03-07
10388;36;17628;06362;6800000;0;6800000;2020-04-02;2020-04-06;2020-04-07
10399;40;188;12314;2080000;0;2080000;2019-05-20;2019-05-21;2019-05-26
10400;18;13489;45436;5762000;0;5762000;2020-05-07;2020-05-17;NA
10413;66;1462;53214;690000;0;690000;2020-01-25;2020-01-29;2020-02-05
10416;57;3940;18453;63000;0;63000;2020-05-27;2020-06-01;2020-06-03
10421;35;5162;27224;1584000;0;1584000;2019-11-04;2019-11-09;2019-11-15
10422;42;4863;86199;216000;0;216000;2019-08-31;2019-09-02;2019-09-10
10439;34;4168;36384;180000;0;180000;2020-05-27;2020-06-03;2020-06-14
10444;42;1604;82457;296000;0;296000;2020-02-06;2020-02-07;2020-02-08
10469;12;9365;75005;1320000;0;1320000;2019-12-20;2019-12-28;2020-01-08
10470;66;13021;45215;8270000;112200;8157800;2020-03-26;2020-04-08;2020-04-13
10471;20;6988;68356;480000;0;480000;2019-10-10;2019-10-24;2019-10-30
10476;54;1321;98914;976000;0;976000;2020-04-16;2020-04-24;2020-05-01
10502;43;11408;79980;210000;0;210000;2019-09-11;2019-09-17;2019-09-22
10505;28;7441;23458;1548000;0;1548000;2019-10-26;2019-10-31;2019-10-31
10515;35;6955;98818;330000;0;330000;2019-12-07;2019-12-10;2019-12-17
10516;21;1338;26032;1676000;0;1676000;2020-03-28;2020-04-08;2020-04-17
10520;43;13673;03638;905000;0;905000;2019-12-15;2019-12-29;NA
10521;30;7555;37947;768000;0;768000;2019-04-04;2019-04-08;2019-04-16
10525;13;11730;79382;463000;0;463000;2019-10-27;2019-11-09;2019-11-10
10526;56;14746;24034;442000;0;442000;2019-10-23;2019-10-28;2019-11-02
10539;68;5641;85370;310000;0;310000;2019-10-11;2019-10-12;2019-10-26
10547;2;14740;68967;866000;130500;735500;2020-04-23;2020-05-07;2020-05-17
10554;53;9698;99242;499000;0;499000;2020-05-04;2020-05-09;2020-05-21
10564;30;14008;95583;374000;0;374000;2019-10-29;2019-11-02;2019-11-03
10568;47;1969;98752;270000;0;270000;2019-12-11;2019-12-14;2019-12-22
10571;15;2370;61347;2204000;0;2204000;2020-02-14;NA;NA
10577;47;14268;24562;12768000;0;12768000;2020-04-12;2020-04-26;2020-04-30
10582;6;12187;50395;10514000;0;10514000;2020-01-19;2020-01-21;2020-01-26
10595;14;10569;16670;2750000;0;2750000;2020-02-24;2020-03-03;2020-03-12
10612;38;15805;74027;154000;0;154000;2019-04-19;2019-05-02;2019-05-02
10640;45;6122;39042;738000;0;738000;2020-05-09;2020-05-17;2020-05-21
10644;17;3293;55206;540000;0;540000;2019-11-12;NA;NA
10648;56;8416;62800;1350000;0;1350000;2020-01-09;2020-01-13;2020-01-21
10657;65;13380;61950;2006000;0;2006000;2019-12-21;2019-12-25;2020-01-04
10668;68;10779;92473;2092000;0;2092000;2019-12-27;2020-01-02;2020-01-05
10669;27;16430;97994;81000;0;81000;2020-01-09;2020-01-22;2020-02-02
10670;65;1752;75252;42000;0;42000;2019-04-13;2019-04-19;2019-04-19
10672;36;15384;34597;922000;0;922000;2019-12-06;2019-12-16;2019-12-26
10674;32;8191;38196;640000;0;640000;2019-11-06;2019-11-15;2019-11-24
10684;8;16683;60337;3127000;0;3127000;2020-04-08;2020-04-13;2020-04-21
10685;34;11535;38881;2598000;19200;2578800;2020-02-01;2020-02-08;2020-02-22
10690;13;952;65130;216000;0;216000;2020-05-27;2020-06-01;2020-06-01
10694;21;13338;09647;684000;0;684000;2019-10-20;2019-11-03;NA
10697;38;12473;11404;168000;0;168000;2020-02-27;NA;NA
10702;57;5632;39564;36000;0;36000;2019-08-10;2019-08-14;2019-08-21
10711;64;14114;29591;658000;0;658000;2020-03-09;2020-03-14;2020-03-16
10712;41;12029;65990;666000;0;666000;2020-04-27;2020-05-04;2020-05-18
10721;46;10661;00980;18000;0;18000;2019-03-13;2019-03-17;2019-03-23
10723;42;4309;79711;390000;0;390000;2019-06-24;2019-07-06;2019-07-12
10727;7;4289;87516;451000;0;451000;2019-12-26;2020-01-04;2020-01-18
10729;65;2065;24465;266000;0;266000;2020-01-21;2020-01-29;2020-02-07
10736;33;16731;52721;779000;0;779000;2019-08-18;2019-08-30;2019-09-09
10743;58;6934;54170;2947000;0;2947000;2020-03-16;2020-03-29;2020-04-06
10744;3;12016;82908;264000;0;264000;2019-10-15;2019-10-29;2019-11-02
10746;1;541;94741;315000;0;315000;2019-11-17;2019-11-29;2019-12-03
10748;14;3053;67288;156000;0;156000;2019-09-08;2019-09-13;2019-09-20
10753;40;11302;55582;8265000;0;8265000;2020-04-23;2020-04-24;2020-05-03
10756;33;11052;79175;7100000;0;7100000;2020-04-30;2020-05-04;2020-05-08
10763;30;6274;56409;18476000;999400;17476600;2020-05-31;2020-06-12;2020-06-24
10769;48;522;78193;404000;0;404000;2019-09-27;2019-10-08;2019-10-14
10786;50;308;36834;5769000;0;5769000;2020-05-02;2020-05-07;2020-05-10
10791;41;13720;20957;6355000;0;6355000;2020-04-16;2020-04-29;2020-05-06
10792;43;4267;58789;4071000;0;4071000;2020-05-25;2020-06-04;2020-06-04
10795;63;13704;68108;5469000;0;5469000;2019-11-12;NA;NA
10797;13;7319;45932;4052000;0;4052000;2020-05-17;2020-05-28;2020-06-08
10798;69;4437;28058;162000;0;162000;2019-11-18;2019-11-26;2019-12-05
10807;69;10005;15550;104000;0;104000;2019-09-08;2019-09-19;2019-09-27
10811;15;7413;88317;648000;0;648000;2020-03-05;2020-03-11;2020-03-17
10820;67;9411;50223;152000;0;152000;2020-04-08;2020-04-20;2020-04-26
10827;3;8761;10335;5567000;37800;5529200;2020-01-29;2020-01-31;2020-02-14
10834;36;3235;85104;1031000;0;1031000;2020-04-30;2020-05-05;2020-05-06
10838;40;16997;74923;2603000;0;2603000;2020-04-15;2020-04-20;2020-04-25
10841;44;16412;78779;48000;0;48000;2020-02-03;2020-02-14;2020-02-24
10846;51;4821;26005;3625000;0;3625000;2019-12-10;2019-12-12;2019-12-13
10857;37;10494;24024;448000;0;448000;2020-03-11;2020-03-15;2020-03-15
10875;8;9314;90424;1038000;0;1038000;2020-01-30;2020-01-31;2020-02-08
10884;66;14399;34453;1174000;0;1174000;2020-03-23;2020-03-26;2020-04-01
10895;8;17896;59979;1393000;0;1393000;2020-02-20;2020-03-05;2020-03-06
10904;41;16381;34004;157000;7400;149600;2019-11-04;2019-11-12;2019-11-19
10908;48;17624;20127;2094000;0;2094000;2020-05-30;2020-06-07;2020-06-09
10916;14;4019;34057;3383000;0;3383000;2019-07-04;2019-07-09;2019-07-16
10921;7;5571;50639;330000;0;330000;2020-01-16;2020-01-18;2020-01-28
10932;23;397;18289;438000;0;438000;2020-03-27;2020-03-29;2020-04-05
10971;39;10600;59598;306000;0;306000;2019-10-26;2019-11-07;2019-11-10
10972;43;6543;35824;1461000;0;1461000;2020-05-03;NA;NA
10982;7;4184;86137;403000;0;403000;2020-05-25;2020-05-29;2020-06-08
10985;7;7177;49946;403000;0;403000;2019-09-16;2019-09-19;2019-09-24
10999;34;15149;24689;112000;0;112000;2019-10-02;2019-10-03;2019-10-14
11000;50;5191;33177;200000;0;200000;2019-08-21;2019-08-22;2019-08-23
11001;1;1294;34176;269000;0;269000;2019-12-16;2019-12-17;2019-12-24
11022;26;13831;02323;63000;0;63000;2019-12-16;2019-12-24;2020-01-02
11023;37;13312;34703;2275000;120000;2155000;2020-03-22;2020-03-31;2020-04-11
11034;65;8739;15885;4722000;0;4722000;2020-04-19;2020-04-25;2020-05-02
11036;3;10595;25559;9000;0;9000;2019-08-19;2019-08-22;2019-08-31
11039;48;11121;52788;2628000;0;2628000;2020-05-28;2020-06-05;2020-06-12
11043;2;11683;51673;320000;0;320000;2019-05-06;2019-05-20;2019-05-21
11056;57;10959;25400;6873000;0;6873000;2020-04-16;2020-04-18;2020-04-22
11057;1;602;00716;85000;0;85000;2019-10-25;2019-11-07;2019-11-21
11058;49;3703;99928;2918000;0;2918000;2020-05-17;2020-05-30;2020-06-10
11063;26;814;42455;7085000;10800;7074200;2020-05-18;2020-05-20;2020-05-25
11072;20;11613;92904;70000;0;70000;2019-10-24;2019-10-26;2019-11-01
11073;65;7367;28486;6628000;210000;6418000;2020-03-31;2020-04-06;2020-04-16
11081;60;14013;90689;4176000;0;4176000;2019-05-21;2019-05-26;2019-06-04
11083;16;3354;15826;228000;0;228000;2019-07-01;2019-07-03;2019-07-11
11084;20;6117;48426;768000;100800;667200;2019-11-17;2019-11-27;2019-11-27
11086;65;6136;29161;6368000;0;6368000;2020-03-02;2020-03-15;2020-03-29
11094;25;5965;42126;7420000;0;7420000;2020-01-01;2020-01-04;2020-01-06
11101;17;9240;05994;386000;0;386000;2020-03-13;2020-03-27;2020-04-05
11107;3;12917;36798;802000;0;802000;2019-11-03;2019-11-07;NA
11112;58;11430;77145;2258000;0;2258000;2020-04-27;2020-04-29;2020-05-06
11120;59;13307;92191;432000;0;432000;2019-12-21;2019-12-31;2020-01-01
11121;46;10108;73474;1376000;0;1376000;2019-11-28;2019-12-03;2019-12-06
11132;30;2984;43173;8799000;0;8799000;2019-09-29;2019-10-02;2019-10-06
11136;28;15611;42158;207000;0;207000;2019-03-01;2019-03-03;NA
11137;13;14678;64806;100000;0;100000;2019-10-23;2019-10-27;2019-11-01
11142;64;3687;36567;144000;0;144000;2019-07-25;2019-07-28;2019-07-31
11156;60;7443;70886;182000;0;182000;2019-08-26;2019-09-05;2019-09-11
11170;47;8416;56448;284000;0;284000;2020-02-29;2020-03-07;NA
11176;28;17340;77414;560000;0;560000;2019-04-09;2019-04-11;2019-04-25
11180;18;6152;17734;850000;0;850000;2019-09-15;2019-09-18;2019-09-26
11184;42;3583;04409;6164000;0;6164000;2020-04-05;2020-04-06;2020-04-20
11187;22;7701;00068;928000;0;928000;2019-11-09;2019-11-20;2019-11-27
11189;21;7193;33780;1475000;0;1475000;2020-01-07;2020-01-10;2020-01-16
11195;58;6719;32477;30000;0;30000;2020-05-21;2020-05-31;2020-06-11
11196;69;12107;90544;882000;0;882000;2019-10-26;2019-10-29;2019-11-03
11198;38;12591;70611;1126000;0;1126000;2020-05-23;2020-05-28;2020-06-04
11201;54;15432;62374;2043000;41250;2001750;2020-04-27;2020-05-09;2020-05-18
11203;34;9729;06211;3549000;0;3549000;2020-04-10;2020-04-24;2020-05-05
11207;66;3699;05403;136000;0;136000;2019-08-31;2019-09-01;2019-09-12
11222;63;4420;44454;1060000;0;1060000;2020-05-16;2020-05-20;2020-05-31
11227;52;1049;61254;2646000;0;2646000;2020-03-20;2020-03-26;2020-04-03
11239;4;8393;64223;11409000;0;11409000;2020-05-29;2020-06-07;NA
11245;7;7085;87744;462000;0;462000;2020-03-11;2020-03-21;2020-04-01
11252;12;17311;26853;819000;0;819000;2020-04-18;2020-04-20;2020-04-26
11255;42;15529;57019;735000;0;735000;2019-10-31;2019-11-09;2019-11-15
11290;41;4961;26430;3234000;0;3234000;2019-08-18;2019-08-23;2019-08-27
11291;6;5809;43946;120000;0;120000;2019-08-12;2019-08-23;2019-08-31
11295;68;5947;27686;78000;0;78000;2019-11-22;2019-11-30;2019-12-11
11300;49;15703;09299;456000;0;456000;2019-12-24;2019-12-26;2020-01-07
11303;68;1977;05120;2274000;0;2274000;2019-12-08;2019-12-15;2019-12-20
11319;4;13064;09372;735000;0;735000;2019-09-12;2019-09-25;2019-10-04
11328;45;10776;78266;72000;0;72000;2019-10-26;2019-10-31;2019-11-04
11333;50;6385;09707;170000;0;170000;2019-11-07;2019-11-19;NA
11345;37;2818;55555;4867000;0;4867000;2020-05-08;2020-05-09;2020-05-21
11348;19;12543;30485;3060000;0;3060000;2019-11-03;2019-11-12;2019-11-20
11353;45;16975;49593;2260000;0;2260000;2020-02-07;2020-02-15;2020-02-18
11364;48;11582;02904;660000;0;660000;2019-11-21;2019-11-22;2019-11-27
11365;64;4780;31666;634000;0;634000;2020-02-24;2020-03-04;2020-03-05
11371;56;12030;45001;435000;0;435000;2020-05-22;2020-05-24;2020-05-27
11395;52;14194;56449;2128000;0;2128000;2019-11-09;NA;NA
11398;14;16115;70775;2170000;0;2170000;2020-05-11;2020-05-24;2020-05-29
11412;21;15641;56059;851000;0;851000;2020-01-13;2020-01-22;2020-02-02
11428;39;2817;33639;208000;0;208000;2019-11-14;2019-11-24;2019-12-06
11444;1;11120;69774;4868000;0;4868000;2019-08-26;2019-08-31;2019-09-02
11450;4;14381;10265;1116000;0;1116000;2019-12-30;2020-01-01;2020-01-05
11451;31;9470;88351;480000;0;480000;2020-01-20;2020-02-03;2020-02-08
11452;30;13982;65245;1689000;0;1689000;2020-05-19;2020-05-28;2020-06-06
11455;23;10594;44415;90000;0;90000;2019-08-01;2019-08-06;2019-08-12
11458;10;13256;47095;204000;0;204000;2019-08-04;2019-08-11;2019-08-11
11461;68;12099;68134;342000;0;342000;2020-03-19;2020-03-23;2020-03-24
11468;31;9655;33918;6680000;0;6680000;2020-03-15;2020-03-22;2020-03-28
11490;26;4344;34318;2465000;0;2465000;2019-11-11;2019-11-16;2019-11-19
11492;67;1562;45047;9855000;0;9855000;2020-04-27;2020-05-04;2020-05-13
11495;57;11845;24809;26272000;0;26272000;2019-10-06;2019-10-13;2019-10-16
11500;44;5101;18976;252000;0;252000;2020-05-18;2020-05-22;2020-06-03
11507;53;6961;54577;66000;0;66000;2019-11-15;2019-11-18;2019-11-29
11516;33;8901;54814;7063000;0;7063000;2020-05-29;2020-06-10;2020-06-12
11523;24;14092;07025;6248000;0;6248000;2020-04-15;2020-04-27;2020-04-29
11524;28;13914;32496;336000;0;336000;2020-02-24;NA;NA
11525;39;7609;49871;153000;0;153000;2019-11-17;2019-11-18;2019-11-21
11526;37;4478;92910;9148000;0;9148000;2020-05-17;2020-05-29;2020-06-07
11535;28;14711;85555;400000;0;400000;2019-10-15;2019-10-27;2019-11-07
11539;31;13722;13689;1300000;0;1300000;2019-07-27;2019-07-29;2019-07-31
11542;24;5819;75082;544000;0;544000;2020-05-14;2020-05-20;2020-05-20
11545;43;14140;61464;767000;61050;705950;2020-01-17;2020-01-28;2020-02-09
11546;10;5867;97804;829000;103400;725600;2020-04-08;2020-04-16;2020-04-16
11547;19;10796;50148;2032000;8400;2023600;2020-02-17;2020-02-20;2020-02-21
11548;66;5367;98438;714000;0;714000;2019-05-02;2019-05-13;2019-05-27
11571;14;17063;58315;2439000;0;2439000;2020-02-10;2020-02-14;2020-02-26
11572;45;9649;74549;4068000;0;4068000;2020-05-11;2020-05-24;NA
11573;43;12439;34449;4776000;0;4776000;2020-05-14;NA;NA
11584;26;8731;13631;144000;0;144000;2020-01-12;2020-01-19;2020-01-28
11587;28;7304;02522;207000;0;207000;2019-09-24;2019-09-30;2019-10-03
11593;21;15719;81758;6197000;0;6197000;2020-02-07;2020-02-18;2020-02-19
11601;61;373;46727;6808000;320000;6488000;2020-03-27;2020-03-30;2020-04-07
11603;69;520;05069;1240000;0;1240000;2019-12-13;2019-12-23;2020-01-02
11611;39;7136;77449;532000;0;532000;2020-04-28;2020-05-06;2020-05-10
11624;38;3072;86950;1180000;24600;1155400;2019-12-31;2020-01-03;2020-01-06
11630;15;13496;57813;1014000;0;1014000;2019-11-19;2019-11-23;2019-11-30
11631;46;8176;06108;4552000;100750;4451250;2019-12-29;2020-01-10;2020-01-16
11633;13;15392;07803;4430000;0;4430000;2019-07-29;2019-08-04;2019-08-16
11637;7;11098;45121;4134000;0;4134000;2020-01-06;2020-01-07;2020-01-09
11640;68;10013;53959;312000;0;312000;2019-09-22;2019-09-25;NA
11645;61;13257;78139;36000;0;36000;2019-10-30;2019-10-31;2019-11-09
11651;7;6738;92765;1364000;0;1364000;2020-03-12;2020-03-17;2020-03-20
11662;65;6718;81811;2080000;0;2080000;2019-11-15;2019-11-22;2019-11-30
11683;9;6391;87955;652000;17500;634500;2020-04-21;2020-05-04;2020-05-08
11687;58;17144;94945;2860000;0;2860000;2020-04-23;2020-05-07;2020-05-16
11694;11;6172;48839;132000;0;132000;2019-07-30;2019-08-02;2019-08-12
11697;11;2013;60481;532000;0;532000;2019-12-10;2019-12-23;2020-01-04
11721;57;15020;75865;2076000;0;2076000;2019-12-29;2020-01-07;2020-01-21
11723;52;357;56924;30000;0;30000;2019-09-30;2019-10-07;2019-10-19
11733;41;11210;15282;34000;0;34000;2020-02-23;2020-03-06;2020-03-12
11734;69;1066;22612;1410000;0;1410000;2020-02-03;2020-02-13;2020-02-25
11735;38;9992;93249;3372000;0;3372000;2019-12-25;2019-12-26;2020-01-05
11748;44;4612;66248;2214000;0;2214000;2019-09-27;2019-10-03;2019-10-07
11751;47;4286;11936;170000;0;170000;2019-09-11;2019-09-21;2019-09-22
11765;61;16661;73479;1928000;0;1928000;2020-03-01;2020-03-07;2020-03-19
11785;65;9324;38113;1072000;0;1072000;2020-03-08;2020-03-17;2020-03-21
11793;2;6559;64158;1848000;0;1848000;2020-01-23;2020-01-25;2020-01-31
11795;35;1575;52710;32000;6400;25600;2019-09-09;2019-09-14;2019-09-21
11801;61;8049;10476;1200000;0;1200000;2019-07-31;2019-08-03;2019-08-08
11817;34;11477;86659;585000;0;585000;2020-05-27;2020-06-10;NA
11821;60;8729;40061;5063000;0;5063000;2020-04-18;2020-04-21;2020-04-24
11824;25;17747;55210;1044000;0;1044000;2019-09-24;2019-10-04;2019-10-14
11837;8;3501;20581;1040000;0;1040000;2019-10-13;2019-10-14;2019-10-24
11838;14;17726;46392;1500000;0;1500000;2019-09-14;2019-09-19;2019-09-28
11841;69;7695;60447;810000;0;810000;2020-03-15;2020-03-27;2020-03-28
11851;10;3209;92347;2067000;0;2067000;2020-02-11;2020-02-20;2020-02-22
11854;16;2686;32692;805000;40950;764050;2019-10-22;2019-10-25;2019-11-02
11859;18;8740;08894;2624000;0;2624000;2020-01-11;2020-01-17;2020-01-20
11865;50;5242;25601;1891000;0;1891000;2019-12-13;2019-12-18;2019-12-18
11869;60;15005;30835;1136000;0;1136000;2020-02-29;2020-03-14;2020-03-28
11883;55;402;52083;2769000;0;2769000;2019-10-16;2019-10-25;2019-10-25
11884;11;10608;95654;275000;0;275000;2019-10-01;2019-10-07;2019-10-07
11885;34;10307;87782;6144000;0;6144000;2019-10-17;2019-10-20;2019-10-24
11899;3;12007;34649;291000;0;291000;2020-05-19;2020-05-21;2020-05-29
11900;65;9428;49910;804000;29700;774300;2020-03-12;2020-03-19;2020-03-26
11903;24;15674;66775;3831000;0;3831000;2020-02-14;NA;NA
11906;1;11393;02092;621000;0;621000;2020-02-11;NA;NA
11910;48;3005;48445;4339000;0;4339000;2019-09-19;2019-10-01;2019-10-11
11917;25;1840;80899;2600000;0;2600000;2020-02-28;2020-03-07;2020-03-17
11924;22;13536;86324;1369000;0;1369000;2020-05-17;2020-05-27;2020-05-29
11931;18;16349;53232;32000;0;32000;2020-03-24;2020-04-07;2020-04-16
11936;1;166;73771;6661000;0;6661000;2019-09-25;2019-10-05;NA
11939;19;9030;15867;1392000;0;1392000;2020-05-29;2020-06-04;2020-06-05
11943;46;3088;40562;987000;0;987000;2019-12-19;2020-01-01;2020-01-01
11951;20;5118;56174;445000;0;445000;2020-03-05;NA;NA
11952;64;9733;61487;3962000;0;3962000;2019-12-21;2019-12-23;2019-12-23
11954;35;13825;04212;396000;0;396000;2020-02-21;NA;NA
11960;60;15880;66610;5504000;0;5504000;2019-12-24;2020-01-05;2020-01-10
11989;42;10522;48276;1440000;0;1440000;2019-12-18;2019-12-29;2019-12-30
11992;28;9869;19276;1344000;0;1344000;2019-07-30;2019-08-05;2019-08-17
11998;4;9296;31375;990000;0;990000;2019-11-25;2019-12-05;2019-12-10
12001;18;17760;43885;3753000;0;3753000;2020-02-22;2020-03-02;2020-03-03
12004;23;6888;25506;156000;0;156000;2019-09-24;2019-09-25;2019-09-28
12009;50;5212;00993;4152000;0;4152000;2020-04-17;2020-04-21;2020-05-01
12012;10;14537;63033;1408000;0;1408000;2020-03-09;2020-03-21;2020-03-23
12015;46;709;92117;518000;0;518000;2019-07-09;2019-07-19;2019-07-21
12027;23;10242;00461;1149000;0;1149000;2020-05-19;2020-05-31;2020-06-01
12036;16;12207;51976;5779000;0;5779000;2019-11-24;2019-11-25;2019-12-09
12037;63;4236;03275;1110000;0;1110000;2019-10-14;2019-10-22;2019-10-26
12043;48;16745;33136;1536000;0;1536000;2020-04-26;2020-04-29;2020-05-02
12052;33;1051;34079;1482000;0;1482000;2020-02-28;2020-03-09;2020-03-15
12055;30;7092;06841;9200000;0;9200000;2019-04-29;2019-05-02;NA
12057;52;4343;78317;10000;0;10000;2020-01-15;2020-01-29;NA
12060;38;14151;28486;304000;0;304000;2019-12-27;2020-01-06;2020-01-17
12081;52;16281;02539;114000;0;114000;2019-12-28;2020-01-03;2020-01-07
12098;48;11820;80575;1566000;0;1566000;2019-06-04;2019-06-06;NA
12102;14;14834;31261;32000;0;32000;2019-08-09;NA;NA
12111;14;8636;73098;1910000;0;1910000;2020-03-29;2020-03-31;2020-04-02
12113;27;13872;62947;76000;0;76000;2020-05-22;2020-05-25;2020-06-01
12118;66;11196;83603;1455000;0;1455000;2019-06-25;2019-07-08;2019-07-11
12120;53;6506;95634;1483000;0;1483000;2019-12-31;2020-01-06;2020-01-08
12122;42;12282;33283;408000;0;408000;2020-03-04;2020-03-17;2020-03-24
12136;22;5187;73337;2220000;0;2220000;2019-12-05;2019-12-10;2019-12-12
12137;58;11002;44566;516000;0;516000;2020-02-09;2020-02-16;2020-02-16
12138;22;8462;88485;375000;0;375000;2019-10-28;2019-11-08;2019-11-20
12143;18;8630;94435;1088000;0;1088000;2020-05-03;2020-05-11;2020-05-12
12145;16;5783;18300;195000;0;195000;2020-01-13;NA;NA
12153;15;3072;37836;1980000;0;1980000;2020-02-03;2020-02-15;2020-02-21
12162;58;4289;88582;410000;0;410000;2019-11-02;2019-11-07;2019-11-07
12164;50;3679;62737;1240000;0;1240000;2019-09-09;2019-09-10;2019-09-15
12171;14;7798;97258;8250000;0;8250000;2020-04-12;2020-04-13;2020-04-27
12184;37;17875;67467;2339000;159100;2179900;2019-11-21;2019-12-02;2019-12-10
12188;34;4557;43244;6424000;0;6424000;2020-02-16;2020-02-25;2020-02-26
12190;27;11637;27592;32000;0;32000;2019-12-09;2019-12-23;2020-01-06
12195;39;4542;04160;1649000;0;1649000;2020-02-20;2020-02-22;2020-03-07
12210;43;14715;10370;4450000;0;4450000;2019-07-28;2019-08-08;2019-08-10
12214;38;4788;33028;6000;0;6000;2019-10-16;2019-10-27;2019-11-01
12224;16;16605;46879;1415000;0;1415000;2020-03-17;2020-03-27;2020-03-29
12236;31;13384;68218;4146000;0;4146000;2019-12-28;2019-12-30;2020-01-03
12239;37;11175;74253;4460000;0;4460000;2019-12-18;2019-12-31;2020-01-12
12249;50;2910;51408;704000;0;704000;2019-12-11;2019-12-13;2019-12-13
12250;46;6471;72694;2370000;0;2370000;2020-05-07;2020-05-09;2020-05-20
12259;62;7257;88568;78000;0;78000;2020-05-29;2020-05-30;2020-05-31
12261;68;12589;63464;839000;0;839000;2020-04-13;2020-04-27;2020-05-07
12269;63;8156;33619;4540000;0;4540000;2019-12-08;2019-12-10;2019-12-15
12284;14;12445;93254;440000;0;440000;2019-11-15;2019-11-19;2019-11-26
12305;8;7537;94009;731000;0;731000;2020-05-05;2020-05-14;2020-05-16
12307;8;33;85389;2184000;0;2184000;2019-10-10;2019-10-15;2019-10-22
12322;65;2074;96651;1715000;0;1715000;2020-05-25;2020-06-02;2020-06-11
12323;21;7548;68246;24000;0;24000;2019-10-12;2019-10-16;2019-10-28
12335;55;11610;89306;880000;0;880000;2020-02-23;2020-03-08;2020-03-22
12342;39;15789;01460;1144000;0;1144000;2020-04-27;2020-05-07;2020-05-21
12344;15;13094;25643;1440000;0;1440000;2020-03-25;2020-04-02;2020-04-05
12346;52;8305;22494;3644000;0;3644000;2019-08-21;NA;NA
12361;34;11953;54301;1170000;0;1170000;2020-04-03;NA;NA
12362;49;6730;50572;368000;0;368000;2019-12-30;2020-01-01;2020-01-07
12363;26;15033;61169;120000;0;120000;2019-06-23;2019-06-30;2019-07-10
12368;32;12539;39172;1404000;0;1404000;2019-10-16;2019-10-24;2019-11-05
12381;57;1379;03650;1008000;0;1008000;2020-03-04;2020-03-14;2020-03-23
12392;59;10384;65378;336000;0;336000;2019-10-25;2019-10-30;2019-10-30
12398;68;967;74046;1402000;0;1402000;2020-05-18;NA;NA
12405;6;9041;75131;1820000;0;1820000;2019-12-28;2020-01-10;2020-01-11
12411;5;1970;16140;342000;0;342000;2020-05-14;2020-05-17;2020-05-21
12413;58;12783;16425;5068000;0;5068000;2019-10-26;2019-11-06;2019-11-07
12430;35;6806;97989;112000;0;112000;2020-02-14;2020-02-20;2020-02-25
12431;25;9081;72614;280000;0;280000;2020-04-24;2020-05-01;2020-05-09
12442;22;13313;34415;174000;0;174000;2019-10-14;2019-10-24;NA
12443;28;6866;48586;70000;0;70000;2019-08-03;2019-08-15;2019-08-25
12446;11;2488;85062;192000;0;192000;2019-12-31;2020-01-01;NA
12449;10;7914;16593;2071000;114000;1957000;2019-07-28;2019-07-29;2019-07-29
12453;22;240;31799;916000;0;916000;2019-10-25;NA;NA
12456;8;14372;72114;533000;0;533000;2020-02-02;2020-02-03;2020-02-07
12458;16;9577;42484;1170000;0;1170000;2019-10-04;2019-10-15;2019-10-21
12462;17;12817;27318;49000;0;49000;2019-08-30;2019-09-07;NA
12466;47;4021;92084;1082000;0;1082000;2019-08-28;2019-09-10;2019-09-13
12467;15;8599;61387;3626000;0;3626000;2019-06-28;2019-07-01;2019-07-06
12481;42;6036;83633;65000;0;65000;2020-05-30;2020-06-04;2020-06-16
12483;38;12134;38772;2296000;0;2296000;2019-10-24;2019-10-31;2019-10-31
12487;3;9987;78232;2106000;0;2106000;2019-08-15;2019-08-27;2019-09-04
12499;2;4050;02429;3481000;410400;3070600;2020-04-12;2020-04-26;2020-05-01
12502;9;9118;42894;3791000;0;3791000;2020-04-15;2020-04-16;2020-04-24
12503;13;966;88148;2160000;0;2160000;2020-03-22;2020-04-04;2020-04-11
12508;51;1860;96691;136000;0;136000;2020-01-20;2020-02-03;2020-02-12
12511;41;876;72365;42000;0;42000;2019-03-03;2019-03-09;2019-03-21
12518;15;9229;27801;1204000;0;1204000;2019-09-19;2019-09-27;2019-10-04
12521;51;11714;35781;666000;0;666000;2019-10-03;2019-10-04;2019-10-15
12523;40;12802;40878;520000;0;520000;2019-11-17;2019-11-27;2019-12-03
12528;31;3807;93446;82000;0;82000;2019-04-09;2019-04-13;2019-04-18
12537;50;7325;86180;75000;0;75000;2020-03-31;2020-04-03;2020-04-15
12539;6;14546;90844;703000;0;703000;2019-05-16;NA;NA
12540;54;17533;48748;117000;0;75000;2020-01-23;2020-01-30;2020-01-31
12551;67;12755;53879;528000;0;528000;2019-11-03;2019-11-07;2019-11-08
12557;9;10868;70642;935000;0;935000;2019-09-19;2019-09-29;2019-10-05
12559;16;16573;91832;1125000;0;1125000;2020-04-15;2020-04-18;2020-04-28
12560;10;14608;09409;8898000;0;8898000;2020-04-18;2020-04-24;2020-05-06
12562;50;6672;11288;897000;0;897000;2019-12-30;2020-01-04;2020-01-04
12563;37;15724;57715;2511000;0;2511000;2019-11-16;2019-11-26;2019-12-02
12573;59;17905;66953;108000;0;108000;2020-01-10;2020-01-18;2020-01-22
12579;2;6952;71181;3725000;0;3725000;2020-03-16;2020-03-23;2020-03-26
12580;58;2259;58508;1485000;0;1485000;2020-03-29;2020-04-10;2020-04-11
12582;10;16345;17457;356000;0;356000;2020-04-20;NA;NA
12584;42;11531;37327;2478000;0;2478000;2019-12-24;2019-12-31;2020-01-10
12588;9;14414;11260;702000;66000;636000;2019-11-15;2019-11-24;2019-12-04
12589;65;15170;44902;8537000;0;8537000;2020-05-24;2020-05-28;2020-06-06
12602;3;12028;54700;3492000;0;3492000;2020-05-07;2020-05-13;2020-05-13
12604;67;7661;40805;950000;0;950000;2020-03-21;2020-03-27;2020-03-29
12608;54;1152;87209;5109000;0;5109000;2019-07-20;2019-07-22;2019-07-25
12611;8;11347;04283;1816000;0;1810000;2020-03-18;2020-03-21;2020-03-30
12623;56;13436;80155;136000;0;136000;2019-10-01;2019-10-15;2019-10-17
12625;47;15920;59475;1430000;0;1430000;2019-10-29;NA;NA
12636;12;17062;50559;1032000;0;1032000;2020-04-12;2020-04-19;2020-04-28
12640;60;9190;43809;140000;0;140000;2019-07-04;2019-07-11;2019-07-21
12641;10;8650;87135;854000;0;854000;2020-04-26;2020-05-07;2020-05-07
12643;5;11639;47629;2545000;8100;2536900;2020-05-01;2020-05-06;2020-05-14
12646;62;851;36863;132000;0;132000;2019-03-30;NA;NA
12659;24;10181;68990;9000;0;9000;2020-02-16;2020-02-23;2020-03-08
12661;36;13543;42662;317000;0;317000;2020-05-01;2020-05-15;2020-05-27
12671;56;12710;52302;1095000;0;1095000;2020-05-13;2020-05-25;2020-06-06
12674;41;1205;97736;11712000;0;11712000;2020-04-20;2020-04-30;2020-05-02
12675;31;14268;29606;550000;0;550000;2019-11-27;2019-12-05;2019-12-09
12681;25;1212;27612;321000;0;321000;2020-03-27;2020-03-29;2020-04-01
12685;54;16735;74955;2219000;0;2219000;2020-04-20;2020-05-02;2020-05-13
12691;37;5325;03064;5490000;0;5490000;2020-01-18;2020-01-21;2020-02-01
12702;10;8962;25496;5396000;0;5396000;2020-02-25;2020-02-29;2020-03-09
12710;63;6545;49968;704000;0;704000;2019-10-09;2019-10-13;2019-10-16
12715;60;2388;28526;2650000;0;2650000;2020-05-28;2020-06-11;2020-06-12
12716;43;11524;40623;276000;0;276000;2019-12-01;2019-12-04;2019-12-04
12731;13;1817;46715;32000;0;32000;2019-08-15;2019-08-26;2019-08-29
12736;15;5433;81067;876000;0;876000;2019-10-07;2019-10-10;2019-10-11
12739;57;13412;57809;36000;0;36000;2019-12-21;2019-12-23;NA
12751;17;14440;47294;6730000;0;6730000;2020-04-20;2020-04-21;2020-05-01
12770;33;8622;98928;1082000;105000;977000;2019-11-21;2019-11-25;2019-11-28
12775;53;1249;52644;465000;0;465000;2020-04-16;2020-04-28;2020-05-12
12780;23;15075;18591;227000;0;227000;2019-11-13;2019-11-27;2019-12-03
12782;33;14132;86942;2049000;0;2049000;2019-09-07;2019-09-19;2019-09-28
12783;7;5718;22611;825000;0;825000;2019-12-06;2019-12-16;2019-12-17
12784;69;10743;95873;7366000;0;7366000;2020-02-01;2020-02-07;2020-02-08
12791;34;17933;09829;56000;0;56000;2020-02-17;2020-02-26;2020-03-02
12792;7;14921;52543;2226000;0;2226000;2019-12-06;2019-12-09;2019-12-15
12794;30;11192;88714;4995000;702000;4293000;2020-03-11;2020-03-20;2020-03-21
12800;9;13658;89327;54000;0;54000;2019-09-13;2019-09-25;2019-09-30
12807;7;17320;60886;504000;0;504000;2020-05-10;2020-05-11;2020-05-19
12810;67;8062;20798;3535000;0;3535000;2020-03-25;2020-03-27;2020-04-04
12814;12;5953;76671;960000;0;960000;2019-05-03;2019-05-07;2019-05-19
12825;13;8471;66950;872000;0;872000;2020-04-13;2020-04-18;NA
12841;35;17289;02763;1728000;0;1728000;2019-12-24;2019-12-28;2020-01-07
12846;38;9712;81470;11312000;0;11312000;2019-09-20;2019-09-22;2019-09-22
12856;51;14913;26489;408000;0;408000;2019-09-21;2019-10-05;2019-10-15
12861;8;14012;46293;190000;0;190000;2019-10-16;2019-10-19;2019-10-28
12870;4;239;22855;264000;0;264000;2020-02-25;2020-03-08;2020-03-14
12874;5;4639;63082;279000;0;279000;2019-12-27;2020-01-01;2020-01-06
12875;27;17228;09925;1836000;0;1836000;2019-11-06;2019-11-14;2019-11-24
12878;44;6371;77487;3393000;135000;3258000;2020-05-26;2020-06-06;2020-06-11
12887;30;13761;46191;552000;0;552000;2020-01-11;2020-01-22;2020-01-25
12894;10;4973;18697;2807000;0;2807000;2019-11-06;2019-11-17;2019-11-28
12897;25;10670;96399;7064000;0;7064000;2020-01-29;2020-02-08;2020-02-18
12899;34;2900;46200;1836000;0;1836000;2020-05-24;2020-05-31;2020-06-04
12904;47;17421;30116;502000;98000;404000;2019-12-23;2019-12-25;2019-12-26
12911;68;7165;70178;1773000;0;1773000;2020-03-25;2020-03-31;2020-04-02
12925;7;11197;29095;1782000;0;1782000;2019-08-02;2019-08-04;2019-08-18
12928;27;2892;11232;210000;31500;178500;2020-02-14;2020-02-21;2020-02-29
12933;19;686;81241;1330000;0;1330000;2019-05-01;2019-05-12;2019-05-19
12937;42;7239;15930;1216000;0;1216000;2019-08-28;2019-09-11;2019-09-16
12939;61;1001;95729;1075000;0;1075000;2019-12-19;2019-12-30;2020-01-02
12944;58;13808;61250;2870000;0;2870000;2020-05-09;2020-05-21;2020-05-25
12949;52;7982;33583;4652000;0;4652000;2019-10-20;2019-10-22;2019-10-28
12959;15;989;31438;464000;0;464000;2019-08-18;NA;NA
12962;5;11748;98194;2953000;0;2953000;2020-04-26;2020-04-28;2020-05-03
12973;62;8064;48717;2916000;0;2916000;2020-02-11;2020-02-25;2020-03-03
12991;24;6177;67397;2046000;0;2046000;2020-05-15;2020-05-20;2020-05-30
12994;60;12184;00068;2305000;0;2305000;2020-05-22;2020-06-05;2020-06-12
12996;20;4390;78788;1035000;0;1035000;2020-01-23;2020-01-28;2020-02-11
13000;17;6369;15285;555000;0;555000;2019-08-14;2019-08-23;2019-08-23
13002;44;1712;95290;1470000;0;1470000;2019-10-27;2019-11-06;2019-11-12
13007;33;6275;52266;1320000;0;1320000;2019-11-27;NA;NA
13025;46;8957;69230;1531000;0;1531000;2019-11-30;2019-12-04;2019-12-12
13028;57;6067;71629;697000;129200;567800;2019-12-27;2020-01-05;NA
13034;30;3262;82962;336000;0;336000;2019-04-29;2019-05-02;2019-05-14
13047;12;470;09417;279000;0;279000;2020-02-17;2020-03-02;2020-03-07
13055;60;6851;90057;234000;0;234000;2019-12-29;2020-01-03;NA
13056;10;2322;18591;1773000;0;1773000;2020-01-30;2020-02-06;2020-02-09
13076;14;9018;44878;84000;0;84000;2019-11-22;2019-12-02;2019-12-12
13080;60;15000;51227;1066000;0;1066000;2019-02-05;2019-02-09;2019-02-15
13083;18;5759;59743;325000;0;325000;2019-11-13;2019-11-26;2019-11-28
13093;33;11310;41236;20000;0;20000;2020-04-05;2020-04-07;2020-04-12
13100;65;12151;00237;308000;0;308000;2019-10-07;2019-10-09;2019-10-11
13101;38;5439;49382;4422000;0;4422000;2020-03-29;2020-04-10;2020-04-16
13108;9;14133;31474;3216000;0;3216000;2020-03-20;2020-03-31;2020-04-07
13112;5;1164;61940;1428000;0;1428000;2019-11-29;NA;NA
13117;33;1124;46557;2346000;106600;2239400;2019-12-05;2019-12-13;2019-12-24
13119;35;15208;59077;681000;0;681000;2019-10-22;2019-10-30;2019-11-03
13128;25;11340;86189;4472000;0;4472000;2020-04-11;2020-04-16;2020-04-16
13129;37;6808;02020;2431000;0;2431000;2020-04-17;2020-04-26;2020-05-10
13131;13;4398;65353;4466000;0;4466000;2019-10-25;2019-10-26;2019-10-27
13151;6;14102;16140;1154000;0;1154000;2020-04-29;2020-05-12;NA
13156;53;12405;15228;14553000;0;14553000;2019-12-03;2019-12-10;2019-12-13
13170;59;8264;74052;2049000;0;2049000;2020-04-22;2020-04-26;2020-04-29
13181;53;9414;51044;675000;0;675000;2020-05-19;NA;NA
13185;25;17235;18992;3082000;0;3082000;2019-11-05;2019-11-19;2019-11-23
13189;44;15452;25586;2520000;0;2520000;2019-12-30;2020-01-06;2020-01-11
13193;12;3015;77972;2166000;0;2166000;2019-08-08;2019-08-17;2019-08-25
13200;26;8976;53256;409000;0;409000;2020-01-21;2020-02-02;2020-02-09
13214;58;4447;29760;10967000;0;10967000;2019-10-07;2019-10-21;2019-11-01
13226;16;10952;77400;5376000;0;5376000;2019-12-31;2020-01-03;2020-01-04
13228;26;771;55698;132000;0;132000;2019-12-12;2019-12-26;2020-01-05
13231;16;10131;88736;5764000;0;5764000;2019-12-27;2019-12-28;2020-01-02
13236;35;12908;84044;1221000;0;1221000;2020-05-13;2020-05-24;2020-05-30
13245;10;12531;87539;64000;0;64000;2020-02-04;NA;NA
13246;47;8126;16695;5624000;0;5624000;2019-12-03;NA;NA
13259;43;13894;87299;991000;0;991000;2020-05-17;NA;NA
13264;30;7033;10547;617000;0;617000;2020-01-16;2020-01-21;2020-01-23
13266;8;5229;54469;1089000;0;1089000;2019-11-13;2019-11-20;2019-11-26
13282;20;11546;68162;476000;0;476000;2020-02-21;2020-03-04;2020-03-10
13284;55;13765;02112;88000;0;88000;2019-12-23;2019-12-27;2020-01-05
13292;47;2112;85422;2973000;0;2973000;2019-05-20;2019-05-29;2019-06-05
13299;68;10539;33996;280000;0;280000;2019-08-08;2019-08-13;2019-08-15
13300;16;16174;94010;1224000;0;1224000;2019-06-02;2019-06-08;2019-06-18
13302;10;15235;78595;96000;0;96000;2019-11-03;2019-11-14;2019-11-17
13314;30;4998;59585;1333000;0;1333000;2019-04-12;2019-04-24;2019-04-27
13318;60;4254;99714;563000;0;563000;2020-02-22;2020-03-07;2020-03-21
13325;9;5027;11052;279000;0;279000;2019-12-19;2019-12-25;2019-12-27
13333;9;3382;70171;1056000;0;1056000;2019-11-25;2019-11-27;2019-12-08
13340;33;7808;10155;518000;0;518000;2019-11-23;2019-11-24;2019-12-05
13356;6;6821;73693;4000;0;4000;2020-01-06;2020-01-15;2020-01-29
13358;68;10959;25400;459000;0;459000;2019-12-12;2019-12-17;2019-12-18
13361;42;13646;23524;400000;0;400000;2019-07-29;NA;NA
13364;37;608;43461;462000;0;462000;2019-10-16;2019-10-21;2019-10-23
13372;7;3501;51512;988000;0;988000;2019-06-27;2019-07-10;2019-07-17
13377;7;15137;79844;6000;0;6000;2019-10-04;2019-10-11;2019-10-18
13388;12;7565;60427;3360000;0;3360000;2019-12-09;2019-12-23;2020-01-03
13393;16;11539;46873;2090000;0;2090000;2020-05-06;2020-05-18;2020-06-01
13405;37;14620;16042;396000;0;396000;2019-08-01;2019-08-12;2019-08-17
13414;12;1133;43023;390000;0;390000;2019-10-12;2019-10-16;2019-10-24
13419;41;853;98534;336000;0;336000;2019-08-09;2019-08-12;2019-08-14
13439;59;4831;17322;511000;0;511000;2020-03-08;2020-03-15;2020-03-27
13440;11;16591;77821;5252000;0;5252000;2020-04-25;2020-05-09;2020-05-18
13444;65;12490;76650;2064000;0;2064000;2019-09-19;NA;NA
13450;14;1734;93522;4862000;0;4862000;2019-12-28;2020-01-04;2020-01-05
13464;17;11369;30405;3000000;0;3000000;2019-05-07;2019-05-21;2019-05-22
13471;9;15441;17170;20000;0;20000;2020-05-20;2020-06-02;2020-06-07
13472;42;1016;42583;2540000;0;2540000;2020-05-23;2020-06-01;2020-06-15
13495;49;17627;35715;668000;6000;662000;2020-05-24;2020-06-05;NA
13501;28;15351;82874;4689000;0;4689000;2020-05-07;2020-05-16;NA
13508;2;4491;05015;3936000;79200;3856800;2020-01-07;2020-01-21;2020-01-25
13528;37;2903;45194;127000;0;127000;2020-03-09;2020-03-23;2020-04-06
13529;25;16803;91835;1171000;0;1171000;2020-05-31;2020-06-04;2020-06-10
13557;3;5672;88696;522000;0;522000;2019-12-03;2019-12-12;2019-12-21
13564;58;1104;18966;764000;0;764000;2020-05-09;2020-05-18;2020-05-25
13568;37;12954;30766;16000;0;16000;2019-08-19;2019-08-20;2019-08-28
13586;55;14994;30734;5026000;0;5026000;2020-04-29;2020-05-11;2020-05-16
13589;55;2566;34299;625000;0;625000;2020-04-30;2020-05-05;2020-05-17
13590;41;1285;06820;527000;29250;497750;2020-04-21;2020-05-01;2020-05-15
13597;14;14538;21965;16614000;0;16614000;2020-02-15;2020-02-29;2020-03-08
13606;35;4605;51137;836000;0;836000;2019-07-01;2019-07-15;2019-07-18
13624;49;6071;11084;20000;0;20000;2019-12-03;2019-12-14;2019-12-20
13630;10;11874;74116;952000;0;952000;2020-05-14;2020-05-16;2020-05-19
13637;31;5599;57726;2398000;0;2398000;2020-04-07;2020-04-16;2020-04-23
13640;9;6457;51868;638000;0;638000;2020-04-30;2020-05-08;2020-05-11
13644;10;5342;51118;872000;0;872000;2020-03-20;2020-03-27;2020-04-01
13645;35;3355;26005;3389000;0;3389000;2019-11-18;2019-11-21;2019-11-27
13647;48;9773;34597;1608000;0;1608000;2020-04-10;2020-04-17;2020-05-01
13657;55;4155;94030;4462000;0;4462000;2019-12-17;NA;NA
13662;13;9049;89202;1980000;0;1980000;2019-06-04;2019-06-07;2019-06-09
13672;2;15690;68770;2224000;0;2224000;2019-11-25;2019-12-01;2019-12-15
13678;20;14700;35502;2019000;0;2019000;2019-11-12;2019-11-21;2019-12-05
13679;36;4486;84561;310000;11000;299000;2020-03-02;2020-03-16;2020-03-16
13691;41;8486;22626;180000;0;180000;2020-03-20;2020-03-24;2020-03-29
13697;36;1065;79351;39000;0;39000;2019-09-26;2019-10-10;2019-10-11
13703;50;15785;43550;916000;0;916000;2020-04-05;2020-04-11;2020-04-21
13705;39;8222;29817;1074000;0;1074000;2020-03-16;NA;NA
13711;8;3560;62256;1846000;0;1846000;2020-01-15;2020-01-29;2020-02-06
13713;38;1844;03726;3516000;0;3516000;2019-10-29;2019-11-04;2019-11-06
13715;27;8238;97936;5670000;0;5670000;2020-05-31;2020-06-11;2020-06-16
13729;47;1300;97510;1840000;0;1840000;2019-11-30;2019-12-04;2019-12-06
13732;57;16171;28967;140000;0;140000;2019-12-11;2019-12-16;2019-12-23
13739;49;2586;91745;1734000;0;1734000;2020-02-01;2020-02-04;2020-02-14
13744;46;306;58642;7755000;0;7755000;2020-05-14;2020-05-20;2020-05-26
13749;67;13036;88911;1043000;0;1043000;2019-12-04;NA;NA
13753;53;16292;33004;18000;0;18000;2019-01-15;2019-01-16;2019-01-18
13765;1;13379;71860;13585000;0;13585000;2019-12-19;2019-12-24;2019-12-27
13770;44;17123;57902;938000;0;938000;2020-02-09;2020-02-23;2020-03-08
13779;11;2666;72926;304000;0;304000;2019-12-05;2019-12-06;2019-12-07
13780;62;15468;66167;7458000;0;7458000;2020-05-02;2020-05-05;2020-05-07
13785;7;1485;98715;84000;0;84000;2019-09-09;2019-09-20;NA
13789;27;4500;72960;1296000;0;1296000;2019-08-27;2019-09-08;2019-09-19
13798;19;5881;28810;51000;0;51000;2019-09-06;2019-09-11;2019-09-16
13799;49;1978;71388;543000;0;543000;2020-02-16;2020-02-17;2020-02-25
13802;31;4186;54863;144000;0;144000;2019-09-08;2019-09-21;2019-09-27
13810;41;9633;18734;1632000;0;1632000;2019-12-26;2019-12-31;2020-01-10
13812;55;15180;35201;700000;0;700000;2019-04-27;2019-05-01;2019-05-08
13816;16;13284;06179;450000;0;450000;2019-06-21;2019-06-28;2019-07-05
13818;19;10286;92117;80000;0;80000;2020-01-24;2020-01-28;2020-02-09
13832;55;17356;08288;197000;0;197000;2019-09-09;2019-09-22;2019-09-29
13838;32;3463;03352;344000;0;344000;2019-12-30;2020-01-12;2020-01-19
13845;37;9422;58815;3124000;0;3124000;2020-03-07;2020-03-21;2020-03-30
13852;36;15802;66701;468000;0;468000;2019-10-01;2019-10-03;2019-10-12
13864;12;6923;07323;15250000;0;15250000;2020-04-20;2020-04-23;NA
13869;40;989;13829;1490000;136000;1354000;2020-03-12;2020-03-25;2020-03-30
13870;9;6527;78051;961000;0;961000;2020-02-18;2020-03-01;2020-03-09
13877;26;446;25932;226000;0;226000;2019-12-28;2020-01-08;2020-01-16
13878;61;670;70398;1140000;0;1140000;2019-11-18;2019-11-25;NA
13896;21;13540;04716;1412000;0;1412000;2020-01-15;2020-01-27;2020-01-29
13898;64;10645;49149;3941000;25500;3915500;2020-05-25;2020-05-27;2020-06-02
13901;36;1873;92198;922000;0;922000;2019-07-04;2019-07-08;2019-07-09
13910;64;17719;76090;1772000;0;1772000;2020-05-22;2020-05-28;2020-06-11
13911;57;3409;58045;3214000;0;3214000;2020-05-02;NA;NA
13928;14;17699;95381;2636000;0;2636000;2020-02-02;2020-02-09;2020-02-11
13953;49;11747;25641;256000;0;256000;2019-10-23;2019-10-26;2019-11-02
13958;23;7940;64287;2718000;0;2718000;2020-02-12;2020-02-20;2020-02-20
13961;45;10402;08140;3105000;0;3105000;2020-05-07;NA;NA
13979;18;3851;29693;234000;0;234000;2019-12-09;2019-12-18;2019-12-20
13984;31;8457;62857;2074000;0;2074000;2019-11-17;2019-11-23;2019-11-25
13988;13;15341;77122;50000;0;50000;2020-04-10;2020-04-24;2020-04-28
14002;34;8229;59510;2040000;0;2040000;2019-09-22;2019-09-25;2019-10-03
14030;23;10487;69728;64000;0;64000;2019-11-05;2019-11-15;2019-11-25
14032;20;6410;77877;1018000;0;1018000;2020-01-24;NA;NA
14033;11;1514;80749;2600000;0;2600000;2020-01-11;2020-01-12;2020-01-24
14034;42;14704;57437;4568000;0;4568000;2020-02-18;2020-02-24;2020-02-25
14035;44;15405;51855;1155000;0;1155000;2019-12-13;2019-12-25;2019-12-26
14043;3;13159;53610;5428000;0;5428000;2020-03-20;2020-03-22;2020-03-25
14049;62;1790;79763;1136000;0;1136000;2019-09-02;2019-09-05;NA
14053;56;17353;53284;114000;0;114000;2020-02-19;2020-02-25;2020-03-08
14064;13;4987;55637;960000;0;960000;2019-10-31;2019-11-11;2019-11-13
14089;69;2530;78548;4747000;0;4747000;2019-10-26;2019-11-01;2019-11-12
14092;17;5056;69002;3801000;0;3801000;2019-10-14;2019-10-16;2019-10-28
14094;20;10750;62725;4776000;0;4776000;2019-11-23;2019-12-07;2019-12-14
14113;61;1689;41026;3552000;0;3552000;2020-05-18;2020-05-22;2020-06-03
14116;55;5188;27587;3300000;0;3300000;2019-05-02;2019-05-09;2019-05-20
14121;54;15366;60969;851000;0;851000;2020-03-27;2020-04-07;2020-04-07
14135;32;9355;23886;60000;0;60000;2020-05-09;2020-05-23;2020-05-25
14141;6;860;64621;392000;0;392000;2020-02-15;2020-02-28;2020-03-13
14146;22;10509;33356;5464000;0;5464000;2019-09-20;2019-10-03;2019-10-12
14153;23;7314;61320;9896000;0;9896000;2019-07-26;2019-07-29;2019-08-08
14163;1;8261;26517;1036000;0;1036000;2020-01-27;2020-02-07;2020-02-18
14172;65;12645;49479;720000;0;720000;2019-06-02;2019-06-05;2019-06-19
14178;68;8213;87487;3057000;0;3057000;2020-01-15;2020-01-21;2020-01-29
14180;69;16255;96028;9312000;0;9312000;2020-05-23;2020-06-04;2020-06-08
14192;59;1596;90317;1472000;0;1472000;2019-12-22;2020-01-05;2020-01-09
14194;20;5189;10090;56000;0;56000;2019-09-23;2019-10-01;2019-10-06
14213;27;11795;87786;5773000;0;5773000;2019-11-27;2019-12-09;NA
14222;8;12246;36713;72000;0;72000;2019-09-19;2019-09-26;NA
14224;30;2775;76151;4587000;0;4587000;2020-05-29;2020-06-04;2020-06-12
14231;7;9868;12353;726000;0;726000;2019-11-03;2019-11-04;2019-11-10
14232;34;2478;45692;1501000;0;1501000;2019-12-24;2020-01-02;2020-01-12
14237;35;12359;51420;462000;0;462000;2019-08-20;2019-08-27;2019-09-01
14239;20;11424;48586;954000;0;954000;2020-05-20;2020-05-23;2020-06-02
14240;57;17393;55077;1470000;0;1470000;2019-12-23;2020-01-06;2020-01-10
14242;5;15470;92049;4509000;0;4509000;2020-02-16;2020-02-23;2020-03-01
14243;66;15857;41775;456000;0;456000;2020-05-16;2020-05-27;2020-06-01
14245;34;13908;20849;266000;0;266000;2019-11-23;2019-12-04;2019-12-18
14250;63;1194;29881;3827000;0;3827000;2020-04-21;NA;NA
14251;51;14829;70877;378000;0;378000;2019-09-17;2019-09-25;2019-10-07
14254;43;15753;74724;3155000;0;3155000;2020-04-08;2020-04-17;2020-04-20
14258;20;783;70855;2234000;0;2234000;2020-04-07;2020-04-10;2020-04-11
14259;12;14338;45452;396000;0;396000;2019-08-22;2019-08-24;2019-09-05
14268;4;17030;98935;80000;0;80000;2020-04-27;2020-05-04;2020-05-16
14270;50;3969;86887;3788000;0;3788000;2020-04-28;2020-05-07;2020-05-13
14273;13;1928;22083;5348000;0;5348000;2020-03-28;2020-04-09;2020-04-20
14277;1;5182;77523;183000;0;183000;2019-09-03;2019-09-04;2019-09-05
14286;17;14158;48881;14074000;0;14074000;2020-02-10;2020-02-23;2020-02-23
14292;54;16220;69591;2364000;0;2364000;2020-05-19;2020-06-01;2020-06-08
14296;30;2243;65017;369000;0;369000;2019-10-16;2019-10-18;2019-10-27
14298;50;11506;49674;1446000;0;1446000;2020-02-14;2020-02-25;2020-03-03
14302;69;6987;42801;3845000;0;3845000;2019-11-09;2019-11-15;2019-11-16
14303;10;11377;74381;1602000;0;1602000;2020-04-05;2020-04-10;2020-04-15
14313;40;6590;31452;7180000;0;7180000;2020-05-02;2020-05-07;2020-05-07
14320;62;8813;68441;5020000;0;5020000;2019-12-12;2019-12-26;2020-01-04
14326;25;10122;69987;2672000;0;2672000;2020-05-05;2020-05-19;2020-05-29
14336;45;2384;21944;14000;0;14000;2020-01-13;2020-01-16;2020-01-23
14340;46;12756;62010;500000;0;500000;2020-03-29;2020-03-31;2020-04-08
14342;20;17489;57105;575000;0;575000;2019-11-24;2019-12-04;2019-12-13
14347;3;1709;02146;207000;30000;177000;2019-11-13;2019-11-17;2019-11-19
14354;62;7571;89168;934000;0;934000;2019-12-23;2019-12-25;2020-01-03
14373;38;5780;64182;290000;0;290000;2019-10-20;2019-10-30;2019-11-08
14383;63;3661;95117;883000;0;883000;2019-11-17;2019-11-30;2019-12-08
14388;42;4369;12246;374000;0;374000;2020-02-17;2020-02-19;2020-02-26
14395;58;14187;70510;14169000;0;14169000;2019-12-04;2019-12-05;2019-12-16
14407;12;15202;72777;6743000;0;6743000;2020-05-27;2020-06-03;2020-06-15
14408;64;12376;04465;7661000;0;7661000;2020-02-19;2020-02-20;2020-03-03
14423;7;16813;80072;78000;0;78000;2020-01-09;2020-01-23;2020-02-06
14437;46;5713;81646;5732000;0;5732000;2020-03-14;2020-03-19;2020-03-27
14444;33;3710;41017;648000;0;648000;2020-02-17;2020-02-27;2020-03-06
14447;29;128;99226;409000;0;409000;2020-03-01;2020-03-10;2020-03-22
14454;22;14725;40442;313000;0;313000;2020-03-27;2020-03-31;2020-04-10
14459;47;12422;70937;588000;0;588000;2019-03-26;2019-04-09;2019-04-23
14463;2;11494;19595;432000;0;432000;2019-07-13;NA;NA
14469;44;6197;92842;1518000;0;1518000;2019-10-12;2019-10-17;2019-10-18
14471;28;8732;29922;2572000;0;2572000;2019-11-16;2019-11-25;2019-12-02
14472;29;6260;99674;525000;0;525000;2020-05-30;2020-06-13;2020-06-22
14476;14;11209;84964;456000;0;456000;2019-10-24;2019-10-27;2019-11-04
14478;55;6767;91745;248000;0;248000;2020-02-04;2020-02-15;2020-02-18
14480;35;15269;99202;5217000;0;5217000;2019-10-10;2019-10-11;2019-10-22
14481;63;11136;19411;30000;0;30000;2019-08-14;2019-08-27;2019-09-03
14497;45;117;95552;4240000;27000;4213000;2020-01-21;2020-01-30;2020-02-04
14505;34;7678;43660;11618000;74100;11543900;2020-05-14;2020-05-15;NA
14521;59;3722;89481;279000;0;279000;2019-06-01;2019-06-08;2019-06-14
14529;1;8353;55228;724000;0;724000;2019-10-03;2019-10-15;2019-10-19
14531;49;8392;45596;4013000;0;4013000;2020-02-22;2020-03-03;2020-03-10
14536;59;4541;93576;2812000;0;2812000;2020-05-20;2020-05-27;2020-06-06
14539;5;8810;25392;208000;0;208000;2019-12-02;2019-12-05;2019-12-17
14541;62;9999;54599;1210000;0;1210000;2020-01-15;2020-01-17;2020-01-18
14561;34;17218;40147;16222000;3104400;13117600;2019-10-26;2019-11-09;2019-11-20
14565;49;8489;98439;420000;0;420000;2020-03-15;2020-03-29;2020-04-09
14590;58;3310;42090;3128000;12000;3116000;2020-03-18;2020-03-25;2020-04-05
14592;45;8166;19342;39000;0;39000;2019-09-06;2019-09-19;2019-09-24
14599;8;936;44226;978000;0;978000;2019-12-28;2020-01-02;2020-01-09
14600;67;3062;61574;420000;0;420000;2019-10-23;2019-10-25;2019-11-03
14601;18;6492;79066;5048000;0;5048000;2020-02-22;2020-02-24;2020-03-01
14609;16;9151;93268;3334000;0;3334000;2020-03-23;2020-04-05;2020-04-11
14612;3;11873;79890;1260000;0;1260000;2019-10-31;2019-11-11;2019-11-15
14613;2;4307;75838;6910000;0;6910000;2020-03-17;2020-03-26;2020-04-06
14641;11;3192;80028;1200000;0;1200000;2019-12-14;2019-12-20;2019-12-26
14647;31;7616;90219;1541000;0;1541000;2020-01-27;2020-01-29;2020-02-12
14653;27;11846;10164;757000;0;757000;2019-10-14;2019-10-21;2019-10-25
14655;30;9760;53790;1763000;56000;1707000;2019-10-21;2019-10-24;2019-10-24
14659;48;10464;46151;1092000;0;1092000;2019-07-10;2019-07-22;2019-07-24
14661;12;5584;18737;928000;0;928000;2019-12-17;2019-12-28;2019-12-30
14663;39;13846;06500;418000;0;418000;2020-04-18;2020-04-21;2020-04-29
14671;9;274;45131;570000;0;570000;2019-10-21;2019-10-30;2019-11-10
14673;61;14978;87131;612000;0;612000;2020-05-30;2020-06-11;2020-06-19
14678;11;7195;66096;3734000;0;3734000;2020-05-18;2020-05-23;2020-05-23
14698;60;15959;16741;136000;0;136000;2020-03-04;2020-03-08;2020-03-16
14701;9;6104;96936;108000;0;108000;2019-11-02;2019-11-07;2019-11-11
14708;45;1759;34627;1048000;46800;1001200;2020-01-27;2020-02-09;2020-02-23
14716;54;6328;50332;4440000;0;4440000;2019-11-01;2019-11-14;2019-11-18
14723;60;1711;94581;1482000;0;1482000;2020-05-20;2020-06-02;2020-06-11
14728;62;2053;24998;442000;0;442000;2020-02-13;2020-02-21;2020-02-21
14739;2;764;26788;1983000;0;1983000;2020-05-16;2020-05-27;2020-06-07
14742;13;11206;34306;682000;0;682000;2019-09-23;2019-09-26;2019-09-29
14753;10;15297;97520;78000;15600;62400;2020-03-27;2020-04-02;NA
14759;6;1634;29490;3810000;0;3810000;2019-12-24;2020-01-07;2020-01-21
14767;46;4178;48056;7207000;0;7207000;2020-03-05;2020-03-07;2020-03-11
14775;36;3680;60236;2359000;0;2359000;2020-05-13;2020-05-17;2020-05-22
14778;31;10268;81508;1846000;10500;1835500;2020-05-12;2020-05-17;2020-05-27
14779;41;9042;69060;821000;0;821000;2020-05-26;2020-06-05;2020-06-10
14781;26;991;78510;2522000;0;2522000;2020-02-27;NA;NA
14785;5;14689;57628;836000;0;836000;2019-06-03;NA;NA
14800;8;1589;77414;128000;0;128000;2019-10-29;2019-11-02;2019-11-10
14803;20;6242;84189;3273000;0;3273000;2019-10-29;2019-11-01;2019-11-05
14811;53;2923;18791;325000;0;325000;2019-12-15;2019-12-18;2019-12-18
14816;61;6177;67397;144000;0;144000;2019-09-10;2019-09-13;2019-09-27
14823;19;8855;97550;66000;0;66000;2019-11-06;2019-11-11;2019-11-14
14834;53;6725;36993;2530000;0;2530000;2019-12-20;2019-12-21;2019-12-23
14837;55;7261;37586;4774000;32400;4741600;2019-12-30;2020-01-03;2020-01-11
14843;36;12197;52047;64000;9600;54400;2019-11-13;2019-11-20;2019-11-22
14846;33;3148;45902;2089000;0;2089000;2020-05-02;2020-05-04;2020-05-15
14853;47;14299;25134;114000;0;114000;2019-09-27;NA;NA
14862;12;7313;77943;369000;0;369000;2019-10-18;2019-10-21;2019-10-30
14879;27;17910;62994;512000;0;512000;2020-02-23;2020-02-25;2020-02-25
14893;12;12244;88903;1575000;0;1575000;2019-08-24;2019-08-29;2019-08-31
14899;12;9182;47975;1612000;0;1612000;2019-11-18;2019-11-23;NA
14901;35;6533;68246;1205000;0;1205000;2019-11-14;2019-11-20;2019-11-29
14902;28;1479;52638;84000;0;84000;2019-11-17;2019-11-26;2019-11-26
14914;17;3130;94899;200000;0;200000;2019-11-15;NA;NA
14916;33;4701;73783;1512000;0;1512000;2020-03-21;2020-03-27;2020-04-02
14946;16;6055;68457;6990000;0;6990000;2019-09-26;2019-10-01;2019-10-09
14956;49;670;70398;2452000;0;2452000;2020-04-29;2020-05-05;2020-05-10
14958;27;2559;31613;1225000;0;1225000;2019-12-20;2019-12-26;2019-12-31
14959;54;14556;27888;3652000;0;3652000;2020-04-15;2020-04-29;2020-05-04
14993;45;9608;61106;304000;0;304000;2020-04-10;2020-04-18;2020-04-25
14996;2;14246;56795;549000;0;549000;2019-12-28;2019-12-30;NA
15009;3;13811;59025;258000;0;258000;2019-11-29;NA;NA
15012;8;13835;52631;5880000;0;5880000;2019-11-30;2019-12-04;NA
15013;67;2968;55118;682000;0;682000;2019-09-15;2019-09-20;2019-09-26
15014;23;16506;20288;42000;0;42000;2020-05-13;2020-05-22;2020-05-28
15015;15;11278;67509;999000;0;999000;2020-01-29;2020-01-30;NA
15017;6;12277;48366;104000;0;104000;2020-04-25;2020-05-05;2020-05-09
15025;44;16986;74224;286000;0;286000;2019-09-20;NA;NA
15032;28;9750;94231;860000;0;860000;2019-12-10;2019-12-17;2019-12-28
15041;51;11375;02264;1282000;0;1282000;2020-03-24;2020-04-04;2020-04-12
15052;53;13610;68347;990000;0;990000;2019-12-19;NA;NA
15055;42;5869;63513;1568000;0;1568000;2019-10-01;2019-10-13;2019-10-20
15062;13;15950;03914;222000;0;222000;2019-12-30;2020-01-08;2020-01-12
15071;39;11417;86758;1749000;0;1749000;2019-07-28;2019-08-06;2019-08-13
15072;51;11619;60649;174000;0;174000;2019-10-20;2019-10-21;2019-10-28
15075;37;2825;85474;117000;0;117000;2019-11-13;2019-11-18;2019-11-25
15078;31;3432;93558;6320000;0;6320000;2019-07-12;2019-07-24;2019-08-01
15104;44;14629;45047;150000;0;150000;2020-02-26;2020-03-09;2020-03-16
15106;58;1144;33560;1152000;0;1152000;2019-12-30;2020-01-10;2020-01-22
15108;23;1715;15797;528000;0;528000;2019-04-07;2019-04-16;2019-04-26
15109;5;5237;66700;3628000;0;3628000;2020-02-27;2020-03-10;NA
15114;21;9311;78741;76000;0;76000;2019-09-24;2019-10-07;2019-10-12
15115;3;2839;42290;1517000;0;1517000;2019-12-24;2020-01-04;2020-01-16
15117;69;2130;84661;1928000;0;1928000;2020-02-12;2020-02-17;2020-02-24
15120;4;17737;36108;156000;0;156000;2019-12-31;2020-01-04;2020-01-10
15123;25;14598;38397;825000;0;825000;2019-08-16;2019-08-30;2019-09-04
15124;17;13025;72390;114000;0;114000;2020-05-09;NA;NA
15126;8;16393;12537;1684000;0;1684000;2019-11-24;NA;NA
15132;63;531;27318;2114000;0;2114000;2020-01-03;2020-01-08;2020-01-19
15134;43;3769;18982;130000;0;130000;2019-11-16;2019-11-27;2019-12-07
15141;27;13641;98072;2148000;0;2148000;2020-04-22;2020-05-03;2020-05-10
15146;24;5980;27459;88000;0;88000;2019-05-13;2019-05-22;2019-05-30
15147;63;17162;91540;5531000;0;5531000;2020-04-28;2020-04-29;2020-05-09
15182;49;3437;79302;99000;0;99000;2020-01-05;2020-01-07;2020-01-07
15183;2;15984;38855;178000;0;178000;2020-01-21;2020-01-22;2020-01-28
15185;50;13378;71474;112000;0;112000;2019-11-21;2019-11-28;2019-12-09
15191;66;11646;87566;48000;0;48000;2020-05-26;NA;NA
15192;48;14622;67893;1764000;0;1764000;2020-03-26;2020-04-06;2020-04-14
15195;11;15606;12135;602000;0;602000;2020-02-11;2020-02-23;2020-03-06
15199;16;1436;50162;4843000;0;4843000;2019-10-06;2019-10-11;2019-10-21
15201;68;10425;21979;253000;0;253000;2020-01-31;2020-02-13;2020-02-25
15204;17;12629;89151;2533000;0;2533000;2019-10-20;2019-10-26;2019-11-02
15205;61;8684;58713;2375000;0;2375000;2019-11-06;2019-11-18;2019-11-19
15209;26;2146;63890;1366000;0;1366000;2020-04-16;2020-04-29;2020-05-07
15217;43;13895;22812;4613000;0;4613000;2019-11-15;NA;NA
15221;65;17866;89793;905000;0;905000;2020-01-25;2020-02-01;2020-02-06
15245;47;1462;53214;610000;0;610000;2019-06-14;2019-06-28;2019-07-08
15276;49;11298;70677;1088000;22500;1065500;2020-01-27;2020-02-09;2020-02-17
15283;3;12708;80421;1776000;0;1776000;2019-10-14;2019-10-19;2019-10-23
15285;36;13350;14606;3302000;0;3302000;2020-02-28;2020-03-03;2020-03-12
15291;4;5706;50544;1074000;0;1074000;2019-08-25;2019-09-03;2019-09-06
15296;26;4136;61414;204000;0;204000;2019-11-14;2019-11-16;2019-11-21
15297;18;8302;70249;304000;0;304000;2019-05-07;NA;NA
15304;49;859;10845;504000;0;504000;2019-07-23;2019-07-24;2019-07-29
15308;57;5635;41782;890000;0;890000;2019-12-31;2020-01-14;2020-01-26
15313;40;17104;65865;119000;0;119000;2020-05-22;2020-06-02;2020-06-10
15315;40;21;32092;168000;0;168000;2020-03-08;2020-03-14;2020-03-26
15330;3;14848;93665;2912000;0;2912000;2019-10-27;2019-11-08;2019-11-08
15340;31;9089;35921;9000;0;9000;2020-04-22;2020-04-29;2020-05-03
15348;55;3474;04251;2912000;105000;2807000;2020-05-26;2020-05-29;2020-05-29
15350;12;125;68505;5656000;0;5656000;2020-03-13;2020-03-19;2020-04-02
15353;19;15325;45132;12426000;0;12426000;2020-02-09;2020-02-10;2020-02-11
15372;26;5877;48605;550000;0;550000;2019-10-19;2019-11-02;2019-11-05
15377;63;15012;65957;50000;0;50000;2020-01-09;2020-01-14;2020-01-15
15378;11;5249;74123;140000;0;140000;2020-05-10;2020-05-16;2020-05-27
15395;33;11135;96314;1221000;0;1221000;2019-10-28;2019-11-02;2019-11-07
15408;21;5882;20523;102000;0;102000;2019-09-02;2019-09-04;NA
15416;54;3892;29034;12736000;0;12736000;2020-05-22;2020-05-30;2020-06-10
15420;69;7545;58252;42000;0;42000;2019-08-21;2019-08-22;NA
15424;50;9988;41867;5334000;0;5334000;2019-12-31;2020-01-11;2020-01-18
15428;27;7792;97948;1582000;0;1582000;2019-12-24;2019-12-28;2020-01-11
15445;52;8625;04303;1176000;0;1176000;2020-04-04;2020-04-15;2020-04-23
15447;18;16052;81165;700000;0;700000;2019-10-06;2019-10-18;2019-10-21
15451;18;2895;89037;190000;47500;142500;2019-12-24;2019-12-25;2020-01-01
15456;51;12869;72664;1012000;0;1012000;2019-10-05;2019-10-08;2019-10-12
15474;34;7058;74509;352000;0;352000;2019-09-29;2019-10-11;2019-10-16
15497;32;7590;34484;1133000;0;1133000;2020-01-30;2020-02-08;2020-02-18
15498;45;11460;75341;2277000;0;2277000;2019-09-14;2019-09-25;2019-10-09
15502;38;1468;25856;946000;0;946000;2020-02-15;2020-02-19;2020-02-25
15513;38;9323;82896;2216000;0;2216000;2019-11-01;2019-11-08;2019-11-14
15521;9;2842;13510;10559000;0;10559000;2019-10-17;2019-10-21;2019-11-02
15523;28;3628;99580;468000;0;468000;2019-07-19;2019-08-02;2019-08-06
15527;42;11951;25808;1006000;0;1006000;2019-11-15;2019-11-22;2019-11-25
15528;7;13254;78579;2076000;0;2076000;2019-12-06;2019-12-12;2019-12-15
15530;13;7861;84716;1620000;0;1620000;2019-09-12;2019-09-23;2019-09-29
15536;18;6569;58252;114000;0;114000;2019-09-14;2019-09-18;2019-09-26
15538;7;1279;47632;931000;0;931000;2020-05-18;2020-05-24;2020-05-28
15540;23;570;18865;7467000;0;7467000;2020-03-25;2020-03-29;2020-04-09
15542;7;4182;74183;814000;0;814000;2020-03-28;2020-04-02;2020-04-10
15548;3;12798;82923;155000;0;155000;2020-02-10;2020-02-22;2020-02-22
15562;3;14198;84696;774000;0;774000;2019-12-14;2019-12-21;2019-12-23
15563;69;926;19131;771000;0;771000;2020-01-07;2020-01-16;2020-01-17
15566;30;7918;37837;72000;0;72000;2019-03-01;2019-03-04;2019-03-16
15568;3;1354;71159;492000;0;492000;2019-10-25;2019-11-03;2019-11-04
15575;15;7715;92514;340000;0;340000;2020-01-13;2020-01-16;2020-01-23
15579;13;3723;58136;1140000;285000;855000;2020-03-27;2020-04-01;2020-04-13
15598;3;1096;71922;3800000;0;3800000;2019-11-18;2019-12-01;2019-12-06
15599;5;14952;14483;4323000;0;4323000;2020-01-04;2020-01-09;2020-01-15
15601;43;12361;80086;3875000;0;3875000;2020-04-08;2020-04-21;2020-04-26
15606;60;12105;12608;3739000;0;3739000;2020-02-26;2020-03-11;2020-03-23
15611;42;8935;54950;1400000;0;1400000;2020-01-13;2020-01-22;NA
15612;58;4432;99766;1772000;0;1772000;2019-12-21;2020-01-03;2020-01-05
15614;54;5189;10090;246000;0;246000;2020-05-28;2020-05-29;NA
15618;29;1245;68123;1088000;0;1088000;2019-09-06;2019-09-10;2019-09-18
15619;44;9644;54157;204000;0;204000;2020-05-08;NA;NA
15620;3;9426;07884;342000;0;342000;2020-03-12;2020-03-22;2020-03-22
15644;26;5503;68785;2548000;0;2548000;2019-10-24;2019-10-31;2019-11-09
15645;28;9534;91631;2136000;360000;1776000;2020-03-22;2020-03-30;2020-04-11
15651;27;11660;98590;1307000;163800;1143200;2020-02-25;2020-03-01;2020-03-12
15672;26;14789;01575;208000;0;208000;2020-03-09;2020-03-23;2020-03-24
15673;9;9849;53747;3120000;0;3120000;2019-11-20;2019-11-29;2019-12-02
15675;37;338;92642;405000;0;405000;2020-04-15;2020-04-16;2020-04-27
15682;65;16348;84765;4849000;0;4849000;2019-10-09;2019-10-17;2019-10-20
15687;40;888;56990;2138000;0;2138000;2019-08-12;2019-08-22;2019-09-02
15698;22;12475;02062;1480000;0;1480000;2019-12-13;2019-12-18;2019-12-24
15709;1;10268;81508;928000;0;928000;2019-12-20;2019-12-22;2019-12-28
15711;28;1616;98048;1278000;0;1278000;2020-03-18;2020-03-31;2020-04-11
15712;30;14290;80344;496000;0;496000;2020-03-23;2020-04-04;2020-04-08
15718;4;864;91486;907000;0;907000;2019-12-25;2019-12-26;2020-01-05
15719;53;12341;92643;768000;0;768000;2019-10-15;2019-10-20;2019-11-03
15724;62;7086;19282;1148000;0;1148000;2020-05-15;2020-05-18;2020-05-29
15736;56;6455;25060;4277000;0;4277000;2020-02-18;2020-02-25;NA
15737;31;1716;80648;765000;0;765000;2019-07-14;2019-07-18;2019-07-20
15767;32;2067;27623;2217000;0;2217000;2020-04-11;2020-04-19;2020-04-26
15770;54;6648;79511;256000;0;256000;2019-11-14;2019-11-26;2019-11-28
15780;62;4473;50109;2810000;0;2810000;2020-03-28;2020-03-30;2020-04-01
15784;5;9018;39429;252000;0;252000;2019-10-22;2019-10-31;2019-11-02
15787;42;16392;24365;2794000;0;2794000;2019-12-22;2019-12-26;2019-12-28
15796;21;1100;65262;880000;0;880000;2019-07-02;2019-07-13;2019-07-15
15805;1;15290;12769;402000;5200;396800;2019-12-17;2019-12-27;2020-01-07
15807;24;4358;90497;6260000;0;6260000;2020-03-31;2020-04-13;2020-04-15
15808;68;17435;82959;2436000;338100;2097900;2020-03-24;2020-04-03;2020-04-07
15809;10;13010;11605;876000;0;876000;2019-11-22;2019-11-26;2019-12-04
15826;26;3644;88487;32000;0;32000;2020-04-08;NA;NA
15831;7;7703;85014;2880000;90000;2790000;2020-04-02;2020-04-07;2020-04-18
15834;50;1709;93364;2208000;0;2208000;2019-12-13;2019-12-19;2019-12-24
15837;61;1724;92358;298000;0;298000;2019-11-23;2019-11-28;2019-12-06
15838;2;16723;72434;2203000;0;2203000;2020-05-03;2020-05-12;2020-05-14
15843;49;16838;75039;5727000;0;5727000;2020-05-26;2020-05-30;2020-06-07
15848;33;7161;03798;2029000;0;2029000;2020-04-22;2020-04-29;NA
15853;35;16577;82175;544000;0;544000;2020-05-31;2020-06-04;2020-06-14
15856;63;15167;05662;360000;0;360000;2019-02-09;2019-02-22;2019-02-28
15860;41;12354;01982;6702000;0;6702000;2019-12-08;2019-12-10;2019-12-10
15865;55;15443;48508;75000;0;75000;2019-10-13;2019-10-16;2019-10-18
15891;53;12572;71154;2936000;0;2936000;2020-05-29;2020-06-01;2020-06-09
15895;18;11274;28892;1260000;0;1260000;2020-05-06;2020-05-15;2020-05-16
15902;21;16177;34859;2569000;0;2569000;2019-11-17;2019-12-01;2019-12-02
15907;17;11529;60561;3336000;0;3336000;2020-05-11;2020-05-12;2020-05-13
15914;34;13466;00287;139000;0;139000;2019-08-22;2019-09-03;2019-09-12
15919;68;7543;54808;88000;0;88000;2019-08-28;2019-09-02;2019-09-04
15933;13;3676;65459;90000;0;90000;2019-12-15;2019-12-25;2019-12-31
15934;3;13351;98360;72000;0;72000;2019-08-20;2019-08-30;2019-09-05
15939;10;8883;06319;6808000;0;6808000;2020-05-06;2020-05-07;2020-05-17
15952;28;7224;60762;171000;0;171000;2020-04-13;2020-04-27;2020-05-06
15956;43;17659;84731;4523000;0;4523000;2020-04-04;2020-04-07;NA
15957;40;8504;30641;190000;0;190000;2019-12-25;2020-01-07;2020-01-13
15959;51;16374;70561;600000;0;600000;2019-12-16;2019-12-22;2019-12-24
15966;14;8370;27493;184000;0;184000;2019-10-14;2019-10-16;2019-10-16
15972;15;6465;81742;4065000;0;4065000;2020-05-03;2020-05-08;2020-05-14
15975;14;1097;43789;503000;0;503000;2020-05-28;2020-06-08;2020-06-22
15979;46;9178;76238;285000;0;285000;2019-09-23;2019-10-01;NA
15983;46;11496;27491;154000;0;154000;2020-03-08;2020-03-19;2020-03-29
15986;13;9836;10154;270000;0;270000;2019-12-20;2019-12-29;2020-01-09
16002;49;4747;03472;5189000;0;5189000;2020-02-29;2020-03-05;2020-03-09
16003;19;12977;42341;3639000;0;3639000;2020-04-18;2020-04-26;2020-05-10
16019;46;15928;01462;430000;0;430000;2020-03-18;2020-03-26;2020-04-06
16023;66;2612;97899;4560000;0;4560000;2019-06-12;2019-06-19;2019-06-27
16024;43;14809;51918;600000;0;600000;2019-09-10;NA;NA
16032;32;7586;05402;690000;0;690000;2020-05-29;2020-06-12;2020-06-21
16033;2;15575;48212;390000;0;390000;2019-08-10;2019-08-23;2019-08-27
16037;50;3293;93960;980000;196000;784000;2020-05-10;2020-05-12;NA
16044;47;7061;92382;210000;0;210000;2019-11-05;2019-11-10;2019-11-24
16050;13;6313;41026;144000;0;144000;2020-03-03;2020-03-17;2020-03-22
16051;47;9398;79424;7160000;0;7160000;2020-04-27;2020-05-05;2020-05-06
16056;31;2827;93240;3799000;0;3799000;2019-11-18;2019-11-21;2019-12-05
16064;31;17491;76294;320000;0;320000;2020-05-05;2020-05-08;2020-05-16
16069;50;10571;64964;380000;0;380000;2020-02-19;2020-02-21;NA
16077;45;2216;21982;2538000;0;2538000;2019-07-15;2019-07-28;2019-07-28
16084;20;8917;61368;6713000;0;6713000;2020-03-06;2020-03-11;NA
16101;26;3223;87735;2866000;0;2866000;2019-12-02;2019-12-16;2019-12-16
16105;12;3307;04908;262000;0;262000;2020-04-11;2020-04-24;2020-04-29
16112;47;12776;12560;2478000;0;2478000;2020-01-30;2020-02-11;2020-02-19
16129;23;15484;22442;847000;22000;825000;2019-09-28;2019-10-11;2019-10-14
16132;40;3715;30084;2299000;0;2299000;2020-04-14;NA;NA
16138;12;12810;81633;456000;0;456000;2019-12-04;2019-12-12;NA
16145;59;13476;42935;88000;8800;79200;2019-10-30;2019-11-06;2019-11-13
16146;61;10737;42416;582000;0;582000;2020-05-25;2020-06-06;NA
16147;61;17913;09321;1146000;0;1146000;2019-11-15;2019-11-26;2019-12-10
16151;24;15173;70035;1086000;0;1086000;2020-03-23;2020-04-03;2020-04-12
16155;7;3377;56518;672000;0;672000;2019-05-03;NA;NA
16161;1;823;27715;2290000;0;2290000;2020-04-19;2020-04-23;2020-04-28
16165;22;3967;85604;1020000;0;1020000;2020-05-15;2020-05-28;2020-05-28
16176;57;9110;43141;2118000;0;2118000;2020-03-05;2020-03-10;2020-03-14
16187;3;9382;25532;2460000;0;2460000;2019-12-09;2019-12-16;2019-12-21
16192;17;5446;98997;646000;0;646000;2020-04-23;2020-05-04;2020-05-09
16197;31;10425;21979;28000;0;28000;2019-09-07;2019-09-13;2019-09-25
16201;48;17706;18984;1036000;0;1036000;2019-07-31;2019-08-14;2019-08-21
16213;6;12087;18586;2044000;0;2044000;2020-03-06;2020-03-18;NA
16214;3;1403;83090;1688000;0;1688000;2020-04-29;2020-05-10;2020-05-11
16218;52;4757;57586;180000;0;180000;2019-12-27;2020-01-03;2020-01-10
16245;55;6493;36450;78000;0;78000;2019-09-16;2019-09-19;2019-09-21
16262;49;16226;80424;84000;0;84000;2019-09-07;2019-09-11;2019-09-19
16270;14;744;38113;3356000;0;3356000;2019-11-30;2019-12-14;2019-12-19
16285;63;5945;56421;6477000;0;6477000;2020-05-02;2020-05-10;2020-05-15
16286;64;1400;02508;775000;0;775000;2019-10-11;2019-10-23;2019-11-03
16289;28;1618;15453;88000;0;88000;2019-04-22;2019-04-28;2019-05-10
16292;69;13499;90479;1020000;0;1020000;2020-05-29;2020-06-10;2020-06-13
16306;48;1433;11015;894000;0;894000;2020-02-08;2020-02-21;2020-02-21
16307;59;4948;58439;546000;0;546000;2020-01-01;2020-01-08;2020-01-13
16344;28;10484;17424;968000;0;968000;2019-08-01;2019-08-10;2019-08-21
16354;5;9805;36445;300000;0;300000;2019-05-27;2019-05-28;NA
16356;13;5486;89321;882000;0;882000;2019-08-20;2019-09-01;2019-09-05
16369;37;2547;12352;375000;0;375000;2019-10-28;2019-10-29;2019-10-31
16370;35;11002;14140;66000;0;66000;2019-07-25;2019-07-26;2019-07-31
16374;51;412;02229;2055000;442000;1613000;2020-01-30;2020-02-04;2020-02-06
16394;50;3598;94157;384000;0;384000;2019-08-15;2019-08-23;2019-09-06
16395;33;14454;45191;116000;0;116000;2020-03-31;2020-04-01;NA
16398;55;6619;05127;2262000;0;2262000;2020-04-26;2020-05-03;2020-05-09
16402;67;3460;04170;1813000;0;1813000;2019-08-13;2019-08-20;2019-08-28
16411;62;13193;26089;392000;0;392000;2019-10-15;2019-10-22;2019-10-29
16418;44;6610;82240;1804000;0;1804000;2019-07-26;2019-08-03;2019-08-15
16422;15;14393;24551;431000;0;431000;2019-11-15;2019-11-29;2019-12-13
16441;19;1423;66107;411000;0;411000;2019-09-04;2019-09-09;2019-09-16
16442;18;6727;54960;2352000;0;2352000;2020-05-09;2020-05-11;2020-05-21
16455;1;6641;45783;51000;0;51000;2020-04-21;NA;NA
16459;3;4169;40168;33000;0;33000;2019-03-29;2019-04-03;2019-04-10
16473;52;14377;61757;6423000;664200;5758800;2020-05-22;2020-05-26;2020-05-29
16485;53;4626;47222;1048000;0;1048000;2019-10-06;2019-10-20;2019-10-31
16486;67;13296;46932;46000;0;46000;2020-01-15;2020-01-27;NA
16495;4;16106;86566;1728000;0;1728000;2019-12-06;2019-12-16;2019-12-26
16496;8;12424;96245;370000;0;370000;2020-02-01;2020-02-02;2020-02-12
16516;39;1947;56670;207000;0;207000;2019-04-23;2019-04-26;2019-04-27
16527;38;12234;63723;110000;0;110000;2019-10-15;2019-10-18;2019-10-22
16531;23;7071;89238;9683000;0;9683000;2020-05-16;2020-05-24;2020-06-07
16534;32;10488;65378;1648000;0;1648000;2020-02-16;2020-02-28;NA
16535;15;7549;39457;120000;0;120000;2019-11-07;2019-11-10;2019-11-17
16538;31;13741;35976;440000;0;440000;2020-03-24;2020-03-29;2020-04-05
16541;53;8241;91152;84000;0;84000;2019-11-20;2019-12-04;2019-12-09
16543;27;8483;65312;7803000;0;7803000;2019-12-04;2019-12-05;NA
16553;31;16006;20711;871000;0;871000;2020-02-10;2020-02-13;2020-02-15
16556;38;13314;00612;2257000;0;2257000;2020-03-22;2020-04-04;2020-04-08
16560;5;10752;87798;2738000;0;2738000;2019-09-13;2019-09-24;2019-10-01
16564;5;13577;85905;451000;0;451000;2019-12-16;2019-12-20;2019-12-27
16565;25;14422;14235;88000;0;88000;2019-12-30;2020-01-07;2020-01-11
16566;24;3470;59472;138000;0;138000;2019-10-04;2019-10-13;2019-10-22
16572;54;3893;24850;847000;0;847000;2020-05-29;2020-06-09;2020-06-15
16573;67;9136;47049;3030000;42000;2988000;2020-05-04;2020-05-07;2020-05-14
16576;47;2500;27998;497000;0;497000;2019-10-19;2019-10-27;2019-11-06
16587;7;322;84368;45000;0;45000;2019-02-27;2019-03-03;2019-03-04
16588;20;16472;97299;924000;0;924000;2019-08-13;2019-08-21;2019-09-04
16591;7;13429;81486;465000;0;465000;2020-04-14;NA;NA
16601;49;1799;89380;126000;0;126000;2019-03-15;NA;NA
16609;9;12858;78469;3845000;570000;3275000;2020-05-11;2020-05-12;2020-05-21
16615;51;6547;25336;390000;0;390000;2020-01-06;2020-01-12;NA
16623;14;1381;32678;3840000;0;3840000;2019-09-19;2019-09-23;2019-09-23
16634;23;8999;51904;102000;0;102000;2020-03-21;2020-03-28;2020-04-09
16642;34;2241;15802;11000000;0;11000000;2019-12-18;2019-12-30;2020-01-08
16649;14;4700;83098;3239000;0;3239000;2020-03-30;2020-03-31;2020-03-31
16661;43;17273;15031;240000;0;240000;2020-02-03;2020-02-14;2020-02-18
16665;35;14081;59419;272000;0;272000;2019-10-06;2019-10-10;2019-10-24
16666;52;17434;93642;3784000;0;3784000;2020-03-31;2020-04-02;2020-04-02
16672;2;5949;88655;1657000;0;1657000;2019-10-14;2019-10-20;2019-10-27
16674;20;14926;81414;288000;0;288000;2019-12-22;2019-12-25;2019-12-29
16677;13;15839;43332;180000;11000;169000;2019-09-24;2019-10-01;2019-10-04
16679;67;15309;78329;6551000;0;6551000;2019-11-14;2019-11-20;2019-11-25
16680;44;748;98474;432000;0;432000;2019-09-30;2019-10-04;NA
16687;67;16417;29564;228000;0;228000;2020-02-25;2020-03-04;2020-03-05
16697;49;17750;82830;3065000;20000;3045000;2020-05-29;2020-06-08;2020-06-12
16703;11;9997;41235;1087000;0;1087000;2019-12-17;2019-12-19;2019-12-19
16704;56;8178;29248;16000;0;16000;2019-07-02;2019-07-06;2019-07-06
16712;17;1344;06136;500000;0;500000;2019-11-30;2019-12-13;2019-12-13
16721;55;8972;04504;336000;0;336000;2019-04-08;2019-04-12;2019-04-15
16724;57;14939;07269;600000;0;600000;2019-05-31;2019-06-07;2019-06-13
16727;13;4003;17362;144000;21600;122400;2019-08-06;2019-08-17;2019-08-21
16738;48;16384;10970;318000;0;318000;2019-12-29;2019-12-31;2020-01-05
16741;6;9917;91208;508000;0;508000;2019-10-19;2019-11-02;2019-11-05
16744;30;11702;60223;5782000;0;5782000;2020-03-27;2020-04-01;2020-04-02
16756;69;4104;96062;779000;0;779000;2020-01-05;2020-01-13;2020-01-21
16760;69;9980;17351;2380000;0;2380000;2019-11-17;2019-11-28;2019-12-02
16762;66;7387;96101;1008000;0;1008000;2020-05-01;2020-05-15;2020-05-24
16766;64;2928;83037;3448000;0;3448000;2020-04-10;2020-04-20;2020-04-22
16785;48;15674;66775;6232000;0;6232000;2019-09-19;2019-09-25;2019-09-29
16787;15;17690;85213;3729000;900;3728100;2020-05-10;2020-05-14;2020-05-21
16800;38;6878;42211;530000;100800;429200;2020-04-10;2020-04-11;2020-04-17
16803;46;8588;42076;396000;0;396000;2019-10-22;2019-10-26;2019-11-06
16808;25;4625;51719;436000;0;436000;2019-12-14;2019-12-20;NA
16812;29;482;14427;192000;0;192000;2019-11-23;2019-12-05;2019-12-12
16821;36;8435;50285;90000;0;90000;2019-12-17;2019-12-19;2019-12-20
16824;19;5651;49511;306000;0;306000;2019-10-01;2019-10-08;2019-10-10
16830;9;16284;72538;1636000;0;1636000;2019-12-13;2019-12-15;2019-12-18
16836;4;3791;55836;3520000;0;3520000;2019-12-15;2019-12-29;2020-01-05
16838;62;17789;76379;210000;0;210000;2019-11-01;2019-11-07;2019-11-17
16847;5;7430;03126;4044000;0;4044000;2019-10-23;NA;NA
16848;1;5714;17390;1206000;0;1206000;2019-12-21;2019-12-23;2020-01-02
16858;14;12177;74694;690000;0;690000;2020-04-22;2020-04-25;2020-05-01
16859;6;1210;77999;1822000;0;1822000;2020-03-26;2020-04-03;2020-04-15
16877;68;11707;19618;4812000;0;4812000;2020-01-01;2020-01-08;2020-01-08
16885;65;3274;00853;1218000;0;1218000;2020-05-30;2020-06-08;2020-06-18
16888;43;16234;82441;1767000;0;1767000;2020-04-01;2020-04-11;2020-04-21
16891;58;13853;07840;8993000;0;8993000;2020-05-06;2020-05-10;2020-05-18
16894;66;8141;64287;1590000;0;1590000;2020-01-06;2020-01-17;NA
16895;41;14544;06602;136000;0;136000;2019-09-17;NA;NA
16898;53;2048;00435;8580000;0;8580000;2019-11-25;2019-12-06;2019-12-16
16899;38;16179;11685;270000;0;270000;2019-11-24;2019-11-26;2019-12-01
16906;57;8119;51695;3951000;0;3951000;2019-12-18;2019-12-23;2019-12-25
16907;65;16959;90488;1256000;86400;1169600;2020-01-11;2020-01-20;2020-01-31
16910;23;15930;00833;740000;0;740000;2019-10-22;2019-10-23;2019-10-31
16939;13;10951;93132;4800000;0;4800000;2019-05-01;2019-05-13;NA
16950;25;12161;53097;3592000;0;3592000;2020-01-16;2020-01-18;2020-01-23
16955;53;194;25366;1920000;0;1920000;2020-02-02;2020-02-15;2020-02-20
16956;56;346;31344;2700000;0;2700000;2019-08-03;2019-08-10;2019-08-12
16957;34;14165;07673;1050000;0;1050000;2020-01-09;2020-01-18;NA
16959;14;8031;87698;924000;160000;764000;2020-03-19;NA;NA
16961;33;5342;57219;13892000;0;13892000;2020-05-20;2020-05-28;2020-06-03
16973;5;1548;77701;1292000;0;1292000;2020-04-16;2020-04-17;2020-04-17
16979;69;6132;01134;4000000;0;4000000;2020-04-04;2020-04-14;2020-04-19
17006;33;11322;06151;289000;0;289000;2019-09-26;2019-09-30;2019-09-30
17009;57;13026;45932;100000;0;100000;2019-07-14;2019-07-27;2019-07-31
17012;35;7405;97783;68000;0;68000;2019-10-26;2019-11-08;2019-11-11
17019;50;7914;15597;4778000;0;4778000;2019-04-02;2019-04-12;2019-04-17
17052;56;6800;14649;72000;0;72000;2020-04-25;2020-05-09;2020-05-12
17059;65;17241;45932;1764000;0;1764000;2019-10-08;2019-10-22;2019-10-31
17062;59;12811;86224;880000;0;880000;2020-02-18;2020-02-29;2020-03-06
17067;37;8853;14511;3101000;0;2681000;2020-04-27;2020-05-06;2020-05-08
17080;10;17577;86674;12000;0;12000;2019-12-26;2020-01-04;2020-01-06
17085;28;9478;94751;316000;0;316000;2019-12-10;2019-12-23;2019-12-23
17089;50;5831;54613;1637000;0;1637000;2020-03-22;NA;NA
17092;19;11938;40403;364000;0;364000;2019-10-19;2019-10-24;2019-11-07
17119;19;2860;01594;1164000;0;1164000;2020-03-23;2020-03-25;NA
17136;3;4752;98031;228000;0;228000;2019-12-27;2019-12-28;2020-01-08
17141;10;3985;51801;4923000;0;4923000;2020-03-15;2020-03-27;2020-04-03
17142;19;10887;06815;4558000;0;4558000;2019-12-23;2019-12-28;2019-12-29
17143;20;15602;53842;1236000;0;1236000;2019-12-09;2019-12-19;2019-12-31
17159;63;830;23054;817000;0;817000;2020-03-09;2020-03-18;2020-03-28
17160;17;3477;66503;959000;0;959000;2019-10-29;NA;NA
17162;57;12590;86848;1972000;0;1972000;2020-03-04;2020-03-05;2020-03-10
17165;58;3884;59212;1080000;0;1080000;2019-11-12;2019-11-17;2019-11-17
17171;67;5479;75989;1198000;0;1198000;2020-02-15;NA;NA
17179;20;5261;80873;1920000;0;1920000;2019-08-30;2019-09-04;2019-09-12
17181;16;17089;00794;644000;0;644000;2019-07-11;2019-07-22;2019-07-29
17187;16;17895;65121;6504000;0;6504000;2020-05-28;2020-06-03;2020-06-07
17190;16;7246;10223;2838000;0;2838000;2020-01-15;2020-01-23;2020-02-03
17191;56;235;36221;4068000;0;4068000;2019-12-24;2019-12-26;2019-12-29
17205;37;3041;80254;3125000;0;3125000;2020-05-21;2020-06-03;2020-06-10
17206;60;3022;57122;924000;0;924000;2019-12-18;2019-12-23;2020-01-06
17208;22;5219;35541;588000;0;588000;2019-03-13;2019-03-23;2019-03-25
17211;19;5873;12390;988000;0;988000;2019-08-01;2019-08-11;2019-08-22
17233;10;14133;31474;175000;0;175000;2020-05-14;2020-05-23;2020-05-24
17241;42;14603;97425;252000;0;252000;2019-12-14;2019-12-23;2019-12-30
17245;41;6004;19619;624000;0;624000;2020-03-12;2020-03-19;2020-03-23
17252;4;17639;06836;4089000;0;4089000;2019-08-06;2019-08-09;2019-08-17
17256;62;11690;81697;3701000;0;3701000;2020-05-25;2020-05-31;2020-06-11
17259;48;7425;62228;387000;0;387000;2019-10-26;2019-11-06;2019-11-17
17271;23;10452;77267;896000;0;896000;2019-09-20;2019-10-02;2019-10-04
17272;2;8188;66736;56000;0;56000;2019-12-05;2019-12-17;2019-12-19
17293;3;17773;68105;2648000;0;2648000;2020-01-19;2020-01-22;2020-02-05
17294;63;16466;63889;717000;0;717000;2020-04-27;2020-04-29;2020-05-03
17297;44;896;97931;380000;57000;323000;2019-12-05;2019-12-17;2019-12-31
17302;4;17915;39680;3029000;0;3029000;2020-04-23;2020-04-28;2020-05-06
17313;49;5777;15953;26000;0;26000;2019-12-19;2019-12-25;2020-01-04
17317;59;5642;94687;224000;0;224000;2019-03-14;2019-03-23;2019-04-03
17318;66;3087;66319;992000;0;992000;2019-10-09;2019-10-12;2019-10-19
17320;61;2518;89175;2224000;0;2224000;2020-05-03;2020-05-16;2020-05-19
17323;6;11077;94179;852000;0;852000;2020-04-13;2020-04-20;2020-04-20
17324;35;2829;94673;176000;0;176000;2019-12-05;2019-12-14;2019-12-20
17327;68;3275;05364;1100000;0;1100000;2019-10-27;2019-11-09;2019-11-19
17333;6;13845;06646;2448000;0;2448000;2019-12-06;2019-12-15;2019-12-21
17337;54;11356;54436;667000;0;667000;2020-05-21;2020-05-22;2020-05-25
17353;50;16745;97776;5060000;0;5060000;2020-03-27;2020-04-02;2020-04-08
17367;64;17877;53484;168000;0;168000;2020-04-13;2020-04-16;2020-04-30
17377;20;15723;14222;247000;0;247000;2020-04-26;2020-04-27;2020-05-01
17379;54;7396;20152;200000;0;200000;2019-12-08;2019-12-15;NA
17391;3;3724;51306;504000;0;504000;2020-04-30;2020-05-13;2020-05-13
17392;43;6331;94957;240000;0;240000;2019-07-23;2019-08-02;2019-08-06
17397;5;16164;16598;3202000;0;3202000;2020-02-08;2020-02-22;2020-03-03
17403;18;9399;11490;5940000;0;5940000;2019-05-31;2019-06-10;2019-06-20
17409;4;17358;64602;1562000;0;1562000;2020-05-26;2020-06-07;2020-06-17
17410;17;3598;59577;1040000;0;1040000;2019-10-19;2019-10-31;2019-11-03
17413;28;12587;74081;3595000;0;3595000;2020-05-23;2020-05-27;2020-06-08
17415;48;1293;20286;1224000;0;1224000;2020-02-02;NA;NA
17417;66;6592;47119;3297000;0;3297000;2019-09-22;2019-10-01;2019-10-07
17432;3;746;52352;475000;0;475000;2020-05-30;2020-06-10;2020-06-16
17433;19;6911;46715;360000;0;360000;2019-12-25;2020-01-03;2020-01-10
17437;27;17848;86884;1977000;0;1977000;2020-02-03;2020-02-15;2020-02-29
17451;5;16199;83643;2746000;0;2746000;2019-12-29;2020-01-09;2020-01-10
17456;38;656;71878;380000;0;380000;2019-08-04;2019-08-15;NA
17457;36;13994;35839;1405000;0;1405000;2020-04-13;2020-04-19;2020-04-28
17459;6;5830;74945;280000;0;280000;2020-01-16;2020-01-23;2020-02-06
17461;61;1867;93166;44000;0;44000;2020-05-27;2020-06-04;2020-06-09
17464;27;6598;58395;1619000;0;1619000;2020-03-20;2020-03-23;2020-03-30
17473;2;8578;22447;428000;0;428000;2020-04-05;2020-04-09;2020-04-11
17475;25;5694;17963;221000;0;221000;2020-04-29;2020-04-30;2020-05-08
17479;50;1676;29852;168000;0;168000;2019-10-21;2019-10-26;2019-10-27
17480;5;8990;69947;3291000;0;3291000;2020-05-19;2020-05-25;2020-05-26
17482;6;9756;60045;239000;0;239000;2020-04-01;2020-04-02;2020-04-12
17490;54;14320;46489;1520000;0;1520000;2019-06-25;2019-06-30;2019-07-14
17493;36;15710;60828;9146000;0;9146000;2020-05-18;2020-05-23;2020-06-06
17498;46;15641;00466;100000;0;100000;2019-11-02;2019-11-05;2019-11-14
17500;11;3181;72960;110000;0;110000;2020-02-01;NA;NA
17501;20;12093;80840;1381000;0;1381000;2020-05-23;2020-06-06;2020-06-20
17506;18;6945;90466;15000;0;15000;2019-07-05;2019-07-13;2019-07-22
17515;59;12623;40084;779000;0;779000;2019-06-02;2019-06-15;2019-06-27
17526;42;2712;82472;296000;0;296000;2020-02-06;2020-02-20;2020-03-05
17529;58;17624;61555;184000;0;184000;2020-02-23;2020-03-04;2020-03-10
17536;29;2474;95176;8962000;1769000;7193000;2020-01-23;2020-01-31;2020-02-04
17546;21;13257;25904;528000;0;528000;2019-12-16;2019-12-20;2019-12-26
17552;42;11822;46915;396000;0;396000;2019-12-06;2019-12-20;2019-12-24
17556;68;7468;12718;128000;0;128000;2019-10-31;2019-11-11;2019-11-14
17564;51;16630;45632;2415000;0;2415000;2020-04-28;NA;NA
17570;50;3568;88380;1592000;0;1592000;2020-01-02;2020-01-15;2020-01-18
17573;11;9905;50839;6453000;0;6453000;2020-05-25;2020-06-02;2020-06-08
17576;18;17703;61082;6930000;0;6930000;2019-05-11;2019-05-22;2019-05-31
17578;23;3134;80926;1332000;0;1332000;2019-12-08;2019-12-14;2019-12-22
17594;62;1521;93383;182000;0;182000;2019-11-06;2019-11-19;2019-11-30
17600;31;4582;08910;56000;0;56000;2019-10-29;2019-11-09;2019-11-19
17604;42;14583;44579;35000;0;35000;2019-03-29;2019-04-04;NA
17614;10;8150;31135;1989000;0;1989000;2019-07-13;2019-07-15;2019-07-23
17618;69;10499;45699;1729000;345800;1383200;2019-10-15;2019-10-24;2019-10-24
17623;31;4567;80223;5753000;0;5753000;2019-11-17;2019-11-26;2019-12-07
17627;18;14218;01009;4625000;0;4625000;2020-05-13;2020-05-27;2020-06-05
17650;66;11240;55752;3314000;0;3314000;2020-04-07;2020-04-13;NA
17662;48;9183;51335;3160000;39000;3121000;2019-12-23;2019-12-28;2020-01-03
17664;11;16173;46604;300000;0;300000;2019-08-29;2019-09-08;2019-09-17
17668;66;3575;17189;777000;0;777000;2019-11-28;2019-12-10;2019-12-13
17670;3;12456;89952;1150000;24500;1125500;2020-02-03;2020-02-05;2020-02-15
17673;15;8892;24929;6588000;0;6588000;2020-05-02;2020-05-14;NA
17681;8;8208;95113;40000;0;40000;2020-04-27;NA;NA
17682;42;14560;41929;638000;0;638000;2019-04-13;2019-04-19;2019-04-19
17683;10;5546;47363;429000;0;429000;2019-12-04;2019-12-06;2019-12-08
17685;58;17376;92343;3680000;0;3680000;2019-12-10;2019-12-13;2019-12-24
17693;64;17798;97907;2802000;0;2802000;2020-05-27;2020-05-30;2020-05-30
17695;65;12292;83473;660000;0;660000;2020-02-10;2020-02-20;NA
17703;47;1015;08551;38000;0;38000;2019-03-20;2019-03-23;2019-04-01
17704;45;10555;36446;903000;0;903000;2020-04-21;2020-05-02;2020-05-14
17705;44;10596;86268;275000;0;275000;2019-11-28;2019-12-04;2019-12-09
17715;6;16691;03185;4716000;0;4716000;2020-04-15;2020-04-25;2020-05-07
17722;22;7854;42594;502000;0;502000;2019-12-24;2019-12-28;2020-01-07
17724;29;9181;75985;88000;0;88000;2019-10-12;2019-10-25;2019-10-26
17727;1;6407;62213;3731000;0;3731000;2019-12-17;2019-12-22;2019-12-22
17730;6;6377;38598;760000;0;760000;2019-05-30;2019-06-11;2019-06-22
17738;59;3423;91991;1796000;0;1796000;2020-01-29;2020-02-10;2020-02-16
17739;7;8974;91131;3750000;0;3750000;2019-11-25;NA;NA
17753;43;13975;65904;72000;0;72000;2020-04-22;2020-04-27;2020-05-05
17768;19;8681;11031;216000;0;216000;2019-08-25;2019-09-03;2019-09-15
17780;55;4553;68535;2535000;0;2535000;2020-05-26;2020-06-04;2020-06-12
17784;66;11237;14677;2480000;0;2480000;2020-01-05;2020-01-15;2020-01-27
17790;9;14987;77191;4058000;0;4058000;2020-04-18;2020-04-23;2020-05-03
17796;20;10901;59154;288000;0;288000;2020-03-01;2020-03-15;2020-03-15
17797;49;4896;10057;7060000;682500;6377500;2020-03-18;2020-03-30;2020-04-08
17805;67;13793;49181;10254000;0;10254000;2019-03-20;2019-03-27;2019-04-02
17811;66;8212;50078;205000;0;205000;2020-01-28;2020-02-11;NA
17821;33;11380;09096;2258000;287100;1970900;2020-01-26;2020-02-02;2020-02-02
17828;60;7281;94569;490000;0;490000;2019-09-15;2019-09-25;2019-10-02
17843;39;14483;22667;784000;16200;767800;2020-02-11;2020-02-22;2020-03-04
17862;35;6148;36899;104000;0;104000;2019-06-11;2019-06-12;2019-06-18
17864;13;13018;69477;1858000;0;1858000;2019-11-30;2019-12-10;2019-12-21
17866;68;15255;44945;543000;0;543000;2019-10-27;2019-10-30;2019-11-13
17871;4;1707;87902;2362000;0;2362000;2019-12-30;NA;NA
17876;56;14135;39655;2364000;30600;2333400;2020-04-02;NA;NA
17880;65;9185;68425;36000;0;36000;2019-08-16;2019-08-29;2019-08-30
17884;30;1952;81007;1699000;0;1699000;2020-04-25;NA;NA
17890;3;11069;22324;1482000;0;1482000;2020-04-25;2020-05-06;2020-05-16
17896;16;10352;22200;168000;0;168000;2019-02-12;NA;NA
17901;53;6179;92655;4166000;0;4166000;2020-03-07;2020-03-08;2020-03-19
17909;60;13765;02112;1695000;0;1695000;2020-05-29;2020-06-07;2020-06-13
17915;22;16028;51685;58000;0;58000;2019-06-02;2019-06-11;2019-06-16
17920;32;13337;20465;1500000;0;1500000;2019-10-22;2019-10-28;2019-11-08
17931;15;3831;91235;250000;0;250000;2019-07-05;2019-07-09;2019-07-16
17938;59;4435;60161;8234000;414200;7819800;2019-11-21;2019-11-23;NA
17939;26;16240;81420;19832000;0;3582000;2019-07-22;2019-07-25;2019-08-02
17960;10;8243;39142;936000;0;936000;2020-05-22;2020-06-02;2020-06-11
17961;57;12037;50709;578000;0;578000;2019-08-18;2019-08-30;2019-09-02
17968;41;17314;24128;6864000;0;6864000;2020-01-03;2020-01-15;2020-01-24
17972;52;2304;97380;168000;0;168000;2019-08-06;2019-08-07;2019-08-15
17977;15;16089;44877;1639000;0;1639000;2020-02-12;2020-02-17;2020-02-21
17986;35;13231;35179;828000;0;828000;2020-03-01;2020-03-09;2020-03-21
17997;22;9505;38277;1162000;0;1162000;2020-04-09;2020-04-19;2020-04-30
17998;64;12829;05891;169000;0;169000;2020-02-08;2020-02-21;2020-02-28
18001;58;9118;27179;7000000;700000;6300000;2019-12-13;2019-12-15;2019-12-17
18008;41;8113;23457;220000;0;220000;2020-05-28;2020-06-03;2020-06-09
18010;44;1266;64844;510000;0;510000;2020-04-26;2020-05-01;2020-05-10
18011;7;14025;34198;1050000;0;1050000;2019-09-10;NA;NA
18027;57;2125;18948;942000;0;942000;2019-09-05;2019-09-10;2019-09-22
18029;46;14623;93467;415000;41500;373500;2019-12-14;2019-12-19;2020-01-02
18033;4;2924;63406;1898000;0;1898000;2020-05-11;2020-05-23;2020-06-06
18035;63;16639;57440;1250000;0;1250000;2019-08-15;2019-08-16;2019-08-27
18038;8;16893;83623;3570000;0;3570000;2020-05-06;2020-05-15;2020-05-16
18048;52;5498;78165;2600000;0;2600000;2019-10-16;2019-10-19;2019-10-27
18051;40;302;20119;4342000;0;4342000;2020-04-18;2020-04-19;2020-05-03
18052;27;2302;78832;416000;0;416000;2019-12-21;2020-01-04;2020-01-16
18064;11;17141;77488;1563000;0;1563000;2019-08-22;2019-08-24;2019-08-29
18072;62;8241;36824;375000;0;375000;2019-11-12;2019-11-20;2019-11-29
18075;56;6134;61077;1280000;0;1280000;2019-08-11;2019-08-16;2019-08-28
18079;51;8132;15013;994000;0;994000;2020-05-26;2020-06-03;2020-06-13
18085;35;1835;78142;540000;0;540000;2020-04-24;2020-04-30;2020-05-14
18089;49;11893;54411;72000;0;72000;2019-11-21;2019-11-30;2019-12-08
18099;43;17234;68983;943000;0;943000;2019-11-09;2019-11-19;2019-12-03
18122;36;10391;72461;832000;0;832000;2019-12-18;2020-01-01;2020-01-05
18127;12;10529;39814;278000;0;278000;2019-11-30;2019-12-11;2019-12-22
18135;69;17128;03856;1704000;0;1704000;2019-10-09;2019-10-16;2019-10-17
18140;4;3221;25856;105000;0;105000;2020-01-22;2020-01-25;2020-02-01
18149;1;4954;52389;633000;0;633000;2020-05-13;2020-05-17;2020-05-24
18156;24;5049;36106;2166000;0;2166000;2019-08-11;2019-08-12;2019-08-15
18158;46;8583;14424;190000;0;190000;2020-02-02;2020-02-08;2020-02-20
18194;44;11998;91828;9050000;64800;8985200;2020-04-28;2020-05-12;2020-05-24
18206;26;15926;06104;312000;0;312000;2020-03-09;2020-03-21;2020-04-02
18211;28;2809;91690;890000;0;890000;2020-04-16;2020-04-28;2020-04-29
18223;60;298;13594;6400000;0;6400000;2020-04-18;2020-04-27;2020-05-03
18228;24;9548;00000;8060000;0;8060000;2020-02-20;2020-02-25;2020-02-28
18238;17;1066;22612;2574000;0;2574000;2019-08-09;2019-08-22;2019-08-28
18239;38;14093;97356;525000;0;525000;2019-11-30;2019-12-01;2019-12-12
18244;34;613;59856;1336000;185500;1150500;2020-05-22;2020-05-28;2020-06-02
18253;57;4003;17362;2736000;0;2736000;2020-05-16;2020-05-20;2020-05-20
18259;12;931;47227;1135000;0;1135000;2020-03-26;NA;NA
18262;9;9004;93402;8009000;0;8009000;2019-09-28;2019-09-29;2019-10-13
18263;50;10188;90687;1204000;0;1204000;2019-12-05;2019-12-10;NA
18265;35;1263;06424;11053000;0;11053000;2020-03-22;2020-04-02;2020-04-09
18269;18;5711;26579;3774000;0;3774000;2020-01-24;2020-01-31;2020-02-10
18270;22;16142;78188;3285000;0;3285000;2020-04-26;2020-05-01;2020-05-15
18277;67;10821;58252;4708000;0;4708000;2019-12-17;2019-12-27;2019-12-29
18280;29;1731;47753;5800000;0;5800000;2019-09-22;2019-10-01;2019-10-13
18281;38;13137;63047;6122000;0;6122000;2020-02-23;2020-03-04;2020-03-06
18284;12;1637;96849;1857000;0;1857000;2019-11-27;2019-12-09;2019-12-09
18291;54;15586;15802;458000;0;458000;2020-01-09;2020-01-23;2020-02-06
18302;20;2709;44163;1554000;0;1554000;2020-01-31;2020-02-04;2020-02-07
18303;42;8320;42246;1562000;0;1562000;2020-04-20;2020-04-30;2020-05-05
18307;17;7599;50008;2040000;0;2040000;2020-01-27;2020-01-30;2020-02-04
18311;7;17035;12559;1562000;0;1562000;2020-01-24;2020-02-01;NA
18319;30;4715;89995;45000;0;45000;2019-06-22;NA;NA
18328;19;13343;10813;6916000;0;6916000;2020-05-26;2020-05-28;2020-06-09
18346;27;15245;22763;84000;0;84000;2019-11-08;2019-11-11;2019-11-18
18350;62;13119;45178;681000;0;681000;2020-03-07;2020-03-21;NA
18353;65;14103;48728;6683000;167200;6515800;2020-05-29;2020-05-31;2020-05-31
18355;35;5059;38455;6534000;0;6534000;2019-04-01;NA;NA
18367;10;10799;94060;539000;0;539000;2020-03-23;2020-03-28;2020-03-28
18373;17;10120;35418;10250000;0;10250000;2020-05-12;2020-05-23;2020-05-29
18378;8;13350;66226;259000;0;259000;2019-08-25;2019-08-31;2019-09-14
18382;18;17912;66403;3960000;0;3960000;2019-08-16;2019-08-28;2019-09-06
18384;7;15027;22241;7850000;0;7850000;2019-10-23;2019-10-30;2019-11-06
18385;59;11131;52494;3910000;0;3910000;2020-01-28;2020-02-06;2020-02-20
18387;7;12368;27098;4976000;0;4976000;2020-03-25;2020-03-27;2020-04-06
18408;50;6507;42139;2977000;0;2977000;2019-12-15;2019-12-21;2019-12-25
18423;46;14633;56497;2970000;0;2970000;2020-04-15;2020-04-27;2020-05-05
18424;9;17797;61399;1025000;0;1025000;2019-12-22;NA;NA
18425;33;7457;62553;1032000;0;1032000;2020-03-31;2020-04-05;2020-04-17
18438;21;4081;58779;868000;0;868000;2019-12-24;2019-12-28;2020-01-07
18456;25;4390;73699;1055000;142500;912500;2020-04-03;2020-04-09;2020-04-16
18462;15;7711;17988;3120000;0;3120000;2019-11-19;2019-11-23;2019-11-24
18464;7;16107;71590;120000;0;120000;2019-11-04;2019-11-16;NA
18466;38;11760;76660;11058000;0;11058000;2020-05-24;2020-06-05;2020-06-16
18471;64;8878;34602;3822000;0;3822000;2020-04-02;2020-04-12;2020-04-22
18484;34;9217;05600;276000;0;276000;2020-03-12;2020-03-23;2020-04-01
18495;25;9064;20847;62000;9300;52700;2019-12-25;2020-01-07;2020-01-09
18500;39;11092;06627;762000;0;762000;2020-04-28;2020-05-12;2020-05-18
18509;44;10183;63679;672000;81000;591000;2020-03-10;2020-03-15;2020-03-21
18510;19;11086;40272;1750000;0;1750000;2019-08-27;2019-08-28;2019-09-02
18512;41;11142;71209;225000;0;225000;2019-07-02;2019-07-14;NA
18527;20;5491;26885;66000;0;66000;2020-01-15;2020-01-18;NA
18529;23;7299;12111;19932000;0;19932000;2020-02-21;2020-03-04;2020-03-05
18548;68;12095;54678;380000;0;380000;2019-11-11;2019-11-20;2019-11-24
18558;26;6402;20520;174000;0;174000;2020-01-29;2020-02-09;2020-02-20
18562;3;15282;00307;2608000;0;2608000;2019-12-04;2019-12-09;2019-12-15
18565;14;15426;58367;5305000;0;5305000;2020-05-16;2020-05-24;2020-05-30
18567;9;7324;67455;2236000;0;2236000;2019-12-07;2019-12-14;2019-12-21
18578;41;15337;56187;300000;0;300000;2019-09-20;2019-09-30;2019-10-03
18580;2;5507;59254;840000;0;840000;2019-06-10;2019-06-11;2019-06-14
18588;68;4479;23684;3600000;0;3600000;2019-10-02;2019-10-04;2019-10-11
18589;65;9559;56172;462000;0;462000;2019-05-08;2019-05-21;2019-05-24
18593;21;5064;34227;2389000;0;2389000;2020-05-10;2020-05-20;2020-05-30
18595;12;3352;17500;472000;61200;410800;2019-12-23;2019-12-25;2020-01-05
18598;29;16337;19221;579000;0;579000;2020-03-23;2020-04-06;2020-04-18
18600;15;13369;10484;3564000;0;3564000;2019-12-16;2019-12-24;2020-01-07
18602;27;7611;25538;568000;0;568000;2019-12-11;2019-12-22;2019-12-30
18603;49;4880;10966;119000;0;119000;2020-04-28;2020-05-10;2020-05-16
18605;47;5617;19586;2052000;0;2052000;2020-03-28;2020-04-09;2020-04-23
18609;62;1970;90039;1628000;0;1628000;2020-03-02;2020-03-15;2020-03-16
18612;35;13236;68824;4373000;0;4373000;2020-05-18;2020-05-30;2020-06-10
18615;57;4502;37426;849000;0;849000;2020-01-24;2020-01-26;2020-01-31
18622;45;12618;20988;713000;28800;684200;2020-04-23;2020-04-24;2020-04-29
18629;58;8041;63066;938000;0;938000;2019-12-26;2020-01-04;2020-01-05
18638;44;17209;88738;70000;0;70000;2019-11-28;2019-11-29;2019-12-13
18641;43;17763;39010;368000;0;368000;2019-09-19;2019-09-21;2019-09-27
18648;64;9017;54748;5000000;0;5000000;2020-04-28;2020-04-30;2020-05-09
18656;28;8887;45121;1844000;0;1844000;2020-04-12;2020-04-23;2020-04-28
18660;25;305;23372;199000;0;199000;2019-10-14;2019-10-19;2019-10-20
18668;16;5423;38797;1794000;0;1794000;2019-07-23;2019-08-06;2019-08-16
18682;11;9120;40788;600000;0;600000;2019-04-08;2019-04-19;2019-04-24
18690;25;6355;09626;627000;0;627000;2019-12-18;2019-12-24;2019-12-31
18691;54;13388;67104;1519000;0;1519000;2019-12-15;2019-12-20;2019-12-21
18692;32;4612;58737;2090000;0;2090000;2020-04-05;2020-04-14;2020-04-23
18694;9;14172;31686;72000;0;72000;2019-09-10;2019-09-16;2019-09-21
18697;33;7432;31587;192000;0;192000;2020-04-09;2020-04-20;2020-05-04
18730;29;12231;95063;766000;0;766000;2019-09-17;2019-09-29;2019-10-06
18734;6;8608;12918;504000;0;504000;2019-07-25;2019-08-06;2019-08-12
18742;32;16713;42974;630000;0;630000;2020-05-31;NA;NA
18749;54;875;31592;96000;0;96000;2019-08-20;2019-09-03;2019-09-13
18756;35;15524;84971;836000;0;836000;2019-10-15;2019-10-28;2019-10-29
18759;21;6220;36067;5054000;0;5054000;2020-03-18;2020-04-01;NA
18770;6;17790;51789;34000;0;34000;2019-08-01;2019-08-13;2019-08-20
18772;51;5355;64496;582000;0;582000;2019-09-13;2019-09-20;2019-09-20
18782;30;7197;60871;4220000;0;4220000;2020-05-05;2020-05-17;2020-05-29
18784;37;17131;11170;4184000;0;4184000;2019-07-16;2019-07-27;2019-08-01
18789;6;9052;97923;580000;0;580000;2019-08-24;2019-09-04;2019-09-13
18796;18;3372;11593;16000;0;16000;2019-07-30;2019-08-07;2019-08-13
18800;31;10621;29193;6863000;0;6863000;2020-03-23;2020-04-05;2020-04-08
18807;30;4869;45785;589000;0;589000;2019-10-25;2019-11-07;2019-11-21
18815;59;5023;04564;1272000;0;1272000;2019-11-20;2019-11-27;2019-11-30
18819;11;10508;09958;677000;0;677000;2020-03-23;2020-03-26;2020-04-05
18820;68;17054;00650;276000;0;276000;2019-10-23;2019-10-24;NA
18824;53;4971;43030;2760000;0;2760000;2020-05-21;2020-06-03;2020-06-05
18827;31;16329;87401;1320000;0;1320000;2019-09-19;2019-09-25;2019-09-26
18834;11;7903;86867;396000;0;396000;2020-05-04;2020-05-07;2020-05-07
18843;55;15915;42909;10520000;0;10520000;2019-04-19;2019-04-28;NA
18853;64;9501;31879;48000;0;48000;2019-11-09;2019-11-13;2019-11-15
18862;68;905;65588;664000;0;664000;2020-05-26;2020-06-09;2020-06-16
18874;4;8495;31196;204000;0;204000;2019-07-08;2019-07-15;2019-07-29
18875;65;5335;76685;56000;0;56000;2020-01-27;2020-01-29;2020-02-07
18877;41;11233;75405;480000;0;480000;2020-04-01;2020-04-04;2020-04-07
18898;42;13323;10212;4700000;0;4700000;2020-05-01;2020-05-12;2020-05-12
18903;67;14271;98585;528000;0;528000;2019-06-05;2019-06-14;2019-06-15
18904;67;14081;52768;210000;0;210000;2019-07-04;2019-07-18;2019-07-18
18925;20;1109;54590;2270000;0;2270000;2020-04-10;2020-04-19;2020-04-20
18935;65;1988;42891;387000;0;387000;2020-05-28;2020-06-10;2020-06-24
18942;45;7801;31291;95000;0;95000;2019-11-28;2019-12-03;2019-12-06
18950;10;9725;39564;5776000;0;5776000;2019-07-27;2019-08-10;2019-08-11
18964;20;12573;81416;6600000;0;6600000;2019-08-03;2019-08-17;2019-08-19
18967;17;17263;57778;160000;0;160000;2020-04-07;2020-04-12;2020-04-23
18976;4;5557;14879;104000;0;104000;2020-05-27;2020-05-30;2020-05-30
18985;12;401;68936;3245000;0;3245000;2020-05-25;2020-06-07;2020-06-10
18993;68;5544;69027;3671000;0;3671000;2019-12-29;2020-01-12;2020-01-17
18994;8;2192;91060;5248000;0;5248000;2020-03-26;2020-04-02;2020-04-07
19006;18;12257;12336;760000;0;760000;2019-11-24;NA;NA
19013;51;10088;28259;733000;11250;721750;2020-03-23;2020-03-27;2020-04-04
19014;67;3236;86341;315000;0;315000;2019-08-16;2019-08-28;2019-09-09
19015;16;7422;47375;2470000;0;2470000;2019-12-20;2020-01-01;2020-01-05
19016;12;10802;81596;85000;0;85000;2020-03-05;2020-03-13;2020-03-23
19021;24;3912;09087;4620000;0;4620000;2019-12-29;NA;NA
19026;61;14406;40563;2808000;0;2808000;2020-04-30;2020-05-05;2020-05-14
19040;11;7166;11732;28000;0;28000;2019-08-09;NA;NA
19043;52;9220;41028;5860000;0;5860000;2020-01-17;2020-01-19;2020-01-29
19046;17;11280;91235;442000;0;442000;2020-01-03;2020-01-10;NA
19060;57;11908;69526;2300000;0;2300000;2019-06-09;2019-06-22;2019-07-02
19064;52;3523;87846;2936000;0;2936000;2020-04-30;2020-05-02;2020-05-02
19077;44;17900;16444;2839000;0;2839000;2019-12-27;2020-01-08;2020-01-12
19082;12;15889;59952;12505000;0;12505000;2019-11-01;2019-11-06;2019-11-10
19087;35;6537;16710;86000;0;86000;2020-01-17;2020-01-28;2020-02-02
19095;52;11369;36910;240000;0;240000;2020-02-02;2020-02-04;2020-02-12
19102;30;17182;37706;777000;0;777000;2020-04-08;2020-04-22;2020-04-24
19104;26;6816;93994;312000;0;312000;2019-09-28;2019-10-05;2019-10-07
19109;15;11677;36347;264000;0;264000;2019-10-08;2019-10-19;2019-10-20
19121;11;11023;29576;724000;0;724000;2020-02-05;2020-02-11;NA
19122;23;3428;15901;6481000;0;6481000;2020-05-28;2020-06-01;2020-06-03
19123;27;15717;59244;1692000;0;1692000;2019-05-22;2019-06-01;NA
19128;35;14253;35141;942000;0;942000;2019-12-31;2020-01-07;2020-01-12
19129;3;6095;60815;285000;0;285000;2019-07-15;2019-07-22;2019-07-28
19132;38;17775;95494;460000;0;460000;2020-03-24;2020-04-03;2020-04-11
19138;35;1036;91277;1982000;0;1982000;2019-10-25;2019-11-05;2019-11-16
19165;35;15878;29464;26000;0;26000;2019-08-12;2019-08-20;2019-08-30
19174;24;5876;42595;5418000;0;5418000;2020-05-22;2020-05-29;2020-06-10
19175;56;5646;03641;808000;0;808000;2019-08-24;2019-08-30;2019-09-04
19226;50;17321;38285;12218000;0;12218000;2020-05-09;2020-05-23;2020-05-30
19242;8;4944;53642;44000;0;44000;2020-05-28;2020-05-30;2020-05-31
19244;60;696;19379;3972000;15000;3957000;2020-02-29;2020-03-14;NA
19245;8;9435;19816;1198000;0;1198000;2020-04-01;2020-04-08;2020-04-08
19253;17;14479;84567;125000;0;125000;2020-03-15;NA;NA
19272;69;534;56529;750000;7200;742800;2019-12-12;2019-12-22;2019-12-25
19276;57;9892;81811;940000;0;940000;2019-10-22;2019-11-01;2019-11-11
19277;8;16124;85299;124000;0;124000;2019-10-21;2019-10-31;2019-11-01
19278;58;2780;96800;114000;0;114000;2020-03-27;2020-04-09;2020-04-09
19284;57;9140;68902;1512000;0;1512000;2019-09-22;2019-10-05;NA
19286;52;12031;50076;856000;0;856000;2020-03-31;2020-04-03;2020-04-06
19288;9;17072;91962;4747000;29100;4717900;2019-12-03;2019-12-16;2019-12-26
19291;39;10638;95529;11586000;0;11586000;2019-11-16;NA;NA
19295;32;2466;39737;1322000;0;1322000;2020-04-18;2020-04-21;2020-04-25
19307;21;13845;76072;2075000;0;2075000;2019-11-12;2019-11-15;2019-11-17
19309;52;1868;75389;442000;0;442000;2019-12-23;2019-12-24;2019-12-24
19314;17;9368;81887;921000;0;921000;2020-01-31;2020-02-10;2020-02-21
19315;36;16470;45456;836000;0;836000;2020-03-09;2020-03-21;2020-03-30
19331;26;12078;00169;3629000;0;3629000;2020-04-08;2020-04-20;2020-04-28
19333;16;10250;49719;2090000;0;2090000;2020-01-01;2020-01-05;2020-01-14
19338;27;15864;05415;1256000;0;1256000;2019-11-25;2019-11-28;2019-12-12
19339;10;17434;47690;44000;0;44000;2020-05-26;2020-05-30;2020-05-30
19342;20;10982;91994;1053000;105300;947700;2019-08-23;2019-08-31;2019-09-10
19349;7;3525;33507;504000;0;504000;2019-08-28;2019-09-11;2019-09-13
19356;65;2054;88661;1987000;0;1987000;2020-04-15;2020-04-23;2020-05-04
19361;63;795;10511;76000;0;76000;2019-09-03;2019-09-04;NA
19362;57;1596;65553;42000;0;42000;2020-04-21;2020-04-30;2020-04-30
19363;5;728;92720;5842000;0;5842000;2020-04-02;2020-04-05;2020-04-09
19365;29;6146;30897;874000;0;874000;2019-10-28;2019-11-10;2019-11-11
19370;69;15133;62734;312000;0;312000;2019-11-23;2019-12-06;2019-12-15
19391;2;12281;88580;1021000;0;1021000;2020-04-14;2020-04-16;2020-04-21
19400;50;124;28852;791000;0;791000;2019-08-10;NA;NA
19402;56;9918;85918;3124000;0;3124000;2020-05-27;2020-05-29;2020-06-10
19403;10;17509;48655;210000;0;210000;2019-09-21;2019-10-05;2019-10-16
19411;14;5801;57650;1276000;0;1276000;2019-12-10;2019-12-21;2019-12-27
19418;9;2424;73643;3328000;0;3328000;2020-04-13;2020-04-21;2020-04-29
19420;66;15058;65997;46000;0;46000;2019-06-07;2019-06-21;2019-06-29
19430;57;11802;40813;289000;0;289000;2019-11-09;2019-11-19;2019-11-20
19439;29;4161;26143;372000;0;372000;2020-03-06;2020-03-20;2020-03-31
19440;23;12364;08638;844000;0;844000;2020-01-23;2020-02-01;NA
19444;24;5141;84753;100000;0;100000;2019-09-28;2019-10-04;2019-10-14
19449;54;4282;60654;4000000;0;4000000;2020-01-03;2020-01-06;2020-01-07
19450;63;12746;30216;556000;50400;505600;2020-05-17;2020-05-18;2020-05-22
19451;16;12115;76905;3500000;0;3500000;2019-11-13;2019-11-18;2019-11-25
19456;16;9417;74381;3156000;210000;2946000;2019-12-17;2019-12-23;2019-12-24
19462;8;17828;55527;100000;0;100000;2019-11-03;2019-11-09;2019-11-21
19465;6;16906;10026;825000;0;825000;2020-04-15;2020-04-16;2020-04-24
19475;5;14895;02894;3015000;0;3015000;2019-11-13;2019-11-15;2019-11-22
19501;43;4581;64332;405000;0;405000;2019-11-12;2019-11-24;2019-11-24
19502;60;13989;92818;204000;0;204000;2019-10-27;2019-11-02;2019-11-05
19510;45;6892;81528;1424000;0;1424000;2020-01-18;2020-01-25;2020-01-27
19521;5;10369;99202;1114000;0;1114000;2020-01-09;2020-01-16;2020-01-22
19532;33;12253;31385;1820000;0;1820000;2020-05-24;2020-05-26;2020-06-02
19541;11;14443;77440;272000;0;272000;2019-08-30;2019-09-12;2019-09-15
19544;64;10273;48208;646000;0;646000;2019-07-10;2019-07-20;2019-07-31
19545;54;5207;86887;1917000;0;1917000;2019-09-29;NA;NA
19547;6;11889;11755;156000;0;156000;2020-04-27;NA;NA
19562;2;4274;66408;410000;0;410000;2019-12-29;2020-01-07;NA
19572;12;2820;02697;3255000;0;3255000;2020-05-23;NA;NA
19576;50;15024;04473;112000;0;112000;2019-10-27;2019-11-01;2019-11-09
19587;53;5783;33222;2940000;0;2940000;2019-12-28;2020-01-05;2020-01-17
19591;23;1010;33023;1840000;0;1840000;2019-09-26;2019-10-02;NA
19600;41;9506;57846;1088000;0;1088000;2019-07-12;2019-07-22;2019-07-23
19601;9;134;93322;1890000;0;1890000;2019-10-25;NA;NA
19604;51;2934;78720;234000;0;234000;2019-11-02;2019-11-04;2019-11-15
19608;41;2347;83790;1196000;0;1196000;2019-06-24;2019-06-29;2019-06-29
19614;22;9632;79682;1191000;0;1191000;2020-04-16;2020-04-30;2020-05-04
19619;57;14775;11308;2461000;0;2461000;2020-04-16;2020-04-17;2020-04-20
19634;37;15113;84326;3798000;0;3798000;2020-04-05;2020-04-14;2020-04-26
19641;66;8914;20224;1042000;0;1042000;2020-05-10;2020-05-17;NA
19642;26;6270;20631;1355000;0;1355000;2020-03-13;2020-03-26;2020-04-03
19648;12;7961;46502;7112000;0;7112000;2020-05-15;2020-05-23;2020-05-27
19654;59;16574;62806;2952000;0;2952000;2020-01-31;2020-02-12;2020-02-22
19659;38;8505;79739;5052000;0;5052000;2020-02-18;2020-02-27;2020-03-01
19662;18;12487;48234;396000;0;396000;2020-01-24;NA;NA
19664;14;12776;51920;1136000;0;1136000;2020-03-16;2020-03-21;2020-03-23
19672;28;16483;22860;1646000;0;1646000;2019-12-31;2020-01-06;2020-01-18
19680;53;17276;12323;90000;0;90000;2020-05-13;2020-05-14;2020-05-19
19685;52;11341;42182;1255000;262500;992500;2020-02-22;2020-02-26;2020-02-29
19689;43;1604;82457;858000;0;858000;2020-04-14;2020-04-15;2020-04-21
19699;47;1091;71378;830000;0;830000;2020-02-22;2020-02-26;2020-02-26
19706;24;5430;28088;1700000;0;1700000;2019-09-12;2019-09-18;2019-09-26
19724;14;13288;27538;1080000;0;1080000;2020-04-07;2020-04-11;NA
19730;25;5689;98384;1386000;0;1386000;2019-12-08;2019-12-22;2019-12-23
19732;15;16278;51918;470000;0;470000;2019-11-05;NA;NA
19750;59;13996;10845;85000;0;85000;2019-01-11;2019-01-19;2019-01-25
19753;8;11067;63669;6584000;0;6584000;2020-05-05;2020-05-13;2020-05-13
19760;12;8217;43569;2052000;0;2052000;2019-12-27;2019-12-31;2020-01-11
19767;44;8212;89950;1028000;21450;1006550;2020-03-02;2020-03-04;2020-03-08
19786;49;17333;75234;1088000;65550;1022450;2020-03-25;2020-04-08;2020-04-09
19814;35;7390;88641;81000;0;81000;2020-04-03;2020-04-10;2020-04-13
19815;29;5463;65161;1523000;0;1523000;2020-04-14;2020-04-23;2020-04-28
19816;1;7167;36185;536000;0;536000;2019-08-27;2019-09-01;2019-09-02
19819;17;14972;88548;344000;0;344000;2019-08-15;2019-08-18;2019-08-26
19828;67;16923;03580;80000;0;80000;2019-11-12;2019-11-23;2019-11-29
19834;22;11947;22606;480000;0;480000;2019-11-28;2019-12-04;2019-12-12
19837;45;136;36055;270000;0;270000;2019-11-27;2019-12-11;2019-12-17
19848;1;14673;80203;3020000;0;3020000;2019-12-18;2019-12-31;2020-01-05
19856;47;17725;30931;1008000;0;1008000;2020-02-17;2020-02-26;2020-03-06
19857;62;12715;63296;6568000;0;6568000;2020-05-05;2020-05-12;2020-05-18
19864;31;12285;58148;1068000;0;1068000;2020-03-12;2020-03-15;2020-03-27
19871;57;5443;23012;2952000;0;2952000;2019-10-14;2019-10-16;2019-10-25
19872;9;233;18187;5083000;0;5083000;2019-11-04;2019-11-14;2019-11-14
19873;22;13696;66813;484000;0;484000;2019-05-02;2019-05-15;2019-05-25
19874;53;4352;86124;665000;44550;620450;2019-12-03;NA;NA
19879;45;9821;03427;189000;0;189000;2019-10-18;2019-10-31;2019-11-09
19881;18;1949;38119;2408000;0;2408000;2020-01-24;2020-02-01;2020-02-03
19884;29;4786;59249;15000;0;15000;2020-03-31;2020-04-05;2020-04-17
19886;27;11426;24885;1040000;0;1040000;2019-04-04;2019-04-05;2019-04-19
19897;8;11063;09045;3144000;0;3144000;2020-04-08;2020-04-15;2020-04-16
19901;63;177;36221;1854000;0;1854000;2020-01-26;2020-01-27;2020-02-06
19924;65;16129;04350;858000;0;858000;2019-11-19;2019-12-02;2019-12-12
19928;64;12317;85018;1548000;0;1548000;2019-12-24;2019-12-26;2020-01-09
19953;15;6153;59641;100000;0;100000;2020-05-25;2020-05-30;2020-06-03
19957;44;14078;06272;1999000;0;1999000;2020-04-25;2020-04-29;2020-04-30
19959;34;8068;52846;4632000;0;4632000;2020-03-14;2020-03-22;2020-04-05
19968;39;13585;45052;1704000;0;1704000;2019-12-14;2019-12-27;2020-01-10
19972;61;7103;78817;442000;0;442000;2020-02-27;2020-03-11;2020-03-13
19978;32;113;19569;1472000;0;1472000;2020-03-04;2020-03-07;2020-03-19
19984;11;4279;18851;980000;0;980000;2020-01-17;2020-01-25;2020-02-04
19996;17;3348;80070;174000;0;174000;2019-06-04;2019-06-05;2019-06-12
19997;4;13095;54221;1128000;7200;1120800;2020-04-29;2020-05-04;2020-05-10
20004;16;10641;70990;2158000;0;2158000;2020-02-06;2020-02-08;2020-02-16
20009;39;8363;15591;4768000;0;4768000;2020-01-18;2020-01-30;2020-01-30
20026;14;13375;47275;5025000;0;5025000;2020-01-03;2020-01-13;2020-01-13
20036;59;14375;56796;996000;0;996000;2019-11-24;2019-12-08;2019-12-15
20040;11;7743;38285;2621000;0;2621000;2020-05-28;2020-06-03;2020-06-14
20045;25;1251;61651;9666000;0;9666000;2020-04-27;2020-05-10;2020-05-13
20063;6;8600;93946;12000;2400;9600;2019-12-06;2019-12-17;2019-12-29
20068;45;503;58761;363000;0;363000;2019-04-28;2019-05-04;2019-05-13
20071;64;14584;61237;52000;0;52000;2019-06-01;2019-06-05;2019-06-10
20072;31;12031;50076;112000;0;112000;2020-01-02;2020-01-13;2020-01-19
20074;48;14112;03689;165000;0;165000;2019-05-23;2019-06-02;2019-06-14
20085;63;1655;16640;108000;0;108000;2019-04-18;2019-04-29;NA
20090;65;10848;11046;3425000;0;3425000;2020-04-06;2020-04-18;2020-04-20
20102;36;16613;37868;21000;0;21000;2019-06-06;2019-06-12;2019-06-17
20111;7;127;60738;1200000;0;1200000;2019-10-22;NA;NA
20117;33;13887;68212;32000;0;32000;2020-01-29;NA;NA
20123;41;4736;29227;1947000;16500;1930500;2020-04-22;2020-05-06;2020-05-13
20131;54;10668;09368;3547000;0;3547000;2020-02-16;2020-03-01;2020-03-05
20136;42;15321;34381;776000;0;776000;2019-07-10;2019-07-14;2019-07-22
20137;38;9788;30398;210000;0;210000;2019-07-03;2019-07-13;2019-07-16
20149;32;9294;58378;420000;0;420000;2019-12-31;NA;NA
20178;19;16054;53249;2778000;0;2778000;2019-12-12;2019-12-25;2019-12-30
20189;63;13716;24320;4686000;0;4686000;2020-04-28;2020-05-09;2020-05-19
20198;2;1683;78688;1634000;326800;1307200;2019-12-14;2019-12-21;2019-12-31
20205;6;17170;96062;6138000;0;6138000;2020-05-27;2020-06-05;2020-06-11
20217;29;909;60718;1170000;0;1170000;2019-10-10;2019-10-16;2019-10-22
20225;20;3350;82017;290000;0;290000;2019-12-29;2019-12-31;2020-01-10
20236;35;5187;73337;8208000;0;8208000;2020-05-06;2020-05-17;2020-05-25
20240;64;6386;18809;11888000;0;11888000;2020-05-09;2020-05-11;2020-05-20
20248;69;16292;33004;84000;0;84000;2020-04-12;2020-04-24;2020-04-29
20253;5;897;18898;7520000;623100;6896900;2020-05-29;2020-05-31;NA
20255;55;10938;07450;4638000;0;4638000;2020-05-23;2020-06-06;2020-06-20
20256;28;3430;83287;1788000;0;1788000;2019-12-01;2019-12-12;2019-12-14
20259;30;665;28992;2038000;0;2038000;2020-04-17;2020-04-25;NA
20263;32;4775;21424;356000;0;356000;2020-03-23;2020-04-01;2020-04-09
20265;34;1331;71595;936000;0;936000;2019-09-13;2019-09-19;2019-09-29
20267;19;12844;00634;294000;0;294000;2019-10-08;2019-10-19;2019-10-31
20269;19;8094;48842;281000;0;281000;2020-05-18;2020-05-19;2020-05-28
20278;62;3048;92967;808000;0;808000;2020-03-02;2020-03-14;2020-03-16
20279;46;13114;43379;4437000;0;4437000;2020-03-17;NA;NA
20280;34;2909;31041;2112000;0;2112000;2019-09-11;2019-09-12;2019-09-13
20303;17;14650;98953;6900000;0;6900000;2019-12-10;NA;NA
20317;22;12435;68111;130000;0;130000;2020-05-29;2020-05-30;2020-06-05
20319;68;2737;18617;270000;0;270000;2020-01-24;2020-02-03;2020-02-04
20329;69;11553;26788;1338000;0;1338000;2019-11-19;2019-11-26;2019-12-08
20330;35;2298;83024;990000;0;990000;2019-06-30;2019-07-02;2019-07-02
20331;4;1755;38682;936000;0;936000;2020-03-06;2020-03-13;2020-03-13
20335;38;13399;08917;874000;0;874000;2020-01-15;2020-01-21;2020-01-22
20340;19;10846;48071;4800000;0;4800000;2020-02-09;2020-02-10;2020-02-13
20352;26;12138;29057;117000;0;117000;2019-08-25;2019-08-29;2019-09-02
20353;28;15231;16464;600000;0;600000;2019-08-28;2019-09-11;2019-09-25
20361;21;2465;00000;1080000;0;1080000;2020-01-27;2020-01-31;2020-02-14
20369;56;10719;08551;28000;0;28000;2019-11-24;NA;NA
20371;9;6431;19935;4728000;0;4728000;2019-11-22;2019-11-29;2019-12-09
20374;23;9240;05994;198000;0;198000;2020-01-21;2020-01-30;2020-02-04
20377;20;2189;32568;1618000;0;1618000;2019-12-22;2019-12-29;2020-01-02
20382;52;10539;29183;942000;97500;844500;2020-02-23;2020-02-29;2020-03-10
20384;4;16901;23058;26000;0;26000;2019-07-19;2019-07-26;2019-08-07
20391;17;9117;05849;3963000;0;3963000;2020-05-27;2020-05-31;2020-06-10
20395;3;4554;70406;510000;0;510000;2020-04-21;2020-04-28;2020-05-10
20399;1;10117;37400;1173000;0;1173000;2020-03-03;2020-03-13;2020-03-19
20411;65;10822;35511;2972000;0;2972000;2020-04-25;2020-05-09;2020-05-14
20439;28;10396;83971;159000;0;159000;2020-03-03;2020-03-06;NA
20445;13;905;47563;4071000;0;4071000;2020-03-29;2020-04-08;NA
20451;21;17631;88334;982000;0;982000;2020-04-12;2020-04-25;2020-05-05
20452;54;11055;71426;2100000;0;2100000;2020-04-30;2020-05-09;2020-05-13
20462;65;13893;10543;644000;0;644000;2020-03-04;2020-03-13;2020-03-20
20475;48;16902;86942;150000;37500;112500;2019-12-27;2019-12-30;2019-12-30
20481;27;17472;28342;4680000;0;4680000;2020-04-19;2020-04-30;NA
20485;25;4066;98682;432000;0;432000;2019-09-18;NA;NA
20486;66;12789;82324;878000;0;878000;2019-09-07;2019-09-17;2019-09-26
20487;8;3874;89055;294000;0;294000;2020-01-01;2020-01-08;2020-01-13
20490;29;6170;03473;1485000;0;1485000;2020-05-06;2020-05-17;2020-05-21
20497;11;8661;82791;434000;0;434000;2019-08-14;2019-08-26;2019-08-31
20498;64;12696;13202;570000;0;570000;2020-05-11;2020-05-21;2020-05-23
20502;54;8240;84221;4736000;0;4736000;2020-03-05;2020-03-08;2020-03-13
20506;65;9821;03427;2380000;0;2380000;2019-05-02;2019-05-05;2019-05-09
20510;69;12865;16568;988000;0;988000;2019-12-10;2019-12-11;2019-12-14
20515;37;8411;90582;105000;0;105000;2019-08-06;2019-08-07;2019-08-09
20516;30;3413;89887;1088000;0;1088000;2020-02-05;2020-02-14;2020-02-17
20527;7;14417;82788;1622000;0;1622000;2020-02-21;2020-02-23;2020-02-29
20534;43;5481;46576;240000;0;240000;2019-10-11;2019-10-13;2019-10-23
20539;32;17111;75512;84000;0;84000;2020-01-14;2020-01-23;2020-01-24
20545;18;17797;61399;120000;0;120000;2019-05-25;2019-05-30;2019-06-03
20549;48;7627;59635;594000;0;594000;2019-09-06;2019-09-14;2019-09-25
20550;43;9217;16055;7448000;0;7448000;2020-04-04;2020-04-09;2020-04-19
20556;3;1903;05018;3129000;0;3129000;2019-08-28;2019-09-05;2019-09-08
20561;68;3048;18782;845000;88800;756200;2020-04-13;2020-04-25;NA
20570;56;10946;14945;87000;0;87000;2019-09-06;NA;NA
20593;40;2122;00653;3612000;0;3612000;2019-12-10;2019-12-23;2019-12-24
20598;32;9528;05727;750000;0;750000;2019-06-24;2019-07-04;2019-07-11
20643;68;7361;24618;80000;0;80000;2019-09-23;2019-09-24;2019-10-04
20645;8;3468;45311;133000;26600;106400;2019-10-02;2019-10-06;2019-10-13
20647;6;3905;60375;168000;0;168000;2019-10-22;2019-10-31;2019-11-08
20650;16;17860;07768;22000;0;22000;2019-12-17;2019-12-31;2020-01-06
20655;2;4962;40498;8658000;0;8658000;2020-04-03;2020-04-06;2020-04-07
20662;36;8644;07054;259000;0;259000;2019-12-26;2019-12-27;2020-01-08
20668;35;9981;98156;1862000;0;1862000;2019-08-04;2019-08-10;2019-08-12
20672;43;14356;12285;294000;0;294000;2020-02-29;2020-03-03;2020-03-04
20684;5;11484;33899;392000;0;392000;2019-12-08;2019-12-12;2019-12-17
20689;18;14207;32703;1146000;0;1146000;2020-05-29;2020-06-09;2020-06-15
20695;2;16856;60834;66000;9900;56100;2019-03-16;2019-03-30;2019-04-09
20698;37;11669;93277;533000;0;533000;2019-08-24;2019-09-05;2019-09-10
20700;40;1842;51262;4170000;0;4170000;2020-02-05;2020-02-09;2020-02-19
20713;40;1011;53086;161000;32200;128800;2020-02-07;2020-02-21;2020-03-06
20714;42;13929;69717;13365000;0;13365000;2019-11-21;2019-11-24;2019-11-26
20723;12;3096;10745;242000;0;242000;2020-03-29;2020-04-02;2020-04-07
20727;7;13883;12537;176000;0;176000;2019-12-19;2019-12-31;2020-01-12
20737;33;6787;80253;252000;0;252000;2019-12-10;2019-12-16;2019-12-20
20758;47;9198;08659;748000;0;748000;2019-09-30;2019-10-13;2019-10-14
20761;30;3732;95751;2615000;0;2615000;2020-05-09;2020-05-13;2020-05-14
20765;43;11216;63001;820000;0;820000;2020-03-09;2020-03-21;2020-04-04
20769;26;5586;47983;6555000;0;6555000;2019-12-26;2020-01-07;2020-01-19
20776;34;12601;67121;47000;0;47000;2020-01-31;2020-02-06;2020-02-07
20784;9;5088;55221;4580000;0;4580000;2019-11-19;2019-11-26;2019-12-02
20792;67;6482;66470;7193000;74400;7118600;2020-05-30;2020-06-06;2020-06-11
20798;17;98;05616;120000;0;120000;2020-01-19;2020-01-25;2020-02-05
20814;38;847;74409;290000;0;290000;2020-01-18;2020-01-25;2020-01-30
20815;2;15938;01095;3295000;104400;3190600;2020-04-22;2020-04-29;2020-05-13
20816;61;12590;74275;2004000;7600;1996400;2020-03-17;2020-03-24;2020-03-30
20820;39;9575;37305;4599000;0;4599000;2019-10-30;2019-10-31;2019-11-14
20835;51;13428;44197;748000;0;748000;2020-02-06;2020-02-18;2020-02-25
20856;30;6447;79774;1056000;0;1056000;2020-05-13;2020-05-19;2020-05-31
20874;13;10865;06785;2108000;358400;1749600;2020-02-17;2020-02-23;2020-02-28
20879;34;3980;96904;501000;0;501000;2019-07-12;2019-07-25;NA
20886;31;3890;90405;205000;0;205000;2019-12-30;2020-01-08;2020-01-11
20887;12;7339;66237;402000;0;402000;2019-12-30;2020-01-01;2020-01-05
20896;32;7914;16593;420000;0;420000;2019-12-31;2020-01-06;2020-01-17
20905;20;2117;25467;8397000;0;8397000;2020-02-09;2020-02-10;2020-02-13
20907;60;3080;13270;88000;0;88000;2020-03-27;2020-03-28;2020-03-30
20909;69;3278;92622;205000;0;205000;2019-03-11;2019-03-19;2019-03-21
20910;62;8594;42403;3296000;0;3296000;2020-03-20;2020-03-24;2020-03-27
20915;36;9193;89995;1697000;0;1697000;2020-02-06;2020-02-16;2020-02-24
20916;52;5926;14264;1395000;0;1395000;2019-12-05;2019-12-07;2019-12-19
20918;4;16047;55213;1270000;68400;1201600;2019-11-17;2019-11-29;2019-11-30
20919;36;12650;48041;2430000;0;2430000;2020-03-07;2020-03-16;2020-03-28
20924;1;5206;97300;65000;0;65000;2019-11-25;NA;NA
20926;68;11602;26839;1568000;0;1568000;2019-11-13;2019-11-22;2019-11-23
20931;40;5867;40395;2647000;0;2647000;2019-09-09;2019-09-14;2019-09-18
20942;44;5845;53945;1467000;0;1467000;2020-01-09;2020-01-21;2020-01-25
20973;49;2301;34490;1785000;0;1785000;2020-01-05;2020-01-14;2020-01-18
20980;11;1738;28575;4090000;0;4090000;2020-02-04;2020-02-18;2020-02-25
20981;18;4460;45427;150000;0;150000;2019-08-29;2019-09-07;2019-09-09
20983;39;9492;32294;1159000;0;1159000;2020-04-19;2020-04-22;2020-04-26
20992;47;6381;25192;378000;0;378000;2020-05-27;2020-06-05;2020-06-12
21002;57;8115;47802;320000;0;320000;2019-08-05;2019-08-07;2019-08-13
21006;52;16672;74135;238000;0;238000;2019-10-15;2019-10-20;2019-10-25
21018;56;6461;65256;2228000;0;2228000;2019-12-28;2020-01-11;2020-01-17
21021;14;51;96759;95000;0;95000;2019-11-07;2019-11-08;NA
21030;47;235;11126;728000;0;728000;2019-12-13;2019-12-23;2020-01-03
21041;30;11490;26983;594000;0;594000;2019-11-23;2019-12-06;2019-12-10
21043;50;9113;50488;570000;0;570000;2020-02-18;2020-02-29;2020-02-29
21045;41;4599;91754;8355000;0;8355000;2020-03-25;2020-04-06;2020-04-06
21070;35;15390;14028;5858000;0;5858000;2019-10-23;2019-10-27;2019-11-07
21085;20;9771;95085;90000;0;90000;2019-12-02;2019-12-15;2019-12-21
21086;5;9881;40832;512000;0;512000;2020-02-13;2020-02-27;2020-03-07
21091;59;6360;67085;4860000;0;4860000;2020-04-21;2020-04-23;2020-05-01
21104;63;15060;78307;459000;0;459000;2020-01-31;2020-02-10;2020-02-12
21106;46;497;72604;1273000;0;1273000;2020-04-25;2020-04-27;2020-05-01
21107;62;13278;70293;1380000;0;1380000;2020-02-15;2020-02-20;NA
21108;56;17567;87759;11972000;0;11972000;2020-04-25;2020-05-03;2020-05-14
21115;68;3239;78583;42000;0;42000;2019-10-20;2019-10-27;2019-11-06
21117;5;507;97425;156000;0;156000;2019-11-18;2019-11-26;2019-11-28
21121;54;16976;49376;4200000;0;4200000;2019-04-06;2019-04-17;2019-04-17
21122;40;5076;15956;174000;2100;171900;2019-11-10;2019-11-16;2019-11-27
21124;39;7630;51918;1856000;0;1856000;2019-06-29;2019-07-12;NA
21128;48;15262;64876;520000;0;520000;2019-12-12;NA;NA
21136;54;12952;75919;4876000;0;4876000;2020-01-28;2020-01-31;2020-02-11
21147;63;16557;46364;2037000;0;2037000;2020-01-17;2020-01-27;2020-02-02
21157;69;8692;59835;862000;70000;280000;2019-12-02;2019-12-09;2019-12-14
21162;3;4085;36171;410000;0;410000;2020-01-31;2020-02-13;2020-02-18
21165;29;10112;45397;160000;0;160000;2020-03-19;2020-03-28;NA
21168;62;17526;12823;7322000;50400;7271600;2020-05-11;2020-05-20;2020-05-29
21171;60;15893;42186;4903000;0;4903000;2020-01-25;2020-02-01;NA
21175;65;15631;07888;135000;0;135000;2020-02-19;2020-02-29;2020-03-04
21176;36;10195;76330;8970000;0;8970000;2020-04-16;2020-04-20;NA
21202;20;2329;59591;280000;42000;238000;2020-03-07;2020-03-14;2020-03-24
21203;32;4028;08032;2794000;0;2794000;2020-02-26;2020-02-27;2020-02-27
21209;10;16879;89921;1125000;0;1125000;2020-05-27;2020-05-30;2020-06-07
21212;62;12618;20825;420000;0;420000;2019-04-10;2019-04-16;2019-04-22
21214;23;10195;97268;841000;4400;836600;2019-10-21;2019-10-25;2019-10-30
21216;60;12015;84552;42000;0;42000;2020-02-17;2020-02-25;2020-03-01
21220;24;6814;10071;8253000;0;8253000;2020-02-11;2020-02-17;2020-02-25
21233;32;2865;96158;91000;0;91000;2019-12-23;2020-01-06;2020-01-09
21240;6;15487;22864;3194000;0;3194000;2020-04-28;2020-05-06;2020-05-15
21246;12;6751;65103;148000;0;148000;2019-06-10;2019-06-22;2019-06-26
21254;48;7273;36285;216000;0;216000;2020-05-04;2020-05-17;2020-05-23
21268;60;17261;26829;2216000;0;2216000;2020-04-21;2020-04-29;2020-05-09
21269;22;17415;14857;1487000;0;1487000;2019-11-11;2019-11-13;2019-11-16
21273;10;9380;98575;279000;0;279000;2019-07-27;2019-08-03;2019-08-04
21276;16;3342;94446;4582000;0;4582000;2020-02-24;2020-02-26;NA
21278;8;4854;47666;1890000;0;1890000;2020-05-30;2020-05-31;2020-06-03
21283;56;5823;64059;125000;0;125000;2019-08-16;2019-08-23;2019-08-27
21286;56;5415;31687;140000;0;140000;2019-02-23;2019-02-26;2019-03-05
21295;8;13021;45215;632000;0;632000;2020-02-28;2020-03-09;2020-03-13
21298;42;12079;89591;20000;0;20000;2019-12-03;2019-12-08;2019-12-15
21306;48;12765;69875;14000;0;14000;2020-03-03;2020-03-08;2020-03-17
21322;27;14168;10265;1680000;0;1680000;2019-08-25;2019-09-03;2019-09-05
21324;13;15467;90666;4101000;15000;4086000;2020-03-02;2020-03-05;2020-03-08
21329;35;291;31662;748000;0;748000;2019-10-29;2019-11-04;NA
21340;40;1415;65135;972000;0;972000;2019-06-01;2019-06-13;2019-06-17
21341;59;7675;14062;3663000;0;3663000;2019-12-14;2019-12-19;2019-12-22
21350;18;2449;47761;2364000;0;2364000;2019-11-07;2019-11-21;2019-11-24
21354;22;11686;19329;272000;0;272000;2020-01-08;2020-01-13;2020-01-18
21359;19;9737;83709;1878000;0;1878000;2020-01-26;2020-02-09;2020-02-19
21364;42;10224;42885;140000;0;140000;2019-10-12;2019-10-26;2019-11-07
21369;32;9539;97771;2000000;0;2000000;2019-08-24;NA;NA
21386;17;13538;93240;1619000;0;1619000;2020-05-28;NA;NA
21389;14;11327;18963;798000;0;798000;2019-09-29;NA;NA
21391;25;6049;93374;1420000;123000;1297000;2020-03-17;2020-03-22;2020-03-24
21396;2;6011;96790;1056000;0;1056000;2019-10-23;2019-10-31;2019-10-31
21401;47;17164;18487;8312000;0;8312000;2020-01-12;2020-01-19;2020-01-23
21402;67;2840;17849;323000;0;323000;2020-04-13;2020-04-19;2020-04-22
21406;53;5289;63679;3724000;0;1804000;2020-03-13;2020-03-15;2020-03-29
21409;22;11597;71267;5199000;0;5199000;2019-12-05;2019-12-14;2019-12-23
21419;4;4950;22992;808000;0;808000;2020-05-30;2020-06-05;NA
21436;18;5363;98829;148000;0;148000;2019-12-31;2020-01-14;2020-01-22
21443;30;5367;30620;1313000;0;1313000;2020-04-15;2020-04-23;NA
21450;10;8138;95935;50000;0;50000;2019-12-19;2019-12-31;2020-01-12
21486;58;3588;17494;2296000;0;2296000;2020-04-11;2020-04-13;2020-04-14
21494;17;1053;20539;7915000;0;7915000;2020-05-21;2020-05-23;2020-06-02
21495;55;1831;58120;90000;0;90000;2019-11-18;2019-12-02;NA
21503;9;14120;85569;588000;0;588000;2019-08-14;2019-08-23;2019-08-27
21505;5;13772;87089;2016000;0;2016000;2020-02-12;2020-02-17;2020-02-28
21509;22;17844;66144;1861000;0;1861000;2019-08-31;2019-09-08;2019-09-18
21515;36;7327;18446;240000;0;240000;2019-12-08;NA;NA
21518;51;8968;02342;72000;0;72000;2020-03-22;2020-03-23;NA
21528;29;9155;23738;476000;0;476000;2020-02-29;2020-03-10;2020-03-15
21545;52;8364;57211;496000;0;496000;2019-07-30;2019-08-04;2019-08-14
21558;10;16174;94010;277000;0;277000;2019-12-27;2019-12-29;2019-12-31
21560;56;15455;58620;5347000;0;5347000;2020-04-19;2020-04-23;2020-04-26
21572;4;3604;25143;1800000;0;1800000;2020-04-03;2020-04-13;2020-04-15
21578;64;12984;19615;90000;0;90000;2019-06-09;2019-06-22;2019-07-02
21580;27;4016;68667;824000;0;824000;2020-02-01;2020-02-13;2020-02-19
21589;21;16062;44104;96000;0;96000;2019-09-20;2019-09-28;NA
21590;15;373;65788;3830000;0;3830000;2020-04-11;2020-04-16;NA
21592;8;15013;96508;1144000;0;1144000;2019-05-01;2019-05-14;2019-05-15
21617;6;1507;45609;1977000;0;1977000;2020-03-24;2020-04-03;2020-04-12
21618;31;8949;44767;616000;61600;554400;2019-12-20;2019-12-25;2020-01-02
21692;25;16728;20365;5293000;0;5293000;2020-02-19;2020-02-21;NA
21695;63;9638;42726;5959000;0;5959000;2020-05-31;2020-06-13;2020-06-20
21705;60;12390;93852;1665000;0;1665000;2020-05-10;2020-05-17;2020-05-19
21706;42;2492;75536;1516000;0;1516000;2020-05-17;2020-05-20;2020-05-31
21712;26;6585;70907;2502000;0;2502000;2020-04-27;2020-05-05;2020-05-08
21713;43;17191;81530;204000;0;204000;2019-11-18;2019-11-27;2019-12-11
21723;9;9211;81248;2451000;0;2451000;2020-01-15;2020-01-16;2020-01-23
21725;9;12986;73321;36000;0;36000;2019-12-06;2019-12-14;2019-12-21
21726;56;16333;36347;1647000;0;1647000;2019-03-19;2019-03-31;2019-04-09
21736;17;3077;66702;2144000;0;2144000;2019-09-07;2019-09-15;2019-09-26
21740;10;1310;79944;1110000;0;1110000;2020-05-16;2020-05-29;2020-06-05
21742;42;6909;76347;252000;0;252000;2019-04-22;2019-04-26;2019-05-03
21744;11;6892;77669;152000;0;152000;2019-12-24;2019-12-25;2020-01-06
21752;11;1405;93577;2761000;0;2761000;2020-03-10;2020-03-12;2020-03-13
21773;7;7050;22294;3840000;0;3840000;2019-12-19;2019-12-30;2019-12-31
21778;3;12617;98400;150000;0;150000;2019-07-13;2019-07-20;2019-08-01
21781;1;10994;38886;1012000;0;1012000;2019-11-01;2019-11-15;NA
21794;60;13427;24123;1903000;0;1903000;2020-04-10;2020-04-16;2020-04-25
21802;61;7400;14183;2938000;0;2938000;2020-05-29;2020-06-09;2020-06-18
21807;20;13086;54623;4950000;0;4950000;2020-03-05;2020-03-08;2020-03-19
21810;5;8337;78816;22000;0;22000;2019-04-07;2019-04-12;2019-04-15
21813;29;13926;60649;816000;0;816000;2019-09-09;2019-09-11;NA
21816;13;12888;94691;1624000;0;1624000;2019-12-16;2019-12-22;2019-12-26
21823;43;3050;53339;170000;0;170000;2020-04-19;2020-04-21;2020-04-25
21828;39;1008;54189;207000;0;207000;2019-09-22;2019-10-01;2019-10-01
21835;14;1729;40148;9505000;0;9505000;2020-05-11;NA;NA
21838;45;13697;87894;120000;0;120000;2019-12-16;NA;NA
21841;59;746;87792;7475000;0;7475000;2019-07-26;2019-08-01;2019-08-04
21856;27;2976;03856;380000;0;380000;2020-01-22;2020-01-29;2020-02-07
21862;47;15966;90659;247000;0;247000;2020-03-10;2020-03-22;2020-03-27
21864;33;8838;49589;30000;0;30000;2019-08-23;2019-09-02;2019-09-16
21865;54;5009;65000;44000;0;44000;2019-06-27;2019-07-02;2019-07-08
21882;65;15106;77449;782000;0;782000;2020-01-11;2020-01-18;2020-01-29
21893;67;2210;59526;156000;0;156000;2020-01-28;NA;NA
21899;63;3212;71498;833000;0;833000;2019-06-09;2019-06-14;2019-06-15
21905;34;8414;89128;245000;0;245000;2019-11-05;NA;NA
21906;54;17746;53893;44000;8800;35200;2019-08-30;2019-09-02;NA
21917;66;15660;69905;10920000;0;10920000;2019-08-23;2019-08-28;2019-08-28
21923;66;5578;33131;1620000;0;1620000;2019-10-04;2019-10-09;2019-10-20
21925;58;199;09299;2056000;0;1839000;2020-02-25;2020-03-04;2020-03-12
21955;56;17604;19287;1848000;0;1848000;2020-02-22;2020-03-06;2020-03-17
21957;67;15466;73580;4480000;0;4480000;2020-05-26;2020-06-06;2020-06-11
21960;14;17485;39026;6014000;0;6014000;2020-02-25;2020-03-04;2020-03-05
21963;22;16213;15259;817000;0;817000;2020-04-12;2020-04-13;2020-04-25
21978;52;12967;21626;8000;0;8000;2019-12-08;2019-12-15;2019-12-16
21981;61;3287;31487;1766000;0;1766000;2019-12-21;2019-12-24;2020-01-07
21999;12;6274;93651;738000;0;738000;2019-08-17;2019-08-26;NA
22010;23;2851;62322;1350000;0;1350000;2019-12-05;2019-12-14;2019-12-25
22013;55;2066;54075;7114000;0;7114000;2020-05-24;2020-05-31;NA
22019;61;381;30507;1271000;0;1271000;2019-11-10;2019-11-15;2019-11-24
22028;41;6858;50860;402000;0;402000;2019-12-26;2020-01-05;2020-01-10
22037;41;9630;36363;5712000;352800;5359200;2020-02-07;2020-02-15;2020-02-25
22041;65;10839;67874;1595000;0;1595000;2020-02-11;2020-02-23;2020-03-08
22068;25;5394;89561;1078000;0;1078000;2020-01-20;2020-01-24;2020-01-30
22081;9;3548;48782;144000;0;144000;2019-11-08;2019-11-14;2019-11-24
22087;66;6075;62790;187000;0;187000;2019-09-26;2019-10-01;2019-10-01
22106;68;5859;34179;4020000;0;4020000;2019-07-28;2019-08-09;2019-08-12
22113;27;17344;46934;2014000;0;2014000;2019-12-12;2019-12-26;2020-01-01
22115;55;1508;45986;166000;0;166000;2020-03-14;2020-03-18;2020-03-28
22116;42;11034;80297;613000;0;613000;2020-03-28;2020-04-03;2020-04-04
22128;37;3021;05801;505000;0;505000;2020-03-29;2020-04-10;2020-04-13
22136;8;15956;83688;338000;0;338000;2020-04-15;2020-04-19;NA
22138;68;13737;06489;3122000;0;3122000;2020-05-21;2020-05-26;2020-05-27
22148;65;13964;44264;296000;0;296000;2019-10-18;2019-10-24;2019-10-28
22156;1;14451;84471;12231000;0;12231000;2020-04-12;2020-04-19;2020-04-29
22162;19;3450;24372;7643000;0;7643000;2020-02-28;2020-03-13;2020-03-14
22170;54;2731;06819;1878000;0;1878000;2020-04-01;2020-04-11;2020-04-12
22186;12;9475;41290;4924000;0;4924000;2020-05-17;2020-05-23;2020-05-31
22187;60;9896;85768;180000;0;180000;2020-05-14;2020-05-20;2020-05-31
22193;33;6668;95385;132000;0;132000;2019-12-31;2020-01-11;2020-01-21
22211;19;16652;64496;5892000;0;5892000;2020-03-31;2020-04-11;2020-04-22
22219;51;6679;23441;6524000;0;6524000;2020-05-27;2020-05-31;2020-06-01
22221;58;555;72053;234000;0;234000;2019-11-17;2019-11-20;2019-12-02
22238;10;11889;15325;14000;0;14000;2019-08-03;2019-08-04;2019-08-18
22239;68;4355;86727;635000;0;635000;2019-12-30;2020-01-09;2020-01-10
22243;17;15590;59114;396000;0;396000;2019-11-07;2019-11-09;2019-11-09
22247;69;9516;90630;1144000;228800;915200;2020-02-14;2020-02-28;2020-03-06
22258;62;9575;37305;1060000;0;1060000;2019-12-17;2019-12-26;2019-12-28
22261;15;14160;78636;8800000;0;8800000;2020-04-19;2020-05-03;2020-05-04
22278;45;4262;07042;1500000;0;1500000;2020-04-26;NA;NA
22280;60;3794;49793;1282000;0;1282000;2020-03-29;2020-04-04;2020-04-09
22284;20;16315;47509;312000;0;312000;2019-05-23;2019-06-03;2019-06-13
22285;17;8364;03351;690000;0;690000;2020-05-03;2020-05-05;2020-05-05
22290;32;6023;50155;854000;0;854000;2020-05-02;NA;NA
22299;50;16402;73422;3520000;0;3520000;2019-12-11;2019-12-13;2019-12-24
22323;24;12604;94957;1724000;0;1724000;2020-04-06;2020-04-12;2020-04-24
22324;48;14056;52542;24000;0;24000;2019-09-22;2019-09-25;2019-09-25
22332;14;4683;16884;7129000;0;7129000;2019-11-10;2019-11-17;2019-11-17
22334;67;14445;00980;92000;0;92000;2019-09-20;2019-09-28;NA
22338;43;1079;52302;2130000;0;2130000;2019-06-20;2019-07-01;2019-07-01
22340;17;686;95899;88000;0;88000;2020-05-05;2020-05-18;2020-05-18
22341;3;4280;53099;992000;0;992000;2020-04-04;2020-04-16;2020-04-20
22345;61;341;20702;2125000;212500;1912500;2020-04-02;2020-04-03;2020-04-05
22365;15;17448;08894;10560000;0;10560000;2020-05-27;2020-06-06;NA
22377;32;7516;89834;2042000;0;2042000;2020-02-07;2020-02-19;2020-02-23
22382;30;11032;25024;1639000;25200;1613800;2020-02-08;2020-02-10;2020-02-22
22383;59;167;00881;275000;0;275000;2020-02-25;2020-02-27;NA
22390;37;5007;77650;702000;24000;678000;2019-12-08;2019-12-21;2019-12-28
22392;41;4971;30241;1635000;0;1635000;2019-11-28;2019-11-29;NA
22394;39;8609;71024;3257000;0;3257000;2020-05-23;2020-06-04;NA
22396;8;4776;20127;10814000;0;10814000;2020-04-13;2020-04-15;2020-04-21
22406;7;9720;95814;1741000;0;1741000;2020-05-21;2020-06-01;2020-06-04
22418;4;6107;81029;830000;0;830000;2020-03-20;2020-04-01;2020-04-03
22436;32;3197;39598;6790000;0;6790000;2019-10-11;2019-10-18;2019-10-29
22451;7;9904;60979;3024000;756000;2268000;2019-07-02;2019-07-05;2019-07-15
22454;15;5007;88148;895000;0;895000;2019-08-20;2019-08-23;2019-08-25
22464;36;1523;98381;700000;0;700000;2019-11-05;2019-11-18;2019-11-25
22480;57;15847;74525;88000;0;88000;2019-11-10;2019-11-16;2019-11-23
22490;12;7641;27489;20447000;0;20447000;2019-12-16;NA;NA
22500;25;7612;92323;201000;0;201000;2020-03-22;2020-03-31;2020-04-11
22501;21;9292;95772;280000;0;280000;2019-08-17;2019-08-21;2019-08-30
22503;10;9847;62229;4830000;109500;4720500;2020-05-17;2020-05-29;NA
22504;68;11985;68756;3250000;0;3250000;2019-07-13;2019-07-20;2019-07-26
22505;56;10404;78035;56000;0;56000;2019-09-06;2019-09-11;2019-09-16
22516;5;2175;36167;320000;0;320000;2019-09-24;2019-10-05;2019-10-14
22526;52;12989;47028;810000;0;810000;2019-11-26;2019-12-02;2019-12-03
22529;50;5733;37135;5250000;0;5250000;2020-02-13;2020-02-22;2020-03-01
22533;62;12011;11780;8657000;0;8657000;2020-02-10;2020-02-23;2020-02-25
22536;50;12582;95394;1155000;0;1155000;2019-11-15;2019-11-18;2019-11-18
22542;3;2249;79585;5244000;0;5244000;2019-11-09;NA;NA
22548;9;8427;18402;3072000;0;3072000;2020-05-10;2020-05-20;2020-06-03
22550;32;16923;03580;600000;0;600000;2019-11-17;2019-11-23;2019-11-25
22551;60;7826;08939;1327000;0;1327000;2020-04-23;2020-05-02;2020-05-12
22563;69;9211;49757;60000;0;60000;2020-04-29;2020-04-30;2020-05-10
22570;47;16148;16788;1081000;0;1081000;2020-04-17;2020-04-26;2020-04-28
22573;10;13272;93146;1206000;0;1206000;2020-04-30;2020-05-13;2020-05-14
22579;20;17143;28512;1751000;0;1751000;2020-05-18;2020-05-28;2020-06-04
22581;57;3393;31166;3888000;7600;3880400;2020-02-27;2020-03-08;2020-03-18
22588;13;574;90165;1690000;0;1690000;2020-02-08;2020-02-17;2020-02-20
22590;52;3835;88620;2349000;469800;1879200;2019-11-24;2019-11-25;2019-11-30
22599;9;8655;50576;1365000;0;1365000;2019-10-10;NA;NA
22604;29;14055;40363;8000;0;8000;2019-11-09;2019-11-10;2019-11-15
22607;33;16565;43318;4805000;81000;4724000;2020-04-08;2020-04-10;2020-04-11
22618;39;16663;10927;90000;0;90000;2019-01-07;2019-01-14;2019-01-28
22620;30;1738;15196;795000;0;795000;2020-04-29;2020-05-13;2020-05-21
22649;39;16018;71171;3121000;0;3121000;2020-05-08;2020-05-17;2020-05-18
22655;34;16027;18809;3232000;0;3232000;2020-02-14;2020-02-18;2020-02-19
22657;51;15280;75671;132000;0;132000;2019-12-01;2019-12-08;2019-12-15
22661;64;6870;11894;632000;0;632000;2020-05-19;2020-05-26;NA
22670;39;12167;95739;5085000;0;5085000;2019-11-04;2019-11-16;2019-11-21
22679;16;2687;98072;2520000;0;2520000;2019-10-07;2019-10-15;2019-10-21
22688;12;7071;93994;342000;0;342000;2019-08-29;2019-09-10;NA
22696;32;9489;51939;400000;0;400000;2020-05-24;2020-05-28;2020-06-01
22703;5;136;36055;200000;0;200000;2019-12-19;2019-12-28;NA
22707;50;4255;85197;1881000;0;1881000;2019-11-10;2019-11-12;2019-11-15
22712;69;6208;01191;352000;0;352000;2019-11-06;2019-11-16;2019-11-18
22723;57;5568;96181;3750000;0;3750000;2019-05-20;2019-06-01;2019-06-08
22732;61;6830;48029;260000;0;260000;2019-09-25;2019-09-30;2019-10-06
22741;15;7419;71364;2496000;594000;1902000;2020-02-24;2020-03-03;2020-03-14
22747;46;9166;84661;1102000;0;1102000;2020-03-21;2020-03-28;2020-04-02
22749;62;5218;58789;7845000;0;7845000;2020-04-12;2020-04-15;2020-04-26
22756;47;9898;84841;4415000;0;4415000;2020-03-24;2020-04-06;2020-04-15
22759;39;8763;02697;2772000;0;2772000;2020-02-10;2020-02-24;2020-02-27
22766;25;5158;35253;116000;0;116000;2019-10-09;2019-10-13;NA
22767;23;1344;26895;2522000;0;2522000;2020-01-24;2020-01-25;2020-01-28
22777;52;13916;41123;4044000;0;4044000;2019-10-31;2019-11-07;2019-11-19
22781;17;987;59025;949000;0;949000;2020-05-20;2020-05-27;2020-06-07
22784;64;11891;02152;1863000;0;1863000;2019-10-09;2019-10-16;2019-10-22
22785;2;7079;27604;1044000;0;1044000;2020-04-05;2020-04-07;2020-04-18
22804;39;991;28646;160000;16000;144000;2019-05-16;2019-05-18;2019-05-27
22809;58;17172;31562;1565000;207000;1358000;2020-05-05;2020-05-19;2020-05-25
22816;29;3472;46145;242000;24200;217800;2019-05-19;2019-05-27;2019-05-30
22818;12;711;75405;4000;0;4000;2019-12-15;2019-12-19;2019-12-24
22834;35;16716;42402;3678000;0;3678000;2020-04-20;2020-04-26;2020-05-06
22843;15;4151;37676;2040000;0;2040000;2020-02-03;2020-02-17;2020-02-20
22851;64;12083;94779;1020000;0;1020000;2019-12-07;2019-12-14;2019-12-18
22875;48;16069;51961;2678000;0;2678000;2020-02-24;2020-02-26;2020-02-26
22883;61;9434;42905;2240000;0;2240000;2019-11-12;2019-11-26;2019-11-26
22886;51;2792;95814;123000;0;123000;2020-02-23;NA;NA
22897;6;2839;42290;390000;0;390000;2019-11-24;2019-12-06;2019-12-09
22901;39;14026;83790;510000;0;510000;2020-03-22;2020-04-01;2020-04-05
22903;19;4168;98836;60000;0;60000;2019-10-31;NA;NA
22909;27;14587;30117;27000;0;27000;2019-08-24;2019-09-02;2019-09-08
22911;49;10366;93236;161000;0;161000;2019-03-05;2019-03-13;2019-03-15
22915;11;4490;04616;460000;0;460000;2019-07-14;2019-07-23;2019-08-06
22923;66;6468;50000;368000;0;368000;2019-12-26;2020-01-04;2020-01-18
22928;58;13085;65094;7865000;0;7865000;2020-03-28;2020-04-08;2020-04-15
22936;67;15829;87744;287000;0;287000;2020-03-22;2020-03-26;2020-03-29
22939;59;17500;93151;9930000;0;9930000;2020-03-04;2020-03-13;2020-03-23
22949;66;13613;88593;1620000;0;1620000;2019-10-19;2019-10-30;2019-11-01
22953;27;17217;19982;1510000;0;1510000;2020-05-15;2020-05-29;2020-06-10
22967;29;11856;23507;2401000;24600;2376400;2020-04-25;2020-05-02;2020-05-09
22968;56;7878;25244;287000;0;287000;2019-06-30;2019-07-06;2019-07-09
22977;1;10423;42855;48000;0;48000;2019-11-08;2019-11-14;2019-11-14
22983;54;10347;12810;374000;0;374000;2020-05-02;2020-05-06;2020-05-17
22987;50;9827;98333;2851000;0;2851000;2020-01-21;2020-02-01;2020-02-12
23004;53;245;22532;30000;0;30000;2019-12-01;2019-12-11;NA
23011;10;3069;32081;5216000;547200;4668800;2020-01-26;2020-02-05;2020-02-13
23014;66;1955;20581;3850000;0;3850000;2019-11-03;2019-11-14;2019-11-23
23015;20;7804;75541;358000;0;358000;2020-04-22;2020-04-23;2020-05-02
23020;61;13121;89930;2465000;0;2465000;2019-07-04;2019-07-15;2019-07-23
23030;28;9086;84034;3564000;0;3564000;2020-01-21;2020-01-22;2020-01-30
23031;25;6190;07593;1885000;0;1885000;2020-02-14;2020-02-25;2020-03-06
23043;23;1439;70258;144000;0;144000;2019-04-21;2019-04-26;2019-05-01
23044;3;12641;75306;3327000;0;3327000;2020-04-12;2020-04-19;2020-04-22
23065;52;1308;75809;1630000;0;1630000;2020-01-23;2020-01-29;2020-01-29
23085;1;2217;48264;2826000;0;2826000;2019-12-27;2020-01-04;2020-01-11
23093;1;6115;75559;2331000;0;2331000;2019-12-22;2020-01-04;NA
23099;39;102;38427;4020000;0;4020000;2020-01-20;NA;NA
23101;5;9175;34837;3260000;0;3260000;2020-05-27;2020-06-04;2020-06-15
23115;7;15972;07653;70000;0;70000;2019-10-21;2019-10-29;NA
23128;8;14675;90797;5277000;0;5277000;2020-03-19;2020-03-24;2020-04-04
23136;48;8446;54835;1210000;0;1210000;2019-12-14;2019-12-22;NA
23141;20;14756;87455;640000;0;640000;2020-03-04;2020-03-16;2020-03-16
23145;41;3774;42754;483000;0;483000;2020-05-21;2020-05-22;2020-05-28
23154;69;7403;16993;3800000;0;3800000;2019-06-19;2019-06-29;2019-07-10
23156;41;9188;13496;655000;0;655000;2019-05-08;2019-05-21;NA
23160;28;10587;96781;336000;0;336000;2019-08-03;2019-08-11;2019-08-17
23171;68;17458;78340;616000;0;616000;2019-06-28;2019-07-08;2019-07-08
23186;15;16353;95612;290000;0;290000;2019-10-05;2019-10-07;2019-10-10
23194;58;5446;31941;168000;0;168000;2019-08-11;2019-08-12;2019-08-18
23197;65;7581;20655;234000;0;234000;2020-02-25;2020-03-09;2020-03-20
23199;20;943;75780;4632000;661500;3970500;2020-04-06;2020-04-17;2020-04-23
23202;51;1069;28528;1727000;0;1727000;2019-12-20;2019-12-26;NA
23214;11;1986;00759;682000;0;682000;2019-11-12;2019-11-17;2019-11-22
23218;56;1235;17440;1980000;0;1980000;2019-10-22;2019-10-23;2019-11-01
23220;54;1457;41499;144000;0;144000;2019-11-17;2019-11-26;2019-12-03
23223;59;12251;63827;5071000;0;5071000;2020-05-29;2020-06-07;2020-06-11
23225;44;12906;00157;2078000;0;2078000;2019-06-14;2019-06-20;2019-07-04
23229;22;17715;57838;2873000;0;2873000;2020-05-13;NA;NA
23231;2;16709;55712;2455000;0;2455000;2020-05-11;2020-05-19;2020-06-02
23235;14;8405;19398;74000;0;74000;2020-02-18;2020-02-26;2020-02-29
23236;65;8351;25951;2000;0;2000;2019-11-18;2019-11-25;2019-12-04
23243;28;10814;80228;580000;0;580000;2020-01-29;2020-02-04;2020-02-07
23244;44;16883;60639;803000;0;803000;2020-04-18;2020-04-28;2020-05-06
23257;28;324;34339;341000;0;341000;2019-05-19;2019-05-20;2019-05-25
23259;14;8382;00621;5949000;0;5949000;2020-05-26;2020-06-04;2020-06-08
23261;5;13289;03858;258000;0;258000;2019-11-24;2019-11-30;2019-12-04
23263;12;15784;55617;130000;0;130000;2020-04-04;2020-04-09;2020-04-17
23269;6;3287;34308;7215000;930000;6285000;2020-03-08;2020-03-19;NA
23270;43;11101;94956;1125000;0;1125000;2019-05-16;2019-05-24;2019-06-07
23273;61;13480;01600;380000;0;380000;2019-10-07;2019-10-17;2019-10-29
23279;1;13924;47154;595000;113400;481600;2020-01-14;2020-01-18;2020-01-20
23284;40;6150;56962;5629000;0;5629000;2020-04-03;2020-04-07;NA
23285;6;16400;66226;6721000;0;6721000;2020-05-24;2020-05-30;2020-06-13
23287;52;13747;65271;444000;81600;362400;2020-05-09;2020-05-20;NA
23288;18;4296;72240;2720000;0;2720000;2020-02-04;2020-02-09;2020-02-15
23292;56;13464;84567;906000;76500;829500;2020-04-23;2020-05-07;2020-05-21
23295;14;5065;17245;854000;0;854000;2019-10-24;2019-10-26;2019-10-30
23297;35;11289;69739;521000;0;521000;2020-02-01;2020-02-14;2020-02-23
23299;26;6105;01175;5733000;0;5733000;2020-05-01;2020-05-02;2020-05-03
23300;42;2733;26831;3139000;0;3139000;2019-11-07;2019-11-20;2019-11-27
23301;39;14551;80694;3394000;0;3394000;2020-03-14;2020-03-15;2020-03-25
23350;31;5373;72451;161000;0;161000;2019-12-31;2020-01-07;NA
23351;2;3016;70063;42000;0;42000;2019-09-23;2019-10-01;2019-10-05
23356;45;16196;43711;1725000;0;1725000;2019-11-14;2019-11-28;2019-12-04
23372;36;12300;07613;6103000;0;6103000;2020-03-19;2020-03-30;2020-04-11
23381;50;2874;89633;216000;0;216000;2019-09-19;NA;NA
23393;53;9154;56805;120000;0;120000;2020-03-14;2020-03-27;2020-04-05
23397;60;6978;45274;182000;0;182000;2019-10-07;2019-10-14;2019-10-25
23404;37;3054;45761;1581000;0;1581000;2020-03-22;2020-04-05;2020-04-07
23412;23;15513;86229;4696000;0;4696000;2020-01-18;2020-01-21;2020-02-01
23415;53;3610;73999;490000;0;490000;2019-09-30;2019-10-10;2019-10-10
23423;69;13537;62590;1642000;0;1642000;2020-05-23;2020-06-02;2020-06-06
23438;5;13411;48802;1092000;0;1092000;2020-03-07;2020-03-08;NA
23448;27;12178;16838;271000;0;271000;2019-12-05;2019-12-07;2019-12-11
23451;23;17672;27231;1021000;0;1021000;2020-04-14;2020-04-16;2020-04-23
23454;63;14680;92581;3773000;0;3773000;2020-01-06;2020-01-11;2020-01-13
23458;30;12094;59107;1615000;0;1615000;2019-09-15;2019-09-26;2019-09-29
23459;7;8532;65622;210000;0;210000;2020-03-01;2020-03-11;2020-03-12
23479;48;10910;95054;2200000;0;2200000;2020-01-31;2020-02-12;2020-02-19
23482;1;3225;21359;601000;0;601000;2019-11-26;2019-12-06;2019-12-08
23487;66;14232;52588;5582000;0;5582000;2020-01-17;2020-01-30;2020-02-06
23491;55;8860;60007;2080000;0;2080000;2020-04-13;2020-04-22;2020-04-25
23493;40;5549;96285;66000;0;66000;2020-01-01;2020-01-09;2020-01-14
23497;51;13608;56821;1482000;0;1482000;2019-04-10;2019-04-19;2019-04-21
23504;68;16974;75217;2000;0;2000;2020-01-31;2020-02-02;2020-02-02
23513;5;12129;37611;646000;0;646000;2019-11-20;2019-12-01;2019-12-07
23526;20;3795;63571;78000;0;78000;2019-11-13;2019-11-16;2019-11-22
23528;2;6784;90188;1680000;0;1680000;2019-11-28;2019-12-07;2019-12-10
23529;34;1100;80788;14000;0;14000;2019-11-04;2019-11-12;2019-11-12
23557;62;6159;23563;561000;0;561000;2020-02-29;2020-03-06;2020-03-07
23558;69;4910;42878;3053000;202950;2850050;2020-01-07;2020-01-18;2020-01-22
23579;31;1505;66396;2477000;0;2477000;2019-11-14;2019-11-23;2019-11-25
23590;21;12951;45960;54000;0;54000;2019-11-26;2019-11-27;2019-12-05
23597;34;9149;97643;1560000;0;1560000;2019-10-10;2019-10-15;2019-10-16
23605;48;11055;86464;1332000;0;1332000;2019-11-21;2019-12-02;2019-12-09
23609;59;4129;27787;16400000;0;16400000;2019-05-22;2019-06-03;2019-06-14
23626;39;17573;69051;3013000;0;3013000;2020-03-05;NA;NA
23629;14;1500;64232;1425000;0;1425000;2020-02-01;2020-02-06;2020-02-10
23632;5;10119;66867;2127000;19250;2107750;2019-10-31;2019-11-05;2019-11-17
23635;8;2003;25383;162000;0;162000;2019-05-28;NA;NA
23638;66;1917;23478;18000;0;18000;2020-04-17;2020-04-29;2020-05-09
23643;14;859;02905;1364000;0;1364000;2019-12-11;NA;NA
23650;37;1994;74711;1872000;0;1872000;2020-05-23;2020-06-02;2020-06-16
23658;7;11362;74033;588000;0;588000;2020-03-21;2020-03-22;2020-04-05
23659;31;4410;47983;4643000;0;4643000;2020-05-04;2020-05-13;NA
23669;60;14066;19866;1118000;0;1118000;2019-09-25;2019-10-02;2019-10-09
23672;33;17032;49663;116000;0;116000;2020-05-18;2020-05-20;2020-05-28
23677;54;1709;10323;242000;0;242000;2019-10-26;2019-11-08;2019-11-22
23678;67;15138;43970;2332000;0;2332000;2019-10-24;2019-10-31;2019-10-31
23685;67;1111;16362;5950000;0;5950000;2020-03-24;2020-03-28;2020-03-30
23692;62;5857;52594;3476000;0;3476000;2020-03-16;NA;NA
23694;18;15409;02052;1566000;313200;1252800;2019-09-01;2019-09-14;2019-09-23
23701;61;5757;25104;621000;0;621000;2020-04-17;2020-04-22;2020-04-26
23710;2;1189;73580;4731000;0;4731000;2020-05-29;2020-06-06;2020-06-17
23712;6;14818;60236;5792000;0;5792000;2020-04-24;2020-04-29;2020-05-01
23716;37;17377;06987;352000;0;352000;2019-09-06;2019-09-11;2019-09-21
23718;32;2726;56130;209000;0;209000;2019-07-05;NA;NA
23721;67;8513;46733;628000;0;628000;2020-03-29;2020-04-10;2020-04-18
23723;60;8013;84778;1254000;0;1254000;2019-09-08;2019-09-13;2019-09-27
23731;35;17401;75463;3824000;0;3824000;2020-05-11;2020-05-24;NA
23736;7;12791;64314;117000;0;117000;2019-08-11;2019-08-17;2019-08-19
23749;63;1688;11518;5957000;0;5957000;2019-11-10;2019-11-19;2019-11-19
23761;32;14898;53486;5240000;0;5240000;2019-11-02;NA;NA
23770;14;260;51998;310000;0;310000;2020-04-20;2020-04-26;2020-04-30
23772;36;14003;71507;449000;15750;433250;2020-03-11;2020-03-22;2020-03-22
23780;29;5608;87924;1764000;0;1764000;2020-04-03;2020-04-08;2020-04-13
23781;49;8861;23481;84000;0;84000;2020-02-29;2020-03-03;2020-03-08
23783;54;6797;49355;876000;61200;814800;2019-12-29;2020-01-04;2020-01-16
23786;40;15906;71744;3168000;0;3168000;2019-12-18;2019-12-25;2019-12-25
23813;30;1397;38265;150000;0;150000;2019-11-02;2019-11-16;2019-11-30
23828;61;9461;53465;56000;0;56000;2019-09-18;2019-09-19;2019-09-24
23841;21;15534;68754;143000;0;143000;2019-12-05;NA;NA
23856;19;2167;08882;824000;0;824000;2020-04-11;2020-04-24;2020-04-26
23857;59;7088;02826;772000;0;772000;2020-03-17;2020-03-30;2020-03-30
23870;30;16856;06045;2882000;0;2882000;2020-05-09;2020-05-12;NA
23877;54;14288;77036;6084000;0;6084000;2019-10-16;2019-10-17;2019-10-31
23890;29;5957;80839;274000;8400;265600;2019-11-30;2019-12-03;2019-12-08
23899;25;12803;85217;3312000;0;3312000;2019-12-20;2020-01-01;2020-01-04
23911;43;9909;10620;252000;25200;226800;2019-11-24;NA;NA
23912;40;3191;93230;451000;0;451000;2019-06-08;2019-06-11;2019-06-23
23926;43;8414;37597;6563000;0;6563000;2020-05-20;2020-05-27;NA
23943;1;17597;14470;1854000;0;1854000;2020-05-27;2020-06-10;2020-06-16
23950;47;14407;14891;74000;0;74000;2019-09-16;2019-09-27;2019-10-06
23960;58;2180;60251;374000;0;374000;2020-02-12;2020-02-18;2020-03-01
23961;58;584;31775;1128000;0;1128000;2019-11-20;2019-12-03;2019-12-07
23982;19;6980;98360;1058000;0;1058000;2020-03-22;2020-04-02;NA
23987;3;8215;56925;1540000;0;1540000;2019-12-02;2019-12-14;2019-12-16
23997;56;116;76257;1370000;0;1370000;2019-12-02;2019-12-12;2019-12-21
24000;17;12750;50783;3180000;0;3180000;2019-10-23;NA;NA
24014;55;8714;60757;2737000;0;2737000;2020-02-11;2020-02-23;2020-02-24
24019;60;17469;53133;9129000;0;9129000;2020-05-24;2020-05-30;2020-06-04
24024;68;9447;77145;441000;0;441000;2020-03-12;2020-03-25;2020-03-31
24069;11;2014;38545;444000;0;444000;2019-12-11;2019-12-13;2019-12-19
24072;43;6461;55598;3960000;0;3960000;2019-09-05;2019-09-19;2019-10-01
24093;10;6948;26054;738000;0;738000;2019-10-03;2019-10-15;2019-10-19
24095;3;6295;18028;1025000;0;1025000;2019-10-18;2019-10-31;2019-11-01
24115;30;10279;19491;546000;0;546000;2019-12-07;NA;NA
24123;62;4756;00716;364000;0;364000;2019-08-16;2019-08-29;2019-08-31
24125;11;11077;56717;2447000;0;2447000;2019-08-28;2019-08-29;2019-08-29
24138;62;1155;62694;408000;0;408000;2020-04-19;2020-04-28;2020-04-29
24155;24;2121;29606;3464000;0;3464000;2019-10-22;2019-10-31;2019-11-04
24158;25;15692;92833;28000;0;28000;2019-10-16;2019-10-19;2019-10-29
24169;59;14711;18799;2970000;0;2970000;2020-01-07;2020-01-15;2020-01-29
24180;35;2263;02619;5919000;0;5919000;2020-04-03;2020-04-04;2020-04-15
24182;52;12805;04946;350000;0;350000;2019-06-10;2019-06-15;2019-06-16
24183;54;1671;59150;1470000;0;1470000;2019-04-19;2019-04-20;2019-05-01
24197;63;15316;89672;690000;0;690000;2020-05-30;2020-05-31;2020-06-07
24209;65;3565;23100;7109000;0;7109000;2020-04-06;2020-04-16;2020-04-21
24215;41;14200;14174;216000;0;216000;2020-04-04;2020-04-12;NA
24222;23;12848;51121;564000;0;564000;2019-10-08;NA;NA
24226;67;8100;54344;6464000;0;6464000;2020-04-26;2020-05-06;NA
24248;32;5190;42445;705000;0;705000;2019-12-03;2019-12-04;2019-12-15
24250;17;8817;62209;728000;0;728000;2019-11-17;2019-11-21;2019-11-26
24263;15;9651;61951;82000;0;82000;2019-11-29;2019-12-02;2019-12-08
24267;17;13580;20708;224000;0;224000;2019-11-13;2019-11-24;2019-12-03
24270;50;1756;51855;3196000;0;3196000;2019-08-26;2019-08-31;2019-09-05
24276;27;5872;36751;1980000;0;1980000;2019-05-15;2019-05-22;2019-05-27
24283;43;9232;73506;607000;0;607000;2020-05-12;2020-05-25;2020-05-31
24286;62;1276;92457;3026000;0;3026000;2020-04-07;2020-04-13;2020-04-18
24312;56;14667;46731;7670000;0;7670000;2019-09-30;2019-10-01;2019-10-10
24317;50;2439;68484;1832000;0;1832000;2019-12-26;2019-12-27;2019-12-28
24321;62;8556;57666;441000;0;441000;2020-05-12;2020-05-26;2020-05-30
24325;8;8518;67796;4993000;0;4993000;2020-03-28;2020-04-05;2020-04-13
24326;11;12832;55011;816000;0;816000;2019-12-14;2019-12-19;2020-01-02
24333;11;10244;50351;4326000;0;4326000;2019-12-12;2019-12-17;2019-12-23
24342;47;16519;02826;2887000;200000;2687000;2020-05-16;2020-05-23;2020-05-23
24350;19;4554;26649;5832000;0;5832000;2020-01-07;2020-01-19;2020-01-21
24352;64;1552;07072;896000;224000;672000;2019-12-25;2019-12-26;2020-01-03
24358;69;13913;25965;168000;0;168000;2019-11-19;2019-11-27;2019-11-30
24362;27;3827;45845;1938000;0;1938000;2019-12-16;2019-12-17;2019-12-19
24364;6;9073;71988;414000;82800;331200;2020-02-22;2020-02-28;2020-02-29
24377;20;12583;96504;2400000;0;2400000;2020-05-07;2020-05-11;2020-05-15
24391;40;17902;92526;8492000;158100;8333900;2020-05-23;2020-05-28;2020-06-09
24408;24;16350;05026;115000;0;115000;2020-05-21;2020-05-29;2020-05-29
24422;43;10518;48414;7152000;0;7152000;2020-05-09;2020-05-16;2020-05-25
24423;8;12403;97681;875000;0;875000;2020-01-12;2020-01-23;NA
24427;43;3820;14360;8080000;0;8080000;2020-02-15;2020-02-21;2020-03-04
24430;10;5748;57553;359000;0;359000;2020-05-29;2020-06-11;2020-06-21
24432;7;9543;90858;1905000;0;1905000;2019-12-07;2019-12-15;NA
24442;22;10085;06022;102000;0;102000;2020-03-07;2020-03-09;2020-03-14
24448;61;9227;69679;12977000;166050;12810950;2020-03-01;2020-03-05;2020-03-09
24451;16;17840;83061;11279000;0;11279000;2020-03-14;2020-03-26;2020-04-06
24455;64;16406;06221;100000;0;100000;2020-03-23;2020-04-01;NA
24470;13;17520;87680;82000;0;82000;2019-12-25;NA;NA
24475;60;8499;25506;36000;0;36000;2020-02-16;2020-02-28;2020-03-06
24476;17;5353;39010;1940000;0;1940000;2020-01-17;2020-01-31;2020-02-14
24479;48;15210;10965;320000;0;320000;2019-11-21;2019-11-28;2019-11-30
24486;24;8483;59704;1495000;0;1495000;2020-02-25;2020-03-07;2020-03-15
24492;7;13120;24496;84000;0;84000;2020-04-25;2020-04-30;2020-05-12
24496;24;14084;98622;5005000;0;5005000;2020-04-17;2020-04-29;2020-05-06
24505;60;16010;53804;154000;0;154000;2019-04-30;2019-05-04;2019-05-08
24506;14;12213;07018;848000;0;848000;2019-11-09;2019-11-18;2019-11-26
24509;40;17292;08031;1810000;0;1810000;2019-10-04;2019-10-15;2019-10-16
24521;64;11015;32386;716000;0;716000;2020-04-04;2020-04-13;2020-04-23
24522;13;4753;03185;1120000;0;1120000;2019-12-14;NA;NA
24528;22;5361;50254;3554000;0;3554000;2019-09-30;2019-10-09;2019-10-15
24529;9;11999;37392;108000;0;108000;2020-01-16;2020-01-27;2020-02-02
24530;20;13986;94494;4000000;0;4000000;2019-12-06;2019-12-11;2019-12-17
24535;59;2832;53342;2160000;0;2160000;2020-03-30;2020-04-08;2020-04-16
24542;41;1266;64844;3836000;0;3836000;2020-03-05;2020-03-09;NA
24559;53;8516;29371;833000;0;833000;2019-10-13;2019-10-19;2019-10-22
24591;21;3698;84358;81000;0;81000;2020-01-17;2020-01-23;2020-01-23
24605;11;239;33776;20090000;0;20090000;2020-01-24;2020-02-02;2020-02-14
24611;53;9949;67531;1163000;17600;1145400;2019-12-16;2019-12-27;2020-01-03
24612;68;974;22077;7600000;0;7600000;2019-04-23;2019-04-24;2019-04-29
24621;24;2030;02785;196000;0;196000;2019-12-25;NA;NA
24623;39;1022;78563;4490000;0;4490000;2020-03-02;2020-03-03;2020-03-05
24626;43;2061;80534;2310000;0;2310000;2020-04-02;2020-04-15;2020-04-29
24630;32;6000;62285;480000;0;480000;2019-12-16;NA;NA
24660;23;13827;71267;4555000;0;4555000;2019-12-30;2020-01-09;2020-01-10
24661;4;1111;45726;105000;0;105000;2019-10-07;2019-10-20;2019-10-22
24663;59;5797;12319;480000;0;480000;2019-12-03;2019-12-07;2019-12-21
24687;17;3019;50764;246000;0;246000;2019-12-27;2019-12-30;2020-01-09
24688;29;9518;83338;3190000;0;3190000;2020-01-24;2020-02-02;2020-02-11
24708;54;2049;92533;128000;0;128000;2019-09-12;2019-09-25;2019-10-09
24711;31;17074;49596;586000;0;586000;2020-01-11;2020-01-16;NA
24713;69;12912;33776;100000;0;100000;2019-08-18;2019-08-30;2019-08-30
24718;23;3484;06211;444000;0;444000;2020-03-23;2020-03-27;2020-03-31
24724;11;7023;45525;8807000;92400;8714600;2019-11-02;2019-11-04;2019-11-16
24738;63;11614;75745;1494000;0;1494000;2020-05-12;2020-05-19;2020-05-31
24754;5;13866;22886;574000;0;574000;2020-05-26;2020-05-30;2020-06-02
24755;57;13111;51788;5243000;0;5243000;2020-05-11;2020-05-21;2020-06-01
24757;10;2649;84818;285000;0;285000;2019-10-26;2019-10-30;2019-11-03
24760;21;9220;66402;3004000;12000;2992000;2020-05-28;2020-06-04;2020-06-08
24777;27;17877;87951;1680000;0;1680000;2019-11-21;2019-11-24;2019-12-01
24791;16;12377;72237;1540000;0;1540000;2020-02-29;2020-03-07;2020-03-09
24796;25;16405;88936;2317000;0;2317000;2020-05-30;2020-06-07;2020-06-08
24801;8;15369;17376;82000;0;82000;2019-03-28;2019-04-09;2019-04-15
24804;35;10425;21979;304000;0;304000;2020-03-08;NA;NA
24808;13;13052;77829;126000;0;126000;2019-08-07;2019-08-21;2019-08-26
24823;45;9636;41867;156000;0;156000;2019-08-05;2019-08-19;2019-08-26
24827;38;13504;90472;222000;0;222000;2019-03-26;2019-04-09;2019-04-13
24832;30;8812;90908;4040000;0;4040000;2020-01-10;2020-01-19;2020-01-24
24851;51;14288;75734;2312000;0;2312000;2020-03-27;2020-04-09;2020-04-19
24856;33;1415;20055;504000;0;504000;2020-02-19;2020-03-04;2020-03-06
24872;40;5505;74381;646000;0;646000;2019-09-18;2019-09-30;2019-10-06
24874;34;2481;54642;2840000;0;2840000;2019-11-26;2019-12-07;2019-12-18
24913;54;15231;59578;208000;0;208000;2019-11-10;NA;NA
24932;2;12379;08830;1000000;0;1000000;2019-02-26;2019-03-09;2019-03-18
24934;31;2410;46732;1749000;0;1749000;2019-11-21;2019-11-25;2019-12-05
24942;11;12011;11780;2604000;239700;2364300;2020-05-31;2020-06-14;2020-06-23
24945;17;7108;21922;313000;0;313000;2020-04-02;2020-04-14;2020-04-24
24946;17;2976;42783;4402000;0;4402000;2020-05-30;2020-06-03;2020-06-11
24954;19;6590;05665;430000;0;430000;2020-03-30;2020-04-09;2020-04-11
24963;2;8764;22931;2598000;0;2598000;2020-05-30;2020-06-02;2020-06-10
24969;42;3089;17391;1044000;79200;964800;2019-12-11;2019-12-24;2019-12-25
24973;6;8047;15695;1031000;0;1031000;2020-05-05;2020-05-10;NA
24974;22;5341;67493;722000;0;722000;2019-12-23;2020-01-05;2020-01-13
24976;35;1471;82642;2242000;0;2242000;2020-05-20;2020-06-01;2020-06-08
24992;63;8784;11765;2233000;0;2233000;2019-11-20;2019-11-29;2019-12-05
25002;5;14279;93698;1912000;0;1912000;2019-12-18;2019-12-23;2020-01-02
25003;23;82;98400;703000;0;703000;2020-05-17;2020-05-31;2020-05-31
25027;67;4424;00620;540000;81000;459000;2019-08-30;2019-09-05;2019-09-15
25028;51;1241;08930;30000;0;30000;2019-12-17;2019-12-24;2019-12-31
25034;7;9834;25618;1448000;0;1448000;2020-05-19;2020-05-28;2020-06-02
25036;19;15944;61063;2700000;0;2700000;2020-02-21;2020-02-29;2020-02-29
25042;64;14186;78708;3102000;0;3102000;2019-08-28;2019-08-31;2019-09-08
25046;8;7406;38551;275000;0;275000;2019-06-04;NA;NA
25059;12;12315;15948;416000;83200;332800;2019-10-11;2019-10-20;2019-11-03
25068;36;4436;31183;2658000;0;2658000;2020-04-13;2020-04-18;2020-04-19
25077;25;9429;67002;1058000;0;1058000;2020-03-14;2020-03-21;2020-03-22
25078;30;5647;08885;45000;0;45000;2019-07-10;2019-07-15;2019-07-22
25099;49;9296;31375;80000;0;80000;2019-09-09;NA;NA
25101;66;694;78501;1026000;0;1026000;2019-02-25;2019-02-27;2019-03-07
25102;17;15008;06021;3563000;0;3563000;2019-09-25;2019-10-07;2019-10-11
25111;20;7026;50349;800000;0;800000;2019-10-01;2019-10-13;2019-10-14
25120;30;6712;83688;19000;0;19000;2019-12-28;2020-01-03;2020-01-12
25125;6;3296;80788;50000;0;50000;2019-06-30;2019-07-10;2019-07-19
25127;6;15570;75650;370000;0;370000;2019-11-20;2019-11-30;2019-12-10
25133;38;14392;29454;363000;0;363000;2019-11-17;2019-11-28;2019-11-28
25137;17;847;74409;78000;0;78000;2020-02-27;2020-03-07;2020-03-19
25139;21;10955;60813;956000;0;956000;2019-10-20;2019-11-01;2019-11-06
25149;34;1196;57628;4912000;0;4912000;2020-03-19;2020-03-25;2020-04-02
25151;7;4032;64680;3338000;0;3338000;2020-03-22;2020-03-27;2020-03-29
25152;35;13530;65398;2627000;0;2627000;2019-07-02;2019-07-12;2019-07-22
25156;43;13988;69448;796000;0;796000;2019-09-12;2019-09-22;2019-10-04
25159;64;3013;76798;2700000;0;2700000;2020-02-03;2020-02-11;NA
25163;61;9887;36960;1307000;0;1307000;2020-05-29;2020-06-05;NA
25173;29;7855;23645;168000;0;168000;2020-02-14;2020-02-17;2020-03-02
25175;15;7788;00312;7152000;0;7152000;2019-08-26;2019-08-29;2019-09-07
25177;66;5143;38457;1078000;0;1078000;2019-12-02;2019-12-13;NA
25182;14;11176;93777;2436000;0;2436000;2019-12-22;NA;NA
25184;11;6474;57594;888000;43500;844500;2019-12-05;NA;NA
25199;50;5991;88273;406000;0;406000;2020-01-27;2020-01-29;2020-02-09
25223;40;11179;96384;5733000;0;5733000;2019-07-05;2019-07-19;2019-07-27
25231;53;15133;45639;144000;0;144000;2019-06-18;2019-06-22;NA
25242;58;13216;21244;4566000;0;4566000;2020-05-30;2020-06-03;2020-06-06
25248;12;11389;88625;64000;0;64000;2019-03-31;2019-04-11;2019-04-16
25258;30;14078;06272;1896000;0;1896000;2020-03-30;2020-04-03;2020-04-11
25259;3;15162;82684;318000;0;318000;2020-03-14;2020-03-19;2020-03-22
25269;36;2540;86834;3420000;0;3420000;2019-12-04;2019-12-18;2019-12-22
25285;64;2793;72100;48000;0;48000;2019-07-16;2019-07-24;2019-07-30
25290;27;11889;07570;2896000;564000;2332000;2019-12-29;2020-01-06;2020-01-09
25309;16;12913;28942;6000;0;6000;2019-04-28;2019-05-09;2019-05-19
25316;14;1981;84342;1938000;0;1938000;2019-12-01;2019-12-02;2019-12-14
25317;42;4500;22077;2364000;0;2364000;2020-05-19;2020-05-29;2020-06-04
25322;4;11653;48973;42000;0;42000;2020-01-23;2020-01-25;2020-01-31
25324;21;8456;80927;280000;0;280000;2020-01-31;2020-02-04;2020-02-08
25325;26;5632;18401;445000;0;445000;2020-05-15;2020-05-17;2020-05-27
25329;6;17404;84347;256000;0;256000;2019-07-22;2019-07-27;2019-08-01
25332;31;13095;65883;567000;0;567000;2020-01-23;2020-02-02;2020-02-09
25334;7;12399;29300;980000;0;980000;2019-08-07;2019-08-13;2019-08-16
25339;31;15958;89795;5414000;0;5414000;2019-09-02;2019-09-12;2019-09-20
25352;4;13066;78194;1775000;0;1775000;2020-05-30;2020-06-01;2020-06-04
25368;58;15844;46222;1791000;7800;1783200;2020-03-15;2020-03-29;2020-04-07
25374;22;12179;93852;36000;0;36000;2020-04-23;2020-05-01;2020-05-01
25377;40;16103;50828;10000;0;10000;2019-07-02;2019-07-05;2019-07-19
25389;16;4782;64112;3004000;0;3004000;2019-12-10;2019-12-21;2019-12-23
25392;67;730;44624;178000;0;178000;2019-12-30;2020-01-12;2020-01-13
25399;40;2144;24020;456000;0;456000;2019-10-01;2019-10-12;2019-10-18
25401;18;3029;25339;5419000;493000;4926000;2020-02-13;NA;NA
25405;37;8243;89809;56000;0;56000;2019-10-31;2019-11-06;2019-11-20
25421;9;8906;09326;98000;0;98000;2019-12-11;2019-12-14;2019-12-28
25423;27;11941;18015;3700000;0;3700000;2019-08-04;2019-08-16;2019-08-21
25427;32;7921;77782;531000;0;531000;2020-02-18;2020-02-23;2020-02-28
25431;56;1471;12798;1134000;0;1134000;2020-01-06;2020-01-17;2020-01-26
25438;58;11474;24520;104000;0;104000;2019-11-19;2019-11-28;2019-12-01
25446;34;5558;74189;4882000;0;4882000;2019-09-24;2019-10-06;2019-10-14
25449;7;14889;37876;2520000;0;2520000;2020-03-12;2020-03-24;2020-04-01
25451;54;11228;60087;646000;129200;516800;2019-08-24;2019-09-05;NA
25457;44;15828;28121;7528000;0;7528000;2020-04-25;2020-04-30;2020-04-30
25478;25;7298;20019;10238000;0;10238000;2019-12-01;2019-12-07;2019-12-19
25483;12;10890;65649;96000;0;96000;2019-12-14;2019-12-23;2020-01-03
25493;30;512;03670;7504000;0;7504000;2019-08-20;2019-09-02;2019-09-07
25494;42;5636;43173;80000;20000;60000;2020-01-12;2020-01-15;2020-01-19
25504;50;10051;22015;192000;0;192000;2019-04-17;2019-04-26;2019-05-01
25505;36;10320;32708;358000;0;358000;2020-05-16;2020-05-27;2020-06-07
25511;14;13023;63893;774000;0;774000;2019-12-21;2019-12-22;2019-12-26
25515;15;13064;84731;545000;0;545000;2019-12-18;2019-12-24;2019-12-31
25517;39;484;01616;1056000;0;1056000;2020-05-02;2020-05-13;2020-05-21
25519;49;16572;68586;3607000;0;3607000;2020-05-25;2020-05-28;2020-05-30
25520;59;7362;23019;2990000;0;2990000;2019-06-24;2019-06-29;2019-06-29
25526;15;7761;03982;1352000;7200;1344800;2019-11-06;2019-11-08;2019-11-13
25534;23;10728;31586;570000;0;570000;2019-11-13;2019-11-23;2019-11-24
25536;49;3988;53143;994000;0;994000;2019-10-08;2019-10-12;2019-10-16
25538;41;7702;25284;27000;0;27000;2019-08-30;2019-08-31;2019-09-09
25540;27;14555;51939;1120000;0;1120000;2020-04-24;2020-05-08;2020-05-15
25543;9;94;58082;992000;0;992000;2020-03-08;2020-03-14;2020-03-15
25546;33;10062;44396;1189000;0;1189000;2019-08-10;NA;NA
25547;7;17290;49942;3128000;0;3128000;2019-12-25;2020-01-01;NA
25567;15;10688;53648;2058000;0;2058000;2019-12-17;2019-12-20;2019-12-26
25569;38;8724;69408;1230000;0;1230000;2019-05-10;2019-05-20;2019-05-24
25570;54;13436;57453;2080000;0;2080000;2019-09-19;2019-09-20;2019-09-30
25587;14;4414;81188;360000;0;360000;2019-05-24;2019-05-29;2019-06-04
25590;46;13343;68859;4554000;1138500;3415500;2019-11-29;2019-12-06;2019-12-20
25602;57;8451;41552;25350000;0;25350000;2019-09-19;2019-09-23;2019-09-29
25627;16;1565;69531;58000;5800;52200;2019-09-22;2019-10-04;2019-10-11
25629;25;9569;29560;2968000;0;2968000;2020-03-27;2020-03-30;2020-04-08
25649;23;9788;00583;1638000;0;1638000;2020-04-26;2020-05-08;2020-05-13
25655;62;1072;34892;405000;0;405000;2020-04-13;2020-04-14;2020-04-21
25660;67;12545;85278;881000;58000;823000;2020-01-05;2020-01-16;2020-01-28
25668;52;10633;10019;1185000;0;1185000;2019-11-27;2019-12-02;NA
25674;10;13041;57185;1122000;72000;1050000;2020-05-26;2020-05-30;2020-06-04
25697;21;6731;28962;1018000;0;1018000;2020-01-26;2020-02-07;2020-02-07
25702;25;432;80155;7410000;0;7410000;2019-08-07;2019-08-10;2019-08-18
25708;9;16971;25895;2137000;0;2137000;2019-12-23;2019-12-29;2020-01-04
25711;22;12429;97503;11000;0;11000;2019-09-01;2019-09-05;2019-09-17
25712;55;14349;58531;2766000;0;2766000;2020-04-19;2020-05-02;2020-05-10
25713;16;3555;57667;105000;0;105000;2020-02-22;2020-03-06;2020-03-13
25714;66;6280;07744;1800000;1000;1799000;2019-12-05;2019-12-08;2019-12-17
25720;35;12829;45495;10368000;0;10368000;2020-05-12;2020-05-17;2020-05-17
25721;48;3404;50877;458000;0;458000;2019-11-26;2019-12-03;2019-12-17
25728;34;8278;66623;5684000;0;5684000;2020-05-28;2020-05-30;2020-05-31
25747;58;15541;91971;660000;0;660000;2019-06-10;2019-06-22;2019-06-24
25749;46;13753;01729;386000;0;386000;2019-12-17;2019-12-28;2020-01-03
25752;35;11605;75809;324000;0;324000;2019-11-19;2019-11-20;2019-11-26
25757;43;2018;26016;246000;0;246000;2019-04-18;2019-04-27;NA
25759;42;8001;57061;90000;0;90000;2019-09-13;2019-09-26;2019-10-10
25761;11;2726;68611;760000;0;760000;2019-09-15;2019-09-26;2019-10-04
25764;65;1039;56994;1341000;0;1341000;2020-02-22;2020-03-06;2020-03-14
25776;33;6330;57211;168000;0;168000;2019-10-04;2019-10-09;2019-10-20
25779;41;5104;80734;2232000;0;2232000;2020-02-08;2020-02-17;2020-02-29
25788;34;1776;07544;2206000;0;2206000;2019-12-31;2020-01-10;2020-01-14
25792;45;5338;70257;93000;0;93000;2019-05-30;2019-06-02;2019-06-12
25794;35;2040;31629;796000;0;796000;2020-03-18;2020-03-31;2020-04-09
25796;58;8459;30383;597000;81400;515600;2019-08-25;2019-08-30;2019-09-13
25803;66;2412;57256;492000;0;492000;2020-04-05;2020-04-14;2020-04-20
25805;33;17453;54409;2371000;0;2371000;2020-04-25;2020-05-05;2020-05-12
25811;58;17424;79344;228000;0;228000;2019-11-12;2019-11-18;2019-11-18
25814;24;4679;26908;1114000;0;1114000;2020-04-27;2020-05-06;NA
25819;8;11890;38446;228000;0;228000;2019-08-31;2019-09-07;2019-09-10
25822;59;13549;84453;132000;0;132000;2020-05-01;2020-05-03;2020-05-10
25824;43;13842;39993;5241000;0;5241000;2019-12-08;2019-12-21;2020-01-04
25827;67;9323;82896;253000;0;253000;2019-10-07;2019-10-18;2019-10-20
25829;19;7843;36005;2654000;0;2654000;2019-08-22;2019-08-28;2019-09-02
25830;37;2562;19287;1548000;0;1548000;2020-05-30;2020-06-08;2020-06-18
25837;51;5500;11583;1392000;0;1392000;2020-02-17;2020-02-28;2020-03-01
25841;41;16674;09476;2280000;0;2280000;2020-01-17;2020-01-18;2020-01-22
25846;64;17515;17139;320000;0;320000;2019-09-24;2019-09-30;2019-10-10
25851;61;7426;50817;63000;0;63000;2019-07-28;2019-08-02;2019-08-13
25867;9;10163;12106;5128000;0;5128000;2020-05-14;2020-05-20;2020-05-29
25877;48;9334;92581;10513000;0;10513000;2020-04-22;2020-04-30;2020-05-14
25883;28;10679;42784;660000;0;660000;2019-12-09;2019-12-18;NA
25886;7;1031;52076;1296000;129600;1166400;2020-05-26;2020-05-30;2020-06-04
25890;17;6115;37417;88000;0;88000;2020-02-19;2020-02-27;2020-03-09
25892;44;13229;28831;1264000;0;1264000;2019-12-21;2019-12-24;2019-12-28
25900;63;12661;22429;1200000;0;1200000;2020-02-09;2020-02-12;2020-02-15
25910;36;15088;79198;2695000;0;2695000;2019-12-24;2020-01-07;2020-01-17
25915;33;15085;48973;4096000;48600;4047400;2019-12-02;2019-12-15;2019-12-29
25917;8;16864;95388;20523000;0;20523000;2019-12-07;2019-12-09;2019-12-19
25921;54;15927;13734;7796000;0;7796000;2020-02-15;2020-02-22;2020-02-28
25929;8;8951;06211;1387000;0;1387000;2020-03-21;2020-04-04;2020-04-08
25935;35;16140;65256;294000;0;294000;2019-09-18;2019-09-23;2019-09-30
25941;34;4077;73588;340000;0;340000;2019-10-20;NA;NA
25942;36;8554;54843;30000;0;30000;2019-08-31;2019-09-05;2019-09-11
25945;41;14440;23857;1814000;0;1814000;2019-12-10;2019-12-14;2019-12-14
25947;18;5962;43567;646000;64350;581650;2020-04-03;2020-04-15;2020-04-21
25957;54;13029;04302;6128000;0;6128000;2019-12-18;2019-12-25;2019-12-31
25958;41;10147;11209;5088000;0;5088000;2020-04-28;2020-04-29;2020-05-03
25964;35;9036;45685;143000;0;143000;2019-11-24;2019-12-04;2019-12-15
25967;65;7123;58752;3240000;0;3240000;2019-12-14;2019-12-16;2019-12-16
25973;45;12878;49009;396000;0;396000;2020-02-29;2020-03-03;2020-03-17
25980;11;7137;20254;342000;0;342000;2019-08-29;2019-09-10;2019-09-20
25997;17;7936;19726;879000;7800;871200;2020-01-27;2020-02-07;2020-02-07
26004;56;2914;64110;532000;0;532000;2019-05-25;2019-05-31;2019-06-10
26007;2;9984;94584;4155000;0;4155000;2020-05-07;2020-05-18;2020-05-29
26014;62;2131;57258;9028000;114000;8914000;2020-04-30;2020-05-08;2020-05-15
26020;29;10963;05600;3124000;0;3124000;2019-09-27;2019-10-10;2019-10-24
26036;19;13964;44264;2852000;0;2852000;2020-04-20;2020-04-30;2020-05-04
26052;4;15743;47095;1968000;0;1968000;2020-05-06;2020-05-20;2020-05-23
26053;41;11651;98037;585000;0;585000;2019-07-25;2019-07-31;2019-07-31
26057;25;3086;26948;196000;0;196000;2019-05-29;2019-06-11;2019-06-17
26067;33;14142;94546;6324000;0;6324000;2020-05-05;2020-05-19;2020-05-21
26077;48;4256;16527;714000;0;714000;2019-04-10;2019-04-16;2019-04-18
26100;29;17634;92525;1967000;0;1967000;2019-12-19;2019-12-29;2019-12-30
26110;50;17870;64091;142000;0;142000;2019-10-06;2019-10-07;2019-10-17
26111;16;13123;90784;7646000;798000;6848000;2020-05-17;2020-05-21;2020-05-26
26125;51;561;47275;518000;0;518000;2019-04-08;2019-04-11;2019-04-17
26139;41;6366;10337;7867000;0;7867000;2019-12-30;2020-01-13;NA
26147;7;14606;28781;732000;0;732000;2019-10-28;2019-11-07;2019-11-21
26149;60;3360;85584;1880000;0;1880000;2020-04-08;NA;NA
26158;4;6508;95010;586000;0;586000;2019-12-31;2020-01-01;2020-01-12
26171;68;10464;25819;1834000;0;1834000;2019-11-21;2019-12-02;2019-12-05
26176;17;8710;21041;3579000;0;3579000;2019-06-28;2019-07-08;2019-07-15
26185;14;6008;91958;28000;0;28000;2019-11-09;2019-11-13;2019-11-16
26187;13;15404;38410;30000;0;30000;2019-12-25;2020-01-03;2020-01-09
26192;67;17749;05630;288000;0;288000;2019-12-15;2019-12-21;2019-12-29
26194;64;13015;36622;3700000;0;3700000;2019-12-29;2020-01-07;2020-01-10
26199;30;15657;14128;1224000;0;1224000;2020-01-11;2020-01-24;2020-02-04
26200;47;8509;69297;1155000;0;1155000;2020-01-18;NA;NA
26207;57;5275;00157;124000;0;124000;2019-12-22;2019-12-29;2020-01-06
26215;18;2333;15299;598000;0;598000;2020-03-25;2020-03-27;2020-04-10
26223;31;9148;91994;408000;0;408000;2020-05-30;NA;NA
26233;67;5130;86072;4494000;0;4494000;2019-11-19;2019-11-20;2019-11-29
26234;15;17581;34140;132000;0;132000;2019-08-23;2019-08-27;2019-09-04
26249;41;6414;26125;8269000;0;8269000;2020-04-13;2020-04-14;2020-04-14
26251;11;5265;46079;520000;0;520000;2019-10-20;2019-10-31;2019-11-06
26272;36;17716;99176;216000;0;216000;2019-11-17;2019-11-28;2019-12-12
26287;33;15940;56672;884000;115200;768800;2019-10-03;2019-10-06;2019-10-13
26289;35;7822;10034;722000;0;722000;2020-01-29;2020-02-03;2020-02-09
26302;18;733;37447;1321000;0;1321000;2020-04-02;2020-04-15;2020-04-22
26320;41;3810;23613;603000;0;603000;2019-12-16;2019-12-25;2019-12-31
26331;66;12657;49263;1596000;0;1596000;2019-12-28;2020-01-11;2020-01-14
26332;1;16132;03485;48000;7200;40800;2019-12-22;2020-01-03;2020-01-13
26334;22;15104;80915;1343000;0;1343000;2019-12-30;2020-01-12;2020-01-22
26335;45;4496;03338;2025000;0;2025000;2019-08-16;2019-08-25;2019-09-06
26343;59;17220;41337;760000;0;760000;2019-11-07;2019-11-12;2019-11-20
26345;38;15806;55591;794000;0;794000;2019-10-31;2019-11-10;2019-11-17
26349;49;7356;88165;188000;0;188000;2019-11-10;2019-11-11;2019-11-20
26353;39;6752;39771;2210000;0;2210000;2019-06-30;2019-07-05;2019-07-08
26358;1;373;34218;4612000;0;4612000;2020-02-22;2020-02-24;2020-03-03
26383;36;71;00794;1107000;166050;940950;2019-12-01;2019-12-05;2019-12-08
26393;18;12514;02981;1496000;0;1496000;2020-05-01;2020-05-11;2020-05-13
26396;53;6581;21696;7037000;0;7037000;2020-03-20;2020-03-21;2020-04-04
26398;47;3369;54577;190000;0;190000;2019-12-13;2019-12-27;2020-01-08
26406;22;10572;02996;350000;0;350000;2020-01-12;2020-01-13;2020-01-15
26409;30;8845;90296;2580000;0;2580000;2019-12-20;2019-12-29;2020-01-12
26424;9;2203;84696;342000;0;342000;2019-09-27;NA;NA
26425;5;16225;13423;689000;0;689000;2020-02-18;2020-02-23;2020-03-06
26432;17;3282;11322;1460000;0;1460000;2019-12-09;2019-12-13;2019-12-13
26435;42;8698;94174;1012000;0;1012000;2019-04-27;2019-05-10;2019-05-16
26437;45;4959;88524;248000;0;248000;2019-05-23;2019-06-06;2019-06-20
26444;25;3924;89711;409000;0;409000;2020-05-24;2020-05-28;2020-06-09
26454;36;16966;35030;770000;0;770000;2019-12-17;2019-12-20;2019-12-24
26462;28;16916;52986;143000;0;143000;2019-11-15;2019-11-18;2019-11-19
26464;28;3038;71026;6714000;0;6714000;2020-04-20;2020-04-23;2020-04-23
26468;8;1386;00531;1200000;0;1200000;2019-03-09;2019-03-12;2019-03-12
26474;49;4621;67428;2256000;0;2256000;2019-02-09;2019-02-12;2019-02-23
26500;58;12305;53388;686000;6000;680000;2020-04-11;2020-04-22;2020-05-02
26520;29;6674;09748;2796000;0;2796000;2020-01-04;2020-01-14;2020-01-26
26523;39;4129;38866;56000;0;56000;2020-01-17;2020-01-29;2020-02-09
26528;19;14489;35088;4532000;0;132000;2020-02-19;2020-02-29;2020-02-29
26556;3;15950;16209;52000;0;52000;2019-09-05;2019-09-08;2019-09-10
26560;17;6628;57547;4492000;0;4492000;2020-02-29;2020-03-14;2020-03-17
26567;7;14256;85784;2420000;0;2420000;2019-12-29;2020-01-12;2020-01-24
26571;54;762;55990;836000;0;836000;2020-05-04;2020-05-14;2020-05-25
26572;14;15506;46420;3930000;0;3930000;2019-12-22;2020-01-05;2020-01-08
26576;12;3548;48782;915000;0;915000;2019-08-20;2019-09-03;2019-09-03
26579;48;8696;46166;10761000;0;10761000;2020-02-19;2020-03-02;2020-03-08
26591;68;16230;30710;318000;0;318000;2020-03-23;2020-03-26;2020-03-26
26592;61;790;12063;2394000;0;2394000;2020-03-20;2020-03-24;2020-03-24
26596;7;10240;76720;864000;0;864000;2020-03-20;2020-04-02;2020-04-09
26606;30;11626;02106;286000;0;286000;2020-01-29;2020-02-07;2020-02-09
26607;20;15210;10965;2016000;0;2016000;2019-12-10;2019-12-13;2019-12-22
26611;22;899;20348;2455000;0;2455000;2019-11-23;2019-11-24;2019-12-02
26626;15;2863;69809;1405000;0;1405000;2020-02-28;2020-03-08;NA
26635;61;13550;34616;1232000;0;1232000;2020-01-21;2020-01-30;2020-02-01
26636;39;2676;68151;333000;0;333000;2020-03-21;2020-03-27;NA
26638;27;1977;85023;900000;0;900000;2019-11-29;2019-12-04;2019-12-12
26644;59;9906;10274;1008000;0;1008000;2020-01-10;2020-01-21;2020-01-22
26654;5;14771;63893;1406000;0;1406000;2020-02-23;2020-03-08;2020-03-14
26655;27;2401;30120;490000;122500;367500;2020-03-25;2020-03-31;2020-04-10
26656;48;4009;85685;654000;0;654000;2020-05-21;NA;NA
26664;69;2865;53264;3340000;0;3340000;2020-02-28;2020-03-13;2020-03-22
26668;60;9571;04415;120000;0;120000;2019-09-22;2019-10-03;2019-10-08
26674;62;2921;19586;54000;0;54000;2019-09-25;2019-09-29;2019-10-01
26677;40;11543;86615;1025000;0;1025000;2020-04-27;2020-05-07;2020-05-07
26680;1;5279;53256;1820000;351500;1468500;2020-05-03;2020-05-05;2020-05-17
26694;51;10422;57346;5609000;0;5609000;2020-04-14;2020-04-16;2020-04-20
26699;47;12367;08111;3639000;0;3639000;2019-10-30;2019-11-03;2019-11-12
26711;38;1788;95181;612000;20000;592000;2020-02-29;2020-03-04;2020-03-06
26720;34;848;28156;84000;0;84000;2019-04-02;2019-04-03;2019-04-05
26729;28;9760;53790;3627000;0;3627000;2020-04-27;2020-05-10;2020-05-13
26739;8;3181;58410;330000;0;330000;2019-03-18;2019-03-19;2019-03-31
26743;26;2572;83614;5028000;921200;4106800;2020-05-23;2020-06-02;2020-06-12
26744;49;17298;24815;419000;17000;402000;2019-07-11;2019-07-16;2019-07-30
26746;24;7219;37373;2020000;0;2020000;2020-03-21;2020-03-31;2020-04-10
26748;21;4799;98682;2728000;0;2728000;2020-01-16;2020-01-17;2020-01-25
26752;8;5785;14345;834000;0;834000;2020-02-13;2020-02-25;2020-03-07
26755;48;8109;35841;264000;0;264000;2020-01-19;2020-01-24;2020-02-03
26756;50;5338;20781;126000;0;126000;2019-09-02;2019-09-05;2019-09-13
26772;40;2217;33858;1360000;0;1360000;2019-11-29;2019-12-13;2019-12-24
26786;49;11876;72229;666000;0;666000;2020-02-23;2020-02-24;2020-02-25
26791;58;11042;70449;7095000;6750;7088250;2020-05-15;2020-05-18;2020-06-01
26815;43;14461;66867;1736000;0;1736000;2019-10-20;2019-10-24;2019-11-03
26818;39;5337;52800;22845000;0;22845000;2019-12-27;2020-01-06;NA
26821;4;10736;17245;1373000;0;1373000;2020-05-16;2020-05-19;NA
26843;66;6711;85507;1700000;4000;1696000;2019-06-30;2019-07-11;2019-07-14
26844;23;10227;79785;1013000;0;1013000;2020-03-26;2020-03-31;2020-04-08
26846;64;2682;64561;885000;0;885000;2019-10-01;2019-10-12;2019-10-16
26851;69;10178;86248;1653000;0;1653000;2020-04-04;NA;NA
26871;64;9684;94267;275000;0;275000;2019-07-11;2019-07-20;2019-07-30
26877;33;6717;74814;374000;0;374000;2020-02-20;2020-03-05;2020-03-17
26879;64;3908;20360;108000;0;108000;2019-06-05;2019-06-16;2019-06-22
26880;34;5806;36716;1302000;0;1302000;2020-05-06;2020-05-17;2020-05-19
26885;33;13049;01638;572000;0;572000;2020-03-23;2020-03-31;2020-04-01
26889;39;15811;82495;372000;0;372000;2020-05-24;2020-05-27;2020-06-05
26890;4;12700;74727;4390000;0;4390000;2020-04-25;2020-05-09;NA
26898;54;11974;22047;1392000;0;1392000;2020-05-21;2020-05-29;2020-05-30
26905;44;13107;80176;496000;0;496000;2020-01-31;2020-02-13;2020-02-18
26911;62;270;64201;202000;0;202000;2020-05-11;2020-05-19;2020-05-28
26938;17;11947;53596;5142000;0;5142000;2019-12-31;2020-01-14;2020-01-18
26941;67;8741;32446;4790000;0;4790000;2020-04-17;2020-04-28;2020-05-02
26942;48;12546;80405;5981000;0;5981000;2020-02-15;2020-02-18;2020-02-20
26950;49;5289;45297;247000;0;247000;2019-11-10;2019-11-12;2019-11-24
26956;30;11537;90168;702000;0;702000;2019-06-19;2019-06-25;2019-07-03
26967;61;4335;07908;4504000;0;4504000;2019-12-29;2020-01-11;2020-01-23
26972;50;3003;93276;2010000;0;2010000;2020-05-16;NA;NA
27009;29;17923;04767;2596000;0;2596000;2020-05-18;2020-05-24;2020-05-26
27014;44;14428;72364;100000;0;100000;2019-04-17;2019-04-23;2019-05-07
27038;44;10382;14684;9042000;0;9042000;2020-05-28;2020-06-09;2020-06-12
27066;59;12075;65777;608000;0;608000;2020-02-28;2020-03-03;2020-03-03
27075;42;4550;89731;1040000;0;1040000;2020-04-23;2020-04-30;2020-05-10
27081;67;4872;56488;288000;0;288000;2019-07-24;2019-07-28;2019-08-01
27089;36;17256;97058;155000;31000;124000;2019-10-20;2019-10-31;2019-10-31
27093;61;11285;70355;4236000;0;4236000;2020-01-08;2020-01-15;2020-01-19
27098;46;14543;53463;3912000;0;3912000;2020-01-14;2020-01-15;2020-01-29
27101;47;13333;72080;984000;0;984000;2019-10-06;2019-10-10;2019-10-11
27103;6;4635;93331;4620000;0;4620000;2020-01-24;2020-01-27;NA
27104;37;2752;44716;4026000;0;4026000;2020-04-19;2020-04-23;2020-04-25
27105;49;8641;02996;594000;0;594000;2020-03-04;2020-03-14;2020-03-24
27110;43;1705;50526;756000;0;756000;2019-12-06;2019-12-14;2019-12-18
27124;56;3570;78722;1870000;0;1870000;2019-09-08;2019-09-17;2019-09-19
27125;63;5929;75534;70000;0;70000;2019-07-04;2019-07-13;2019-07-13
27127;7;9333;33444;308000;0;308000;2019-10-24;2019-11-01;2019-11-06
27129;25;13907;20772;805000;2400;802600;2020-02-21;2020-03-01;2020-03-05
27132;63;11716;34778;234000;0;234000;2019-12-18;2020-01-01;2020-01-08
27144;5;16416;66311;377000;0;377000;2020-02-29;2020-03-04;2020-03-09
27153;66;5202;89180;770000;0;770000;2020-02-13;2020-02-26;2020-03-02
27156;39;16396;41535;30000;0;30000;2019-06-17;2019-06-26;2019-06-30
27164;55;13086;70218;108000;0;108000;2019-11-25;2019-11-30;2019-12-05
27166;32;4917;90355;2595000;573750;2021250;2019-10-30;2019-11-12;2019-11-15
27168;44;16962;70924;205000;0;205000;2019-09-18;NA;NA
27172;10;8491;67464;1046000;0;1046000;2019-12-20;2019-12-30;2019-12-30
27185;60;14208;69541;275000;0;275000;2019-12-10;2019-12-13;2019-12-23
27188;10;135;92371;170000;0;170000;2020-05-23;2020-06-05;NA
27190;59;3638;32128;4746000;0;4746000;2020-05-21;2020-06-04;2020-06-09
27210;17;14206;41133;2116000;0;2116000;2020-02-11;2020-02-12;2020-02-22
27212;66;8228;25138;352000;0;352000;2019-04-21;2019-04-25;2019-04-27
27214;63;363;15367;2178000;0;2178000;2019-10-11;2019-10-19;2019-10-28
27216;35;15365;53065;6502000;0;6502000;2020-03-30;2020-04-08;2020-04-10
27222;49;12962;20222;1633000;0;1633000;2019-12-16;2019-12-22;2019-12-29
27228;37;1668;43609;87000;0;87000;2019-06-06;2019-06-16;2019-06-27
27242;50;6757;41816;15000;0;15000;2019-09-24;2019-09-27;2019-10-01
27249;60;13638;07478;3096000;0;3096000;2020-03-27;2020-04-05;2020-04-06
27254;8;13945;68142;3319000;275500;3043500;2020-05-23;2020-06-05;2020-06-10
27255;25;9703;85604;575000;0;575000;2020-02-12;2020-02-25;2020-02-29
27256;28;5382;25971;224000;0;224000;2020-04-15;2020-04-17;2020-04-17
27257;17;15483;20873;1585000;0;1585000;2020-02-10;NA;NA
27263;30;1377;56799;492000;18000;474000;2020-01-02;2020-01-04;2020-01-15
27266;18;5385;18793;3960000;792000;3168000;2019-10-20;2019-10-21;2019-10-24
27279;34;5320;08770;6876000;0;6876000;2020-02-18;2020-02-21;NA
27282;40;9824;72683;875000;0;875000;2019-08-18;2019-08-24;2019-08-29
27304;28;5802;88891;5747000;0;5747000;2020-05-28;2020-06-10;2020-06-11
27307;10;4237;16362;4250000;0;4250000;2019-12-03;2019-12-13;2019-12-16
27343;11;15628;33406;1176000;0;1176000;2020-04-29;2020-05-12;2020-05-12
27355;30;10309;18535;3246000;0;3246000;2019-10-29;2019-11-01;2019-11-12
27356;6;2718;96039;832000;0;832000;2019-08-01;2019-08-06;2019-08-20
27361;52;16570;21583;42000;0;42000;2019-09-21;2019-09-23;2019-10-07
27368;64;13679;41433;1726000;0;1726000;2019-12-08;2019-12-10;2019-12-12
27371;41;8168;34895;828000;0;828000;2019-12-17;2019-12-19;2019-12-21
27375;30;11653;60988;6187000;0;6187000;2020-05-04;2020-05-07;2020-05-21
27387;44;14038;13042;4428000;532800;3895200;2020-02-06;2020-02-19;2020-02-23
27400;41;12769;60944;1550000;0;1550000;2019-11-22;2019-11-23;2019-11-23
27406;11;4955;13078;971000;0;971000;2020-04-03;2020-04-16;NA
27410;40;7833;35992;3982000;0;3982000;2020-05-26;2020-06-03;2020-06-12
27411;24;7637;84046;1774000;0;1774000;2020-03-26;2020-04-04;2020-04-04
27422;16;14391;48816;196000;0;196000;2020-04-04;2020-04-11;2020-04-14
27426;21;7538;16045;1176000;0;1176000;2020-01-24;2020-01-28;2020-02-03
27427;52;16466;00087;150000;0;150000;2019-11-22;2019-11-27;2019-12-07
27443;36;2472;33786;221000;0;221000;2020-04-03;2020-04-08;2020-04-16
27470;69;4844;08612;1530000;0;1530000;2019-06-30;2019-07-14;2019-07-21
27476;60;16710;66227;150000;0;150000;2020-03-12;2020-03-17;2020-03-21
27482;34;204;61446;198000;0;198000;2019-08-17;2019-08-24;2019-08-28
27488;64;3154;83389;2639000;0;2639000;2019-12-21;2019-12-31;NA
27499;7;4604;52806;6447000;0;6447000;2020-02-17;2020-02-22;2020-02-26
27503;64;4959;36928;682000;0;682000;2020-02-22;2020-03-01;2020-03-10
27512;50;15618;31687;1435000;0;1435000;2019-11-15;2019-11-28;2019-12-09
27516;56;1915;64100;36000;0;36000;2019-11-02;2019-11-13;2019-11-15
27517;68;13898;02267;448000;0;448000;2020-05-29;2020-06-12;2020-06-19
27525;11;4731;28389;2720000;0;2720000;2020-05-26;2020-06-08;2020-06-11
27533;69;17505;78032;3482000;0;3482000;2019-09-26;2019-10-05;2019-10-16
27542;38;17131;42620;1304000;0;1304000;2020-02-05;2020-02-12;2020-02-14
27550;34;2120;73747;651000;0;651000;2019-08-27;2019-09-02;NA
27556;7;13513;28850;1265000;0;1265000;2020-05-26;2020-05-30;2020-06-11
27594;6;2891;49497;2513000;242450;2270550;2020-04-04;2020-04-05;2020-04-10
27597;33;8951;26671;246000;0;246000;2019-08-01;2019-08-07;2019-08-18
27602;31;9650;13966;3846000;0;3846000;2020-05-04;2020-05-11;2020-05-18
27605;31;11198;94862;988000;0;988000;2020-02-06;NA;NA
27606;41;16690;09427;360000;0;360000;2019-12-19;2019-12-23;NA
27608;31;8502;25952;7180000;0;7180000;2019-11-23;2019-12-02;2019-12-10
27610;62;1807;87955;1725000;0;1725000;2019-09-30;2019-10-11;2019-10-19
27612;18;12395;27741;4817000;8550;4808450;2020-05-30;2020-06-02;2020-06-09
27614;64;11296;30979;2574000;0;2574000;2019-09-25;2019-09-30;2019-10-08
27626;55;8098;30168;2565000;0;2565000;2019-12-09;2019-12-23;2019-12-30
27631;36;17389;02950;2184000;0;2184000;2020-02-04;2020-02-08;2020-02-12
27644;67;15726;05388;630000;0;630000;2019-12-01;2019-12-13;NA
27647;66;11348;68903;1472000;0;1472000;2019-12-20;NA;NA
27656;16;10999;01471;442000;0;442000;2019-09-03;2019-09-09;2019-09-15
27658;66;946;21398;1056000;0;1056000;2019-10-02;2019-10-08;2019-10-16
27661;50;17038;97021;315000;0;315000;2019-02-13;2019-02-15;2019-02-15
27666;13;16727;25896;1848000;0;1848000;2019-01-25;2019-02-06;2019-02-12
27669;64;1593;38119;640000;0;640000;2019-11-24;2019-11-28;2019-11-30
27677;28;11020;61011;9891000;0;9891000;2020-05-29;2020-06-10;2020-06-15
27681;26;9460;10309;3579000;0;3579000;2019-09-24;2019-09-27;2019-10-08
27696;5;1803;81462;192000;0;192000;2020-01-29;2020-02-09;2020-02-19
27699;15;15319;30858;1656000;0;1656000;2020-01-18;2020-01-30;2020-01-31
27713;68;12523;85968;210000;0;210000;2019-07-29;2019-08-10;2019-08-16
27716;36;13418;02277;2829000;0;2829000;2020-01-24;2020-01-28;2020-02-11
27731;48;5817;61125;1170000;0;1170000;2020-02-11;2020-02-12;2020-02-22
27732;50;12416;25535;20000;0;20000;2020-03-18;2020-03-31;2020-04-05
27736;29;1876;19583;114000;0;114000;2019-08-30;2019-09-11;2019-09-25
27750;31;10968;34619;2794000;0;2794000;2019-12-10;2019-12-15;2019-12-19
27764;58;9757;90296;2184000;0;2184000;2019-09-03;2019-09-08;2019-09-09
27771;51;14847;18028;5250000;0;5250000;2019-07-29;2019-08-10;2019-08-11
27773;44;12657;81103;621000;0;621000;2019-09-03;2019-09-11;2019-09-18
27783;14;12838;73133;3316000;0;3316000;2020-03-25;2020-04-03;2020-04-13
27785;43;873;83871;1332000;0;1332000;2019-12-23;2020-01-06;2020-01-16
27788;36;6021;90715;272000;0;272000;2020-02-18;2020-02-24;2020-03-02
27791;40;15200;02725;378000;0;378000;2020-03-01;NA;NA
27798;61;9276;32130;913000;0;913000;2019-12-10;2019-12-18;NA
27816;46;1927;07177;4658000;0;4658000;2020-05-07;2020-05-13;2020-05-13
27819;21;3751;88491;324000;0;324000;2019-10-08;2019-10-12;2019-10-14
27820;43;3254;19753;775000;0;775000;2019-08-20;2019-08-22;2019-09-03
27838;29;6636;64995;4068000;0;4068000;2020-03-18;2020-03-27;2020-04-03
27840;24;8688;50809;2964000;0;2964000;2019-10-09;2019-10-11;2019-10-12
27842;43;13306;68578;287000;0;287000;2019-12-10;2019-12-22;2019-12-30
27850;48;521;40331;8200000;0;8200000;2019-03-30;2019-04-09;2019-04-12
27860;23;10725;76700;1025000;0;1025000;2019-11-22;2019-11-24;2019-11-26
27874;30;15027;07673;323000;0;323000;2019-05-12;2019-05-24;2019-05-26
27875;27;12565;46992;105000;0;105000;2020-03-20;2020-03-22;2020-03-23
27879;20;5777;15953;819000;0;819000;2019-12-24;2020-01-02;2020-01-12
27881;15;14053;34892;644000;0;644000;2019-04-07;2019-04-11;2019-04-19
27887;26;3715;30084;68000;0;68000;2019-12-18;2019-12-24;2019-12-27
27896;1;6149;31944;935000;0;935000;2019-12-15;2019-12-28;2020-01-08
27898;23;94;72580;612000;0;612000;2019-10-01;NA;NA
27903;64;11222;23754;105000;0;105000;2019-12-03;2019-12-09;2019-12-14
27905;13;13710;07711;2002000;18000;1984000;2020-04-09;2020-04-18;2020-04-26
27908;13;2883;15295;1728000;0;1728000;2019-08-09;2019-08-21;2019-08-24
27914;16;7454;52403;480000;0;480000;2019-12-28;2020-01-01;2020-01-08
27915;51;9373;59406;576000;0;576000;2019-12-03;2019-12-04;2019-12-14
27917;48;10092;61082;164000;0;164000;2019-07-06;2019-07-17;2019-07-20
27922;29;427;59961;480000;0;480000;2019-09-10;2019-09-12;2019-09-12
27923;67;10696;38705;166000;0;166000;2019-09-01;2019-09-08;2019-09-09
27926;63;14386;21531;326000;0;326000;2019-08-28;2019-09-08;2019-09-19
27931;63;5073;92416;2536000;0;2536000;2019-10-29;2019-11-01;2019-11-01
27934;66;14978;56334;35000;0;35000;2019-10-28;2019-10-31;2019-11-03
27941;10;17745;74773;705000;0;705000;2019-07-24;2019-07-31;2019-07-31
27951;8;8849;41554;594000;0;594000;2020-04-09;2020-04-18;2020-04-22
27959;9;3656;77736;90000;0;90000;2019-04-13;2019-04-26;2019-04-28
27967;51;14038;31331;2724000;0;2724000;2019-09-08;2019-09-16;2019-09-22
27971;62;1607;34593;4583000;0;4583000;2020-05-27;2020-06-07;NA
27977;68;15770;80575;778000;0;778000;2020-03-14;2020-03-26;2020-04-05
27979;60;6409;10365;308000;0;308000;2019-12-07;2019-12-19;2020-01-02
27997;51;11874;90164;838000;0;838000;2020-01-18;2020-01-26;2020-01-26
28002;15;12206;67992;1403000;0;1403000;2019-12-10;2019-12-22;2019-12-24
28010;34;2965;60725;2506000;0;2506000;2019-09-29;2019-10-03;2019-10-07
28020;65;5695;24356;3925000;0;3925000;2020-04-18;2020-04-19;2020-04-27
28023;3;11656;64437;553000;0;553000;2020-02-24;2020-03-04;2020-03-15
28028;43;6202;39106;1885000;0;1885000;2019-09-18;2019-09-25;2019-10-04
28030;54;17866;63368;592000;0;592000;2019-11-20;2019-11-24;2019-12-08
28035;39;932;55654;660000;0;660000;2019-08-26;2019-08-27;NA
28036;6;12999;02081;6420000;0;6420000;2020-03-31;2020-04-14;2020-04-24
28044;44;2432;49953;480000;0;480000;2020-03-30;2020-04-02;2020-04-10
28046;20;15059;12684;2606000;0;2606000;2019-12-26;2020-01-01;2020-01-11
28060;19;12698;46772;56000;0;56000;2019-08-18;2019-08-25;2019-09-05
28072;37;15468;66167;204000;0;204000;2019-11-08;2019-11-09;2019-11-13
28084;21;13868;14460;184000;0;184000;2020-03-07;2020-03-11;2020-03-21
28085;32;4635;26689;231000;0;231000;2019-11-10;2019-11-20;2019-11-30
28088;24;12113;99273;920000;0;920000;2019-12-29;2020-01-01;2020-01-13
28094;41;13546;99319;252000;0;252000;2020-01-23;2020-02-01;2020-02-07
28103;50;8249;15425;102000;0;102000;2019-07-08;2019-07-16;2019-07-19
28109;7;2502;55594;72000;0;72000;2019-07-05;2019-07-15;2019-07-15
28110;30;8865;21456;532000;0;532000;2019-11-11;2019-11-14;2019-11-20
28112;34;2344;22904;215000;0;215000;2019-06-29;2019-07-04;2019-07-15
28113;16;11333;60217;1066000;0;1066000;2019-11-06;2019-11-08;NA
28116;7;11250;83363;840000;0;840000;2020-04-14;2020-04-21;2020-04-29
28123;47;5575;42921;1080000;0;1080000;2020-02-02;2020-02-04;2020-02-08
28137;34;14308;13232;396000;0;396000;2019-07-05;2019-07-11;2019-07-13
28146;38;17427;93402;936000;0;936000;2020-05-01;2020-05-06;2020-05-09
28148;19;5415;08500;320000;0;320000;2019-08-18;2019-08-30;2019-09-06
28150;42;13617;37284;1518000;0;1518000;2020-04-23;2020-05-07;2020-05-21
28154;45;5618;53800;1653000;0;1653000;2019-11-21;2019-12-03;2019-12-06
28163;55;10327;15823;65000;0;65000;2019-10-24;2019-10-31;2019-11-10
28167;22;12055;92117;273000;0;273000;2020-05-09;2020-05-20;2020-05-31
28171;39;7786;84507;10966000;0;10966000;2020-04-13;2020-04-23;2020-05-03
28188;9;6687;37957;3327000;0;3327000;2020-03-19;2020-03-22;2020-04-05
28189;28;13930;79250;283000;0;283000;2019-11-23;2019-12-01;2019-12-04
28192;30;16533;36807;55000;0;55000;2019-10-15;2019-10-20;2019-10-20
28196;8;15592;62361;1770000;0;1770000;2020-05-24;2020-05-30;2020-05-30
28206;38;1643;24440;192000;0;192000;2019-12-12;2019-12-14;2019-12-15
28207;12;12512;49431;301000;0;301000;2019-11-09;2019-11-16;2019-11-23
28208;4;9569;29560;78000;0;78000;2019-11-06;2019-11-15;NA
28212;67;11555;70962;352000;0;352000;2020-04-27;2020-04-29;2020-05-09
28213;35;4876;78752;208000;0;208000;2019-10-18;2019-10-31;2019-11-08
28214;27;6382;88736;171000;0;171000;2019-10-22;2019-11-01;2019-11-15
28221;58;10679;18953;1226000;0;1226000;2020-04-16;2020-04-19;2020-05-03
28242;59;7340;45751;560000;0;560000;2019-11-10;2019-11-15;2019-11-16
28253;14;11392;01489;648000;145000;503000;2019-10-19;2019-10-24;2019-10-27
28264;50;9840;58309;1890000;0;1890000;2020-01-20;2020-02-03;2020-02-12
28265;37;17522;23693;1554000;0;1554000;2019-10-03;2019-10-13;2019-10-20
28269;34;14446;93774;11240000;0;11240000;2019-12-29;NA;NA
28273;53;1614;94895;80000;0;80000;2019-07-15;2019-07-20;2019-07-29
28282;11;1193;24563;104000;0;104000;2019-06-30;2019-07-09;2019-07-16
28292;47;3236;86341;3733000;0;3733000;2019-09-23;2019-10-04;2019-10-10
28297;32;1261;38024;1845000;0;1845000;2019-08-26;2019-09-04;2019-09-08
28312;13;3905;87894;2899000;184800;2714200;2020-05-29;2020-06-09;2020-06-19
28314;61;2171;26320;3549000;0;3549000;2019-12-20;2020-01-01;2020-01-12
28328;68;7320;73212;718000;0;718000;2019-11-13;2019-11-17;2019-11-29
28329;64;9593;26900;7498000;0;7498000;2019-12-22;2020-01-01;2020-01-10
28331;10;746;91928;8548000;0;8548000;2020-04-11;2020-04-20;2020-04-26
28332;64;7781;17301;132000;0;132000;2020-01-30;2020-02-02;2020-02-02
28333;24;6471;83489;208000;0;208000;2019-12-08;NA;NA
28336;58;5942;55587;478000;0;478000;2020-01-26;2020-02-03;2020-02-15
28343;42;12259;03851;3053000;0;3053000;2020-01-02;2020-01-08;2020-01-09
28350;13;11137;19330;1917000;0;1917000;2019-10-26;2019-11-03;2019-11-03
28358;15;7086;71696;4590000;0;2910000;2020-02-29;2020-03-12;2020-03-23
28377;34;2343;56574;168000;42000;126000;2019-09-16;2019-09-28;2019-10-02
28390;29;4190;00269;836000;0;836000;2019-12-08;2019-12-19;2019-12-19
28395;5;13635;76254;64000;0;64000;2020-02-03;2020-02-10;2020-02-13
28396;19;1563;57256;388000;0;388000;2019-09-01;2019-09-08;2019-09-11
28407;29;7315;35340;3960000;0;3960000;2020-02-23;2020-03-05;2020-03-05
28421;58;5717;87413;2046000;0;2046000;2020-04-18;2020-04-30;2020-05-02
28423;46;6873;62353;49000;0;49000;2019-07-30;2019-08-07;2019-08-10
28428;21;6854;50576;1250000;0;1250000;2020-01-30;2020-02-05;2020-02-06
28435;58;17023;74953;272000;0;272000;2020-03-31;2020-04-13;2020-04-18
28437;9;8602;67770;2351000;0;2351000;2019-11-09;2019-11-12;2019-11-21
28438;6;9368;06848;3492000;0;3492000;2019-07-09;2019-07-10;2019-07-12
28447;17;7635;14842;1407000;0;1407000;2019-11-10;2019-11-22;2019-11-23
28479;67;6712;42484;12181000;0;12181000;2020-05-08;2020-05-14;2020-05-19
28482;52;15473;02825;954000;0;954000;2019-11-06;2019-11-15;2019-11-20
28506;41;14018;64961;690000;0;690000;2020-05-25;2020-05-31;2020-06-01
28509;27;13237;78032;509000;0;509000;2020-01-15;2020-01-29;2020-01-30
28524;44;11055;71426;1496000;0;1496000;2020-01-17;2020-01-21;2020-01-23
28529;69;12056;11485;383000;0;383000;2020-04-14;2020-04-25;2020-04-27
28549;29;5123;52536;9759000;0;9759000;2019-11-19;2019-11-26;2019-12-01
28558;45;5874;41351;615000;0;615000;2019-12-02;2019-12-12;2019-12-22
28561;4;5350;05347;288000;0;288000;2019-07-18;2019-07-31;2019-08-08
28562;68;12294;04337;4000;0;4000;2019-12-22;2020-01-03;2020-01-03
28580;58;3168;51833;1188000;0;1188000;2020-02-26;2020-03-05;2020-03-12
28581;57;6891;69999;1464000;0;1464000;2020-04-11;2020-04-16;2020-04-16
28583;6;7272;98124;6582000;211500;6370500;2020-05-02;2020-05-12;2020-05-17
28587;51;1407;37524;3006000;0;3006000;2020-02-18;2020-02-19;2020-02-27
28591;37;6441;61942;2940000;0;2940000;2019-11-24;2019-12-02;2019-12-06
28598;65;10760;89958;1076000;0;1076000;2020-03-23;2020-04-06;NA
28605;19;12827;35232;1092000;0;1092000;2020-02-13;2020-02-21;2020-02-21
28614;66;11778;38791;382000;3800;378200;2020-05-12;2020-05-16;2020-05-26
28620;23;2956;19862;3164000;0;3164000;2020-04-12;2020-04-23;2020-05-02
28622;58;10042;96306;285000;0;285000;2019-10-03;2019-10-15;2019-10-19
28667;17;9841;21081;8012000;0;8012000;2020-04-27;2020-05-11;2020-05-16
28668;21;1999;13801;252000;0;252000;2020-02-28;2020-03-07;2020-03-12
28673;40;2189;70086;1057000;0;1057000;2019-12-31;2020-01-06;NA
28680;67;12826;85723;4012000;0;4012000;2020-05-20;2020-05-22;2020-05-30
28692;66;6333;39249;171000;0;171000;2019-11-21;2019-11-29;2019-12-06
28696;65;11184;52076;50000;0;50000;2019-10-08;2019-10-10;NA
28706;20;12885;24067;2706000;0;2706000;2020-01-12;2020-01-22;2020-02-03
28707;33;2053;96413;903000;0;903000;2020-01-26;2020-02-08;2020-02-12
28714;12;2423;98525;480000;0;480000;2019-10-26;2019-10-31;2019-10-31
28718;7;11995;72954;3880000;0;3880000;2020-04-13;2020-04-23;2020-04-23
28719;46;11627;63584;3594000;0;3594000;2020-04-24;2020-05-05;2020-05-11
28723;30;10327;95845;1668000;0;1668000;2020-03-25;2020-04-03;2020-04-12
28725;18;11825;02122;1800000;0;1800000;2019-11-26;2019-11-28;2019-12-04
28737;17;4571;22760;92000;0;92000;2020-05-11;2020-05-21;2020-05-24
28739;37;7801;53484;80000;0;80000;2020-03-02;2020-03-06;2020-03-16
28755;64;1061;97091;8000;0;8000;2019-02-24;2019-02-25;2019-03-07
28756;50;1800;60002;150000;0;150000;2019-10-31;2019-11-14;2019-11-25
28767;10;7742;07723;1120000;0;1120000;2020-01-26;2020-01-28;2020-02-09
28769;25;17245;48480;396000;0;396000;2019-07-07;2019-07-14;2019-07-26
28782;10;1013;70214;434000;0;434000;2019-12-25;2020-01-07;2020-01-19
28786;55;2258;69289;2624000;0;2624000;2019-06-17;2019-07-01;2019-07-02
28795;56;16714;67044;841000;0;841000;2020-03-14;2020-03-19;2020-03-31
28800;49;11827;58764;2684000;0;2684000;2020-04-10;2020-04-21;2020-04-24
28801;68;3046;06654;4704000;0;4704000;2020-03-26;2020-04-07;2020-04-07
28803;66;3188;27870;4317000;0;4317000;2020-05-25;2020-05-30;2020-05-30
28805;3;9135;90563;44000;0;44000;2019-05-08;2019-05-20;2019-05-22
28809;64;9776;45926;7707000;0;7707000;2020-04-29;2020-05-11;2020-05-25
28811;29;1209;09094;340000;0;340000;2019-10-08;2019-10-19;2019-10-28
28813;19;9606;57242;75000;0;75000;2019-06-28;2019-07-08;2019-07-13
28815;38;16156;65726;217000;0;217000;2019-12-28;2020-01-07;2020-01-11
28817;5;5562;96770;588000;0;588000;2020-05-01;2020-05-05;2020-05-07
28826;35;8944;99285;840000;0;840000;2019-12-22;NA;NA
28827;44;16258;68886;160000;0;160000;2020-03-15;2020-03-17;2020-03-19
28831;63;12123;46446;3666000;0;3666000;2020-04-13;2020-04-18;2020-04-28
28847;65;12425;45755;1108000;0;1108000;2019-12-28;2020-01-03;2020-01-03
28854;48;2196;39891;672000;0;672000;2019-11-26;2019-12-01;2019-12-10
28863;8;13667;91448;102000;0;102000;2020-04-07;2020-04-19;2020-04-27
28871;36;7635;51843;105000;0;105000;2019-10-10;2019-10-22;2019-10-27
28874;18;16700;19298;918000;0;918000;2019-11-23;2019-12-03;2019-12-03
28877;10;1746;11602;1009000;0;1009000;2019-09-27;2019-09-30;2019-10-08
28878;63;9841;79533;23892000;0;23892000;2019-11-20;2019-11-22;2019-11-25
28881;8;2431;75021;4192000;0;4192000;2020-01-21;2020-01-24;2020-01-26
28897;50;1887;47210;2400000;0;2400000;2020-01-14;2020-01-28;2020-01-30
28905;19;7506;25161;36000;0;36000;2019-09-18;2019-09-25;2019-10-03
28914;1;4;00470;19872000;0;19872000;2019-12-01;NA;NA
28928;67;15609;74587;9390000;0;9390000;2020-02-11;NA;NA
28933;64;2059;91266;8666000;0;8666000;2020-03-03;NA;NA
28934;35;17558;83596;24000;0;24000;2019-10-01;2019-10-09;2019-10-23
28937;1;9389;91609;150000;0;150000;2019-08-18;2019-08-23;2019-08-27
28945;1;4796;99144;140000;0;140000;2020-05-26;2020-05-30;2020-06-01
28952;65;16201;21872;194000;0;194000;2019-11-24;2019-12-06;2019-12-14
28954;51;14197;15438;4344000;0;4344000;2020-03-14;2020-03-20;2020-03-31
28957;9;2149;91874;1619000;220400;1398600;2019-12-28;NA;NA
28958;25;14114;45902;696000;0;696000;2019-03-24;2019-04-04;2019-04-07
28960;8;13357;03444;306000;0;306000;2019-10-27;2019-11-01;2019-11-12
28969;66;5270;03082;5624000;0;5624000;2020-04-19;2020-04-25;2020-05-03
28972;41;7481;51855;1508000;0;1508000;2019-12-23;2019-12-30;2020-01-01
28977;41;8772;06614;2151000;0;2151000;2020-04-27;2020-05-08;2020-05-19
28985;14;17347;77081;3114000;0;3114000;2020-01-16;2020-01-27;2020-02-04
29004;41;17404;28593;1875000;0;1875000;2019-10-17;2019-10-27;2019-11-08
29007;41;15157;21530;2656000;0;2656000;2019-10-31;2019-11-05;2019-11-17
29008;60;10642;10637;4390000;0;4390000;2019-12-22;2019-12-31;2020-01-12
29009;67;11361;25440;2531000;0;2531000;2020-04-17;2020-04-24;2020-05-08
29010;4;9200;45654;240000;36000;204000;2020-03-23;2020-03-24;2020-04-04
29011;45;1044;49218;570000;0;570000;2019-08-13;NA;NA
29027;64;17119;62272;1977000;0;1977000;2020-05-11;2020-05-15;2020-05-20
29031;57;5742;54539;1542000;0;1542000;2019-10-10;2019-10-21;2019-11-04
29035;60;14726;16146;60000;0;60000;2019-12-25;2020-01-02;2020-01-13
29042;63;6808;81174;2972000;136800;2835200;2020-05-12;2020-05-19;2020-05-22
29044;22;15561;89477;12000;0;12000;2019-12-08;2019-12-20;2020-01-03
29048;4;17257;70294;840000;0;840000;2020-04-21;2020-04-24;2020-04-26
29064;39;14219;05542;1439000;600;1438400;2020-03-27;2020-04-06;2020-04-15
29068;68;2204;32373;1600000;0;1600000;2019-03-10;2019-03-13;2019-03-23
29078;37;4313;97719;3016000;0;3016000;2019-11-07;2019-11-17;2019-11-19
29083;64;7220;01097;2130000;0;2130000;2019-12-22;2020-01-01;2020-01-07
29084;55;6780;74957;390000;0;390000;2019-09-07;2019-09-16;2019-09-21
29093;51;12960;19552;447000;0;447000;2020-01-22;2020-01-30;2020-02-13
29096;18;2767;47634;670000;0;670000;2020-03-07;2020-03-12;2020-03-14
29098;67;15870;35502;210000;0;210000;2019-11-27;2019-12-08;2019-12-15
29108;41;8762;52318;320000;4800;315200;2019-11-05;2019-11-14;2019-11-23
29111;30;15164;09598;1408000;0;1408000;2020-05-05;2020-05-17;2020-05-21
29115;19;7476;84909;1224000;0;1224000;2020-05-26;2020-06-07;2020-06-18
29117;45;6771;11398;122000;0;122000;2019-12-19;2019-12-29;NA
29118;64;14893;13234;956000;0;956000;2020-03-01;2020-03-04;2020-03-06
29120;26;13506;84689;750000;0;750000;2019-11-11;2019-11-25;2019-12-03
29134;52;16242;92525;198000;0;198000;2020-05-30;NA;NA
29135;64;16682;91975;997000;0;997000;2020-03-26;2020-04-01;NA
29136;32;11038;38681;790000;0;790000;2019-09-02;2019-09-16;NA
29144;45;6384;63078;856000;0;856000;2019-11-09;2019-11-13;2019-11-20
29147;17;16676;38783;894000;0;894000;2020-04-23;2020-04-25;2020-05-03
29158;1;12962;30117;1995000;104550;1890450;2020-01-02;2020-01-05;2020-01-16
29170;31;206;63251;400000;0;400000;2019-11-26;2019-12-06;2019-12-12
29173;62;2739;69857;240000;48000;192000;2019-07-09;2019-07-18;2019-07-22
29178;30;13483;05156;1657000;0;1657000;2019-11-26;2019-12-01;2019-12-13
29189;52;344;83146;11151000;105000;11046000;2020-05-04;2020-05-18;NA
29197;6;4650;09431;99000;0;99000;2019-09-02;NA;NA
29205;41;7620;13061;3592000;0;3592000;2019-09-30;2019-10-03;2019-10-08
29212;32;15759;45632;5328000;0;5328000;2019-08-29;2019-09-03;2019-09-15
29221;8;16177;26908;138000;0;138000;2020-04-14;2020-04-27;2020-05-02
29223;18;7381;54572;2012000;0;2012000;2020-04-09;2020-04-16;2020-04-20
29230;31;10805;18250;2088000;0;2088000;2019-10-25;2019-10-29;2019-11-09
29232;40;10674;12827;13717000;88000;13629000;2020-04-06;2020-04-16;2020-04-26
29238;60;7949;52482;3444000;0;3444000;2020-02-29;2020-03-03;2020-03-14
29245;20;14663;37710;3350000;0;3350000;2020-01-06;2020-01-14;2020-01-22
29250;45;14514;88994;573000;0;573000;2020-04-22;2020-04-23;2020-04-23
29255;64;14586;12946;14000;0;14000;2019-03-13;2019-03-19;2019-04-02
29260;15;157;21539;1726000;0;1726000;2020-03-02;2020-03-14;2020-03-23
29261;21;12436;43322;1425000;0;1425000;2020-04-25;2020-05-05;2020-05-13
29262;39;8979;11662;6737000;0;6737000;2020-02-29;2020-03-04;2020-03-18
29287;5;13138;97560;1680000;0;1680000;2019-11-17;2019-11-25;2019-12-01
29294;33;11905;31433;7788000;0;7788000;2020-05-05;2020-05-06;2020-05-18
29314;60;10655;12625;1445000;0;1445000;2019-12-22;2020-01-04;2020-01-04
29321;27;1875;14825;888000;0;888000;2020-05-29;2020-06-10;2020-06-21
29332;28;7837;27868;5133000;0;5133000;2020-04-13;2020-04-26;2020-05-03
29335;28;8542;78817;609000;0;609000;2020-01-26;2020-02-05;2020-02-12
29339;67;5391;19299;330000;0;330000;2019-05-31;2019-06-08;2019-06-09
29347;20;8371;27121;155000;0;155000;2020-01-16;2020-01-29;2020-01-31
29353;52;6625;37031;2711000;0;2711000;2020-05-18;2020-05-25;2020-06-02
29356;5;11680;59286;3375000;0;3375000;2019-12-09;2019-12-19;2019-12-23
29360;64;12197;64841;1544000;0;1544000;2019-06-11;2019-06-20;2019-06-28
29361;24;4443;25885;108000;0;108000;2019-07-26;2019-08-03;2019-08-04
29368;6;13232;49786;928000;0;928000;2020-05-14;2020-05-18;2020-06-01
29384;63;7376;41413;1632000;0;1632000;2020-05-04;2020-05-13;2020-05-21
29393;58;1997;26385;770000;0;770000;2019-11-14;2019-11-17;2019-12-01
29396;43;1648;57510;1398000;0;1398000;2020-04-24;2020-05-03;2020-05-13
29407;19;7536;21065;290000;0;290000;2020-05-12;2020-05-26;2020-06-09
29411;52;13730;34875;2002000;0;2002000;2019-08-25;2019-09-03;2019-09-03
29414;35;405;20784;2800000;0;2800000;2019-12-25;2019-12-30;2020-01-06
29421;8;4647;19601;4472000;0;4472000;2020-05-10;2020-05-16;2020-05-26
29427;3;1048;24278;108000;0;108000;2020-03-24;2020-03-30;2020-04-08
29429;6;15570;59968;195000;19500;175500;2020-03-05;2020-03-09;2020-03-21
29433;30;9480;98011;1104000;0;1104000;2020-02-24;2020-03-02;2020-03-03
29440;12;7300;16601;252000;0;252000;2019-11-15;NA;NA
29442;54;3655;97096;1084000;67200;1016800;2019-11-25;2019-12-02;2019-12-04
29459;8;9288;67863;336000;0;336000;2019-11-26;2019-12-02;2019-12-03
29466;62;3041;64820;156000;0;156000;2020-01-23;2020-01-30;2020-02-13
29476;1;9575;98485;2079000;0;2079000;2019-11-02;2019-11-06;2019-11-20
29485;12;4965;31334;9092000;432000;8660000;2020-05-25;2020-06-02;2020-06-02
29490;8;1966;73358;1520000;0;1520000;2019-10-08;2019-10-09;2019-10-23
29491;38;2716;64820;66000;0;66000;2019-12-18;2019-12-19;2019-12-21
29495;43;3037;92336;9000;0;9000;2019-11-18;2019-11-21;2019-11-27
29501;23;12267;01488;4691000;1058000;3633000;2020-03-14;2020-03-27;NA
29508;25;12374;37517;405000;0;405000;2019-12-14;2019-12-26;NA
29509;7;6244;46151;60000;0;60000;2019-05-04;2019-05-15;2019-05-25
29524;19;16920;56540;284000;0;284000;2020-01-15;2020-01-27;2020-01-31
29527;4;15274;43198;3974000;0;3974000;2020-03-20;2020-03-29;2020-03-29
29544;8;6036;64035;1482000;0;1482000;2020-02-11;2020-02-24;2020-03-05
29547;26;15281;66768;258000;0;258000;2019-12-22;2019-12-25;2020-01-06
29557;6;4876;78752;12138000;0;12138000;2020-05-17;NA;NA
29564;13;15522;88478;785000;0;785000;2019-11-09;2019-11-10;2019-11-10
29574;55;12422;01875;3698000;0;3698000;2020-04-21;2020-04-28;2020-05-05
29578;23;14834;51854;68000;0;68000;2019-12-28;2020-01-09;2020-01-16
29587;51;3608;04019;2185000;0;2185000;2020-03-14;2020-03-23;2020-04-06
29597;45;15298;74667;802000;0;802000;2020-02-23;2020-03-04;2020-03-13
29600;37;8552;64424;2108000;0;2108000;2019-12-19;2019-12-22;2020-01-03
29613;2;13314;74184;32000;0;32000;2019-02-06;NA;NA
29628;1;11076;40467;14000;0;14000;2019-11-19;2019-11-23;2019-11-28
29633;33;13546;99319;234000;0;234000;2019-10-16;2019-10-21;2019-10-21
29639;23;5003;98485;1879000;0;1879000;2020-02-14;2020-02-19;2020-02-27
29640;66;5566;41321;1323000;0;1323000;2019-10-16;2019-10-25;2019-10-25
29651;60;6114;69910;275000;0;275000;2019-08-25;2019-09-07;2019-09-08
29652;9;9231;82032;885000;0;885000;2019-05-11;2019-05-15;NA
29668;37;14742;19389;34000;0;34000;2020-02-01;2020-02-08;2020-02-22
29674;5;4599;91754;140000;0;140000;2019-11-07;2019-11-16;2019-11-26
29675;23;8063;91282;4731000;0;4731000;2020-04-08;2020-04-18;2020-04-30
29681;4;59;88507;3040000;0;3040000;2020-05-17;2020-05-18;2020-05-19
29685;65;1246;42186;1347000;0;1347000;2020-03-22;2020-03-30;NA
29693;45;17872;46409;176000;0;176000;2019-02-22;2019-02-27;2019-03-02
29713;28;14310;10997;246000;0;246000;2019-08-27;2019-08-31;2019-09-11
29721;34;10253;82953;722000;0;722000;2019-11-18;2019-11-30;2019-12-12
29731;13;16974;75217;1848000;0;1848000;2019-09-20;2019-10-01;2019-10-12
29732;65;6486;47361;1256000;0;1256000;2019-10-31;2019-11-05;2019-11-11
29735;19;2990;66379;1872000;180000;1692000;2020-04-21;2020-04-22;2020-04-25
29739;16;11494;19595;12587000;60900;12526100;2020-05-27;2020-06-07;2020-06-09
29742;53;5203;82782;304000;0;304000;2019-12-21;2019-12-22;2019-12-22
29743;5;7094;71586;2423000;0;2423000;2020-01-27;2020-02-01;2020-02-15
29747;3;9811;84215;294000;0;294000;2019-12-31;2020-01-14;2020-01-20
29753;31;4890;55325;468000;0;468000;2019-09-20;2019-09-29;2019-10-04
29764;13;13828;35061;2189000;0;2189000;2020-02-18;2020-02-19;2020-02-23
29778;36;8964;47100;5899000;0;5899000;2020-02-29;2020-03-08;2020-03-22
29780;32;6581;17784;3100000;0;3100000;2019-08-02;2019-08-07;2019-08-12
29782;34;11566;87839;188000;0;188000;2020-02-03;2020-02-16;2020-02-17
29791;21;8055;49389;280000;0;280000;2019-08-21;2019-08-26;2019-09-01
29803;1;2599;11524;45000;0;45000;2019-08-27;NA;NA
29804;42;2478;72220;576000;0;576000;2019-06-29;2019-07-06;2019-07-11
29811;59;1680;63812;525000;0;525000;2019-10-11;2019-10-19;2019-10-31
29812;16;11802;39606;328000;0;328000;2020-03-14;2020-03-15;2020-03-20
29819;29;15953;88512;2640000;0;2640000;2019-12-13;2019-12-14;2019-12-20
29820;6;11984;23492;380000;0;380000;2019-12-06;2019-12-10;2019-12-10
29826;14;16776;65393;2085000;0;2085000;2019-10-03;2019-10-15;2019-10-16
29827;38;10316;93819;702000;0;702000;2019-10-23;2019-10-26;2019-10-31
29830;23;2819;34998;1920000;0;1920000;2020-03-06;2020-03-16;2020-03-23
29834;16;16118;90635;532000;0;532000;2020-05-05;2020-05-12;2020-05-13
29855;14;15436;77829;295000;0;295000;2019-12-22;2019-12-28;2019-12-29
29866;48;7139;51210;40000;0;40000;2019-11-30;2019-12-11;NA
29870;48;4891;80839;36000;0;36000;2020-05-07;2020-05-17;2020-05-27
29874;8;7681;36969;1080000;0;1080000;2019-12-17;2019-12-24;2020-01-03
29877;50;2191;11735;2658000;0;2658000;2020-02-13;2020-02-21;2020-03-06
29878;63;1879;72926;3397000;0;3397000;2019-11-09;2019-11-13;2019-11-22
29892;19;4517;16626;1714000;0;1714000;2020-05-17;2020-05-31;2020-06-05
29904;37;2590;91321;216000;0;216000;2020-02-05;2020-02-18;2020-02-18
29909;10;14988;03735;2500000;348000;2152000;2019-11-27;NA;NA
29921;11;7020;11973;5581000;455400;5125600;2020-03-17;2020-03-25;2020-03-31
29929;19;11211;02937;686000;0;686000;2020-02-22;NA;NA
29930;21;7371;94644;1548000;0;1548000;2019-10-28;2019-11-11;2019-11-17
29955;19;12133;25616;2960000;0;2960000;2019-09-22;2019-09-23;2019-10-05
29956;61;16470;62625;812000;0;812000;2019-12-15;2019-12-27;NA
29960;2;15894;15413;1750000;0;1750000;2020-01-04;2020-01-10;2020-01-17
29972;13;8787;20265;336000;0;336000;2020-02-03;2020-02-06;2020-02-13
29986;51;7495;09468;1337000;0;1337000;2020-03-07;2020-03-20;2020-03-23
29991;3;4087;24351;4616000;0;4616000;2019-12-26;2019-12-27;NA
30009;57;4842;72266;506000;0;506000;2019-11-05;2019-11-15;2019-11-25
30016;66;3204;77684;880000;0;880000;2020-03-17;2020-03-24;2020-03-25
30027;27;656;30123;2280000;0;2280000;2020-04-08;2020-04-19;2020-04-27
30053;44;7916;89238;1056000;0;1056000;2019-11-12;NA;NA
30055;33;6535;12256;714000;0;714000;2020-04-15;2020-04-20;2020-04-27
30064;21;10260;44009;7000;0;7000;2020-02-17;2020-02-25;2020-03-10
30068;46;8424;15519;2730000;546000;2184000;2019-11-18;2019-11-24;2019-11-29
30076;29;17858;01347;2155000;0;2155000;2020-03-21;2020-04-02;2020-04-08
30082;5;14728;22506;2000000;0;2000000;2019-09-04;NA;NA
30086;25;17008;03385;1238000;0;1238000;2019-12-31;2020-01-11;2020-01-16
30089;57;8192;32861;5136000;945000;4191000;2020-04-30;2020-05-10;2020-05-18
30095;47;1409;19903;494000;0;494000;2020-05-07;2020-05-15;2020-05-19
30096;5;16243;41605;5000000;0;5000000;2019-10-13;2019-10-14;2019-10-23
30108;27;3437;79302;4235000;0;4235000;2019-09-14;2019-09-20;2019-09-21
30117;44;4237;56052;293000;0;293000;2019-08-01;2019-08-09;2019-08-20
30127;41;6651;14018;108000;0;108000;2019-10-26;2019-11-07;2019-11-13
30132;59;17109;83700;1296000;0;1296000;2019-04-07;2019-04-10;2019-04-16
30138;67;16819;02215;660000;0;660000;2019-09-21;2019-09-22;2019-10-03
30142;19;2715;98256;2904000;0;2904000;2020-05-29;2020-06-06;2020-06-14
30155;69;4337;32427;256000;0;256000;2020-03-01;2020-03-06;2020-03-09
30158;59;17471;07744;2829000;0;2829000;2019-04-02;2019-04-13;2019-04-18
30174;34;1555;71313;360000;0;360000;2020-02-06;2020-02-10;2020-02-24
30175;34;5723;53842;403000;0;403000;2019-09-27;2019-10-05;2019-10-07
30184;57;17706;32127;1716000;0;1716000;2020-01-01;2020-01-14;2020-01-14
30186;9;8894;69114;228000;0;228000;2020-02-20;2020-02-23;2020-02-26
30188;31;15520;94328;27000;0;27000;2019-05-18;2019-05-20;2019-06-03
30193;60;11260;55011;5934000;0;5934000;2020-03-29;2020-04-10;2020-04-11
30195;1;1732;09207;90000;0;90000;2020-04-09;2020-04-14;NA
30196;16;16714;18808;1140000;0;1140000;2019-11-25;2019-12-08;2019-12-15
30209;58;16987;15113;175000;0;175000;2019-08-05;2019-08-18;2019-08-18
30212;58;11078;97981;98000;0;98000;2019-12-06;2019-12-10;2019-12-20
30214;52;10382;45955;4978000;0;4978000;2020-02-17;2020-02-29;2020-03-03
30216;19;5701;70332;200000;0;200000;2019-10-31;2019-11-03;NA
30219;33;14958;94962;1820000;0;1820000;2019-12-21;2019-12-25;2020-01-02
30231;60;9303;47358;5624000;0;5624000;2019-08-24;2019-09-07;NA
30244;57;8899;97397;1296000;0;1296000;2019-08-19;2019-08-31;2019-09-06
30253;42;10392;11031;6000;0;6000;2020-03-08;2020-03-19;2020-03-21
30265;18;4650;00759;1455000;0;1455000;2020-05-18;2020-05-27;2020-06-07
30294;31;9831;90846;135000;0;135000;2020-01-14;2020-01-17;2020-01-22
30303;44;8278;13679;114000;0;114000;2019-08-26;2019-09-02;2019-09-05
30305;14;17328;63047;340000;0;340000;2019-06-16;2019-06-20;2019-06-20
30308;32;10429;18490;524000;0;524000;2019-11-24;2019-12-05;2019-12-09
30312;64;1377;10941;170000;0;170000;2019-07-10;2019-07-15;2019-07-16
30323;29;16923;07803;6375000;0;6375000;2020-05-12;2020-05-20;2020-05-24
30325;46;10414;47541;80000;0;80000;2019-12-24;2019-12-25;2020-01-04
30331;59;16279;64635;607000;0;607000;2020-04-12;2020-04-20;NA
30335;27;6255;43210;1320000;0;1320000;2019-12-28;2020-01-05;2020-01-09
30339;2;832;50626;1272000;0;1272000;2019-12-01;2019-12-12;2019-12-13
30350;43;12471;60546;1867000;0;1867000;2020-01-25;2020-02-03;2020-02-03
30365;42;7701;83602;903000;0;903000;2020-05-19;2020-05-24;2020-05-26
30380;50;4558;40299;378000;0;378000;2019-12-14;2019-12-24;2019-12-29
30384;35;2964;46278;390000;0;390000;2019-08-05;2019-08-11;2019-08-20
30394;3;10746;66778;788000;0;788000;2019-12-18;2019-12-26;2020-01-02
30395;63;17392;52985;80000;12000;68000;2020-01-28;2020-02-11;2020-02-21
30411;45;4077;73588;1436000;0;1436000;2020-05-24;2020-05-26;2020-05-30
30413;59;14097;37075;276000;0;276000;2020-05-02;2020-05-06;2020-05-15
30426;7;4580;58884;444000;0;444000;2020-01-30;2020-02-05;2020-02-11
30437;39;4852;50369;1610000;0;1610000;2020-05-15;NA;NA
30444;18;13579;63360;1778000;0;1778000;2019-12-19;2019-12-23;2019-12-30
30446;37;8235;60379;320000;0;320000;2019-12-22;2020-01-03;2020-01-09
30456;7;15009;74559;7034000;0;7034000;2019-12-16;2019-12-20;2019-12-22
30458;69;13945;95484;614000;1800;612200;2019-10-23;2019-10-27;2019-10-29
30462;36;2504;20609;1100000;0;1100000;2020-02-21;2020-03-02;2020-03-05
30465;23;9851;89591;3336000;0;3336000;2019-07-13;2019-07-25;2019-08-06
30469;41;3569;14342;2584000;0;2584000;2019-10-26;2019-11-07;2019-11-11
30471;30;7521;45632;4059000;0;4059000;2020-05-31;2020-06-14;2020-06-25
30474;53;16262;12813;218000;0;218000;2020-02-24;2020-03-08;2020-03-12
30481;29;9456;05736;374000;0;374000;2019-07-28;2019-08-04;2019-08-11
30486;49;13713;98085;340000;0;340000;2020-04-30;2020-05-02;2020-05-13
30501;67;7320;62635;54000;0;54000;2019-12-13;2019-12-14;2019-12-19
30506;56;3008;25620;1360000;0;1360000;2019-12-18;2019-12-29;2020-01-09
30511;52;15545;45131;210000;0;210000;2019-11-08;2019-11-12;2019-11-26
30520;53;6962;63948;28000;0;28000;2019-09-03;2019-09-15;2019-09-20
30530;20;4969;21195;146000;0;146000;2019-06-30;2019-07-10;2019-07-21
30536;64;13988;46727;3278000;0;3278000;2020-03-04;2020-03-09;2020-03-15
30540;60;4626;66640;327000;0;327000;2019-09-18;2019-09-24;2019-09-29
30541;51;381;30507;1024000;0;1024000;2020-05-16;2020-05-24;2020-06-03
30548;8;12953;01444;3668000;0;3668000;2019-11-27;2019-12-01;2019-12-03
30555;1;12623;75230;440000;0;440000;2020-05-05;2020-05-11;2020-05-17
30582;43;13343;26754;2925000;0;2925000;2020-02-20;2020-02-28;2020-03-06
30587;52;13943;76547;1998000;0;1998000;2019-11-12;2019-11-22;2019-12-03
30591;59;120;11387;300000;0;300000;2019-06-20;2019-06-24;2019-07-05
30609;53;13888;90990;440000;0;440000;2019-12-23;2019-12-27;2020-01-04
30610;2;8211;42464;45000;0;45000;2019-10-05;2019-10-13;2019-10-22
30621;19;6368;86098;1968000;0;1968000;2020-04-19;2020-04-24;2020-05-01
30622;48;12949;30418;253000;0;253000;2019-08-11;2019-08-12;2019-08-22
30629;65;8010;71922;825000;0;825000;2020-04-25;2020-04-29;2020-05-09
30633;48;6173;46873;2060000;0;2060000;2020-02-09;2020-02-23;2020-02-28
30637;63;16368;77496;422000;0;422000;2020-05-22;2020-06-03;2020-06-09
30645;18;1778;73506;700000;0;700000;2020-04-15;2020-04-18;2020-04-29
30646;53;13099;06161;168000;0;168000;2019-11-10;2019-11-16;2019-11-16
30657;42;13571;52459;1932000;0;1932000;2020-02-20;2020-02-27;2020-03-07
30661;44;16583;54726;8000;0;8000;2019-03-17;2019-03-28;2019-04-07
30673;28;11438;79415;1916000;0;1916000;2020-04-27;2020-05-02;2020-05-03
30677;46;17072;44094;802000;0;802000;2019-05-13;2019-05-21;2019-06-02
30687;1;6971;15845;320000;0;320000;2020-02-15;2020-02-23;2020-03-01
30691;48;4998;36559;99000;0;99000;2019-11-23;2019-12-06;2019-12-15
30694;67;6683;85655;6162000;0;6162000;2020-05-21;2020-05-26;2020-06-03
30702;37;15647;53244;1566000;0;1566000;2020-01-28;2020-02-01;2020-02-06
30710;7;4435;60161;377000;0;377000;2019-08-22;2019-08-23;2019-08-24
30728;37;477;91145;379000;0;379000;2020-03-22;2020-04-05;2020-04-15
30729;7;2945;77417;1202000;0;1202000;2020-04-05;2020-04-13;2020-04-22
30736;11;12137;09977;833000;0;833000;2020-01-30;2020-02-09;2020-02-13
30747;9;13258;99465;2800000;0;2800000;2019-12-01;NA;NA
30749;68;14891;16839;682000;0;682000;2019-11-21;2019-11-22;2019-11-29
30750;31;12653;72479;105000;0;105000;2019-12-13;2019-12-16;2019-12-17
30760;35;6682;69029;80000;0;80000;2019-12-18;2019-12-25;2019-12-29
30770;13;5761;96178;112000;0;112000;2020-05-08;2020-05-14;2020-05-21
30785;6;2579;53942;835000;0;835000;2020-05-18;2020-05-30;2020-05-30
30788;25;5697;25138;145000;21750;123250;2020-02-06;2020-02-14;2020-02-26
30798;1;13086;16026;168000;0;168000;2020-01-26;2020-01-28;2020-01-28
30806;51;10657;23563;3625000;0;3625000;2019-11-06;2019-11-09;2019-11-13
30815;45;1983;98925;2879000;0;2879000;2020-04-15;2020-04-17;2020-04-27
30831;45;13909;46913;6917000;0;6917000;2020-02-22;2020-02-23;2020-03-06
30835;32;9496;88317;732000;0;732000;2020-02-17;2020-02-22;2020-03-05
30837;21;8546;44365;1755000;0;1755000;2020-01-12;2020-01-13;2020-01-13
30848;26;3045;84931;4155000;0;4155000;2020-03-28;2020-03-30;2020-03-31
30851;60;4411;77097;78000;0;78000;2019-07-07;2019-07-11;2019-07-20
30857;18;1788;02674;4104000;0;4104000;2019-10-29;2019-11-07;2019-11-14
30865;25;1374;17704;2315000;0;2315000;2020-04-18;2020-05-02;2020-05-06
30869;48;10196;28871;1392000;21600;1370400;2020-04-07;NA;NA
30875;59;12257;17183;3972000;0;3972000;2019-09-28;2019-09-30;2019-10-11
30880;61;14680;92581;165000;0;165000;2020-04-19;2020-04-23;2020-04-29
30887;33;13803;01421;3185000;0;3185000;2019-10-23;2019-11-01;2019-11-10
30889;39;13567;92516;1116000;0;1116000;2019-11-20;2019-11-25;2019-12-02
30890;46;9279;57896;124000;0;124000;2020-05-02;2020-05-06;2020-05-18
30891;65;14627;77608;690000;27900;662100;2019-11-28;2019-12-10;2019-12-24
30893;42;4378;49641;256000;0;256000;2019-09-30;2019-10-09;2019-10-18
30896;33;11175;74253;2792000;0;2792000;2020-04-24;2020-04-26;2020-05-01
30902;42;611;37881;3611000;0;3611000;2020-02-04;2020-02-09;2020-02-10
30906;5;14256;94691;442000;0;442000;2019-12-09;NA;NA
30911;52;8588;80956;6470000;0;6470000;2020-05-23;2020-05-29;2020-06-02
30932;2;11384;32568;1829000;0;1829000;2019-08-20;2019-08-23;2019-09-02
30935;66;11766;61340;408000;0;408000;2020-02-09;2020-02-15;2020-02-22
30936;10;2989;18992;18000;0;18000;2019-12-03;2019-12-07;2019-12-19
30945;61;13220;26972;805000;0;805000;2019-09-19;2019-09-26;2019-09-28
30965;59;17695;34808;1435000;0;1435000;2019-12-01;2019-12-02;2019-12-06
30973;54;17425;11604;6490000;0;6490000;2020-02-07;2020-02-09;2020-02-17
30975;49;3739;52083;354000;0;354000;2019-10-26;2019-10-31;2019-11-08
30984;67;2880;41643;120000;0;120000;2019-12-24;2019-12-31;2020-01-06
30989;17;2364;69900;5246000;0;5246000;2019-12-28;2019-12-30;2020-01-10
30991;42;5110;97118;8824000;0;8824000;2020-03-23;2020-04-04;2020-04-05
30997;63;17636;98338;571000;0;571000;2020-03-20;2020-04-01;2020-04-08
30999;36;3036;88244;115000;0;115000;2020-01-30;2020-02-02;2020-02-08
31000;50;133;29737;6243000;0;6243000;2020-05-10;2020-05-24;2020-05-28
31001;2;5561;35879;228000;0;228000;2019-11-27;2019-12-08;2019-12-19
31002;36;10598;24001;81000;0;81000;2019-11-01;2019-11-09;2019-11-10
31019;36;4594;11826;502000;27600;474400;2020-03-04;2020-03-18;2020-03-20
31026;38;17577;31820;2576000;0;2576000;2019-09-30;2019-10-05;2019-10-14
31037;2;15822;29611;525000;0;525000;2019-08-04;2019-08-11;2019-08-22
31044;46;9834;04673;3029000;0;3029000;2020-03-10;2020-03-20;2020-03-30
31047;69;10657;64621;4136000;148200;3987800;2020-03-20;NA;NA
31050;22;5774;80068;1334000;0;1334000;2019-12-19;2019-12-27;2019-12-28
31065;55;11861;25715;338000;0;338000;2020-03-26;2020-03-29;2020-04-01
31070;6;17524;20679;12240000;470250;11769750;2020-05-16;2020-05-22;2020-05-22
31071;32;13888;78258;5852000;0;5852000;2019-12-31;2020-01-08;2020-01-20
31075;53;13146;68709;143000;0;143000;2020-05-26;2020-06-06;2020-06-11
31076;8;14893;57201;2934000;0;2934000;2020-05-15;2020-05-16;2020-05-28
31101;38;6685;19497;1932000;0;1932000;2019-09-26;2019-10-07;2019-10-18
31110;56;13411;06612;198000;0;198000;2020-03-12;2020-03-22;2020-04-01
31113;11;12744;03029;2690000;0;2690000;2020-04-27;2020-05-05;2020-05-06
31129;35;17282;64288;12912000;0;12912000;2020-01-24;2020-01-30;2020-02-01
31137;61;5495;37508;393000;0;393000;2019-10-23;NA;NA
31166;43;8811;42068;540000;0;540000;2019-06-22;2019-06-30;2019-07-05
31167;33;382;49935;5124000;0;5124000;2019-12-22;2020-01-01;2020-01-13
31170;19;2231;82822;5998000;0;5998000;2019-12-17;2019-12-26;2019-12-26
31174;44;2065;88826;1812000;0;1812000;2020-05-23;2020-05-27;2020-06-03
31181;67;4198;74845;1040000;0;1040000;2019-11-18;2019-11-23;2019-11-26
31208;48;7205;49521;156000;0;156000;2019-07-01;2019-07-08;2019-07-10
31212;34;17577;40098;748000;0;748000;2019-07-01;2019-07-13;2019-07-25
31213;48;3329;73714;30000;0;30000;2019-09-19;2019-09-27;2019-10-02
31225;19;16522;27360;22000;5500;16500;2019-10-09;2019-10-19;2019-10-19
31229;62;4699;21607;4548000;0;4548000;2019-10-29;2019-11-10;2019-11-13
31244;9;11497;71747;1959000;0;1959000;2020-05-09;2020-05-12;2020-05-12
31249;63;10967;97755;1806000;0;1806000;2020-05-11;2020-05-17;2020-05-27
31256;31;9743;65704;140000;0;140000;2019-12-11;NA;NA
31257;26;3347;16484;209000;0;209000;2019-09-02;2019-09-08;2019-09-11
31274;6;1944;48480;204000;0;204000;2019-08-29;2019-09-11;2019-09-21
31275;12;3813;18963;3042000;0;3042000;2020-04-23;2020-04-30;2020-05-06
31282;67;2308;70906;7215000;0;7215000;2019-09-27;2019-10-08;2019-10-13
31286;66;4607;14642;720000;0;720000;2020-02-04;2020-02-18;2020-02-18
31290;43;22;81430;2483000;0;2483000;2019-12-18;2019-12-29;2020-01-01
31304;26;4350;87501;1100000;0;1100000;2020-03-31;2020-04-03;2020-04-04
31307;57;2785;37867;600000;0;600000;2019-07-25;2019-08-04;2019-08-08
31310;42;8795;77893;2675000;0;2675000;2020-05-18;2020-05-21;2020-05-24
31319;48;16012;78388;372000;0;372000;2020-02-26;2020-03-08;2020-03-18
31321;21;17190;59483;2738000;0;2738000;2020-03-12;2020-03-16;2020-03-30
31326;25;14759;94656;376000;0;376000;2020-03-17;2020-03-19;2020-03-21
31331;35;12984;10238;845000;0;845000;2020-01-18;2020-01-24;2020-01-25
31336;12;2610;53965;2160000;0;2160000;2019-06-02;2019-06-11;2019-06-20
31355;60;17742;30372;2089000;0;2089000;2020-03-15;2020-03-18;2020-03-24
31358;32;8260;84241;1415000;0;1415000;2019-12-28;2019-12-30;2020-01-07
31360;17;10508;30376;848000;0;848000;2019-12-27;2020-01-07;2020-01-12
31361;31;5562;11259;156000;15600;140400;2019-12-30;2020-01-04;2020-01-16
31362;34;5949;57547;2027000;36000;1991000;2020-02-29;2020-03-01;2020-03-03
31380;59;15048;51350;1188000;136800;1051200;2019-12-21;2020-01-02;2020-01-12
31387;32;13611;29302;57000;0;57000;2019-08-24;2019-09-02;2019-09-05
31390;65;14294;29783;1944000;0;1944000;2020-02-21;2020-03-03;2020-03-09
31394;3;4690;35185;1796000;0;1796000;2020-02-11;2020-02-20;2020-02-21
31395;47;9293;05939;6886000;0;6886000;2020-04-18;2020-04-29;2020-05-02
31396;27;14600;06420;167000;0;167000;2019-11-07;2019-11-17;2019-11-22
31405;63;17712;91745;1161000;0;1161000;2019-10-21;2019-10-27;NA
31407;37;3670;95215;138000;0;138000;2019-11-20;2019-11-30;2019-11-30
31410;11;9154;63133;1612000;117000;1495000;2019-12-11;2019-12-20;2019-12-30
31411;13;4458;25904;3263000;0;3263000;2020-05-22;NA;NA
31414;22;2219;92217;760000;0;760000;2019-06-21;2019-06-23;2019-06-27
31433;69;2514;46751;7432000;0;7432000;2019-12-25;2020-01-08;2020-01-13
31437;58;8201;25793;908000;0;908000;2020-05-31;2020-06-12;2020-06-13
31443;16;17760;43885;374000;0;374000;2019-11-30;2019-12-06;2019-12-12
31465;34;12926;87605;1676000;0;1676000;2020-02-15;2020-02-17;2020-02-21
31466;42;13569;08048;2448000;0;2448000;2019-12-31;2020-01-01;2020-01-06
31477;62;9275;88504;5256000;0;5256000;2019-09-02;2019-09-12;2019-09-19
31480;2;12663;70192;1763000;0;1763000;2019-10-26;NA;NA
31483;24;3369;12449;3083000;0;3083000;2020-05-07;2020-05-10;2020-05-10
31486;59;4443;99593;256000;0;256000;2020-03-27;2020-04-10;2020-04-17
31491;47;13986;74067;992000;0;992000;2019-10-01;2019-10-08;2019-10-09
31494;45;16226;20299;3287000;59850;3227150;2020-03-12;2020-03-17;2020-03-22
31504;2;423;69679;456000;0;456000;2019-11-28;2019-12-12;2019-12-17
31512;10;11808;22432;2346000;0;2346000;2019-07-10;2019-07-18;2019-07-30
31522;64;6876;25417;408000;0;408000;2019-10-31;2019-11-08;2019-11-22
31531;26;9373;20449;45000;0;45000;2019-07-15;NA;NA
31543;52;15116;79415;264000;0;264000;2020-05-10;2020-05-21;2020-05-30
31551;14;1495;68608;4445000;0;4445000;2019-10-06;NA;NA
31563;25;15618;03595;782000;0;782000;2019-12-22;2019-12-23;2019-12-26
31572;63;11558;68097;2652000;0;2652000;2020-05-27;2020-05-28;2020-05-30
31573;46;11254;27901;2596000;0;2596000;2020-03-08;2020-03-12;2020-03-22
31577;3;17724;79711;3450000;0;3450000;2019-09-02;2019-09-15;2019-09-23
31578;48;993;26753;100000;0;100000;2019-11-29;2019-12-02;2019-12-06
31581;16;4794;33625;372000;0;372000;2019-03-28;NA;NA
31593;66;17441;50676;400000;0;400000;2020-04-25;2020-04-28;2020-05-06
31595;16;2590;61885;10712000;0;10712000;2019-10-25;2019-11-08;2019-11-17
31602;51;4896;31365;306000;0;306000;2019-05-24;2019-06-02;2019-06-06
31603;15;11318;87238;693000;0;693000;2019-05-19;2019-05-31;NA
31605;25;15371;51425;912000;0;912000;2019-05-23;2019-06-04;2019-06-10
31608;33;12271;60189;4620000;30750;4589250;2020-05-26;2020-06-09;2020-06-09
31621;44;17438;56735;684000;136800;547200;2019-11-16;2019-11-19;2019-11-21
31623;28;10784;92383;209000;0;209000;2020-04-23;2020-04-28;2020-05-07
31628;16;10020;04453;1480000;0;1480000;2020-01-27;2020-02-05;2020-02-07
31636;13;382;39130;250000;0;250000;2019-09-24;2019-10-06;2019-10-06
31644;40;11582;02904;155000;0;155000;2020-02-18;2020-02-27;2020-03-02
31646;30;13055;12893;2442000;0;2442000;2020-02-21;2020-03-03;2020-03-10
31649;28;4034;62616;560000;0;560000;2020-03-07;2020-03-16;NA
31672;68;874;65252;1575000;60000;1515000;2020-01-11;2020-01-16;2020-01-18
31680;32;5355;54406;286000;14000;272000;2020-05-17;2020-05-29;2020-06-04
31684;19;16292;92833;660000;0;660000;2019-06-19;NA;NA
31689;5;1468;53945;174000;0;174000;2019-06-16;2019-06-30;NA
31693;59;14860;36707;2877000;0;2877000;2019-05-27;2019-06-04;2019-06-15
31699;47;4772;67481;412000;0;412000;2019-09-22;2019-10-05;2019-10-05
31704;52;717;31166;472000;0;472000;2019-08-31;2019-09-12;2019-09-26
31705;38;11387;45387;16000;0;16000;2019-08-11;2019-08-19;2019-08-23
31717;16;17067;98412;1863000;0;1863000;2019-08-26;2019-08-28;2019-08-30
31719;7;3384;23445;140000;0;140000;2019-09-19;2019-10-03;2019-10-17
31724;47;2501;22989;234000;0;234000;2019-09-22;NA;NA
31725;11;4853;14287;2400000;0;2400000;2019-12-20;2019-12-28;2020-01-04
31731;5;17713;51243;297000;0;297000;2020-04-12;2020-04-16;2020-04-24
31733;40;2318;83907;55000;13750;41250;2019-06-03;2019-06-12;2019-06-24
31734;54;5211;32640;816000;0;816000;2020-02-25;2020-03-06;2020-03-13
31735;31;9868;73334;3570000;0;3570000;2020-01-22;2020-02-04;2020-02-07
31740;67;8746;13223;1368000;0;1368000;2019-11-21;2019-12-05;2019-12-13
31743;48;1862;79403;1023000;0;1023000;2020-01-21;2020-01-28;2020-01-29
31750;33;502;23019;175000;0;175000;2019-12-30;2020-01-05;2020-01-14
31751;15;1915;64100;256000;0;256000;2020-04-13;2020-04-20;2020-05-01
31758;15;3443;56870;5182000;0;5182000;2020-05-31;2020-06-03;2020-06-15
31762;40;15449;21576;850000;44400;805600;2020-03-24;2020-03-30;2020-04-11
31765;23;10855;69976;3234000;0;3234000;2019-08-15;2019-08-23;NA
31774;5;9508;45626;978000;36000;942000;2019-10-01;2019-10-04;2019-10-07
31775;19;401;50879;846000;0;846000;2019-12-23;2019-12-29;2020-01-07
31782;7;15338;79610;1404000;0;1404000;2019-11-16;2019-11-27;2019-12-04
31785;58;16140;84859;6029000;0;6029000;2020-05-21;NA;NA
31798;1;14765;96669;1560000;0;1560000;2019-03-05;2019-03-06;2019-03-09
31803;33;5618;34700;144000;0;144000;2020-04-28;2020-05-04;2020-05-07
31807;39;11383;14079;656000;0;656000;2019-08-02;2019-08-11;2019-08-19
31813;39;17405;92413;3210000;0;3210000;2020-03-11;NA;NA
31818;41;7475;69065;1639000;0;1639000;2020-04-20;2020-04-23;2020-04-23
31825;16;67;79546;3339000;0;3339000;2020-03-06;2020-03-20;2020-03-27
31835;5;16754;28244;65000;0;65000;2019-12-13;2019-12-27;2020-01-10
31840;11;14960;69458;90000;0;90000;2020-01-28;2020-02-07;2020-02-13
31849;22;16511;48347;510000;0;510000;2019-08-01;2019-08-02;NA
31852;21;1922;83596;2322000;0;2322000;2020-03-12;2020-03-24;2020-04-01
31854;57;17890;09186;441000;0;441000;2019-11-28;NA;NA
31862;11;9512;59106;282000;0;282000;2019-09-12;2019-09-16;2019-09-22
31868;45;878;12878;546000;0;546000;2020-03-19;2020-04-02;2020-04-02
31893;68;654;09499;16000;0;16000;2019-11-09;2019-11-19;2019-11-19
31901;56;8618;88239;66000;0;66000;2019-11-15;2019-11-24;2019-12-06
31928;63;1488;16692;3469000;0;3469000;2020-04-18;2020-04-19;2020-04-24
31935;37;11593;22125;51000;0;51000;2020-02-29;2020-03-07;NA
31937;44;3659;31938;192000;0;192000;2019-08-13;2019-08-17;2019-08-26
31938;18;16195;81487;350000;0;350000;2019-10-16;2019-10-17;2019-10-25
31951;18;9838;66776;311000;38400;272600;2019-12-14;2019-12-17;2019-12-31
31966;7;2517;02739;1458000;0;1458000;2019-09-24;2019-10-04;2019-10-11
31975;66;6256;89002;198000;0;198000;2019-05-02;2019-05-10;2019-05-21
31976;17;10476;27389;6726000;0;6726000;2020-02-17;2020-02-22;2020-03-01
31982;37;5669;07469;1475000;113400;1361600;2020-05-22;2020-06-02;2020-06-11
31983;57;1725;24471;1512000;0;1512000;2020-05-31;2020-06-12;2020-06-21
31991;56;13170;00684;958000;0;958000;2020-01-19;2020-01-21;2020-01-25
31993;50;7214;50425;180000;0;180000;2019-03-24;2019-03-26;2019-04-09
31999;42;203;69595;4888000;0;4888000;2020-05-20;2020-05-21;2020-05-26
32001;29;1004;62959;1833000;0;1833000;2019-09-02;2019-09-12;2019-09-26
32003;68;16516;39761;156000;0;156000;2019-08-16;2019-08-24;2019-08-24
32011;18;1246;78716;44000;0;44000;2019-12-15;2019-12-16;2019-12-26
32015;49;12839;02440;7051000;5100;7045900;2019-12-21;NA;NA
32023;38;11814;32113;864000;0;864000;2019-06-24;2019-06-26;2019-07-07
32024;38;9449;80233;682000;30400;651600;2019-12-22;2020-01-05;2020-01-12
32025;64;6667;67893;5003000;108800;4894200;2020-05-17;2020-05-18;NA
32038;4;2435;36820;5188000;0;5188000;2019-12-16;2019-12-23;2019-12-29
32053;64;11265;42752;288000;0;288000;2020-01-02;2020-01-15;2020-01-20
32062;17;8188;66736;1644000;0;1644000;2020-04-23;2020-05-06;2020-05-06
32075;64;112;20284;90000;0;90000;2019-08-11;2019-08-13;2019-08-24
32076;17;6729;79649;336000;0;336000;2019-11-20;2019-11-26;2019-12-05
32077;52;12873;84402;38000;3800;34200;2020-05-15;2020-05-25;2020-05-25
32090;32;7514;79233;504000;0;504000;2019-04-11;2019-04-12;NA
32122;43;6080;36452;1198000;0;1198000;2020-02-06;2020-02-12;2020-02-12
32137;60;17298;01345;1320000;0;1320000;2019-10-06;2019-10-17;2019-10-19
32140;40;12601;17998;5076000;0;5076000;2019-08-18;2019-08-20;2019-08-20
32143;31;13406;30123;478000;0;478000;2020-04-12;2020-04-20;2020-04-27
32147;53;17560;34198;850000;0;850000;2019-09-22;2019-10-03;2019-10-11
32149;6;17290;49942;2562000;0;2562000;2020-04-10;2020-04-21;2020-04-27
32167;42;1342;68478;388000;0;388000;2020-03-27;NA;NA
32169;34;4220;02083;168000;0;168000;2019-12-12;2019-12-13;2019-12-23
32170;53;6268;46372;3774000;0;3774000;2020-04-03;2020-04-11;2020-04-25
32172;34;220;60762;726000;0;726000;2020-05-21;2020-05-31;2020-06-10
32174;39;1000;83457;1212000;0;1212000;2020-04-09;2020-04-14;2020-04-25
32183;26;17116;92093;154000;0;154000;2019-08-19;2019-08-24;2019-09-07
32185;18;4879;91238;410000;0;410000;2019-09-10;2019-09-16;2019-09-20
32192;69;5967;09555;3232000;0;3232000;2020-03-24;2020-04-02;2020-04-06
32196;31;16061;59335;249000;0;249000;2019-12-13;2019-12-24;2020-01-02
32197;24;3972;43149;1753000;0;1753000;2020-03-31;NA;NA
32206;11;1073;43451;1962000;0;1962000;2019-11-11;NA;NA
32217;16;1208;45391;90000;0;90000;2019-09-23;2019-09-27;2019-10-02
32225;10;14888;93484;820000;0;820000;2020-04-25;2020-04-27;2020-05-04
32226;46;926;68666;2066000;0;2066000;2020-02-21;2020-03-02;2020-03-13
32229;19;10039;72170;5500000;0;5500000;2020-02-20;2020-03-01;2020-03-10
32252;53;7940;64287;2046000;0;2046000;2020-01-02;2020-01-08;NA
32265;6;5596;65851;12000;0;12000;2019-12-04;2019-12-07;2019-12-13
32273;31;2108;97397;2016000;0;2016000;2020-03-28;2020-04-09;2020-04-20
32275;63;10133;65467;832000;0;832000;2020-04-22;2020-05-04;2020-05-15
32283;5;3051;88833;1275000;0;1275000;2019-10-03;2019-10-13;2019-10-13
32288;34;17484;66822;7520000;0;7520000;2020-05-25;2020-06-01;2020-06-07
32290;61;7493;03475;50000;0;50000;2020-04-12;2020-04-23;2020-04-28
32299;51;6199;12516;3446000;0;3446000;2019-10-08;2019-10-10;2019-10-18
32311;35;1777;71054;840000;0;840000;2019-08-02;2019-08-15;NA
32315;50;685;36355;544000;0;544000;2019-08-03;2019-08-16;2019-08-30
32324;13;4925;23297;3219000;0;3219000;2020-05-05;2020-05-10;2020-05-17
32327;62;4356;22663;1880000;0;1880000;2020-02-12;2020-02-19;2020-03-01
32335;35;5160;80476;2211000;0;2211000;2020-04-03;2020-04-06;2020-04-07
32337;52;14050;54058;16000;0;16000;2020-05-04;2020-05-15;2020-05-27
32353;25;12008;18623;3804000;0;3804000;2019-10-08;2019-10-16;2019-10-17
32356;63;5281;66726;62000;0;62000;2019-11-23;2019-11-26;2019-12-03
32365;29;14238;23130;288000;0;288000;2019-12-04;2019-12-14;2019-12-26
32370;15;9477;88467;510000;0;510000;2020-05-26;2020-05-27;NA
32372;40;6126;88655;1980000;0;1980000;2019-10-10;2019-10-21;2019-11-02
32374;36;13231;35179;1179000;0;1179000;2020-01-12;NA;NA
32381;8;16636;12183;877000;0;877000;2019-09-17;2019-09-19;2019-09-30
32386;15;15952;28740;637000;0;637000;2020-01-08;2020-01-22;2020-01-31
32393;18;11461;75905;840000;0;840000;2019-09-07;2019-09-14;2019-09-26
32400;21;1601;96878;512000;0;512000;2020-02-09;2020-02-12;NA
32403;6;9862;81087;532000;0;532000;2019-11-12;2019-11-25;2019-11-25
32410;44;7801;57409;1015000;0;1015000;2019-11-01;2019-11-09;2019-11-17
32413;44;3984;46019;1380000;161200;1218800;2019-10-30;2019-11-03;2019-11-15
32416;1;14897;31382;4349000;0;4349000;2020-01-18;2020-01-25;2020-02-06
32419;26;7524;43095;1171000;0;1171000;2020-05-07;2020-05-19;2020-05-30
32430;66;2100;38534;6354000;0;6354000;2019-12-25;2019-12-28;NA
32437;42;14309;92892;300000;0;300000;2019-09-26;2019-10-05;2019-10-05
32448;43;7247;52603;783000;75000;708000;2019-11-21;2019-11-30;2019-12-06
32457;52;6220;02539;184000;0;184000;2020-04-16;2020-04-23;2020-05-07
32461;60;7367;84241;4467000;0;4467000;2020-05-09;2020-05-13;2020-05-19
32465;14;10451;77714;28000;0;28000;2019-11-04;2019-11-15;2019-11-15
32475;21;7309;06547;2562000;0;2562000;2020-05-10;NA;NA
32482;36;14772;83169;210000;0;210000;2019-07-10;2019-07-20;2019-07-27
32489;20;13029;04302;180000;0;180000;2019-10-05;2019-10-17;2019-10-21
32502;18;10676;70362;811000;0;811000;2020-04-26;2020-04-30;2020-05-09
32510;23;3307;20319;795000;0;795000;2020-04-24;2020-05-05;2020-05-08
32511;64;5420;55559;1530000;306000;1224000;2019-09-23;2019-09-27;2019-10-01
32513;20;17698;34798;190000;0;190000;2020-02-23;2020-02-26;2020-02-27
32514;65;14631;41365;3128000;0;3128000;2019-06-20;2019-06-27;2019-07-06
32516;4;3275;20195;5060000;0;5060000;2019-11-11;2019-11-15;2019-11-23
32517;52;17004;27036;350000;0;350000;2019-09-22;2019-10-05;2019-10-14
32528;52;1026;95514;132000;0;132000;2019-10-31;2019-11-13;NA
32532;51;6727;54960;26000;0;26000;2019-03-18;2019-03-23;2019-04-04
32545;13;8220;55153;622000;0;622000;2020-05-19;2020-06-01;2020-06-05
32546;58;6477;76727;3872000;0;3872000;2019-08-10;2019-08-11;2019-08-25
32553;49;15344;71055;1499000;0;1499000;2020-04-27;2020-05-09;2020-05-20
32561;69;10001;24397;577000;0;577000;2019-12-14;2019-12-25;2020-01-02
32562;13;14875;63723;552000;0;552000;2019-12-02;2019-12-11;2019-12-16
32568;38;15598;85558;208000;0;208000;2019-06-15;2019-06-27;2019-07-04
32569;21;8210;15862;1526000;0;1526000;2020-02-27;2020-03-01;2020-03-05
32578;5;1221;61248;5687000;0;5687000;2020-01-26;2020-02-04;2020-02-18
32584;61;4187;27187;747000;0;747000;2020-02-07;2020-02-09;2020-02-18
32587;64;13;02077;1890000;0;1890000;2019-09-15;2019-09-23;2019-10-04
32598;2;11328;41408;6120000;0;6120000;2020-03-19;2020-03-25;2020-03-27
32599;40;6430;84730;1350000;0;1350000;2020-04-09;2020-04-21;2020-04-24
32607;64;6728;27120;280000;0;280000;2019-12-03;2019-12-04;2019-12-16
32627;39;16875;96011;63000;0;63000;2019-08-24;2019-08-29;2019-09-10
32651;21;2315;06343;3220000;0;3220000;2019-11-12;2019-11-24;2019-11-29
32668;44;4622;46991;798000;159600;638400;2019-10-17;2019-10-25;2019-11-01
32677;21;3502;79486;75000;0;75000;2019-08-13;2019-08-27;2019-09-06
32683;53;13230;88480;1665000;0;1665000;2020-05-02;2020-05-09;2020-05-10
32687;2;6404;28968;111000;0;111000;2019-06-13;2019-06-27;2019-06-28
32694;11;2776;43020;84000;0;84000;2020-02-12;2020-02-24;2020-03-03
32698;20;8840;35984;1240000;0;1240000;2020-02-07;2020-02-10;2020-02-22
32706;31;1293;32786;4526000;114400;4411600;2020-03-28;2020-04-05;2020-04-09
32718;66;10098;65500;2000;300;1700;2019-12-01;2019-12-13;2019-12-24
32719;11;196;66124;105000;0;105000;2019-08-09;2019-08-13;2019-08-22
32727;9;12698;46772;143000;0;143000;2020-02-09;2020-02-12;2020-02-20
32730;27;13688;82899;6882000;0;6882000;2019-12-15;2019-12-19;2020-01-02
32743;22;16786;36332;4140000;0;4140000;2020-05-29;2020-06-03;2020-06-15
32754;42;16260;02241;846000;0;846000;2019-10-21;2019-10-26;2019-11-07
32755;43;813;21058;7639000;0;7639000;2019-11-05;2019-11-12;NA
32770;66;5006;62374;2666000;0;2666000;2019-11-15;2019-11-16;NA
32771;48;230;14021;1006000;0;1006000;2020-04-18;2020-04-26;2020-05-07
32773;58;16726;95282;246000;49200;196800;2020-04-16;NA;NA
32776;6;3778;77000;408000;0;408000;2019-12-18;NA;NA
32779;59;1548;77701;886000;0;886000;2019-12-15;2019-12-16;2019-12-23
32789;43;15975;28915;4620000;0;4620000;2020-02-28;2020-03-05;NA
32793;42;16526;84528;810000;0;810000;2020-04-30;NA;NA
32794;58;16242;14636;57000;0;57000;2019-11-07;2019-11-15;NA
32799;36;10974;19242;2133000;92400;2040600;2020-02-03;NA;NA
32800;59;13161;64379;2296000;0;2296000;2019-09-20;2019-09-21;2019-10-02
32802;26;7684;42319;13144000;0;13144000;2019-11-25;2019-12-04;2019-12-12
32805;29;12183;76197;2148000;0;2148000;2020-04-23;2020-05-01;2020-05-04
32808;42;2985;52932;1484000;222600;1261400;2019-10-08;2019-10-14;2019-10-18
32818;31;12069;57605;3042000;0;3042000;2019-12-08;2019-12-11;2019-12-23
32822;7;3572;42037;598000;0;598000;2019-09-17;2019-09-18;2019-09-26
32831;34;3373;84402;12768000;0;12768000;2019-11-03;2019-11-05;2019-11-08
32844;52;3895;18576;1320000;0;1320000;2020-02-10;2020-02-15;2020-02-25
32866;31;5208;50616;14000;0;14000;2019-03-02;2019-03-05;2019-03-09
32870;21;14317;73895;3130000;0;3130000;2019-11-30;2019-12-13;2019-12-24
32876;10;13302;60844;2116000;0;2116000;2019-12-27;2020-01-04;2020-01-07
32877;69;1197;90285;2316000;0;2316000;2020-03-29;2020-04-11;2020-04-16
32879;19;16851;90918;497000;0;497000;2020-05-25;2020-06-07;2020-06-13
32881;7;837;92517;12792000;0;12792000;2019-08-11;2019-08-21;2019-08-22
32884;14;7866;12929;144000;0;144000;2019-07-25;2019-07-30;2019-08-10
32887;28;8256;68353;1053000;0;1053000;2020-01-01;2020-01-02;2020-01-16
32892;66;1396;13326;1004000;0;1004000;2020-03-05;2020-03-10;2020-03-14
32908;45;10013;79041;234000;0;234000;2019-12-28;2019-12-30;2020-01-11
32909;55;6118;04350;432000;0;432000;2019-12-31;2020-01-06;2020-01-15
32911;59;5249;83463;1902000;0;1902000;2020-03-22;2020-03-23;2020-04-06
32921;34;439;82644;1569000;0;1569000;2020-01-05;2020-01-15;2020-01-27
32932;53;17078;12967;8354000;0;8354000;2020-01-23;2020-02-04;NA
32938;32;3760;44278;1146000;0;1146000;2020-02-22;2020-03-06;2020-03-14
32941;62;16586;05028;188000;19600;168400;2020-05-18;2020-05-29;2020-05-30
32944;20;4828;14228;68000;0;68000;2019-07-07;2019-07-20;2019-07-20
32950;25;12728;83183;352000;0;352000;2019-06-18;2019-06-23;2019-06-27
32951;69;16452;30312;1599000;0;1599000;2020-04-15;NA;NA
32952;36;17523;46849;3320000;103200;3216800;2020-04-16;2020-04-22;2020-04-23
32953;59;13226;89078;375000;0;375000;2019-03-06;2019-03-09;2019-03-16
32957;5;14101;23748;1870000;0;1870000;2020-02-25;NA;NA
32958;15;6196;65398;258000;0;258000;2019-12-18;2019-12-29;2019-12-30
32964;5;17740;03338;2716000;0;2716000;2019-11-25;2019-11-28;2019-12-12
32985;48;14343;23754;3921000;0;3921000;2019-10-25;2019-11-01;2019-11-11
32990;25;7634;44713;232000;0;232000;2019-01-15;2019-01-24;NA
33018;19;1010;33023;1380000;0;1380000;2019-11-22;2019-11-28;2019-11-29
33021;21;5975;15325;2330000;0;2330000;2019-12-27;2019-12-28;2019-12-31
33023;28;6078;53047;273000;0;273000;2019-02-14;2019-02-17;2019-02-28
33026;50;303;85488;165000;0;165000;2019-09-25;2019-10-07;2019-10-09
33029;17;3597;23157;242000;0;242000;2019-12-01;2019-12-05;2019-12-06
33033;57;14679;11123;9339000;0;9339000;2019-12-19;2019-12-27;2019-12-30
33035;54;3026;89827;2725000;0;2725000;2020-04-06;2020-04-20;2020-04-23
33036;14;4825;29183;5180000;0;5180000;2019-11-26;2019-12-09;2019-12-20
33038;43;7917;62635;462000;0;462000;2020-04-24;2020-05-06;2020-05-06
33053;50;16770;53334;5840000;0;5840000;2019-10-06;2019-10-14;2019-10-26
33074;2;13262;25464;105000;0;105000;2019-12-21;2019-12-25;2020-01-02
33075;38;10428;33014;4522000;0;4522000;2020-05-22;2020-06-02;NA
33080;51;7976;04790;468000;0;468000;2019-12-04;2019-12-13;2019-12-16
33082;36;12302;25753;390000;0;390000;2019-06-06;2019-06-11;2019-06-20
33088;51;11699;40952;3086000;0;3086000;2019-11-09;2019-11-16;2019-11-22
33092;24;12526;48889;902000;0;902000;2019-03-25;2019-03-28;2019-04-08
33096;52;14569;09391;2542000;0;2542000;2019-12-16;2019-12-18;2019-12-25
33109;17;8635;74183;4328000;0;4328000;2020-05-25;2020-05-30;2020-06-10
33114;61;11468;46421;2404000;0;2404000;2020-01-25;2020-02-04;2020-02-15
33122;27;17458;82241;792000;0;792000;2019-08-23;2019-08-31;2019-09-04
33128;65;14377;61757;10342000;1850000;8492000;2020-02-07;2020-02-09;2020-02-09
33139;34;15020;64510;3704000;0;3704000;2019-11-02;2019-11-13;2019-11-13
33147;57;11783;70138;337000;0;337000;2019-12-27;NA;NA
33148;64;6274;56409;28000;0;28000;2020-02-09;2020-02-18;2020-02-29
33155;33;13732;11126;9880000;85500;9794500;2020-05-24;2020-05-27;NA
33160;50;14828;29779;1852000;0;1852000;2019-07-06;2019-07-18;2019-08-01
33167;32;2459;02698;294000;0;294000;2020-02-20;2020-03-03;2020-03-08
33168;34;14388;48783;4564000;0;4564000;2020-01-31;2020-02-08;2020-02-15
33171;26;3521;16254;2010000;0;2010000;2020-04-22;2020-04-23;2020-05-01
33172;45;15890;00820;991000;0;991000;2020-05-24;2020-06-01;2020-06-04
33199;41;12963;17906;2287000;0;2287000;2019-12-12;2019-12-16;2019-12-19
33202;38;14937;75780;169000;0;169000;2019-11-14;NA;NA
33211;9;2155;90817;24000;0;24000;2019-11-10;2019-11-16;NA
33214;14;6989;71732;728000;0;728000;2019-12-09;2019-12-12;2019-12-24
33221;12;8731;79192;2944000;0;2944000;2020-01-04;2020-01-05;2020-01-15
33235;54;17775;95494;598000;0;598000;2019-10-27;2019-10-30;2019-11-11
33258;8;15469;32671;858000;0;858000;2019-12-27;2020-01-09;2020-01-15
33265;26;9943;82130;311000;0;311000;2020-03-26;2020-03-28;2020-04-01
33266;64;7149;12002;2346000;0;2346000;2020-02-06;2020-02-09;2020-02-18
33290;54;7714;41078;4046000;0;4046000;2020-05-19;2020-05-31;2020-05-31
33301;52;11975;20957;176000;0;176000;2019-12-02;2019-12-05;NA
33303;50;17330;57336;912000;0;912000;2019-12-31;2020-01-14;2020-01-18
33316;37;5298;87438;546000;0;546000;2020-01-21;2020-02-01;NA
33318;63;14531;69009;1424000;0;1424000;2020-04-12;2020-04-13;2020-04-27
33321;39;12942;93132;90000;0;90000;2020-04-15;2020-04-21;2020-04-28
33322;42;1788;21909;306000;0;306000;2019-04-03;2019-04-16;2019-04-23
33325;55;15326;84358;1105000;0;1105000;2019-06-17;2019-06-20;2019-06-25
33326;39;16511;48347;1437000;0;1437000;2020-04-11;2020-04-13;2020-04-21
33327;59;549;74116;578000;18900;559100;2020-04-04;2020-04-15;2020-04-26
33329;37;14022;04302;2574000;0;2574000;2019-12-24;NA;NA
33343;4;16997;35576;797000;0;797000;2020-04-19;2020-04-20;2020-04-29
33346;22;6942;95049;705000;0;705000;2020-05-08;2020-05-19;2020-06-02
33349;5;16436;16236;350000;0;350000;2019-12-09;2019-12-20;2019-12-31
33360;8;4796;02514;1698000;0;1698000;2020-04-23;2020-05-01;2020-05-05
33371;37;2404;91318;3266000;0;3266000;2020-01-31;2020-02-11;2020-02-16
33380;32;9581;38462;624000;0;624000;2019-07-17;2019-07-28;2019-08-06
33385;34;17000;32851;4951000;0;4951000;2020-02-06;2020-02-20;2020-02-23
33389;3;9318;19234;9000;0;9000;2020-03-01;2020-03-03;2020-03-08
33392;4;17795;26822;608000;0;608000;2020-05-28;2020-06-09;2020-06-12
33409;34;17497;13549;136000;0;136000;2019-06-28;2019-07-04;2019-07-06
33410;34;4981;27040;200000;0;200000;2019-10-10;2019-10-11;2019-10-16
33411;28;16731;59150;2120000;0;2120000;2020-03-21;2020-03-25;2020-04-02
33413;67;2630;14618;7203000;0;7203000;2019-12-08;2019-12-21;2019-12-22
33418;40;8199;61049;890000;0;890000;2020-03-05;2020-03-11;2020-03-19
33419;15;10684;14453;720000;0;720000;2019-12-12;2019-12-14;2019-12-21
33423;49;4696;42257;2586000;0;2586000;2020-04-30;2020-05-11;2020-05-25
33425;11;16704;74199;1017000;0;1017000;2020-05-18;2020-05-27;2020-06-07
33430;25;5263;06848;2924000;0;2924000;2019-12-03;2019-12-10;2019-12-20
33441;21;11621;35251;1092000;0;1092000;2020-03-18;2020-04-01;2020-04-12
33458;68;15633;35502;212000;0;212000;2019-12-21;2020-01-01;2020-01-10
33461;14;14954;16438;36000;0;36000;2019-09-06;2019-09-20;2019-09-23
33479;63;5616;31786;5760000;0;5760000;2019-12-18;2019-12-22;2019-12-27
33484;10;15653;18881;12794000;0;12794000;2020-05-31;2020-06-02;2020-06-13
33486;66;3550;45789;319000;0;319000;2020-01-09;2020-01-15;2020-01-16
33509;15;6928;01593;1889000;0;1889000;2020-05-31;2020-06-04;2020-06-14
33512;14;16131;46147;192000;0;192000;2019-03-29;2019-04-08;2019-04-15
33513;26;7232;09598;220000;0;220000;2020-03-20;2020-04-01;2020-04-02
33517;33;11555;17572;8616000;0;8616000;2020-05-24;2020-06-02;2020-06-12
33538;69;425;51043;132000;0;132000;2019-10-15;NA;NA
33541;42;16514;32577;1280000;0;1280000;2020-04-16;2020-04-19;2020-05-01
33549;55;5306;04292;4173000;0;4173000;2019-12-08;2019-12-16;2019-12-27
33556;23;11503;57907;866000;0;866000;2019-10-14;2019-10-23;2019-11-01
33558;63;12559;12456;837000;0;837000;2019-01-31;2019-02-09;2019-02-09
33559;59;14189;75230;3736000;0;3736000;2020-01-24;2020-01-27;2020-01-28
33561;54;8033;47637;1691000;0;1691000;2020-04-17;2020-04-25;2020-05-04
33587;30;9964;19642;3450000;0;3450000;2020-03-06;2020-03-13;2020-03-17
33592;5;11349;11622;1221000;0;1221000;2019-06-02;2019-06-09;2019-06-21
33594;46;6320;07590;398000;0;398000;2020-01-20;NA;NA
33638;49;10956;31812;1421000;0;1421000;2020-04-10;2020-04-24;2020-04-25
33643;25;11304;14365;4647000;0;4647000;2020-04-08;NA;NA
33652;26;14921;24935;570000;0;570000;2020-04-12;2020-04-15;2020-04-21
33662;8;12711;33897;23000;0;23000;2019-11-01;2019-11-12;2019-11-21
33663;19;7510;60079;468000;0;468000;2020-02-25;2020-03-08;2020-03-13
33698;31;15594;69292;285000;0;285000;2019-09-06;2019-09-12;2019-09-22
33708;7;14852;37083;521000;0;521000;2020-05-27;NA;NA
33720;65;8878;26364;1628000;0;1628000;2019-12-19;2019-12-20;2019-12-27
33722;23;362;56856;238000;0;238000;2019-12-16;2019-12-23;2020-01-03
33731;10;10424;41491;814000;0;814000;2019-11-25;2019-11-30;2019-12-08
33737;64;9464;05271;320000;0;320000;2020-01-25;2020-02-02;2020-02-10
33742;61;14523;00140;904000;0;904000;2019-07-07;2019-07-11;2019-07-19
33747;31;23;51647;252000;25200;226800;2019-11-29;2019-12-02;2019-12-09
33753;49;8329;49114;987000;0;987000;2020-04-17;2020-04-25;2020-04-26
33796;25;15630;47171;4776000;0;4776000;2020-03-24;2020-04-03;2020-04-04
33800;23;17886;80551;72000;0;72000;2019-09-27;2019-10-04;2019-10-16
33804;7;14456;67477;1750000;0;1750000;2019-09-13;2019-09-21;2019-09-30
33842;39;13592;98575;984000;0;984000;2020-04-07;2020-04-20;2020-04-21
33852;18;7839;00344;276000;0;276000;2019-12-18;2019-12-25;2019-12-26
33868;7;17332;37825;160000;0;160000;2019-12-27;2020-01-09;2020-01-17
33874;29;17608;18532;1360000;0;1360000;2019-11-24;2019-12-06;2019-12-14
33877;51;4323;66609;56000;0;56000;2019-08-11;NA;NA
33904;8;10840;86941;259000;0;259000;2019-12-11;2019-12-19;2019-12-23
33941;41;13898;02267;1680000;0;1680000;2019-12-30;2020-01-07;2020-01-07
33953;4;11151;99607;1277000;0;1277000;2020-04-26;2020-04-29;2020-05-10
33959;3;6137;17776;126000;0;126000;2019-09-30;2019-10-10;2019-10-22
33961;61;15686;36660;330000;0;330000;2019-07-20;NA;NA
33962;28;2471;70047;186000;0;186000;2019-09-28;2019-09-30;2019-10-12
33973;28;14095;35576;1005000;0;1005000;2019-12-09;2019-12-23;2019-12-28
33977;58;11957;62713;2034000;0;2034000;2020-01-27;2020-02-04;2020-02-07
33980;69;11399;70293;798000;0;798000;2020-03-30;2020-04-13;2020-04-21
33988;10;480;15295;4625000;0;4625000;2019-11-12;2019-11-15;2019-11-26
33995;45;6466;54204;2329000;0;2329000;2020-04-21;2020-05-05;2020-05-13
33999;27;17251;38024;5101000;0;5101000;2020-03-30;2020-04-09;2020-04-16
34005;38;14196;16176;1276000;0;1276000;2019-10-17;2019-10-23;2019-11-03
34009;35;10674;18078;346000;0;346000;2019-10-24;NA;NA
34013;38;7487;50349;6292000;119000;6173000;2020-05-08;2020-05-09;2020-05-12
34023;30;11743;29778;1386000;0;1386000;2019-11-29;2019-12-11;2019-12-14
34030;61;11520;33611;3866000;475800;3390200;2020-02-24;2020-02-27;2020-02-27
34032;14;2738;92410;82000;20500;61500;2019-10-02;2019-10-15;2019-10-16
34036;35;10142;40847;4900000;0;4900000;2020-04-30;2020-05-06;2020-05-09
34038;64;3563;65951;434000;0;434000;2019-12-20;2019-12-25;NA
34040;15;9411;11974;2275000;47500;2227500;2019-11-07;2019-11-08;2019-11-19
34053;15;16974;46859;1296000;9000;1287000;2020-04-02;2020-04-03;2020-04-10
34055;54;4897;43064;5636000;0;5636000;2019-12-17;2019-12-21;2019-12-25
34056;64;16739;97777;1974000;0;1974000;2020-05-15;2020-05-24;2020-05-24
34058;30;15628;33406;1526000;0;1526000;2019-10-28;2019-11-09;2019-11-17
34064;61;10796;50148;1905000;0;1905000;2020-03-13;2020-03-18;2020-03-29
34074;18;971;68505;1664000;0;1664000;2019-08-08;2019-08-20;2019-08-30
34085;69;3561;59050;1850000;0;1850000;2019-12-23;2019-12-25;2019-12-25
34089;65;1068;14210;1926000;0;1926000;2020-04-22;2020-04-28;2020-05-03
34113;60;15746;36433;2656000;0;2656000;2020-03-24;2020-03-29;2020-03-30
34118;25;3326;62344;6500000;0;6500000;2020-04-10;2020-04-23;2020-04-27
34119;49;13140;92316;1200000;0;1200000;2020-03-09;2020-03-16;2020-03-25
34125;43;10729;99137;174000;0;174000;2019-11-14;2019-11-16;2019-11-28
34126;66;17923;56821;42000;0;42000;2019-06-25;2019-07-09;2019-07-10
34127;11;9103;28289;4580000;0;4580000;2020-04-30;2020-05-12;NA
34128;45;17312;26561;8277000;0;8277000;2020-03-21;2020-03-27;2020-03-28
34144;36;14780;73909;4800000;0;4800000;2020-03-05;2020-03-08;2020-03-09
34158;17;10789;63720;750000;0;750000;2020-01-26;2020-02-03;2020-02-06
34172;24;10967;88025;1910000;0;1910000;2020-04-29;2020-05-03;2020-05-11
34174;38;11634;60689;1765000;0;1765000;2019-11-29;2019-12-13;2019-12-22
34179;27;3634;82339;144000;0;144000;2020-03-10;2020-03-16;NA
34180;10;4011;04842;844000;0;844000;2020-02-05;2020-02-15;2020-02-20
34183;57;6257;34725;780000;0;780000;2019-06-21;2019-07-03;2019-07-15
34196;35;13296;63605;4450000;0;4450000;2020-05-21;2020-05-22;2020-06-01
34197;19;13861;14885;3886000;0;3886000;2020-03-21;2020-03-26;2020-04-01
34200;26;1566;92622;585000;0;585000;2020-02-06;NA;NA
34203;12;3798;07080;693000;0;693000;2020-02-13;2020-02-23;2020-02-28
34209;49;14053;34892;144000;0;144000;2019-06-22;2019-06-25;2019-06-26
34222;49;3379;42720;3828000;0;3828000;2020-04-13;2020-04-17;2020-04-21
34224;68;2671;87021;684000;0;684000;2019-05-28;2019-06-02;2019-06-10
34237;59;1049;34172;1686000;0;1686000;2020-01-26;2020-02-08;NA
34252;32;4318;57801;60000;9000;51000;2019-07-03;2019-07-06;2019-07-11
34255;32;14953;58779;14446000;0;14446000;2019-09-01;2019-09-14;2019-09-22
34262;68;10765;03670;1270000;0;1270000;2020-01-18;NA;NA
34286;22;17694;67848;5335000;0;5335000;2019-12-15;2019-12-29;2020-01-01
34296;40;16460;74880;1219000;97900;1121100;2020-05-13;2020-05-22;2020-05-28
34304;69;4599;91754;625000;0;625000;2020-02-28;2020-03-05;2020-03-14
34307;23;7463;85875;852000;0;852000;2020-03-22;2020-04-04;2020-04-18
34313;65;12276;99468;279000;0;279000;2019-12-23;2020-01-02;2020-01-03
34316;69;13948;67368;823000;0;823000;2020-03-11;2020-03-24;2020-04-03
34322;59;6721;53202;843000;0;843000;2020-04-25;2020-05-06;2020-05-17
34328;51;8287;44206;496000;0;496000;2019-06-21;2019-07-01;NA
34344;15;1910;89191;6108000;0;6108000;2019-10-24;2019-10-26;2019-11-06
34345;19;10623;59189;1224000;0;1224000;2020-04-25;2020-04-26;2020-05-03
34351;69;10530;96905;590000;0;590000;2019-08-14;2019-08-18;2019-08-22
34353;44;4080;13966;710000;0;710000;2020-05-31;2020-06-14;2020-06-19
34362;52;9634;96857;2238000;16500;2221500;2020-05-26;2020-06-06;2020-06-11
34374;54;5444;00576;95000;19000;76000;2019-11-08;2019-11-11;2019-11-23
34375;45;14727;10175;915000;0;915000;2020-05-28;2020-05-30;2020-06-08
34377;34;8229;59510;1394000;0;1394000;2020-02-29;2020-03-12;2020-03-16
34389;34;10909;45048;648000;0;648000;2020-04-19;NA;NA
34397;35;12635;82059;2491000;0;2491000;2019-12-27;2019-12-28;2020-01-03
34405;25;10195;27846;3520000;0;3520000;2019-03-16;2019-03-20;2019-03-28
34406;15;3751;88491;7298000;0;7298000;2020-03-26;2020-04-03;NA
34415;28;12175;66226;864000;120000;744000;2020-02-11;2020-02-25;2020-03-05
34424;37;11116;72719;1482000;0;1482000;2019-10-02;2019-10-05;2019-10-15
34428;68;14920;30203;408000;0;408000;2020-05-31;2020-06-12;2020-06-15
34437;23;6305;40765;288000;0;288000;2019-11-05;2019-11-17;2019-11-19
34440;41;9119;21012;5036000;0;5036000;2019-08-21;2019-09-04;2019-09-09
34442;61;14324;48929;2058000;0;2058000;2020-02-05;2020-02-12;2020-02-24
34446;15;9566;96413;6769000;0;6769000;2020-02-02;2020-02-11;2020-02-20
34458;56;16926;13658;975000;0;975000;2020-02-21;2020-03-04;2020-03-07
34468;52;6473;34270;2196000;0;2196000;2020-02-12;2020-02-23;2020-03-02
34473;37;3621;85970;500000;0;500000;2019-06-30;2019-07-14;2019-07-23
34495;34;10092;92646;926000;0;926000;2020-04-16;2020-04-20;2020-04-29
34499;7;142;55040;2677000;0;2677000;2020-03-24;2020-03-30;2020-04-10
34500;47;5259;52277;2762000;0;2762000;2019-12-31;2020-01-11;2020-01-18
34503;38;2999;27870;330000;0;330000;2019-11-12;2019-11-16;2019-11-21
34509;6;6434;99169;295000;0;295000;2019-11-23;2019-12-06;2019-12-09
34514;64;9845;74704;324000;0;324000;2020-05-26;2020-06-04;2020-06-08
34516;69;3817;34060;5059000;0;5059000;2020-04-13;2020-04-15;2020-04-24
34525;60;10587;81469;867000;0;867000;2019-09-24;2019-10-03;2019-10-12
34545;20;4301;64846;572000;0;572000;2019-12-18;2019-12-21;2019-12-29
34553;11;6503;01884;708000;0;708000;2020-03-07;2020-03-14;2020-03-19
34555;59;10532;18659;2201000;0;2201000;2019-12-21;2020-01-03;2020-01-05
34557;19;14379;88820;2117000;267750;1849250;2019-11-26;2019-12-08;2019-12-17
34560;41;923;35543;290000;72500;217500;2019-08-04;2019-08-17;2019-08-17
34564;26;10497;26791;2358000;0;2358000;2019-10-25;2019-10-27;2019-11-04
34565;60;11343;69815;7502000;0;7502000;2020-05-19;2020-06-02;2020-06-09
34568;65;3371;15838;1493000;0;1493000;2019-07-10;2019-07-24;2019-08-07
34572;58;17834;36551;862000;0;862000;2020-05-22;2020-05-27;2020-06-08
34578;31;5979;41012;388000;0;388000;2020-04-17;2020-04-27;2020-05-03
34591;1;9108;46932;731000;52650;678350;2020-04-26;2020-05-07;2020-05-17
34597;42;16629;23077;2069000;0;2069000;2020-03-12;2020-03-26;NA
34607;1;10613;38105;3564000;0;3564000;2019-12-31;2020-01-01;2020-01-11
34612;29;6545;09994;722000;0;722000;2019-08-12;2019-08-21;NA
34639;27;12267;01488;140000;0;140000;2019-09-26;2019-10-04;NA
34641;7;2505;38108;380000;0;380000;2019-11-20;2019-12-04;2019-12-09
34655;5;3988;53143;916000;0;916000;2019-10-16;2019-10-19;2019-10-21
34656;34;8238;94559;1290000;0;1290000;2019-12-27;2020-01-10;2020-01-18
34671;56;9625;30810;462000;0;462000;2019-10-05;2019-10-07;2019-10-21
34675;16;3016;74423;168000;0;168000;2019-04-04;2019-04-16;NA
34695;22;5411;88736;120000;0;120000;2019-03-18;2019-03-21;NA
34697;14;1341;46817;1662000;0;1662000;2020-02-27;2020-03-10;2020-03-11
34703;8;13164;21584;1785000;0;1785000;2019-10-30;2019-11-03;2019-11-05
34711;67;3329;47065;10383000;0;10383000;2019-11-10;2019-11-17;2019-11-27
34713;10;2575;61340;3243000;0;3243000;2020-04-16;2020-04-28;2020-05-10
34714;42;946;52496;2844000;0;2844000;2020-05-28;2020-05-29;2020-06-05
34727;41;14666;67868;266000;0;266000;2019-11-23;2019-11-28;2019-12-06
34732;30;10909;89837;1788000;0;1788000;2020-05-26;2020-06-06;2020-06-11
34736;35;11234;03914;60000;0;60000;2019-04-15;2019-04-22;2019-04-26
34740;14;7400;63743;2430000;0;2430000;2019-12-11;2019-12-16;2019-12-26
34744;19;5042;87235;234000;0;234000;2020-02-18;2020-02-24;2020-02-25
34768;63;2963;64055;3437000;0;3437000;2020-04-05;2020-04-15;NA
34775;17;9295;66126;85000;0;85000;2019-12-28;2020-01-09;2020-01-10
34776;47;4516;95366;441000;0;441000;2019-12-17;2019-12-28;2020-01-05
34778;6;5129;95063;222000;0;222000;2020-01-17;2020-01-30;2020-02-05
34782;63;12551;38140;1199000;0;1199000;2020-05-06;2020-05-13;2020-05-23
34791;5;660;04623;338000;0;338000;2019-12-30;2020-01-02;2020-01-11
34808;32;11419;77145;2760000;0;2760000;2020-04-23;2020-04-30;2020-05-06
34812;2;15189;86738;288000;0;288000;2019-06-02;2019-06-15;2019-06-21
34824;49;8483;65312;888000;0;888000;2019-11-29;2019-12-04;2019-12-15
34833;8;9510;97042;592000;0;592000;2019-12-02;2019-12-12;2019-12-13
34838;11;4599;93860;1444000;0;1444000;2019-09-17;2019-09-21;2019-10-05
34839;48;9117;73557;690000;0;690000;2019-12-22;2020-01-02;2020-01-02
34855;63;11872;07288;4136000;0;4136000;2020-01-19;2020-02-02;2020-02-13
34864;3;15216;63003;1002000;0;1002000;2020-04-13;2020-04-23;2020-05-02
34876;37;4652;71181;64000;0;64000;2020-03-10;2020-03-21;NA
34878;1;14052;29724;1396000;15300;1380700;2019-11-05;2019-11-15;2019-11-29
34880;57;12362;38158;160000;0;160000;2020-02-18;2020-02-25;2020-03-06
34881;46;10697;99026;297000;0;297000;2020-03-05;NA;NA
34892;69;12629;02367;1972000;0;1972000;2019-12-21;2019-12-29;2020-01-07
34893;24;4076;50326;850000;0;850000;2019-09-23;2019-10-07;2019-10-09
34895;65;5080;51810;1106000;0;1106000;2020-03-10;2020-03-11;2020-03-21
34900;12;10096;15438;1776000;0;1776000;2020-04-25;2020-04-29;2020-05-01
34902;47;9658;67198;65000;0;65000;2019-12-11;2019-12-17;2019-12-22
34905;44;13927;52645;250000;0;250000;2020-03-24;2020-04-02;2020-04-08
34912;60;16878;60840;1037000;0;1037000;2019-09-02;2019-09-11;2019-09-11
34914;19;3336;22377;8000;0;8000;2019-10-23;2019-10-31;2019-11-02
34917;38;16390;02487;7422000;0;7422000;2020-05-27;2020-06-01;2020-06-02
34924;19;10099;76608;2914000;0;2914000;2019-04-24;2019-05-02;2019-05-08
34938;60;1065;11755;66000;0;66000;2019-08-12;2019-08-26;2019-09-01
34948;17;17145;24264;7608000;0;7608000;2019-10-08;2019-10-14;2019-10-16
34951;51;7867;35984;140000;0;140000;2020-04-13;2020-04-15;2020-04-21
34960;38;13671;93548;1395000;0;1395000;2019-09-19;2019-09-23;2019-10-05
34973;55;16431;91581;9414000;0;9414000;2020-05-15;2020-05-19;2020-05-31
34976;44;9456;68142;4123000;824600;3298400;2019-11-25;2019-11-28;2019-12-10
34978;44;4205;46723;1363000;0;1363000;2020-04-07;2020-04-17;2020-04-29
34983;48;12065;70209;1024000;0;1024000;2019-05-30;2019-06-09;2019-06-11
34990;48;11233;40831;72000;0;72000;2019-11-08;2019-11-22;2019-11-26
34997;18;3014;00106;1729000;0;1729000;2019-10-24;NA;NA
35001;46;11150;96140;1499000;0;1499000;2020-01-04;2020-01-12;2020-01-16
35003;19;17127;91734;2457000;245700;2211300;2020-01-11;2020-01-24;2020-02-05
35004;69;15032;88535;1369000;0;1369000;2019-10-13;2019-10-17;2019-10-22
35023;68;1512;19919;4310000;0;4310000;2020-02-06;2020-02-08;2020-02-17
35024;26;17321;56334;69000;0;69000;2019-10-06;2019-10-11;2019-10-21
35026;67;14062;69220;287000;0;287000;2019-07-16;2019-07-22;2019-07-22
35032;32;16992;37967;11592000;0;11592000;2020-01-20;2020-01-24;2020-01-29
35039;14;10625;16375;434000;0;434000;2019-10-15;2019-10-18;NA
35051;16;12447;11031;60000;0;60000;2019-05-23;NA;NA
35052;17;4869;45785;802000;0;802000;2020-02-05;2020-02-19;NA
35053;51;8501;97226;872000;0;872000;2020-05-26;2020-05-30;2020-06-01
35057;60;12006;89296;116000;0;116000;2020-04-25;2020-05-02;2020-05-14
35072;46;16249;41127;459000;0;459000;2020-04-26;2020-05-03;2020-05-14
35073;49;7292;89084;1740000;0;1740000;2019-01-23;2019-01-30;2019-02-05
35085;35;3639;96837;5200000;0;5200000;2019-11-27;2019-12-05;2019-12-19
35089;14;424;80405;6822000;0;6822000;2020-05-20;2020-05-21;2020-06-01
35095;19;6343;82324;1475000;0;1475000;2019-05-02;2019-05-06;2019-05-15
35096;47;12578;21352;186000;0;186000;2020-03-31;NA;NA
35099;58;378;75015;3316000;0;3316000;2020-05-08;2020-05-18;2020-05-22
35100;22;13970;30008;4104000;0;4104000;2019-06-05;2019-06-16;2019-06-28
35103;23;4971;91013;463000;0;463000;2019-12-01;2019-12-12;2019-12-19
35104;21;6211;78916;1114000;0;1114000;2020-04-16;2020-04-18;2020-04-29
35120;37;3271;74312;7216000;11200;7204800;2019-10-14;2019-10-21;2019-11-04
35124;11;13637;22994;1237000;0;1237000;2020-01-24;2020-01-27;2020-02-07
35140;59;4887;44685;150000;0;150000;2020-04-15;2020-04-21;2020-04-25
35150;34;6416;42966;1258000;0;1258000;2019-12-17;2019-12-23;2020-01-04
35164;50;8542;00922;1369000;250800;1118200;2019-11-11;2019-11-25;2019-11-27
35165;6;8567;71159;6980000;0;6980000;2019-08-09;2019-08-18;2019-08-24
35170;18;999;40570;1359000;0;1359000;2019-12-05;2019-12-16;2019-12-25
35174;30;14642;43913;1200000;0;1200000;2019-12-16;2019-12-26;2020-01-09
35205;35;2015;55185;765000;0;765000;2020-02-21;NA;NA
35217;25;13943;76547;3745000;0;3745000;2019-10-25;2019-10-26;2019-11-05
35225;56;526;57802;154000;0;154000;2019-09-20;NA;NA
35229;19;15955;17549;264000;0;264000;2020-01-25;2020-02-01;2020-02-08
35233;11;5295;68081;3009000;0;3009000;2020-05-03;NA;NA
35235;3;12615;31968;129000;0;129000;2020-01-30;2020-02-01;2020-02-07
35237;33;14319;41688;1025000;0;1025000;2019-10-02;2019-10-05;2019-10-05
35242;9;3137;91115;437000;600;436400;2020-05-26;2020-05-29;2020-05-30
35246;6;8312;94478;329000;0;329000;2019-11-18;2019-11-22;NA
35248;6;8464;85835;2688000;0;2688000;2020-02-26;2020-02-28;2020-03-03
35252;54;5166;55996;3163000;0;3163000;2019-12-02;2019-12-09;2019-12-12
35257;14;5560;89610;440000;0;440000;2019-07-05;2019-07-18;2019-07-26
35259;38;9854;20858;90000;0;90000;2019-11-19;2019-11-24;2019-12-04
35278;23;6019;79192;1044000;0;1044000;2019-03-16;2019-03-23;2019-04-02
35279;57;12230;98256;12928000;0;12928000;2020-01-15;2020-01-21;2020-02-02
35283;57;11394;80757;416000;0;416000;2019-12-12;2019-12-23;2019-12-30
35292;30;10465;86106;888000;0;888000;2020-01-11;NA;NA
35302;56;2655;11154;488000;0;488000;2019-07-02;2019-07-13;2019-07-23
35306;57;976;61518;1260000;252000;1008000;2019-02-02;2019-02-13;2019-02-21
35310;53;5744;73716;1345000;0;1345000;2020-05-11;2020-05-18;2020-05-22
35314;64;2212;42873;4796000;0;4796000;2020-05-12;2020-05-25;2020-06-04
35320;7;9865;54444;1398000;0;1398000;2020-04-22;2020-05-02;2020-05-14
35328;1;9862;51355;1248000;0;1248000;2019-03-31;2019-04-12;2019-04-15
35329;42;17312;26561;589000;0;589000;2019-12-23;2020-01-05;2020-01-09
35332;7;3405;91655;1012000;0;1012000;2019-12-05;NA;NA
35337;20;1270;70994;1980000;11500;1968500;2020-04-22;2020-04-23;2020-04-30
35339;30;675;06547;1160000;0;1160000;2019-07-20;2019-08-01;2019-08-06
35344;52;10405;44126;600000;0;600000;2019-04-25;2019-05-03;2019-05-08
35371;13;5615;12611;216000;0;216000;2020-01-31;2020-02-12;2020-02-12
35375;65;2540;34706;1188000;0;1188000;2019-09-29;2019-10-01;2019-10-06
35380;42;4596;37438;1110000;0;1110000;2019-12-12;2019-12-19;2019-12-22
35384;64;11948;09317;3794000;0;3794000;2020-02-17;2020-02-25;2020-03-02
35394;8;7101;14742;544000;0;544000;2020-02-15;2020-02-17;2020-02-23
35410;44;14790;78316;752000;0;752000;2020-04-10;2020-04-21;NA
35416;45;14775;11308;1540000;0;1540000;2020-02-21;2020-03-02;2020-03-02
35419;28;3332;83138;17910000;0;17910000;2020-05-27;2020-05-29;2020-06-06
35436;39;8486;99783;711000;0;711000;2019-04-23;2019-05-01;2019-05-13
35437;12;8767;37668;324000;0;324000;2019-06-05;2019-06-14;2019-06-28
35439;28;9953;79996;24000;0;24000;2019-05-13;NA;NA
35445;59;5969;48264;1490000;0;1490000;2020-03-13;2020-03-14;2020-03-28
35446;23;11454;32105;1624000;0;1624000;2020-03-06;2020-03-20;2020-03-28
35448;29;2738;24022;286000;0;286000;2019-03-06;2019-03-13;2019-03-24
35450;11;16368;88749;1386000;0;1386000;2020-01-28;2020-02-01;2020-02-06
35451;29;3979;02645;744000;0;744000;2020-02-10;2020-02-14;2020-02-16
35473;45;14742;95745;1608000;0;1608000;2020-03-29;2020-04-05;2020-04-12
35489;64;5011;93714;2255000;0;2255000;2019-09-22;2019-10-04;2019-10-07
35493;44;16418;45258;266000;0;266000;2019-11-25;2019-12-08;2019-12-13
35497;58;8121;23028;3897000;0;3897000;2019-07-09;2019-07-21;NA
35505;37;3959;84810;1528000;0;1528000;2020-03-25;2020-03-27;2020-03-31
35522;16;14126;53286;93000;0;93000;2020-04-12;2020-04-24;2020-04-27
35524;52;16904;21688;2010000;0;2010000;2019-12-19;2019-12-30;2020-01-02
35525;27;6440;87997;5190000;0;5190000;2019-11-22;2019-11-30;2019-12-08
35536;51;10088;66755;1204000;0;1204000;2020-05-18;2020-05-21;2020-05-22
35537;6;1002;50229;478000;0;478000;2019-12-29;2020-01-05;NA
35545;47;16608;23034;1091000;0;1091000;2019-12-16;2019-12-22;2020-01-02
35552;54;7058;23835;3468000;0;3468000;2020-01-01;2020-01-15;2020-01-26
35557;39;2057;87342;498000;0;498000;2020-02-23;2020-03-05;2020-03-13
35560;15;1578;75315;274000;0;274000;2019-12-28;2020-01-11;2020-01-25
35563;22;17909;14623;1837000;0;1837000;2019-12-21;2019-12-28;2020-01-02
35567;63;9153;45495;252000;0;252000;2019-09-19;NA;NA
35574;3;2420;87055;390000;0;390000;2020-03-04;2020-03-07;NA
35575;22;16830;01199;8778000;0;8778000;2019-12-25;NA;NA
35596;36;11113;82391;1045000;0;1045000;2019-11-20;2019-12-02;2019-12-04
35598;27;4122;57724;140000;0;140000;2019-10-22;2019-10-26;2019-11-09
35604;49;4481;19737;5758000;0;5758000;2020-03-26;2020-03-29;NA
35614;60;8645;31840;1450000;0;1450000;2020-05-21;2020-06-01;2020-06-10
35615;36;11590;72345;720000;0;720000;2019-09-29;2019-10-13;2019-10-15
35641;65;10315;00619;342000;0;342000;2020-02-19;2020-02-21;2020-02-22
35644;64;15236;76947;576000;0;576000;2019-10-31;2019-11-14;2019-11-16
35645;37;957;65027;582000;2400;579600;2020-02-26;2020-02-28;2020-03-01
35658;52;14196;51408;4995000;0;4995000;2020-04-01;2020-04-04;2020-04-10
35659;4;10784;33798;3930000;0;3930000;2019-12-30;2020-01-06;2020-01-18
35677;49;11560;12315;100000;0;100000;2019-11-08;2019-11-16;2019-11-22
35683;43;7921;69442;1584000;0;1584000;2019-10-02;2019-10-12;2019-10-17
35697;63;9706;57901;466000;0;466000;2019-07-08;2019-07-22;2019-08-02
35707;48;10080;93890;1047000;0;1047000;2020-05-23;2020-06-04;2020-06-07
35709;18;13157;23480;204000;0;204000;2019-12-30;2020-01-11;2020-01-17
35721;68;13766;83779;44000;0;44000;2020-01-13;2020-01-25;NA
35755;43;15457;34413;190000;47500;142500;2019-12-22;2019-12-31;2020-01-12
35759;29;15741;16183;553000;0;553000;2019-10-02;2019-10-07;2019-10-21
35761;18;9355;63322;3324000;0;3324000;2020-04-19;2020-04-21;2020-05-03
35773;26;13645;99714;168000;0;168000;2019-05-04;NA;NA
35774;46;8032;31463;20000;0;20000;2019-07-28;2019-08-11;2019-08-17
35775;52;9430;08635;78000;0;78000;2019-12-08;2019-12-15;2019-12-18
35776;65;3239;31600;741000;0;741000;2019-12-17;2019-12-24;2019-12-28
35778;43;2080;89216;80000;0;80000;2020-05-13;2020-05-20;2020-05-23
35781;40;6324;79948;502000;0;502000;2020-04-04;2020-04-07;NA
35786;53;3059;23201;1394000;0;1394000;2019-09-03;2019-09-08;NA
35789;42;7258;25263;411000;0;411000;2019-09-18;2019-09-29;2019-10-09
35792;42;571;36526;2230000;0;2230000;2020-03-12;2020-03-19;2020-03-28
35806;58;9308;07782;320000;0;320000;2019-06-16;NA;NA
35807;54;12849;79568;2813000;0;2813000;2020-04-29;2020-05-12;NA
35810;51;3624;13966;3700000;0;3700000;2019-10-27;2019-11-04;2019-11-16
35813;7;1540;03025;432000;0;432000;2019-03-20;2019-04-02;2019-04-04
35816;40;1280;93936;336000;0;336000;2020-05-05;2020-05-07;2020-05-19
35818;57;10766;60454;1092000;0;1092000;2020-04-29;NA;NA
35826;34;2030;10336;2000;0;2000;2020-03-08;2020-03-17;2020-03-31
35835;54;10714;78916;8246000;0;8246000;2020-01-19;2020-01-30;2020-02-06
35836;22;2848;11596;1700000;0;1700000;2019-11-01;2019-11-12;2019-11-19
35842;29;590;30607;3574000;220000;3354000;2019-12-30;2020-01-12;2020-01-13
35854;49;14704;93421;18000;0;18000;2019-08-10;NA;NA
35857;44;5582;58191;3034000;0;3034000;2019-06-24;2019-06-27;2019-07-07
35864;40;3032;24955;68000;0;68000;2019-09-04;NA;NA
35865;5;10468;02131;330000;0;330000;2020-04-17;2020-04-26;2020-05-10
35867;16;17540;04845;1150000;0;1150000;2020-02-06;2020-02-13;2020-02-22
35868;42;1178;62498;10060000;0;10060000;2020-05-27;2020-06-01;2020-06-02
35871;33;5042;72103;3120000;0;3120000;2020-02-12;NA;NA
35879;13;9783;02950;697000;0;697000;2020-02-05;2020-02-16;2020-02-18
35888;41;13272;93146;3410000;0;3410000;2019-11-26;2019-12-01;2019-12-15
35894;62;7094;71586;1760000;0;1760000;2019-07-14;2019-07-28;2019-08-02
35922;68;11169;27681;2886000;0;2886000;2020-04-03;2020-04-06;2020-04-12
35925;17;13914;32496;4956000;0;4956000;2020-05-20;2020-05-25;2020-06-05
35928;30;10630;18992;682000;93000;589000;2020-05-26;2020-06-01;2020-06-09
35930;27;8455;42495;1893000;0;1893000;2020-04-10;2020-04-14;2020-04-16
35950;36;8155;31071;260000;0;260000;2019-11-29;2019-12-12;2019-12-19
35951;7;2755;28942;444000;0;444000;2019-12-20;2019-12-21;2020-01-02
35956;61;12628;76563;1534000;0;1534000;2020-04-18;2020-04-22;2020-05-01
35963;12;13035;89650;4120000;0;4120000;2020-04-12;2020-04-13;2020-04-15
35979;37;5504;39816;1672000;0;1672000;2020-01-21;2020-01-24;2020-02-03
35983;62;2077;35576;1598000;0;1598000;2020-03-28;2020-04-11;2020-04-23
35989;8;13869;34982;8730000;0;8730000;2020-05-27;2020-05-30;2020-05-31
35997;46;1807;63418;24000;0;24000;2019-12-18;2019-12-31;2019-12-31
36026;67;638;56821;1845000;0;1845000;2019-12-18;2019-12-23;2020-01-06
36029;54;11902;46544;120000;0;120000;2019-09-26;2019-10-02;2019-10-08
36032;24;8085;33808;1944000;0;1944000;2020-02-05;2020-02-15;2020-02-25
36033;67;15124;17216;300000;0;300000;2019-09-26;2019-09-28;2019-10-07
36037;69;2199;29540;1743000;0;1743000;2020-01-19;NA;NA
36054;48;13586;90155;240000;0;240000;2019-03-23;2019-03-26;2019-04-02
36061;29;15356;05768;1104000;0;1104000;2020-05-29;2020-05-30;2020-06-13
36068;18;6938;24001;9050000;0;9050000;2019-11-13;2019-11-16;2019-11-17
36073;31;10061;45813;990000;0;990000;2020-05-21;2020-06-03;2020-06-06
36080;61;5210;05192;4483000;7500;4475500;2020-04-30;2020-05-10;2020-05-12
36090;31;14488;09700;1050000;0;1050000;2019-06-13;2019-06-27;2019-07-03
36092;32;3561;59050;429000;0;429000;2019-10-30;2019-11-09;2019-11-17
36096;5;2413;14042;2676000;1800;2674200;2020-05-30;2020-06-13;2020-06-16
36101;16;10014;19849;120000;0;120000;2019-09-13;2019-09-15;2019-09-18
36104;18;13732;10684;310000;0;310000;2019-12-12;2019-12-22;2020-01-05
36106;20;15156;42113;2129000;0;2129000;2020-02-04;NA;NA
36107;29;1828;00890;1330000;0;1330000;2019-04-22;2019-04-27;2019-05-01
36113;51;3865;54537;2327000;0;2327000;2020-03-23;2020-04-01;2020-04-10
36122;66;3010;91712;1338000;0;1338000;2020-03-10;2020-03-16;2020-03-18
36134;25;2002;13352;5653000;0;5653000;2020-03-22;2020-04-05;2020-04-12
36151;69;15823;32151;3015000;0;3015000;2019-12-25;2020-01-01;2020-01-10
36160;14;15074;41855;740000;0;740000;2019-11-21;2019-11-23;2019-11-29
36165;61;454;95828;1470000;0;1470000;2019-09-02;2019-09-07;2019-09-11
36175;38;14132;80718;42000;0;42000;2019-10-16;2019-10-25;2019-11-04
36176;45;6013;20595;90000;0;90000;2019-07-19;2019-07-22;2019-08-03
36180;68;14630;03638;4433000;0;4433000;2019-11-21;2019-11-24;2019-11-27
36181;19;14939;33619;440000;0;440000;2019-12-13;2019-12-26;2020-01-03
36185;45;9420;33515;104000;0;104000;2020-02-16;2020-02-25;2020-03-07
36186;66;1771;78631;273000;0;273000;2020-04-20;2020-04-23;2020-05-05
36191;18;4061;12900;195000;0;195000;2019-12-22;2020-01-03;2020-01-10
36203;40;16461;24089;384000;0;384000;2019-11-24;2019-11-27;2019-11-29
36206;6;17229;91690;192000;0;192000;2019-08-19;2019-08-26;2019-08-31
36212;36;11446;00053;264000;0;264000;2019-09-24;2019-10-06;2019-10-09
36215;24;2536;36035;1673000;0;1673000;2019-11-26;2019-12-02;2019-12-03
36217;39;11945;19849;4704000;0;4704000;2019-08-21;2019-09-04;NA
36236;63;1350;04860;84000;0;84000;2020-01-31;2020-02-12;2020-02-22
36242;58;4176;81101;18104000;0;18104000;2020-02-08;NA;NA
36248;8;17135;36449;94000;0;94000;2020-05-12;NA;NA
36257;64;3323;15931;3876000;0;3876000;2020-02-18;2020-02-23;2020-02-24
36259;41;5978;23564;2302000;13500;2288500;2020-04-28;2020-05-10;2020-05-17
36274;8;3378;53761;8312000;0;8312000;2020-03-11;2020-03-25;2020-03-25
36275;40;12470;71232;3056000;0;3056000;2020-05-02;2020-05-06;2020-05-09
36283;28;9301;49103;952000;0;952000;2019-08-19;2019-08-26;2019-08-28
36284;5;8215;31106;2180000;0;2180000;2020-03-27;2020-03-29;2020-04-07
36297;6;15118;45687;455000;0;455000;2019-12-02;2019-12-13;2019-12-22
36299;23;5281;08904;96000;0;96000;2020-05-28;2020-06-02;2020-06-16
36302;41;16816;11312;1186000;0;1186000;2019-11-20;2019-12-04;2019-12-05
36307;45;2175;02755;5475000;0;5475000;2020-04-23;2020-05-06;2020-05-15
36318;21;7035;47632;2216000;0;2216000;2020-05-11;2020-05-25;2020-06-04
36332;10;1399;76285;10653000;0;10653000;2019-11-20;2019-11-21;2019-12-01
36333;8;17166;11894;460000;0;460000;2019-12-13;2019-12-18;2019-12-21
36344;39;9884;07838;850000;0;850000;2019-08-01;2019-08-08;2019-08-13
36350;61;5844;76789;10640000;0;10640000;2019-12-31;2020-01-08;NA
36358;67;17921;13966;2835000;0;2835000;2019-07-05;2019-07-17;2019-07-27
36361;41;5711;26579;7194000;0;7194000;2019-09-05;2019-09-12;2019-09-19
36373;55;190;00329;506000;0;506000;2019-12-04;2019-12-16;2019-12-20
36375;32;15135;19694;484000;0;484000;2019-12-08;2019-12-21;2020-01-02
36393;17;289;32634;90000;0;90000;2019-06-07;2019-06-12;2019-06-19
36395;7;15860;70572;444000;0;444000;2020-05-25;2020-06-06;2020-06-15
36396;11;4550;29606;195000;0;195000;2019-08-15;2019-08-19;2019-08-31
36399;10;1081;24912;180000;0;180000;2020-05-21;2020-05-23;2020-06-02
36413;30;1868;89356;504000;0;504000;2019-11-06;2019-11-17;2019-11-27
36415;47;14805;92759;40000;0;40000;2019-06-09;2019-06-19;2019-06-29
36416;36;13118;08089;398000;28000;370000;2020-05-26;2020-06-06;2020-06-13
36420;18;15080;52991;20000;0;20000;2019-11-10;2019-11-24;NA
36424;38;15585;45444;2103000;0;2103000;2020-01-12;2020-01-21;2020-01-28
36433;19;16039;18076;408000;0;408000;2020-03-22;2020-04-04;2020-04-05
36437;2;1421;90308;1620000;0;1620000;2020-04-28;2020-05-06;2020-05-08
36441;21;2426;45897;38000;0;38000;2019-11-21;2019-12-03;2019-12-10
36449;56;1477;52188;2850000;0;2850000;2020-03-05;2020-03-16;2020-03-27
36450;33;12913;74091;20000;0;20000;2019-07-20;NA;NA
36461;66;2716;12436;1246000;0;1246000;2020-04-22;2020-04-25;2020-04-25
36464;21;3996;41835;132000;0;132000;2020-01-27;2020-02-06;2020-02-09
36466;65;7073;24226;4290000;0;4290000;2019-06-21;2019-06-23;2019-06-23
36467;20;2593;82071;4752000;0;4752000;2019-05-12;2019-05-19;2019-05-28
36472;51;13859;32846;3046000;508400;2537600;2019-10-03;2019-10-14;2019-10-28
36478;2;17158;28369;1993000;0;1993000;2020-03-06;2020-03-17;2020-03-20
36488;26;14057;87955;48000;0;48000;2019-10-20;2019-10-28;2019-10-28
36490;5;8207;63838;1559000;0;1559000;2019-12-22;2019-12-30;2020-01-08
36493;36;9770;31702;1808000;0;1808000;2019-12-29;2020-01-06;2020-01-06
36500;28;8387;31365;2240000;0;2240000;2020-03-03;2020-03-07;2020-03-19
36509;68;870;42772;1368000;0;1368000;2019-12-03;2019-12-10;2019-12-13
36511;60;6919;43697;1885000;0;1885000;2020-05-12;2020-05-18;2020-05-23
36512;60;11627;72005;4828000;0;2380000;2020-01-18;2020-01-31;2020-02-01
36514;49;4659;69528;2954000;0;2954000;2020-04-26;2020-04-30;2020-05-10
36515;11;5495;37508;175000;0;175000;2020-03-27;NA;NA
36527;15;7873;47985;1860000;0;1860000;2019-12-31;2020-01-03;2020-01-03
36533;2;16777;70784;95000;0;95000;2019-12-04;2019-12-07;2019-12-16
36538;33;7451;86465;4358000;0;4358000;2020-02-15;NA;NA
36542;6;16887;53429;1620000;0;1620000;2020-05-05;2020-05-19;2020-05-29
36547;5;12931;91973;1531000;0;1531000;2020-05-28;2020-06-01;NA
36552;61;11942;97669;1624000;0;1624000;2019-08-13;2019-08-20;2019-08-25
36554;2;17208;99133;300000;30000;270000;2019-09-17;2019-09-26;2019-10-07
36557;26;1945;04091;854000;0;854000;2020-01-30;2020-02-12;2020-02-17
36567;9;15368;91859;3800000;0;3800000;2019-11-09;2019-11-15;2019-11-21
36570;42;10461;40427;3004000;0;3004000;2020-03-25;2020-03-27;2020-04-08
36571;2;12675;48809;2040000;0;2040000;2020-02-27;2020-03-08;2020-03-19
36574;68;1839;77036;24000;0;24000;2019-04-08;2019-04-22;2019-04-30
36575;1;12682;63783;918000;0;918000;2019-07-18;2019-07-23;2019-08-02
36579;17;4814;39807;1864000;14400;1849600;2020-02-22;2020-02-26;2020-03-06
36583;57;15989;95727;324000;0;324000;2019-08-10;2019-08-14;2019-08-20
36584;16;9869;78150;3158000;0;3158000;2020-05-17;2020-05-28;2020-06-04
36589;50;11880;01301;1715000;0;1715000;2019-10-05;NA;NA
36618;49;6773;97462;1599000;0;1599000;2020-02-17;2020-02-25;2020-02-27
36622;66;3750;27467;7418000;0;7418000;2019-11-13;2019-11-25;2019-11-28
36631;10;3759;04807;13660000;26000;13634000;2020-05-04;2020-05-15;2020-05-24
36636;9;4828;14228;9344000;0;9344000;2020-02-24;NA;NA
36637;40;11479;24666;1698000;86000;1612000;2020-05-08;2020-05-10;2020-05-18
36648;44;3932;30941;240000;0;240000;2019-12-22;2020-01-01;2020-01-03
36654;28;15080;52991;2374000;0;2374000;2019-12-25;2020-01-05;2020-01-07
36660;15;3939;09970;3300000;0;3300000;2020-05-21;2020-05-22;2020-05-26
36664;26;17809;76581;866000;0;866000;2019-12-22;2019-12-25;NA
36680;35;9130;02062;520000;0;520000;2020-03-03;2020-03-06;NA
36709;35;10526;31562;448000;0;448000;2020-04-20;2020-04-25;2020-05-09
36711;42;14736;90723;1303000;0;1303000;2020-01-02;2020-01-04;2020-01-15
36730;63;1016;42583;120000;0;120000;2019-09-11;2019-09-21;2019-09-23
36736;12;10748;90060;944000;0;944000;2020-02-11;2020-02-20;2020-02-22
36745;34;16825;74883;286000;0;286000;2019-11-22;2019-11-27;2019-12-01
36753;19;6079;99492;2410000;0;2410000;2020-04-02;2020-04-10;2020-04-21
36755;7;3102;71150;216000;0;216000;2019-04-06;2019-04-17;2019-04-22
36757;59;11470;56112;4074000;0;4074000;2019-12-13;2019-12-26;2019-12-28
36761;8;6977;38462;36000;0;36000;2019-07-21;2019-08-02;2019-08-02
36762;39;2273;12418;1200000;0;1200000;2019-03-30;2019-04-06;2019-04-06
36766;29;17136;02950;2736000;0;2736000;2019-09-16;2019-09-18;2019-09-24
36781;61;7126;65887;7939000;0;7939000;2020-04-10;2020-04-17;2020-04-20
36786;67;4780;04280;4921000;0;4921000;2020-04-28;2020-05-02;2020-05-03
36794;58;4718;54851;4089000;0;4089000;2020-01-07;2020-01-09;2020-01-23
36804;4;7843;75603;1554000;0;1554000;2019-10-05;NA;NA
36805;2;57;50656;275000;0;275000;2020-05-04;2020-05-06;2020-05-14
36810;15;17199;57846;140000;0;140000;2019-11-05;2019-11-17;2019-11-24
36821;6;46;77851;5156000;765000;4391000;2019-07-30;2019-07-31;2019-08-09
36825;42;10990;94907;2630000;0;2630000;2019-09-23;2019-09-26;2019-09-26
36827;15;733;35984;368000;0;368000;2019-12-20;2020-01-03;2020-01-06
36830;34;15599;77949;1480000;0;1480000;2020-05-31;2020-06-01;NA
36831;68;15752;20255;48000;0;48000;2019-11-23;2019-11-29;2019-12-09
36833;53;10021;73594;261000;52200;208800;2019-12-13;2019-12-27;2019-12-27
36836;26;13087;97945;550000;0;550000;2019-06-21;2019-07-01;2019-07-12
36842;36;4276;32840;509000;0;509000;2020-04-02;2020-04-06;2020-04-18
36849;46;14741;85299;1450000;0;1450000;2019-11-02;2019-11-12;2019-11-14
36858;13;16053;45800;4130000;0;4130000;2020-04-24;2020-04-27;2020-04-30
36860;16;4795;17064;260000;0;260000;2020-04-09;2020-04-18;2020-04-23
36864;43;2253;43552;1180000;0;1180000;2020-01-20;2020-01-22;2020-01-27
36873;31;16681;53382;1780000;0;1780000;2019-10-09;NA;NA
36881;34;2756;87238;1596000;76000;1520000;2020-04-11;NA;NA
36884;3;16348;62511;942000;0;942000;2020-03-16;2020-03-30;2020-04-10
36887;62;1284;36106;148000;0;148000;2019-07-26;2019-08-01;NA
36888;51;11614;75991;575000;0;575000;2020-03-27;2020-03-28;2020-04-06
36891;69;4336;90135;1452000;0;1452000;2020-02-19;2020-02-27;2020-02-29
36892;44;8762;19091;7722000;0;7722000;2020-03-05;2020-03-18;2020-03-24
36894;32;17692;49907;2925000;0;2925000;2020-03-14;2020-03-18;2020-03-22
36904;24;1776;83883;360000;0;360000;2019-06-25;2019-07-06;2019-07-18
36908;24;1642;63890;6000;0;6000;2019-10-02;2019-10-04;2019-10-13
36910;30;10959;25400;22639000;123200;22515800;2020-02-29;2020-03-06;2020-03-20
36921;15;4043;47501;1362000;0;1362000;2020-05-24;NA;NA
36925;55;17463;34717;160000;0;160000;2019-10-21;NA;NA
36928;42;9843;89618;6124000;0;6124000;2020-04-28;2020-05-09;NA
36931;46;9924;72867;240000;0;240000;2019-10-24;2019-11-05;2019-11-05
36934;47;1250;23218;490000;0;490000;2020-03-29;2020-04-07;2020-04-11
36943;41;17828;02127;6991000;0;6991000;2020-04-12;2020-04-19;2020-04-27
36955;63;12385;35519;510000;0;510000;2020-04-28;2020-04-29;2020-05-10
36979;11;1616;98048;5215000;0;5215000;2020-04-22;NA;NA
37005;5;9351;86289;114000;0;114000;2019-10-18;2019-10-25;2019-11-04
37010;32;14700;35576;430000;0;430000;2019-10-03;2019-10-10;2019-10-19
37011;35;1958;44088;144000;0;144000;2019-10-25;2019-10-26;2019-10-31
37013;64;9474;33668;648000;0;648000;2020-01-11;2020-01-17;2020-01-20
37015;58;13023;56672;3392000;0;3392000;2020-04-07;2020-04-08;2020-04-10
37019;44;7510;58639;672000;0;672000;2020-05-21;2020-06-01;2020-06-13
37025;21;11742;34284;1846000;0;1846000;2019-10-30;2019-11-10;2019-11-17
37032;20;386;27711;3404000;0;3404000;2019-11-09;NA;NA
37033;2;13321;18075;1488000;0;1488000;2020-03-11;2020-03-16;2020-03-24
37034;15;10401;25909;286000;0;286000;2020-01-26;2020-01-28;2020-01-31
37041;27;6368;87559;228000;0;228000;2019-10-02;2019-10-16;2019-10-28
37051;14;1616;22530;7383000;0;7383000;2020-05-26;2020-06-01;2020-06-12
37053;28;13922;26871;1340000;0;1340000;2020-05-13;2020-05-15;2020-05-22
37058;31;16747;23764;943000;0;943000;2019-05-19;2019-05-24;2019-06-02
37077;56;11140;59827;12350000;0;12350000;2019-06-21;2019-07-02;2019-07-11
37090;56;1049;09847;504000;0;504000;2019-12-06;2019-12-16;NA
37093;3;17211;77136;2416000;0;2416000;2020-05-13;2020-05-21;2020-05-28
37103;52;478;26887;104000;0;104000;2019-04-13;2019-04-25;2019-05-06
37108;21;6745;51087;2565000;513000;2052000;2019-03-24;2019-04-05;2019-04-17
37116;67;14063;17217;5680000;0;5680000;2020-01-20;2020-01-27;2020-02-05
37140;37;12739;31770;90000;0;90000;2019-11-13;2019-11-21;2019-11-23
37141;19;4727;90386;9880000;0;9880000;2019-12-12;2019-12-15;2019-12-25
37144;45;12883;09831;551000;0;551000;2019-04-09;2019-04-14;2019-04-17
37154;34;4052;69296;3280000;0;3280000;2020-05-28;2020-06-09;2020-06-09
37155;42;10439;66504;306000;0;306000;2019-11-19;2019-11-28;2019-12-01
37161;21;10241;01097;2176000;0;2176000;2019-04-25;2019-05-04;2019-05-13
37165;24;4188;48784;1400000;0;1400000;2020-02-16;2020-02-21;2020-02-25
37170;55;3189;66945;2322000;0;2322000;2020-05-24;2020-05-31;2020-06-08
37177;26;12511;37989;1901000;0;1901000;2020-04-28;2020-05-08;2020-05-09
37179;58;8381;68862;910000;0;910000;2019-11-16;2019-11-28;2019-12-07
37182;61;10322;08741;216000;0;216000;2019-10-31;2019-11-02;2019-11-14
37183;40;5075;06021;500000;0;500000;2020-03-28;2020-03-31;2020-04-01
37186;5;5277;97923;2886000;0;2886000;2020-04-08;2020-04-10;2020-04-18
37197;8;10437;03733;1439000;0;1439000;2020-05-18;2020-05-19;2020-05-20
37198;16;17889;19943;304000;0;304000;2019-12-19;2019-12-28;2019-12-29
37205;4;8480;34982;1584000;316800;1267200;2019-08-18;2019-08-31;2019-09-09
37222;9;11867;84262;416000;0;416000;2019-09-08;2019-09-15;2019-09-16
37226;40;5542;77637;909000;0;909000;2019-09-08;NA;NA
37238;40;7054;77487;2937000;0;2937000;2020-03-21;2020-03-25;2020-04-03
37241;9;11506;49674;1728000;0;1728000;2019-01-23;2019-02-06;2019-02-12
37246;67;9275;88504;1537000;0;1537000;2020-05-18;2020-05-21;2020-05-31
37255;26;14391;15371;319000;0;319000;2019-12-19;2019-12-28;2020-01-01
37257;60;14219;70317;1572000;0;1572000;2020-01-23;2020-01-24;2020-02-03
37269;44;891;66811;3743000;0;3743000;2020-02-10;2020-02-15;2020-02-27
37274;35;5896;13378;3923000;0;3923000;2019-11-01;2019-11-12;2019-11-17
37285;52;11588;60836;2448000;0;2448000;2020-05-29;2020-06-07;2020-06-09
37291;6;7889;35061;985000;0;985000;2019-10-21;2019-10-31;2019-11-07
37296;38;5330;63914;1601000;0;1601000;2020-03-29;2020-04-08;NA
37298;43;12970;97856;1009000;0;1009000;2020-02-28;2020-03-13;2020-03-24
37300;61;14346;47505;189000;0;189000;2020-05-14;2020-05-25;2020-05-28
37301;20;5304;58673;2516000;0;2516000;2020-04-26;2020-05-07;2020-05-12
37303;31;12654;39607;1225000;0;1225000;2019-11-29;2019-12-10;2019-12-21
37304;69;8473;16535;5231000;4000;5227000;2020-03-06;2020-03-18;2020-03-26
37307;63;509;39956;693000;0;693000;2019-12-16;2019-12-30;2020-01-05
37309;2;5149;91557;2259000;0;2259000;2020-04-10;2020-04-12;2020-04-22
37324;23;13975;53939;40000;4000;36000;2020-02-25;2020-03-01;2020-03-12
37326;8;12662;88416;412000;0;412000;2020-05-25;2020-05-29;2020-06-09
37341;69;10195;97268;782000;0;782000;2019-11-14;2019-11-16;2019-11-18
37343;23;9378;97755;1572000;0;1572000;2020-05-30;2020-06-12;2020-06-21
37345;32;17892;78045;476000;0;476000;2020-04-03;2020-04-04;2020-04-13
37359;34;10927;13960;1768000;0;1768000;2020-04-02;2020-04-12;2020-04-22
37367;50;15102;37101;1647000;0;1647000;2019-12-06;2019-12-07;2019-12-12
37381;13;11310;80622;1276000;0;1276000;2020-01-06;2020-01-14;2020-01-18
37386;62;13070;91987;228000;0;228000;2019-10-09;2019-10-23;2019-11-02
37401;13;2724;33535;330000;0;330000;2019-07-19;2019-07-31;2019-08-07
37404;18;4199;05403;768000;0;768000;2020-05-21;2020-05-31;2020-05-31
37407;22;13615;53078;585000;0;585000;2020-01-31;2020-02-02;NA
37408;58;6724;71507;16000;0;16000;2019-06-27;2019-07-01;NA
37421;35;2662;04904;250000;0;250000;2020-01-03;2020-01-09;2020-01-14
37424;38;3123;33011;2059000;0;2059000;2020-05-30;2020-06-02;2020-06-14
37436;68;14899;05561;1835000;0;1835000;2020-03-16;2020-03-27;2020-04-07
37437;35;10876;74466;2620000;0;2620000;2019-12-16;2019-12-26;2020-01-02
37449;4;9889;39868;1899000;0;1899000;2020-04-02;2020-04-05;2020-04-11
37453;22;1294;34176;42000;0;42000;2019-11-24;2019-12-07;2019-12-17
37461;2;10009;89889;1417000;105000;1312000;2020-03-15;2020-03-18;2020-03-22
37462;58;13863;59679;725000;0;725000;2019-07-02;2019-07-08;NA
37464;58;13067;30190;1350000;0;1350000;2019-11-13;2019-11-19;NA
37465;17;3920;84810;162000;0;162000;2020-03-21;NA;NA
37477;66;8114;80624;5370000;0;5370000;2020-04-12;2020-04-17;2020-04-27
37481;24;1827;01160;2104000;0;2104000;2019-09-30;2019-10-13;2019-10-25
37482;22;17333;88370;1152000;0;1152000;2020-04-26;2020-04-27;2020-05-11
37484;47;13164;92536;1188000;0;1188000;2019-05-13;2019-05-14;2019-05-23
37491;68;9387;60855;2696000;0;2696000;2019-11-27;2019-12-08;2019-12-15
37498;39;7364;96252;210000;31500;178500;2019-12-25;2019-12-29;2020-01-07
37505;15;10212;34245;7075000;0;7075000;2020-05-31;2020-06-06;2020-06-07
37513;15;6082;61220;2672000;0;2672000;2020-03-16;2020-03-29;2020-04-02
37518;22;6214;10369;3011000;0;3011000;2019-12-21;2020-01-04;2020-01-12
37519;40;4760;64873;768000;0;768000;2019-07-09;2019-07-13;2019-07-18
37534;57;16010;26911;3043000;396000;2647000;2020-05-16;2020-05-22;NA
37542;40;10503;57374;1185000;0;1185000;2020-05-25;2020-06-07;2020-06-13
37548;20;15946;82027;288000;57600;230400;2019-11-20;2019-11-30;2019-12-01
37549;30;16875;25585;6498000;0;6498000;2020-05-26;2020-06-03;NA
37567;35;16233;99323;2460000;0;2460000;2019-12-06;2019-12-07;2019-12-13
37569;45;6344;21029;210000;0;210000;2020-03-05;2020-03-15;2020-03-20
37575;59;16717;13508;13130000;2442000;10688000;2020-02-10;2020-02-21;2020-02-24
37577;48;7423;93649;397000;0;397000;2020-05-08;2020-05-12;NA
37578;43;770;88289;1508000;0;1508000;2019-10-15;2019-10-19;2019-10-24
37582;10;16428;36202;1125000;0;1125000;2019-08-29;2019-09-01;2019-09-04
37585;56;16255;54996;360000;54000;306000;2019-08-14;2019-08-22;2019-08-24
37591;61;14263;99095;741000;0;741000;2020-02-27;2020-03-09;2020-03-12
37596;41;16900;71758;4531000;0;3088000;2020-05-27;2020-05-31;2020-06-02
37604;69;10920;66868;1749000;0;1749000;2019-12-17;2019-12-22;2020-01-05
37608;46;9368;81887;18000;0;18000;2019-07-22;2019-08-02;2019-08-07
37610;50;6953;57715;348000;0;348000;2019-10-01;2019-10-14;2019-10-23
37611;3;13321;99553;188000;0;188000;2020-04-10;2020-04-19;2020-04-26
37634;8;10329;46187;104000;10400;93600;2019-09-21;2019-10-04;2019-10-12
37636;5;10563;17964;3558000;0;3558000;2020-05-06;2020-05-17;2020-05-22
37644;12;7652;33524;1890000;0;1890000;2019-12-29;2020-01-03;2020-01-13
37645;65;8200;29457;4872000;0;4872000;2020-05-16;2020-05-19;2020-05-25
37649;54;16359;28554;455000;0;455000;2019-10-22;2019-10-28;2019-11-11
37656;43;657;27099;1770000;0;1770000;2020-05-05;2020-05-07;2020-05-21
37659;1;13664;58334;644000;0;644000;2019-11-22;2019-11-26;2019-11-30
37677;23;13722;88821;7045000;0;7045000;2020-05-23;2020-06-05;2020-06-11
37696;49;11113;19963;306000;0;306000;2019-09-12;2019-09-21;2019-09-25
37702;14;4888;07818;72000;0;72000;2019-02-26;2019-03-09;NA
37703;47;3439;24568;962000;0;962000;2019-09-23;2019-10-07;2019-10-08
37708;26;17670;96652;4099000;0;4099000;2020-05-21;2020-06-04;2020-06-11
37712;30;7887;79102;168000;0;168000;2020-04-04;2020-04-15;2020-04-24
37715;31;9725;65686;782000;0;782000;2019-07-24;2019-07-30;2019-08-02
37723;46;6122;95175;512000;0;512000;2019-09-28;2019-10-08;2019-10-13
37727;61;539;63854;2082000;0;2082000;2020-01-22;2020-02-02;2020-02-14
37739;63;4173;04465;368000;0;368000;2020-04-14;2020-04-22;2020-04-22
37741;52;8264;03925;1361000;0;1361000;2020-01-31;2020-02-06;2020-02-14
37742;56;14228;64886;3268000;0;3268000;2020-03-24;2020-03-30;2020-04-05
37748;68;17666;04204;48000;0;48000;2019-11-15;2019-11-28;2019-12-12
37783;17;4612;20384;3857000;0;3857000;2020-05-07;2020-05-10;2020-05-18
37792;7;9725;69774;870000;0;870000;2020-05-11;NA;NA
37799;21;12090;38874;3362000;0;3362000;2019-11-11;2019-11-12;2019-11-24
37802;66;137;88628;3676000;0;3676000;2020-05-07;2020-05-17;2020-05-26
37806;58;2859;78334;2296000;0;2296000;2020-03-29;2020-04-04;2020-04-14
37831;46;5589;17869;364000;0;364000;2019-08-13;2019-08-24;NA
37834;27;8153;05115;890000;0;890000;2019-10-06;2019-10-20;2019-10-26
37839;26;16586;05028;1981000;12200;1968800;2019-12-04;2019-12-13;2019-12-22
37843;22;14;02768;748000;0;748000;2020-05-31;2020-06-01;2020-06-13
37844;19;17053;72776;3700000;0;3700000;2019-10-24;2019-11-03;NA
37850;18;16741;59270;70000;0;70000;2019-08-23;2019-09-06;2019-09-13
37856;51;10113;54798;518000;0;518000;2019-12-20;2019-12-27;2020-01-03
37881;5;2006;44000;225000;0;225000;2020-01-11;NA;NA
37882;10;2906;98062;91000;0;91000;2020-03-21;2020-03-31;2020-04-11
37883;33;11025;20415;2994000;0;2994000;2020-04-19;2020-04-25;2020-05-06
37888;37;9528;05722;205000;0;205000;2019-09-25;2019-10-09;2019-10-10
37901;9;140;20637;858000;0;858000;2019-12-12;2019-12-24;2019-12-29
37908;44;7328;73080;2444000;0;2444000;2020-04-30;2020-05-01;2020-05-01
37912;33;788;64978;2620000;0;2620000;2019-09-22;2019-09-28;2019-10-04
37923;16;7667;50533;305000;0;305000;2019-11-23;2019-11-26;2019-11-28
37934;3;17210;06189;88000;0;88000;2019-09-21;2019-09-27;2019-10-05
37943;20;3858;71159;2434000;0;2434000;2020-05-15;NA;NA
37945;66;14970;20666;872000;0;872000;2020-04-17;2020-04-25;2020-05-03
37946;16;8903;60132;1815000;0;1815000;2020-04-12;2020-04-26;NA
37950;7;1568;46723;24000;0;24000;2019-03-12;2019-03-25;2019-03-27
37960;61;9059;42344;5097000;0;5097000;2020-01-26;2020-01-30;2020-01-31
37969;10;12212;45035;264000;0;264000;2020-03-10;2020-03-24;2020-04-01
37970;62;4276;32840;1763000;0;1763000;2019-12-18;2019-12-20;2019-12-30
37975;29;15219;82719;51000;0;51000;2019-10-31;2019-11-11;2019-11-11
37978;30;3570;53556;436000;0;436000;2019-12-19;2019-12-25;2020-01-04
37982;13;11365;36895;1028000;147000;881000;2019-10-28;2019-11-07;2019-11-14
38000;34;7816;55720;894000;0;894000;2020-04-20;2020-04-28;2020-05-09
38015;20;8991;10592;900000;0;900000;2019-06-10;NA;NA
38017;36;1245;67242;1023000;0;1023000;2020-04-29;2020-05-07;2020-05-18
38020;8;2873;46379;24000;0;24000;2019-10-22;2019-11-04;2019-11-05
38022;66;17198;96504;11435000;0;11435000;2020-02-20;2020-02-28;2020-03-09
38025;38;5652;53161;3210000;0;3210000;2020-01-04;2020-01-11;2020-01-17
38031;4;1117;75085;2501000;0;2501000;2019-12-10;2019-12-13;2019-12-13
38042;42;7162;01674;8610000;0;8610000;2020-02-25;2020-03-03;2020-03-10
38043;1;16731;53314;1110000;0;1110000;2019-04-11;2019-04-13;2019-04-14
38054;1;610;67244;210000;0;210000;2020-01-07;2020-01-08;2020-01-11
38055;57;1895;82808;519000;0;519000;2019-10-07;2019-10-17;2019-10-27
38057;20;4147;18931;7410000;798000;6612000;2020-01-24;2020-02-03;2020-02-11
38067;24;2538;88593;2264000;512400;1751600;2019-09-21;2019-09-23;2019-09-26
38089;3;5194;95413;19682000;0;19682000;2020-03-08;2020-03-10;2020-03-20
38104;31;2454;05787;663000;0;663000;2019-10-19;2019-10-31;2019-11-07
38121;55;3530;13917;2780000;0;2780000;2020-05-12;2020-05-23;2020-05-27
38123;30;12279;56874;70000;0;70000;2019-12-08;2019-12-21;2019-12-24
38126;50;15755;98756;800000;0;800000;2019-10-05;2019-10-09;2019-10-23
38131;10;14888;85488;114000;0;114000;2019-06-26;2019-07-05;2019-07-16
38140;12;808;53417;491000;0;491000;2020-05-13;2020-05-23;2020-05-24
38144;1;5524;93333;942000;0;942000;2020-02-26;2020-03-09;2020-03-11
38147;38;16514;34958;945000;0;945000;2020-01-31;2020-02-12;NA
38149;59;8451;02691;515000;0;515000;2019-11-29;2019-12-04;2019-12-16
38152;4;17286;57897;1596000;0;1596000;2019-11-11;2019-11-16;2019-11-21
38155;7;13844;57383;663000;0;663000;2019-06-16;2019-06-30;2019-07-12
38157;68;17029;66231;410000;0;çÝ=ãÊ×¬¢h­µçLNKLËLŽNÌŒNKLËLŽBŒLÍŽÎÌLÌÎMÎMLÌLŽÌÌMLÌÌÌMLÌŒNKLL‹LNÓNÓBŒLÍÎÍMÎÌMÎNÌÍŒNÎLÌÎLÌŒNKLKLÌŒNKLKLMNÌŒNKLKLMÂŒLÍÌNÌMÎÍLŽÌMÍŽÍŒÌÍŒÌŒŒLLÌŒŒLLMÌŒŒLLŒLÍÌŽÍÎÌMŒMNÍMNMŽÌMÌŒÌÌMÌŒÌŒNKL‹LŽÌŒNKL‹LŽNÌŒNKLËLBŒLÍÎÌŒÎÍNMÍÍÍLÌŒLÌÌŒLÌŒŒLKLÌŒŒLKLLNÌŒŒLKLNBŒLÎNNÍÌLMÎMMNNÌLLÌÌLLÌŒNKLLKLŒNÌŒNKLLKLŽNÌŒNKLL‹LBŒMNÎÌLÍMÍŒÎÍLLÌÍLLÌŒŒLËLNÌŒŒLËLŽÓBŒMÌLŽÌMÍLÍŒLÍMNLÌÍMNLÌŒŒLLŒŽÌŒŒLLNÌŒŒLKL‚ŒMNÌMÎÎMÍÍŽÎNNÌLNÌÌLNÌŒŒLKLLNÌŒŒLKLNNÌŒŒLKLNBŒMŽÍNÌMŒŒNÎNÍÌŒÌÍÌŒÌŒNKLLKLŽÌŒNKLL‹LLŽÌŒNKLL‹LL‚ŒMNÌNÌMÎÌŽNÎNÎLÌÎLÌŒNKLLLŒNÌŒNKLLLŽÌŒNKLLKLŒMNNÌMNÌÌÎÌÍMÎÌŽÌÌŽÌŒNKLL‹LŽÌŒNKLL‹LŽNÌŒŒLKLL‚ŒMŒÎÌLÌLÎMŽÎNLŽÌÍLÍŒÌÍÌŒNKLL‹LNÌŒNKLL‹LMÌŒNKLL‹L‚ŒMÌÎÍMNÌLÎMÎLÎMŒÌLLNÌÌLLNÌŒŒLKLÌÌŒŒL‹LLÌŒŒL‹LNBŒMŽÍLÌMMŽLÎÌMŒŒŽÍLŽÌÍLŽÌŒNKLËLŒŽÓNÓBŒMÎÌLŽÌLŽNMÍŒLMŽÌÌÌÌŒNKLKLÌÌŒNKLLLMÌŒNKLLLŒŒMLÎÍŽÌÍÍÎÍŒŽÎNÌLÌÌÌLÌÌŒŒLLNÌŒŒLLÌŒŒLLŒ‚ŒMMÌÌÎÌLMÎNÎÍŒÌÎMLÍLÍMLÌŒNKLLLLÎÌŒNKLLLÌŒNKLLLÌBŒMMÎÍNÌLŽÌÍŒMÎÌNNNÌÌNNNÌŒNKLKLŽÌŒNKLLLÌŒNKLLLŒMNÌMNÎNNÍLÍÎÌNLŒÌÌNLŒÌŒNKLLKLMÌŒNKLLKLNÌŒNKLL‹LŒMNNÌÎÌLŽÍNNLÎÌLŒÌÌÌLŒÌÌŒŒLLLNÌŒŒLLŒÌŒŒLLŒMŒŽÌÍNÌÌNMÎÌŒNLŒNÍLÌÍLÌŒNKLL‹LLÌŒNKLL‹LLNÌŒNKLL‹LBŒMÌNÍNÌMÌLNÎMNNÎÌÌÎÌÌŒNKLLLNÌŒNKLLLNNÓBŒMLNÌŒŽÌLÌÎÌÎNMŒÎÌÌŒÌŒÌÌÌŒÌŒÌŒNKLL‹LNÌŒNKLL‹LMÌŒNKLL‹LMÂŒMLÎÍŽÌMÌÍÍÍÎÎNÌÎNÌŒŒL‹LNÌŒŒL‹LLNÌŒŒL‹LL‚ŒMLLNÌMÎÎÌŒÎMŽÍŒÌÍŒÌŒNKLL‹LMŽÌŒNKLL‹LNÌŒNKLL‹LŽBŒMLLŽÍÎÌLMNÍÌŽLÍÎÎLŒŒÌÎLŒŒÌŒŒLKLNNÌŒŒLKLÌÓBŒMLNÌMNÌMMÍŽÍÍŽLNÌLLŒÌÌLLŒÌŒŒL‹LMNÌŒŒL‹LÎÌŒŒL‹LŽBŒMLÌŽÌMÌMNÍŽNÌNLÌÌNLÌŒNKLKLLÎÓNÓBŒMLÎNÌÌÌLŒMMÎÎŒŒNÌMÌÌMÌŒNKLL‹LÎÌŒNKLL‹LMÌŒNKLL‹LM‚ŒMMNÌÍÌLMŒÍŒÍÍNÌLŒÌÌLŒÌŒNKLKLNÌŒNKLKLŒÎÌŒNKLKL‚ŒMMŽÍŽÌÌÌŽÎMMÍÌLÌÌLÌŒŒLKLÎÌŒŒLKLÌŒŒLKLBŒMMLÎÌÎÍÌŽÍNÍÍÌÌÍÍÌÌŒNKLLKLÎÌŒNKLLKLÌŒNKLLKLBŒMMŽÍLÎÌMMMÌŽÌNŒÌÌNŒÌŒŒL‹LMÎÌŒŒL‹LÎÌŒŒLËLBŒMMÎÌMNÌLÍÌNÌNLŒNÌŒMÌÌÌŒMÌÌŒNKLLKLÌÌŒNKLL‹LNÌŒNKLL‹LNBŒMMÌŽÍÎÌMŒŽÎŽÌLMÌÌLMÌŒNKLKLNÌŒNKLLLNÌŒNKLLLLŒMMÍŽÍNÎLMÌÌMŽÌŽÌÌŽÌŒNKLLLŒŽÌŒNKLLKLNÌŒNKLLKL‚ŒMMÍÎÍNNÍŒŒÎNÍÌLNNÌNŒÌÌÍMŒÌMLÌŒŒLLMNÌŒŒLLŒÎÌŒŒLKLBŒMNNÍŽÌLŽNLNÎMLÎÍÌÍÌŒNKLLKLNNÌŒNKLL‹LŽÌŒNKLL‹LLBŒMNÎÍŒÌMŒLŽÌÌÌLÌÌÎÌÌÌÎÌŒŒLKLŒŽÌŒŒLKLŽÌŒŒL‹L‚ŒMŒMÌMÌLMŽÍÌŒNÍMLÌÍMLÌŒŒLKLÌŒŒL‹LŽÌŒŒL‹LŒMŒŽNÌÍNÌLMÎÎMŽŒÍÌŒLÌÍÌŒLÌŒŒLKLÌŒŒL‹LÌŒŒL‹LMBŒMNÍÎÌÌÍLNÌÌÌÎÍLÍŒÌÍLÍŒÌŒNKLL‹LŽÓNÓBŒMÎÍNNÍMÌÍLÌMLŒÌÌMLŒÌŒŒLKLNÌŒŒLKLMÌŒŒLKLMŒMLŽÍÎÌLMÎÍŒLMÍÌÍÌŒŒLKLÎÌŒŒLKLMÌŒŒLKLŒÂŒMMNÍNÍLÍLÌMŽÌLÌMŒÌÌLÌMŒÌŒŒLKLŒŽÌŒŒL‹LŽÌŒŒL‹LBŒMNÍŒÎÌÍNÎÌMLLÎÌLÎŒÌÌLÎŒÌŒNKLLÎÓNÓBŒMŽÌŽÍÌNÌÎMÌÌLÌÌLÌŒŒLKLNÌŒŒLKLÌÌŒŒL‹LÂŒMŽÌÍŽÍŽLÎÌLÌNÌŒŒÌÌŒŒÌŒNKLLKLLÌŒNKLLKLNNÌŒNKLL‹LBŒMŽÍNÎLŽÎÍÌÌLŽÌÎÌÌÎÌŒNKLL‹LÓNÓBŒMŽNÍŒŽÎLŽMŽÎLÌMÍŒMŒÌÍŒMŒÌŒNKLLKLŒÌŒNKLL‹LÌŒNKLL‹LNŒMŽMÍNÌMÍÎNÍÌÍMŒÌÍMŒÌŒŒLKLŒŽÌŒŒLKLÌNÌŒŒL‹LLBŒMŽMŽÍÎLNÍÍÌÌÎLLÌÌÎLLÌŒŒL‹LMÎÌŒŒL‹LŒNÌŒŒL‹LŒÂŒMÌNÌŒŽÎMÍÍŽÍNLŽÎÌÎÌŒŒLËLLÌŒŒLËLÌŒŒLLÂŒMÌÍŽNÌLÍÌÎÌŒŽÌMŒÌŒÌÌMŒÌŒÌŒNKLLÎÌŒNKLLÌŒNKLLL‚ŒMÌNÌLÌLÎLLNÌŒÍÎÍŒÌÌÍŒÌÌŒŒLKLLÎÌŒŒLKLÎÌŒŒL‹LBŒMÌNÌÍŽÌLÌŽÍÍŽMÎNÌÍLŒÌÌÍLŒÌŒŒLËLŽÌŒŒLËLÎÌŒŒLËLBŒMÌMÌŽÌLÍŒÍŽÎMÍÍÌŒÍLÌÌŒÍLÌŒNKLL‹LŽÌŒNKLL‹LLÌŒNKLL‹LMŒMÌNÍNÌLÍÎNÌŽÌÌÌÌŽŒÌŒŒLKLMÌŒŒLKLŒNÌŒŒL‹L‚ŒMÌÍÎÍÎÌLLNÍŽŒLNÌŽLÌÌŽLÌŒNKLLKLNNÌŒNKLLKLÌÓBŒMÍÎÌŽÍÍNÌŒŒŒÎÌŒŒÍMLÌMÌLÌŒŒLKLNNÌŒŒLKLÌŒŒL‹LÂŒMÍNÎNÌLÎÍÍLMMNÍLŒÌÍLŒÌŒŒLLŽNÌŒŒLKLLŽÌŒŒLKLNŒMÍNÍNÍÍÍMÎNLŒNÍÌÍÌŒŒLLMŽÌŒŒLLMÎÌŒŒLLŒÂŒMÍMÌMŽÌLÍNÌNLŽLÎÌŽÌÌŽÌŒNKLL‹LŒNÌŒŒLKLÌŒŒLKLMŒMÍMNÌÌÍÎÍLŒŽÌÌÍŒÌÌŒNKLLÌŒNKLLÌÌŒNKLKLBŒMÍNÌÌÎÌLLŽÍLÍLÍLŒÌÍLŒÌŒNKLKLŽÌŒNKLKLNÌŒNKLKLMBŒMÍÌNÌÌLŒMŒÎÌLMŽÌÌÌÌŒŒL‹LŒÎÌŒŒLËLŽÌŒŒLËLÂŒMÍÌÎÌÌÌLNŒŽÌMÎMŽÌÌÌÌŒŒL‹LÌŒŒL‹LLÎÌŒŒL‹LÂŒMÎMÎÍNÌMMÌŒMMŽÌŽÌÌŽÌŒNKLLLMNÌŒNKLLLNNÌŒNKLLL‚ŒMÎNNÍÌMŽÎÌNNMŽÍLÌÍLÌŒŒL‹LNÌŒŒL‹LMÎÌŒŒL‹LŒŒNŽÌŒÌLMMÍÎLŒÎLNÍÌNNÌÎŒÌŒNKLLKLŽÌŒNKLLKLMŽÌŒNKLLKLŒNNÍŽNÍLÌNÌÎNÍÍNMLÌÍNMLÌŒNKLLLNÌŒNKLLKLÌŒNKLLKLLÂŒNMÌNNÌLÍÌNÌMÎMÎÌŒÌÌÌŒÌÌŒŒLLNNÌŒŒLLŽÌŒŒLKLÂŒNŒŽÍÎÍLÎNNÎÍŒLÌÍŒLÌŒŒLKLŒNÌŒŒLKLNÌŒŒL‹LŒNÍÌÎNÍŽLÎÍÍÍÌNLŒÍÍMÌŒNKLL‹LMŽÌŒNKLL‹LŽNÌŒŒLKLŒNŽNÌÌNÌLMÍŽÌMÌÌÌÌÌÌŒNKLLLLÌŒNKLLLLŽÌŒNKLLLŒBŒNÎÌŽÎÌLNÎMMÍŒÌÍŒÌŒŒLKLÌNÌŒŒL‹LŽÌŒŒL‹LMŒNÎÍŒŽÍMÎÍMLŒÌNÌÎMLÌÌÎMLÌŒŒLKLNÓNÓBŒNÎÌŽÎÌÎLMÎNNÌŒÎMÌÌŒÎMÌŒNKL‹LŽÓNÓBŒNNÍÌMLÍÌŽÍÎNÌŽLÌÌŽLÌŒŒLLNÌŒŒLLNÌŒŒLLBŒNŽNÍMŽÌMÍÍÍÎÌNÍÌÌNÍÌŒŒLËLNNÌŒŒLËLÌÌŒŒLLLÂŒNMÌŒÎLŽÎLÌMLÌÌÌÌÌÌÌÌŒNKLKLŒŽÌŒNKLLLÎÌŒNKLLLLBŒNLŽÍÌMNÍÍŽÌÌÌÌŒNKLLLÌŒNKLLLŽNÌŒNKLLKLLŒNLNÌNÌMMÌŽÎLÌÌLLLÌÌLLLÌŒNKLËLLNÌŒNKLËLŒŽÌŒNKLLÂŒNLŒŽÍŽÎLŒŒŽÎNLLÍÎÌMLLÌÌMLLÌŒŒLKLÎÌŒŒLKLŽÌŒŒL‹LLBŒNLNÌÌNÌLNMÎÌLÍLÍÍMŒÌÍÍMŒÌŒNKLLLŒÌŒNKLLLŽNÌŒNKLLKLŒNLÌŽÍŽÌMŽMÎÍÌMÎÍŒÌÍŒÌŒNKLKLŽÌŒNKL‹LÎÌŒNKL‹LMŒNLÍÎÍNÌLLŽÎMLŽÍMÌÍMÌŒŒL‹LLŽÌŒŒL‹LÌŒŒL‹L‚ŒNMMÎÌMMŒŽÌŒÍÌÌNÌLÌÌÌÌLÌÌÌŒŒLËLŽÓNÓBŒNMNÍLŽÌLŒNÌLÌŽŽÎŒLÌÎŒLÌŒNKLKLÎÌŒNKLLLŽÌŒNKLLLMÂŒNMŽÌMÍLÎÍŒŽNMŽÍŒÌLÌÍŒÌLÌŒNKLLLNÌŒNKLLLŽÌŒNKLLL‚ŒNNÌÌNÌMŒÍÍLMNÍŽLÌÌÍŽLÌÌŒŒL‹LNNÌŒŒL‹LÎÌŒŒLËLL‚ŒNNŽÌŒÌMŒÍNÎÎMLÎÌLÌÌÌLÌÌŒŒLËLLŽÌŒŒLËLNÌŒŒLËLŽBŒNNLÎÌLŒNÎMLŽÌÎNLÌÌÎNLÌŒNKLLLLŽÓNÓBŒNNLŽÌMŽÌÍMNÌLŽÌLÌÌLÌŒŒLKLŒŽÌŒŒL‹LÎÌŒŒL‹LŒNNMŽÌŽÎLŽÎNLÎÌÎMŒÌÌÎMŒÌŒŒLLMNÌŒŒLLŽÌŒŒLKLLŒNNNNÍŒŽÌÌLNÌNLNÌÍÌÌÍÌŒŒL‹LÌŒŒL‹LÌŒŒL‹LBŒŒNÍNÌÍNÌŒÌŽÌMŽÌŽMŒÌLMÌŒNKLKLÎÌŒNKL‹LNÌŒNKL‹LBŒŒÎÍÌMŒNNÌLÍLÎMÌÌÎMÌÌŒNKLLKLLÎÌŒNKLLKLMŽÌŒNKLLKLŒŒLŽÌMÌLÌLŽÍŒMNÎLLŒÌÎLLŒÌŒŒL‹LMÌŒŒL‹LMNÌŒŒL‹LŽBŒŒMNÌLÎÌÌÍÍÎÍNŒŽÌNÌÌNÌŒŒLKLŽÌŒŒL‹LNÌŒŒL‹LL‚ŒŒMNÍNÌLŒÍÌÎÎMÍÎLŽÌÎLŽÌŒŒLLMŽÌŒŒLLŽÌŒŒLKLŒŒMŽÌÎÍÍMLNÌÌÎMÎÌÌŒLÌÌLÌÌNÌŒŒLËLMNÌŒŒLËLÎÌŒŒLL‚ŒŒMÎÌŽÌLÎŽÍŽŒÌÎÍLLÌÌÍLLÌÌŒŒLKLÌŒŒLKLLŽÌŒŒLKL‚ŒŒÍNÌLÌŽNÌMÍÌŒNÌÌŒŒÌÌÌŒŒÌŒNKLËLŒŽÌŒNKLLNÌŒNKLLLBŒŒŽÌMÎÌLLŽÌNLÍŽÌÍŽÌŒNKLËLNNÌŒNKLËLŽNÌŒNKLLŒŒŽÎÌMMMŽÍÌMŽÍÌLÌÍÌLÌŒNKLLNÌŒNKLLŽÌŒNKLLŒŒŒÌLNÌLMÍÌÎÌÌLÍÍÍÌŒÌŒNKLLKLÎÌŒNKLLKLLÌŒNKLLKLNŒŒÌMÍÌÌŽÍÎMÍŒÍMÎLÌÍMÎLÌŒNKLL‹LNNÌŒNKLL‹LŒÎÌŒŒLKLÂŒŒNNÌLNÌMÍÍÎLNÍMÌÍMÌŒŒLKLÌÌŒŒLKLÌNÌŒŒL‹LŒŒLMÌÍÎÌMÌŽMÌŒŒMÎÍÎÌÍÎÌŒŒLKLŽNÌŒŒL‹LLNÌŒŒL‹LŒÂŒŒLMŽÍLŽÍÌŒNÌMŽÌLÌŒÌÌLÌŒÌŒŒLLŽÌŒŒLKLLNÌŒŒLKLL‚ŒŒLŒÎÍNÌMLÎÍÌŽÍÌÎLÍŽLÍŒMLÌŒNKLL‹LŒNÌŒNKLL‹LÎÌŒNKLL‹LŽŒŒLÍÌNÎMMÍÎÍLLMÌÌLÌŒÌÌLÌŒÌŒŒLËLNÌŒŒLËLMÎÌŒŒLËLŒÂŒŒLÍŽÍÎÍÎLMÍÎÍÍLÌÍÍLÌŒNKLL‹LMÎÌŒNKLL‹LNNÌŒNKLL‹LŒÂŒŒLÎÍÌMNLŽÌŽÌÍŽÌÌÍŽÌŒŒLKLÎÌŒŒLKLMÌŒŒLKLMBŒŒMNÍLÍMÍÎÍÎÍMÌÌÍMÌÌŒŒLKLNÓNÓBŒŒMMŽÌÍÎMÎNÎNŽÌÎNLÌÌÎNLÌŒNKLLLÌŒNKLLÌŒNKLLŒŒMNÌMŽÌŒMŒÎÌŽMMNÌMLÌÌMLÌŒŒLËLNÌŒŒLËLÎÌŒŒLËLÌBŒŒMŒÎÌÌŽÎMMŽÍŒÎÍŒÌÍŒÌŒŒLËLÎÌŒŒLËLÌŒŒLËLLŒŒMÍÎÍŽÍŽÍMÍŽÌMŽÌÌMŽÌŒNKLKLÎÓNÓBŒŒMÍÎÌŒÎÍÎLÎÍLÌŒŽÌÌŒŽÌŒŒLKLŒÌŒŒL‹LÎÌŒŒL‹LLÂŒŒNÎÌLNÌŒÍÎÎÎMŽÌŒMÍŒÌÌŒMÍŒÌŒŒL‹LÌŒŒL‹LMŽÌŒŒL‹L‚ŒŒNÎÌLÎÍÌLÍÌÍŽNNÍLMÎLÌÍLMÎLÌŒŒLËLŽÌŒŒLËLMŽÌŒŒLËLNŒŒNLŽÍNÌMMŽÌLLÎMŒÌÎMŒÌŒNKLKLŽÌŒNKLLLŽÌŒNKLLLŒŒNMŽÌÌÎÌLNÎMMNÌMNÌÌÌMNÌÌŒNKLLLŒÎÌŒNKLLLÌNÌŒNKLLKLŒŒŒŽÍÌLŽLÎÌÎÍÍÎÌÍÍÎÌŒŒLKLNÌŒŒLKLŒNÌŒŒL‹L‚ŒŒŒNÌMNÌLÍLÌÌÌLÍÍÍMŒÌLÍLÍÍLLÌŒNKLLKLNNÌŒNKLLKLŒNÌŒNKLLKLŽŒŒŒŒNÌŒÌLÌŽÎMŒNÌŽÌÌÌŽÌÌŒNKLL‹LMÎÌŒNKLL‹LŒÎÌŒŒLKLŒŒŒŒŽÍÍÍMŽÌMLŒNÍŽÌÍŽÌŒŒL‹LÎÌŒŒLËLLNÌŒŒLËLNBŒŒŒŒÎÍŽÍMÍÎNMÎÌLMLŒÌÌLMLŒÌŒŒLKLŽNÌŒŒL‹LŽÌŒŒL‹LMBŒŒŒÌÍÎÌMMÌŽÍÍMLLŽÎMŒÌÎMŒÌŒNKLLLŽÌŒNKLLLNÌŒNKLLLMBŒŒŒÍŽÌÍNÌMMÍÎÍMÍÍMŒMÌÌÍMŒMÌÌŒNKLL‹LMŽÌŒNKLL‹LŒÌŒNKLL‹LŒŒÍÌMÎLŽÎNÌŒŒÌÌÌŒŒÌÌŒNKLL‹LŽÌŒŒLKLLNÌŒŒLKLŒŒŒNÌÎNÌÎNÎNMÌÍLÌÌÍLÌÌŒNKLL‹LÎÌŒNKLL‹LŒNÌŒNKLL‹LŽŒŒNÍÎÌMMNÌÌŒÎÌÍLÌÌÍLÌŒŒLLŽÌŒŒLKLLÌŒŒLKLMÂŒŒŒÌLNÍMNNÎNLŽÎÍLÌÍLÌŒŒLKLLÌŒŒLKLŒÌŒŒLKLÌŒŒŒÎÍNNÌLLŽÌMMNÌÍLÌÌÍLÌŒNKL‹LÌÌŒNKLËLÎÓBŒŒÎÍMNÌMŒÍŽNÍŒÎMÎÌLÎLÍÎÌŒŒŒÌŒŒLKLÌŒŒLKLLNÌŒŒLKLLBŒŒŽÎÍMNÌLLMNÎLÌÌÍÎÌŽÌÌÌŽÌÌŒŒLLÎÌŒŒLLMÎÌŒŒLLŒ‚ŒŒŽLÎÍŽÌLÌMÌŒÌÌLNLÌÌLNLÌŒNKLKLŒÎÓNÓBŒŒŽMŽÌNÌLMÌÍŒLMÎÎNMŒÌÎNMŒÌŒNKLLLÓNÓBŒŒÌÎÍŽÎÎŽNNÌÌÌÌÌÌŒNKL‹LÌŒNKL‹LMŽÌŒNKL‹LNŒŒÌÌŽÍNÌLŒŒÌNÌŒÍNÍÌÍŒÌÍÌÍŒÌŒNKLKLŒŽÌŒNKLKLŽÌŒNKLKLŽBŒŒÍÎÍÌMÍNÌLNÌŽÍÎÌÌÍÎÌÌŒNKLLKLŒŽÌŒNKLL‹LŽÌŒNKLL‹LNŒŒÍNÍŽÌŽÍNÍÌMNÌŒÌÌŒÌŒNKLLMÎÌŒNKLLŒÌŒNKLL‚ŒŒÍŒŽÍÎÍÌÍLÌLÌÌÌÌŒNKLL‹LMÌŒNKLL‹LŒÌŒNKLL‹LÌBŒŒÍÎÍNÎNLÎÌŒMÎÌÌÌÌÌÌŒŒLKLLÌŒŒLKLLŽÓBŒŒÍÌŽÍMŽÌMŽMÌÌMMÌŽMŒÌÌÌŽMŒÌÌŒŒLKLŽÌŒŒLKLMNÌŒŒLKLŒŒŒÍÍŽÌLŽÍÌÌÎLŽMÌÌNÌÌNÌŒNKLL‹LÌNÌŒŒLKLMÌŒŒLKLM‚ŒŒÍÎNÍÍLÍÎÌŒÍLŽÌŒLÌÌŒLÌŒNKLLLLÎÌŒNKLLLNÌŒNKLLLÌŒŒÎÎÌLÌMŒÌNÌÌÍŒÍÌÌÍÌÌŒŒLKLLÎÌŒŒLKLŒÌŒŒLKLBŒŒÎMNÌLÌLNÍÎLMŽÌŽÌÌŽÌŒNKLLKLLÌŒNKLLKLNÌŒNKLLKLÂŒŒÎNÌÎÍÌŒÎÌÌÍÎÌMŽÌLLÍÍLÌMMŒLÌŒŒLKLNÌŒŒLKLÎÌŒŒLKLLŒÍLNÌLLŒŒNÌMŒÌNNÌLÌÌÌLÌÌŒNKLËLNÌŒNKLËLŽNÌŒNKLLLŒNÌŽNÌMŽÎNÍMNÌÍMNÌŒNKLLŒÎÌŒNKLLŽÌŒNKLLÌŒNÌÎÍÍNNÌMÍMÎLÌÎLÌŒNKLKLÎÓNÓBŒŒNÍLÎÎLMNÌÍNMÎÌLÍÌÍÌÌLÍÌÍÌŒŒLËLÌÓNÓBŒÎÌMNÌLŽMÌŽÌNNÌLŒÌÌLŒÌŒNKLKLNÌŒNKLKLŽNÌŒNKLLL‚ŒNÌLÍMÎNÍŒÎÎÍLŒÌÍLŒÌŒNKLLLÎÌŒNKLLNÌŒNKLKLBŒÌLNÍÎLNÎLLMÌMŒÌÌMŒÌŒŒLËLMŽÌŒŒLËLŒÌŒŒLËLŒ‚ŒŒÌŽNÌMLŽÍMÍÍNÍÌŒÍÍŽÌŒNKLLKLÎÌŒNKLLKLMNÌŒNKLLKLBŒŒŽÌŒÌLNLÎÍÌŒMŽÌÌÌÌŒŒLKLNÌŒŒLKLŽNÌŒŒL‹LÂŒNÍŽÌMŒLÍMÌÍLNÌLÍŽLÌÌLÍŽLÌŒNKLKLŒNÌŒNKLKLŽÌŒNKLLLLŒÌÎÍÎÌLLLÎÎLÍMŒNÌŽLÌÌÌŽLÌÌŒNKLLÓNÓBŒNÌNNÌŽMNÍLLÍMÎLLÌÍMÎLLÌŒŒLLNÌŒŒLKLNÌŒŒLKLNBŒŽÌÍÌÍÎLÎMŒLNÌÌÌÌÌÌÌÌŒŒLËLŒÌŒŒLËLŽNÌŒŒLL‚ŒÌLNÎÎÍÍNÍŒŒÌÍŒŒÌŒNKLLÎÌŒNKLLNÌŒNKLL‚ŒŽÌŒÎNÌMMŒÎÌLÍŒÌÌLÍŒÌŒNKLL‹LMÌŒNKLL‹LŒÎÌŒNKLL‹LŽBŒMÎÍNNÌÎÍNNNÌŒŒLŒÌÌŒŒLŒÌŒŒLKLÌŒŒLKLMŽÌŒŒLKLM‚ŒLNÎÌLŒÍNÌLÌÌNLÌÌÌNLÌŒNKLKLLŽÌŒNKLKLŽÌŒNKLLLLŒLÍNNÌLMÍNÍMÌÎNÍÌŒÌÍÌŒÌŒNKLLKLNÌŒNKLLKLÌÌŒNKLL‹LMŒLMŽÍÌLNNÎNNMÎÍÌMÌÌLŒMLÍNMMLÌŒNKLLKLŒNÌŒNKLLKLNÌŒNKLL‹LBŒLMÎÌMÎLŽMŽÌÌLÍÍNÌMMÌÌMMÌŒŒLKLŽÌŒŒLKLNNÌŒŒLKLŽBŒLŒÎÍMÍŒLŒÎÌŒÌÎLÎÌŽLÌÌŽLÌŒŒLKLMŽÌŒŒLKLÌÌŒŒL‹LLŒMÎÌNNÌLNŽÌÌNÌÍŒÌÌÍŒÌŒNKLKLLNÌŒNKLKLLŽÌŒNKLKLLÂŒMMNÌÎÍÍÌŽÍLŒÌNÎMŒÌÎMŒÌŒŒL‹LLNÌŒŒL‹LŒÌŒŒL‹L‚ŒMŒÎÌLÎÌLNNÍNMNÌMÌÌMÌŒNKLL‹LNÌŒŒLKLÌŒŒLKLLÂŒMŽÍNÎNLŽÍÍNŒNÌMMÌÌMMÌŒNKLKLŽNÌŒNKLLLÎÌŒNKLLLÂŒMÌÌMÌMMÍÎÍÌMÎNÍÌÌÍÌÌŒNKLLLŽNÌŒNKLLKLNÌŒNKLLKLL‚ŒMÌŽÌÎÌMÌMMŽÍÌÌÌÎNÌLÌÌLÌŒNKLL‹LMŽÌŒNKLL‹LÎÌŒŒLKLBŒNÌÌNÌÍÌŽÍÌNMNÌÎMŒÌÌÎMŒÌŒŒLLÌÌŒŒLKLÌŒŒLKLMŒNŽÍNÌLNLNÌMŒÎÌNNŒÌÌNNŒÌŒNKLLLNNÌŒNKLLLŽÌŒNKLLKLŒŒÍŽÌLLŽÎNÌÌÍÍLŒÌÍÍLŒÌŒŒLËLŽÌŒŒLLÌŒŒLLNBŒŒLŽÍLÎÌLŒÌNNÌLMÍNÍÍŒÌÍÍŒÌŒNKLLKLÌŒNKLLKLLŽÌŒNKLLKL‚ŒŒMŽÍLÌLLÌŒNÌMŽLÎÍÌŒÌÍÌŒÌŒŒLKLNÌŒŒLKLŽÌŒŒLKLŒŒÍÌŒÎÌMŽNÍÍNNÎNLÌÎNLÌŒNKLL‹LŽNÌŒŒLKLŽÓBŒNÍÎLLŒNÍÌÎMÌNMMŒÌÌNMMŒÌŒŒLKLMÎÌŒŒLKLNÌŒŒL‹LBŒŽÌLÎÌLŽNÎLMNÌNMÍŒÌÌNMÍŒÌŒŒL‹LŒÌŒŒL‹LŽNÌŒŒLËLLŒÍMÎÌÍLNÍÌMÍÌÍÌŒNKLËLÌŒNKLËLLŽÌŒNKLËLNBŒLNÌŒÎÌÌŽÎMÍLÎÌLLÌÌLLÌŒNKL‹LÓNÓBŒNNÍŽÍÍÌÎÌŽMLÌMÌLÌÌMÌLÌŒNKLLKLMNÌŒNKLLKLÌŒNKLL‹LÂŒŒÌŽÌŽŽÌÌMÍÎÍMÌÍMÌŒNKL‹LLÌŒNKL‹LŒÎÌŒNKL‹LŽBŒŒŽÍLÌMÌNÍLŒÌÍŽÌÌÌÌŒŒLKLŽÌŒŒLKLMŽÌŒŒLKLÌŒÌÎÌÎÌMNÎLMŽNÌMŒÌŒLLÌLNMLLÌŒNKL‹LŽÌŒNKLËLŽÌŒNKLËLM‚ŒÍÍÎÌMŽLÌÌÍMÎÌŒÌÌŒÌŒŒLLNÌŒŒLLŒÎÓBŒÌÍÍÌÌMNŒÍLÌÌÍLÌÌŒŒLKLMÌŒŒLKLÌŒŒL‹LÂŒÌŽÌÎNÌLMÍÎNÎÌÎÌŒŒLËLLÎÌŒŒLËLNÌŒŒLËL‚ŒÌLNÍNÌLŒŽLÎÍÌÌMÌMLÌÌMLÌŒŒLLMNÌŒŒLLŒÎÌŒŒLL‚ŒÌNÍNNÍÎLÎÌŽLÎÍŽÌÍŽÌŒNKLL‹LLÌŒNKLL‹LŒÎÌŒNKLL‹L‚ŒÍÍŽÌLŽÎÌÌŒNNÌLLÌÌLLÌŒNKLLKLŒŽÌŒNKLL‹LÌŒNKLL‹LLŒÍNÌÌNÌLÍŽNÌÍÌÌÍÌŒNKLËLNÌŒNKLËLNNÌŒNKLËLŒBŒÍLŽÌŽÌLÌMNÍŒÌNÌÌLÌÌÌLÌŒNKLL‹LÎÌŒNKLL‹LMŽÌŒNKLL‹LM‚ŒÍNNÌLÌMŽÍŒMMŽÌÌÌÌÌÌÌÌŒŒLLŽÌŒŒLKLNÌŒŒLKLMŒÍŽÌÌÎÌMMNÌŒLNÌLŒÌÌLŒÌŒŒLKLNNÌŒŒLKLÌNÌŒŒL‹LÂŒÎÎÌMŽÎÍNÍMŽÍÍŒÌÍÍŒÌŒŒLKLÌNÌŒŒL‹LNÌŒŒL‹LMBŒÎÍÎÌMLŒÌŒMNÌŒÌÌÌŒÌÌŒNKLLKLMÎÌŒNKLLKLÌŒNKLLKLÂŒÎŽÍÌŒLŒŽÌÍŒÍÌÍNÌÍÌÍNÌŒŒLLŽÌŒŒLKLNÌŒŒLKLBŒÎÎÌÌNÎNMÌŽÍÌÎŽÍÌÍÌŒNKLL‹LÎÌŒNKLL‹LLÎÌŒNKLL‹LÂŒÎNÍÌŽNÎŽLÎÌÌÌÌÌÌÌÌŒNKLLLNÌŒNKLLLŽÌŒNKLLLŒÎNÌÎNÍMLŽÌÍMÌŒŽÎÌÎÌŒŒLLMÎÌŒŒLLÌÌŒŒLKLLŒÎNNÍLŽÌMÌŽÌŒLŽNÌŒÌÌŒÌŒŒLLŽÌŒŒLLŽÌŒŒLLLBŒŽÌŽÌMÍŒNÍŽŒŽÌÍMÌÌÍMÌŒŒLËLLÎÌŒŒLËLMÎÓBŒŽMŽÌÎÌLNÍÎÎMMMŽÌŽNNÌÌŽNNÌŒŒLKLLNÌŒŒLKLNNÌŒŒL‹L‚ŒŽMÎÌLÍMMŽÍŽÍÌÍÌŒŒL‹LŽNÌŒŒLËLLÎÌŒŒLËLMŒŽŒÍŽÌMÍŽNÌŒNŽÌÎNMÌÌÎNMÌŒŒLKLŽNÌŒŒL‹LŽÌŒŒL‹L‚ŒŽÍŽÍNNÎMNÍŒŒLÍÎÌÍÎÌŒŒLKLÌŒŒLKLLNÌŒŒLKLLÂŒŽÍÎÍŽÌLÎMÎÌÌLNÌLMÌÌLMÌŒŒL‹LLÌŒŒL‹LLNÌŒŒL‹LŒŒŽÎNÌÎÌÍNNÍÍMŽÍMÍLÍMÍMŽMŒÌŒŒLËLÌNÌŒŒLLNÌŒŒLLNBŒŽŽÌLÌLÎLNÍÍÎŽÌLÌŒÌÌLÌŒÌŒNKLLLNÌŒNKLLLLÌŒNKLLLMBŒŽÎÍÍŒNNÎÎLMÍŒÌÍŒÌŒNKLL‹LŒNÌŒNKLL‹LŒÎÌŒŒLKL‚ŒŽÌŽNÎMÌŽÍMÎLNÍLÍŒÌÌÍÍLÍLŒLÌŒŒLKLÌŒŒLKLMŽÌŒŒLKLM‚ŒŽNÌÎNÌÍLNÌÍÌÌÎNÌÍŽÌÌÍŽÌŒNKLLMNÌŒNKLLŽÌŒNKLKLÂŒŽŽÍNÌMÌÎÍÎLNNÌLLÍÌÌÌLLÍÌÌŒNKLL‹LNÌŒNKLL‹LLŽÌŒNKLL‹LL‚ŒŽÎÍÎÌLLÌMŒÌMNÌÌMNÌŒNKLËLŒNÌŒNKLLÎÌŒNKLLLBŒŽMNÍÌMŒMÍÍÌÎÌMÍŒÌÌMÍŒÌŒNKL‹LŽÌŒNKLËLŽÓBŒŽŒNÌŽNÌMÎÎÎLÌNÌÍLŒÌÌÍLŒÌŒŒLKLNÌŒŒLKLNNÌŒŒLKLŒ‚ŒŽŒŽÍNÌLÍMNNÍÌŒMLÎÌŽÌÌŽÌŒNKLKLÎÓNÓBŒŽÍŽÌLMÍLMMNÌÍÌÌÍÌŒNKLL‹LNÌŒNKLL‹LLÌŒNKLL‹LNBŒŽÌŒNÌÍŒÌŽÌLNÌÌLNÌŒŒLKLNÌŒŒLKLŒŽÌŒŒL‹LBŒŽLŽÍNNÍŒMÌÎÍÎÍÌÌŒÌÍÌÌŒÌŒŒLLÌŒŒLKLÌŒŒLKLLŒŽMNÍMÎÌMÍLÎÍŒÌÎÌŒÎÌÌŒÎÌŒNKLL‹LŒNÌŒNKLL‹LŽÌŒNKLL‹LŽŒŽLNÍMNÍŽÍNÍŒŽÌŒŒLÌÌŒŒLÌŒNKLL‹LLNÌŒNKLL‹LNÓBŒŽLNÌNNÌÌLNÍŽÍLÌÍLÌŒNKLLLMNÌŒNKLLLMŽÌŒNKLLLŒŽLÎNÍNÎNNNÌÌÍÍNLÌÍÍNLÌŒŒLLŽÌŒŒLKLÌŒŒLKLŒŒŽMŽÍÍLÎLÍLÌÍÎÌÌÌÌÌÌŒNKLL‹LLÌŒNKLL‹LNNÌŒNKLL‹LŒBŒŽMŽÌÌŽÎNÍŒÍÍÎÌMÌÌÌMÌÌŒNKLL‹LŒÌŒNKLL‹LŽNÌŒNKLL‹LÌBŒŽMNÌMŽÌMMŽÍÎÌÍLLÌÌÍLLÌŒŒL‹LMÌŒŒL‹LNNÌŒŒLËLBŒŽMLÎÌŽÍMÌNÍÍÍÌÍÌŒNKLKLNÌŒNKLKLÌŒNKL‹LBŒŽMŒŽÌÍNÌMMŽNÎÍŒÍÌŒLÌÌŒLÌŒŒLËLŽNÌŒŒLLÎÌŒŒLLBŒŽMÎÌLNÌMÌLLNÍÍMÍLÌÍLÌŒŒLKLŒŽÌŒŒLKLŽNÌŒŒLKLÌŒŽNÍÌLÍÍÌŽÍLÎLÌÍLÎLÌŒŒLKLMÎÌŒŒLKLNÌŒŒLKLÂŒŽNMÎÍŽÌLÍNMNÌŒMÍÎÍÍLÌÍÍLÌŒŒLLŒÓNÓBŒÌÎÌÌLLÎÍÌÌNNÌLLÌÌLLÌŒNKLKLMŽÌŒNKLKLNNÌŒNKLKLNBŒÌNÍMNÎMLÍÌÍÌÍŽÌMLÌÌÌMLÌÌŒŒL‹LNÌŒŒL‹LÎÌŒŒL‹LŽBŒÌÎÌŽNÌMMÎÎLŽÌMŒÌÌMŒÌŒNKLL‹LÌŒNKLL‹LŽÌŒNKLL‹LLÂŒÌLÌŽÍNÍNÌNLNÌÎLÌÌÎLÌŒŒLKLŽÌŒŒLKLLŽÌŒŒLKLMBŒÌLNÌŽNÌMÌMÌÍŽMÌNÍMÌÍMÌŒNKLL‹LŽNÌŒŒLKLÌŒŒLKLL‚ŒÌŽNÌNÎNLÎÎNÌÌMLLŒÍÌŒÌMÌŒNKLL‹LNÌŒNKLL‹LNÌŒNKLL‹LÂŒÌMNÌÎÌLLŽÎÍLNÌNLÌÌNLÌŒNKLKLŽÌŒNKLLLŽÌŒNKLLLLŒÌŒNÌLÎLŒŽÌMMŽMNÌNMLÌÌNMLÌŒŒL‹LŒNÌŒŒL‹LŒŽÌŒŒL‹LBŒÌÍÌŽÌMÎÌNÌÍLÍÌÌMŒÌŒÌÌMŒÌŒÌŒNKLKLMŽÓNÓBŒÌÎNÌÍNÌLÍÎNÍLŒLLÎÌLÌÌLÌŒŒLKLŽÌŒŒL‹LŽÓBŒÌÌÌŽÌMMÌÎÌMÍMÌŽÌLMMLÍŒÌLLÌŒŒLKLÌŒŒLKLŽÌŒŒLKLBŒÌMNÌŽÌÌNÍŒÌÍÎÌÌÎÍŒÌÌÍŒÌŒŒLLLNÌŒŒLLNÌŒŒLL‚ŒÌLÍŽÍÍÎÎLMÌÎÌNŒÌÌNŒÌŒNKLLKLNÌŒNKLLKLLŽÓBŒÌLNÍMÎÌLÎNMŽÍNÌÍÎŒŒÌÍÎŒŒÌŒŒLKLMÎÌŒŒLKLŒNÌŒŒL‹LŒÌLŒNÌLÌÍÍŒNÎMŒMŽÍLÌÍLÌŒŒLLMNÌŒŒLLNÌŒŒLLBŒÌLÎÍMÎÌMÍŽNÍMÌNNÌNMŒÌÌNMŒÌŒŒLLÎÌŒŒLLNNÌŒŒLLŒŒÌLÌNÌÍŽÌLŒÌÎÌLŽÌŽLŒÌÌŒMŒÌŒNKLKLÎÌŒNKLLLNÌŒNKLLLM‚ŒÌMÎÍMÌMŽÍÎMŽLNÌÍMÌÌÍMÌŒNKLL‹LŒNÌŒNKLL‹LÌÌŒŒLKLLŒÌMÌMŽÌŒŒNÎNLNMÎÌŒÌÌÌŒÌÌŒŒLKLŽÓNÓBŒÌMŒÌŽÌMÍÎNNÌLLÍMNÍLÌÌÌÍLÌÌÌŒNKLLKLŒÎÌŒNKLLKLŽÌŒNKLL‹LBŒÌMŒŽÍÌLÌLNNÍLMÎÌÍLÌÌÍLÌŒNKLL‹LŒŽÌŒNKLL‹LŽNÌŒŒLKLÂŒÌMŽÌNÍŒŽNÌÌLMÌŒMŒÌÌŒMŒÌŒŒLLMNÌŒŒLLŒNÌŒŒLLŒÂŒÌNÎÌNÍÍNÎÎÍÍLÌÍÍLÌŒŒLKLŽNÌŒŒL‹LLNÌŒŒL‹LLBŒÌŒÎÍNÌLÎMÎMNÌNŒÌÌNŒÌŒNKLLKLŒÎÌŒNKLLKLNÌŒNKLL‹LÂŒÌŒNÍMÌLŽMÍÎÍŒÍNÌŒMMÌÌÌŒMMÌÌŒŒLËLŽÓNÓBŒÌŒLÎÍLÌLÌŒNÌNMÍÌNÍMMÌÌÍMMÌÌŒNKLL‹LLŽÌŒNKLL‹LŒŽÌŒŒLKL‚ŒÌŒMÎÌÍÍÎMÍÎÍMÎMŒÎÌÍŒÌÌÍŒÌŒŒL‹LMÌŒŒL‹LMNÌŒŒL‹LMÂŒÌŒNÌMÎÌLNÍLMÌMÌÍNLÌÌÍNLÌŒNKLL‹LNÌŒŒLKLNÌŒŒLKLBŒÌLÍÎÌLÍLŒNÎNLÎÌÍŒŒÍŒÌÍNMŒÌŒNKLL‹LMÓNÓBŒÌLÎÍÎÌLÎNÍMÌÍLŒÌÍLŒÌŒŒLKLLÌŒŒLKLÌŒŒL‹LÂŒÌNNÍŒÎLŒÎÌMŒNNÍŒÌÌÍŒÌÌŒNKLKLŽÌŒNKLKLMÌŒNKLKLNŒÌŒÎÌLÌLÎNÍŒŒÎÌŽÌÌŽÌŒNKLL‹LNÌŒNKLL‹LLÓBŒÌNÌŽÌMMNÎLLNÍŒŒÌÍŒŒÌŒNKLL‹LŽÌŒNKLL‹LŽNÌŒŒLKLBŒÌŽLÎÍÎÍÌLÎLŒÎÌMÎÌÌMÎÌŒŒLËLÌŒŒLLÎÌŒŒLLŒÌŽMNÍŒÌÍÎÌÌÎMŽÎMÌÎMÌŒŒLKLŒÎÌŒŒL‹LNÌŒŒL‹LMŒÌŽMÎÌLŽÎMŽÌÍÍLMŒÌÍLMŒÌŒNKLLKLNÌŒNKLLKLMÌŒNKLLKLNŒÌÌŽÍÎÍMMNÌÌŽLNNÌMÍÌÌMÍÌŒŒLLÎÓNÓBŒÌÌNÌLŽÌLMŽÍŒÌLŽÍLŒÌÍLŒÌŒŒLLŽÓNÓBŒÌÌLNÍÎÍŒŽNÍÍŒÎÍNÌÍNÌŒŒL‹LÎÌŒŒLËLŽÌŒŒLËLLŒÌÌMÎÌÍÎÎÍŽÌÌÌŽLÍMÍÍLÌŒÌLÌŒNKLL‹LŽÌŒŒLKLÎÌŒŒLKLÂŒÌÌŒŽÌÎÎNÌŒMMŽÌMLÌŒLÌLÍLÌŒNKL‹LNÌŒNKL‹LMŽÓBŒÌÌŽÌŒŽÌÌLÎÍLNNÌLŒÌÌLŒÌŒNKLLLMŽÌŒNKLLLNÌŒNKLLLŽBŒÌÌÎÍŽÍŽÍÍÎÍLÌÍLÌŒŒLKLLŽÌŒŒLKLNÌŒŒLKLÌBŒÌÍŽNÌŽÌMÍŽÍMLMŽÍÍÌÌÍÍÌÌŒŒLLÌŒŒLLMÎÌŒŒLL‚ŒÌÍÎNÍŒÌLNMŽÎÍÎÍŒÌÌÍŒÌÌŒNKLL‹LMŽÌŒNKLL‹LŽÌŒŒLKLŒÌÎÍŒÎÌMŒÍÍÎÍNLLLÌMÍŒÍNLÍÌŒŒLLNÌŒŒLLLNÌŒŒLLŒ‚ŒÌÎÎÌÍÎÌLLNÎNÍÎÍÍŒÌÍÍŒÌŒNKL‹LNÌŒNKL‹LŒÎÌŒNKL‹L‚ŒÌÎLNÍŒŽÎŽÌÍÌŒÌÍÌŒÌŒNKLKLNÌŒNKLKLŽÌŒNKL‹LÂŒÌÎMÌŒÎÍŒÍÎÌŽÌŒÍÌÌŒÍÌŒŒLLŽÌŒŒLKLLNÌŒŒLKLLÂŒÌÎNÌMŽÍNŽÍLNLÌÍLÌÌÍLÌŒNKLLLÎÌŒNKLLLNÌŒNKLLLŽBŒÌÎNNÍŽÌLLÎÎNMÎÍMŒÌÍMŒÌŒNKLLŽÌŒNKLLLÎÌŒNKLLÂŒÍŽÌLÎÍMÎÍÍŽLÌÎÎÌÎÌŒŒL‹LŒÎÌŒŒLËLŽÌŒŒLËLŒÍNÍÎÌLNNNÌLŽMÎÌNÌÌNÌŒŒLËLNÌŒŒLËLŒÌŒŒLËLÂŒÍLÎÌMŽÍMNÍÌÌŒÌŽÍÌMÌÍÌMÌŒŒLKLŒÎÌŒŒLKLÌŒŒL‹L‚ŒÍNNÌLNÌŽÎÍÎLLŽÍÍŒÌÌÍÍŒÌÌŒNKLLKLŒÌŒNKLLKLŒNÓBŒÍŒÎÍMNÍŒNÎŽÌÌÍMLÌÌÍMLÌŒŒLËLÎÌŒŒLLŽÌŒŒLLBŒÍÍNÌÎÌÌÍÍÎÍNŒŽÍLÌÌÍLÌÌŒŒLKLNÌŒŒL‹LNÌŒŒL‹LÂŒÍÍÎÍMŽÍMÎNÎNÍLÌÍLÌŒNKLL‹LÎÌŒNKLL‹LLÌŒNKLL‹LL‚ŒÍÌÌNÍÌŒLNÎÌNÌNLŒÌÌNLŒÌŒŒL‹LNNÌŒŒLËLNÌŒŒLËLLBŒÍMNÌNÌMŒÍLŒMŽÍMÌÍMÌŒNKLL‹LMÌŒNKLL‹LŒÌŒNKLL‹LŽŒÍMÎÌÎNÌŽNLŽÌÍÎMÌÌMÍLÌÌMÍLÌŒŒLKLMNÌŒŒLKLŒÎÌŒŒLKLŒÂŒÍŒÍNÌLÍMŽÌÎÎÌMMŒŽLÌÎLŒÌMMNNÌŒŒLLŒÌŒŒLLŒŽÌŒŒLKLŒÍŒŽÍNÌMŒÎLNÌÍŽNNÍŒŒÌÍŒŒÌŒNKLLKLŽÌŒNKLL‹LŽÌŒNKLL‹LÂŒÍNÍÎÌMÍÍÍŒLÎÍMÍLÌÍMÍLÌŒŒLKLLNÌŒŒLKLMŽÌŒŒLKLÂŒÍÌNÌNÎÍMÌŒNÌÍNLÌÌÍNLÌŒNKLLLNÌŒNKLLLLNÌŒNKLLLNBŒÍÍÎÌŽÌŽNŽÎNÌNÌLŒLÌÌLŒLÌŒŒLËLŒÎÌŒŒLËLŽÌŒŒLËLÌŒÍÎÌLŽÍŒŽÍŽLŽÌMÍÍŒÌÌMÍÍŒÌŒNKLLLÌNÌŒNKLLKLLNÌŒNKLLKLMBŒÍLÎÌŒÎÌMÎMÍÍŽÍÌÍÌŒŒLËLŒŽÓNÓBŒÍMÎÍŽÌMÍMŽÌÌMŒÎÌÍÌÌÍÌŒNKLKLÎÌŒNKLLLÎÌŒNKLLLNBŒÍNÌÌÌÍÌÌNLÍÍÎÌÎÌŒNKLËLÌŒNKLËLLÌŒNKLËLŒ‚ŒÍLÍŽÍÌNMÎÌÍNÌÍLŒLÌÌÍLŒLÌŒŒLKLŽÌŒŒL‹LLÌŒŒL‹LLBŒÍLLÍLÎÌMÍÌŽNÌÍLÌÍMŒÌÍMŒÌŒŒLKLMŽÌŒŒLKLŒÎÌŒŒLKLÌBŒÍLMŽÌŽÎNÎÌŽMÎLŒÌÎLŒÌŒNKLL‹LŽÌŒNKLL‹LNÌŒNKLL‹LMÂŒÍLÍNÌLÌMNMŽÍÎÎÌÌLŒÌÌÌLŒÌŒNKLL‹LŒÌŒNKLL‹LŽÌŒŒLKLŒÍLÍÎÍŽNÌÌÎNÌÎMMLŽÌLŽNMÌÌLŽNMÌŒNKLLKLŽÌŒNKLLKLMŽÓBŒÍMNÍŽÌMLNMÎÎÌÎÎMÍÎÌÎMÍÎÌŒŒLKLŒÎÌŒŒL‹LŽÌŒŒL‹LLŒÍMMÍŒŽÌMMÍNÌŒLÎLNÎMNÌÎMNÌŒŒLËLÎÌŒŒLËLLNÌŒŒLËLLÂŒÍMMNÌŽÌLÍMŒŽÎÍÍÎÌLÍŽÌÌLÍŽÌŒNKLLLÎÌŒNKLLLLÌŒNKLLLŒBŒÍMÌLÎÍÌÍÎÌLÌÍNÎLŒÌÎLŒÌŒŒLKLNNÌŒŒLKLŒÌŒŒLKL‚ŒÍMŽÌLŽÌMLMŒÎÍÍMLÍÌLÌÌLÌŒNKLL‹LMÎÌŒNKLL‹LŒÌŒNKLL‹L‚ŒÍMÌŽÍNÌLLŒŽÎÎMŽÌÍÌÌÌÍÌÌŒNKLLKLÌŒNKLLKLLÌŒNKLLKLMÂŒÍMÌÎÌÍÌÌLŽÌÎNNÌLÌÌLÌŒNKLLKLÎÌŒNKLL‹LLÌŒNKLL‹LNBŒÍMÍÎÍMÌMÌÍŽÌÍÎÌMŒÌÌMŒÌŒNKLLLLNÌŒNKLLLLÎÌŒNKLLLM‚ŒÍMÎNÌÎÌMÎÌNÌÍLÍÌÌÌNÌÌÌNÌŒŒL‹LLÌŒŒL‹LŒŽÌŒŒL‹LŒÂŒÍNÎÍNÎMŒŽÎNMÍMŒÌÍMŒÌŒNKLKLNÌŒNKLKLŽÌŒNKLKLLŒÍŒÌŒÎÌLMÍNÍMŽÌMÌŒÌÌMÌŒÌŒŒLËLŒÌŒŒLLÎÌŒŒLLÂŒÍŒMŽÍLÎÌLŒÎÍLÍÎÎLÌÎLÌŒŒL‹LŽÌŒŒLËLNÌŒŒLËLLŒÍŒÌÍLÎÌMŽÎNLÍÌÌÍŒÌÌÌÍŒÌÌŒNKLLKLNÌŒNKLLKLNÌŒNKLL‹L‚ŒÍŒÌNÌŽÍÍÎÌÎMÍŒNÌÌNMLÌÌNNÌŽÍLŒÌŒŒLKLLÌŒŒLKLMÎÌŒŒLKLMÂŒÍÎÍŒÎÌŽÎÎLÌÌÍÎÌÍÌÌÍÌŒŒL‹LÎÌŒŒLËLÎÌŒŒLËLLÂŒÍLÍŽNÌMŒŽÍÍLŽÌÍÌÌÍÌŒŒLKLÌŒŒLKLŽÌŒŒLKLÌBŒÍMÌLNÍLNÎMÍŒNÌÌÌÌÌÌŒNKLLLŽÌŒNKLLLLÎÌŒNKLLLBŒÍŽNÎÌMŽÎNÌŒLÌŽÌÌÌŽÌÌŒŒLKLÌÌŒŒL‹LLÌŒŒL‹LMÂŒÍÍÎÌMŽÌLÍLÎÌÍÌMÌÌLÌLÌŒLÌLŒŒLÌŒNKLL‹LŽNÌŒŒLKLLNÌŒŒLKLŒ‚ŒÍÎNÌNÌMŽÎNNÌLŽLÌÌÌLŽLÌÌŒŒLËLŽÌŒŒLËLLNÌŒŒLËLBŒÍŽÌÌŽÌMMÍNÍÍNÌLMŒÌÌLMŒÌŒNKLL‹LNÌŒNKLL‹LMŽÌŒNKLL‹LBŒÍŽŽÌŒÎÍMŽÍŒŒLÎÌÎŒLÌÌÎŒLÌŒNKLL‹LŒŽÌŒNKLL‹LNÓBŒÍŽLÎÍMŽÍÍÍÎÍLÌŒÎÌŽÌÌŽÌŒNKLLÎÌŒNKLKLÎÓBŒÍŽMNÍNNÌMNNÌŒÍÌŒÎLÌÌÌŒÎLÌÌŒŒL‹LNÓNÓBŒÍÌÎÌÍNÍÌŽNÌÍŽÍÌÍÌŒNKLL‹LNÌŒNKLL‹LÎÌŒŒLKLBŒÍÌLÍNÌÌÎMŽÎMÌŽÍÍLÌÍÍLÌŒNKL‹LLÎÌŒNKL‹LŒÎÌŒNKL‹LŽBŒÍÌLNÎÌLÎÍÍMÌNÌMŒŒLÌLÍLÌÌMMÌÌŒŒL‹LLÌŒŒL‹LMŽÌŒŒLËLBŒÍÌŽÌŽÍŒÍMŽÍŒNLÎÍÌÍÌŒŒL‹LNÌŒŒL‹LŽÌŒŒLËLŒÍÌŽÎNÌMMLŽÍŒÎÍÌÌÎÍÌÌŒŒL‹LNÓNÓBŒÍÌÌŽÎNÌLÎLMÎÎMMMÍNÌÌNLLÌÌÌNLLÌŒŒLKLNÌŒŒLKLÌÌŒŒL‹LÂŒÍÍŽÌNÌLLŒÍÎŒNÌMÌMÌŒŽÌMŽLLŒÌŒŒLLŽÌŒŒLLÎÌŒŒLLLŒÍÍMNÌŽÌLNNÌÍÍÌŽÌÌÌÌÌÌÌÌŒŒLKLŒÎÌŒŒLKLÌŒŒLKLÌBŒÍÍMÎÍŽÌÎLÍŽÍÍÍÌMNÌLMÌÌÌLMÌÌŒNKLL‹LMÎÌŒNKLL‹LŽÌŒŒLKLÂŒÍÍNÍŒÌŽMŽÌMÌŽNÍŒÌÍŒÌŒNKLLLÌÌŒNKLLKLLŽÌŒNKLLKLL‚ŒÍÍNNÌÍNÍŒMMÎÌÍMLÎÌLÌÌÌLÌÌŒŒL‹LŽÌŒŒLËLNÌŒŒLËLMÂŒÍÍÍNÌÍÎÌLÍÍÎÎMÌŽNLŒÌÌÌÌŒŒÌŒŒLLLÎÌŒŒLLŒNÌŒŒLLBŒÍÎÍŒNÍŒMÎÎLÌŒÎÌLMŒŒÌÌLMŒŒÌŒŒL‹LŒŽÌŒŒL‹LNÌŒŒL‹LBŒÍÎNÍŒŽÌLMÎÌŒLÍLŽÎLŒÌÎLŒÌŒŒLKLÌŒŒLKLNÌŒŒL‹LŒÎNÍÎÌÍLÎÎNÎÌÌÌÌÌÌŒNKLLKLÌŒNKLLKLŒŽÌŒNKLL‹LÂŒÎLŽÎNÎMLŽÍNŒŽÍÍŽÌÍÍŽÌŒNKLL‹LÌÌŒŒLKLÌŒŒLKLLŒÎNNÌÌLŽÎMŒLNÌLÌÌLÌŒNKLLLŽÌŒNKLLKLLNÌŒNKLLKLŒBŒÎŒNÌŒÎÌLÌLÌNMŽÌMÌÌMÌŒNKLLKLÎÌŒNKLLKLÎÌŒNKLLKLMÂŒÎÌÌLÎÌÌNÌŒŒŒNÌNNÌÌNNÌŒNKLL‹LŽÌŒŒLKLNÌŒŒLKLŒÎÎÍMÍÍŒŽÍLÎNÍLÌÍLÌŒNKL‹LNÌŒNKLËLNÌŒNKLËLMŒÎÍLÌLÍÍÎMÍMLÍÍÌÍÍÌŒNKLËLÎÌŒNKLËLLŽÌŒNKLËLNBŒÎŽÌMNÎLŒŽÌÎLÎLÍŒÍÍLMÌŒŒLKLLŽÌŒŒLKLNÌŒŒLKLŒBŒÎÍÌLŒŒÎÍÎÎÎNLÌÎNLÌŒŒLLÎÌŒŒLLNÓBŒÎŽÍÍMLŽÌÍMÎÍŒÌÍŒÌŒNKLLLÎÌŒNKLLLLŽÌŒNKLLL‚ŒÎÍŽÍŒNÍNÌMMÍŒNÌMŒÌÌMŒÌŒNKLL‹LNÌŒŒLKLNÌŒŒLKLŒÎÍÎÍMÎÌLLMŽÍÍNÎÌŒLÍŒÌMŽÌŒNKLLKLMŽÓNÓBŒÎÎNÍÎÌLŒLŽÍÎNÎÍMŒÌÍMŒÌŒNKLËLÎÌŒNKLËLNÌŒNKLËLM‚ŒÎLÎÌŽÌLÎLÎLÌMŒÌÌMŒÌŒNKLL‹LLNÌŒNKLL‹LNÌŒŒLKLÂŒÎLMNÍŽÌLÎMÌÎÍLŒÎÌÌÌÌÌÌŒŒL‹LŒÎÌŒŒL‹LŽÌŒŒLËL‚ŒÎLÎÌÌNÍŒLÍŽÌŒÌNÍÍŒÌÍÍŒÌŒŒL‹LÌŒŒLËLÌŒŒLËLŒ‚ŒÎLŽÌMÌLLŒŒÎÍÍÌÎÌLÎÌÌLÎÌŒŒLLŽNÌŒŒLKLLNÌŒŒLKLŒŒÎLŽNÌMNÌÌNMÎÍÍLÌMÌNMÌLÌÌNMÌLÌŒŒLËLMÎÓNÓBŒÎMŽÌÍÎÎMÌNNÌMLNÎMLÌÎMLÌŒNKLL‹LŽÌŒNKLL‹LÌŒNKLL‹LBŒÎMŽÌÎÌMMÌNÍŒŽŽÍÍLÌÍÍLÌŒNKLLLNNÌŒNKLLLŽNÌŒNKLLLÌBŒÎMÍŒŽÌLÌÍNÌMLMNÍÍÍÍÌŒÍÌŽÌŒŒLKLŽNÌŒŒL‹LNÌŒŒL‹LÂŒÎMMŽÍŽÌMÍÌÍŒÌNÌLÌÌÌÌLÌÌÌŒNKLLLLÎÌŒNKLLLMNÌŒNKLLLŒŒÎMŒÍŽÍÍÌNÍNNÍMÌÍMÌŒŒLËLNNÓNÓBŒÎNÍNÌMNNÍÌÌÎÌÌÍŒŒÌÌÌÍŒŒÌŒŒLKLMŽÌŒŒLKLNÌŒŒLKLŽBŒÎNLNÌÎÌÍÍŒNNÌLMÎÌÌLMÎÌŒNKLL‹LŽÌŒŒLKLÎÌŒŒLKLMŒÎNMNÍŽÌÌNÍÌNŽÌLMŒÌÌLMŒÌŒNKLL‹LŒNÌŒNKLL‹LÌNÓBNÍÍLLŽÍLMŒNÌLŒÌÌLŒÌŒŒLKLÎÌŒŒLKLÌÌŒŒL‹LBŽÍNÍMŒNÌŒMÎÌŒLLÌÌŒLLÌŒŒLKLLNÌŒŒLKLMÎÌŒŒLKLŒ‚ÎÌÎÍÍNÎÎMŽÌLÎLÌÌLÎLÌŒŒLKLNÌŒŒLKLŒŽÌŒŒL‹LBÍNÌMMNŽÎNLŽÍMŒÌLÌŒÍMÌŒÌŒŒLLÌŒŒLLNÌŒŒLLLŽÍNÌLÌÌÎNÌMÌMÌLŒÌÌLŒÌŒŒLLNÓNÓBÍŽÍÍÎLÍÍÍÌMÌÌMÌMMŒÌŒNKLKLŒNÓNÓBMNÍŒÎMÍNÌMŽMNÌMLŒÌÌMLŒÌŒNKLLÌŒNKLLLÎÌŒNKLLŒMÎÌŽÎŽÎÍŒÎNÎLLÌLLÎNMLÌŒŒLLŽÌŒŒLLÎÓBNÍLNÍÌÍŽLÌLŒÌÌLŒÌŒŒLKLÎÌŒŒLKLMŽÌŒŒLKLŒBŽÍŽÎLMŽÌÎLMÎÌŒÌMÌÌŒÌMÌŒŒLKLNÌŒŒLKLŽNÓBÌÍLÌNÍŽÌÍÍNÌŒÌÌŒÌŒNKLLLŽÌŒNKLLKLÌŒNKLLKLLÎÌÎNÍŒÌÍŽLNÌŽMÌÌÌŽMÌÌŒNKLL‹LÌNÌŒŒLKLÎÌŒŒLKLLNÍMŽÍÌÍÌMÌNÍÌŽÌÍÌŽÌŒNKLL‹LÌŒNKLL‹LMÎÌŒNKLL‹LŒLNÍŽÌÌLŽÌÎNNÌÌÍŒÌÌÌÍŒÌŒŒLKLÌÌŒŒL‹LNÌŒŒL‹LMBÌÎÌMNÍÌŒŽÎMNÍÍŒÌÍÍŒÌŒŒL‹LÎÌŒŒL‹LLŽÌŒŒL‹LNBÍÍŽNÌLMÍÌLNÌLÌÌLÌŒŒLLÌÌŒŒLKLÌŒŒLKLÎÌŽÌŒÎLŒÌŽÌLŒÍLÌÌLŒÍLÌŒŒL‹LŒNÌŒŒL‹LNÌŒŒLËLBLNÍNÌMLŽÎMŒÍLÌÍLÌŒNKLL‹LNÌŒNKLL‹LÎÌŒNKLL‹LLLŽÍMÎÌLŒÎNÍNÍMÎÍŒÌÍŒÌŒŒLKLŽÌŒŒLKLLNÌŒŒLKLMLŽÍNÌLÌŒÎÌÌŒŽNÍÌLÌÍÌLÌŒŒLLMNÌŒŒLLNÌŒŒLL‚LNÌŽÌMŒŒÎÎMMÌNNÍÌÌÍÌÌŒNKLLLÎÓNÓBLÌNÍNÌMMÎÍŒLMNÌLÍLÌÌLÍLÌŒNKLLLŒÎÓNÓBLÍÌÍNÌŒŽÎÎŽÌNLÌÌNLÌŒŒLËLŽÌŒŒLLNÌŒŒLLŒLÍNÍÎÌŽLNÎLÎÎLÌMÌMŒÍÌNÌŒNKLLKLNNÌŒNKLLKLŽNÌŒNKLL‹L‚MNÌŒNÌMÌŽMNÌŽLŒNÌLLLŒÎNÌLLMŒŒÌŒNKLLŒŽÌŒNKLKLŽÌŒNKLKLLBMÎNÍÎÍÌÌMÍLÎÌÌNLÌÌÌNLÌŒŒLËLÌNÌŒŒLLŽÌŒŒLLBNŽÍÎÌLNŽÌÍNÍLMÌÌÍLMÌÌŒŒLËLŒŽÌŒŒLËLÌÌŒŒLËLÌBNÌMNÌMÎÍÌŒŽMŒÌŒŒÌÌŒŒÌŒNKLKLNNÌŒNKLKLŒŽÌŒNKLKLÌŒLNÌÍNÎLŒÎÌÎÌŽMŒÌÌŽMŒÌŒNKLKLNNÌŒNKLKLNÌŒNKLLLŒLÎÌÌÎÎLNÌÍÌLÍÎÌNMLÌÌNMLÌŒNKLLLÎÌŒNKLLLÌÌŒNKLLKLLÂŒÌLÌLLLNÍMNNÎLÌÎLÌŒNKLLLŒÎÌŒNKLLLŽÌŒNKLLKLBŒŽÍŒŽÌMLNÍÍÍLÎÌÌÌÌÌÌŒŒL‹LLÎÌŒŒL‹LNÌŒŒL‹LBÌÌÍÎÌÌMNÌMMÌÌMMÌŒNKLLLÌÌŒNKLLKLŽÌŒNKLLKL‚NÍÌŽÍNÌMNŒŽÌLNÌÌLNÌŒNKLLKLLÌŒNKLLKLÌŒNKLLKLŽMNÌÌÍŒÎÍŒÎMŽÍLÌÍLÌŒŒL‹LŽÌŒŒL‹LNÌŒŒL‹LLŽNÌŽÌŒNLŽÎLŒÌŽÍÌŒÍMÌÍÎÌŒŒL‹LŽNÌŒŒLËLNÌŒŒLËLLÂÌÎÌLŽÌLMÎÌLÎLŒŽÍLŒÌÍLŒÌŒNKLLKLÌŒNKLLKLLNÌŒNKLLKLMBÎNÍŒÎÍŒMÎÍÎMLNÌÌŒŒÌÌÌŒŒÌŒNKLL‹LŽÌŒŒLKLNÌŒŒLKLŒBŽÎÌŽÌLLÍÎÍŽÌŽÌLMLÌÌLMLÌŒNKLKLNNÌŒNKLKLNÓBŽÍŒŽÌMÌŒŽÍLNÌMMLÌÌMMLÌŒNKLLKLLNÌŒNKLLKLMNÌŒNKLLKLMÂŽLŽÌÍÎÌŽMŒŽÌMŽÌLŒŒÌÌLŒŒÌŒŒLËLÎÌŒŒLËLŽÌŒŒLËLLŽLÎÍÎÎNÌÌNÌŒLŒÌÌŒLŒÌŒNKLLKLMŽÌŒNKLLKLŽÌŒNKLL‹LBŽMNÍÎÎLÍNÍŒNÎNÌÎNÌŒNKLKLŒÎÌŒNKLKLŽÌŒNKL‹L‚ŽMÎÍÎŒÎÌÌLŽNÌNŒÌÌNŒÌŒNKLLLÎÌŒNKLLLNÌŒNKLLLLÂŽNÌNÌLÌÎÍMÌÍÌŒLLÌÌŒLLÌŒNKLLLŽÌŒNKLLKLLÌŒNKLLKLNÌÍŒNÌLŒNÌÎNNLÎÌMÍLÌÌMÍLÌŒNKLLLNÌŒNKLLŒŽÌŒNKLLŽBÌÍŽÌNÌLLŒÍŽŽÎLŒÍÌŒÎÌÌÌŒŒLKLŒÎÌŒŒLKLÌNÌŒŒL‹LÍÌÎNÎÌÎÌMÌŒNÌŒÍLÌŒLÌÌNÌÍÌÌŒŒLËLLÌŒŒLËLLNÌŒŒLËLMBÍLNÍŽÎÌŽÎLMŒÎÍMŒÌÍMŒÌŒŒL‹LŒNÌŒŒL‹LŒŽÌŒŒL‹LBÍLÎÌMÌLŽÍŒLÍNÌMMÍÌÌMMÍÌŒNKLLKLÌŒNKLLKLMÎÌŒNKLLKLNBÍÍŒŽÍLLŒÎÌÍLÌMŒÌÌMŒÌŒNKLLLLÌŒNKLLLMŽÌŒNKLLLŒ‚ÍŽÌÌŽÍLÎNÎÎNMÎÌÍÎÌÌÌÍÎÌÌŒŒLKLŽÌŒŒL‹LÎÌŒŒL‹LÂÍŽNÌMÎÎŒŽÌLLÎÍNLŒÌÍNLŒÌŒNKLLKLLÎÌŒNKLLKLŽÌŒNKLL‹L‚ÍÌNÍÎÍLÍŽLŒNÌÌŒÌÌÌŒÌŒŒLKLÎÌŒŒLKLÌÌŒŒL‹LBÎÎÍMŽÌLLLŒÌŽÍLLLÌÍLLLÌŒNKLLLLÎÌŒNKLLLŒÌŒNKLLLŒBÎÍÎÌMNÌLŽÌLMÌÌLMÌŒŒLËLÌNÌŒŒLLLÎÌŒŒLLNBÎMŽÍŒÎÍLMÌNLŽÌNNMŒÌÌNNMŒÌŒŒLKLŒÎÌŒŒLKLÌNÌŒŒL‹LL‚ÎMÎÍŽNÎÎNÍMÍMNÌÍMÌÌÌÍMÌÌŒŒLKLNÌŒŒLKLMÎÌŒŒLKLNÎNNÍÎÌMMÎÍLMMNÍŒLÌÍŒLÌŒNKLL‹LLNÌŒNKLL‹LÌŒŒLKLMŽÌŒÍLNÍÍNMÎMŒÌÎMŒÌŒNKLLKLÎÌŒNKLL‹LŽÌŒNKLL‹LMMÎÌŒÎÍÍNÎÌÍŽÍÎÌÌÍÎÌÌŒŒLLŽÌŒŒLLNÌŒŒLLLÌÌŽÌÌÍÎÍÌÍŽNNÍNÌÍNÌŒNKLL‹LNÌŒNKLL‹LŒŽÌŒŒLKLÂÌÎÌŒÌLÎMÎNÍŒMÌÍŒÌÌÍŒÌŒNKLL‹LNNÌŒNKLL‹LÌNÌŒŒLKLBÍŽÎNNÌŒMÎÍMMÌLÌÍMMÌLÌŒŒLLÌŒŒLLMÌŒŒLL‚NÍÍLŽÌŒÎNÌÍŒÌÌÍŒÌŒNKLLNÌŒNKLLLÎÌŒNKLLMÂÎÍÎÍMŒÎÎLÌLMÌÌLMÌŒNKL‹LNÌŒNKL‹LŒNÌŒNKL‹LŒ‚MŽÍNÌLŽLÎÍMÌLÎÌLŒÌÌLŒÌŒNKL‹LLÎÌŒNKL‹LNNÌŒNKL‹L‚ŒÎÌÍÎÌLLŒŽÍÌÍŽNNÌŒMÍŒÌÌŒMÍŒÌŒŒLKLŽÌŒŒL‹LNÌŒŒL‹L‚ÌÎÌLŽMMŽÍLÌLÎÌMLÌÌMLÌŒNKLL‹LŒÌŒŒLKLŽÌŒŒLKLLBÌÎÌÎÌNLÎÎNŒLŽÌMÌÌMÌŒŒLËLŒŽÌŒŒLËLŒÎÌŒŒLËLŽÍNÍMNÍMÌNLÍŒŒÌLŒÍŒLÌŒNKLLKLNÌŒNKLLKLŒÌŒNKLLKLŒLŽÌÎÎMÌÎMÌLÌMŒÌÌMŒÌŒNKL‹LÌŒNKLËLÎÌŒNKLËLŒBLÎÍLNÍMŒŽÌŒÌNÌMNLÌÌMNLÌŒŒLËLMÌŒŒLËLŒÎÌŒŒLËLNNÌMÎÌŒŽÎÌMLÎÌŒÌLÌÌŒÌLÌŒNKLLKLMÎÌŒNKLLKLŒŽÌŒNKLLKLŽBLÌŒÎÌLNMÎÍŒŒÌÌÌÌŒNKLËLŽÌŒNKLËLÎÓBLNÌÎÌLŒÍÍNLNÌŒÌÌŒÌŒNKLL‹LÎÌŒŒLKLŽÓBLŒÎÌNNÌLMŽNÍÌÌÎÌÌŽLÌÌÌÌŽLÌÌŒŒLLŒÎÌŒŒLLŽNÓBLÌNÌMNÌÍLŒŽÍMŽÌLLÍÌÌLLÍÌŒŒLËLÌÌŒŒLLÌŒŒLLLÌŽÍŽÌLNÌŒÍÌÍÌŒNKLKLŽÌŒNKL‹LÎÌŒNKL‹LŒBMÍÍÌNLŽÌLMÎÌŽÌÌŽÌŒNKLKLÌŒNKLKLLÌŒNKLKLMÂMNÍNÌLÌŒÌNÌÍLMÎNÌNÌÌNÌŒNKLLLŽÌŒNKLLKLŽÌŒNKLLKL‚MLÌÌNMÎÎLŒŒÎÎLŒÌÌÎLŒÌÌŒŒLËLMNÌŒŒLËLŒNÌŒŒLËLÌBMMNÍNÌMMŽNÌÍMÍŒÌÍŒÌŒNKLLÌNÌŒNKLKLLÌŒNKLKLLÂMMŽÍLÎÌÌŽÌŽŒÌNÌLMÎÌÌLMÎÌŒŒLËLŽÌŒŒLLNÌŒŒLLLBMŽNÍŽÌLNÌÎÌLMÍŽÌMŒLÌÌMŒLÌŒŒLKLŒÎÌŒŒLKLÎÓBMÍNÌÌÍŒÌLŒŒÌÌÍÌÌÍÌŒNKLËLLŽÌŒNKLËLLÎÌŒNKLËLŒ‚NLÌÍŽÎNÌMŒNÌÌŽŒÌÌÌŽŒÌŒŒLKLŽÌŒŒLKLLŽÌŒŒLKLNBNMÌLÎÌÍÍNÎMLÎÎÌLŒMÌÌLŒMÌŒNKLL‹LÌŒNKLL‹LMŽÌŒNKLL‹LNNMNÌÌŽÌMNMŽÌÎLÌÌŽÍÍÌÌÍÍÌÌŒŒLËLÎÌŒŒLËLMŽÌŒŒLËLŽNMŽÍŒÎÌLÍŒŽÎMÍÌÎÌŒÎLŒÌÌŒÎLŒÌŒŒLKLŒNÌŒŒLKLŒÎÌŒŒLKLŽBŒŽÍÍŒLÎÌNÎÍÌÍÌŒNKLL‹LÌŒNKLL‹LMÎÌŒNKLL‹LŒÂŒÎÍNÌMMŒNÎMÌNÌÌNÌŒNKLLŒÌŒNKLLŒÎÌŒNKLLŽBŒÍŽÌMLMŽÌMÌÌLÎLÌÌLÎLÌŒNKLLŽÌŒNKLLÌÓBŒŽÌŽÌMŒŽÎÌÍÌMŽÌNMÌŒÌÌNMÌŒÌŒNKLKLNÌŒNKLKLÎÌŒNKLKLLBMŽÍNÍMLÌÎLNÌÍLÌÌÍLÌŒNKLKLŒNÌŒNKLKLÌŒNKLKLŽÎÌŽÍŒÌŒNÎLÍNÌÌLLÌÌÌLLÌŒŒLËLLŽÌŒŒLËLNÌŒŒLËLNBŽÎÍŒNÍNMNÌLÌŽÌŒMÌÌŒMÌŒNKLLLLNÌŒNKLLLNÌŒNKLLKLŽNÍŒÎÌLNÍÌÌÎNÌNÌŒÌÌNÌŒÌŒŒLKLŽNÌŒŒL‹LLÌŒŒL‹LL‚ŽLÎÍLŽÌNÌÎLMÎÌLMLÌÌLMLÌŒŒLKLŒÎÌŒŒLKLŽÌŒŒL‹LŽMNÍNÍÎMÌLŽÍMNLÌÍMNLÌŒŒLLŽÌŒŒLLŽNÌŒŒLKLÂŽNÍNÍÌNÌŒÌNÌÌLÌÌÌLÌŒŒLKLÎÌŒŒLKLLÌŒŒLKLL‚ÌNÍNÎLÌÍÎÎMLMÍÍLÌÍLÌŒNKLLKLŽÌŒNKLLKLLNÌŒNKLLKLMBÌÎÌLNÌMNÌŒŽÌŒNMŒÌÌŒNMŒÌŒŒLKLŒÎÌŒŒL‹LÌŒŒL‹LÌÍÌÌMÎÍŽŽNÍŽNÌÍŽNÌŒNKLLLÌŒNKLLLLŽÌŒNKLLLMÌLŽÌMÌMŽÌŽÍÌŒÌÍÌŒÌŒŒLËLNÌŒŒLËLNÌŒŒLËLŒBÌMÍŽÍŒŒŽÎÌMNÌLMÌÌLMÌŒNKLKLŽÓNÓBÌŒNÍŽNÍŽLÎÌLÎMLÌÎMLÌŒNKL‹LLÎÌŒNKL‹LMÎÌŒNKL‹LNBÌÎNÍLÎÌÍŽNÍNLNNÌLŒÌÌLŒÌŒŒLËLLŽÌŒŒLËLÌŒŒLLBÍÍNNÌÌMLÎMŽÍŽÌMÌÌÌMÌÌŒNKLLKLLŽÌŒNKLLKLÌŒNKLLKLŽBÍNÌNÍMŒLÎÌMLŽNÍŽMÍÌÍŽMÍÌŒŒL‹LLNÌŒŒL‹LMÌŒŒL‹LNÍÌŒÎÌMÍMÍŽÍLÌMŒNÌLLŽÌÌLLŽÌŒŒLLŒŽÌŒŒLKLŽÌŒŒLKL‚ÍLÍÌMÌÎÌLÍÌÌÌÌÌÌÌÌŒŒLLŽNÌŒŒLKLÎÌŒŒLKLMÍLÎÍMÌMÌŽÌŽMŽÍÌLÌLMÌLÍNÍÍLÌŒŒLKLLŽÓNÓBÍMÎÍÍÍŽMÎÌMŒÍNÌÌÎÌÌÌÎÌŒNKLLKLLÌŒNKLLKLŒÎÌŒNKLL‹LBÍNÍÌŒLŽÌÌMÌÎÌŽMŒÌÌŽMŒÌŒŒLLMÎÌŒŒLLŒÎÌŒŒLLŒÂÍNÌÌŽÌÎÎÍLLÍÌÍÌŒŒLLŒŽÌŒŒLKLÎÌŒŒLKLMÍÎÍÎÍÌŒÍÍNÌÍÎLÌÎLÌŒNKLKLŒÎÌŒNKLLLNÌŒNKLLLÂÍÌÍÎNMÎÌLÎÌNÌÌNÌŒŒLLLÎÌŒŒLLNÌŒŒLLÎNÌNÎŒŽÎMMNÌLLÍÌÌLLÍÌŒNKLKLLÌŒNKLKLŒŽÌŒNKLLL‚ÎŽÍÎÌMÌÎŒŽÌLŽNÌÌLŽNÌŒNKLKLŽNÌŒNKLLLŽÌŒNKLLLMÂÎÍÌÌŽÎÍMÌÍÎÌNMŒŒÌÌNMŒŒÌŒNKLËLNÌŒNKLËLÌÌŒNKLLLÂÎLNÌÌŽÌŒLÍNÎLLÎNÌÌÌÌÌÌŒŒL‹LÎÌŒŒL‹LLŽÌŒŒL‹LM‚ÎLŽÍÍÌMNÌÎÎÌŒÌÌŒÌŒŒLLŽÌŒŒLLÎÌŒŒLKL‚NÌMÎÌNMÎÌLÍÌÎÌÍŒÌÌÍŒÌŒNKLLLMÎÌŒNKLLLŒÎÌŒNKLLLÌNÌNNÍÎLMŽÍÎMMÌŒŒLÌÌŒŒLÌŒNKLLLÌÓNÓBŽÌÌŽÌŒÍNÌŽŒŽÍÌÍÌŒNKLL‹LMÌŒNKLL‹LÎÌŒNKLL‹LÌBÌÎÌŒÎÎÎÌŒŽÎÌÎÌŒŒLKLLÌŒŒLKLNÌŒŒLKLÎÍNÍMÎNÌÌŽÌÌÌÌŒNKLËLŒÌŒNKLËLÎÓBNÌMÌLÌÌÌŒÍŽÌÍÎÌÌÍÎÌŒNKLLKLLÌŒNKLLKLMŽÌŒNKLLKLMÂÌÎÌÎÌNMÍÌŒÍMŒÌÍMŒÌŒNKLLKLÌŒNKLLKLMNÌŒNKLLKLMÂÎÍMÎÌÎLŽÍÌŒNÍŒÌÍŒÌŒNKL‹LLÌŒNKL‹LŒNÌŒNKLËLBNÌŽÌMÎLLŽÍŒÍNÌŒLÌŒÌÌŒLÌŒÌŒNKLL‹LÎÌŒNKLL‹LLÎÓBÎÍNÍŽLLÌŽÍÌÌÍÌÌŒŒLKLŽÓNÓBÎÌÎÌLMŒÍLŒNÍÎÌÍÎÌŒŒLËLLÌŒŒLËLŒNÌŒŒLËLŒÂÌŽÍMŽÎÎÌLÍŽÌÌLÍŽÌŒŒLKLMÎÌŒŒLKLNÌŒŒLKLÌNÍŽÌMŒŽNÍMŒÌÍÎÌÎÌŒNKLLMÌŒNKLLÌŒNKLKLÂLŽÌŒŽÌMMMÎÌÍÌLŽÍŽLŒÌÍŽÌŒNKLL‹LÌNÌŒŒLKLÎÌŒŒLKLLBLNÌÍÍLÎNÌŽLMŽNÌÌMLÌÌÌMLÌŒŒLLNNÌŒŒLKLŽÌŒŒLKLMLLÎÍÍŽMÎÌMŽNÌŒÌÌŒÌŒŒLKLNNÌŒŒLKLŒŽÌŒŒLKL‚LMÍŽNÍLÎÌÎMNÌMÍLÌÌMÍLÌŒŒL‹LŽÌŒŒLËLÎÌŒŒLËLLNÍNÍLŽÍŽNMMŽÌNMLÌÌNMLÌŒŒLKLMNÌŒŒLKLŒNÌŒŒL‹LLŽÍÌŒŽNÎMNÌLLÌÌLLÌŒŒLLNÌŒŒLKLÓBLÍŽÍŽNÌMŒMŽÍÎNLÍŒÌÍŒÌŒNKLL‹LNÌŒNKLL‹LÌÌŒŒLKLLÂMNÌÌNÌLŽÌÌMÎÌMŒŒÌÌMŒŒÌŒŒL‹LLŽÌŒŒL‹LMÎÌŒŒLËL‚MŽÍNÌLÌÎÌÍÍLLNÍÍŒÌÍÍŒÌŒŒLKLÓNÓBMŽÌNÍŒÎÍŒNŽÎMLÌÎMLÌŒŒLLNNÌŒŒLLNÌŒŒLKLMLŽÍMÎÍÍMÍÍLNÌLÍÌÌÌLÍÌÌŒNKLL‹LNÌŒNKLL‹LMÎÌŒNKLL‹LMMÌMÍŒŽÍÌNLÌŒÌÌŒÌŒNKLKLNÌŒNKLKLÎÌŒNKLLLÂMMNÍŒŽÍÍŽLNÌMNLÎÎLNÌÎLNÌŒNKLL‹LLNÌŒNKLL‹LLÎÌŒNKLL‹LLÂMÍÎÍÎÌLŒŒNÌMŒNÍLŒÌÌÍLŒÌÌŒŒLËLNÌŒŒLËLŒNÌŒŒLËLMÎNÍŒNÌÍLÎÌÍÌÍŽNÌLÍÍLÌÌLÍÍLÌŒNKLL‹LMNÌŒNKLL‹LŒÌŒNKLL‹LŒNŽÍÎÌLŒMÌÎÎLÍÎÌMÌŒÍÌMŒÌŒÌŒNKLLLÌŒNKLLLŒŽÌŒNKLLLŽNLÌÎÍMŒŽÌŒŒŽÎLÌLŒÌMÎLŽMÍŒÌŒŒLKLŽNÌŒŒL‹LLŽÓBLÎÌLNÍÌLŽÍŒNNÌMÌÍLÌLLÌŒNKLLNÌŒNKLLLÎÌŒNKLLŒBLLNÌÎÌMNNMÎÍÍLNMÌNNÌÌNNÌŒŒL‹LÌŒŒL‹LÎÌŒŒL‹LNLLŽÍLÎÍLÍŽÎNMNLÎÌŒNÌÌŒNÌŒNKLKLÎÌŒNKLKLNÌŒNKLKLL‚LNÍÎÎLNÍÍLLÌNÍÍNLÌÍÍNLÌŒŒLKLŽÌŒŒLKLNÌŒŒLKLÂLŽÌÎÎLÌÍŽÍMLÍÍÍÌÍÍÍÌŒŒLËLŒNÌŒŒLËLŒÎÌŒŒLL‚LÍNÌNNÌMLÌÌŽÌÌLÍÍLÌLLLÍLÍÍLÌŒNKLL‹LLÎÌŒNKLL‹LNÌŒNKLL‹LLÎÌŽÎLMÎÌNNÌÍŒÌÌÍŒÌŒŒLLNÌŒŒLKLNÓBLNÍŽNÌLÍMÌÎÍŒMŽÌNÌÌNÌŒNKLLLÌÌŒNKLLKLNÌŒNKLLKL‚LMÍÍÍŒÌÌMÎÍMLŒÌÍMLŒÌŒNKLKLMÎÌŒNKLLLNÌŒNKLLLBLŒÍŒÎÌMÍLŽÍÍÌÎÌŽŒÌÌŽŒÌŒNKL‹LÌŒNKL‹LÎÌŒNKL‹LNLÌÌNÎLÌNNÍMÍÎŒLÌÎŒLÌŒŒL‹LŽNÌŒŒLËLŽÌŒŒLËLLÌNÍÌŒŒNÌŽMLÌŽŒÌÌŽŒÌŒNKLLKLŽNÌŒNKLL‹LNÌŒNKLL‹LŒÂLÌŽÍŽÌLLŒŽÍLÍŽÌMÍÍŒÌÌMÍÍŒÌŒNKLLLŽÌŒNKLLLŽNÌŒNKLLLÌLÍLŽÌLÍNÎNÌÎÍMLÌÍMLÌŒŒL‹LNNÌŒŒL‹LNÌŒŒLËLLŽÌÌÎÍLÍÍÎMŒNÌÎNLÌÌÎNLÌŒNKLL‹LÌNÌŒŒLKLÌŒŒLKLNBLNÌÎNÌMNÎMNLÍNÍMLÌÌÍMLÌÌŒNKLL‹LLNÌŒNKLL‹LNÓBLLÌÎÌÍLŽÎLMÍÌÍLÍLÌMÌÌLÌÌÍŒMÍLÌŒŒLËLNÌŒŒLËLLÎÌŒŒLËLÂLLŽÌÎÌMLÍNÌNLMŽÍÌÌÍÌÌŒŒLKLLÎÌŒŒLKLNÌŒŒL‹LLNÍŒŽÌMÍNÌÍNLNÍLÌÍLÌŒŒLKLNÌŒŒLKLLÌŒŒLKLLLLÌÍNÍMŒNÎÍMÎÌŒÌŒÌÌŒÌŒÌŒŒLKLNÌŒŒLKLŒNÌŒŒL‹L‚LLLNÌŽÌMNMNÍÌÎMNÌLÌÍÍMŒÌLLLÌŒŒLKLNÌŒŒLKLNÌŒŒLKLŽBLLÌÎÌMNÎÍMÌŽÍÌÍÌŒŒLKLŽÌŒŒL‹LÎÌŒŒL‹LLÂLLŽÍÌMNÌÌŽÍÍNLÌÍÍNLÌŒŒLËLÎÌŒŒLËLLŽÓBLMÌÌLLNÍŒMLNÍŽMŒÌÍŽMŒÌŒŒLËLŽÌŒŒLËLÌÌŒŒLLBLMŒÌÎÍLÍÍLLÎÌMLŒÌÌMLŒÌŒŒL‹LÌŒŒL‹LMÎÌŒŒLËL‚LMNÌNÌLÎNLŽÌŒMÌÌÎÌLNÌÌÌLNÌÌŒŒLËLÌNÓNÓBLMÎÍÍMÎÍÌLLŒNÎMŒÌÎMŒÌŒNKLLKLŽÌŒNKLL‹LÎÌŒNKLL‹LLMÌŽÍNÌÌŽLÍŽÎÍŒLÌÍŒLÌŒNKLLKLŒNÌŒNKLLKLNÌŒNKLLKLŽLMÍÎÍÌŽÌNÌÍNÍNMÌÍNMÌŒŒLLŒÎÌŒŒLLÌÌŒŒLKLMLŒÌÍŽÍÌŽÍLÎÎÌÌÎÌÌŒNKLLLLÌŒNKLLLMŽÌŒNKLLLNBLNÌŽÍLÍŒŽÌÍÌNÌLÌÌLÌŒNKLLKLÌŒNKLL‹LÌŒNKLL‹LLLŒÎÌÌÌLLŽLÎÍNLŒÌNLÍLÌÌNLÍLÌŒNKLLKLNÌŒNKLLKLNÌŒNKLLKLŒLNÍŒÎÌMŒŽÌNNLNÌŒÌŒÌÌŒÌŒÌŒŒL‹LŒÎÌŒŒLËLÎÓBLŽÍLNÌLÍÌLLNÍMÌÎÍMŒÌŒŒL‹LŒŽÌŒŒLËLNÓBLÎÍŽÌLMÎÍÍŽMÌÎÍÌÍÌŒNKLKLNÌŒNKLKLÎÌŒNKLKLMBLÌNÌÎNÌŒMÌMNÍŒÌÍŒÌŒŒLËLNÌŒŒLLÓBLÌŽÌŽNÍÎMÎNÎLŒŽÌLÌÌLÌŒNKL‹LŽÌŒNKLËLÌŒNKLËLM‚LŽÎÌÌÌLŒMÎÌŒÎMÌÌŒÌÌÌŒÌŒNKLLKLNÌŒNKLLKLÌŒNKLLKLLÂLŽNÌLÎMŽNÌÌMŽÎLLÌÎLLÌŒNKLLLŽÌŒNKLLKLLNÓBLÌNÌŽÌLÌŒÎÍMMNÌMMÌÌMMÌŒNKLLNNÓNÓBLÌÎÍŒÎÍLLŽÍNLÌŽLŽÌÌŽLŽÌŒŒL‹LNÌŒŒL‹LLŽÌŒŒL‹LŒLÌŽÌMÎÌÍNNÌÍŽNÍÍÍÌÍÍÍÌŒNKLLKLŽÌŒNKLLKLLNÌŒNKLLKLŒLÌLŽÍŒÎÌLLLÌMÍÌÎÌMŒÌÌMŒÌŒNKLËLŒNÌŒNKLËLÌNÌŒNKLL‚LÌLÎÌŒNÌÍÍÌNNLŒÎÍMŒÌÍMŒÌŒŒLKLŽÌŒŒL‹LŽÌŒŒL‹LÂLÌMŽÌÍÎÌMÌLŽÎŒÌMÎÍMMŒÌÍMMŒÌŒŒLKLNÌŒŒLKLÎÌŒŒLKLÂLÌNNÌŒŽÌLŒÎÌŽMLŽÌÍÎÌÌÍÎÌŒNKLLLÌŒNKLLLÎÌŒNKLLKLÂLÌŒNÌÍÍMÎLÍŽLÌÌMLÌÌÌMLÌŒNKLLLNÌŒNKLLLŽNÌŒNKLLKLLÌÎÎNÌŒÌNÎÎNNÌÌÌŒÌÌÌÌŒÌŒŒL‹LNÌŒŒLËLÎÌŒŒLËLLLÌŽNÌÍNÍÌÎNNÍLŒŽNÍŽÌÍŽÌŒŒLLŽÌŒŒLKLLÌŒŒLKLŒBLÌÌÎÍŒŽÌÎMÎÌÍŒÎLÍÎÍÌÌŒÌŒŒLËLMÌŒŒLËLŒNÌŒŒLËLÂLÍMÎÍLNÎLÍŽÍNÍMÎÌŒMŒÌÌŒMŒÌŒNKLKLMNÌŒNKLKLŽÌŒNKLKLÌLÍNÍÌMŒMNÌŒÌÎNÌLÌÌLÌÌLÌÌLÌŒŒLKLŒŽÌŒŒL‹LÌŒŒL‹LLÍÍNÍŽÌÎNNÍLÎMÌLMLÌÌLMLÌŒŒLKLNNÌŒŒLKLÌÌŒŒL‹LLÍÎNÌÌÍMNÍMŽNNÌNLŒÌÌNLŒÌŒNKLL‹LLNÌŒNKLL‹LŒÓBLÎŽÌÍÎÌLMNÌŽMÎNÍNNÌNÍMÎNMŒÌŒŒLLLNÓNÓBLÎLNÍNÍÍŽÎMLÌLMŒÌÌLMŒÌŒŒLKLÌŒŒLKLŒNÌŒŒLKLÌBLÎMNÌÌŽÍNNÍMÎŽÌÌŒÌÌÌŒÌŒNKLKLÎÌŒNKLKLÎÌŒNKLKLMÍŽÌLŽNÍÌNMNÌÎMLÌÌÎMLÌŒNKLKLÌNÌŒNKL‹LŽÌŒNKL‹LLMLNÌŽÎNÎLLŒNÌLÌÌLÌŒNKLKLŒNÓNÓBMLÎÍÍMNLÎÍLÍÌÎMŒÌÎMŒÌŒŒLËLNÌŒŒLËLLŽÌŒŒLËLMMŒÌLÎÎMMÎŽÌÍNÌÌÍNÌŒNKLËLMŽÌŒNKLËLŒŽÌŒNKLLBMÎÌNÌMŒLNÎMÎÍÌÌÍÌÌŒŒLËLNNÌŒŒLËLNÌŒŒLËLŽBMÌÎÌÎÍÌÌÎLÍÌLLÌÌLLÌŒŒLËLNÌŒŒLËLMNÌŒŒLËLŒ‚MÍNÌÌNÎMMÍNÌÍÌÌNÍŒÎÌÍŒÎÌŒŒL‹LÌŒŒLËLÎÌŒŒLËLŒBMÎNÌŒŽÌLMLÍLÌÎÌLLÌÌÌLLÌÌŒNKLLKLŽNÌŒNKLL‹LLNÌŒNKLL‹LŒ‚MMÌŒNÌLNNNÍÎNNÌŽÍÌÌÌÌLÌŽÍÍLÌŒŒLKLÎÌŒŒLKLMŽÌŒŒLKLM‚MÍÎÍŽLŽÍLÎÌMMLÌÌMMLÌŒŒLËLŒNÌŒŒLËLŒŽÌŒŒLËLÌBMÌNÍNÌLLMŽÌNLMÍNÌÍNÌŒNKLL‹LMŽÌŒNKLL‹LŒÎÌŒNKLL‹LÌMÍÍŒNÌLÍÌÎÍŒÌLÍŽÍMLŒÌÍMLŒÌŒŒLLÌÌŒŒLKLÌŒŒLKLNMÍÎÍÌLÌÎÍLÍŒŽÎNLÌÎNLÌŒNKLL‹LNÓNÓBMÎÍNÌMÌŒMŽÌLNLÍÎÌLŒÌÌLŒÌŒŒLLMŽÌŒŒLLŒÎÌŒŒLKLÂMLÎÍNNÌMLMÎÎLÍMŽÌŒÌÌŒÌŒŒLËLÌŒŒLËLŽÌŒŒLL‚MNÍÍÎNÍLŒÎÌLÎLÌÌÌLLLÌLŽLÌŒŒLKLMÎÌŒŒLKLŒNÌŒŒLKLŒBMLÎÍMŽÌMLŒNNÌMŽNÎNLŒÌÎNLŒÌŒŒLKLŒNÌŒŒL‹LÌŒŒL‹LLÂMLLÍMÌLLLNÎMÍÌNNÌLÌÌLÌŒNKLL‹LŽÓNÓBMLÎÍÍLLÎNÍŽÌÌÎÌŒÍLÌÌŒÍLÌŒŒLLŒÌŒŒLLŽNÌŒŒLKLÂMLÍÎÌÍÎMLÌŽÎNLÍÎÍNLÍMMLÍLÌMMMLÌŒŒLLNÓNÓBMMÌÍÎÎMÍÍNNÍÌÍÌŒŒLKLŒŽÌŒŒLKLŽÌŒŒL‹LBMMÌLNÎLÌÎÎLÎÎÌŽŒÌÌŽŒÌŒNKLL‹LMŽÌŒNKLL‹LNNÓBMMLNÌÌÎMLNÎMÍŒÍÌÌŒÌÌÌŒÌŒŒL‹LNÌŒŒL‹LNNÌŒŒL‹LŒÂMMMÍŒÎÍMŽNÎMLÌMÌNÌÌMÌNÌŒŒL‹LÌŒŒL‹LŽÌŒŒL‹LŽMMMNÍŽÌLŽNÍŒÌMLŽÌLÌŒÌÌLÌŒÌŒNKLL‹LMÎÌŒNKLL‹LŒŽÌŒNKLL‹LŽMMMÎÍÌLÌNÌÍLŽÎÌÎÌŒNKLËLNNÌŒNKLËLŽÌŒNKLËLŽBMMNÌŒÍNMÍNÎLÎMLNÌÍŒLŒÌÌÍŒLŒÌŒŒL‹LŽÓNÓBMMŒÍMNÌLMŽÍMÍÌÎÌÌMLLÌÌÌMLLÌŒŒLKLÎÌŒŒLKLMÎÌŒŒLKLMNLÍLÍNÎŽNÌŽÌÌÌŽÌÌŒŒLKLNÌŒŒLKLLŽÌŒŒLKL‚MNLNÍLNÎLÌŽÍÌŒÍÍÌÌLÌÍÌÌLÌŒŒLKLŒÌŒŒLKLÌŒŒLKLÌMNLÎÍNÍÍŒÎÍLMÌNÌLMŒÌÌLMŒÌŒNKLKLÌŒNKLKLNÌŒNKLKLŒÂMŒLÌLŽÌŽLŽÎÌÍÎÌLNLÌÌLNLÌŒŒLLMÌŒŒLLŒŽÌŒŒLL‚MŒŒNÌMNÍÌŽLÎÌŽÌNÌÌÌÌÌÌÌÌŒŒLLMÎÌŒŒLLNÓBMŒÌÍÎÍLÍÎÌÍMLÎÌŽLÌÌŽLÌŒNKLL‹LÌÌŒŒLKLÎÌŒŒLKLMNÌÎNÌMNÍÎNMŽÍŽŒÌÍŽŒÌŒNKLLKLMNÌŒNKLLKLNÌŒNKLL‹L‚MŽÌÍŽÌMŽNÍŒÌÎÌŽÌÌŽÌŒNKLKLNÌŒNKLKLLNÌŒNKLKLŒMMNÌÍŽÌMLŒÎÎLÍÌÌÌMMLÌÌMMLÌŒŒLKLNNÌŒŒL‹LNÓBMŒÌLŽÌLÌÎMLÌNÍMLÌÍMLÌŒŒL‹LLŽÌŒŒL‹LNNÌŒŒL‹LŒBMÌŽÌÌŽÌMÌNÍŒŽNMÌÍLÌÌÍLÌŒNKLLLLÓNÓBMÍÌŽÌLMLÌNÍLŒŽÌŒNMLÌÌŒNMLÌŒŒLKLNÌŒŒLKLŒÎÓBMŽÎÍŒŽÍÎÌNÌÌÌŒMŽÍŒÌÍŒÌŒNKLL‹LŽÌŒNKLL‹LÌÌŒŒLKLLÂMŽNÍŒÎÎLLŽÍÍŒÍÎÌÌÌÌÌÌŒNKLKLŒÌŒNKL‹LÎÌŒNKL‹LLMŽÌŒŽÌMÌÌŽÌŒÍŒÌMŒÌÌMŒÌŒNKLLLNÌŒNKLLLMNÌŒNKLLLŒ‚MŽMŽÌNÎMLÌÌŒÌŒNÌMÌÌMÌŒŒL‹LŒŽÌŒŒL‹LŽÌŒŒL‹LŽBMÌŽÌMŽÌMŽÎŒŒÎÍŒMŒÌÍŒMŒÌŒŒLLŽÌŒŒLLNÓBMÌÍŒÌÍMNÌŒŽÎLÌÎLÌŒŒLLMÎÌŒŒLLŒNÌŒŒLLŽMÌÍNÌMŽÍŽNŽÌÌÎLÌNLÌŒÌŽNÌŒŒL‹LÌŒŒL‹LNÌŒŒL‹LŒÂMÌNÍLNÍŒÍMNÍÎLÎÍÌÍÌŒŒLËLŽÌŒŒLËLNÌŒŒLËLNMÌŽÍŽÍÎNÍŒŽÎMÌÎMÌŒNKLL‹LÎÌŒŒLKLLÌŒŒLKLL‚MÌÍÎÌNÌLÌNÎÍÎÌŒŒÍLÌÌŒŒÍLÌŒŒLKLŽÌŒŒLKLMÌŒŒLKLNMÍÎÎNÌMNŽNÌLÍŽÌLMŒÌÌLMŒÌŒŒL‹LMNÌŒŒL‹LŒNÌŒŒLËLÂMÍMNÌMÌMLÍNNÍLLÎNÌÌÌÍŒÌÌŒŒLKLNÌŒŒLKLMÎÌŒŒLKLÂMÍNÌNNÎNNÍÎŽÍÌŽÌÍÌŽÌŒŒL‹LNÌŒŒL‹LLŽÌŒŒL‹LM‚MÍŒŽÌÌNÌMNÍLÎÌŒŽŒÌÌŒŽŒÌŒNKLL‹LMÌŒNKLL‹LŽÌŒNKLL‹LÌBMÍÎÌÍÎÎNÍMÌŽNÌLŒÌÌLŒÌŒNKLKLNNÌŒNKLKLÌÌŒNKLLLLMÍÌÍŽÌLŒÍŽÎMÌLÎÌŒÍLÌÌŒÍLÌŒŒLLÌŒŒLLÎÌŒŒLLÂMÎÎÍNNÌLÌÌÎÎLŒNLNÌLŽÌÌLŽÌŒNKLËLŽNÌŒNKLLNÌŒNKLLÂMÎLNÌMNÎŽÍÍNMÍLÍÌÍLÍÌŒNKLL‹LMÎÌŒNKLL‹LŒŽÌŒNKLL‹LÂMÎMNÌÌÌLÍŒŽÌŒŒŽMÌLÌÌLÌŒNKLKLŒŽÌŒNKLLLŽÌŒNKLLLÂMÎMŽÌMNÌMMÌNÍŽÌLŒÌÌLŒÌŒŒLKLNÌŒŒLKLMŽÌŒŒLKLŽNNNÍÎÍÎMNÌNÎÍŽÌÍŽÌŒNKLLLÎÌŒNKLLŒÌŒNKLL‚NÎNÌÎÌMÍŽÌLLÌNÌLLÌÌLLÌŒŒLLNÓNÓBNŽÌLNÍŽÎMMÌÌŒÌÌÌŒÌŒŒLËLÎÌŒŒLLŽÌŒŒLLMÂNLŽÍŽÌÌÌÍÍMLŒNÍÌÍÌŒŒLKLLÎÌŒŒLKLMÎÌŒŒLKLŒÂNMNÍNÌLLÍÎÎLÍÎÌLLLÌÍÍLÎÌLÌŒŒLLLŽÌŒŒLLŒÎÌŒŒLKLBNNNÍLÌLÌNÍMŒÌLÍLŒÌÍLŒÌŒNKLLŒŽÌŒNKLKLŽÌŒNKLKLNŒÎÌMNÍŽÍŒMÌÌÎÍMLLÌÍMLLÌŒŒLLLNÌŒŒLLLÎÌŒŒLLLÂNÌŽNÌLMNÍLÌŒLÎÎMŒÌÎMŒÌŒNKLLLÎÌŒNKLLLLŽÌŒNKLLLŒÂNÌÍÌMÌÎÎLNÌÍÌÌÍÌÌŒNKLL‹LÌŒNKLL‹LŽÌŒNKLL‹LLÂNÌŽÌLŽÍLNÌÍMÌÌÌÍMÌÌŒNKLËLÎÓNÓBNÌNÌLÎLŒÎMŒLLŽÌLLLÎÌLNÌLLLŒŒÌŒŒLKLÎÌŒŒLKLŒNÌŒŒLKLŽNMLÍŒÎÌÎŒÎLNMNÌÌŒÌÌÌŒÌŒNKLLŒÓNÓBNMNÍNÌMÍÍÎNÎÌÌNÌNLÌÌNLÌŒNKLKLMÎÌŒNKLKLNNÌŒNKLKLŽBNMŒŽÌÍÌMÎÍLÎMNÌŒÎMÌÌŒÎMÌŒŒLKLNÌŒŒLKLLÌŒŒLKLNBNMÌÎNÌLLÌÎÎMLÎÌNÌÌÌNÌÌŒNKL‹LÌŒNKLËLNÌŒNKLËL‚NMÌNÌŒÌMŽŽÌŒÍÎÌLÌŒMŒÎÌŒNKLËLÌŒNKLËLMÌŒNKLËL‚NNLNÍŽÌLŒŒÍÌMNMÍÎÌŽÌÌÌŽÌÌŒNKLËLÎÌŒNKLLŽÌŒNKLLLBNNMŽÍŽÌMÎÎLNÌÌNMLÌÎLLÌŽÌŒŒLLŒŽÌŒŒLKLŽÌŒŒLKLMŒÌÍÎÌMŒÎNNÌMÍÌÎÌMNÌÌMNÌŒŒLKLLNÌŒŒLKLMNÌŒŒLKL‚ŒŒŽÌÎÌLÍNÎMLÍNÍÎMÌÍŽMŒÍÍÍÍÌŒŒLKLMNÌŒŒLKLNÌŒŒL‹L‚ŒMÎÌŒÌMÌÌÍNÌÍMÌŽÌÎNLŒÌÌÎNLŒÌŒŒLËLMÌŒŒLËLNÌŒŒLËL‚ŒNÌNÌLÍŽÌMŽLNÍÎLÌÍÎLÌŒNKLLKLLŽÌŒNKLLKLNÌŒNKLLKLÂŒÍŽÍŒÌMŽNLNÌÍNÌLMŒÌÌLMŒÌŒŒLKLŽÌŒŒL‹LÎÌŒŒL‹LMÂŒÎNÌNÌMNNNÌÎÌNÌÌÌNÌÌŒŒLKLNÌŒŒL‹LNÌŒŒL‹LL‚ŒÍNÍÍNÎLŒLÎÌÌNÌÌÌNÌŒŒLLMNÌŒŒLLNÌŒŒLLŽBŒÎÌŒÎÍNÎÍLLÎÌMÌÌMÌŒNKLLKLÌŒNKLLKLMŽÌŒNKLLKLŒŒÍÌLMŽÍÎMÎÌŒÍMÌÌŒÍMÌŒŒLËLMÎÌŒŒLËLÎÌŒŒLLÂŒÍNÍLÍNÍÎÌLNÌÌÌÌÌÌŒŒLKLŽÌŒŒLKLÎÌŒŒL‹LLŒLÍNÍMNÎMŒNÌLMŒŒÌÌLMŒŒÌŒŒLLÌŒŒLLMÓBŒLNÎNÌLŒÌÌÌŽÍÍLLÌÍÍLLÌŒŒLËLÎÌŒŒLËLNÌŒŒLËLLÂŒLŽÎÌLNLŽNÍŒMMŽÍÍÌÍÍÌŒŒLKLŒÎÌŒŒL‹LÌŒŒL‹LŒLNÎÍŽNÍMÎNÌNLŒÌÌNLŒÌŒNKLLKLNÌŒNKLL‹LNÌŒNKLL‹LNBŒLÎÌLÎÌÎMŽÌMÌŒÌÌŒÍÌŒÌLŒÌŒŒLËLMŽÌŒŒLËLNNÌŒŒLËLŽBŒLNÍÎÎNÍŽLŽÌŒLÌÌŒLÌŒŒLKLNÌŒŒL‹LŽÌŒŒL‹LMÂŒLÎÌÎMNÍÍŽLÍÍMLÌÍMLÌŒŒLKLLŽÌŒŒLKLŒNÌŒŒLKLÌBŒLLNÍÎÌLNNÎLÎMŽÍÌÍÌŒNKL‹LMÌŒNKL‹LŒÎÌŒNKLËLŒLMÎÌLŽÌMÌÍÌÍMÌÍMÌŒŒLËLÌNÌŒŒLLNÌŒŒLLMBŒLŒŽÌNÍÌÎÍŒLMLÎÌLÎŒÌÌLÎŒÌŒŒLËLNÌŒŒLËLŒÌŒŒLËLÌBŒMŽÍNÌMMŽLŽÎMÍLŽÌMÎLLÌÌMÎLLÌŒŒLKLÎÌŒŒLKLLNÌŒŒLKLLBŒMLNÌÍMÎNÌŒŽÌŒŒLÌÌŒŒLÌŒŒLLŒŽÌŒŒLLŽNÌŒŒLKL‚ŒMMÎÍNÍÌŒNÍÍŽÌNLÌŒÌÌNLÌŒÌŒNKLL‹LMNÌŒNKLL‹LŽÌŒŒLKLÂŒMNNÍMNÌÍÌLŽÌÌŽÍÌÍÌŒNKLL‹LNÌŒNKLL‹LLÎÌŒNKLL‹LMÂŒMŽÍŒÌLMŽÍLLŽÎÌÎÌŒNKLLŽNÌŒNKLKLÎÌŒNKLKLŒBŒMÌÎÍNÎMŽNÎÍMÌLMÌLÌÌLMÌLÌŒŒLLÌŒŒLLMŽÌŒŒLLNŒMÍŽÌLÎÌMMNÎLÍÌÍNLÌÍNLÌŒŒL‹LÎÌŒŒL‹LLÌŒŒL‹LLÂŒNLÌÍÎÌLŒMÍMMÌÍNÌÍŒÌÌÍŒÌŒNKLLŽÌŒNKLLÌNÌŒNKLKLLŒŒŽÌŽÍÍÍMŽÌÎÎMÎÌÌÍŒÌÌÌÍŒÌŒNKLL‹LÌÓNÓBŒŒŽÌÍÌMMŒŽÌLMŒNÍÌŒÌÍÌŒÌŒNKLLKLMÌŒNKLLKLNÌŒNKLLKLŒŒÍNÍMŽÍMŒŽÌLMÌÌLMÌŒNKL‹LNNÌŒNKL‹LŽÌŒNKL‹LŽBŒŒMNÍÌMÍMÎÌLÍLLÎÌŒÌLÌÌŒÌLÌŒNKLLLŽÌŒNKLLLÎÌŒNKLLM‚ŒŒŒÎÍŒÍÍÍÍMÍÍLÌÍMÍÍLÌŒNKLL‹LŽÌŒNKLL‹LÎÌŒNKLL‹LBŒŒNÌŽNÌLLŽÍŒŒÌNÌÌÌÌŒNKLL‹LNÌŒNKLL‹LŒNÌŒNKLL‹LBŒŒŽÍŽÌLÍMÎÎNMMÍMŒÌÍMŒÌŒNKLËLNÌŒNKLLŽÌŒNKLLÂŒŒÌÍŒNÌLMÌMÍLŽÎÎÌÎÎÌŒNKLLKLLÎÌŒNKLLKLŽÌŒNKLL‹L‚ŒŒÌÎÍÎÌLLÎLNÍÎNÌŽŒÌÌŽŒÌŒNKLLLŒÎÌŒNKLLKLNÌŒNKLLKLL‚ŒÍŽÌMÌŒMÎÍÍÍÎÌLÌMÌÌLÌMÌŒŒL‹LNÌŒŒLËLŽÌŒŒLËLŒLNÌÎÌMMMŽÍÌÎÌÌÌÌÌÌŒNKLL‹LŽÌŒNKLL‹LÌNÌŒŒLKLBŒNÌÍÎÍLŒNÌÌŒÎÌÎMŒÌÌÎMŒÌŒNKLLLŒÎÌŒNKLLLŽÌŒNKLLKLBŒŒÌÍÌŽÌNŽÍLMÎÌÍLMÎÌŒŒLKLŒNÌŒŒLKLÎÌŒŒL‹L‚ŒŒÎÍNÌMÌÍÎÍÍÌNÌÎMŒÌÌÎMŒÌŒNKLËLŽÌŒNKLLNÌŒNKLLŒŒÎÍNÌMLŽÌÍÌÎÌLÎÌÌLÎÌŒNKLLKLLÌŒNKLLKLŒŽÌŒNKLL‹LBŒŽLNÌŒÍMMÌÍÎÎÌLNLÌÌLNLÌŒŒLËLÎÌŒŒLËLMÓBŒŽLŽÌÎÌLLÌLNÌMŽÌMLŒLÌÌMLŒLÌŒNKLLKLÎÌŒNKLL‹LÎÌŒNKLL‹LBŒŽNÎÎÎNÌÍÎÎMŒÌÎLÍÍÍLŒÌŒŒLËLLŽÌŒŒLËLŒNÌŒŒLËLŒÂŒÌNÌÍŽÌLÌÍŽÍŒÍÌŒÎÌNÌÌÌNÌÌŒNKLL‹LLÌŒNKLL‹LÌŒNKLL‹LŒÌÎÍŽÌLMNNÌŒÍÍÍÌŒÌÍÌŒÌŒNKLKLŽÌŒNKLKLÎÌŒNKLKL‚ŒÌMÎÌŽÍNÌNLÌÌŒÌÌÌŒÌŒNKLL‹LLÎÌŒNKLL‹LNNÌŒNKLL‹LBŒÌÍNNÍMÌNÍLŽÌNMÌÌNMÌŒŒLKLÎÌŒŒL‹LŽÓBŒÌŽNÌMÎÌMÌÍÌŽÌMMÌÌÌMMÌÌŒŒL‹LÌŒŒL‹LNÌŒŒL‹LLÂŒÌÌŽÍŽÌLŽÌLMŽÌŒLÌÌŒLÌŒŒLËLÎÌŒŒLËLŒÌŒŒLLBŒÍŽÌŽÎNŽÌLŒÍLÎÌNLÌÌNLÌŒNKLLÌNÓNÓBŒÍNÍŽÌMŒÌÌNÌLMÎÍNÎLÌÍNÎLÌŒŒLKLNÌŒŒLKLŒNÌŒŒLKLŒÍNÍŽÌMŒŒÎÎLŒLÎÌŒÌMÌÌŒÌMÌŒNKL‹LLÌŒNKL‹LŒŽÌŒNKL‹L‚ŒÍLÎÌÍŽÎÍŽÍMŽNÌŒLÌÌŒLÌŒŒLLŽÌŒŒLKLŽÌŒŒLKLLBŒÍNÌŽÎLŒNÍŒÌÌNÌÌÌÌÌÌŒŒL‹LMÌŒŒL‹LŽÌŒŒLËL‚ŒÍÎÍÌMLŒÎÌŽLLÎÍÌÌŒÌÍÌÌŒÌŒŒLKLÌŒŒLKLNÌŒŒLKLŒBŒÍÍNÌMNÌMLÌMLŽÌMLÌÌMLÌŒŒLKLÓNÓBŒÍÍÎÌŒÎÍNÍŒMŒŽÍLŒÌÍLŒÌŒNKLLLMNÌŒNKLLLŒÌŒNKLLLÌBŒÎÎÌŒŽÎLLNÍÍÌLÍÌÍÌŒNKLL‹LLÌŒNKLL‹LLNÌŒNKLL‹LMBŒÎŽÌÍÌMNMÎŽÍŒÌÍŒÌŒNKLLMÓNÓBŒÎÎÌLNÌNŽÎNÌNÌŒLÌÌŒLÌŒNKLLKLÌŒNKLLKLMÎÌŒNKLLKLŒÂŒÎLÎÌŽÌMÍNLŽÍÍNMÍŒÍÌÌÍŒÍÌÌŒŒLËLÌŒŒLLÎÌŒŒLLLÂŽÌŽÍMŽÍMÌÌÍÌÍÌŒNKLKLŽÌŒNKLKLLŽÌŒNKLKLŒMÌÎÌMÌÌÎÍÌÎÌNLÌÌÌNLÌÌŒŒLËLÎÌŒŒLËLMNÌŒŒLËLNBŒÍŽÌMLNNÌNNÌLÌŒÌÌLÌŒÌŒNKLLLÌŒNKLLLÌNÌŒNKLLKLMÌÍŽÎLÍÎÍLLÍÎÌŽÌÌÌŽÌÌŒNKLLLMÌŒNKLLLNÌŒNKLLKL‚ÍÌÌÎÌMÌÌÌMNÌLÌÌLÌŒNKLLKLÌŒNKLL‹LÎÌŒNKLL‹LLÍNÍÎÌÍÍÌŽÎLÎÍLLÌÍLLÌŒNKLL‹LLŽÌŒNKLL‹LNÌŒNKLL‹LBÍÎÎNÌLŒÍÎÍLÌNÌŒÍÌÌŒÍÌŒNKLLLLÎÌŒNKLLLNÌŒNKLLLŽBLÎÍŒÌMÍÎÌŽŒÎLÌÎLÌŒŒLKLŽÌŒŒLKLÎÌŒŒLKLM‚MÎÍŒÎÍÎLNNÌŒŽMŒÎÌÍÌÌÌÍÌÌŒŒLLÎÌŒŒLKLŽÓBÍÌŒŽMÍÍŽMŽÌLLŒŒÌÌLLŒŒÌŒŒLËLLNÌŒŒLËLMŽÌŒŒLËLŒBÌÍNÎLMŽÍÍNÌLŒÌÌÌÌLŒÌÌÌŒŒLLNÌŒŒLLŽÌŒŒLLŽBÌŽÌMNÎMLLÍLMÌNÍÌŒÌÍÌŒÌŒNKLKLŽÌŒNKLLLLÌŒNKLLLL‚NÍÌMŽMÌLNNÎMŒÌÎMŒÌŒŒLKLÎÓNÓBNÍLNÍÍNÎMŒŽÌŒŒÌÌŒŒÌŒŒLKLÌNÌŒŒL‹LLŽÌŒŒL‹LNLÎÍÎÌLMŒÎÍÍLÎÌÍLÌÌÍLÌŒŒLLŒÎÌŒŒLLŽÌŒŒLKLL‚LLÍÍMÍMÍMÍÌNÍLÌÍLÌŒNKLKLÎÓNÓBLNÌŒŽÌLÎLŽNÌNLÌÌMÌÌÌMÌÌŒNKLL‹LŽNÌŒŒLKLÎÌŒŒLKLLBLNÌLÎÌMŽMŽNÌÌÍÌNÍÌŒÌÍÌŒÌŒNKLËLNÌŒNKLËLŽÌŒNKLËLMBLŽÍŒŽÌMÌÌŽÍMÎNÌŒMŒÌÌŒMŒÌŒNKLKLNÌŒNKLKLMNÌŒNKLKLMBLÎÍÎÎNLÎLLÌŽMÌÌŽMÌŒNKLLKLLÎÌŒNKLLKLŒŽÌŒNKLL‹LBLŽÍNÍÍLLŽÌŽLŽLŽÌÎÌÌÎÌŒNKLLLLÎÌŒNKLLLMÎÌŒNKLLL‚LÎÌÎÌMLÌÎMMMŽÍÎÌÍÎÌŒNKLL‹LŒÌŒŒLKLÎÌŒŒLKLMNÌÌNÌLNÌŒLLÌLÌÍÌÌÌLÌÍÌÌŒŒLKLMŽÌŒŒLKLŽÌŒŒL‹LMLŽÍŒNÍMÍÍŽÌŒMLÌÌŒMLÌŒŒLËLNÌŒŒLËLNNÌŒŒLËLŒBMMŽÍLŽÌLLÍÎÌÌÌNÎÍNNLÌÍNNLÌŒŒLLŒÎÌŒŒLLÌÌŒŒLKL‚MMÎÍÍŒŽÍÎNNÌLMLÌÌLMLÌŒŒLËLMŽÌŒŒLËLNÓBMŒŽÌŒŽÌMÍÎÎLŽŽÍŒÌÍŒÌŒNKLLLLNÌŒNKLLLŒÌŒNKLLLŒ‚MŽÌMÎÍÌMLÎÍÌLÌŽNÌMLŒŒÌÌMLŒŒÌŒŒL‹LMŽÌŒŒL‹LNÌŒŒL‹LÂMÍÌŒÎÍÌŽÌNŽÌLLŒÌÌLLŒÌŒNKLLLMÌŒNKLLLMÎÌŒNKLLLNŽÍNÌMÍŒŒŽÌŒŒÌÌŒŒÌŒNKLL‹LŽNÓNÓBNÎÍMÎÌMÍŽNÍÎMÌŽÎMŒÌÎMŒÌŒŒLËLÌÌŒŒLLNÌŒŒLLMNŽÌÌMÎÎÍÌMÌNÌLÌÌLÌŒNKLL‹LŽÌŒŒLKLÎÌŒŒLKL‚NLNÌŽÎŒŽÍÌÍÎÍLŽÌÍLŽÌŒNKL‹LNNÌŒNKL‹LŒŽÌŒNKL‹LÌNNÍLÎÌÎMÌÎNMŽÌÌÌÌÌÌŒŒLLŽNÌŒŒLKLNÌŒŒLKLBNNNÍÍMÎÎMÎNNÍMÍÍLÌÍMÍÍLÌŒŒLKLÌŒŒLKLÎÌŒŒLKLLŒÌÌÎNLÍÎÎMNLÎÌLMÌÌLÍLÌLMMLÌŒNKLKLÌŒNKLLLNÌŒNKLLLBŒÎÌÌÎMÍLŽÎNÌÎÍMÌÍMÌŒNKL‹LŒNÌŒNKLËLÌŒNKLËLBŒÎÌŽNÌÌÍÌŽÌÌÌÌÌÌÌŒNKLËLÎÌŒNKLËLNÌŒNKLËLŒÂŒÌÎÌLÌŽÌNMŒMNÍMÎLÌÍMÎLÌŒŒLKLÎÌŒŒLKLMÎÓBŒNÌMÎÍÌÌMÍŒLÌŒÌNMLÌÌNMLÌŒŒLKLŽÌŒŒLKLMÌŒŒLKLM‚ŒMÌŽÌLMŒÍÌÌÌNÍLÌÍLÌŒŒLËLNNÌŒŒLËLŽNÌŒŒLLBŒNNÍŽÍNNÌŽLÌÎLÍLÌÌÎLÍLÌŒNKLKLLÎÓNÓBŒÌNÍMŽÌLLÍŽÌÌLÎÌÍNMŒÌÌÍNMŒÌŒŒLKLÌŒŒLKLMÌŒŒLKLŒÍÍÌÌMŒÍMÍLŒŽÍŒÌÍŒÌŒŒLËLLŽÌŒŒLËLÌŒŒLL‚ŒÍNÍÎÎLLNÌMMŽNÌLÌÌÌLÌÌŒNKLL‹LÎÌŒŒLKLLÌŒŒLKLNBNÌÍŽÌMÌŽÍŽNMNÌMMŒÌÌMMŒÌŒNKLLLŽÌŒNKLLKLNÌŒNKLLKLÂNÌÎÍÌÌÎÌLMŽÍÌÍÌŒNKLLLLNÌŒNKLLLNNÌŒNKLLLŒ‚LNÌÍNÌMLLÌLÎNÌÎLÌÌÎLÌŒNKLLLŒÎÌŒNKLLKLNÌŒNKLLKLLBLÎÌÌLÍŽÍÌÍŒŽÌNLŒÌÌNLŒÌŒNKLL‹LŽÌŒNKLL‹LÎÌŒNKLL‹LÂMŽÌÌMNÎLÌÍNÌLÌÌLÌŒNKLKLŒNÌŒNKLKLŒÎÌŒNKLLLÂŒÎÍMŽÌMLLLÍMÎÌLÍŒÌÌLÍŒÌŒNKLL‹LNÌŒNKLL‹LŽÌŒNKLL‹LÂÎÍŽÌMÍÍNNÎLLŽÌLŒÌÌLŒÌŒNKLLMŽÌŒNKLLŒÎÌŒNKLKL‚ÎNÌNÎMŒŽÍMÎÌLÌÌLÌŒNKLL‹LÌNÌŒŒLKLNÌŒŒLKLÂŽŽÍŽÍLÌÎÍLNMNÎMLÌÎMLÌŒNKLLKLŒÌŒNKLLKLÌÌŒNKLL‹LŽŽÌMÎÍÎLŽÎMMNÍÌÍÌŒNKLKLŽÌŒNKLLLLNÌŒNKLLLMÂÌÍŽÎMÌŒNÍÌMŒŒŽÌLÌŒÌÌLÌŒÌŒŒL‹LÌŒŒLËLÌŒŒLËLLBÌMÎÍÍMÌNÎNÌNÍÎLÌÍÎLÌŒŒL‹LNÌŒŒLËLÌŒŒLËLMÌNÍÌŽMÌMNŒŽÍLLÌÍMÍŒÍLÌÌŒŒLKLNÌŒŒLKLŽNÌŒŒL‹L‚ÌŒŽÌMNÍÎŒNÍŒŽMÌLNÌÌLNÌŒNKLL‹LÌNÌŒŒLKLÌŒŒLKLŒÌÌÎNÍŽÌÎŒŽÎLÌÎLÌŒŒLKLÌÌŒŒL‹LŽÌŒŒL‹LLBÌÍÎÌLÎÎNÎÍMÎÍÌÍÌŒNKLLNNÌŒNKLLŒŽÌŒNKLLŽÍÎÌÍŽÍMÌŽÍÎLNÎÌÎÌŒNKLËLÌNÓNÓBÍLNÍÌLÎÎLŽNÍMLÍŒÌÍMLÍŒÌŒŒLLNÌŒŒLLMNÌŒŒLLŒÍLÎÌMÌMNÍÎNÎÌLŒÌÌLŒÌŒNKLLKLMŽÌŒNKLLKLMÎÌŒNKLLKLŒ‚ÍMNÌÌNÍLÎÎNLÍŒÌÍŒÌŒNKLLŽÌŒNKLKLŽÓBÍNÌNÍMÌÎÌŒŒNLÌÌÌÌÌÌŒNKLLLÌŒNKLLLLÌŒNKLLLNÍŒÌÍŽÍŒŒÍŽÍŒÎÌŒNÌÌŒNÌŒNKLLKLŒÎÌŒNKLLKLÌŒNKLLKLÍÎÍÍŽŒÌÌŒÌLÍLLÌÍMLÍÌÌÍLÌŒŒLËLNÌŒŒLËLŽNÌŒŒLLÂÎNÍLŽÌMLLŒÎNLÌÍŒÌÌÍŒÌŒŒL‹LŒÌŒŒLËLÌŒŒLËLMŽÍLNÌŒMNÍMÍÍŒÌÍÍŒÌŒŒLLLÓNÓBŽNÌŽÌNMŽÌÌŒŽNÌLMŒÌÌLMŒÌŒNKLLLŽÌŒNKLLŽÌŒNKLKLÂŽLŽÍÍLÌLÎLÎNÍÌŒÌÍÌŒÌŒNKLLNÌŒNKLLLNÌŒNKLLL‚ŽŒÎÌÌÎÌLMŒÍMŒŒNÌÌŒÌÌÌŒÌŒŒLLNNÌŒŒLKLNÌŒŒLKLL‚ŽŽÌŒÌMÍÌÎÍŽMMŽÌŒMLÌÌŒMLÌŒŒLËLŽÌŒŒLLÎÌŒŒLLL‚ŽÍÍNÌŽMÍLMÌÎŒÌÌÌÎŒÌÌŒŒLKLNNÌŒŒLKLÎÌŒŒL‹LBŽÍNÌŒŽÌLMŽÌŒŒŒNÌŒLÌÌŒLÌŒNKL‹LLÌŒNKL‹LŒÌŒNKL‹L‚ŽNÌŽNÌLŒÌÍÎLŒÍÍŽÌÍÍŽÌŒŒLËLMŽÌŒŒLËLŒNÌŒŒLËLŒÂŽLŽÍŽÌLMNÌŽLŽÌÌÌÌÌÌÌÌŒŒLKLŽÌŒŒLKLMNÌŒŒLKLŒ‚ŽŒNÍNÍÍÎÍLMŽÎÍÌÎÍÌŒNKLL‹LMÎÌŒNKLL‹LÌNÌŒNKLL‹LÌBŽÌNÍŒŽÍÍNÎÌÍÌLÎMŒÌÌLÎMŒÌŒNKLL‹LŽÌŒNKLL‹LNÌŒNKLL‹LLŽÌÎÍNÌMŽÎÍMMMÌÌÌÌŒÌÍNÌŽMÌÌŒÌŒŒLËLNÌŒŒLËLNÌŒŒLËL‚ŽNÌMÎÌLŽÍLŒŽNÌMÍÌÌMÍÌŒNKL‹LŽÌŒNKL‹LMNÌŒNKL‹LŽBŽNÍMNÍÍLÍŽLNÌÎLLÌÌÎLLÌŒNKLLLÎÌŒNKLLŽÌŒNKLL‚ŽMÍŒÎÌLMNÌÎMÌÌLÌŒÌÌLÌŒÌŒNKLLŒÎÌŒNKLKLŽÌŒNKLKLŒŽNNÍMÎÍŒÌŒÌMNÎLNÌÎLNÌŒNKL‹LNÌŒNKL‹LMNÌŒNKL‹LŒ‚ŽLÍNNÌMLLŽÍLÍMLÌÍMLÌŒŒLKLMNÌŒŒLKLNÌŒŒLKL‚ŽLÌÍÎÎMŽÎŒŒŽÌÌÌÌŒNKLKLŽÓNÓBŽLÌNÌNÌMÎMŽÎÌÌÎÌMÌLÌÌMÌLÌŒNKLLLŽÌŒNKLLKLLÌŒNKLLKLMÂŽMNÍÎÌÌLMÎLNNÍLŒÌÍLŒÌŒNKLËLLŽÌŒNKLËLMÎÌŒNKLËLÂŽMNÌLŽÎMÍÍNÎÌNÌÌÌÌŒNKLLLLŽÌŒNKLLLŒÎÌŒNKLLLŽŽMLÍMŽÌMŽNNÌŽMÍMÎÌMÌÌÌMÌÌŒNKLLKLMŽÌŒNKLLKLŒNÌŒNKLLKLÂŽMLNÍNNÍÌÍÎÌMŽLŽÍÌÌÌÍÌÌÌŒNKLLLŽÌŒNKLLLMÌŒNKLLLŒ‚ŽMÌNNÌMÍŽÌŽNNNÍŒÌÍŒÌŒNKL‹LŽÌŒNKL‹LNÓBŽMNÍLÌLÌŒÎÌMÎNÌLÌÌÌLÌÌŒNKLLKLŽÌŒNKLLKLŽÌŒNKLL‹LÂŽMŽÌÎÌLLMÎÎLMÌMLŒÌÌMLŒÌŒNKLL‹LŽÌŒŒLKLNÌŒŒLKLŽMÌŽÍŽNÍÌÌÎNÍLŽLŽÌLŽÌÌLŽÌŒŒL‹LNNÌŒŒL‹LNÌŒŒLËLŽNŽÌÎÌMÍÍNÌLÌMÍÌÍÌŒNKLËLŒŽÌŒNKLËLŽÌŒNKLLÂŽNNÍÎLÌÌÍÎŽÎLÌNÌÎLÌNÌŒŒLKLÌŒŒL‹LÎÌŒŒL‹LLÌÎÌNÌLÍŒŽÌŒMÍŽÌLŒÍŒÌÎNMŽMŒÌŒŒLKLNNÌŒŒLKLŽÌŒŒLKLÌÌMÍNÌMNMŽÌLŽLŽNÍÌMÌÍÌMÌŒŒLKLLNÌŒŒLKLNÌŒŒLKLÌÌŽÌÍŽMNÎMŽNLŽÌNMLÌÌNMLÌŒNKLL‹LŽÌŒNKLL‹LMNÌŒNKLL‹L‚ÌÎÍŽÎLÎNÌLMŽÍÌÍÌŒNKLL‹LŽÌŒNKLL‹LLÎÌŒNKLL‹LŒÂÌÎÍLÌLLÌÌNÎMMMLŽÍŽÌÍŽÌŒNKLL‹LŽÌŒNKLL‹LÎÌŒNKLL‹LMBÌÍŒÎŒÌLMŒŽÌÌÌLÌMŒŒÌÌMÌŒŒLKLLÎÌŒŒLKLŒÎÌŒŒLKL‚ÌNÍÌLÌŽÎMMNÎMŒÌÎMŒÌŒNKLLLÎÌŒNKLLLMŽÌŒNKLLL‚ÌŽNÌMÍLÍÍLLÎÍŒÌÍŒÌŒNKLLKLLÎÌŒNKLLKLNNÓBÌÌÍŽÎŽÍÎMŽÍÎŒÌMŽÍŒMÌŒŒLKLŽNÌŒŒL‹LÎÌŒŒL‹LŒBÌÍŽÍŽÍŽMÎÌÎŽÍŒÌÍŒÌŒNKLLÌNÓNÓBÌÎÌŽÎÎNNÍÍÍÌÍNÍÌÌÍÌÌŒŒLLNÌŒŒLLÎÌŒŒLKLBÌÎÌMŽÌÎNNÎÎNÌLÍLÌÌLÍLÌŒŒLKLMNÌŒŒLKLŽÌŒŒL‹LBÌLŽÍÍMMMNÍMÍLŽÌŒÌÌŒÌŒŒLKLNÌŒŒL‹LÎÌŒŒL‹LMBÌMŽÍNÍNÍMLŽLÎLÌÎLÌŒNKLL‹LLNÌŒNKLL‹LŒÎÌŒŒLKL‚ÌNÌÍÌMÍŒLÎÌÍŽNÌÎLÌÌÎLÌŒNKLLLNNÌŒNKLLLŽÌŒNKLLKLBÌLNÍNÌMNÌLÍÍŽÍMMLÌÍMMLÌŒNKLLLMNÌŒNKLLLŒNÌŒNKLLLÌLLÎÌMÎÎNÍŽÍÍÌLŽÍMLŒÌÍMLŒÌŒŒL‹LMÌŒŒL‹LMNÌŒŒL‹LMBÌLŒNÍNÌMNLMŽÌÍÎÌŒLŒÌÍŒÌŒÌŒNKLLLŽÓNÓBÌLÍÌÍŽÍÍLNÎNLLLÎÎŒÌÎŒÌŒŒLKLŒÌŒŒL‹LÎÌŒŒL‹LMÂÌLÎNÍNÌLŽMÎLLŽÍLŒÌÍLŒÌŒNKLLLÌŒNKLLLNÌŒNKLLLL‚ÌMÍŽÌMLMNÍMNÌÎMŒÌÌÎMŒÌŒŒLKLÌÌŒŒL‹LÌŒŒL‹LLBÌMNÍMŽÍÌÎÍMMŒÌŒÌÎLÌÌŒÌÎLÌŒŒL‹LŽÌŒŒL‹LÎÌŒŒL‹LM‚ÌMÌÍÌMLŽNÌMÌNMÎÍÎLLÌÍÍÎÍŒÌŒŒLËLŽÌŒŒLLLÌŒŒLLLBÌMÎNÍNÌŽÌLÌŒÎÌÍÎLÌÌÍÎLÌŒŒLËLNÌŒŒLËLLÌŒŒLËLNÌNŽÍMÌLŒŒÍMŒŒNÌLŒÌÌÌLŒÌÌŒŒL‹LNÌŒŒL‹LŽÌŒŒLËL‚ÌNMÍMÍNNÌLLÌÍLŽÌÍLŽÌŒNKLKLŽÌŒNKLLLŽÌŒNKLLLM‚ÌŒŽÌÎÌMLNMNÎMLŒÍÌLŽÌÌLŽÌŒNKLLKLŽNÌŒNKLL‹LÎÌŒNKLL‹LLBÌŒLŽÍÍÍÍŽÍŽÌMÌLÍŒŒÌLÎÌŒNKLLLŽÌŒNKLLMÎÌŒNKLLÂÌŒMÎÌŽÍMNÌŒÍŒÎÍÌÍÌŒŒLKLŽÌŒŒL‹LÌŒŒL‹LŒÌŒŒŽÍÌÌÎÎÍÎŽÌNLÌÌÌNLÌÌŒŒLKLNÌŒŒL‹LÌŒŒL‹LLÂÌŒÎÍMŽÍMÌNÌMÎÌMŽLÌÌMŽLÌŒŒLKLÌNÌŒŒL‹LŽÌŒŒL‹LŒÌŒÎNÍÎÎÌÎÍMŒLŒÍMÌÍMÌŒNKLLKLŽÌŒNKLLKLMNÌŒNKLLKLÂÌNÍMNÌLÍLMÍŽÌÍŒÌÌÍŒÌŒŒLKLÌNÌŒŒL‹LNÌŒŒL‹LMÌÎÌMÎÎNÌÍÍÎÍÌÍÌŒNKLKLŽÌŒNKLLLÌŒNKLLLL‚ÌŽÎÌLÍŒLÎÍLLÌMŒŒÌÌMŒŒÌŒNKLËLLÎÌŒNKLËLMŽÌŒNKLËLÌLÎÍŽÎŽÌNÎÍMŒÌÍMŒÌŒŒLKLÎÌŒŒLKLŽÌŒŒL‹LBÌMŽÍŒNÍMÌÍŽÌŒÍÎNÌLÌÌLÌŒNKLËLŒÎÓNÓBÌÍNÍŽÎMLNÍŒNMŽÌLŒÍLÌÌLŒÍLÌŒNKLLKLŽÌŒNKLLKLMNÌŒNKLLKLŒBÌŽÍNÌLMŽÌÍLÍŽÍMÍÍŒÌÍMÍÍŒÌŒŒL‹LLÎÌŒŒL‹LNÌŒŒLËLBÌŽÎÌÍŽÌMÌÌNÎLNÎÌÍÍÌÌÍÍÌŒŒL‹LŽÌŒŒL‹LŽNÌŒŒLËLBÌŽLÍNÌLNMÌŽÎÍŒNÍÎÌÍÎÌŒŒLKLLÎÌŒŒLKLŒÎÌŒŒLKLÌBÌÌÌMÎÌMMÌLÎŒŽÌŒÎÌÌŒÎÌŒŒLLŒÌŒŒLLŒŽÌŒŒLKLBÌÌNÍÎLŽÎÌŽÌMÌÌÌMÌÌŒNKLËLŽNÌŒNKLLLNÌŒNKLLM‚ÌÌNNÍLÎÌŽNNÍLLŽNÍLÌÍLÌŒŒLËLŽÌŒŒLLNÌŒŒLLÂÌÌŒŽÌMNÍŒNŽÎLÎÌMÌLÌÌMÌLÌŒŒLKLÌŒŒLKLŽÌŒŒL‹LLBÌÌÍŽÍNÌMNÎMŒMNÌMŽÌÌÌMŽÌÌŒNKLLKLŒÌŒNKLLKLÎÌŒNKLL‹LBÌÍMŽÌÍÌÍÎMLMNÌÎLÌÌÎLÌŒNKLLKLÌŒNKLLKLMÌŒNKLLKLNBÌÍMÎÍÎÎMŽNÌÍLÍŽÌLÌÌLÌŒŒL‹LNÌŒŒLËLÌŒŒLËLMBÌÍNÍLÎÌMŽMNÍLÌNÌMŒÌÌMŒÌŒŒL‹LŒÌŒŒL‹LŽÌŒŒL‹LŽBÌÍÎÍÎÌLŽLNÌÍLLNÌÌŒÌÌÌŒÌŒNKLKLŒÎÓNÓBÌÎLÎÍŽNÎÌÌNÌÍŒÌMÌÍŒÍÌŒŒŒÌŒNKLLKLÌÌŒNKLL‹LŽÌŒNKLL‹LM‚ÍŽÍNÌÌÍÎÌÌLNNÌMLŒÌÌMLŒÌŒŒLËLLÎÌŒŒLËLÌŒŒLLBÍLÌÌÎÍÎMÎÎMÎÍÎÌÎMŒÌÌÎMŒÌŒNKLËLÎÌŒNKLLNÌŒNKLLNÍMÌŒNÎNMÌNÎLÎNMÌLÍLÌÌLÍLÌŒŒLLŒŽÓNÓBÍŒNÌNÌMŽLÌMŒŒÎÌŒÌÌŒÌŒNKLËLŽNÌŒNKLËLÌÌŒNKLLLÍŽÌLÎÌNNNÍŽMŒŽÌŒLÌÌŒLÌŒŒLLÌŒŒLLLNÌŒŒLLMÍŒŽÌNÌLNÍNLÎNÌÎŒÌÌÎŒÌŒNKLËLŽNÌŒNKLLNÌŒNKLLNBÍŒÎÌNNÌMÎLŒNÍÌLŽÌÎÌMŒÌÍÌŒŒLLŒÎÌŒŒLKLÎÌŒŒLKLNBÍNÌLNÍŒMNÍNÌÍÎÍLŒÌÌÍLŒÌÌŒŒLKLÌNÌŒŒL‹LLŽÌŒŒL‹LŒÂÍÌŽÌÍÎÌMLLNÌŒNÎÌÎÌŒŒLLŒÌŒŒLKLŽÌŒŒLKLÍÍNÍŒŽÌLŽÎNÍÎÌNÍÌÌÍÌÌŒŒLKLMÎÌŒŒLKLNÌŒŒL‹LBÍLNÍNÍNNÌŒŽNÍMMÌÍMMÌŒŒLKLŽÌŒŒLKLLÌŒŒLKLNÍMŽÌLÍŒLÎÍMŒNÍMÌÍMÌŒŒLKLMÌŒŒLKLNÌŒŒLKLNÍLÍÌMÎŽÍLŽÌMŽÌÌMŽÌŒŒLËLÎÌŒŒLËLNÌŒŒLËLŒ‚ÍLLÍÎÌMMŒÌLÎLÎNÍÌÍÌŒŒLKLMÎÌŒŒLKLŒÎÓBÍLMNÍŒÎLMNÍMNŒÎÍÌLÌÌÍÌLÌÌŒNKLL‹LŒÌŒŒLKLŽÌŒŒLKL‚ÍLŒÍLÌMNÎÎNÌŒLŒÌÌŒLŒÌŒŒLLMÌŒŒLLMNÌŒŒLLŽBÍLŽÌÌNŒŽÌÎÍÎLŒÌÍÎLŒÌŒNKLL‹LÎÌŒNKLL‹LLÌŒNKLL‹LÍLÌÍÌLMÍÍMŽÌŒÌÌŒÌÌŒÌÌŒÌŒŒL‹LŽÌŒŒLËLÌŒŒLËLMBÍMÎÌŒÌMÌŽNÌŒÍŒŽÍMÍÍŒÌÍMÍÍŒÌŒŒLLNNÌŒŒLLŽÓBÍMMŽÌŒÎMÍNÎMLMŽÌLMÌÌÌÌLMÌÌÌŒNKLLÌÌŒNKLKLLÌŒNKLKLLÍMÍNÍNLÌÍNNÌÎÌÌÎÌŒŒLËLÌŒŒLËLÌÌŒŒLLÂÍMNÍNÌLMÍŽLÎÍNLÌÍNLÌŒŒLKLÎÌŒŒLKLMÎÌŒŒLKLNBÍMŽNÌÍŽÌMÍLÎÎÎNLÎÌŒÌÌŒÌŒŒLËLLNÌŒŒLËLÓBÍNNÌLŽÎMMNNÍÌMÌŽÌŒÌÌŒÌŒNKLL‹LÎÌŒNKLL‹LMŽÌŒNKLL‹LNBÍNLNÍNÍLMÍNÍLŽÌNÌÌNÌŒNKLKLNÌŒNKLKLMÎÌŒNKLKLÍNMNÍMŽÌÌÌMŒŒÌŒŒÌÌŒŒÌŒŒLKLŒÌŒŒLKLŒŽÌŒŒLKLÌÍŒŒÌMÌŒÎMŽÎŽLÎÌLÍÍÌÌÌLÍÍÌÌŒŒL‹LŒŽÌŒŒLËLŽÌŒŒLËL‚ÍŒNÌMNÍÍÍÌLLŒÌÌLLŒÌŒŒLKLNÌŒŒLKLMÎÓBÍŒŽÍÌMŽMŽÎLNNMÌÍLLÌÌÍLLÌŒŒLLMŽÓNÓBÍŒÍÌŽÌLÌÎŽÌÌMŽÍMLLÌÍMLLÌŒŒLKLÌŒŒL‹LÎÌŒŒL‹LLÍÎÍŽÌMŒNÍŒLÌNÌLMÍŒÌÌLMÍŒÌŒNKLLKLŒÌŒNKLL‹LÌŒNKLL‹LNÍNÌÍŽÎŒMÎÎMÍNNÍŒÌÍŒÌŒNKLL‹LLÎÌŒNKLL‹LŒÌŒNKLL‹LŽÍÍŽÌMÎŒÍLÎÍÌLÌÍÌLÌŒŒLËLÓNÓBÍŽÍMNÌLMÌÌÍÎLÎŽÍLÌÍLÌŒŒL‹LŒÎÌŒŒL‹LŽÌŒŒLËLÍÎÌŒÎÌLMŒÌÌÍMMÎÌŒÌÌŒÌÌŒÌÌŒÌŒŒLËLNÌŒŒLLNÓBÍŽŽÌÍÌŽÎNÍŒŽLÍŒLMŒÌÍŒLMŒÌŒŒLLÌŒŒLLLŽÌŒŒLLL‚ÍŽNÌLNÌMLNÍÎLÌÌNLLÌÌNLLÌŒNKLLKLÎÌŒNKLLKLÌÌŒNKLL‹LBÍŽMÌMÌLLÎÌÍLŽÌÍLÌÌÍLÌŒŒLKLNÓNÓBÍÌNÌŽNÍŒNNÍŒNŽÌNLÌÌNLÌŒNKL‹LNÌŒNKL‹LÌŒNKL‹LBÍÌNÍMŽÍŽMÎÌMÌŒNÌÍŽÌÌÍŽÌŒNKLËLŽNÌŒNKLLLŽÌŒNKLLÍÌMNÍNNÌMNMŽÎLNNÌÌLÌÌÌLÌŒŒLLMÎÌŒŒLLÎÌŒŒLKL‚ÍÌÍMNÌLÍŽÍLÌNLŽÍŒÌÍŒÌŒNKLLKLÎÌŒNKLLKLŽÌŒNKLLKLŽBÍÌNÍÎÌMMNÍŒNÌMLÌÌMLÌŒNKLËLÎÌŒNKLLLÌŒNKLLNÍÌŽÌLÍŒNÌMÍLŒÌÍLŒÌŒŒLKLÌNÓNÓBÍÌÍÍÌLLNÌLMÌMŽÍMŽÌÍMŽÌŒNKLL‹LŽÌŒNKLL‹LÌŒNKLL‹LMÂÍÌÍNÌÌNÌŒÍÎNÍLÌÎÌÌLÌÌÌÌLÌÌŒNKLLLŒNÌŒNKLLLÌÌŒNKLLKLBÍÌÍŽÍÎÌLLŽÍŒŒMŒŽÍÎLŒÌÍÎLŒÌŒŒLËLÎÌŒŒLLNÌŒŒLLLBÍÍMŽÌŽÌŒMÌÍMMÌÎÍÌŽÌÎLÍŽLÌŒŒLËLŒŽÌŒŒLËLNÌŒŒLL‚ÍÍNÍMÌLÍLNNÌŽMÌŽÍÌŒÌÍÌŒÌŒŒL‹LŽNÌŒŒLËLŽÌŒŒLËL‚ÍÍÎÍMNÍÎÍMÌNÍLÌÍLÌŒNKLL‹LŽNÌŒŒLKLÌŒŒLKLLÂÍÍÍÌÌNÌMÍLÍÎLÎÍMÎMŒÌÍMÎMŒÌŒŒLKLMŽÌŒŒLKLNÌŒŒLKLŽBÍÍÍŽÍNÌLMÍÎÍÎÎLÌÎLÌŒNKLLKLNÌŒNKLL‹LÌŒNKLL‹LM‚ÍÎNÍNÎMÎÍÍNNNÍŽLÌÍŽLÌŒNKLKLŒNÌŒNKLKLNÌŒNKLKLŽÍÎÍMNÌMŒŽÍLÎÌNLMLÌÌNLMLÌŒŒL‹LLNÌŒŒL‹LÓBÍÎLNÌNÌLÌŽÍMŒŒÎÌŒŒÌÌŒŒÌŒŒLËLÎÌŒŒLLÌŒŒLLŒ‚ÍÎLŽÍÍLÍNÎMMNLNÎMÌÎÎŒÌŒŒLËLŽÌŒŒLËLMŽÓBÍÎNÍNÌŒŒÎÎŽMŒÍÎÌMŒŒÍÍÌNÌŒNKLLKLNÌŒNKLLKLŽÌŒNKLL‹LÂÎLÎÌÎÍLŽMÍÍÍŒÌÌMŒŒÌÌMŒŒÌŒŒLKLŒNÌŒŒLKLŽNÌŒŒLKLÌÎŒÌMÎÌLŒÎÍŒNÍNÎÌŒÌÎÌŒÌŒŒLLMÌŒŒLLŒÌŒŒLLÎŒÎÍŒÎÍÌÎÌMÍMŒŽÌÍÍÌÌÌÍÍÌÌŒŒLËLŒÎÌŒŒLLNÌŒŒLLLBÎNÌŽNÌLNÍÌLÌÌLÌŒŒLËLÌŒŒLËLÌŒŒLËLNBÎÎÍÎÌMŽMÌÍLMÍÎÌÎÌŒNKL‹LNÌŒNKLËLNÌŒNKLËLLBÎNÍŽÍMMÎÍÌÍÌÍÌŒNKLLNÌŒNKLLÌNÌŒNKLKLLÎÎÌÍÌLNNNÎÍÎÌÌÌÌÌÌÌÌŒŒL‹LÌŒŒLËLŽÌŒŒLËLLBÎLÍNÎLÍŽÍÍÌŽÍŽLÌÍŽLÌŒNKLLKLŒNÌŒNKLLKLŒÎÌŒNKLL‹LBÎMNÌŒÎÍÍÎÍMÍNÌŽLŒÌÌŽLŒÌŒŒLKLÌÌŒŒLKLÌNÓBÎŒÎÌMÌŒÌMÍÌÌÍŒÌÌÌÍŒÌŒNKLLLNÌŒNKLLLŒŽÌŒNKLLL‚ÎÌNÌÌÍMÌÌMMÌLMÌÌLMÌŒŒLKLŽÌŒŒLKLÎÌŒŒLKL‚ÎÍÍÎÍLNÍÍMLÎÍŒÌÍŒÌŒNKLLKLÌÌŒNKLL‹LLÌŒNKLL‹LNBÎÌŒÌMÎÌNÌÍMLŽÍMLÌÍMLÌŒŒLKLMÌŒŒLKLÌŒŒLKLÌBÎŽÍNNÍŽÌŒÍŽÍŒŒŒÌÍŒŒŒÌŒŒLËLNÌŒŒLËLÌŒŒLËLL‚ÎNÍLNÌMNNÌÍÌLÎÌNÌÌNÌŒŒLKLNÌŒŒL‹LÌŒŒL‹LBÎLÎÍŽÌMLŒÎÍŽÌŽLÍLÌÌŽLÍLÌŒŒLLNÌŒŒLLÌŒŒLL‚ÎMŽÍÎÌMLÎÎÎÌLÌŒÌÌLÌŒÌŒŒLKLMŽÌŒŒLKLŽÌŒŒL‹LÎLŽÌÎÌLÍMÎÍMŒÌÍÍÎLÌÍÎLÌŒŒLËLÎÓNÓBÎLŽÌŒÌMŒŒLŽÎMMÌLÎNLŒÌÎNLŒÌŒŒL‹LŒNÌŒŒLËLNÌŒŒLËLÂÎLÍLÌNÍMMÎÌÌÌÌŒŒLËLÌNÌŒŒLLLÌŒŒLLLÂÎLLÍMÎÌLŒLNÌÌŒŽÍÍÌÌÍÍÌÌŒŒLËLNÌŒŒLËLŒÌŒŒLËLŽBÎLLÎÌŽÌLNNÍMŽMÌÌŒŒÌÌÌŒŒÌŒNKLLKLMÎÌŒNKLLKLNNÌŒNKLLKLŽBÎLNÍNÌLNÌÍÌÌŽÍÎÌÌÍÎÌÌŒŒLKLÌNÌŒŒL‹LLÎÌŒŒL‹LMÎLÌŽÌÎNÌLLMÎŒÍÌÍÌŒNKLKLŒÎÌŒNKLLLNÌŒNKLLLL‚ÎLÍÎÌMÍLŽÌLMÌÎÌMÌÌÌMÌÌŒNKLL‹LŒŽÌŒNKLL‹LŽÌŒŒLKLBÎMNÍŽÌLŒLNÍŽNMÎÌÌLÌÌÌLÌŒNKLLLŽNÌŒNKLLKLNÌŒNKLLKLÎMŒÍNÌNÌŽÍNÎŽÌÌÌÌÌÌÌÌÌÌÌÌŒŒLKLŒŽÌŒŒLKLŽÌŒŒL‹L‚ÎMŒŽÌÌŽÎLÎÎÍŽÌLNÌÌÌLNÌÌŒNKLL‹LŽÌŒNKLL‹LÎÌŒNKLL‹LNÎMŒÎÍŒÎLŒNÎMŽLÌNŒÌÌNŒÌŒNKLLLNÌŒNKLLLMNÌŒNKLLLBÎMÎÍÎÌŒÎÍLÍÍNLÌÍNLÌŒNKLLŒÎÌŒNKLLÎÌŒNKLKLLBÎNŽÌLŽÌÍŽÍLNLNÎMŒÌNLŒÍÍŽÌŒNKLLLÌŒNKLLLŒÌŒNKLLLÎNŽÌÌŒNÌMÎÌÍLÌÌÍLÌŒNKLLŽÌŒNKLLMŽÌŒNKLLBÎNÎÌÎÌMŽÌLÍÍNÎÌÎÌŒNKLL‹LMÎÌŒNKLL‹LŒÎÌŒNKLL‹LŽÎNLÍMÎÎŽÍLŽÍNÌÍNÌŒNKLLKLŽÌŒNKLL‹LNÌŒNKLL‹LŒŽÍNÍÎNNÎLÍNÎMÌÌÌÎMÌÌÌŒNKLLLŽÌŒNKLLKLLNÌŒNKLLKLMÂŽLŽÍLÌMŒÌÎÌMŽNÌLŒÍLÌŒMŒÌŒŒLKLNÌŒŒLKLNÌŒŒL‹LŽMÌMÎÎÌLÌNÎNÌŒÌÌŒÌŒŒLËLŒÎÌŒŒLËLŽÌŒŒLL‚ŽMŽÍÌMLŽÍMÍNÌŒLLÌÌŒLLÌŒNKLLÎÌŒNKLKLÌŒNKLKLMBŽMÎÍMŽÌLLŽÌÍÌNÌLŒÍÍŒÌLMLÌŒŒLËLŽÌŒŒLLNÌŒŒLLLŽNNÍÎÌNÎMNÍÎÌÍÎÌŒNKLL‹LŽÌŒNKLL‹LLÌŒNKLL‹LMŽŒÍÎÍLÎÍŽMŒÍÌÌÌÍÌÌÌŒŒLKLŽNÌŒŒL‹LÎÌŒŒL‹LMŽŽNÌÍŽÌLÎNÌÍŒLÍLÌÍLÌŒŒLKLÎÓNÓBŽŽÍLÌLMNÍLŽŽÌŒÌÌŒÌŒŒLKLLÎÌŒŒLKLŒNÌŒŒLKLŒ‚ŽMŽÍÌLÌŽÎMÍMÎÌÌÌÌÌÌÌÌÌÌŒNKLLKLNÌŒNKLLKLÎÌŒNKLLKLMŽNNÍMNÌÍÌÍÎÌÍLÌLŒÌÍLÌLŒÌŒŒLKLNÌŒŒLKLNNÌŒŒLKLŽŽŒNÌMŽÌLÍŒNÌLŒŒLŽÌŒÌŒÌÌŒÌŒÌŒŒLLÌŒŒLLÎÌŒŒLLŽÍÎÌMNÎÍNÌMŒLÌÌMŒLÌŒNKL‹LLNÌŒNKL‹LŒÌŒNKL‹LBŽNÍMŽÌNMÎNÌMÌMÎÌÎÌŒŒL‹LŒNÌŒŒL‹LŒŽÌŒŒL‹LŽŽÍÎÌNÍÌNÌÌMLMÌÌÌÌÌÌŒŒLËLŽNÌŒŒLLŽÌŒŒLLLÂŽÎNÍŒÌMŒLNNÍÌŒÎÍNŒÌÍNŒÌŒŒLKLNNÌŒŒLKLÌNÌŒŒL‹LLŽÍŽÌŒMÌÎNÌŒŒÌŒÌÌŒŒÌŒÌŒŒLKLLNÌŒŒLKLŒÎÌŒŒLKLŽŽÎÌÌMÍÍNÍÌÎMNÌÍMÌÌÍMÌŒŒLLŒNÌŒŒLLŽNÌŒŒLKLBŽLLNÌNNÌMÍÍŽÍŒNŽÍLLÌÍLLÌŒNKL‹LÌŒNKL‹LLÌŒNKL‹LNŽLŒÎÍŒŽÌŽNÎNÌNÌLÌÌÌÌLÌÌÌŒNKLLKLŽÌŒNKLLKLMÌŒNKLLKL‚ŽLÎÌÎÍŽNÍŒNNÌLÌÌÌLÌÌŒNKLKLMÎÌŒNKLKLŽÓBŽMŒNÌÌÌMNÎLÍMÍÎÌMÍŒÌÌMÍŒÌŒNKLËLNÌŒNKLLÎÌŒNKLLM‚ŽMÌÍÎÍLÌMÌÌMÍÎÍÍLÌÍÍLÌŒNKL‹LLÎÌŒNKL‹LŒÎÌŒNKLËLÂŽNLŽÍŒŽÌLNÍÎÎMMMŽÍLNŒÌÍLNŒÌŒŒLLLŽÌŒŒLLLÎÌŒŒLLŽNMNÍMNÌÎÌÎÎMMÌŽÌNÌÌNÌŒNKL‹LLŽÌŒNKL‹LMŽÌŒNKL‹LŒÂŽNMÎÌLNÍÍŒŽÎMÎLÍNÌMÍŒŒÌÌMÍŒŒÌŒŒLKLÌÌŒŒLKLÌNÌŒŒL‹LMŽNNÌMÎÌMŒÍNÌÌÌÌNÌNMÌÌNMÌŒŒLËLLÌŒŒLËLLNÌŒŒLËLŒÂŽNNNÍNÎÎMLÎÌNÌÌNÌŒNKLL‹LÌŒNKLL‹LLŽÌŒNKLL‹LŒÂŽŒLNÌŒŽÎLNÌŽÍÌŒÌÍÌŒÌŒNKLËLŽÌŒNKLËLÌNÌŒNKLLL‚ŽŒMNÌÎÌŒÎÍÌÎŒNÍÍÍŒÌÍÍÍŒÌŒŒLLŒNÌŒŒLLŽÌŒŒLKLBŽŒŒÌÎÎÌŒŽÍÎŒÎÌÍÍÌŒÌÌÍÍÌŒÌŒŒLLNNÌŒŒLLŒÎÌŒŒLKLÂŽŒÎÍNÍNMÎÍÎŽNÌMLÌÌMLÌŒŒLKLÎÌŒŒL‹LÎÌŒŒL‹LNŽŒÍÍŽÍLŽÌÍLMLŽÎMŒŒÌÎMŒŒÌŒŒLLMÎÌŒŒLLŽÌŒŒLL‚ŽŒÎNÍŽÍŒÌŽÎMŽMŽÌÎLÍŒÌÌÎLÍŒÌŒNKLLKLNNÌŒNKLLKLÌÌŒNKLL‹LBŽŽÌLÍŒNNÎLÎLŽÌÌLÌÌÌLÌŒŒLKLNÌŒŒLKLNÌŒŒL‹LBŽNÌLÌÎLÌÍŒÎÌŒÍÌÌÌŒÍÌÌŒŒLLŒÓNÓBŽŒÍÌÍLŽÍMLLŽNÍMLÌÍMLÌŒNKLLŽÌŒNKLLŽÌŒNKLKLÂŽÌÎÍÍMNÍŒMÍNÌÍNÌŒŒLLLÌŒŒLLMÌŒŒLLŒŽÍNÌÌŽÎLÎLŒÌŽÌMÌMLÌÌMÌMLÌŒŒLËLNÓNÓBŽŽNÍNÎMŒÎÌŽMLŽÍMNLÌÍMNLÌŒŒLËLŽNÌŒŒLLLNÌŒŒLLMÂŽŽNÌMÎÍLÌÎÎNÍMŒÌÍMŒÌŒNKL‹LMŽÌŒNKL‹LMÎÌŒNKL‹LŒÂŽŽNNÍMŽÌLÌŒÍÌŽMNÌNMŒÌÌNMŒÌŒNKL‹LŽÌŒNKLËLNÌŒNKLËLLÂŽÌLÌLÎÌLÎNÍŽMÌLŒŽÌÌLŒŽÌŒŒLLLÌŒŒLLMÌŒŒLLŒÂŽÌMNÌÍÌLMMÎÌÌNÌŽLÌÌŽLÌŒNKLLLŒNÌŒNKLLKLŽÓBŽÌNNÍNÌLÍŽÎNMÌÍÍÌÌÍÍÌŒŒLËLMÎÌŒŒLËLÌÌŒŒLLBŽÌŒŽÌÎÌLÌNÌÎNÌLŽLŒÍÍÌLŒÌŒŒLKLLŽÌŒŒLKLMÌŒŒLKL‚ŽÌÌÌÎÌLÎÍÎLÎÍÍÌÍÍÌŒŒLLLÎÌŒŒLLÎÌŒŒLKLBŽÍÍŽÌLÍÎÌÍÌÌÎÌŽŒÌÌŽŒÌŒNKLLKLLÌŒNKLLKLLÎÌŒNKLLKLM‚ŽÍNÌMŽÌMÍLŽÌÌÎÍLŽÌÍLŽÌŒNKLLLŽÌŒNKLLLNNÌŒNKLLLŽŽÍŒÎÍNNÌMÍŒLŽÌÌŒÍŽÌÌÌÌÍMÌÌÍŒÌŒŒL‹LLNÌŒŒL‹LMNÌŒŒL‹LMBŽÍNÍÎNLÍNÌNLNÌÍŒÌÌÍŒÌŒNKLLLMŽÓNÓBŽÍÍÎÌŒMÍNÌLÌŽÍÎNÌÍÎNÌŒNKLLŒÎÌŒNKLKLÎÌŒNKLKLNŽÍÎÍNÎMŒÎÎNÍMÌÍMÌŒŒLLNÌŒŒLLŽNÌŒŒLKLÂŽÍÎNÌNÎLÌÎÎMŒÎÌMLŒLÌŒÌMLNÌŒŒLKLÎÌŒŒLKLMNÌŒŒLKL‚ŽÎÍNÌMLMÌMÍŽÍMLÍÌÌÍMLÍÌÌŒNKLLLNÌŒNKLLLLÌŒNKLLLLŽÎNÍNÌLÍŽNNÍÎMÌÍÎÌLÍMÌÌÌLÍMÌÌŒŒLËLÌŒŒLLNÌŒŒLLMBŽÎLNÍMÎÌMLŒNÌÎNLŽÌÍLŒÌÌÍLŒÌŒNKLKLNÌŒNKLKLÎÌŒNKLKLŽÌNÌLÍNNÌŽMÍNÍMLÌÍMLÌŒNKLKLÎÌŒNKLKLMŽÌŒNKLKLÌŽÌÎÍNNÍŒMÍŽÌÎMÌŽÌŽMŒÌÌŽMŒÌŒŒLKLŽÌŒŒLKLMÌŒŒLKLŽÍNÌŽNÍLŽÌMŒÍÎÌÌMLÌÌÌMLÌŒNKLKLNÌŒNKLKLLŽÌŒNKLKLMŽÍÎÌNÌMŽMMÍÍŽLNÍÍÍŒÌÍÍÍŒÌŒNKLL‹LÌÌŒŒLKLŽÌŒŒLKL‚ŽÎÎNÍÍÎMÎMÍLŽÌLŒÌÌÌLŒÌÌŒŒLLŽNÌŒŒLKLLÌŒŒLKLLBŽLÍÌMÌŽLLÎÌMNMŒÌÌMNMŒÌŒNKLLLNÌŒNKLLLMÓBŽLÎÍLŽÌÎLLŽÌŒÌÍŽÍLÎÌÍLÎÌŒŒLKLNÌŒŒLKLLŽÌŒŒLKLŒBŽNÌÎÌLÌÍNLMMÌÍNLÌÌÍNLÌŒNKLL‹LÎÌŒNKLL‹LNÌŒNKLL‹LL‚ŽŽNÍÎÍMMÎÎMMÍŒŽÌMÌÌMÌŒŒL‹LŒNÌŒŒLËLNÌŒŒLËLLÂŽÌÍMNÌLÌNÌŒLŒÎÍLŽÌÍLŽÌŒŒL‹LŒNÌŒŒLËLŽÌŒŒLËL‚ŽNÍNÌLMŒÎÎÍÍŽÍÍLÌÍÍLÌŒŒLKLÓNÓBŽŽÌÍNLLÎÍÎLÌÎŒÌÎŒÌŒNKLKLMÎÌŒNKLKLŒNÌŒNKLKLŒ‚ŽNÍÌÌÍNLÍŽLÌÍŽLÌŒNKLLŽÌŒNKLLNNÌŒNKLLŽŽMNÌNNÌŒÍNÎŒÍŽÍŽLÌÌÍŽLÌÌŒNKLL‹LŽÌŒNKLL‹LŽÌŒNKLL‹LÂŽNÌLNÍMÍÍNNNÌMLÌÌMLÌŒNKLLKLLÎÌŒNKLLKLÌŒNKLLKLBŽLÎÍÎÎNNÌŽLNÌÌNŒÌÌÌNŒÌŒŒLKLŽÌŒŒLKLLNÌŒŒLKLŒ‚ŽLLÍÌLÎÌÌÎÍMŽÌÍMŽÌŒNKLKLŒŽÌŒNKLKLÎÌŒNKLLLŽLLŽÌMNÌMŒMŽÌÌÌNMŽÍÌÌŒÌÍÌÌŒÌŒŒLKLLŽÓNÓBŽLMÎÍŽÎLŽÍNMÍŒÎÌÍŒÎÌŒŒLKLŽÌŒŒL‹LNÌŒŒL‹LBŽLŽÍŽÌMÍÌŽLLÎÌMLŒÌÌMLŒÌŒNKLKLNNÌŒNKLKLÌNÌŒNKL‹LBŽLÌNÍÌLÌÌÎÍŒŽŽÍÌÌÍÌÌŒŒLKLŽÌŒŒLKLÌNÌŒŒL‹L‚ŽMNÍMÍŒLÎLMÍŽÌLÎLÌÌLÎLÌŒNKLL‹LÎÌŒNKLL‹LÌŒNKLL‹LLBŽMŽÍŒŽÎMÎÎŽÌLMÌÌÌLMÌÌŒŒLËLNNÌŒŒLËLÎÌŒŒLLÂŽMÌLNÍNLNÍÌMÍNMÌÍNMÌŒŒLLNNÌŒŒLLŒŽÌŒŒLLÂŽMNÌNÌLŒNÍŒÍŒÌÌÍŒÌÌŒNKLKLŒÌŒNKLKLŒŽÌŒNKLKLÌŽMLŽÌÌÌMNNÍÍMLNÌŒŒÌÌÌÌNÌÌŒNKLL‹LNÌŒNKLL‹LNÓBŽMŒŽÍŽÌMMŽÎMŽMÍÎÍŒŒÌÍŒŒÌŒNKLLKLNÌŒNKLLKLŒŽÌŒNKLL‹LŽMÌLŽÎMŒŽÍNNÌÍÌÌÍÌŒŒLKLŽÌŒŒL‹LÎÌŒŒL‹LŽMŽÍNNÌMLÎÍLÌŒŒNÍŒÌÌÌÍŒÌÌÌŒNKLKLŽÌŒNKL‹LLNÌŒNKL‹LLBŽMÌÍÌÌŽÍMÍLÎLMŒÌÎLMŒÌŒNKLËLÌŒNKLËLLNÌŒNKLËLLBŽMÌŽÌÍŽÌLLLÎÍLLŽÎÍLÌÎÍLÌŒNKLKLŒÌŒNKLKLŒÎÌŒNKLKLŒÂŽMÎÍŽÌMŒÎLÌLÌÎÌÌLÌÎÌŒNKLLKLLÎÌŒNKLLKLMNÓBŽNNÍÎÌNMŒŽÍÍÍÌLŒŒÌÌLŒŒÌŒNKLLLÓNÓBŽNLNÍÎÍNLŽÍŒÌÌLŒÌÌÌLŒÌŒNKLLNNÌŒNKLLŽNÓBŽŒNÍNÌMMŒMŽÌÌNLÌÌLÌÌÌLÌŒNKLLLNNÓNÓBŽŒNÍÎLNÎÍÍMŽÌMMLÌÌMMLÌŒŒLLŽNÌŒŒLKLLNÌŒŒLKLNBŽŒÎÌŒÎÎÌŽÍÍÌMÌÌMÌŒŒLKLŒÌŒŒLKLŒŽÌŒŒLKLÂŽŒMÌMNÍNLÎÎNŽMNÍMÌÍMÌŒNKLL‹LÌŒŒLKLÌŒŒLKLŽÎÌÎÌMŽNÍÌÌNMNÌMÎÌÌMÎÌŒŒLLLŽÌŒŒLLMNÌŒŒLLŽÌMÌNNÌÌMÌŒÌÌŒÌŒNKLKLŽÌŒNKLKLÌŒNKLKLL‚ŽLNÌNÌNÎÍLÌÌÎNÌŒŒLÌÌŒŒLÌŒNKLLKLŽÌŒNKLL‹LNÌŒNKLL‹LŒÂŽŒŽÌŒNÍÌÌÌÎNÌÌNMLÌÌÌNMLÌŒŒLËLNNÓNÓBŽNÍNNÌLMÌŽÍÍÍŽÌŽMÌŒÌÌŽMÌŒÌŒNKLL‹LNÌŒNKLL‹LŒÎÌŒNKLL‹LÌŽŽŽÌÎÌMNÍŒÎNMNÌÌŒLÌÌÌŒLÌŒŒL‹LMÌŒŒL‹LŒÌŒŒL‹LÂŽŽMNÍMÎÎNMŽÎMÎMÎÌŒMŒŒÌÌŒMŒŒÌŒŒL‹LLÌŒŒL‹LMNÌŒŒL‹LNŽÌÎÍÎÍŒŒÎÎLŒÌÎÌŒLÌLÌMMŒÌŒLMMÌŒŒL‹LŽÌŒŒLËLŽÌŒŒLËLMÂŽÌÎÌÍŽLŽÍMŒNÌLMLÌÌLMLÌŒŒLKLLÓNÓBŽÌŽÌMNÌLLÍÌÎÌMÌÌÌMÌÌŒNKL‹LŽÌŒNKL‹LMŽÌŒNKL‹LNŽÌÍŽÌLNÌLLŒÌMŽMÎÌŒLŒLÌÌŒLŒLÌŒNKLL‹LNÓNÓBŽÍNÍŽÌMÍNÍÍÎNÌÌÍLÌŒŽMLÌŒŒLKLŒÎÌŒŒLKLÎÌŒŒLKLŽBŽÍÎÌŽÌMMLÍLŒÌŽÌÍLŒÌÌÍLŒÌŒŒL‹LNÌŒŒLËLÌŒŒLËLL‚ŽÍMÎÌÌNÍÌÎÌMŒNÌÍÍLÌÌÍÍLÌŒNKLL‹LŽÌŒŒLKLÌŒŒLKLMŽÍNNÍMÎŒÎÎLŽLÎÌNŒÌÌNŒÌŒNKLKLNÌŒNKLKLMÌŒNKLKLMŽÍŒŽÍNÌMLÌÍNÌLMÌNÌÍŒÌÌÍŒÌŒŒL‹LLNÌŒŒL‹LMÌŒŒL‹LBŽÍŒÎÍÎÌÍLÍŒLMÌŒNÌÌŒNÌŒNKLLKLLŽÌŒNKLLKLŒÌŒNKLLKLŽBŽÍŽNÍÎÌÍMÌÎÍÎÍŒÌÍŒÌŒŒLËLŽÓNÓBŽÍÍÎÍNÌLLMNÍNMLÍŽÌLLÌÌLLÌŒŒLLŽNÌŒŒLKLÎÌŒŒLKLMÂŽÎÎÍŽÍÌNÍÎÎÌŒLÍÌMMŒLÌŒŒL‹LŒNÌŒŒLËLŽÌŒŒLËLLŽÎLÎÍMMÎÍÍMŽÌŒMŒÌLÌŒŒÌŒŒLKLNÌŒŒLKLŒÎÌŒŒLKLBŽÎLÎÍNÌMÍNÌŽMLLŽÌÍÍŒÌÌÍÍŒÌŒŒLKLŽNÌŒŒL‹LÎÓBŽÎNÍLŽÌMMÎÌŒLMÎÌÍÌÌÍÌŒŒLËLŽÌŒŒLLNÌŒŒLLLBŽÍLÎÌMÌLÍŽLLÎÌÍŒÌÌÍŒÌŒŒLKLŒÌŒŒLKLÌNÓBŽŽÍŒÎÎLŽÎÍÍÌÌÌÍÌÌÌŒŒLKLLÎÌŒŒLKLŒNÌŒŒLKLÂŽÌÎÌŽÎŒÎÌŒÎMLÌÎMLÌŒNKLLKLÌŒNKLLKLŒÌŒNKLLKLÌŽÍŽÍÌLLNÌŒMNÎMŒÌÎMŒÌŒŒLËLNÌŒŒLËLLÌŒŒLËLŒŽÌŽÌMŽŒÎLMŽÍÍÌÍÍÌŒŒLKLÎÌŒŒLKLMÌŒŒLKLŽŽŒÎÍŒNÍÌMNÍÌMÎÌŒÌÌŒÌŒNKLLLŒŽÌŒNKLLLŒÎÌŒNKLLLÂŽÌÍÌLÎMMÎÍMLÍÌMÍÌÍÌLÎLŒÌŒŒLËLŽÌŒŒLËLÌNÌŒŒLLÂŽLŽÍNÌLÍMÍÎÌMMŒNÌLÌŒÌÌLÌŒÌŒNKLKLNÌŒNKLKLMNÌŒNKLKLŒBŽMŽÌMNÎŒÍNÍÎLÍÎÌNLÌÌNLÌŒNKLLKLLÌŒNKLLKLŒNÌŒNKLLKLBŽLÌÎNÌÌÍŽÌLLMMÌŒŒÌÌŒŒÌŒNKLËLŽÌŒNKLLÎÌŒNKLLBŽLÎÍMŽÍÍNÌNLÎÍLŒÌÍLŒÌŒNKLKLNÌŒNKLKLNÌŒNKLKLMBŽLNNÍÍÌÍŽÎMŒLÎÌŒLÌÌŒLÌŒŒLKLMNÌŒŒLKLŽNÌŒŒL‹LBŽLÎÌMŽÌLMMÎÌLMÎÍÌÍÌŒNKLLKLLÎÌŒNKLLKLŒŽÌŒNKLL‹LÂŽLÌÌNÌNLŽÍNNŽÌNMLÌÌNMLÌŒNKLLLMÎÌŒNKLLLŒÌŒNKLLLŒÂŽLÌŽÍMŽÌÍÌÎÍNNÍÎMÍŽÌÎMÍŽÌŒNKL‹LŒÌŒNKL‹LŽÌŒNKL‹LÂŽLÍŽÌÍNÌLÍŽÌŒÍÍŒÌÍÍŒÌŒNKLL‹LŽÌŒŒLKLÎÌŒŒLKLLBŽLÎÌNÍŒLÎNÌŽŽMÎÌÎLÌÌÎLÌŒŒLËLŒÌŒŒLËLŽÌŒŒLLBŽMÌÎÍŒNNNÌLLMŽÍÌÍÌŒŒL‹LMÓNÓBŽMLNÌŽNÌLMMNÌÌMÍÌLŒÌÌLŒÌŒNKLLNÌŒNKLLLÌŒNKLLM‚ŽMLÎÍMÎÌLŒÎLNÍNMNNÌLMÌÌLMÌŒŒLKLLNÓNÓBŽMNÎNÌMLÎÌÍLŽÌLŒÍŒÌÌLŒÍŒÌŒNKLL‹LLÌŒNKLL‹LŒŽÌŒNKLL‹LÌBŽMÎÌNNÌLŒŒŽÍÍŒŒŽÍNÌÍNÌŒŒLKLÌŒŒLKLŽÌŒŒL‹LBŽMŽNÍŽÍNÌÌÌŒÎÌLMMŒÌÌLMMŒÌŒŒL‹LÎÌŒŒL‹LNNÌŒŒL‹LŒBŽNNNÌLÌLLŽÌNLÎÌLŒŒÌÌLŒŒÌŒŒLKLÌŒŒLKLŽÌŒŒLKLÂŽLNÌLÌLÍLÌŽÎMNÍÌÍÌŒŒLLLŽÌŒŒLLŒŽÌŒŒLKLŽLŽÌŒŽÌMÍŒMÎÍŽÍNÌÍNÌŒNKLLKLMÌŒNKLLKLÌŒNKLLKLÂŽLÎÌŽÍÌŽNÎLNLŽÌMLŒÌÌMLŒÌŒNKLL‹LNÌŒNKLL‹LNÌŒNKLL‹LŽŽLŒNÌNNÍŽNÍÍMÎÌMŽÌÌMŽÌŒNKLËLNÌŒNKLËLŒÌŒNKLËLŒŽLŽÍNÌMÌÎÎLÌÍŽÍLÌŒÌÍLÌŒÌŒŒLKLŽÌŒŒLKLLÎÌŒŒLKLNBŽLÌNÌÌÎMÍŒÍLÍNÌNLÌÌNLÌŒNKLËLÌÌŒNKLLÌŒNKLLMŽLÍÍÎÍÍŒLÎÍŽÎÌLÌÌLÌŒŒL‹LŒÌŒŒLËLÎÌŒŒLËLÂŽLÎNÌMÎÎNLŽÎNLÍÌMÌÌMÌŒŒL‹LNÌŒŒL‹LNÌŒŒL‹LŒBŽLNÍŽÌLŒŽÍLŒÎÍÌÌÌÍÌÌÌŒNKLKLÎÌŒNKL‹LÌŒNKL‹LBŽLLÎÍÎÌLNMÍLŒÌMMŽÌÌMMŽÌŒŒLLMŽÌŒŒLLŒÎÌŒŒLKLBŽLMÎÌMÌMLNÎNMÎÍNŒÌÍNŒÌŒŒLKLNÌŒŒLKLŒNÓBŽLNÍŽÍLŽÌLÌŽÌLLŒLÌÌLLŒLÌŒNKLKLNÌŒNKLKLŽÌŒNKLLLBŽLŒÎÍÌŽÍŽÌMLMNÌLŒÌÌLŒÌŒNKLKLŒNÌŒNKLKLNÌŒNKLLLÂŽLNÌŽÌLÍŽNÍŒÌNÌŒMLÌÌŒMLÌŒNKLKLNÌŒNKL‹LŽÌŒNKL‹LLÂŽLLŽÍLNÌLNMNÌMMNNÌMŒŽÌÌMŒŽÌŒNKLL‹LNÌŒNKLL‹LMŽÌŒNKLL‹LŒÂŽLMNÌŒÍMLLŽÍMÍÌÌŒÌÍÌÌŒÌŒŒLLLÓNÓBŽLNNÍMÎÍMŒÎÌÎÎMÎÌLLLÌÌLLLÌŒNKLKLÌŒNKLKLLÎÌŒNKLKLBŽLLÍNÌMMÌÎNMÍÌLŽNÌÌLŽNÌŒŒLËLLÎÌŒŒLËLMŽÌŒŒLËLM‚ŽLLMÍMNÌMÍLŽÎMÌÎÌŒMŒÌÌŒMŒÌŒNKLLKLŽÌŒNKLLKLÌŒNKLLKLLŽLLMNÌÍÎÌMÍŒÍŽÌMLŽNÌMŽŒÌÌMŽŒÌŒŒLKLMNÌŒŒLKLŽÓBŽLLŒNÍÎÌLÌÌÌLÌLÎÌÌLÎÌŒŒLKLNÌŒŒL‹LNÌŒŒL‹LLŽLLNÌNÌÎMÍÌÌÌÌLÌÌÌÌLÌÌŒŒLLÌŒŒLLÎÌŒŒLLNŽLLŽNÍNÎŽÍÌŒÌÌŒLÌÌŒLÌŒNKLËLÎÌŒNKLËLÌÌŒNKLLÂŽLLÍNÌMŽÍŒÎÍÌLNÌŒŒÌÌŒŒÌŒŒLËLŒÎÌŒŒLËLÌNÌŒŒLLLBŽLMNÌŒÌLŒNÌŒÍLMÌÍLMÌŒNKLLKLMÎÌŒNKLLKLNNÌŒNKLLKLNBŽLMÍÍLÌLÍŒNÌÌMÍMŒÌÍMŒÌŒNKLLLÎÌŒNKLLMÎÌŒNKLLŽBŽLNNÍŽÍLLNÍŽŒŽÌŒMÌÌÌŒMÌÌŒŒLËLLŽÌŒŒLËLMÎÌŒŒLËLŽŽLNŽÍŒNÌLÌÎNÌŒŽMŒÎÍŒÌÍŒÌŒŒLKLŽÓNÓBŽLŒÍNNÌLŽÍÎÎLÌLÎÌNŒÌÌNŒÌŒŒLËLÌÌŒŒLLLÌŒŒLLLBŽLŒÌŽÌLMŽÍŒŒŒNÌŒLÌÌŒLÌŒNKLKLŽÌŒNKLKLMNÌŒNKLKLNŽLŒNÌÌŽÌMÍLÍŽÍŽLŽLŽÍMMLÌÍMMLÌŒNKLKLNÌŒNKLKLMNÌŒNKLKLŒŽLŒŽÌŽÌLMÍÍÍÌÎNÌŒLLÌÌŒLLÌŒŒLKLMNÌŒŒLKLŽNÌŒŒL‹L‚ŽLŒÎÍMNÌMLÍÍŽÍÎŒŽNÍŒÌÍŒÌŒŒLKLMÎÌŒŒLKLÌÌŒŒLKLÌBŽLŒLNÌŒNÍÎÍÌÎMŒÎÎLÌÎLÌŒNKLL‹LNÌŒNKLL‹LLŽÌŒNKLL‹LNBŽLŒŒÌÌŽÌLNLÎMNÌLLÎLÌMÌŒÎMŽÌŒŒL‹LLÎÌŒŒL‹LŒŽÌŒŒL‹LBŽLŒÌŽNÌMÎMÍLNMŽNÌNLÌÌNLÌŒŒLËLMŽÓNÓBŽLŒNÌLÎNMNÌŒÍÎÌÌNMLÌÌÌNMLÌŒŒLLMNÌŒŒLLŒÎÌŒŒLKLBŽLŒÎNÍÌÌÍNNÌÌÍÎŒÌÍÎŒÌŒŒLKLNÌŒŒLKLŒÎÌŒŒLKL‚ŽLŽÍNÍÌŒÎNÍMÌŒÌÍMÌŒÌŒNKLL‹LÌÌŒŒLKLNÌŒŒLKLM‚ŽLÎÍÎÎÌŽÎÎÌMLLŒÌÌMLLŒÌŒNKLKLÎÌŒNKLKLMNÌŒNKLKLMBŽLMÎÍLÌÎNÍMÍÌLÎMLÌÌLÎMLÌŒNKLLLLÌŒNKLLLŒŽÌŒNKLLKLBŽLNÍŽÌMLÌŽÍŒÌÌLŽÌÌÍŒÍLÌŽMŒÌŒNKLËLMNÌŒNKLËLŽÌŒNKLL‚ŽLÎÌÍÌLÎNÎÌÍŒÎÍÌÍÌŒNKLLLÌNÌŒNKLLKLÎÌŒNKLLKLMÂŽLŽNÍLÎÍÎÍŒLLNÌLŒÌÌLŒÌŒŒLËLŒNÌŒŒLLNÌŒŒLLL‚ŽLÌŽÌMÎÍLLÎÎŽÌÍLÌÌÍLÌŒŒLKLNNÌŒŒLKLNÌŒŒLKL‚ŽLŽMÌŽNÌLŒÎNÌLŒMÌŒLÌÌŒLÌŒNKLLLNÌŒNKLLLLÎÌŒNKLLLLÂŽLŽNNÌÎÍŽŒÌŒLÌLNÍNÌÍNÌŒŒL‹LMNÌŒŒL‹LŒÎÌŒŒL‹LŽLÌŽÍŽÌÎLÍŽNMÍÌÎLÌÌÎLÌŒŒLKLNÌŒŒLKLLÌŒŒLKLŒŽLÌÍŽÌLLÎÌÌMŽÍMLÌÍMLÌŒŒLLLŽÌŒŒLLŽÌŒŒLLÌŽLÌMÎÌLÍÎNÌŒMÍMNÌLMÌÍÎMLÎLÍÌŒÌŒŒL‹LLÌŒŒL‹LMŽÌŒŒL‹LŒ‚ŽLÌMŽÌNÌLŽNÍNLÌLŽÌÌNLÌÌÌNLÌŒŒLLŒNÓNÓBŽLÍLNÍMŽÌLMNLÍÌŒÍNÌLÌLÌÌLÌLÌŒŒLËLMŽÌŒŒLËLMÎÌŒŒLËLÌBŽLÍMÌMŽÍÌÍNÍÌÌŒLŽÍÌÍÌŒŒL‹LNÌŒŒL‹LŽÌŒŒL‹LNŽLÍŒÎÌÍNÌLÎMÎNÍŒMÌÍMÌÌÌÌÍMÌÌÌŒŒLLNÌŒŒLKLNÌŒŒLKLŽLÍŽÌŽÌÍÌÎÎMÍNÌÎMŒÌÌÎMŒÌŒŒLKLLÌŒŒLKLMNÌŒŒLKLÂŽMNÌŒNÎŽÌŽÍÍLÌÍÍLÌŒŒLKLNÌŒŒLKLŽÌŒŒL‹LÂŽMŒÍŽNÌMMŒÎÌŽNÌMÌÌÌMÌÌŒNKLLLLŽÌŒNKLLLNÌŒNKLLLÌŽMÎÌÌÎÌMNMNÍLNNŽÌMÎMÌÌÌMÎMÌÌŒŒLKLŒÌŒŒL‹LÎÌŒŒL‹LŽMNÌŽNÌLŒLÌÎÌMŒMŽÌLÌÌLÌŒNKLL‹LÌŒNKLL‹LÌŒNKLL‹LŒ‚ŽMŒŽÍŒÍÌŽÎLÌŽNÍÍÌÌŒŒLÍÌMLÌŒŒL‹LŒNÌŒŒL‹LÎÓBŽMŽÌMŽÌLÌÎÍŽMMÎLŒÌÎLŒÌŒŒLLŽÌŒŒLKLÌŒŒLKLM‚ŽMÍÌŽÌMŽNMÎÌMÎÍŒÌÍŒÌŒNKLLNÌŒNKLKLNÌŒNKLKLLŽMÍÎÌMÍÌŽLŽÎLÌMÌÌÌMÌÌŒNKLLKLŽÌŒNKLLKLŽÌŒNKLLKLÂŽMÎÍŽÍMÌÎÍÌÌÍMŽÌMMŒÌÌMMŒÌŒNKLL‹LLŽÌŒNKLL‹LMÎÌŒNKLL‹LŒ‚ŽMÎNÍNÍŽLÌNÍŒŒLNÍLŒÍŒÍŒÌŒNKLLÌŒNKLLÌÓBŽMÎÍNÌMMÎÌÍMÎÌÍŒÌÌÍŒÌŒNKLLKLLNÓNÓBŽMÎÍÎÌLŽLÎÍÍŽÌÍŒÌÌÍŒÌŒŒL‹LNÌŒŒL‹LLÎÌŒŒL‹LŽMLNÌÌÌLMÌÍŽÍÎMŒLŽÍÌLNÌÍÌLNÌŒŒLKLŒÌŒŒL‹LNÌŒŒL‹LLŽMLNÌÌŽÌMŽŒŽÌŒÌÌLÎÌMÌÌÌMÌÌŒŒLKLNÌŒŒLKLŽÌŒŒL‹LBŽMLŽÌÌNÎŽÍÍŽÍÎÌÍÎÌŒNKLKLNÌŒNKLKLŽÌŒNKL‹LBŽMLNÍŽÍÍLŽÍÌŒÌŒNÌÌŒNÌŒŒL‹LMÎÌŒŒL‹LŒNÌŒŒLËL‚ŽMLMÌŒŽÍŒÍÍÌÌÌÌŒŒLËLNÌŒŒLËLMÌŒŒLËLŽMLÌÍNÌLŽÌÌÍÍNNÌŒÌŒÌÌŒÌŒÌŒNKLËLLŽÌŒNKLËLMÌŒNKLËLŒ‚ŽMLÎÌÍŽÌMŒNÌÍÌNMNÍŒMÌÍŒMÌŒNKLLKLÌŒNKLLKLMNÌŒNKLLKLM‚ŽMMÌÎÎLÍŽÎLÌMÍÍÌÌÍÍÌÌŒNKL‹LLŽÌŒNKL‹LÌŒNKLËL‚ŽMMŽÍŒNÌMÎLÍNÍÍÍLŒÌÍLŒÌŒNKLLKLÌŒNKLLKLMÎÌŒNKLLKLŒ‚ŽMMÌNÌÌNÌMÌNÍNMMÍLLÌÍLLÌŒNKLLMÎÌŒNKLKLNÌŒNKLKLŽMMÍŽÌNÌÍNNÌÍLÌNMMŒÌÌNMMŒÌŒŒLLMŽÌŒŒLLÌÌŒŒLKLLŽMNNÍNÍMÍÌNÌŒŒMÍLLÌÍLLÌŒŒLKLÌŒŒLKLNNÓBŽMNLNÍNÌLLŒÎÎNÍŽÌÍŽÌŒŒLLŒNÌŒŒLLÌÌŒŒLKLBŽMNMÍÌMŽNÌMMÎÍÎLLÌÍÎLLÌŒŒL‹LÎÌŒŒLËLNÌŒŒLËLŒBŽMŒŽÌMNÍNNÎNLNÍMŒÌÍMŒÌŒNKLL‹LÎÌŒNKLL‹LMÌŒNKLL‹LŽŽMŒÌŒÎLLÌÎÍLŒÎÌÌÌÌÌÌÌÌŒŒL‹LŒÌŒŒL‹LŒŽÌŒŒLËL‚ŽMŒLÌLÌMMŒÎÌŽNÍÌÎNLÍÎMÌLÌŒŒLKLLÎÌŒŒLKLNNÌŒŒLKLŽBŽMŒLŽÍMNÌNLŽÌMÎÌÌÌÌŒNKLËLNNÌŒNKLËLÌŒNKLËLŽMŒMÍŽÌLŽÎÌÍÍÎNÍÌLÌÌÍÌLÌÌŒNKLLKLŒNÌŒNKLL‹LŽÌŒNKLL‹LLBŽMŒŽÍMÎÌLMÎÎMŒÍÎÌÍÎÌŒNKLKLÌŒNKLKLŽÌŒNKLKL‚ŽMŒÌÎÌLŽÌLŽNNÌLÌÌÎLŒÌÌÎLŒÌŒNKLL‹LNÌŒŒLKLÎÌŒŒLKLŽMŒÎÍLÎŒNÎNLNÍÎÌÍÎÌŒNKL‹LMŽÌŒNKL‹LŽÌŒNKLËLÂŽMLÌŽÍÌLŽÌÌNLNÌMNÌÌMNÌŒNKLËLŒNÌŒNKLËLÌNÌŒNKLLLBŽMŽNÌÌNÌLŽNÍÌLMLÍŒŒÌÍŒŒÌŒNKLKLŒÎÌŒNKLKLÌÌŒNKLLL‚ŽMÎÍMŽÌÌÍŽNÍNŒÌÍNŒÌŒŒLLŽNÓNÓBŽMŽŽÍMNÌLMÍÌÎMÌLNÌMÌLŒMŒÌLÎÌŒŒL‹LŽÌŒŒL‹LŽNÌŒŒLËLBŽMÌÎÍŽÎÍÌÎÍŒÎNLÌÍŒÎNLÌŒŒLLÌŒŒLLÎÌŒŒLLMBŽMÌLŽÍLŽÌMLMÍÌŒNÌÌŒNÌŒŒL‹LŒÌŒŒL‹LŒÎÌŒŒL‹L‚ŽMÌMNÍÎÌLÍŒÌÍNMLNÌŽLÌÌŽLÌŒNKLKLŒÎÌŒNKLKLŽNÌŒNKLLLLŽMÌŒÌŒÎÍMNNÍNÎÌMŒÌÌMŒÌŒŒLLŒÎÌŒŒLKLÎÌŒŒLKLMŽMÌŽÍÌMLÎÌŒLLÍÍLMÌÍLMÌŒŒLËLŽÌŒŒLËLÎÌŒŒLËLBŽMÌÍÌNNÌLÌŒNÍMŽÌLÌÌLÌŒNKLLKLNÌŒNKLLKLMNÌŒNKLLKL‚ŽMÌÍNÎNÎLMŽÎÌÍÍŽÌŽÍŒÌÌŽÍŒÌŒŒLKLÌNÌŒŒL‹LÎÌŒŒL‹LMÂŽMÍÍLÍMÎNÍNÎMÌÌÌÎMÌÌÌŒŒLËLNÌŒŒLËLMNÌŒŒLËLÂŽMÍŽÍŽÌLŽÍÌŽMÌÌÌÌŒŒLKLŽÌŒŒLKLMŽÌŒŒLKLŒÂŽMÍŽÍNÍÍÌÎÍÌŽNLŽÌÍŽMŒÌÌÍŽMŒÌŒNKLLKLŒÎÌŒNKLL‹LŽÌŒNKLL‹LMÂŽMÍÎÌÌÌMÌÎNNÌMMŒÌŒÍÌLÌŒÌŒNKLL‹LÌŒŒLKLÎÌŒŒLKLŽMÍŒNÌMÎÌMŒÍNÍÍŒŒLÎÍŽÌÍŽÌŒNKLKLÌNÌŒNKL‹LLÌŒNKL‹LŒŽMÍNÌŽNÎÌŒÎÌNLŽŽÌMLÌÌMLÌŒNKLLNÌŒNKLLŽÌŒNKLLÌŽMÍÍÎÍÌMÎŒÌÍLÎÌNÌÌÌÌNÌÌÌŒŒLKLÌNÌŒŒL‹LÎÌŒŒL‹LMŽMÎNÌŒNÎŒLNÌMÌMŽÌŒLÌÌÌŒLÌÌŒŒL‹LMÎÌŒŒL‹LNNÌŒŒL‹LNBŽMÎŽÍÎÌLÌÍŽÍŒŒÍÎÍŽMÌÍŽMÌŒŒLËLÌŒŒLËLNÌŒŒLLBŽMÎLNÍŽÌŽŒÎÍŽNNÌŒÍŒÌÌŒÍŒÌŒNKLLKLNÌŒNKLLKLLNÓBŽMÎMÍŽÍNMNÍNLÌÎÍŒÎMLŒÍMLÌŒŒLKLÌNÌŒŒL‹LÎÌŒŒL‹LMBŽMÎNÌŒÌMLÎÍÎÍŒÌÍŒÌŒŒL‹LNÌŒŒL‹LLNÌŒŒL‹LMBŽNŽÌLÍÌMNÍMMŽÍMÌÍMÌŒŒL‹LŽÌŒŒLËLNÌŒŒLËLLŽNÍNÌMLŽNÌLLMÌÌNNNÌÌNNNÌŒNKLL‹LLNÌŒNKLL‹LNÌŒNKLL‹LÂŽNNÌNÎÍŽÌÎMÌÍÎÌNNÌÌNNÌŒNKLËLÌŒNKLËLMNÌŒNKLËLŒŽNMŽÌŒÎÌÌÌÍNÍÍŽÌŒLÍÌÌŒLÍÌŒŒLKLŽÌŒŒLKLŽNÌŒŒLKLŽBŽNMÎÍÍMŽLŽÍŒMÍÎÍÎMLÌÍÎMLÌŒNKLLKLÌŒNKLLKLLNÌŒNKLLKLL‚ŽNŒÎÍÌMMLMŽÎNMŽÍÌÍÌŒNKLKLŒÌŒNKLKLÎÌŒNKLLLŽNÌŽÍMÍMLŽÍÎLŒŽÌŒÌÌŒÌŒNKLL‹LŒÎÌŒNKLL‹LŽÌŒŒLKLÂŽNÍÍNÍÍÌÌÎNNÌLÎÌÌLÎÌŒNKLL‹LŒNÌŒŒLKLÌŒŒLKLM‚ŽNNÌÍŽÌŒLNÎNMÍÍNLÌÍNLÌŒŒLKLÌŒŒLKLMÎÌŒŒLKLŒBŽNÍNNÍŒÌÌŒLNÌÌŒLÌLLÌÌLÌŒŒLLNÌŒŒLLÎÌŒŒLLLŽNLNÍŒŽÌMMÌMNÌÍŒŽÍLÎLÌÍLÎLÌŒNKLL‹LŒÌŒNKLL‹LÌNÌŒŒLKLMŽNMNÌŒÎÌMLÌMÍÌÎŒÌÍLÌLÌÍÌŒNKLLLÌÌŒNKLLKLLŽÌŒNKLLKLMÂŽNŒÌÍÌLŒŽÌÍŒNÌÌÍLÌÌÌÍLÌŒŒLKLŒŽÌŒŒL‹LNÌŒŒL‹LL‚ŽNÌŽÌÍÎLNNNÌMMŽMNÍÎMŒÌÎÌŒNKLL‹LŒŽÌŒNKLL‹LŽÌŒŒLKL‚ŽNNÌÍŽÌMÍLŽÍÍLÍŽÌLÌLÌMÌLÌLŽÍÍLÌŒŒLLMÌŒŒLLŒNÌŒŒLLŒ‚ŽNÎÌNÍŽMŒÍMŒLÌLŒÌÌLŒÌŒNKLLŽÌŒNKLLŽNÌŒNKLKLÂŽNMŽÍÎÌLLÍÎÍŽNMNÌMŒÌÌMŒÌŒNKLLKLŽÌŒNKLL‹LÎÓBŽNLÍNÌÌMÎÎMŽÌMÎLÌÌMÎLÌŒŒLKLÎÓNÓBŽNLNÌÌLMŽÌÌÌMLLÌÌMLLÌŒŒL‹LLNÓNÓBŽNLLÍÌLŽNÎMÍLÎÌLÎÌÌLÎÌŒNKLLKLŽÌŒNKLLKLLŽÌŒNKLLKLMÂŽNLLÎÍŽÌMŽÍLÌŒÎÍŒÌÍŒÌŒNKLKLÎÌŒNKLKLLÌŒNKLKLM‚ŽNLNÍŒŽÌŽŽÎNŒLŽÍMNÌÍMNÌŒNKLLLLŽÌŒNKLLLMNÌŒNKLLLNBŽNLŒŽÍÌLŒMNÍÌMÎÌLÌÌÌLÌÌŒŒLKLÎÓNÓBŽNLÎÍŒNÌŽŽÌMŒÍNÌÎLÌÌÎLÌŒNKLKLÎÌŒNKLKLNÌŒNKLKLMÂŽNLŽNÍLŽÎÎMÎŽNNÍLÌÌÍLÌÌŒNKLL‹LŒŽÌŒNKLL‹LÌNÌŒŒLKLLŽNMNÌMŽÍLNÍÎLÌŽNÌŽÌÌŽÌŒNKLLKLNÌŒNKLLKLLNÌŒNKLLKLŒŽNMLÎÌÎNÌMŽNÌLÍLÎÍÌÍÌŒŒLKLŽÌŒŒLKLLÎÌŒŒLKLNŽNMMŽÍÎÌLLŽLNÎMLNÌNLÌÌNLÌŒNKLL‹LMNÌŒNKLL‹LNÌŒNKLL‹LŽBŽNMÌÎÍÎÌNMŽÎLŽÎÌNLMLÌÌNLMLÌŒNKLL‹LÌNÌŒŒLKLŽÌŒŒLKLMŽNMÎNÌŒNÌNLÎÍÍMŽÌNÌÌNÌŒŒL‹LÎÌŒŒL‹LNÌŒŒL‹LMÂŽNNÎÍÎNNÍMŽNÍNLÌÍNLÌŒŒLËLLNÌŒŒLËLLŽÌŒŒLËLMÂÌÌMÌÌŒNÎLŒÍÎÌÍŒÌÌÍŒÌŒŒLLNÌŒŒLLŒÌŒŒLLŒÌÌÍŽÍÍNÍÌÌŒNÌŒŒLÌÌŒŒLÌŒNKLLKLŒÎÌŒNKLLKLÎÌŒNKLL‹LBÌMŽÍNÍNÎNLÍMNÌNÌÌNÌŒŒL‹LLŽÌŒŒL‹LNNÌŒŒL‹LŽÌŒÎÌŽÌŒMŽÍÎÌLNÌÍNÌÌÌÍNÌÌŒŒLKLÌŒŒLKLŽNÌŒŒL‹LÌÍNÍŽÍÎLŽÎMMNÍLLÌÍLLÌŒNKL‹LNÌŒNKLËLÎÌŒNKLËLMBÌŽÍÌÍŒLÍÍŽMNÍMÌÍMÌŒŒLLLÌŒŒLLNÌŒŒLLBÌLÍŽÌLMNÎLÌÎÌŒÌŒÌÌŒÌŒÌŒŒLKLŒNÌŒŒLKLÌNÌŒŒL‹LLBÌMÌÍÎÌLMÍÍNNÍMÌÍMÌŒŒLKLNÌŒŒLKLNNÌŒŒLKLÌÌMŽÌÍÍÌÌÎMMNÍŒÌÌMLÍMŽLÌÌŒŒLËLNÌŒŒLËLMŽÌŒŒLËLŒ‚ÌŒÌŽÌÌŒÍLLÍŽÌÍŽÌŒNKLKLÌŒNKLKLNÌŒNKLKLLÌÌÌÌÎÍLNNÍMÌÍŽÍMŒÌÌÍMŒÌÌŒŒLËLÎÌŒŒLËLLÌŒŒLËLMÌÎNÍLŽÍMŒNÌMMLÌŒÌŒÌÌŒÌŒÌŒŒL‹LNÌŒŒL‹LNNÌŒŒL‹LÌÌMÎÌMÌNÍÍNNÌÍNNÌŒNKLLKLLÌŒNKLLKLMÎÌŒNKLLKLBÌMÎÌÌŽÍÍNNÌÎMÎNÎÌÎÌŒŒLËLŒŽÌŒŒLËLŽÌŒŒLLÌLŽÍŽÌMŒÌÍNÌŽŒÍŒÌÍŒÌŒNKLKLLŽÌŒNKLKLŽÌŒNKLKLŽBÌLÎÍNÍÎNÌŒŒLNÌÌNMŒÌÌÌNMŒÌŒŒLLMÌŒŒLLMÎÌŒŒLLŒÌLŽÌŒŽÌMLŽÎLMÎÌMÌŒŒÌÌMÌŒŒÌŒNKLLKLŽNÌŒNKLL‹LNÌŒNKLL‹LM‚ÌLLNÌÍŽÌMÍÌŽÌÍŽLÎÍÌÍÌŒNKLLLNÌŒNKLLMŽÌŒNKLLŒÂÌLMNÍNNÌMŒŒÌŒÍÍLÌÌÍLÌÌŒŒLKLLÌŒŒLKLŒŽÌŒŒLKLÌLŒNÌŽÍÎÎLÎÌMŽÌÌMŽÌŒŒL‹LŒÌŒŒL‹LŒÎÌŒŒL‹LŒÂÌLŒŽÍŒŽÍÎÍŒŽMMNÌLŽÌÌLŽÌŒŒLLMŽÌŒŒLLŒÌŒŒLKLBÌLÌNÌÌÎÌLMŒÍNÌÍNNLŽÎÍŒÎÍÌŒNKLËLNÌŒNKLËLŒNÌŒNKLËLŒ‚ÌMNÍMÌNŒNÎLNNÌLÎLÌÍŒÌLÍÌŒŒLKLLÎÌŒŒLKLÌŒŒL‹LBÌMŽÌMŽÌMÍŽÍLÍLNÌŒLÌÌŒLÌŒNKLLKLÎÌŒNKLLKLÓBÌMNÍŽÌMŒLNÌŒMÌŒNÍLÌÌÍLÌÌŒNKLLKLŽÓNÓBÌMLŽÌLÌMŽLŽÌLMÎÌMÎÌÌMÎÌŒŒL‹LÎÌŒŒLËLŽÌŒŒLËLÌMMÌÌÍÍŒÎÍŒŒÍŽÍÌÍÌŒNKLLŒŽÌŒNKLLÌŒNKLLÌMMŽÍŽÌLÌŽLÍMNÌLMÌÌLMÌŒNKLL‹LNÌŒŒLKLŽÌŒŒLKLÂÌMŽNÌÌÌMLŽLŽÌMLŽÌLŒÌÌLŒÌŒNKLL‹LÎÌŒŒLKLNÌŒŒLKLÂÌMÌNÍÎÎLÎÎNLÎÌŒLLŒÌÌŒLLŒÌŒNKLL‹LŒŽÌŒNKLL‹LÌÌŒŒLKLÂÌMÌŽÍLÌÌÍŽÎÍŒÎÎLÌÎLÌŒŒLKLŽÌŒŒL‹LÎÌŒŒL‹LŒBÌMÍNÍŽÌMLLÎNÍMLMNNÌÌÍÍLÌÌÌÍÍLÌŒŒLKLŽÌŒŒL‹LÎÌŒŒL‹LÌMÍÎÍŒÎÍŒÎLŒMÎNÌNŒÌÌNŒÌŒNKLLKLLNÌŒNKLLKLMNÌŒNKLLKLM‚ÌMÎÍÌŒÌÎÌLNÌLŽÌÌLLŒÌLMÍLÌŒŒLKLMNÌŒŒLKLÌŒŒLKLŽÌNŽÍŽÌMLÍNÍŒÍÍNÌMLÌÌMLÌŒNKLL‹LNÌŒNKLL‹LŽNÌŒŒLKLÂÌNLNÌLNÌŒÎŽÌLÍÍÎÌMÌŒÌÌMÌŒÌŒNKLL‹LÌŒŒLKLÌŒŒLKL‚ÌNMÎÍLÌNÌŽÌÍMÎÍLŒÌÍLŒÌŒŒLKLŽÌŒŒLKLMÌŒŒLKLŒÂÌŒNÍŒNÍŒLÎÍLÌŽÍNLÌÍNLÌŒNKLKLŒŽÌŒNKLLLNÌŒNKLLLBÌŒMÎÍNÍMMÎÍÌMÌÌŒÌÌŒÌŒŒLKLLNÌŒŒLKLMÌŒŒLKLŒ‚ÌŒNÎNÌMŽÌMŒNÌLLŒÌÌLLŒÌŒŒLKLLNÌŒŒLKLNÌŒŒLKLŒÌŒŒÌÍÎÍÎMMNÍMNÎLÌÎLÌŒNKLKLNÌŒNKLKLÌÌŒNKL‹LBÌŒNÍLNÌMÌNÍMLÌŽNÌMÍÌÌMÍÌŒNKLLKLNÌŒNKLLKLMNÌŒNKLLKLŒ‚ÌŒŽNÍÌLÍNÌÌŒMNÌŒLŒÌÌŒLŒÌŒŒLKLŒŽÌŒŒL‹LNÌŒŒL‹LÂÌŒÌÎÍŽÍÍMŽÍŒLLMÎÌÍLÍÌÌŽÌŒŒLLNÌŒŒLLLÎÌŒŒLLNBÌŒÍÍLÎÍŽÍÌÍMÌŒMÎÌÌŒMÎÌŒŒL‹LNNÌŒŒL‹LŒŽÓBÌŽÌÍNÌÌŒLÍÌÍMÎÍMÍŒÌÍMÍŒÌŒŒL‹LLÎÌŒŒL‹LŽÌŒŒLËLÌŒÌÌŽÍLŽŽÌŒÍÍNÌLMŒÌÌLMŒÌŒŒLKLŽÌŒŒLKLÎÌŒŒLKLLÌÎÌÌNÎLÎŽÌŒÌÌLÌÌÌLÌŒŒLKLÎÌŒŒLKLNÌŒŒLKLL‚ÌÌŽÌÎÍÎÌMÎMMÌÌLÌÌÌLÌŒNKL‹LÓNÓBÌÎNÍŽÌLÍÍLMMNÌŒŽLÌÎÌŒŒÌŒÌŒŒLKLÌŒŒLKLŽÌŒŒLKLÌÌŽÎÍŽÌLÍŒNNÌNMÍMMŒÌLŒÍÍŒÌŒNKLLŽÌŒNKLLNÌŒNKLLŒÂÌŽNÍNÌLÎLÎÍLNÌÌLŒÌÌÌLŒÌŒNKLL‹LŒNÌŒNKLL‹LŽNÌŒNKLL‹LŽBÌŽLNÌÎÎÌLŒÌÎÍÌÍÌŒŒLËLNÌŒŒLËLLÎÌŒŒLËLM‚ÌŽMÍŒÌLMÎNÍŒNÌLMŒÌÌLMŒÌŒŒLKLLŽÌŒŒLKLMŽÌŒŒLKLNBÌŽMÎÍNÌLLMMÎNMÎLÌŽÌÌÌŽÌÌŒNKLKLŒŽÌŒNKLKLŽNÌŒNKLLL‚ÌÌÎÌÍŽÍMLŽÍŽMLÌÌŽMŒÌÌÌŽMŒÌŒŒL‹LŒÌŒŒLËLÎÌŒŒLËLÌÌŒŽÍNÌMMNÌÌŽÍŒŒÌÍŒŒÌŒNKLLKLNÌŒNKLLKLŒŽÌŒNKLLKLŽBÌÌÍÌMŽŽÍŒLLNÌMÌLÌÌMÌLÌŒŒLËLŽÌŒŒLËLNNÌŒŒLËL‚ÌÌÍNÍNÌMÌŽÌÌMŽÌÍLÌÌÍLÌŒNKLLKLŽNÌŒNKLL‹LLÌŒNKLL‹LNBÌÍLÌŽÌMŒÎMÎÌÌLŒÌÌÌLŒÌŒNKLLŒÎÌŒNKLKLNÌŒNKLKLBÌÍLÎÍLŽÌMLÍNÍÎŒŽÌLMÌÌÌLMÌÌŒŒLLÌŒŒLLLNÌŒŒLLŒBÌÍMŽÌŒŽÎNŽÌÌÎÌLÍÌÌLÍÌŒŒLKLÎÌŒŒL‹LÎÌŒŒL‹LNÌÍNNÍÌÌŒÍMŽLÎÌÌÌÌÌÌŒNKLËLŒÌŒNKLËLÌNÌŒNKLËLÌBÌÍŽÌLNÌMÎMÎÍÍÎNÌÌÌÌÌÌŒNKLLÎÌŒNKLLLÎÌŒNKLLÌÍÌÎÌÌÌLLÍŒÌNLÍÎÌLÌÌLÌŒŒLLÌŒŒLLŒÌŒŒLLŒÌÍÍÍÍLŒLÎÌŒMLÎÌLMLŒÌÌLMLŒÌŒŒLËLNÌŒŒLËLŽÌŒŒLËLŽBÌÍÍNÍÎÍÌŒŽÌMÎÌMÌŒÌÌMÌŒÌŒŒLLÎÌŒŒLLŒNÌŒŒLLŽBÌÍÍÎÎNÎNMNÍÍMŒÎÌÌÍÌŒÌÌÌÍÌŒÌŒŒLLÎÌŒŒLLLÌŒŒLLMÂÌÎŽÍNÌLŒÌLŒÎÌŽLŽLÌÌŽLŽLÌŒNKLL‹LÎÌŒŒLKLÎÌŒŒLKLÂÌNÌŒNÌŒŽÌLÌLÍLÌÌLÍLÌŒŒL‹LLŽÌŒŒL‹LMÌŒŒL‹LNÌNÌŒÌMÌŽÍLNLÌŽÌLÌÌLÌŒŒL‹LÎÌŒŒLËLŽÌŒŒLËLBÌŽNÍŽÌLÌNÌÍŒÍÌÎŒÌÌÎŒÌŒŒLKLMŽÌŒŒLKLMÎÌŒŒLKLÌBÌÌŽÍÎÌMŽÎŒNÌNLÌÌNLÌŒŒLKLNÌŒŒLKLNNÌŒŒL‹L‚ÌÍÌÌLÌÍÌLŽLŒÌNMÌÌNMÌŒŒL‹LÎÌŒŒLËLŽÌŒŒLËLM‚ÌÎÌÎNLÎÌMŒÍÎÌLNÌÌLNÌŒNKLL‹LMÌŒNKLL‹LŒÎÌŒŒLKLBÌÍÎÌMNÌŒMÎÍŒÌÍŒÌŒŒLËLÎÌŒŒLËLŒNÌŒŒLËLÂÌLÌÌÍLNÍÌMÍLÌÍLÌŒŒLKLLÌŒŒLKLŒÌŒŒLKLŽBÌLNÌMNÌMÍMÌÍŽÌŽÌNLÌÌNLÌŒNKLLLLÎÌŒNKLLLMÌŒNKLLLNBÌMÍŽÌMÎÌÍÌÍŒÎLÌÎNNMLÌŒŒLËLÓNÓBÌÍÎÍŒÌMÍMÎÍÍLÍMNLÌÍMNLÌŒNKLL‹LLÌŒNKLL‹LNÌŒNKLL‹LŽÌŽÍNÌLLŽÎLŒNMÎLÌLÍŒÍÍLÌÌŒŒLËLÌŒŒLËLÎÌŒŒLËLŽBÌMÍNÍÌMNÍÎLÌMŽÎLŒÍŽLÌÎMÌÌŒŒLKLÎÌŒŒLKLNÌŒŒLKLNÌMNÌLÎÍLMÍMLÌNLÎLÌÌNLÎLÌŒŒL‹LLÌŒŒL‹LLŽÌŒŒL‹LMBÌLÍMNÌMŒÍMMNÌMÍÌÌMÍÌŒNKLLŽÓNÓBÌLŽÌŽÍMÌÍÍLÌÎLÌÌÎLÌŒNKLLKLÎÌŒNKLLKLŒÌŒNKLL‹LÌLÍÎÎŒÎÎLÌÎLÌŒNKLLKLÌŒNKLLKLLŽÌŒNKLLKLŒBÌLNÍNÍMŒÎÍÌLMŽÍMÌÍŒÌÍMÌÍŒÌŒNKLKLÌŒNKLKLNÌŒNKLKLLÌLLÎÍMÎÌMMÌÎÌNNMÎÎŒÌÎŒÌŒŒLLÌÌŒŒLKLÎÌŒŒLKLL‚ÌLMŽÍNNÍMŽÎLÌŒÎÌMŒLÌÌMŒLÌŒNKLKLMÌŒNKLKLŒŽÌŒNKLKL‚ÌLÍÎÍÌMNÎÍMŽÌŒÌÌŒÌŒNKL‹LMŽÌŒNKL‹LNÌŒNKLËLBÌMÌŒŽÌMŽLŽÎÌÌNÌMÎŒÌÌMÎŒÌŒŒLKLLÌŒŒLKLŒNÓBÌMNÍÌMŽÍŒŒÌMŽLÌŒŒÌMÌÌŒŒLKLMNÌŒŒLKLŒÌŒŒLKLÌÌMMNÌÌNÌLLŒÎÌÍNÌNÌÌNÌŒNKLKLÌÌŒNKL‹LNÓBÌMNÍŽÌMŒŒÎÎMŒÎÌŒÌÌŒÌŒNKLËLŒNÌŒNKLËLNÌŒNKLLÂÌMŒŽÌŒŽÌMLŽÌÍMNNÍÌÍÌŒNKLL‹LMŽÌŒNKLL‹LŒNÌŒŒLKLÌMNÍMNÌMÌÌMŽÌÌLLÌÌLLÌŒNKL‹LŒÎÌŒNKLËLÌŒNKLËLLÂÌMŽNÌÎÎLMÍNÍÎNÎÌLŒÌŒÌÌLŒÌŒÌŒNKLL‹LMÎÌŒNKLL‹LŒNÌŒNKLL‹LŒBÌŒLNÌLNÍÍNNÌNÌÍÎÍÎLÌÌÍÎLÌÌŒNKLLKLÎÌŒNKLLKLLÎÌŒNKLLKLM‚ÌŒŒNÌÎÌLNNÍLLÌÎÍŒÌÌÎÍŒÌŒŒLKLMÌŒŒLKLŒÎÌŒŒLKLŽBÌŒŒŽÌNNÎMŒLÍÌÍÍÍÍLÌÌÍLÌÌŒNKLL‹LMNÌŒNKLL‹LNÌŒNKLL‹LŽBÌŒÌŽÌNÌMMŽÍÌLÌÎÍÌŒÌÍÌŒÌŒNKLKLMÌŒNKLKLŒÎÌŒNKLKLÌÌŽÌÍÌŽŒNÍÌÍÎÌŽLLÌÌŽLLÌŒŒLKLÎÌŒŒLKLŽÌŒŒL‹LÂÌÎÌLŽÍMMÌŒMÍÍMÌÍÍMÌŒNKLLÌÌŒNKLKLÎÌŒNKLKLNBÌÍŽÌÎÌNÍÌMŒÌÍÌÌÍÌŒNKLËLÎÓNÓBÌLNÌŒÎÌMŒŽÍÌNLÌÍÍÌÌÍÍÌÌŒNKLLLÌNÌŒNKLLKLLÌŒNKLLKLM‚ÌNNÍÎÌMLÎÍŒLLÌNLŒÌÌNLŒÌŒNKLKLŒÌŒNKLKLÌÌŒNKLLL‚ÌŒNÍŽÌLNNÌMÍLÌÌÍLÌÌŒŒLKLŒÌŒŒLKLÌÌŒŒL‹LBÌŒŽÌÍÎÌLŒÍNÎLMŒÎÌŒMÌÌÌŒMÌÌŒNKLL‹LNÌŒŒLKLŽÌŒŒLKLLÌNÍŒŽÌŒLŽÌÎÍÌMNÌÌMNÌŒNKLKLNÌŒNKLKLMNÌŒNKLKLŒ‚ÌÌÍNÍÍÎMÎNÌMŒŒÌÌMŒŒÌŒNKLLKLMÌŒNKLLKLŒNÌŒNKLLKLŽÌÍÌLÎÎLŽÍŽNLÎÍNÍÌÌÍNÍÌÌŒNKLL‹LÌŒNKLL‹LMŽÓBÌÎNÍŽÌLŒLŽÍLLMÌÍŒÌÌÍŒÌŒNKLKLÌŒNKLLLŽÌŒNKLLLL‚ÌÌŽÍLÎÌMMNÌLÎÌLÌÌLÌŒŒLLŒÎÌŒŒLKLŽÌŒŒLKLM‚ÌÌÍÌMŒLÌÍÎŽÍLMÌÌÍLMÌÌŒNKLL‹LNÌŒNKLL‹LÌŒNKLL‹LLÂÌÌNÌŽÎLMÌÌMŽÌMLŒÌÌMLŒÌŒŒLLÎÌŒŒLLMÓBÌÌLŽÍŽÌMMŽLÎÎMÌNÌMŒÌÌMŒÌŒŒLKLŽNÌŒŒL‹LŽÌŒŒL‹LŒÌÌMÍÎÍMŒŽÌÍMNÌLLLŒÌLÌŒÎNÌŒŒL‹LMNÓNÓBÌÌNNÍNÍNÌMŒÍÎÌŽNŒÌÌŽNŒÌŒNKLLKLÌÌŒNKLL‹LLÌŒNKLL‹LM‚ÌÍMNÍNÌÌÌŽÌÍMÍŽÌŒMÌÌÌŒMÌÌŒNKLLKLLŽÌŒNKLLKLMŽÓBÌÍMŽÎNÎÌÍMÌŽÌÌÍÌÌÌÌÍÌÌŒŒL‹LÌŒŒL‹LNÌŒŒL‹LNBÌÍŒNÍNÍÍŽÌŒÎNÍÌÍÌŒNKL‹LNÌŒNKL‹LMÌŒNKL‹LMÌÍNÍNÌLŒÌŽÌLNNÌMMÌÌMMÌŒŒLKLLÎÌŒŒLKLŒNÌŒŒLKLŒBÌÎŽÌLŽÌLŒÎÎMMLŽNÌLÎÌÌLÎÌŒNKLËLÌŒNKLËLLNÌŒNKLËLMÂÌÎÌÎÍŒNÍÌMÌÍMMLÌÍMMLÌŒNKLL‹LMNÌŒNKLL‹LNÌŒNKLL‹LÌÌNÎÍŒNÌÍÎMMÎÌŒŒÌÌŒŒÌŒNKLLKLMÎÌŒNKLLKLNNÌŒNKLL‹LBÌŽÌŒNÌLÍMÌŽÎLMÎÌLMÎÌÌLMÎÌŒNKLL‹LNÌŒŒLKLNÌŒŒLKL‚ÌÌŽÎŽÌÌÍÌŒLŒÌÌŒLŒÌŒŒLLMNÌŒŒLLŽÌŒŒLLŽBÌLNÍLÎÎNÍNNMNÌLNLÌŒÎÎMLŒÌŒNKLLÎÌŒNKLLÎÓBÌMÎÍÎÌLÍMŽÌNŒÌÌNŒÌŒNKLL‹LŽÓNÓBÌŒNÍŒÎÍŒNÌŒŽÌLÍLÌÌLÍLÌŒŒLËLMÎÌŒŒLËLNÌŒŒLËL‚ÌÌŽÌNÎNÍNÍÎÍNÌÍNÌŒNKLL‹LŽÌŒNKLL‹LÎÌŒNKLL‹LMÌNÍNÍÌŽLNÎÌÌÍŽLLÌÌÍŽLLÌŒŒLKLMÎÌŒŒLKLÌÌŒŒLKLÌÌŽNÍŽÍŒÌŽÎMÌŽNÌÍNÌÌÍNÌŒNKLLKLÌŒNKLL‹LÎÌŒNKLL‹LÂÌÌÎÌMÎNÎÍŽÍLLÌÍLLÌŒŒLLÌŒŒLLMÌŒŒLLBÌÌÌLŽNNÎÍMÎNÍMÎÌÌLÍLÍLÌŒŒLKLÌŒŒL‹LÎÌŒŒL‹LMÂÌMÌÌLLMÍLÎLÌNNÌÌNNÌŒŒLËLŽÌŒŒLLŽÌŒŒLLL‚ÌMŽÍŒŽÌLLÎŽÌNMNÎŒMŒÌÎŒMŒÌŒNKLLLŽÌŒNKLLKLÌŒNKLLKLÌŒŽÍLŽÎLNÌMÍŒÎNÌNMLÌÌNMLÌŒNKLLKLŽÌŒNKLLKLNNÌŒNKLLKLŒ‚ÌNÍÍÎŽÌLÌÍÎÌÌÍÎÌŒNKLLLŒŽÌŒNKLLKLNÌŒNKLLKLÌŽÌNÍŒŽÌŽMÌNÍMLÌÍMLÌŒŒLËLÎÌŒŒLËLÓBÌÍÌŒŽÌMLÎÎÌÌŽNÍLŒÌÍLŒÌŒNKLLKLNÌŒNKLLKLLÎÌŒNKLLKLŒÌÍNÍÍÌÍÍŽÌNLÎLÌÌNLÎLÌŒŒL‹LMÌŒŒL‹LŒÌŒŒL‹LBÌÎÎNÍMÍÎÍÍÎÌŒÌLÌÌŒÌLÌŒŒLËLŽÓNÓBÌÍLNÎMNÍÍÎÌLLŒŒÌÌLLŒŒÌŒŒL‹LNÌŒŒL‹LÎÌŒŒLËL‚ÌLÎÍÌLÍÍNÌÍÎÌÍLLÌÌÍLLÌŒNKLL‹LŒNÌŒNKLL‹LŽÌŒŒLKLBÌMÎÌMÌMÌÍNÌLMNNÌMŒÌÌMŒÌŒNKLL‹LÌŒNKLL‹LMÎÌŒNKLL‹LÂÌNNÍLNÌMÍÌŒÎÍÌŒÍÌŒÌÍÌŒÌŒNKLLKLMŽÌŒNKLLKLÎÌŒNKLLKLŽBÌLÎÌLÌŽMÍÎÎLÎÍÌÍÌŒNKLËLŒNÌŒNKLËLÌŒNKLËLÌBÌLLNÍMÌLŒNMÍÍÍMNÍNÌÍNÌŒNKLLKLMÎÌŒNKLL‹LNÌŒNKLL‹LLÌLLÎÍNÍÌÎÍLLNÍLÌÍLÌŒNKL‹LMÌŒNKL‹LÌŒNKL‹LBÌLÎÍLÌMLÍÌÍÎNÌÍLÌÌÍLÌŒŒLLMNÌŒŒLLŽÌŒŒLLŽBÌLÌNÍMNÌMLÍNÍÌŽÍÌÌÍÌÌÌÍÌŒNKLLLŽÌŒNKLLLÌŒNKLLLLBÌMÎÍLÌMÌÍÎÌÌÌÌŒNKLLLŽÓNÓBÌMÍŽÌMÍÌNÌÎMNÌLÎÌÌLÎÌŒŒL‹LNÌŒŒLËLÎÌŒŒLËLLÂÌMMÎÍÌMŒÍŒÎÎLŽÌLÌÌLÌŒNKLLKLŽÌŒNKLL‹LÎÌŒNKLL‹LŒBÌMŒÎÍLŽÌLÍMŽÌNÎNÍÌÍÌŒŒL‹LMŽÌŒŒL‹LŽÌŒŒLËL‚ÌMÍŽNÌMMMÍÎÌMŒÎÌÍŽÌÌÍŽÌŒŒLKLÎÌŒŒLKLLŽÌŒŒLKLŒ‚ÌMNÌMŽÌLLNÌŽÍLÌÍLÌŒŒLLNÌŒŒLLŒŽÌŒŒLLŒÂÌNŽÌÌŽÍÍŒÎÍMŒÌNŒÌÌNŒÌŒŒLLŽÌŒŒLKLŽÌŒŒLKLÂÌNÎÌLÎÎŽÌNMLÌMLŒÌÌMLŒÌŒNKLKLNNÌŒNKLKLŽNÌŒNKL‹LBÌNÍŒŽÌLNÍÍMŒÍNLŒÌÍNLŒÌŒNKLLKLNÌŒNKLLKLŒÌŒNKLLKLBÌNNÍŒNÎMÎÎÍNMÌÍLÌŒÌÍLÌŒÌŒNKLLÌŒNKLLNÌŒNKLLMÂÌNMŽÍŒŽÌLÌNÌÌMÌÍLÌÍLÌŒNKLËLÌNÌŒNKLLÎÌŒNKLLÂÌLÎÍÎÌÍNÍÍÎÌLÍŒMŒÌŒŒLKLŒÎÌŒŒL‹LNÌŒŒL‹LMBÌLÎÍLÌNLNÍŽMÎMŒÌÎMŒÌŒNKL‹LMNÌŒNKL‹LŒÎÌŒNKL‹LÌÌLLNÍŽÌLÍMÎÌLLLÎÍŒLŒÌÍŒLŒÌŒŒL‹LÎÌŒŒL‹LMŽÌŒŒLËLBÌLŒNÍÌLŒNNÌMŒÌÎÌLŒÌÌÌLŒÌÌŒŒLLÌŒŒLLMÎÌŒŒLLŽÌLÎÌLNÌMŒÌÎÌMMMMNÌŒŒŒÌÌŒŒŒÌŒŒLKLNÌŒŒLKLÌNÌŒŒL‹L‚ÌLÌNÌNÌLLÍNNÎÌŒNÌÌÌÌÌÌŒŒLËLNÌŒŒLËLLÎÌŒŒLËLNBÌLŽÎNÌMNÎÌNMNÎÌÍŒÌÌÍŒÌŒNKLL‹LŒNÌŒNKLL‹LŒŽÌŒŒLKL‚ÌLÎÍÎÎMMÎÌÌMÎNÌLMLŒÌÌLMLŒÌŒNKLLKLMŽÌŒNKLLKLŒÎÌŒNKLLKLŽÌLÎÌLÎLÎÌNŒŽÍŒÌÌÍŒÌÌŒŒLKLÎÌŒŒLKLÌŒŒLKLL‚ÌLLÌMNÌLŒÎÎLŒÌLLÌÌLLÌŒNKLLŽÌŒNKLLÌÌŒNKLLÌBÌLLNÍŒÌLNÌÎLŽÌLLÌÌLLÌŒNKLLLÌÌŒNKLLKLÌŒNKLLKLLÂÌLMŽÌÌNÍLLNÌÎÌLŒÌŒÌÌLŒÌŒÌŒŒL‹LÌŒŒL‹LMÎÌŒŒL‹LŽÌLÎÌÍÎÍNNÌŒŒMÎÌÌÍÎLÎÌÌÍÌŒÌŒŒL‹LÌŒŒL‹LLÌŒŒL‹LMBÌLÌLŽÌMÍNÌLNÎNÌŽLŒÌÌŽLŒÌŒNKLLLÓNÓBÌLNÌÎÌMŽÎÎMŽÌŒÌÌŒÌŒNKLLKLŒŽÌŒNKLL‹LNÌŒNKLL‹LMÂÌLÍÎÌLŽLÌŒŽÌÍŒÌÌÍŒÌŒŒLËLMÓNÓBÌLMNÌÌNÌLLÍŒÌÍMŒÌÌÍMŒÌŒŒL‹LMÎÌŒŒLËLŽÌŒŒLËLLÂÌLNÌŒÎÍLÍÎÌÌÎMÎÌMMÌÌMMÌŒŒLKLŒNÌŒŒLKLŽÌŒŒL‹LBÌLLÎÌŒNÍLMNÍMNÌMŒÌÌMŒÌŒNKLL‹LÌŒNKLL‹LLÎÌŒNKLL‹LM‚ÌLLNÍÌMÌŽÎÍNÌŒŒŒÌÌŒŒŒÌŒNKLLLÎÌŒNKLLLÌÌŒNKLLKLÂÌLLÌMÎÎLÍÎÍLÎÍÌÌÍÌÌŒNKLKLNÌŒNKLKLNÌŒNKLLLÂÌLLLÍÌÍNÎMŒÎMNÌÌÎÌÌÌÎÌŒŒLKLNÌŒŒLKLNÌŒŒLKLMÂÌLLLŽÌÎMMÌŒŽÎNLÌÎNLÌŒŒL‹LŒÎÓNÓBÌLLLÎÌÎÎLNÌŽŽLÌŽÌÌŽÌŒŒL‹LŽÌŒŒL‹LMÌŒŒL‹LŒBÌLLMŽÌÎÍNÎLÎMNÌLŒÌÌLŒÌŒŒLKLLÌŒŒLKLNNÌŒŒLKLÌBÌLLŒNÌMNÎŒÎNÎLNŒÌÍŒLÌÌÍŒLÌŒNKLKLŒŽÌŒNKLKLÎÌŒNKL‹L‚ÌLLNÍLÌLMÍŽÎMMŽÎMŒÌÎMŒÌŒŒLKLÌŒŒLKLŽÌŒŒL‹LBÌLLÌÌÎNÍNNÎLMÎNMŒÌÎNMŒÌŒŒLLŒÎÌŒŒLKLNÌŒŒLKLLÌLLÌNÍÎÎÎLÌÍŒLÎÌMÍLÌÌMÍLÌŒŒLKLNÌŒŒLKLŽÓBÌLLÌÎÍÎÍLŒÎNÍLŒÌŒÌNÌÌNÌŒŒLËLŽÌŒŒLËLÎÌŒŒLËLNÌLMNÍŽÌÎMÎÌŽÍMNÍMŒÌÍMŒÌŒNKLLKLŒŽÌŒNKLL‹LÌŒNKLL‹LLÂÌLMŽÌÍŒÎÍÍLNÍÎNÌÍÎNÌŒŒL‹LNÌŒŒL‹LLÎÌŒŒL‹LNÌLMÌÎÌLÌMÍÎNÎÍÍÌÍÌÍÍÌÍÌŒŒLKLÎÌŒŒLKLMÌŒŒLKLŽÌLMÍNÍŒÌMÌŽÌÎLÎÌÌÌÌŒNKLKLÌŒNKLKLMÌŒNKLKLMBÌLNÎÌŽÎNÍÌNMÎÍÌÌÍÌÌŒNKLL‹LŽÌŒNKLL‹LŽNÌŒŒLKLÂÌLNMNÌLŽÌŽÎLÌLÍŽÍLÌÍLÌŒŒLËLŒŽÓNÓBÌLŒÌÍÌÌÍNÌMŒÍŒŽÍÍLÌÍÍLÌŒNKLLKLNÌŒNKLLKLŒÓBÌLŒŽÍMÍÍNÌMŒNÌLŒÌÌLŒÌŒNKLKLLNÌŒNKLKLMNÌŒNKLKLM‚ÌLŒNNÍNÌÎÎŒLÎÌŒŽMÌŒÌŒŒÌŒNKLLLÌNÌŒNKLLKLÌŒNKLLKLBÌLŒŽÌÌLÍNMŽÌŒLÍMŽÌŒMŒÌÌŒMŒÌŒŒL‹LNNÌŒŒL‹LŽÌŒŒLËLÂÌLŒÌNÌLÌMNÍLNÎÍNLÌÍNLÌŒNKLLLÌNÌŒNKLLKLLŽÌŒNKLLKLMBÌLŒÌŽÍŽÍÎLŽÎMŽNÌÍŒLÌÌÌÍŒLÌÌŒŒLKLŽÌŒŒLKLMŽÌŒŒLKLBÌLŒÌÎÌŒÎŽÌNNÌLÌÌÎMLÌLŽMÍMLÌŒŒLËLŽNÌŒŒLLLÌŒŒLLLÂÌLŒÍÍÌLNLMÎÍLÍMMŽÌLLÌÌÌLLÌÌŒŒLLÌÌŒŒLKLMÓBÌLÎÌÎÌMNŽÍLMŽÌLMÌÌLMÌŒŒLKLMNÌŒŒLKLŽÌŒŒL‹LÂÌLMNÌÌÌLMÍÎÌLÌNÌMLÌÌMLÌŒNKLLLŽÌŒNKLLLÎÌŒNKLLKLÂÌLMÎÍNÎMMNÎLÎNLŽÌNLŒÌÌNLŒÌŒŒLLŽNÌŒŒLKLLŽÌŒŒLKLMBÌLNÌŽÍÌMŽÍŒÍŽÍŒLÌÍŒLÌŒNKLLNNÌŒNKLLÌÌŒNKLLÌBÌLŽÍÌMŒÍLMÎÌNMÌÍŒÌNÌLÌŒŒLKLMNÌŒŒLKLŒÌŒŒL‹LÂÌLÍÎÍŽÌLŽNÎLLMŽÍŒÌÍŒÌŒŒLLŒÌŒŒLKLNÌŒŒLKLÌLÎÌNNÎMÎMNÎÍLMÎÌLÌÌLÌŒNKLL‹LŽÌŒNKLL‹LÎÌŒNKLL‹LÌÌLŽŽÍLÌLÎÍÍLNÌÎMÌÌÎMÌŒNKLLLÎÌŒNKLLKLNÌŒNKLLKLÌLŽÎÍLNÌLŒNÍMÎNÌŒÌÌŒÌŒNKLL‹LÎÌŒŒLKLNÌŒŒLKLMÂÌLŽÌNÍÎNNÍÌNMÌMŽÌÌMŽÌŒŒL‹LŽÌŒŒL‹LŽÌŒŒLËLÌLŽLNÌŽÌLLÍŽÌLNŽÍMMÌÍMMÌŒŒLKLNÌŒŒL‹LNÌŒŒL‹LMBÌLŽLŽÍNÌÍNNÍŽLÎMÍÌÌÎMÍÌÌŒŒLKLŽNÌŒŒL‹LNÌŒŒL‹LL‚ÌLÌNÍNÍMŒÎÎÍLÎÎNÌÎNÌŒNKLKLNÌŒNKLKLŽÌŒNKLLLLÌLÌŒNÌÌÎÌLÎÎŒŽÌÌÍÌŒÌÌÌÍÌŒÌŒŒLËLŒNÌŒŒLËLÌÌŒŒLËLÌÌLÌÍÌŒÍMÎÍÍÍÎNÎÍŒÌÎÍŒÌŒNKLLLMŽÌŒNKLLLŽNÌŒNKLLLÌBÌLÌÎÎNÌLŽMŽÍÎMÎÌÎÌŒNKLLLÎÌŒNKLLLŒÌŒNKLLLÌBÌLÍŽÍŒÎÌMLÌÍÎÍMNÌÍLÌÌÍLÌŒŒLËLMÌŒŒLËLMÎÌŒŒLËLŒÌLÍNÍŽÌÌLÌÌNÍŒMLÌÍÎMLÍLÍNMLÌŒŒLLLÌŒŒLLLNÌŒŒLLMBÌLÍNÌŒÎÌLŒNÌÌŒŒNÍŽÌÍŽÌŒNKLKLÎÌŒNKLKLÎÌŒNKLKLM‚ÌLÍŒÍŒNÌLLLÎÎLLŽÌMŒÌÌMŒÌŒŒLKLNÌŒŒL‹LŽÓBÌLÍNÍŽÌÎLÍŽÎÎÌLLLÌÌLLLÌŒNKLLŒNÌŒNKLLŽNÌŒNKLKLBÌLÍŽÌLŽÎMLMÎÌMŽLÎÌÍŒÌÌÍŒÌŒŒLKLŒŽÌŒŒLKLÎÌŒŒL‹LÂÌLÍÍNÍNÌLÌŽÎÍÎNNÌŒŒÌÌŒŒÌŒŒLKLÌNÌŒŒL‹LÎÌŒŒL‹LLBÌLÍÍŽÍMÎÌLŽMNÌŒLMŽÍLŒŒÌÍLŒŒÌŒŒLLŒÎÌŒŒLLŽNÌŒŒLKLÂÌLÍÍÎÌÌŽÎMNÎNŽÍMŒÌLLÍLÌŒŒLLNÌŒŒLKLÌŒŒLKLL‚ÌLÍÎNÌŽÍMÎLŽÍŒŒÌŒÍÎÌÌŒÍÎÌŒŒLKLŽÌŒŒL‹LNÌŒŒL‹LBÌLÎLNÍNÍÍNÎÌMŽÍÍNMÎÍÍÍŒÌŒŒLKLNÌŒŒLKLMÌŒŒLKLÌLÎNNÍNNÎLMŽÍLÌŒŒÎÌÌŒŒÎÌŒNKLL‹LNÌŒNKLL‹LÌNÌŒŒLKLBÌMÎÍŒŽÌMLÍÍÌNNÍLLÌÍLLÌŒŒLËLMÌŒŒLËLŽÌŒŒLL‚ÌMÍŽÌMÌÎÍŽÌLŒÌÌLŒÌŒNKLKLÎÌŒNKLKLNÌŒNKLKLMÂÌMLŽÍNÎLÌMŽÌÎLMLÌÌÎLMLÌŒŒL‹LMŽÌŒŒL‹LŒŽÌŒŒLËL‚ÌMÌNÌÌLLMÍNÍLÎLŒÌÌÌÌÌÌŒNKL‹LÎÌŒNKL‹LMNÌŒNKL‹LÌMÌŽÌNNÌMMÎNLŽÌŽNMÌÌÌŽNMÌÌŒŒLKLNÌŒŒLKLNÌŒŒLKLMÂÌMŒÍNNÌMÎNÍÌŒŒŒÎÍLÌÎÍLÌŒŒLKLNNÌŒŒL‹LNÌŒŒL‹LLBÌMŒÎÌMNÍNMŽÎÎMNÍNMÌÌÌÍNMÌÌÌŒŒLËLŽÌŒŒLËLŽNÌŒŒLLBÌMÍNÌMÌMLÎNLNÌŒNÍŒÌŒLŒŒÌŒŒLËLŽÌŒŒLËLŽÌŒŒLËL‚ÌMÌNÍŽÍMNÌÍÌŒÎÌLLÌÌLLÌŒNKLL‹LNNÌŒNKLL‹LŒÌŒNKLL‹LŒ‚ÌMÍŽÌLÎNÍÌNMNÌMÌÌMÌŒNKLL‹LMŽÌŒNKLL‹LŽNÌŒŒLKLÌMNÌNÍNÌÌMMMÌÎÌÌÎÌŒNKLKLŽÌŒNKL‹LÌŒNKL‹LMBÌMNÍÌLLMŽÍŒÎMNÌLÌÌLÌŒŒLKLMŽÌŒŒLKLŒNÌŒŒL‹L‚ÌMLŽNÌŽÌMLÍŽÍÍÌLŽÌÍÍÌÌÍÍÌŒŒL‹LLÌŒŒL‹LNÌŒŒL‹LŽÌMLÌÍŒÌŒMÎÍÍÍNÌNLÌÌNLÌŒNKLKLŒÌŒNKLLLNÌŒNKLLLÌMLÌNÌÎÍÌÍMÍLLNÍÌŒÌÍÌŒÌŒŒLKLMÎÌŒŒLKLÓBÌMMÌMÎÌMÍŽMŽÌÌÎLÍMMÌŒÌÍMMÌŒÌŒŒLKLNÌŒŒL‹LÌŒŒL‹LL‚ÌMMÎÍÍÍMŽÍÌÌNÍÍÌÍÍÌŒNKLLÌÌŒNKLKLÎÌŒNKLKLÌMMNÌŒÌMNMÎŒŽÌLŒÌÌLŒÌŒNKLL‹LÌÌŒŒLKLNÌŒŒLKLŒÂÌMMÌŽÍMÎÌMÌŽÌŽÌÎLLÌÌÎLLÌŒNKLLŒŽÌŒNKLLÌÌŒNKLLÌBÌMMÍÌÎÌMÌŒÎÎMÍÌŽÍÎLŒÌÍÎLŒÌŒNKLL‹LÌŒNKLL‹LÌÌŒŒLKLÌMNNÍMÌMŒÍÎÌNMÍNÌÎLÌÌÎLÌŒNKLLLNÌŒNKLLMÎÌŒNKLLŒÌMNNNÍNÍŒLÍÎÌLÌÌLÌŒNKLKLNNÌŒNKLKLŒÌŒNKLKLŽBÌMŒNÍLÎÎNMÍMLÌLNLÌÌLNLÌŒNKLL‹LNÌŒŒLKLNÌŒŒLKLBÌMŒLÌLŽÌMÍŒNÌLMŽÍÌLLÌÍÌLLÌŒŒL‹LŽÌŒŒLËLÎÌŒŒLËLÂÌMŒMNÌÌŽÍMÎÌÌNNÍMŒÌÍMŒÌŒŒLLLŽÌŒŒLLŒŽÌŒŒLLÂÌMŒNÎNÌMÌŒÎNÌLLŒÎÎÎLÌÎÎLÌŒNKLLLNÌŒNKLLLNÌŒNKLLLÌÌMŒÎÍÎÌÎLÍÍÎLÎÎMŒÌÎMŒÌŒNKLL‹LNNÌŒNKLL‹LŒŽÌŒNKLL‹LÌBÌMŒÍNÌÎÍŒÍÌŽÍÌÍÎÌLLMŒÌÌLLMŒÌŒŒLLLŽÌŒŒLLLÎÌŒŒLLÂÌMŒÎÍŽÌÍÎNÎLÎÍŽLÌÍŽLÌŒŒLLÌŒŒLLNÌŒŒLKL‚ÌMÌNÌLLŒÌNÌŒÌÍNÍÌÍÌÌÍÌÍÌÌŒNKLL‹LLÎÌŒNKLL‹LÎÌŒNKLL‹LŽÌMÎÌLÌLLNÌŒMNÍÌÌÍÌÌŒNKLLLNÌŒNKLLLLNÌŒNKLLLBÌMŒÌÍNÌŽLNÌÌMŒŽÌLÌÌLÌŒŒLËLŒŽÓNÓBÌMŒNÌŒŽÍLMÎÍŒÌÌŒMŒÌÌŒMŒÌŒŒLKLÌÌŒŒL‹LÌŒŒL‹LM‚ÌMÌÍÎÌLŒÍÌNLÍNÌMÌÌMÌŒŒL‹LŽÌŒŒLËLNÌŒŒLËLÌMŽÌÎNÎMNÍLMNÍŒÌLŒÌÍŒÌLŒÌŒNKLKLŽÌŒNKLLLŽÌŒNKLLLLÂÌMŽÌLÎÍŒÍÍÌÍÎÌMÌŒÌÌMÌŒÌŒŒLLNÌŒŒLLŽÓBÌMŽNÍÎÌLÍNÌÎNNNÍŒLŽÌÍŒLŽÌŒŒLËLŒÌŒŒLËLÌNÌŒŒLLBÌMŽLÎÌLNÌLÎÎÌÌMMÌÍÍÌÌÍÍÌŒŒL‹LŽÌŒŒLËLÌŒŒLËLBÌMÌLŽÍŽÌMMŽÎÍÍÌÍÍÌŒNKLLLNÌŒNKLLLÌNÌŒNKLLKL‚ÌMÌLÎÍNÎMÍNÎÎÌMLÌÌMLÌŒNKLKLLŽÌŒNKLKLNÌŒNKLKLÂÌMÌNÍNÍLÍÎÌNLMÍŽÍŽLÌÌÍŽLÌÌŒNKLLLNÌŒNKLLLŽÌŒNKLLKL‚ÌMÌŒNÍŽÍÍŒNÌŒLÎÌÌŽŒÌÌÌŽŒÌŒŒLKLŽNÌŒŒL‹LLÌŒŒL‹LL‚ÌMÌŽÌŒNÌLLÌÎÎÌŽÌŽLÌÌŽLÌŒNKLLKLLÎÌŒNKLLKLŽÌŒNKLL‹L‚ÌMÌÌÌLNÍMŽÎÎÍMÌÌÍMÌÌŒŒLKLLÌŒŒLKLŒÌŒŒLKLŒBÌMÌÎNÍŽNÌMŒŽÌÍŽMNÌLLŒÌÌLLŒÌŒNKLLŒÌŒNKLLŒÎÌŒNKLLÌMÍÎÍŽÌMÎLÌÌÍÍŒŽÌLÌÍŒÌÌLÌÍŒÌŒNKLL‹LÎÌŒŒLKLŽÌŒŒLKLLÌMÍNNÌŒŽÌLŒLÎÎMÌÌLÌŒÌÌLÌŒÌŒŒLLLNÌŒŒLLŒŽÌŒŒLLÌMÍÍMŽÌLMÌÌŽÌÍLÌŽÌÎŒÌÌÎŒÌŒŒLLÌÌŒŒLKLLŽÌŒŒLKLM‚ÌMÍÎÍMŽÌLMŽÌÌNNÌÍMMÌÌÌÍMMÌÌŒŒLLLÎÌŒŒLLŒŽÌŒŒLLŽBÌMÍÌÍŽNÌNÎNÍÍLÌÍÍLÌŒŒL‹LNÌŒŒLËLNÌŒŒLËLNÌMÎŽÌŽÌLMMŽÌLMŽNÌLŒÌÌLŒÌŒNKLKLMÎÌŒNKLKLŽÌŒNKLKLÌÌMÎŽÌMŽÍÌÌŒLLŽÍMMÍŒÌÍMMÍŒÌŒNKLKLNÌŒNKLKLMÌŒNKLKLMÌMÎÎÌŒÌÎMNÌÍÌÌÎÌLLÌÌLLÌŒŒLKLÌŒŒLKLLŽÓBÌMÎMÎÍMÎLÍÎNÎMNLLŽÌMŽÌÌMŽÌŒŒLKLLÎÌŒŒLKLMNÌŒŒLKL‚ÌMÎNÍMŽÌLÍŒÌÎÎÍLŒÌÍLŒÌŒŒLLÌŒŒLLNÌŒŒLLÌÌNLŽÌŒNÍMLNÎLŒÎÎLŒÌÎLŒÌŒNKLLLLÎÌŒNKLLLNNÌŒNKLLLÌÌNŒŽÌNNÌMÍNLNÌÌMÎÍÍÌÍÍÌŒNKLL‹LŒŽÌŒŒLKLÎÌŒŒLKLBÌNŒÎÌLÌMŽMMNÎŽNÍŒLÌÍŒLÌŒŒL‹LMÌŒŒL‹LŽÌŒŒLËLLÂÌNNÍÎÌŒÎÎLLÎÌŒÎÌÌŒÎÌŒŒLKLLÌŒŒLKLMNÌŒŒLKLŒÂÌNŽÌŽÍÍMÎÌMŒÎÌLLÌÌLLÌŒNKL‹LNÌŒNKL‹LLÎÌŒNKL‹LBÌNNNÌNNÌMNMLŽÌÍLMŽÌLMÍÍLÌÌLMÍÍLÌŒŒLKLLÎÌŒŒLKLNNÌŒŒL‹L‚ÌNÍMŽÍLÌÌÌÍŽÌÌÌÌŒNKL‹LŒNÌŒNKLËLNÌŒNKLËL‚ÌNŽNÌÎNÌÍLÌNÎNÎÌNLÌÌNLÌŒNKLL‹LÎÓNÓBÌNÌNÍŽÌNÌÌŒÌMÌÌMÌŒŒL‹LMÎÌŒŒL‹LÎÌŒŒLËL‚ÌNÍÎÌÍÍŒŽÎÍŒÎNLÌÎNLÌŒNKLLŽNÌŒNKLLÌNÌŒNKLKL‚ÌNÎÌMÌLÎÎÎNÎÍÌÎÍÌŒŒLLÌÌŒŒLKLÌŒŒLKLNÌNNNÌMÌLMŒÌŽÌÍÌÍŽÍMŒÌÍMŒÌŒŒLKLNÌŒŒLKLÌNÌŒŒL‹LÂÌNLLŽÍNÎMÌNÎÌŒNÍLÍŒÌÍLÍŒÌŒŒL‹LŽÌŒŒL‹LLNÌŒŒL‹LNÌNLŒÌMŽÌMMÌÌŽMŒÌÍMŒLÌÌÍMŒLÌŒŒLLNÌŒŒLLLŽÌŒŒLLMÂÌNLŒNÍŒÍLÎÌÌNÍLLÌÌÍLLÌÌŒNKLL‹LNÌŒŒLKLŽÌŒŒLKLLÌNLÍÌLÎMÎÎMŽÍÍŒÎMLŒÌÎÌŒNKLLÌŒNKLLŒŽÌŒNKLL‚ÌNLÌŽÌNÌLMLÌŽÍŒMNÌÎÍLÌÌÎÍLÌŒNKLLKLŒÌŒNKLLKLŽÌŒNKLLKLÌÌNMÍNÎÌNÍŒÎÌÌŒÌÌÌŒÌŒŒLËLÎÌŒŒLËLLÌŒŒLËLÌNMMÎÌŽÍLÍNÍMÍNÍÍŒÌÍÍŒÌŒŒLLMÎÌŒŒLLŒÎÌŒŒLKLBÌNMÍŽÍÌŽLÎÎŽÌÌÌÌŒNKLLLŒÎÌŒNKLLKLNÌŒNKLLKLÂÌNNŽÍŽNÌMÌMNÌNNÌLŒÌÌLŒÌŒNKLKLNÌŒNKLKLNÌŒNKLKLŽÌNNLÍLŽÍÍÌŽÌÌMNÎÌŽLMÌÌŽLMÌŒŒLKLLÎÌŒŒLKLŒÌŒŒLKLÂÌŒNÍŽÍŒÎÌMMŒNÌLÌŒÌÌLÌŒÌŒŒLKLŒÌŒŒLKLŒŽÌŒŒLKLŒÂÌŒŽÌÌÎÍMŽÌMMNÌÎMNÌÌÎMNÌŒŒLKLŽÌŒŒLKLLÌŒŒLKLM‚ÌŒNÌMNÍÍNÍÌÌÌŒNÍŒÌÍŒÌŒNKLL‹LLÌŒNKLL‹LMÌŒNKLL‹LŒÂÌŒLŽÍLÎÌMÌÎLLÌŽÌÌŽÌŒŒLKLŽNÓNÓBÌŒŒÌÍNÍÎNÌMLNNÌLLÌÌLLÌŒŒLKLÌŒŒL‹LÎÓBÌŒŒNÌMÌMŒŒNÍNLÌÌMÌÌNLÌLŽMLÌŒNKLLNÌŒNKLLŒŽÌŒNKLKLBÌŒŽÌŽÍNÎMÎLŽÌMÌÌÌÌMÌÌÌŒNKLLKLŽÌŒNKLLKLÌŒNKLLKLBÌŒŽÍŒNÍÍNÍÍŒÎÍNLŒÌÍNLŒÌŒŒLËLLÎÌŒŒLËLŒÌŒŒLËLŽBÌŒÎNÌLNÍÌÌŽÍŒÎÍŒLÌÍŒLÌŒŒLËLNÌŒŒLËLŒŽÌŒŒLËLBÌŒLÌLÎÌÌŽÎÍŽLÍŒÎLÌÍŒÎLÌŒŒLKLMNÌŒŒLKLŒÌŒŒLKLÂÌŒŒNÌŒNÍÌÌŽÌLÌMÎÎNLÌÎNLÌŒNKLLKLÎÌŒNKLLKLNÌŒNKLLKLMBÌŒÌŒNÌMLÍŽNÍMÌÎÌÍLŒÎMLÌLÌŒŒLËLMŽÌŒŒLËLNNÌŒŒLËLÌŒÎÍŽÌÎÍÍÌÎÎLNÌÎLNÌŒNKLLŽÌŒNKLLNÌŒNKLLMÌŒŽÍMNÌÍÍÎÍLÎÍÍÌÍÍÌŒŒLLŽÌŒŒLKLŽÓBÌŒÌNÌNÌMLŒÎMMŽNÌÌÌÌÌÌŒNKLLKLÌÌŒNKLL‹LNÌŒNKLL‹LÂÌŒÌMÍŒMÌŒLŽNÍÌŒÌÍÌŒÌŒŒLËLŽÌŒŒLËLŽÌŒŒLËLMÌŒÎÎNÌMŒNÎÍÌLÍMMÍŒÌÍMMÍŒÌŒNKLLKLŒŽÌŒNKLLKLŒÎÓBÌŒLNÌÌÎÌŽNÍNLŽÌÌÍŒÌÌÌÍŒÌŒŒLLŒÌŒŒLLŒNÌŒŒLKLÂÌŒLÎÌÌÎÍLŒNÍÌÌÌÌÌÌÌŒNKLKLŒŽÌŒNKLKLÌNÌŒNKL‹LÌŒLŽÎÍÎLŽÍMŽMŽÎÌÎÌŒNKLL‹LŒŽÌŒŒLKLÎÌŒŒLKLLÌŒLÎÍNÌLÎLNÍÎÍMNÎLLÌÎLLÌŒNKLL‹LNÌŒŒLKLÌŒŒLKLŒ‚ÌŒLMÎÍMŽÌMÍNÍŽNÌŒÍLÌÌŒÍLÌŒŒLKLŽÌŒŒL‹LŽÌŒŒL‹LLBÌŒLÌÌŽÌŒÎMÎÌÌÎÍÎÍMŒÌÍMŒÌŒNKLL‹LMÎÌŒNKLL‹LÌŒŒLKLBÌŒLŽNÍMŽÌLÌÍLNÎŽLÎÍLŒÌÍLŒÌŒNKLKLŽÌŒNKLKLLNÌŒNKLKLŒBÌŒLÍÎÍNÌMÌÎÍMLÍŽÌLÌÌLÌŒNKLKLŒNÌŒNKLKLŽÌŒNKLLLBÌŒLÎNÌMNÌMMŽÍÎŽNÌÍLÌÌÍLÌŒŒL‹LNNÌŒŒL‹LŽNÌŒŒLËLÂÌŒMÎÍŽÌLMÎÎÌLMÌŒLÌÌŒLÌŒŒLKLŒNÌŒŒL‹LÎÌŒŒL‹LLBÌŒMMNÍLŽÌLŽLNÍÌÌÎNÌŒLÌÌŒLÌŒNKL‹LNÌŒNKL‹LÌŒNKL‹LLÂÌŒMÌÍÌÍÍLŽÌŒNÌÌÍŒÌŒMLŽÌŒNKLLKLLÎÌŒNKLLKLMŽÌŒNKLLKLŽÌŒMÍNÍLŽÌMÌMNÍMNLNÌLMÍŒÌŒÍLŒÎMÌŒNKLLLÎÓNÓBÌŒMÎÌÎÌLMÌNÌLŽÌŽLÌŒÌÌŽLÌŒÌŒŒLLLÌŒŒLLŒÌŒŒLLBÌŒNNÌŒÌMŒNLÎÍLŽMŽÍMŒÌÍMŒÌŒŒLLÌŒŒLKLŽÌŒŒLKLLBÌŒNŽÌNÌMÍMMNÍMLÍÎÌÍŒÌÌÍŒÌŒNKLLŽÌŒNKLLÌÌŒNKLKLBÌŒNNNÌLNÌMLNÍNÍNÌÌŒÌÌÌÌŒÌÌŒNKLLLÎÌŒNKLLKLŽÌŒNKLLKLMÂÌŒŒŽÍLŽÎŽÍLÍÎÍNÌÍNÌŒNKLL‹LŽÌŒŒLKLNÌŒŒLKLÌŒŒŒNÍNÍÌÍÎÌLÌÌLÌŒNKLKLÎÌŒNKLKLLŽÌŒNKLKLNÌŒŒŽNÌŒÎÍŒÎÌÍÎNMÌÌÌÌÌÌŒNKL‹LÎÌŒNKLËLÎÌŒNKLËLMÂÌŒŒÌÍNÍŒŒNÎNMŽÌÌLÌÌÌLÌŒNKLLŽÌŒNKLKLNÌŒNKLKLÌŒŒÌNÍNÍLÍÎNÎLŽÌÍLÌÌÍLÌŒNKL‹LNÌŒNKLËLNÌŒNKLËLÌŒÌÎÍÍÎÍNLMŽÍÌÌÍÌÌŒNKLLŽÌŒNKLLÌÌŒNKLKLLBÌŒNÍÎÌLŒÍŒŽÍMLÎÌMÌŒÌNÌMŒŒÌŒNKLL‹LMÌŒNKLL‹LNÌŒNKLL‹LŒÌŒŒŽÍNÌLÍMLŒMÌMLÌÌMLÌŒŒL‹LÌŒŒL‹LŒNÌŒŒL‹LŒÂÌŒÍŽÍŽÌMÌLNÌÎLNÌŒŽÌÌŒŽÌŒNKLLLLŽÌŒNKLLLŒŽÌŒNKLLL‚ÌŒÍÎÌÍÎŽÍNÌMŽLÌÌMŽLÌŒŒL‹LNÓNÓBÌŒŽÍŽÌÌMŒÎÌÎŽÌMLŒÌÌMLŒÌŒNKLLKLÌŒNKLLKLMÌŒNKLLKLŽÌŒŽÍÌLŽÎNÎNÍÌMÌÍÌMÌŒŒL‹LNÌŒŒLËLÎÌŒŒLËLLBÌŒÌÍŽÎNÍŒÍMNÌMÌÌMÌŒNKLL‹LÌNÌŒŒLKLÌŒŒLKLLBÌŒÌLÎÍMŽÍÍÎÍŒNNÌÌŒÍNNÌŒŒÌŒNKLLLÌNÌŒNKLLKLNÌŒNKLLKLMÌŒÌMNÍŽÌMMLŽÎNÎNÌŒŒÌÌŒŒÌŒŒL‹LÌŒŒL‹LNÌŒŒL‹LBÌŒÌŒÌÌÎÎNÌÎÌMŒŽÌÌÌÌÌÌŒNKLËLMÎÌŒNKLËLÎÓBÌŒÌŒÎÍNÌMÍŒŽÎLŒÍŽLÍNLÍŒŒÌLÌŒŒLKLÌNÌŒŒL‹LÌŒŒL‹LMBÌŒÌŽÌMŽÌÍÌÎÍNNÍÌŒNMÌÌŒNMÌŒŒL‹LLÌŒŒL‹LMŽÌŒŒL‹LŒ‚ÌŒÌÎÌŽÌMŒNÌÍŽNÍMŒÌÍMŒÌŒŒLKLNÌŒŒL‹LÌŒŒL‹LM‚ÌŒÌÎÌÍLŽÌÍÍÌLŒÌÍÌLŒÌŒŒLËLNÌŒŒLLŽÌŒŒLLÂÌŒÍÍLÎÌMŒÌÌÍÌÌÍÌÌŒŒLLŽÌŒŒLLLÎÌŒŒLLŒÌŒÍNÌÌŽÍÌÍÎÌÌÎÌÌŒÌÌÌŒÌŒŒLKLMÎÌŒŒLKLŽNÌŒŒLKLÌBÌŒÍLNÌŒÌŽNÍÌŒÎÌŒÌÌŒÌŒŒLKLŽÌŒŒLKLÌNÌŒŒL‹L‚ÌŒÍLÎÌÍŽÍLÌŽÌŒMNÌMŒÌÌMŒÌŒNKL‹LŒÎÌŒNKLËLŽÌŒNKLËLMÌŒÍŒŽÌÍÎÌŒÌÎÌLNÌÎNLÌÌÎNLÌŒNKLLLÌNÌŒNKLLKLNÌŒNKLLKLLBÌŒÍÌLÎÎŒMNÌMÍÌÌLMŽLÌÌLMŽLÌŒŒLLŒŽÌŒŒLKLÌŒŒLKLLBÌŒÍÍÎÍLŽÌLÌŽÌÎLNÎMŒŒÌÎMŒŒÌŒNKLLLMNÌŒNKLLLŽNÌŒNKLLKLBÌŒÎLŽÍNÌŽÎLLLÎNŒÌÎNŒÌŒŒLËLÌŒŒLËLÌÓBÌNÌÍÎÌLÍŽÎLÎÍŒÌÍŒÌŒŒLËLMŽÌŒŒLËLŒNÓBÌŽÌÌŽÌMÍÌÎNÌÌÍLÌÌÌÍLÌŒŒLKLŒNÌŒŒL‹LÎÌŒŒL‹LLBÌŽÍŽÎLŽLÍŽMNÎŽÌÎŽÌŒŒLËLŽÌŒŒLLNÌŒŒLLMBÌÌÎÌŽÌLÌLŽÍLÌŽÌMÌÌMÌŒŒLKLŒÎÌŒŒLKLŽÌŒŒL‹L‚ÌÌÎÌÎNÍÍÌŽMŽÌLÌÍÌÌLÌÍÌŒNKLL‹LLÌŒNKLL‹LŒÌŒNKLL‹LBÌÍŽÍNNÌLŒLLŽÎMÍÌLÌÌŒÌÌLÌÌŒÌŒŒLKLNÌŒŒLKLMÌŒŒLKLM‚ÌÌŽÌMLMNÎNÌÎÌÍLÌÌÍLÌŒŒLKLÌŒŒLKLMŽÌŒŒLKLŒÂÌÍLŽÌLÌÍÌNÍÎLÍÌLÌÌLÌŒNKLKLÎÌŒNKLKLLÌŒNKLKLMBÌNÌŒNÎLLŽÍLÍNÍŽÌŒÌÍŽÌŒÌŒŒLËLŒÌŒŒLLNÌŒŒLLÌLŽÌMÎÌŒNÌNÌŽÌÌÌŽÌÌŒŒLKLŒÌŒŒL‹LŽÌŒŒL‹LÂÌLLNÍŒŽÌLMÌŽÌLÍÌMÎLÌÌMÎLÌŒŒLKLÌŒŒLKLLNÌŒŒLKLNBÌLLÎÎÎÍÎÍLÌÍÎLMŒÌÎLMŒÌŒŒLLNNÌŒŒLLŒÓBÌLMŽÍÌMNMÌÍLÌMÍÌŒÌÍÌŒÌŒNKLKLŒŽÌŒNKLKLŽÌŒNKL‹L‚ÌLNÍÎÍÍMŒÍÌŒŒŒÌÌŒŒŒÌŒNKLLKLMÎÌŒNKLLKLNNÌŒNKLLKLNBÌLÌÍMÎÌMLŽŽÌÎNÌLMÌÌŒÍÎLÍŒÌŒNKLLŒÎÌŒNKLLÎÌŒNKLLÂÌLÌÎÌŒNÍLÌÍÎNÌÍÎÌŒLÎÌÍŒÌMÎMŒÌŒŒLKLMÎÌŒŒLKLŒŽÌŒŒLKLÌÌMÌŒŽÌLMÎÎMMLŽÍŒÌŒÌLLŒÍŒŒÌŒŒLKLÎÌŒŒL‹LNÌŒŒL‹LŒÂÌMÌÎNÌŽLÎÍÍNLLÍLÌLÍÌŒÌŒŒLKLÌÌŒŒL‹LLŽÌŒŒL‹LŒÂÌMLŽÍÎÌMŒÌŒÌÍÌÍÍLŒÌLŒÌÍÍÌŒŒL‹LLÌŒŒL‹LŒNÌŒŒLËL‚ÌMMNÍMÌLMŒÌŽÌÍÌÍŽÎMŒÌÎMŒÌŒNKLKLŽÌŒNKLKLLÎÌŒNKLKLŒÌMŒÌÎNÎÍÎÌŒÌMŽÌÌMŽÌŒNKLLMNÌŒNKLLŽNÌŒNKLLÌBÌMÌNÌÎNÍŽLŽÎLÌÌŽÌMŽMLÌÌMŽMLÌŒŒLKLMNÌŒŒLKLNÌŒŒLKLŽÌMÎNÍÍŒÎÌMŒŽÎNÌÌÎNÌÌŒŒLKLÓNÓBÌNNÍÍÎÎÌÌÌÌMŒÌÌLÍŒÌŒŒLKLÌNÌŒŒL‹LLÎÌŒŒL‹LÌNMÎÌÎÍMLÍNÍŒÎÌLŒÌÌLŒÌŒNKLLKLMŽÌŒNKLLKLMÎÌŒNKLLKLNÌNNÌŽNÌNŽÌLNÎNÌÎNÌŒNKLL‹LMŽÌŒNKLL‹LŒÌŒNKLL‹LŒÂÌŒNÌÎNÌLÌÍÌŽÍÍÍÌÍŽÌŒLÌÌŒLÌŒNKLLLNÌŒNKLLLŽÌŒNKLLKLLBÌŒŽÌŒÌLÍŽÍÎÍLNLŒÌÍLNLŒÌŒŒLKLŒÌŒŒLKLÌNÌŒŒL‹LBÌŒÎÍŽÍNNÍŒMLŽÌÌÌÌÌÌŒNKL‹LŒNÌŒNKLËLÎÓBÌŒNNÍÎÌMŽLNÎLŒMŽÌÍLÌÌÍLÌŒNKL‹LŒŽÌŒNKLËLÌŒNKLËLNÌŒÍNÍNÌMÍNÍÍÌÌÌŒÌÌÌŒÌŒNKLLKLLŽÓNÓBÌÍNNÌLLÎÍÌŒŽÌÌŒŽÌŒŒLLŽÌŒŒLLLÌŒŒLLMÌÌÍÎÌMŒÍNÎÎMLÎÌMNNLÌÌMNNLÌŒNKLL‹LÌÌŒŒLKLÎÌŒŒLKLBÌLÎÌŒŽÌLMŽÎMÍLNÍÌMÌÌÍÌMÌÌŒNKLLKLMÌŒNKLLKLÎÌŒNKLL‹LBÌMŽÌŒÎÌLÍÍLÎÎŒŒÍÌÌÍÌÌŒNKLLLŽNÌŒNKLLKLÌŒNKLLKLM‚ÌNÍMŽÍNÌMMÍŒNÌÎÌÌÎÌŒŒLLÎÌŒŒLLLÌŒŒLLLÂÌÎÎNÌMÌÍŽÌÌLŽÌLŽLÌÌLŽLÌŒNKLLKLŽNÌŒNKLL‹LLŽÌŒNKLL‹L‚ÌŽÎÌŽÌLMÎÌÍNÍŒŒÌÍŒŒÌŒNKLL‹LÌŒNKLL‹LLŽÌŒNKLL‹LMÂÌŽNÌMŽÎLLŽÍMÌMÌÍŒÌÌMÌÍŒÌŒŒLKLÎÌŒŒLKLŒNÌŒŒL‹L‚ÌŽMNÌŽÌLNLŒNÎŒNÎÌMMŒÌÌMMŒÌŒNKLLÌŒNKLLLNÌŒNKLLMBÌÌÍLNÍMÍÍÎÍÌLÍMLÌNÍMLŒŒÌŒŒLËLNNÌŒŒLËLNÌŒŒLËLÌÌÌÍŒÎÌLÎŽÌLMÎNÌŒÎMŒÌÌŒÎMŒÌŒŒLKLLŽÌŒŒLKLMÌŒŒLKLŒ‚ÌÌLNÌŽÍÌÎLÎMÎÌMLÌÌMLÌŒNKLL‹LŒŽÌŒŒLKLŽÌŒŒLKLÌÌŒÍÎLÎLÎMÌMÎÌÌMLÌÌÌMLÌŒNKLËLLŽÌŒNKLËLŒNÌŒNKLËLÌBÌÌŒNÌŽÌMLÌŒŒŒŽÌMLÌÌMLÌŒNKLLLÎÓNÓBÌÌÌMNÌLÍŽMŒNÌLÍMŒÌLŽÌLŒŽÌŒŒLKLLNÌŒŒLKLMNÌŒŒLKLM‚ÌÌÌŽÌÎNÎLÍÍÍÍŽÍŒNÌÍŒNÌŒNKLL‹LŽÌŒŒLKLŽÌŒŒLKL‚ÌÌÍŽÍNÍMÌÌLÎMŽÌMÎŒÌÌMÎŒÌŒŒLKLŽNÓNÓBÌÌÎÍÌMÍÎÍÌÍLŽÌLÌÌLÌŒŒL‹LNNÌŒŒLËLÎÌŒŒLËLÌÌÎNÌÍÌMÍMŒÌMNMÍÎÌŒŒÌÌÌŒŒÌÌŒNKLL‹LLÎÌŒNKLL‹LMÌŒNKLL‹LŒBÌÍNÍLNÌMÍLÎÌÍŒÍÌMÍŒÌÌMÍŒÌŒNKLLKLNÌŒNKLL‹LNÌŒNKLL‹LMBÌÍÍLÎÌMÍÍNÍMÌÌÍŽÌMMÍÌÌMMÍÌŒNKLL‹LNÌŒNKLL‹LMÌŒNKLL‹LMÌÍÎÌÌLMNÍLÌÌNÌÌÌÌŒNKLËLNÌŒNKLËLNÌŒNKLËLMBÌÍLŽÍŒÍLÍŒÍLÎÍMÌÌÍMÌÌŒŒLËLŒŽÌŒŒLËLÌNÓBÌÍMÍÎÌMMÍNÌÌNŒÎÎÌÎÌŒNKLLLNÌŒNKLLLLÎÓBÌÍNNÍŒÎÌMÍŽÍÎLLÎÌÌŒÌÌÌŒÌŒŒLËLLÎÌŒŒLËLMNÌŒŒLËLŒBÌÍŒÌÎÌÍMNÌLMŽÌÍLLÌÌÍLLÌŒNKLL‹LÌNÌŒŒLKLNÌŒŒLKLLÂÌÍÌÎÌLMŒŽÎMŽLNÌLÍÌÌÌLÍÌÌŒNKLKLLŽÌŒNKLKLŒŽÌŒNKLLLBÌÍÎÍÍLMNÍLŒÌŽÎMÍMLÌÎMÍMLÌŒŒLKLŽÌŒŒL‹LÌŒŒL‹LBÌÍÌŽÍÌMÍÍÎÌÎÌÌLÌÌÌÌLÌÌŒNKLËLŽÌŒNKLLNÌŒNKLLM‚ÌÍÌÎÌÎÍÎŽNÍLNÎÍÍÌŒÌÍÍÌŒÌŒNKLL‹LŽÌŒNKLL‹LÌÌŒŒLKLLÌÍÍÌŽÎMÎÍÎÍÌÍLÌÍNMŒÌÌŒNKLL‹LŽÌŒŒLKLLNÌŒŒLKLMBÌÍÎNÍNÌLÌNMÌLNŽÎÌÎÌŒŒLKLÎÌŒŒLKLNÌŒŒLKLNBÌÎÎÌÎNÌÎÎÌÌNLNÌÌÌÌÌÌÌÌŒŒLKLNÌŒŒLKLŽÌŒŒLKLŽÌÎMÌLŽÌMLMNÌŒŒŒÎÎMLÌÎMLÌŒŒLËLNÌŒŒLËLÌÌŒŒLLLÂÌŽMŽÍŽÍŒÎMŽÌLÎÌLÌŒÌÌLÌŒÌŒNKLËLŽÌŒNKLËLNÓBÌŽNNÌMÎÌÎMÌLLÎÌLŒÌÌLŒÌŒNKLLKLÌŒNKLL‹LÎÌŒNKLL‹LLÌŽŒŽÍNÌLÎLLNÌŽMÎNLÌÎNLÌŒŒLKLNÌŒŒLKLŒŽÓBÌŽŽÍÌLÍÌNÍÍLNÌLNÌÌLNÌŒNKLLKLMÌŒNKLLKLMÎÌŒNKLLKLŒÂÌŽÍÎÍNÍMLNÍÌNÌÌÌÌŒNKLL‹LŽÌŒNKLL‹LŽNÌŒNKLL‹LŽBÌŽMŽÍMÎÌMÍÎMÎÍŒLÎNNÍÌÍÌŒŒLLNÌŒŒLLLÎÌŒŒLLNBÌŽŒŽÍÎLŽÌNNÍMÌÍMÌŒNKLL‹LŽNÌŒNKLL‹LÌNÌŒŒLKLÌŽÍÎÌMNÍLŒÎÎŽNÌLÌMŒŒÎLNÌŒNKLL‹LNNÌŒNKLL‹LNÌŒNKLL‹LBÌŽŽÌÍÌLŒÍÌÍÌLÎÌÎMÌŒÍÎÌMMŒŒÌŒŒL‹LÌŒŒL‹LNÌŒŒL‹LLÂÌŽMNÍŽNÍLÎÎÎNÍMŒŒÌÍMŒŒÌŒŒLKLNÌŒŒLKLŒŽÌŒŒLKLŒÂÌŽMÎÌÌŽÌMÍMLÎÍÌŒÌÎÍLLÌÍLLÌŒNKLLKLÌŒNKLLKLÌŒNKLLKLLBÌŽLÌMÌŒŽÎÍÌŒŒŽÌMLÌÌMLÌŒNKLLKLŽÌŒNKLLKLMNÌŒNKLLKLNÌŽLÎÌÎNÌMNÍÌLLNÍŒÌÍŒÌŒNKL‹LÎÌŒNKL‹LŽÌŒNKL‹LŒÌŽLŽÍÎÌMLÌÎNÌŒLÎMŽÍMÍŒÌÍMÍŒÌŒŒLKLÌŒŒLKLLÎÌŒŒLKLŒÂÌŽLÌŽÌŽNÌLÎLŒÎÌLNÌLNLÌÌLNLÌŒNKLL‹LŒÌŒNKLL‹LÌNÌŒŒLKLÂÌŽLÍŽÍŒÍLMÎÎLÌNÌMLÌÌMLÌŒŒLLÌŒŒLLNÌŒŒLLL‚ÌŽLÎNÌÎÌNLMÎÌŒÍÎÌÌŒÌÌÌŒÌŒNKLL‹LLNÌŒNKLL‹LMŽÌŒNKLL‹LMÂÌŽMÌMÎÎÍLNÍÍNÍÍLÌÌÍÍLÌÌŒNKLLKLMÌŒNKLLKLŽÌŒNKLL‹L‚ÌŽMMÌŒNÍÍNÍÌMŒNÌÌŒÌÌÌŒÌŒNKLKLŒÌŒNKL‹LNÓBÌŽMŒÎNÌLŽMÌŒÍÌÍŒÌÍÌÍŒÌŒNKLLLNNÓNÓBÌŽNÎÍÌMMÌÌÌÍÍLÌŒŒŒÌÌŒŒŒÌŒNKLLLÌÌŒNKLLKLÎÌŒNKLLKLNÌŽNÍLÎÌŒÌLŽÎŒÎLÌLŒÌÌLŒÌŒNKLL‹LLÎÌŒNKLL‹LMNÌŒNKLL‹LŒ‚ÌŽNÎÌŒÍLÍŽMLÌŒLÌÌŒLÌŒNKLLLÎÌŒNKLLLNÌŒNKLLLMÌŽNLÎÍLÎÍÌLÍŽÍÍÌÍÎÍMŒÌÍMŒÌŒNKLLKLÌÌŒNKLL‹LÌŒNKLL‹LLBÌŽNMNÌLNÌŽNNÌÍLŽÍÍÌÌÍÍÌÌŒNKLLÌŒNKLLLÎÌŒNKLLÌÌÍLÎÌLMÌÎÎŒÌÌŒÌÌÌŒÌÌŒNKLËLÌŒNKLLÎÌŒNKLLBÌÌÍMÌŒMMŽÍÌLLÌÌLŒÌÌÎMÍLÌŒŒL‹LNÌŒŒL‹LMNÌŒŒL‹L‚ÌÌNÍLŽÌÎMÎÎNŒŽÍÌÍÌŒŒLKLLÌŒŒLKLÌŒŒLKLBÌÌMŽÎNÌLŒŒÌÎNMNLÎÌLLŒÌÌLLŒÌŒŒL‹LÎÌŒŒL‹LMÎÌŒŒL‹LNBÌÌNÍMÎÍÎNÍLÌMŒÌÌMŒÌŒNKLKLÎÌŒNKLKLLŽÌŒNKLKLŒBÌÌNNÍÌLMLÎLNNÌMÍŒÌÌMÍŒÌŒNKLLKLŒÎÌŒNKLLKLŽÌŒNKLL‹L‚ÌÌÌŽÍLNÎNMŒŽÍNLMÍÍMŒÌÎLÍLÌÌŒŒL‹LNÓNÓBÌÌÌÎÌLNÌLÌNLŽÍÌÌÌMLÌÌMLÌŒNKLL‹LŽÓNÓBÌÌÎÌÎÌLÍŒÌÎÍÌNÎÍLÌÎÍLÌŒŒLKLŽNÌŒŒL‹LŽÌŒŒL‹LLÌÌNÍLÎÍŒŒNÌŒŒMÎÌÌÍÌÌÌÍÌŒNKLL‹LŽÌŒŒLKLNÌŒŒLKL‚ÌÌLŽÌÎÌMNLŽÌÎÍNÌNMŒÌÌNMŒÌŒNKL‹LNÌŒNKL‹LMNÌŒNKL‹LMBÌÌLÎÍŽÎMNÍMÍÌŽÍŽÌÍŽÌŒŒLLŒÎÌŒŒLLNÌŒŒLLŽBÌÌNNÍNNÌÌMÌNÌLÍLŽÌLMLÌÌLMLÌŒŒLKLŒÌŒŒL‹LÎÌŒŒL‹LÌÌLLNÍLÌLŽNÌLNÌMLŒÌÌMLŒÌŒNKLL‹LŽÌŒNKLL‹LNÌŒNKLL‹LNBÌÌLNNÌLÌMMŒÍNŒÌNÌÌNÌŒNKLL‹LŽÌŒNKLL‹LŒÌŒNKLL‹LŒBÌÌLŒNÌMÎÍŽLLNÌÍÌLMŽÌÌLMŽÌŒŒLKLLÌŒŒLKLÌŒŒLKLBÌÌLÎÍŒNÌMLŽÌŒLÍŽÌÎÌÌÎÌŒŒLLLÎÌŒŒLLMŽÌŒŒLLNÌÌLŽÌÍNÎMŽÍŒŽLÌÌMŒÌÌÌMŒÌŒŒLKLŽÌŒŒLKLMÎÌŒŒLKL‚ÌÌLÍNÌŽÌLŽMŽÍÌŽNNÌÌÌÌÌÌŒNKLLÌŒNKLLMÌŒNKLLMÂÌÌMÎÌÍŽÌMŒNÍLLÎÍŽLÌÍŽLÌŒŒLËLŒŽÌŒŒLËLÌNÌŒŒLLLBÌÌMNÍLÌLNNNÎÌŒŒÌÌŒŒÌŒNKLLKLÌŒNKLLKLMÌŒNKLLKLÌÌMNNÌŽÍMÍMÌÌŒÌÌŒÌŒŒLLŒÎÌŒŒLLNÌŒŒLLBÌÌMÌÍŽÍÌNNÍMNÍŽÌMÌNÌÌMÌNÌŒŒL‹LLNÌŒŒL‹LÌŒŒLËLBÌÌMÌNÌÌŽÌMÎMŽÎLÌNÎÌLŒÌÌLŒÌŒŒLKLNÌŒŒL‹LNÌŒŒL‹LNBÌÌNŽÌÍNÌŒLŽÌNŽNÌÌÍŒLÌÌÌÍŒLÌŒŒLKLŽÌŒŒL‹LŽÌŒŒL‹LÂÌÌNLŽÍŽÌMÍŽMÎÌŒŒŒÌÌŒŒŒÌŒŒLKLÌŒŒLKLMŽÌŒŒLKLÌÌÌŒÎÍNÍNÍÌMÌLŒÌÌLŒÌŒŒLLŒŽÌŒŒLKLŽÌŒŒLKLŒÌÌŒNÍÌLÍŒŽÎÍŽÌÌŒÌÌÌŒÌŒŒLËLŽÌŒŒLËLÌNÌŒŒLËLÌBÌÌŒÎÍMŽÍÍNÌŽLÎÎÌÎÌŒNKLËLŽÌŒNKLLŽÓBÌÌŒMNÍÎÎLŒÌÌÍMŽÌÌÍÌÌÌÍÌŒNKLL‹LŽÌŒŒLKLŽÌŒŒLKLLBÌÌŒMÎÌÌŽÍNÎÍÌMNÌÌÌÌÌÌŒNKLKLŽÌŒNKLLLLNÌŒNKLLLNÌÌŒNÍNÎLNÍŒNMLNÍNLŒÌÍNLŒÌŒŒL‹LNÌŒŒL‹LŽÓBÌÌŒŽNÍÎÍÍÍÌÌMŽÌLÌÌLÌŒNKLKLNÌŒNKLKLÌŒNKLKLNBÌÌŒÌÍNÌMÎLŒŽÌLŒŽÌÍÌÌÍÌŒNKLL‹LMNÌŒNKLL‹LŒŽÌŒNKLL‹LÌÌÌŒÍŽÌMÍLMÌŒÎLNÍMLLÌÍMLLÌŒNKLKLŽNÌŒNKL‹LÎÌŒNKL‹LMÂÌÌŽÌMÎÌŒMÎÍŒLÌŽÍMÎLÍNLÌŒNKLKLNÌŒNKLKLMÎÌŒNKLKLÌÌÎÍNÍÍLMŒÌLÌÌLÌŒNKLLLNNÌŒNKLLLNÌŒNKLLKLBÌÌNÍŽÌMŒŽÌLÌŒNÎÌÎÌŒNKLËLMŽÌŒNKLËLŽNÌŒNKLËLÌBÌÌNNÌNNÌMŽÍMŽÍLŒLÌÍLŒLÌŒŒLLLŽÌŒŒLLŒÎÌŒŒLKLBÌÌNÌLŽÌMÍNNÍŒMÍNÌMŽMŒÌÌMŽMŒÌŒŒLKLŒNÌŒŒLKLNÌŒŒL‹LÌÌÌÎÌŽÌŒÎÍÌMÌLÌÌÌÌLÌÌÌŒNKLL‹LNÌŒNKLL‹LÌÌŒŒLKLÂÌÌŽŽÌÍŽÌÎLÍLLÎÍÌÍÌŒNKLL‹LÌNÌŒŒLKLÎÌŒŒLKLÌÌŽÌÌÌLÎÎNÎMMÍMNÌÍMNÌŒŒLLÎÌŒŒLLÌÌŒŒLKLBÌÌŽÎÌÍŽÍMÌÌÌÌÎNÌÎMŒÌÌÎMŒÌŒNKLL‹LNNÌŒNKLL‹LŒÎÌŒNKLL‹LŽÌÌŽNÌÍÎÍMLNÍLLÌŽÌLLÌÌÌLLÌÌŒŒL‹LŒÌŒŒL‹LŽÌŒŒLËLBÌÌÌÍMÎÌLNÌÎMÍŽÍMÌÍMÌŒNKLL‹LÎÓNÓBÌÌÌLŽÌŽNÌLÌÍÍÍÎÍŽŒÍŒÍMÌŒŒLKLMÌŒŒLKLMNÌŒŒLKLÂÌÌÌMNÍNÎNMNÍŒÌNÌŒŽÌÌŒŽÌŒNKLL‹LMÌŒNKLL‹LNNÌŒNKLL‹LŒ‚ÌÌÌMŽÌŒŽÌMLŒÎLÌÍŒÌÍŒÌŒNKLKLÌŒNKLKLLNÌŒNKLKLNÌÌÌŒÍÎÌNLÍLMÍNÍMŒÌÍMŒÌŒNKLKLÎÌŒNKLLLNÌŒNKLLLŒÌÌÌŒÎÌŽÍLÌÎÌMLÎMNÌLMLÌÌLMLÌŒNKLKLŽNÌŒNKLLLLNÌŒNKLLLŒBÌÌÌÍÌMŒŽÌÌŒÎÌNMÌÌNMÌŒNKLL‹LNÌŒNKLL‹LŒÎÌŒNKLL‹LÂÌÌÌŽÍŽÌMÎÍŒÌLÌÌLÌŒŒL‹LMNÌŒŒL‹LNÌŒŒL‹LNÌÌÌÌÌMÌLŽMLNÍNMŒÌŒMLÌÌŒMLÌŒNKLLKLÎÌŒNKLL‹LÌŒNKLL‹LLBÌÌÌÌNÌŽÌLLÎMNÌLÍÌMNÍŽÌÍŽÌŒŒLLNÌŒŒLLŒŽÌŒŒLLÌÌÌÍÎÍÌMÌMÌÌÌÍÎNÍÌÍÌŒNKLËLŒNÌŒNKLLÎÌŒNKLLBÌÌÍÌŽÍÌÎÌNMŽÎLLÌÎLLÌŒŒLLÎÌŒŒLLMNÌŒŒLLŒBÌÌÍÎÍNÌLÌMNÍÎÌMŒÌÌMŒÌŒŒLKLŒŽÌŒŒLKLÎÌŒŒLKLÌBÌÌÍÎÍÍLNÍMŽÎMÍÌÎMÍÌŒNKLKLNÓNÓBÌÌÍNÍŒNÎŒŽÌLÌŒÌÎÍŒÌÌÍŒÌÌŒNKLLNÌŒNKLLMŽÌŒNKLLŽÌÌÍLÌÍNÌMÍÍÎLÍŽÌNLÌÌNLÌŒNKLLKLÎÌŒNKLLKLMŽÌŒNKLLKLMÂÌÌÍLŽÍNÍŒNNÎÍÍÌÍÎÌÌÍÎÌŒNKLLLÌŒNKLLKLÎÌŒNKLLKLÌÌÍMÎÌÍÎÌMLÎÎLMNNÎŽLÌÎŽLÌŒŒLLMNÌŒŒLLMÎÌŒŒLLNBÌÌÍÍNÍŽÍMŒNÍMNÍŒÌÍŒÌŒŒLKLLŽÌŒŒLKLLÎÌŒŒLKLM‚ÌÌÎÌŒÎÌLÎMMNÌÎLNÌÌÎLÌÌÌÎLÌŒŒLËLÌNÓNÓBÌÌÎLÌŒŽÌMŽÍÌÎNÎÌÌŒÌÌÌŒÌŒŒLKLŽÌŒŒL‹LÎÌŒŒL‹LM‚ÌÌÎLŽÌÌÌMŽNNÌÌŒMÎLLŒÌÎLLŒÌŒŒLËLŽNÌŒŒLLÌŒŒLLMBÌÌÎMŽÌLŽÌMNÎLÍNNÎLÎÌÎLÎÌŒŒLËLÌŒŒLLÎÌŒŒLL‚ÌÍLÍNNÌMMNÍLÍÌŽMŒÌÌŽMŒÌŒNKLKLMÎÌŒNKLKLŒÌŒNKLKLÌÌÍMŽÍÌLMNLŽÍÍÍNÌŒÌÌŒÌŒŒLKLŽÌŒŒLKLÌNÓBÌÍŒÎÌŽNÌMŽÌÌNÎÌLÌÌLÌŒŒLLŒÌŒŒLLŽÌŒŒLLÂÌÍŽÌÎÍÌÍŽÎÎLÌÌNÎLLŒÌŒNKLL‹LÌŒNKLL‹LMÌŒNKLL‹LŒÌÍŽNÌŒÍŽMLNÍMLŽÍŒLŒÌÍŒLŒÌŒNKL‹LÌŒNKL‹LMÌŒNKL‹LŒBÌÍÍNÍÌLÌMÍÎŽÌŒMLÌÌŒMLÌŒŒLËLÎÌŒŒLLÎÌŒŒLLL‚ÌÍLÎÌÌNÌMÌNLMNÌMLÌÌMLÌŒNKLËLNÌŒNKLLÌŒNKLLMÂÌÍMŽÌMŽÎLNÎMÍLNNÌLMÌÌLMÌŒNKLLKLŽÌŒNKLL‹LNÌŒNKLL‹LNÌÍŒNÍNÍÎNÎŒÎÎMMÌÎMMÌŒNKLKLÌÌŒNKLLLÌŒNKLLLÌÍÎÍNÍÍÍNÎLŒÍNÍMÌÍMÌŒNKLËLŒÎÌŒNKLLÎÌŒNKLLMÂÌÍŽÍMÎÌLLNÍMLÌÍLÌÌÍLÌŒŒL‹LNÌŒŒLËLNÌŒŒLËLBÌÍLNÌŒNÍÎNÍLLÍNÍLÌÍLÌŒNKLËLMNÓNÓBÌÍNÍŽÌLŽÎLÍMÌÍMÌÌÍMÌŒŒLKLNÌŒŒLKLÌÌŒŒLKLÌBÌÍLÌŒNÌLÍMÌÌÌÌNÌÍÌŒÌÌÍÌŒÌŒNKLLKLNÌŒNKLLKLŽÌŒNKLL‹LÂÌÍLŒŽÌÌŽÌMŽLÎÎÍÌÍŽLÌÌÍŽLÌŒŒLKLÎÌŒŒLKLÎÌŒŒLKLMÂÌÍLŽÍMNÎNÌŽÍLÌLÌLNMÌÌLNMÌŒNKLL‹LNNÌŒNKLL‹LŒŽÌŒŒLKLBÌÍLŽNÍLÎMÌMÎÎMÎÌŒÌÌÌŒÌÌŒNKLLŽÌŒNKLLÎÌŒNKLLŽÌÍMŒÎÍŒÎÌMNÍÍŒŒÌLNLÌLNÌLLÌÌŒÌŒNKLLLÎÌŒNKLLLLŽÌŒNKLLLŒÌÍMŽÍŒŽÍLLNÌNLŽÌÌŒNÌÌÌŒNÌŒŒLLMNÌŒŒLLŒÌŒŒLLŒBÌÍMÌNÍNÎLŽLŽÌŽÍŒÌÍŒÌŒNKLLÌŒNKLLMŽÌŒNKLLŒÌÍMÌŽÍŒNÌLŒÎÎÌÌÍMÎÌNMLÌÌNMLÌŒŒLLŒÎÌŒŒLLNÌŒŒLLÂÌÍMÍÍNÌLLŽŽÎLÍÎÌÍMŒÌÌÍMŒÌŒŒLËLLÎÌŒŒLËLNÌŒŒLËLŽBÌÍMÍNÎÎÎLÌÍŒŽÌLŒÌÌÌÌLŒÌÌÌŒŒLKLÌÌŒŒL‹LNÌŒŒL‹LL‚ÌÍMÎÍNÎLLÎÎÌNÌÌÌÌÌÌÌÌŒŒLËLLÌŒŒLËLNÌŒŒLËLŒÌÍMÎNÌŒÎÌMMMÎÌNLMNÍMÍÌÍMÍÌŒŒLKLÌNÌŒŒL‹LÎÌŒŒL‹LM‚ÌÍNÌŒÎÌLÍŽÍLÍŽÌÍŽÌŒNKLLKLÌŒNKLLKLNÌŒNKLLKLÌÌÍNMÌŽNÌMMŒNÌÎMÍŽÍÍÌÍÍÌŒNKLKLŒŽÌŒNKLLLNÌŒNKLLLMÌÍNMŽÌÍŽÎŒÍNÌMÌŒÌÌMÌŒÌŒNKLL‹LÌŒNKLL‹LNÌŒNKLL‹LŒÌÍNMÎÌMŽÌMNNÌŽÌLNNÌÌLNNÌŒNKLLKLLŽÌŒNKLLKLMNÌŒNKLLKL‚ÌÍŒÎÌMÌMÍÎÍLÎÌŽLÌÌŽLÌŒNKLKLÌŒNKLLLNÌŒNKLLLMBÌÍŒŽÍŽÌLÎNÍÍLÍŽÌLÌŒÌÍŒÌLÍŒÌŒŒLKLÌŒŒL‹LŽÓBÌÍŒLŽÌÌNÌLLMÌŒÌNÌŒÌÌŒÌŒŒL‹LMÌŒŒL‹LNÌŒŒL‹LÂÌÍŒNÍÎÌMÍŽÌMLNNÌÍÌÌLÌÌÍÌÌLÌŒŒLËLNÌŒŒLLŽÌŒŒLLL‚ÌÍŒŒÌÌŽÌMMŽÎÌNÌMMŒÌÌMMŒÌŒNKLËLMÎÌŒNKLËLŒÌŒNKLËLŽBÌÍŒÌŽÍŒÎÍŽMÌÎÍÌÍNÌÌÍŒÌÌÌÍŒÌŒNKLL‹LLÌŒNKLL‹LŒÎÌŒNKLL‹LÌÍÎÌŒŽÌMÍNLÎÌÎÎÌLŒÌÌLŒÌŒŒLKLLŽÌŒŒLKLŒNÓBÌÍLÌNÎÌNÌŒŒMŒÌMLÌÌMLÌŒNKLL‹LÎÌŒŒLKLNÓBÌÍNÍMÎÍÍNÎLŒŽÍÌLÌÍÌLÌŒŒLKLÌŒŒLKLŒŽÌŒŒL‹LBÌÍŒNÌÌŽÌÌŒŽÎŽMŒŽÌÍŽLÌÌÍŽLÌŒNKLLKLMNÌŒNKLLKLŽÌŒNKLLKL‚ÌÍŽNÌÌNÌLÍNÍLMÌŽÌÎLÌÌÎLÌŒNKLL‹LNÌŒNKLL‹LŽÌŒNKLL‹LÌÌÍŽNÍŽÌLMÌNNÍŽLÌÍŽÌÌÍŽÌŒNKL‹LŽNÌŒNKLËLNÌŒNKLËLŒÂÌÍŽNÌLÌLLŒŽÍŽMÌNÍÌÍÌŒNKLKLŽNÌŒNKLLLÌŒNKLLLBÌÍŽNNÍMÌMŒÌŒÌŒÎÍŒÍÌÍŒÍÌŒŒLËLMÎÌŒŒLËLÌŒŒLËLŽBÌÍÌŽÌÍÎÌNNÍNMÌNLÌÌNLÌŒNKLKLÌŒNKLKLNÓBÌÍÌŽÌLŽÍÌŽMÎNMŒNÍÍMŒÌÍÍMŒÌŒŒLKLÎÌŒŒLKLÌÌŒŒL‹LBÌÍÌÍŽÌÎNÎNÎÎMŒNÌŒÌÌŒÌŒNKLLNNÌŒNKLLÌNÌŒNKLKLLBÌÍÍNÎÍNMNÎLLNÌÎMŒÌÌÎMŒÌŒNKLL‹LMÎÌŒNKLL‹LNNÌŒNKLL‹LŽBÌÍÍLŽÍÌLMÌÍÌÍÌNÌÍŒÌÌÍŒÌŒNKLLKLŽNÌŒNKLL‹LLÌŒNKLL‹LNBÌÍÍMÍNÌNMNÌLMŒÍŒŒMŒÌÍŒŒMŒÌŒNKLËLLNÌŒNKLËLMŽÌŒNKLËLNBÌÍÍMŽÌÍŽÎÍŽNÎMÌNÎÌMÍŒÌÌMÍŒÌŒNKLLKLMŽÌŒNKLLKLŽÌŒNKLL‹L‚ÌÍÍNÍÎÌMÍÍMNÌŒÌÎÌŽLMÌÌŽLMÌŒŒLLNÌŒŒLLŽÌŒŒLL‚ÌÍÍŒNÍLNÌLŒNÎMÍÌÍŽÌNÌÌNÌŒNKLL‹LNÌŒNKLL‹LLÎÌŒNKLL‹LŒÌÍÍŒŽÌÍNÌMMNÌMÍLÌÍLÌŒŒLKLŽÌŒŒL‹LÌŒŒL‹LLÂÌÍÍÍNÎÎNÎLÌÍÌŒÌÌŒÌŒŒLËLMŽÌŒŒLËLNÌŒŒLËLŒÂÌÍÍÎÍŽÎLÌLÍÎÌŒMÌÌÍLÌŒLÌŒÌŒŒLLÎÌŒŒLKLLÌŒŒLKLLÂÌÍÍÍŽÌÌÎÌMLÍMŽÌMÍŽÍMÍÌÌÍMÍÌÌŒŒLËLÌÌŒŒLLNÌŒŒLLÌÍÎNÌÌLÌÍMÌŒÎMÍMŒÌÍMŒÌŒŒLKLNÌŒŒLKLÎÌŒŒLKLMBÌÍÎNÌÎÌLMÌÎÌŒÌÌŒÌÌŒÌÌŒÌŒŒLËLNÌŒŒLËLLÎÌŒŒLËLMÂÌÍÎŽÍÌMÍNNÍLŒÍNÎŒÌÎŒÌŒŒL‹LŽÌŒŒL‹LÌŒŒL‹LMBÌÍÎÎÌŽNÌLŒŒÍÍÌŒNÌÌLŒÌÌÌLŒÌŒŒLKLLNÌŒŒLKLLŽÌŒŒLKLM‚ÌÍÎNÌÌNÌLŽMÍLÎÌNMMLÌÌNMMLÌŒNKLËLÌŒNKLLÎÌŒNKLLLBÌÍÎMÍLŽÌLÌŽÌŒŒŒÍÌÌÍÌÌŒNKLLLLÎÌŒNKLLLŽÌŒNKLLLÌBÌÍÎMŽÍŒNÌLMŽÎMÍLŽÌÌŒÌÌÌŒÌŒNKLL‹LŒÎÌŒŒLKLNÌŒŒLKL‚ÌÍÎNÍÎMÍNÍLMÌŒÌÌŒÌŒNKLL‹LŽÌŒNKLL‹LŽNÓBÌÎÌÍNÌLŒÍNÍMÍÍÎÎÌÌÌNŒLÎLÍLÌŒŒLKLMŽÌŒŒLKLŽÌŒŒLKLÂÌÎŽÎNÍÌNÌLNNÌLLÌÌLLÌŒNKL‹LMÎÌŒNKL‹LŒŽÌŒNKL‹LŽÌÎNÎNÌLNŽÍÌŽMŽÍÌÌÍÌÌŒŒLËLŽÌŒŒLËLŽÌŒŒLËLŽBÌÎLNÍÌMNNÍŽMŽÍÍÌÌÍÍÌÌŒŒLLŒÎÌŒŒLKLNÌŒŒLKLÂÌÎNNÍŒŽÎÍNNÌMNÌLŒMLÌÌLŒMLÌŒŒL‹LŒŽÓNÓBÌÎŒNÍŽÌLÍÍNÌÌÍMŒŒÌÍMŒŒÌŒŒLËLNÌŒŒLLŽÌŒŒLLBÌÎŒÎÍÎÌLŒŽÌÍLLÎÌMÌÌMÌŒŒLKLŽÓNÓBÌÎŽÌMNÍLÌNÌMŽLÎÍÍŒÌÍÍŒÌŒNKLLŒÌŒNKLLŽÌŒNKLKL‚ÌÎÎÌNÎLÌNÍÍŒÌÌÎÌMŒÌÌMŒÌŒNKLL‹LMNÌŒNKLL‹LMŽÌŒNKLL‹LNÌÎLŽÍNÍLÍÎÌÌÍŽLÌÌÍŽLÌŒNKLL‹LMÎÓNÓBÌÎMNÍŒŽÌMÍÍŽÍŽNLÎÌÎÌÌÎÌŒNKLËLNÌŒNKLËLÌŒNKLËLLBÌÎÌÌÎÍŒÌÎÌÌÌŒŒNÌÍŒÌÌÍŒÌŒNKL‹LMÎÌŒNKL‹LŒŽÌŒNKL‹LÂÌÎÌÎÍMNÍŒÍŽÎŒŽÍÌÍÌŒŒLKLLÎÌŒŒLKLŒÌŒŒLKLŒÌÎÍÌŽÌMMÍŽLŒÎÌMMÌÌMMÌŒNKLL‹LŽÌŒNKLL‹LÎÌŒNKLL‹LÌÎÍŽÍMŽÍMÍÎÍMÌŒMŒÌÌŒMŒÌŒNKLL‹LŽNÌŒNKLL‹LÌNÌŒŒLKLÌÎŽÌMNÎÌÍÌNÍMŒLÌÍMŒLÌŒNKLKLŒNÌŒNKLKLŒÎÌŒNKLKLŽÌÎÎÌNÌÌMŽNÌŒMŽÎMŒÌÎMŒÌŒNKL‹LÌŒNKL‹LNNÌŒNKL‹LNBÌÎMÎÎNÎMLNÍÍLLNÌŽLÌÌŽLÌŒNKLLLŽNÌŒNKLLKLŽÌŒNKLLKLLÂÌÎLŽÌLÎÌMŒŒLÎÍÌÍÍÌNÍÍŒÌÍÍŒÌŒNKL‹LŒNÌŒNKL‹LŒÎÌŒNKLËLÂÌÎLLNÌŽNÌMŽNÌMÍMNÌMMŒÌÌÌMMÌÌŒŒLËLŒÌŒŒLËLŒŽÌŒŒLËLÌBÌÎLMÍNÍÍÎÎLŒÌÍÎÌÎÌŒNKLL‹LNNÌŒŒLKLNÌŒŒLKLÂÌÎLŒNÌMŽÌMÍÍÎNÍŒLÎÌŒÎLÌÌŒÎLÌŒNKL‹LŒNÌŒNKL‹LŽNÌŒNKLËL‚ÌÎLÍÎÍÎÍÎNÌÌLÌLLÌŒLÎÌŒŒLKLÌNÌŒŒL‹LŽÌŒŒL‹LMÌÎMNÍÌÎÍÌNÎÌÍŽLÌÌÍŽLÌŒŒLKLLÌŒŒLKLNÌŒŒLKLŒ‚ÌÎMÎÍÌMLŒŒŽÍÌÍÎNÍMÌÌÍMÌÌŒŒL‹LÎÌŒŒLËLÎÌŒŒLËLLBÌÎMNÌÍÍŽÍMMŽÌMLÌMLŒÌLÌLÌÌŒŒLKLMŽÌŒŒLKLŽNÌŒŒL‹LBÌÎMLÍÎÌMNNÌLLÌÌLLÌÌLLÌŒŒLKLŒÎÌŒŒLKLÌŒŒL‹LBÌÎMMÌÌÎÍÌLLŽÍÍÍŽNÌÌÌÌŒŒL‹LŽÌŒŒLËLÎÌŒŒLËLL‚ÌÎMŒÎÍÎMÍŒŽÎNMŽÎNÌÌÎNÌÌŒNKLLŒÎÌŒNKLKLNÌŒNKLKLM‚ÌÎMÍÌŒŒŽÎNNNŽÌÌÍŒÌÌÌÍŒÌŒŒLLLÎÌŒŒLLŽÌŒŒLKLBÌÎMNÌÎÌMNNÍÍÍŒNÌÌÌÌŒNKLLLŽNÌŒNKLLKLLÌŒNKLLKLŒÌÎMÍÎÌŽÌÍMŽÎMÍNNÌLŒÌÌLŒÌŒNKLKLÓNÓBÌÎNÌÍÎÌÍÎMÍMÎLÎÌŒÎLÌÌŒÎLÌŒNKLLLMŽÌŒNKLLLMÎÌŒNKLLLBÌÎNŽÍŽNÌLMÍMNÌÎNÌŒLLŒÌÌŒLLŒÌŒNKLKLŒŽÌŒNKLKLNÌŒNKL‹LÌÎNÎÍLŽÎNŽÍŒÍNÌÍŒÌÌÌÍŒÌÌŒŒLKLNNÌŒŒLKLÎÌŒŒL‹L‚ÌÎNMÍŽÌMŒÍŽÍÍÍŽNÍŒÌÌÍŒÌÌŒŒLËLÎÌŒŒLLÎÌŒŒLLLÌÎNMÎÌÌÍŒÍŒŽÍMŒÍNÌŒÌÌŒÌŒŒL‹LNNÌŒŒL‹LŒÎÌŒŒLËLBÌÎNNÌÍŽÌMLNÌNLLÌLŒÌÌLŒÌŒŒLËLNÌŒŒLËLÌÌŒŒLL‚ÍLÌÎÌLLMLÎÍŽNMÎÎŒÌÎŒÌŒŒLLLNÌŒŒLLŒÌŒŒLLÍLNÌŽÌMÌÌNÍNLÌMLÌÌMLÌŒNKLLLNÌŒNKLLMŽÌŒNKLLÍLŽÍLÌLÌNÍÌMŽÍŒŒLÌÍŒŒLÌŒŒLËLÌŒŒLLÌŒŒLLÍMÎÌŽÌLÌMNÍÍÍÌLÌÌÍÌLÌÌŒŒLKLÌNÌŒŒL‹LŽÌŒŒL‹LL‚ÍŒÍŽÌLŒŽNÎLŒÎÌLŒŽÌÌLŒŽÌŒŒLËLŽÌŒŒLLÌŒŒLLLÂÍÎÌÍÌMLNMÌŒÌÍÌLŒÌÌLŒÌŒNKLLÎÓNÓBÍŽNÌNÌŽŽÌŒŽMŽNÎLÌÎLÌŒNKLLKLÌŒNKLLKLÌŒNKLLKLLÍÍNÌMŽÌNLMÍŽÌÍŽÌŒNKLLKLMNÌŒNKLLKLMŽÌŒNKLLKL‚ÍŽÍNÎÍMÌÎÌÍŒÌÌÍŒÌŒŒL‹LMŽÌŒŒL‹LNÌŒŒL‹LŒÍÎÌŒÎÌMÎNÍÍNNÍÍŽÌÍÍŽÌŒNKLKLNÌŒNKLKLŒÎÌŒNKLKLÌÍÌNÍNÌLMÌÌÍNÌŒMÍLÌÌŒMÍLÌŒNKLLNNÌŒNKLKLŽÓBÍNÌÍŽÌLÍŒÎÌÎŒŒŽÌNLLŒÌÌNLLŒÌŒŒLLŒÌŒŒLKLNÌŒŒLKLL‚ÍŽÍMÎÍŒMÍÍÎNÌÍÌÌÍÌŒNKLL‹LMÎÌŒNKLL‹LÌÓBÍLÎÌÌNÌLLŒÎÍMÍÌLÌÌLÌŒNKL‹LÌŒNKL‹LLŽÓBÍLÌMÍNLMNÌÍÍLNÎŒÌÎŒÌŒŒL‹LŽÌŒŒL‹LÎÌŒŒL‹LMÂÍLNÌÌŽÌMÌLÍŽÍÎÌÎÌŒŒLKLNÌŒŒL‹LÌŒŒL‹LNÍLNÍÎNNÍNMÌMÎÍŒÌÍŒÌŒNKLL‹LMÌŒNKLL‹LÌŒNKLL‹LÌBÍLMÎNÌLŒMÍŽNNÎÌLŒÌÌLŒÌŒŒLËLMNÌŒŒLËLÎÌŒŒLL‚ÍLMŽÍLŽÍNÍÎÌÌNNÌLMŒÌÌLMŒÌŒŒLKLÌŒŒLKLNÓBÍLŒNÍÎÎNMMNÍNMÌÌŽNLLÌÌŽNLLÌŒŒL‹LŽNÌŒŒLËLLÌŒŒLËLNBÍLŒÎÍNÌMÍÌÎNÍNNÌMMÌŒÌÌMMÌŒÌŒNKLLNNÌŒNKLKLNÌŒNKLKLÍLŽNÍÎÍÍNNÌMÌÎNÌŽÌÌŽÌŒNKLL‹LMNÌŒNKLL‹LŽÌŒNKLL‹LŽÍMÎÌNNÍÌÌÍÎÌÌÎŒÌLŒÌÍÎLÍÌŒŒLËLLNÌŒŒLËLMNÌŒŒLËLÂÍMNÌNÌÌÎNÌÎMMLŽÌŒŒLÌÌŒŒLÌŒŒLLÎÌŒŒLLŽÌŒŒLLMÍMŒNÍÍLÎÎŽLŒÎÌŽÌÌÌŽÌÌŒNKLLKLÎÌŒNKLLKLMŽÌŒNKLLKLÍMNÍÎÌÌLÍÎÌNLŒŽÌLŒÌÌLŒÌŒNKLL‹LŽNÌŒŒLKLÎÓBÍMÍNÍÎNNNÍÎÎMNÌÎMNÌŒŒLËLMÎÌŒŒLËLÌNÌŒŒLLLBÍNÍNÍNŒNÎMÌŽNÍLÌÍLÌŒŒLLŒNÌŒŒLLNÌŒŒLKLBÍNMNÌÍNÌMÌLÎÎNLÌŽÍÎŒÌÍÎŒÌŒŒLKLÎÌŒŒL‹LNÌŒŒL‹LLÍŒLÌNNÎLLLÍÌMNÌŽÌÌŽÌŒNKLLKLŽÌŒNKLL‹LNÌŒNKLL‹LMBÍŒMŽÌÌÎÎLÎMÎŽÍLÌÍLÌŒNKLLKLŽÌŒNKLLKLLŽÌŒNKLLKLL‚ÍŒŒÎÎÍÌÍÌŽÌÌLŽÌLLMÎÍLŒÌLLLÍÌŒŒL‹LŒÎÌŒŒLËLNÌŒŒLËLBÍŒÌÍÌMÌÍÎÍÌLLÌÍÎÌÌÍÎÌŒŒL‹LMÎÓNÓBÍŒÌNÌŒÎÌLLŒŒÎÌÎNMŽÍŒÌÌÍŒÌÌŒŒL‹LLÎÌŒŒL‹LMÌŒŒL‹LBÍŒÌŽÌÍLŒÌLÌNÌLNÌŒÍŒÎMÌŒNKLLKLMŽÓNÓBÍŒÌŒÌŒNÍMLNÍŒÌÍŒÌŒŒL‹LMŽÌŒŒL‹LŽÌŒŒLËL‚ÍŽNÍÎÎLNÍÎÍMŒÌÍMŒÌŒNKLLKLNÌŒNKLLKLŽÌŒNKLLKLÂÍÌÍLÎÌŒŒÎÎNÌNÌÌNÌŒNKLL‹LMNÌŒNKLL‹LŽÓBÍÌŽÍÎÍNÌÌMLÌÌŒÌÌÌŒÌŒNKLKLNÌŒNKLKLŒNÌŒNKLKLŽBÍÍŽÌNÌLÎNMNÌÌŽÌLÌNLÌLÌMŒÌŒŒLKLÎÓNÓBÍÍÎÍNÍŽÎNÎÍÎÌÍŽÌÌÍŽÌŒŒLLMNÌŒŒLLŒNÌŒŒLKLBÍŽMÍŽÍÍÌMÌMŽÌŒÌÌŒÌŒNKLLKLŽÌŒNKLLKLMŽÌŒNKLLKLMÂÍÌNÍŽÌMŒLÎÌÌNÍÌŒÌÍÌŒÌŒNKLKLNÌŒNKLKLNNÌŒNKLKLÂÍÌÍŒÎÍŽÎNLÌŒÎÌMLŒÌÌMLŒÌŒNKLKLÌŒNKLKLMNÌŒNKLKLM‚ÍÌLŽÌNÌMÌNNÌMÌÎÍÍŒÌÍÍŒÌŒŒLLLNÌŒŒLLMÎÌŒŒLL‚ÍÌLÎÌŒŽÌMŒŒLÎÍÌÍÍÌNÌMLÌÌÌMLÌÌŒNKLLŽÌŒNKLKLÎÌŒNKLKLLBÍÌNNÌŽÌMMÎÌÎÍÍNÌÌÍÌÎNLÌŽMLÌŒNKLLLÌŒNKLLLÎÌŒNKLLŒÂÍÌÌŽÍŒŽÌMÌÍŽÌLŒÌŒÎÍLLÌÌÍLLÌÌŒNKL‹LLÌŒNKL‹LMÌŒNKL‹LMÂÍÍŽÍÎÌLÍŒŽÎÌNÌÍŒÌÌÍŒÌŒNKL‹LNNÌŒNKLËLŽÌŒNKLËLBÍÍLNÌNÍÍNÌÍLÌMMÌÌMMÌŒNKLKLMÎÌŒNKLKLŒŽÌŒNKLKLŽÍÍLŽÍÎLŽNÍŽÍÍLÌÍLÌŒNKLËLÌNÌŒNKLLÎÌŒNKLLÂÍÍNÍMÎÌMÍMŽÌNMÍNÌŒÌÌÌŒÌÌŒŒLKLMŽÌŒŒLKLNNÌŒŒL‹L‚ÍÍNÌMÌLÍŽMNÎMÎÎÍÍLÌÍÍLÌŒNKLËLÌNÌŒNKLLNÌŒNKLLÍÍŽNÍÍMNÍŒLMŽNÌMÍÌÌMÍÌŒNKLL‹LÌŒNKLL‹LNÌŒNKLL‹LŽBÍÍÌÍŒÌŒÍŒÍÌLMÍNLŒÌÍNLŒÌŒŒLKLŽÌŒŒLKLMNÌŒŒLKLBÍÍÌÎÍÌLÌŒÎÌLŒNNÌMÌÌMÌŒNKLL‹LÎÓNÓBÍÍÍŽÌLÍMÌÌMÌŽÌMŽÌÌMŽÌŒNKLLLÌNÌŒNKLLKLŽÌŒNKLLKLÂÍÎNÌŽÍLŒNÎÌÍŽŒÌÌÍŽŒÌŒNKLLKLÎÌŒNKLLKLÌÓBÍÎÎÌÍNÌMŒÎÎŽNÌLÍLÌÌLÍLÌŒŒLKLÌŒŒLKLŽÌŒŒL‹LBÍÎLÎÍÎÌMÌŽÎMŒŽÍLŒLÌÍLŒLÌŒŒLKLÎÌŒŒL‹LNÌŒŒL‹LLÍÎMŽÌÍÎÌLMŽÌLŽÎÎLÌÎÎLÌŒNKLKLLŽÌŒNKLKLÌŒNKLKLBÍŽÌMÍNÎMŒŽÌMŽÌÌMŽÌŒNKLLKLÌŒNKLLKLÌÌŒNKLL‹LÍNNÍÌLŒNÍÎLŒÍÌMÌŒÌÍÌMÌŒÌŒNKLËLNÌŒNKLËLŒÎÌŒNKLËLÌÍÌŽÎNÌLÌÌÌŽÍÌŒŒÌNMLÌÌNMLÌŒNKLLLMNÌŒNKLLLNÌŒNKLLLŽBÍÍÌNNÌLÍŽÌÍŽÍÎÌLŒŒÌÌLŒŒÌŒŒL‹LŽÌŒŒL‹LŽNÌŒŒLËLL‚ÍÎÌMNÍÍMÍLNÎNÌNÌÌÌNÌÌŒŒLKLŒNÌŒŒLKLŽNÌŒŒL‹LBÍÎNÌMNÎLMNNÍÍÍŽÍLŽLÌÍLŽLÌŒŒLKLŒNÌŒŒLKLŽNÌŒŒL‹LÂÍÌÌÎÌLÍŒLÎÌŒMNÌLÌÌÌLÌÌŒNKLLKLLNÌŒNKLLKLNÌŒNKLLKLBÍLNÌÌŽÌLÍÌŽÎÎŽÌŒLÌÌŒLÌŒNKLLKLMNÌŒNKLLKLMÎÌŒNKLLKLŽÍMŽÍÎÌLŒÌÍLLÌÌÌÌÌÌÌÌŒŒL‹LMÎÌŒŒL‹LNÌŒŒLËLÂÍŒNÌLŽÍŽLÎÍÍŽÌŒLÌÌŒLÌŒŒLLŒŽÌŒŒLLŽÌŒŒLKLLÍÍÎÍÌÌŒÌÎÍÎNÎMLÌÎMLÌŒNKLL‹LÎÌŒNKLL‹LNÓBÍÎNÌŒÌLLŽÌŒÍÍLLLÌÍLLLÌŒŒLKLLÌŒŒLKLLŽÌŒŒLKLNÍNÌÎÌNÍŽÍÎÌLÍÌÌLÍÌŒNKLL‹LMÌŒNKLL‹LMÎÌŒNKLL‹LÍŽÍÎÌLMLNÍÌŽÌLLÌÌLLÌŒNKLËLÎÌŒNKLËLLÌŒNKLËLMBÍŽÍÎÌLŽÍÌŒMÌLÌLÍÍLÌMLÌŒŒLKLŒÎÌŒŒL‹LŽÌŒŒL‹L‚ÍLŽÌŒÍŒNMÌÌŽLŽÍŽMÌÌÍŽMÌÌŒNKLLLŒŽÌŒNKLLKLNÌŒNKLLKLBÍNÎÌMŒŒÍÎMNÌMÍŒÌÌMÍŒÌŒNKLËLMŽÓNÓBÍLÌLÎÍŽÍÍŽÌÎLÌÌÎLÌŒNKLLKLŽÌŒNKLLKLNÌŒNKLLKLMÂÍLMÍÎÌŽLLÎÌMŒŒNÌÌÌÌÌÌŒNKLLKLŽNÌŒNKLL‹LLŽÌŒNKLL‹LNBÍLŒNÍÎÍÍNÍLÌŽÌNÌÌNÌŒŒLLÌŒŒLLŒNÌŒŒLLÌÍLŽNÍŒNÌÌŒLNÌÌLÍNÌLÌÌLÌŒNKLKLÌŒNKLLLNÌŒNKLLLÍMMŽÌŽÍLŒÌNNÌLÌÌLÌŒNKLKLŽÌŒNKLLLNÌŒNKLLL‚ÍMNNÌLÍÎÎÎMLŽÌNLŒÌÌNLŒÌŒŒLËLMNÌŒŒLËLŒÌŒŒLËLŒÍMŒNÌLNÌMLMÎÍŽNÌÌŒŒÌÌÌŒŒÌŒŒL‹LÌŒŒL‹LLŽÌŒŒL‹LŒ‚ÍMŒÎÌŒÌLŒŒLÎÎMÌŽÍŒÍÌÌÍŒÍÌÌŒNKLLKLŽÌŒNKLL‹LÓBÍMNÍŒŽÌLMÌŒLLÎÌÌÎLÌÌÌÎLÌŒNKLLLŒÎÌŒNKLLLÌNÌŒNKLLKLÂÍMÍNÌMŽÌMŒÎMÌÌÍÍMŒŒÌÍMŒŒÌŒNKLLŽÌŒNKLKLNÓBÍNNÍŽNÌŒÌÎÍÍLŽÌÍÍŒÌÌÍÍŒÌŒNKLLLÌNÌŒNKLLKLLNÓBÍNŽÌÌÌMMNÎÌNNÌÍŒÌÌÍŒÌŒNKLLÎÌŒNKLKLLÌŒNKLKLL‚ÍNÍŽÌMŒLLÍMMLÌÍÌÌÌÍÌÌŒŒL‹LLÌŒŒL‹LMÎÌŒŒL‹L‚ÍNLÌNÌŒÎLŽÌÍŒMMÌLLÍÌÌLLÍÌŒNKLLÎÌŒNKLLÌŒNKLLL‚ÍNMNÍŽÌÌŽÍMNÌLÌÌLÌŒŒL‹LNÌŒŒL‹LNÌŒŒL‹LŒÍNNÌÍÎÌMMÎŽÍÍŒÌÍÍŒÌŒNKLKLNÓNÓBÍNNNÍÌLLNLÎÌLÌNÌLLŒÌÌLLŒÌŒNKLLLŽÌŒNKLLLŽÌŒNKLLLLÍŒLÌŽÌLLÍMÎÍMŒÎÌLŒÌÌLŒÌŒNKLL‹LMNÌŒNKLL‹LNÌŒNKLL‹LŽÍŒLNÌŒÌLLÍÌÍÍÌÌŒÌÌÌŒÌŒNKLL‹LMÌŒNKLL‹LÎÌŒNKLL‹LŽBÍŒMŽÍÎÍÌÌÍÎÎLŒÎÍÌLÌÍÌLÌŒNKLLLŽÌŒNKLLLLÌŒNKLLLL‚ÍŒŒÍÍMŒŽÌÍÍÎÍŒÌÍŒÌŒNKLLŒÌŒNKLLÌÌŒNKLKLBÍŒÍÎÍŽÌMLNÎNLÍLNÎMŒÌÎMŒÌŒNKLL‹LMÌŒNKLL‹LŒÌŒNKLL‹LÌBÍŒÎNÌNÌÌLŽÌNŒŽÍÌŒÌÌÍÌŒÌÌŒŒLKLŒÌŒŒL‹LÎÌŒŒL‹LMÂÍÎÍÍÍÎMNÌŽÎÎÌÎÌŒNKLL‹LNÓNÓBÍLÌÎÍŽÎÌMÎÌŒLÌŒÌÌŒLÌŒÌŒŒLKLÌŒŒLKLŒNÌŒŒLKLŽBÍLŽÌNÍÍLÌNÌÍMLÎÌÌÌÌŒNKLL‹LNNÌŒNKLL‹LŒNÌŒNKLL‹LBÍŒÎÌLNÍÍÎŽÍÎÍNÎŒÌÎŒÌŒNKLL‹LNÌŒNKLL‹LMÎÌŒNKLL‹LŽBÍÎÍNÍŽMÎÌÌÎÎÌÌLÌÌÌLÌŒŒLLLNÓNÓBÍŽÍÎÌLMÍMÌÍŽÍMLMÍŒÍLÌŒŒLKLNÓNÓBÍŽNÍŽNÌLLÌNNÎLŽÌLÌÌLÌŒNKLËLŽÌŒNKLLLÌŒNKLLM‚ÍŽMÌÌNÍNMÍÍLMÎÎLŒÌLÎLLÌŒŒLLÎÌŒŒLLÎÌŒŒLLM‚ÍŽMÎÌÌÎMÍŽÍNNÍÎÍŒÌÍŒÌŒNKLLÌŒNKLLNÌŒNKLLŽÍÌNÌNÎMLNÍÎLNNÌLÍLÌÌLÍLÌŒNKLKLLÌŒNKLKLŒÎÌŒNKLLLÍÌŽÍŒNÎLÍŽÌÍŒÌŒLÌÌŒLÌŒNKLL‹LLÌŒNKLL‹LÌŒŒLKL‚ÍÌŽÌŒNÎŒNÌÌÎMÌNÌNLÌÌNLÌŒNKLKLŽÌŒNKLKLLNÌŒNKLKLŒÍÌÎÌŒNÌLLNÌŒŽÌLMŒÌÌLMŒÌŒŒL‹LMÎÌŒŒL‹LNÌŒŒLËLBÍÌLNÍŽÌÌMNÎMÎMÎNÍLMÌŒÌÍLMÌŒÌŒŒLLNÌŒŒLLŽÌŒŒLKLBÍÌNÌNÎNMÌŽÍÌÎŽÎMLÌÎMLÌŒŒLKLÓNÓBÍÌNÌLŽÎMÍŽNÍNÍŽÍMLÍÌÌÍMLÍÌÌŒŒLKLLNÌŒŒLKLMÎÌŒŒLKLŒ‚ÍÌÌÎÌŒNÌMŒMMNÍÌNÌÍÌŒÌÌÍÌŒÌŒŒL‹LNÌŒŒL‹LNNÌŒŒL‹LÂÍÌÍÌNÌLŒNÌLÍÌŒÌÍÌŒÌŒNKLKLŽNÌŒNKLLLNÌŒNKLLLM‚ÍÍÌÌÌÍÌÎLÌMÌÌMÌŒNKLL‹LŒÌŒNKLL‹LŽNÌŒŒLKLBÍÍMŽÌÌMÌŽÌÌŽÌMÌŒÌÌMÌŒÌŒŒL‹LLÌŒŒL‹LLÎÌŒŒL‹LM‚ÍÍNÌŒŽÌMŒNNÎLÎŽÌMLŒÌÌMLŒÌŒNKLLLMÌŒNKLLLŒÌŒNKLLLÌBÍÍŒŽÌÌŒÌÍÌLŽÎLÌÌÎLÌÌŒŒL‹LŒÌŒŒL‹LŒNÌŒŒLËLÍÍNÍNÌLMÍLŽÌMLÌŽÌÌÌÌÌÌÌÌŒNKLLKLŽNÌŒNKLL‹LLÌŒNKLL‹LŒBÍÍÌNÍŒÎÌMLÌÌÍŒMÍŽÌLMÌÌÌLMÌÌŒNKLLLÎÌŒNKLLLMÎÌŒNKLLLŽBÍÍÍÍÍÍLÎÌMŒNÍMÎLÌÍMÎLÌŒŒLLLÎÌŒŒLLŒÌŒŒLLŒÂÍÍÎÍNÍNÌŽÎŽNNNÌLNÌÌLNÌŒŒLLŽNÌŒŒLKLÌŒŒLKLLÂÍÎÌÌÎMÎNÎNÍŒÎÌŽNMÌÌÌÌŒÌŒÌŒŒLËLŽNÌŒŒLLÓBÍÎLÍŒÎÌLŒÍÎMMŽÌMÌŒLÌÌMÌŒLÌŒŒL‹LŒNÌŒŒL‹LŽÌŒŒLËL‚ÍÎMŽÍMÍŽNÍLLÎÌÌÌÌÌÌŒNKLKLNÌŒNKLKLNNÌŒNKLLLÂÍÎÍÎÍŽÎÍŒÎNŽÎLŒÌÎLŒÌŒŒLKLÎÌŒŒLKLŒÌŒŒL‹LÂÍÍLŽÌMŒLNÌÍÍÍÍLÌÍÍLÌŒŒLKLŽÌŒŒL‹LLÌŒŒL‹LLÂÍLŽÍMÎÌLÎMŒŒŽÌLŒŒÌÌLŒŒÌŒNKLLMÌŒNKLLÌŒNKLLŽÍMŽÌŒÎÌŽMÎÍMÌÎMÎÌNLŽÌÌNLŽÌŒŒL‹LLÎÌŒŒL‹LNÌŒŒLËL‚ÍŒNÍNÍÌÌÎNÎNLÍÍÌÎNÌLÌŒNKLL‹LÎÓNÓBÍNÌÎÌMŽMÎÍLŒNÌÌÌÌÌÌÌÌŒŒLLMÎÌŒŒLLŒŽÌŒŒLLÂÍŽÌÍŽÌÎÎÍÎÌMÎÍŒŒÌÍŒŒÌŒNKLL‹LNÌŒNKLL‹LMÌŒNKLL‹LÍMNÌÍÎLŒÎŽÍLLÌÍLLÌŒNKLLKLŒŽÓNÓBÍNNÌLÎÍNMNÌŒÎLŽÌŒÌŒÌÌŒÌŒÌŒŒLËLMNÌŒŒLËLNÌŒŒLËLÌBÍÎÍNÌLŒŽNÌŒÍÎÌMÌÌMÌŒNKLKLMÌŒNKLKLNÓBÍŽNÌNÍLŽNÌÍŽÌNLÌÌNLÌŒŒLËLNÌŒŒLËLNÌŒŒLËLÌÍÌNÌÎNÌLÍLŽÍMMŽNÍŒŒÌMMLÍLÌŒŒLLMNÌŒŒLLÌŒŒLKLBÍÌŽÌÌNÌLŽŽÌLŽMNÌÌÌÌŒŒL‹LÌŒŒLËLŽÌŒŒLËLMÂÍLÍŒÎÍÍŒÎÌÌŽLÌNÎÌÎÌŒŒL‹LÌŒŒLËLÎÌŒŒLËLNBÍLÌNÌNNÍNÌLÎMÌLMŒÌÌLMŒÌŒŒL‹LNÌŒŒL‹LLÎÌŒŒL‹LMBÍLÌŽÍLÎMNÍMNMŽÌÍLLÌÌÍLLÌŒNKLLKLNÌŒNKLLKLŽNÌŒNKLL‹LLÂÍMLNÍÎÍÌŽÍŒÍMMÌLÍÍŒÌÌLÍÍŒÌŒNKLLKLNÌŒNKLLKLLŽÌŒNKLLKLŒÂÍMLŽÍLNÎMŒÍÌÎMÌŽÌLÍLMLÌMÌMŒÌLMÎNLÌŒŒLKLŽÌŒŒLKLÌNÌŒŒL‹LBÍMMNÍŽÌMÍŽÌŒLÌÍÌLÌÌÍÌLÌŒŒLLŒÎÌŒŒLKLÎÌŒŒLKLÍMŽÌŒNÍLÌÌNÌMÌÎÍÍŒÌÍÍŒÌŒNKLLNNÌŒNKLLNÌŒNKLKL‚ÍMÍÍÌMÌLŽÍÌMŒNNÍLŒÌÍLŒÌŒNKLKLÌŒNKLKLŽÌŒNKLLLÍNŽÍNÌMŒŒÎÌÍLŽNÍÌŒŒÌÍÌŒŒÌŒŒLËLMÎÌŒŒLËLŒŽÌŒŒLËLŽÍNÎÌŽÌÌŽÌÌÎÍLLÌÍLLÌŒŒL‹LNÌŒŒL‹LÌŒŒL‹LBÍNNÍŽNÌMŒÌLNMÎÌÌŽÌMMŒÌÌÌŒŒLKLÎÌŒŒLKLLŽÌŒŒLKLMÂÍNMNÌŽÍÍÌŒNÌŽNNÍŒŒÌÌLÌÍLÍŒMMMLÌŒŒLKLŽNÌŒŒLKLÌNÌŒŒL‹LÍNMÎÍÌLŽÎLŒLÌLŒŽÌÌLŒŽÌŒNKLLLÌNÌŒNKLLKLLÎÌŒNKLLKLŒ‚ÍLŽÌÎÎÍÎÌÌŒÎŽÌMMÌÌÌMMÌÌŒŒLËLŽNÌŒŒLËLÌÌŒŒLLLBÍLÍNÌLÎÌŒMÌÍMÌŒŽÌÍÌÌÍÌŒNKLLKLÌÌŒNKLL‹LŽÌŒNKLL‹LNÍLÎÍŽÍMMÎÎMŽÍŒÌÍŒÌŒŒLKLŽÌŒŒLKLÌŒŒLKLŒÍLÍLNÍLÍÎÎNMÍMÌMLŒÎÌŒÌMÍŽÌŒŒLKLLNÌŒŒLKLNÌŒŒLKLÍLMNÌŒÎÌNÌNNÌŒÌÌŒÌŒNKLL‹LŽÌŒNKLL‹LŽÓBÍLÌÌLÎÍÍNÍLÍŽÎÍÌLÌÍÌLÌŒNKLLNÌŒNKLLNNÌŒNKLLÌÍLÌNÌŽÌLÎMŽÌLŽNÌÌÎÌÌÌÎÌŒŒLKLMÎÌŒŒLKLŒÎÌŒŒLKLÌBÍLÍŽÍŒNÌLÌŽÌMÍÍLÌÌÍLÌÌŒŒLËLLNÌŒŒLËLNÌŒŒLLÍLÍLŽÌMÍŒÎÌÌÍŒÍŒÌÌÍŒÍŒÌŒŒL‹LŒÎÌŒŒLËLÌŒŒLËLMBÍLLNÍŒÌLÌÌNÍLÎNNÍŒÌÍŒÌŒŒLËLÎÌŒŒLËLŒÌŒŒLLBÍLNNÌŒŽÌŒŽNÌMŒŒÍLÌÍLÌŒNKLLKLLŽÌŒNKLLKLŽÌŒNKLL‹LBÍLLÍNÌMÌMNÎLÎÌLLÍÌÌLLÍÌŒŒLKLŒÌŒŒLKLŒNÌŒŒLKLÌÍLLÎÍÌMLNÌMŽÎNÍŒÌÍŒÌŒŒL‹LÌŒŒL‹LNÌŒŒLËLBÍLLNÍNÍMŒÎNÎMŽLÎÌLÍLÌÌLÍLÌŒNKLLLŒNÌŒNKLLLNÌŒNKLLKL‚ÍLLMÍNÌLŒÎÌŒÌNÌNLÌÌNLÌŒNKLLKLMNÌŒNKLLKLŽÌŒNKLL‹LÍLLNÌÎÍÍÎNÎÍÌLÎÍMMÍÌÌÍMMÍÌÌŒŒLKLŒNÌŒŒL‹LÎÌŒŒL‹LLÂÍLMÍNÌÍŒŽLNÌŒŒÌÌŒŒÌŒNKLL‹LÌŒNKLL‹LMNÌŒNKLL‹L‚ÍLMLNÌŒÌÍLNÍÎÌLMLÌÌLMLÌŒNKL‹LLŽÌŒNKL‹LŒÌŒNKL‹LBÍLMLŽÍMÎMNNÌŽÍÎÌŒÎÌÌŒÎÌŒNKLLÎÌŒNKLKLÎÌŒNKLKLL‚ÍLMLÎÍLÎÎMÌMNÌÍLMŽÍŒLÌÍŒLÌŒŒLLLŽÌŒŒLLMÓBÍLMMÌŽÌLÌŒÎÍŒÌNÍLÍŒÌÍLÍŒÌŒŒLKLŒŽÌŒŒLKLÌÌŒŒL‹LBÍLMŽNÌÎÍNÎÍNMNÌLÌÌÌÌLÌÌÌŒŒLLÎÌŒŒLKLLÌŒŒLKLŒBÍLMÎÌŽÌLLLÍNÍNLŽNÌÌÌÌÌÌÌÌŒNKL‹LŽNÌŒNKL‹LÌÌŒNKLËLÂÍLNÌŒNÌLNÍÌÌÎÍÌLÌÍÌLÌŒŒLLÎÌŒŒLKLÌŒŒLKLNBÍLNÌŽÌŽMŽÍÍLŽÍÌLÌÍÌLÌŒŒLËLLÎÌŒŒLËLŒÌŒŒLËLŽBÍLNMŽÍŒNÌMÌLŽÍLMÌLÎNÌÌLÎNÌŒŒLËLLÎÌŒŒLËLŒÌŒŒLËLŒBÍLNMÎÌÍÍLŽÌLMÌÎÍÌŒÌLÍŒLŒÌŒNKLLNÌŒNKLLNÓBÍLNNNÍNNÌŒÌÎÌLMÎNNÌNLÌÌNLÌŒNKLËLŒÎÌŒNKLËLNÌŒNKLLBÍLŒNÍÎÎNÌNÍNNLŽÍŒÌÌÍŒÌÌŒŒLKLÎÌŒŒL‹LNÌŒŒL‹LNBÍLŒÎÌMÍÎÎNÌÌŒÌÌÌŒÌŒNKLLKLŽNÓNÓBÍLŒNÌÌLNMNÌÍNÌNLŒÌÌNLŒÌŒNKLLLÌŒNKLLLÎÌŒNKLLÂÍLŒMŽÍŒŽÎLŽÍÌŽÌÎLŒÌÌÎLŒÌŒŒL‹LÎÌŒŒL‹LNÌŒŒLËLBÍLÍÌMŽNNÍMMMÍŒÌÍŒÌŒNKLLLŽÓNÓBÍLÎÍÌÍÌÎÍŒÌMNÌNNNLÌÌNNNLÌŒŒLKLŽÌŒŒLKLÌÌŒŒL‹LLÂÍLLÎÌŒNÎÌNÌŒMÌŽLLÌÌŽLLÌŒNKLLKLÎÌŒNKLLKLŽÌŒNKLL‹LLÍLMNÍŽÌÌŒÎŒÍÎÍÎLŒÌÍÎLŒÌŒNKLKLMÎÌŒNKLLLNÌŒNKLLLÍLŒŽÌÌÎÌMLNÌNLÍMŽÌŽŒÌÌŽŒÌŒNKLLKLNÌŒNKLLKLŒŽÌŒNKLL‹LBÍLŒÎÍNÌMŽÎLŽNÌNLÌÌNLÌŒŒLKLMÎÌŒŒLKLŽÌŒŒL‹L‚ÍLNÌÍŽÌMLŒÎMMŽNÌLŒÌÌLŒÌŒNKLËLŽÌŒNKLLNÌŒNKLLMBÍLÎÌŒŽÌLLÍŽÍÌMÌÍŒNÌÌÍŒNÌŒNKLLLNÌŒNKLLMÎÌŒNKLLŽÍLŽNÍÎÍŽNÍMÎÌÍMŒÌÌÍMŒÌŒŒLËLNNÌŒŒLLNÌŒŒLLLÂÍLÍÎÌMÌLÍLNÍMÌMLÎÌÍÍŒÌÌÍÍŒÌŒŒLKLMÎÌŒŒLKLNÌŒŒLKLÂÍLŽŽÌŒNÍŽNNÌLŽÌŒMÌLLŒÌŒLŒÌŒŒLLNNÌŒŒLLŒŽÌŒŒLL‚ÍLŽNNÌÌÌÍLÌÌMÍŒÌÌMÍŒÌŒŒLKLLŽÓNÓBÍLÌLÍÎÌMÍÌŒÎÌŒÌLŽÌMMŒLÌÌMMŒLÌŒŒLËLMÎÌŒŒLËLÌŒŒLL‚ÍLÌNNÌMÎÍÎNÎMMLÎNÌLLÌÌLLÌŒNKLKLNÓNÓBÍLÌŒÍMŽÍMNÌÍŽLNÍŒÌÌÍŒÌÌŒNKLL‹LMNÌŒNKLL‹LMÎÌŒNKLL‹LŒ‚ÍLÌŒNÍLNÌLNÌMÌLÌÌLÌŒŒLKLŒŽÌŒŒLKLŽÌŒŒL‹LBÍLÌÌMÎÍNLÌŽMÍŽMLÌÍŽMLÌŒŒLLÌŒŒLLŽNÌŒŒLKLBÍLÌÎÌŽÌLMLÍÎNMÍŽÌÍŽÌŒNKLLLLÌŒNKLLLLŽÌŒNKLLLMÂÍLÌÍNÌNÎMŽÎÎNÌŒŒÌÌŒŒÌŒŒLËLŒNÌŒŒLLŽÌŒŒLLMÍLÍNÍÌMLÎÌÎNMÎÌLNLÌÌLNLÌŒŒLKLNNÌŒŒLKLŒŽÌŒŒLKLÌBÍLÍLÍŽÌMLÍÍŽÌÌÍÎNÌÎLÌÌÎLÌŒNKLLMŽÌŒNKLLÌŒNKLLŽÍLÍNÍMÎÍÍÎŒÌÌLLŽÌÌLLŽÌŒŒLËLŽNÌŒŒLËLÌÌŒŒLLLBÍLÎMNÍNÌLLŽÎÌÌLMMNÌLŒŒÌÌLŒŒÌŒŒLËLŒÌŒŒLLNÌŒŒLLLBÍMÎÍMÍÌÌŽNÎNÍÌÍÌŒNKLLKLÎÓNÓBÍMNÍNÍÌÍLŒÎÌMÍLÌÌMÍLÌŒNKLLÎÌŒNKLKLÎÌŒNKLKLÍMLÎÍLÌMŒŽÍLŒÍÎÎÍÌÌÎÍÌÌŒŒLKLŽNÌŒŒL‹LŽÌŒŒL‹LM‚ÍMMÍNÌLLŒLÎÍŒLNÍŒÍÌÌÍŒÍÌÌŒŒLËLŒÎÌŒŒLËLŽÌŒŒLËLŽÍMMŽÌŽNÍÌÎÍLÍLNÌMŒÌÌMŒÌŒNKLLÌŒNKLLNNÌŒNKLL‚ÍMNÍLÎÍLÎÌÌNÎLÌÎLÌŒNKLLÓNÓBÍMÍNÍŒNÌLÌÎÌÌLŽÌŒMŒÌÌŒMŒÌŒNKLL‹LŽÌŒNKLL‹LÎÓBÍMLÍMÌMŽMÌMMÌÌMŒÌÌÌMŒÌŒNKLLÌNÌŒNKLKLÎÌŒNKLKLBÍMMNÍNÍMÎÍLŒŽÌMLŒÌÌMLŒÌŒNKLKLLÎÌŒNKLKLÎÌŒNKLLL‚ÍMMŽÌMŽÍÌŽÍŽÌMLÌÌMLÌŒŒLËLÌŒŒLËLÌNÌŒŒLLBÍMNÍNÍÍMŒŽÌLLÎNÍÍÌÍÍÌŒNKL‹LÌŒNKLËLÌŒNKLËLMBÍMÎÍÌLLŽÌLNŒÎÍLÌÍLÌŒŒLKLMÌŒŒLKLÌŒŒLKLŽÍMÍÎÌMMLÎÎMLÌŒŽÌLÌÌLÌŒNKLLŽÌŒNKLLÎÌŒNKLKLÍMNÌŽÌMÍŒÌÎÎMŽLLÎÌLÌÌÌÌLÌÌÌŒŒLKLMÓNÓBÍMMÎÍÌŒMŒÌŒNMÍÌÍÌŒNKLLLŽÌŒNKLLKLNÌŒNKLLKLÍMLÎÍNÎNLŽÍŒÌLNÌMLŒÌÌMLŒÌŒŒLKLŽÌŒŒLKLÌŒŒLKLBÍMLNÍÍŒMNÌÎMŽÌMNÌÌMNÌŒŒLKLŽÌŒŒLKLMNÌŒŒLKLÍMLNÍÌLÌÎÎMÌLŒLÌÌÌLŒLÌÌŒŒLLŽÌŒŒLKLÎÌŒŒLKLLBÍMLÍŽÌÍŽÌÍÍÌŽÌLÍLÌMŒÍLÌLNŒLÌŒNKLLKLŒÎÌŒNKLL‹LŽÌŒNKLL‹LMBÍMLÍNÍŽÍLÍÎLÌŒŒLÌÌŒŒLÌŒNKLL‹LMŽÌŒNKLL‹LŽÌŒŒLKLBÍMLÎÌŒŽÌMNNÍLLŒÌNÌLLMŒÌÌLLMŒÌŒŒLËLNÌŒŒLËLÌÌŒŒLL‚ÍMLÎNÌÎÍÌŽÌŒÍLŽÌŒÍÌÌŒÍÌŒŒLKLŽÌŒŒL‹LNÌŒŒL‹LBÍMMŽÍŒNÌMŒÎÌMNÍŒŒŒÌMLÍŒÌÌŒŒLKLÌÌŒŒL‹LNÌŒŒL‹LMBÍMMÌÌŽLÌNÎLÍÍÎÍŒŒÌÍŒŒÌŒNKLL‹LNÌŒŒLKLŽÌŒŒLKLÍMMÎÌÎÍÍNÌÍÍMLÌÌÍÍMLÌŒNKLL‹LŽÌŒŒLKLÎÌŒŒLKLÂÍMMLŽÌŽÌMŒLMŽÌÌÎMÎÌLLŒÌÌLLŒÌŒNKLL‹LLÌŒNKLL‹LLŽÓBÍMMMÌÌNÌMÍÍŒNÍMŒLNÍÍÌMÌÍÍÌMÌŒNKLKLÓNÓBÍMMŒNÌÍŽÎÌŒŽÌÌÍNÍÍLÌÍÍLÌŒŒLKLŒÎÓNÓBÍMMŒŽÌNÌLLÌŒÍŽŽNÌŒŒŒÌÌŒŒŒÌŒNKLL‹LNÌŒNKLL‹LLÎÌŒNKLL‹LBÍMNNÍŒÎÌMŽŒŽÎMÌÍLÌÍLÌŒNKL‹LMŽÌŒNKL‹LÎÌŒNKLËL‚ÍMNLÎÌÌÌMMÎÍŽNÌÌLÍÌÌÌÌLÍÌÌŒŒLKLÌŒŒLKLLŽÓBÍMNMÎÍNNÌLÌÌÌÎLÎNÍŒÌÍŒÌŒŒLKLŒÌŒŒL‹LŽÌŒŒL‹LÍMŒNÍÍLŒŽÎMÎÌLNLÌÌLNLÌŒŒLËLÎÓNÓBÍMŒNÌŒŽÌLÍÍMŽÌÌÍŒÍÌLÍÌŒÌÌLÍÌŒÌŒŒLKLMŽÌŒŒLKLMÎÌŒŒLKLNBÍMŒNÌŽÎŒNÍLÌÎNÌNÌÌNÌŒŒLKLNÌŒŒLKLLÎÌŒŒLKLBÍMŒLÎÌŒÌMŒÎLÌÌÌÌÌÌÌÌÌÌŒNKLL‹LŒÌŒNKLL‹LÌŒŒLKLÂÍMŒMÍMNÍMNÌLÌŽÌÎÌÌÎÌŒŒLLŒÎÌŒŒLLÎÓBÍMŒŒŽÍLÎÌMLNÌŽÍMŒÌÌŽLŒÌŒŒLKLNÌŒŒLKLNÌŒŒLKLŒBÍMŒÎÍLÍLŽÍÎLŽÎÌÎÌŒNKLLLÌÌŒNKLLKLÓBÍMŽÌNNÌLMÌNÌLŒLÌÍŒÎÌÌÍŒÌŒŒL‹LLÎÌŒŒL‹LMNÌŒŒL‹LŒÍMLŽÍÌMNNÎLÌŒŒÌÌŒŒÌŒNKLKLŒŽÌŒNKLKLŽÌŒNKLLL‚ÍMLÎÌÍÎÍŽLNÌÎNÍŒÌÍŒÌŒŒLKLLNÌŒŒLKLLŽÌŒŒLKLLÂÍMMÎÍMŽÌLŒNÎÍMÌNÌŒÍÌŒÌÌŒÍÌŒÌŒŒL‹LÎÌŒŒLËLÎÌŒŒLËLÍMŒÎÌLŽÍŽÎLMNNÌLÎÌÌLÎÌŒŒLKLÎÌŒŒLKLŽÌŒŒLKLÍMÍÍLNÌLŽNÌLÍLÌÌLÍLÌŒŒLKLLŽÌŒŒLKLNÓBÍMNÌÌÌMÍŒNÎŽLÌŒNLÌÌŒNLÌŒŒLKLÎÌŒŒL‹LLÓBÍMŽÍLNÍLMNÌMŽÍMŒÌÍMŒÌŒNKLL‹LÌŒŒLKLNÌŒŒLKLBÍMŽÍNÌŽÍŽÎÍNÍŽLŒŒÌÍŽLŒŒÌŒŒLLŽÌŒŒLLÌŒŒLLMBÍMÌÍÌMŽŽÍLÍŽÌMNLÌÌMNLÌŒŒLLÌÌŒŒLKLŽÌŒŒLKLBÍMÍÌNÌLŒNÌMÍÎÍÍŒÎMŒÍÍLÌŒNKLL‹LMŽÌŒNKLL‹LNÌŒNKLL‹LÂÍMŽMŽÍMŽÌMŒNNÌÌŒLŒŽÎŒÌŒÌMÎŒÎLÎÌŒŒLËLNÌŒŒLËLLÎÌŒŒLËLŒÂÍMŽNNÍŒÍŒÌNÌLŒNNÌLŽLÌÌLŽLÌŒŒLËLÌNÓNÓBÍMÌÌÎNÌÌÍNÌMMŒÎÍŒÌÌÍŒÌÌŒŒLLNÌŒŒLLŒŽÌŒŒLLŒ‚ÍMÌÎNÌMÌŽÍNMMNÌÌÍLÌÌÌÍLÌŒNKLL‹LNÌŒNKLL‹LŽNÌŒŒLKLÍMÌMÎÍMŽÎMNÍLLMÎÌÍŒÌÌÍŒÌŒŒLKLÌŒŒLKLNÌŒŒLKLŒÍMÌŒÍNÌMÍŽÍMÍLNÌMÌÌÌMÌÌŒŒLËLMÌŒŒLËLMŽÌŒŒLËL‚ÍMÌŒNÍÎLNÌŽLNÌŒÍÌÌŒÍÌŒŒLKLŽÌŒŒLKLÌÌŒŒL‹LBÍMÌÎÌÍŽÎÌÎÍÌLMŽÌMLÌÌMLÌŒŒLLLŽÌŒŒLLŒÎÌŒŒLKL‚ÍMÌÍŽÍMŽÌLÍNLÌŒŒLNÌÌÌŽÌÍŒÌŒŒLKLMÌŒŒLKLNÌŒŒL‹LBÍMÍÌNÌLÎÎMŽÍŒÎNLLÌÎNLLÌŒŒLKLŽNÌŒŒLKLÌNÌŒŒLKLÌBÍMÎŽÍMÍLŽÌÎÌÎÌÌÌÎÌÌŒNKLL‹LNNÌŒNKLL‹LÌŒNKLL‹LÌBÍMÎMŽÍŽÍŒÌMÎNÍNÌÌÍÌÌÌÍÌŒNKLLKLMÌŒNKLLKLŒŽÌŒNKLLKLŽBÍNNÌŒÎÍŒÌŽÌÍLÌŽŽLÌÌŒÌŽÍÌÌŒŒLLÌŒŒLKLNÌŒŒLKL‚ÍNÎÌNNÌLÍNÌÍŒŒMÎÌLLÍLÌÌLLÍLÌŒNKLLKLLÎÌŒNKLLKLŽÌŒNKLLKLÌÍNÌŽÍÌLÍÌMŒŽÌMLÌÌMLÌŒNKLKLMÌŒNKLKLÌŒNKLLLÍNÌLNÌLLMÌNÌÎMŽÍÌLÌÍÌLÌŒŒLKLŒÎÌŒŒLKLŽNÌŒŒL‹LBÍNŽÌLÎÍÌÌÍÌŒÎÌLŽŒÌÌLŽŒÌŒNKLL‹LMŽÌŒNKLL‹LŒŽÌŒNKLL‹LBÍNÎÍŒÎÌLÎMÎÍŒŒŒÎÌMÌLÌÌMÌLÌŒŒLLLÎÌŒŒLLŽÌŒŒLLÌÍNÎÍŒŽÍLŽÌÌŽÌLÌÌLÌŒŒLKLNÌŒŒLKLÌÌŒŒL‹LBÍNŒÍÎÎÌŽÌMLŽÌÍŒÌÌÍŒÌŒNKLL‹LLÌŒNKLL‹LMNÌŒNKLL‹LÍNŒNÍMNÌÍNÌŒÌŽÍÌÌÌÍÌÌÌŒNKLL‹LÓNÓBÍNÌNÍŒÎÌLÍÎLÎÍLNNÌÎÌÌÎÌŒNKLLŒÌŒNKLKLÎÌŒNKLKLÍNÌŽÌÌMÍÍÌÎÌÌMÍÌÍÌŒŒLLNÌŒŒLLMNÌŒŒLLŽBÍNÍÌÎNÍŒŽÍŒŒÍÌÌLÌÍÌÌLÌŒŒLËLŽÌŒŒLLLÌŒŒLLMÍNNÍÎÌMÍÌLÍMLŒÌÍMLŒÌŒŒL‹LÎÌŒŒL‹LLŽÌŒŒL‹LMÍNNÌÌÍLNLÎÎNŽÍÌÍÌŒNKLKLLNÌŒNKLKLMÌŒNKLKLÍNLNÍÌMÍÎÌNNÌÍŒLÍMLÌÍŒÍLÌŒNKLLKLÌŒNKLLKLŒNÌŒNKLL‹L‚ÍNLÎÍŽÌMMÎNÌNMŽNÍÌNÌÍÌNÌŒŒL‹LŒÌŒŒL‹LŽÌŒŒLËLBÍNMÍŽNÍÍŒŽNÍÌÌÎÌLÎÌÌLÎÌŒŒLËLNÌŒŒLËLLÎÌŒŒLËLMÍNMNÍÎÌMŒLÍÎÎNÌÎÌÍÌŒÌÌÍÌŒÌŒNKLLKLŽNÌŒNKLL‹LLÎÌŒNKLL‹LÍNLNÎÍŽLÍNÌÌŒÍÍLÍŒÌÍLÍŒÌŒŒLLLŽÌŒŒLLNÌŒŒLKLÂÍNLÌŽÌŽÌLŒNNÌÌŒŒŒÌÌŒÌÌÌŒÌŒŒLËLŽÌŒŒLËLMÌŒŒLËLMÍNLÍŽÌŒNÍÍLÎÍLÎÌLÎŒÌÌLÎŒÌŒNKLL‹LŒNÌŒŒLKLÌŒŒLKLÍNMÎÍŒÎÌMŽLÌŒLŒNÍMÍÌÍMÍÌŒŒLËLÌNÌŒŒLLLÎÌŒŒLLBÍNMLÎÌŽÌÍLÌŽÎMMÌŽNÌLŽLÌÌLŽLÌŒŒLLNÌŒŒLLLNÌŒŒLLLBÍNMŒŽÌÍŽÍÍÍŒŒŒÍÍÌÌÍÍÌÌŒNKLKLNÌŒNKLKLŽÌŒNKLLLL‚ÍNMÌŽÍŒÌMLŽÍLMÌŽNLÌÌŽNLÌŒŒL‹LÎÌŒŒLËLÎÌŒŒLËLLÂÍNNÌÎNÍMÍÎNÌŒÍŒŽÍŒMŒÌÍŒMŒÌŒŒL‹LLNÌŒŒL‹LNNÌŒŒL‹LŒÍNNÍNÌLÌŽÍÍŒÍŽNÍLÍLÌÍLÍLÌŒŒLKLLÌŒŒLKLLÎÌŒŒLKLŒBÍNNŽÎÍÎMÍMŒÌMMŒÌÌÌMMŒÌÌŒŒLËLŽÌŒŒLËLÎÌŒŒLËLMÍŒŽÌÎÌMÎNÌŽNŽNÌLÌÌLÌŒNKLKLŒÌŒNKLLLNÌŒNKLLLLÂÍŒMŽÌLÌMNNÌÎÌÍÌŒÍÍÌŽMÍŒÌŒNKLL‹LŒNÌŒŒLKLNÌŒŒLKLÂÍŒŒÎÌMÎÌÍMÌÍÍÌÍŒÌÌÍŒÌŒNKLL‹LLŽÌŒNKLL‹LNNÌŒNKLL‹LNBÍŒÎÌŽÌLLŒMNÎLMÎÌLMÌNŒÌŒÌŽÌŒNKLLLŽÓNÓBÍŒŽÍMÌLŒŽÌMŒŽNÍMÌÌÍMÌÌŒNKL‹LMNÌŒNKL‹LŽÌŒNKL‹LÌÍŒŽNÌÌÌÌÍŽÌNMŽÌÌMŒÌÌÌMŒÌŒNKLL‹LÌNÌŒŒLKLNÌŒŒLKLNBÍŒÍŽÍŽNÌÌLNÍNMŽNÎLŒÌÎLŒÌŒŒLKLŒNÌŒŒL‹LÌŒŒL‹LLÍŒNÌÍÌLŒÎÍÌLŒÎÌLÌÍLÌŒNKLL‹LÌŒNKLL‹LNÓBÍŒŒÎÍÎÎŒÎÍŒLÌÍŒLÌŒNKLL‹LÎÌŒNKLL‹LNÌŒNKLL‹LNBÍŒŽÍMÎÌÌLNÎLŒÍNÎNLÌÎNLÌŒNKLËLÎÌŒNKLËLMÌŒNKLËLÍŒMÎÌLÌMLNMÌŒÌÍÌMNŒÌÌMNŒÌŒŒLKLÌŒŒLKLÎÌŒŒL‹LLÍŒNÍNÌLLÎÍNLÎLŽÎÌLÍŒŒÎÌŒŒLKLŽÌŒŒLKLŽÌŒŒL‹LÍŒLLÎÌÌÎNNÎMŽÍŽÍŒÍÌÌÍŒÍÌÌŒŒL‹LLÎÌŒŒL‹LNÌŒŒL‹LÂÍŒLMNÌÎÎLNÍMMÌLÍŽÌÌLÍŽÌŒNKLLKLÎÌŒNKLLKLŽÌŒNKLLKLŽÍŒLNÍÌNŽÌÍŒŒŽÌMÌÍŒŽLÌLÍLÌŒŒLËLNÌŒŒLLÎÌŒŒLLÂÍŒLŒÍLÎÌLLŽÌÌŒÍŽÌMLÌÌMLÌŒNKLLMÌŒNKLLMÎÌŒNKLLNÍŒLŒNÌÌÌLÍŽÍÍLÌÍÌŒÌÌÍÌŒÌŒNKLLÌÌŒNKLKLLNÌŒNKLKLŒBÍŒLŽÌMÎLÌLÎLŽÌÌÌÌÌÌŒŒLËLNÌŒŒLËLMÎÌŒŒLËLBÍŒLÍŽÍLÎÌLMMŽÍÎMŒNÍÌÌŽMÌÎMÍŒÌŒNKLL‹LMÎÌŒNKLL‹LÎÌŒŒLKLÍŒMNÌMŽÌLÌÌLNÍNÎNNMÌÎNNMÌŒNKLL‹LŽÌŒŒLKLÎÌŒŒLKLLBÍŒMLŽÍÌLÌLÎÍŽLŽÌMNNLÌÌMNNLÌŒNKLKLLNÌŒNKLKLMÎÌŒNKLKLÍŒMŽNÌÌÍMÍÎÍLŒÎÍÌÌÍÌÌŒŒLLŽÓNÓBÍŒNÎÌLÍNÌMMNÌŒÌLÌÌŒÌLÌŒNKLLLŽÌŒNKLLKLNÌŒNKLLKLBÍŒŒÍÌLNÍŽÌŒŒÎLÌŒMŒÌÌŒMŒÌŒNKLKLÌNÌŒNKL‹LLÎÌŒNKL‹LMÂÍŒŒMÎÌLŽÍŒŽMÎÎNMÎÌMLÌÌMLÌŒNKLLŒNÌŒNKLKLÎÌŒNKLKLMÂÍŒŒÎÌŒÎÌMÍNNÍLŒÍNÍŒÌÌÍŒÌÌŒŒLKLÎÌŒŒLKLMÌŒŒLKLNBÍŒŒÍNÍŒŽÌÌNÎNLMNÍMŽÌÍMŽÌŒŒLKLÎÌŒŒLKLLÎÓBÍŒŒÍŽÌŒNÌMŒNÎNMŽMÌLÍLÌÌLÍLÌŒNKLLKLÌŒNKLLKLLÎÌŒNKLLKLM‚ÍŒŽÎÌÌÍNÌŒMNÌŒMŒÌÌŒMŒÌŒNKLLŽÓNÓBÍŒNÍŒŽÎLLÎÎMŽNÌNMŒÌÌNMŒÌŒNKLLKLMÎÌŒNKLL‹LNÌŒNKLL‹L‚ÍŒŒŽÍLÌMŽMÌMLŽÍLÌÍLÌŒNKLËLŽÌŒNKLLŽÓBÍŒŒÎÍLŽÌLNMNÌLÌÍÍÎÌŽÌÌŽÌŒŒLKLÌÌŒŒL‹LÌŒŒL‹LMBÍŒÌÍŒNÌLÍMŽÍÍMÌÎÌÍÌÌÍÌŒŒL‹LŒŽÌŒŒLËLNÌŒŒLËLÂÍŒÎÌÎÍLÌÍLÍŽÌMMLÌÌMMLÌŒNKLLLŒNÌŒNKLLKLŽÌŒNKLLKLÂÍŒŽÌÌŽMÍŽÌÎÌÌÎÌÌŒŒLLLÌŒŒLLMÌŒŒLL‚ÍŒŽNÍLŽÍÌÌÎLŒÍŽÌNMŒÌÌNMŒÌŒŒLLMNÌŒŒLLÌŒŒLKLÍŒŽMNÎNÎŒMŽÎNNMÌLŒÌÌLŒÌŒNKLLNÌŒNKLLÎÌŒNKLLLÍŒÌŽÍÌÎÍÎÍŽNÍÍŒÌÍÍŒÌŒNKLKLŽÌŒNKLLLŽÌŒNKLLLÍŒÌMNÌNÌMÎMÎÎLLÎÌLŒÌÌLŒÌŒNKLL‹LNÌŒNKLL‹LŽÌŒNKLL‹LLÂÍŒÌŒÎÌNNÌLMLÌLÎÌÎÌŒNKLLLŒÌŒNKLLKLNÌŒNKLLKL‚ÍŒÍÎÎÌLMŽÌŒLÍNÌÌÍÌŒÌÌŒÌŒŒL‹LÎÓNÓBÍŒÍLNÍÍNMNÎÍLÎÍMÌÍMÌŒNKLL‹LÌŒNKLL‹LŽÌŒNKLL‹LŽÍŒÍLÎÍÎÌLMMÍÍMNÌLLÌÌLLÌŒŒL‹LŽÓNÓBÍŒÍNÌÍŽÌMLÎÌÌÍMŒÌÍMŒÌŒŒL‹LMÌŒŒL‹LŒÓBÍŒÍŒÎÌÎÍÎLŽÌÍŒÌŽÌÎMŒÌÌÎMŒÌŒNKLLKLLŽÌŒNKLLKLÌŒNKLLKLÂÍŒÍŽÌÎÌMÌÌLNÍÍÎMÌŽÌŽŒÌÌŽŒÌŒNKLL‹LÎÓNÓBÍŒÍŽÍÎÌMŒŽÎLÌNÎŒÌÎŒÌŒŒLLŒŽÌŒŒLLŽÌŒŒLKLÂÍŒÍÌÎÍÎÌMMMŽÎLNNÎMMÌÎMMÌŒNKLLKLLŽÌŒNKLLKLŽÓBÍŒÎŽÍŽÌMLÌŒŽÌÍŽMÎÌMÍÍÌÌÌMÍÍÌÌŒŒLLLŽÌŒŒLLNÌŒŒLLŽÍŒÎLŽÌLŽÎLÍŽNÌÍÌMŽNLÌÌMŽNLÌŒŒLËLMÎÓNÓBÍŒÎMNÌLŽÍLLÎÎMMMÍMŒÌÍMŒÌŒŒLËLŒŽÌŒŒLËLÌŒŒLLÂÍÎÌMÌÎLLÌLNŽÍŒŒÌÍŒŒÌŒŒL‹LŒNÌŒŒL‹LNÌŒŒLËL‚ÍLÌÎÌNŽNÍŒMÌÎÍLÌÍLÌŒŒLKLNÌŒŒL‹LÌŒŒL‹LNBÍNÌLŽÌLÌÍÌÎÍLLÌŽÎLLÌÎLLÌŒŒL‹LLNÌŒŒL‹LLÎÌŒŒL‹LBÍŽÌŽÎÌŒÎÍŒMÎÎLŽLÌÎLŽLÌŒŒLLŒŽÌŒŒLLŽÌŒŒLKLÍÎNÍŒÎÌLÍLÍÍÎÎÍNMLÌÌÍNMLÌÌŒŒLKLMÌŒŒLKLMÎÓBÍŽÍÎÎÍLÎÍMÎÌÌNÌÌÌNÌŒŒLLÓNÓBÍNÍŒNÎMŒNÍÌŽMŒÌMLŒÌLNLÌMLÌŒŒLKLŽNÌŒŒL‹LÎÓBÍMÎÍLÍLŒNÌŒŒÌÍNÍNLÌÍNLÌŒNKLËLŽÌŒNKLLŽÌŒNKLLM‚ÍŒÎÍŒNÌŽLŽÍŽMŽÌŒÌÌŒÌŒNKLËLÎÌŒNKLËLŽÌŒNKLËLŽÍÌŽÍMŽÍÍŒÌÎÌNŒÌÌNŒÌŒŒL‹LŒÎÓNÓBÍNNÍNÌLÍŒÎÎMŽŽÌLÍÌÌÌÌLÌÌÌŒŒLËLŒÌŒŒLËLÓBÍLÍNÌMÌŒÎÌÌÍŒÎNÍÌŒŒÌÍÌŒŒÌŒNKLËLŒŽÌŒNKLËLÌNÌŒNKLLBÍLNÍNÌŽLŽÌLLŒÌŽÍMMÌÌÍMMÌÌŒNKLL‹LLÌŒNKLL‹LNÌŒŒLKLBÍLNNÍMŽÌLŒÎÌÎMÎLÍÍŽMLÌÍÍŽMLÌŒNKLLKLŽÌŒNKLLKLMÌŒNKLLKLNBÍLÎNÌMŽÎNNÌÌMÎÍŒÌÍŒÌŒNKLËLŒNÌŒNKLËLŽNÌŒNKLL‚ÍMÍŽÍNMÍŽÌNMÍŽÍÌÍÌŒNKLLLŒÎÌŒNKLLKLNÌŒNKLLKLL‚ÍMLŽÍMÎÎMNÎÌÌŽÍŒÎÌÌÍŒÎÌÌŒNKLL‹LÎÌŒŒLKLŽÌŒŒLKLLBÍMNÌÌÌLNÌÍÎÌŒÌÌŒÌŒŒLKLÌNÌŒŒL‹LLÌŒŒL‹LNBÍMŒÍNNÌLNÌŽMLŽÌŒÍMÍŒÌMÌÌŒNKLLLÓNÓBÍMŒŽÍNÍŒNNÌŽMNNNÌMŽÌÌMŽÌŒNKLKLNÌŒNKLKLÌŒNKLLL‚ÍMÌNÌNÎÍŽÎNMMŽÍNMÌÍNMÌŒŒL‹LLŽÌŒŒL‹LŒŽÌŒŒL‹LŽBÍMÍÎÍNÎNMŽÎLMŒNÎÌŒÍŒÌŒNKLL‹LNÌŒNKLL‹LÌÌŒŒLKLBÍNÌNNÍLÎÍÌÍÎÎÍÌÌÌÌÍŒÌŒŒLKLÌŒŒLKLŽÌŒŒLKLÂÍNNÌNNÌMLLŽÍÍLMMNÌÎŒÌÌÎŒÌŒŒLËLLŽÌŒŒLËLŒNÌŒŒLËL‚ÍNLÌŽÌLÌÌLNŽÌMMÌÍŒÌÌMMÌÍŒÌŒŒLËLÌÌŒŒLLLŽÌŒŒLLMÂÍŒNÌÎÌMŒŽÎLÌNÌÌMLÌÌÌMLÌŒŒLKLLÌŒŒLKLŒŽÌŒŒLKLŒ‚ÍŒNÌMÍŒŒMŽÍÌMLLNÍLÌÍÌÍLÌÍÌŒŒLËLÌŒŒLËLNÌŒŒLËLM‚ÍŒŽÌÍNÍLLÌŒNÌNÌÌNÌŒNKLL‹LŒNÌŒNKLL‹LÌŒNKLL‹LÌBÍŒŽNÌŽNÍÌÍNÍŽMNÍLÎMLÌÍLÎMLÌŒŒLËLLŽÌŒŒLËLMÌŒŒLËLÍŒÌÍŒNÌMMMÎÎNÎNÌLÌÌLÌŒNKLKLÌŒNKL‹LŽÌŒNKL‹LMÍŒÌNÌÌÎÌLMÎÎÍÎŽÌÍÍMŒÌÌÍÍMŒÌŒNKLL‹LŽÌŒŒLKLŽÌŒŒLKLÍŒÎNÍŽÍÎNNÌLÎMŽÌÌLLÌÌÌLLÌŒŒLLŒNÌŒŒLLÎÌŒŒLKLÂÍÍŒŽÌMNÎMŒMNÌÎLÌÌÎLÌŒNKLKLÌŒNKLKLLŽÌŒNKLKLL‚ÍŒÌLNÌLMLÎÎMNMÍŽÌMÌÌMÌŒNKLLKLŽÌŒNKLLKLŽNÌŒNKLLKLŽBÍŽÍÌÍÍÍŽÌŽMNÍÍÌNLÌÍŒÌÍÌÍMŒÌŒNKLLLLŽÓNÓBÍÍNÌÍŽÌMNÎLÍMÍÎÎLÌÎLÌŒŒLKLÌNÌŒŒL‹LÌŒŒL‹LŒ‚ÍŽMÎÌLŽÌMŒŽLNÍÎMNÌÍÎÌÌÍÎÌŒNKLKLÌŒNKLKLLNÌŒNKLKLMÂÍÌÌNÌŒÌÌÌŒÌÍLMÍLÌNNLLLÌŒŒLËLÎÌŒŒLËLÌÌŒŒLLBÍÌÎÌŽÌLÍŒNNÎLLNÌÍÍÌÌÍÍÌŒŒLKLŽÌŒŒLKLÌŒŒLKLL‚ÍÌÍŽÌLMÎNÌÍÌMŽÌŒLÍLÌÌŒLÍLÌŒNKLL‹LŒÎÓNÓBÍÌNÌÌÎÍŒŽÍMÎÌŽMÌÌÌŽMÌÌŒŒLKLŽÌŒŒLKLMŽÌŒŒLKLM‚ÍÌLNÍMÎÍŽÌMNÌŒÌÌŒÌŒŒL‹LNÌŒŒL‹LŽÌŒŒLËLBÍÌMNÌÌŽÍÍŒŽÍMŽLMÍÌNÌÍÌNÌŒŒL‹LŒÎÌŒŒLËLNÌŒŒLËLMBÍÌŒÍLÎÍÌLÌÎÌMÌÍŒÌÌMÌÍŒÌŒNKLLLŽÓNÓBÍÌÍÌMŽÌŽÌÍŒMŽÌÍLÍLNMÍLÌŽMLLÌŒNKLËLÌŒNKLËLLÌŒNKLËLMÍÌÎÌNNÌMLÎÍMŒNÌÌÌÌÌÌÌÌŒŒL‹LŒNÌŒŒLËLNÌŒŒLËL‚ÍÍÎÌŽNÍŒÌÍÌŽÌÌÌLMŒÌŽLÍÌŒŒLKLŒŽÌŒŒLKLÌNÌŒŒLKLÌBÍÍŽÌÌLÎLÍÌŒÍNÎLNLÌÎLNLÌŒŒLLÎÌŒŒLLLNÌŒŒLLŒÂÍÍÌNÌMÍŒŒŽÍŽÌÍŒÌÌÍŒÌŒNKLLKLLÎÓNÓBÍÎÌÍÎÌŒÎÍÌLŒŽÌŒÍŒÌÌŒÍŒÌŒNKLL‹LMNÌŒNKLL‹LNÌŒŒLKLBÍÎLŽÍLÎÌMNLNÎLLŽÌÌNLÌÌÌNLÌŒNKLLLŽÌŒNKLLKLNÌŒNKLLKLÍŽŽÌNNÍÍÎÍŒŒMÎÌMŒLÌÌMŒLÌŒNKLLLŽNÌŒNKLLKLÎÌŒNKLLKLÍŽMÎÍNÎÍÌÍÍŽÍÎÌÍÎÌŒŒLLÌŒŒLKLŽÌŒŒLKLÂÍŽŒNÍLÌÍŒÌÍNÍNLÌÍNLÌŒŒLKLNÌŒŒLKLÌÌŒŒL‹LBÍŽÍŽÍÌMÎÌÍÌÍŽÌŽŒÌÌŽŒÌŒŒLKLŽÌŒŒL‹LŽÌŒŒL‹LLBÍŽÎÍŒÎÌLÌLNÌÍMŒNÌÌÌÌÌÌŒNKLL‹LNNÌŒNKLL‹LŽNÌŒŒLKLBÍŽÌÍÎÌÍÍÎÍNLÌÎMŒÌÎMŒÌŒNKLËLNÌŒNKLËLLŽÌŒNKLËLÍŽNÍLNÌŒÍÍNÌNNÎÌLLLÌÌLLLÌŒNKLËLŽÌŒNKLËLÌŒNKLËLBÍŽNÌNÍNNMÎÍÌLÎÍÍÎŒÌÍÍÎŒÌŒŒLLNÌŒŒLLNÌŒŒLKL‚ÍŽÌÌÍŽÌLÎÍMÌÎÎÌLŒÌÌLŒÌŒNKLL‹LMÎÌŒNKLL‹LÌŒNKLL‹LÍŽÌŽÍNNÌMNŽÍÌŒLNÍNLÌÍNLÌŒŒLKLNÌŒŒLKLŒÌŒŒLKLÌBÍŽÍŽÌÍŽÌNLNÌÍÍMÎÌÎÌÌÌÎÌÌŒŒLLNÓNÓBÍŽŽÌLNÌÍÍLÎÍÌÍÌŒŒLKLÌŒŒLKLŽÌŒŒLKLÂÍŽLŽÌMÎÍŽŽÍLLÎÌÎÌŒNKLL‹LÎÌŒNKLL‹LMÌŒNKLL‹LŽÍŽLÍÎÌMŒLLÌÍNLÎÍMŒÌÎÍMŒÌŒŒLËLŒNÌŒŒLËLŽNÌŒŒLLBÍŽLŽNÌLNÌLÎÍÎŽÎÍÌŒÌÍÌŒÌŒNKLL‹LÌŒNKLL‹LMNÌŒNKLL‹LŒBÍŽMNÌÎLÍÍMÌLMÎÌÌŒÌÌÌŒÌŒŒLKLÎÌŒŒLKLŒÌŒŒLKLŒÍŽMÎÍŽÌMNÌÌLÍÌÍMÎLÌÍMÎLÌŒŒLKLŒÌŒŒL‹LŽÌŒŒL‹LL‚ÍŽMLÌÌNÎŽÌMÌÌŽÌMŒLÌÌMŒLÌŒNKL‹LÌŒNKL‹LNÌŒNKL‹LLÂÍŽMMŽÌŒŽÌMMLŽÍMŒNNÍLÌÍLÌŒNKLLLLŽÌŒNKLLLNNÌŒNKLLLŒÂÍŽMÎÍŒÎÌÍŒÎÎÌLŒMÌÌÌLŒMÌÌŒŒLËLÎÌŒŒLËLÌŒŒLËLÍŽMÌÌMNÌLMLNÎNÍÎÌŒÎŒÌÌŒÎŒÌŒŒLËLMŽÌŒŒLËLŒŽÌŒŒLËLBÍŽMÌŽÍŒNÌMŽNÌMÌŒNÌLMLÌÌLMLÌŒNKLL‹LÎÌŒNKLL‹LŽNÌŒŒLKL‚ÍŽMÎÍŒŽÌLŒÍÍÎÍÌÍŽLÌÌÌÍŽLÌÌŒŒLËLNNÌŒŒLËLŒÓBÍŽNŽÌÌNÌŒMÎÌNMŽÍNLLŒÌÍNLLŒÌŒŒLLMŽÌŒŒLLÌÌŒŒLKLLÍŽNÌMÌMMŒÌMLMNÍÌŒÌÍÌŒÌŒŒLËLŒÌŒŒLËLÌŒŒLËLÌBÍŽNNÌŒŽÌMÎLNÌMŒŒÎÍÌÌŽLÌÍÌÌŽLÌŒNKLL‹LÌÓNÓBÍŽNMNÍÍÍLÎLŽÌŽMŒÌÌŽMŒÌŒNKLL‹LŽÌŒNKLL‹LNÌŒNKLL‹LBÍÌŽÍÌMLŒŽÌÌŒÍŽÌÎMÌÌÎMÌŒNKLKLÎÌŒNKLKLNÌŒNKLKLBÍÌÎÍMNÌLŒŒŒNÍÍÍMLNÌŒŒŒÌÌŒŒŒÌŒŒLKLŽNÌŒŒL‹LLŽÌŒŒL‹LŒÍÌMÍNÌŽLÌÌŒLNÌNLÌÌNLÌŒNKLL‹LÌÌŒŒLKLNÌŒŒLKLŒÍÌŒNÌŽÌMMÎÎÌŽÌMÌÌMÌŒNKLLLMÌŒNKLLLNNÌŒNKLLLŒÍÌÌÎÍLÎÍÌŽÎLMÍNÌMNMNLÌÌMNMNLÌŒŒLKLŒÎÌŒŒLKLNÌŒŒL‹L‚ÍÌÍÎÌLNÌMÎÍMÍŒNÌÍÎÌMÎŒÌNNNÌŒNKLËLMNÌŒNKLËLÌŒNKLËLÂÍÌNÍŒNÎNMNÌŒŽLÍÌNÍÌÌNÍÌŒŒLKLŒNÌŒŒL‹LNÌŒŒL‹LLÍÌMÎÌŽÌMÎÌLLÍŽÌÍŽÌŒNKLLŒŽÌŒNKLKLŽÓBÍÌŒNÍLÎÌMÍŽNÎÍÌÎÌLŽÌÌLŽÌŒŒL‹LÌŒŒLËLÌŒŒLËLNBÍÌÎÍLŽÎNÌÍŽNLÎÍNLÌÎÌŒNKLL‹LŽÌŒNKLL‹LÌNÌŒŒLKLÂÍÌLÌMÎÌLÎLŽÍŒÍŽMÎÍÌÍÌŒNKLL‹LMÎÌŒNKLL‹LŽÌŒŒLKLBÍÌLÍNÍNÌLLÍÍMŽÎÌÎÌŒNKLKLŽÌŒNKL‹LNÓBÍÌLÍŽÌŽÌLLÎÌÌMÎÌLÌÌLÌŒŒLLÌŒŒLLMÌŒŒLL‚ÍÌMÎÌÌÌMŒÍNÌÎNNÌLŒÌÌLŒÌŒŒLËLMÌŒŒLËLMÎÌŒŒLËL‚ÍÌMLÎÌLÎÌMMNÍÍÍMŒŽÍŒÌÍŒÌŒŒL‹LNÌŒŒL‹LLŽÌŒŒL‹LŒÍÌMÍŽNÌMŒMÎNÌMÌÌŽÌNLŒÌÌNLŒÌŒNKLL‹LMÎÌŒNKLL‹LŽNÌŒŒLKLÂÍÌMÍNÌŒÎÌMŒLŽÍLÎNÍŒLMÌÍŒLMÌŒŒLKLŽÌŒŒLKLÌÌŒŒL‹LÂÍÌMÍŽÌŒÌMÌMŒÎÍÍÌNÍMÌÍMÌŒŒLKLNÌŒŒLKLLNÌŒŒLKLMÂÍÌNÍŒŽÎLÎMÎÎLÍLNÌÍLÌÌÍLÌŒŒLKLÎÌŒŒLKLNNÌŒŒLKLNBÍÌNLÍLÌLÍÌÍÍLMÌÍÌÌÍÌŒNKLËLMÎÌŒNKLËLŽÌŒNKLLÂÍÌŒÍŒŽÎLMLÍÍNLNÌÌÍŒÌÌÌÍŒÌŒNKLLKLMÌŒNKLLKLMŽÌŒNKLLKLBÍÌŒLŽÌÎÍNÍMLŽÍLŒŒÌÍLŒŒÌŒNKLKLŒÌŒNKL‹LÎÌŒNKL‹LÂÍÌŒMNÍÎÌLÎMŽÍMLÎÍŒÌÍŒÌŒNKLL‹LLNÌŒNKLL‹LNÌŒŒLKLBÍÌŒNNÍŽÍLNÌÍÎNÍŽÌÍŽÌŒŒL‹LÌŒŒL‹LŽÓBÍÌŒŒÎÍŽNÌÌÌÌÍŽLÎNÌÍÌÌÍÌŒNKLL‹LNÌŒNKLL‹LNNÌŒNKLL‹LŒBÍÌŒÌŒNÌLMNÎMÌŒÎNÌMLÌÌMLÌŒNKLL‹LŽÌŒNKLL‹LŽÌŒNKLL‹LÍÌŒÌŽÍŽÌMNNÌNŒÎÍÍŽÌÍÍŽÌŒŒLËLŽÌŒŒLËLMNÌŒŒLËLÂÍÌŒÍÌÍÎÎÌÎNŒÎÌLLÌÌLLÌŒNKLL‹LÎÌŒNKLL‹LLNÌŒNKLL‹LŒÂÍÌŒÍÎÌÎNÎŒÌLMNÎNMŒÌÎNMŒÌŒŒLKLMÌŒŒLKLŒÎÌŒŒLKLÌBÍÌÎÌMŽÌMÎÍŒŽMŽÍÍÌÌÍÍÌÌŒNKLL‹LŽNÌŒŒLKLÎÌŒŒLKLÍÌŽÌLÎÍŒNÍLMÌNNÍÍÌÍÍÌŒŒL‹LLÎÌŒŒL‹LÌŒŒLËL‚ÍÌNÍLNÌÌMNÌŒMÌŽÌŒÍÌÌŒÍÌŒNKLËLŒÌŒNKLËLÌÌŒNKLLÍÌŽÍŒÎÎMMÎÍMÍNNÍNÌÍNÌŒNKLL‹LÌŒNKLL‹LŒNÌŒNKLL‹LÂÍÌŽÌŽNÌMLÌŽÍMNÍŒÌÍŒÌŒŒLKLLŽÌŒŒLKLŒNÌŒŒL‹L‚ÍÌÌÍŽNÍŒÌÍÍMMMNÌÌŽÌÌÌŽÌŒŒLKLNÌŒŒLKLMNÌŒŒLKLMBÍÌÎÍLÎÌLMLNÍMÍÍNÌŽLÌÌŽLÌŒNKLL‹LÌÌŒŒLKLLŽÌŒŒLKLNÍÌŽŽÍNÌMÍMŒŽÍÌNÌMLŒÌÌÌMLŒÌÌŒŒLKLŽÌŒŒLKLŽNÌŒŒL‹LLÍÌŽMÎÌNNÎMÍÌÌÌMÌŽÍMŒÌÍMŒÌŒŒLKLLÎÌŒŒLKLMŽÌŒŒLKLNBÍÌŽNÌMŽÌLÎÍLÍÎÍLÌÍLÌŒŒL‹LŒNÌŒŒLËLÓBÍÌÌMNÍMÌÍŒÎÌMNNÎNLÌÎNLÌŒŒLKLMŽÌŒŒLKLŽNÌŒŒL‹LÂÍÌÍÌŽÍLÌÍMNŽÎÌÎÌŒNKLL‹LŒÌŒNKLL‹LÌŒNKLL‹LŽÍÌÍMÌMÎÌLÎLÎÌLMÎÌLŒÌÌÌLŒÌÌŒNKLLLŒNÌŒNKLLLÌÌŒNKLLKLLBÍÌÍÍÌÎÌLÍÌŽNÍŒŒÍÎNÍMNLÌÍMNLÌŒŒL‹LŒÌŒŒL‹LNÌŒŒLËLBÍÌÍÎNÌÍÎÌÌNNÎÎÌŽÌÎLŒŒÌÌÎLŒŒÌŒNKLKLNÌŒNKLKLNÌŒNKLKLÌÍÌÎÎÍŽNÌMMÌLÍMNÍÍNLÌÍÍNLÌŒŒLLŽÌŒŒLLŽNÌŒŒLKLLBÍÍNÌMÎÌŒÌŒÎNÍLLŒÌÍLLŒÌŒŒLËLNÌŒŒLËLÌNÌŒŒLLBÍÍÍLÎÌMÎNÌMŒŽÌLÌÌLÌŒŒLËLÌNÌŒŒLLNÌŒŒLL‚ÍÍNÍŒÌMÍÌÍLÍŒŽÌÌÌÌÌÌŒŒLËLÎÌŒŒLËLLÎÌŒŒLËLÂÍÍŒNÌŒÎÌLLNÌNŒNÍŒMŒÌÍŒMŒÌŒŒLLŽÌŒŒLKLÎÓBÍÍÌÌLNÍMŽÌLMNÎLÌÎLÌŒŒLËLMÌŒŒLËLMŽÌŒŒLËLŒÍÍÌÎÌŽNÎŒŽÌÌMMŽÌŽLÌŒÌÌŽLÌŒÌŒNKLLLŒÎÌŒNKLLKLŽÌŒNKLLKLLÍÍÍŽÌÌŽÌŽMNÌÍŒNÍLŽÌÍLŽÌŒNKLL‹LŽÌŒŒLKLŽÌŒŒLKLMÂÍÍÎÍLÎÎÎÍÎÌŽÌŽMÌÌŽMÌŒNKLL‹LŽÌŒŒLKLÌŒŒLKLLÂÍÍLŽÍNÌLNÌŒÍÌÍÌŒNKLLKLŽÌŒNKLL‹LÌŒNKLL‹LBÍÍLÎÌÎÌMNNÍÎŽÍÍLÌÍÍLÌŒNKLLLLNÌŒNKLLLLŽÌŒNKLLLMÍÍNÌLÎÌMŽNNÍÍÍŽÌŒNÌÌŒNÌŒŒLËLÎÌŒŒLËLMŽÌŒŒLËLM‚ÍÍŽÍÌLÎÍLŽŽÍÌLÌÍÌLÌŒŒL‹LMÎÌŒŒL‹LŽÌŒŒLËLÍÍÌŽÌLÌÎMÎÍÌŽLÎÌLLÌÌLLÌŒNKLËLŽNÌŒNKLLÌŒNKLL‚ÍÍÌÎÍÌMLNÍÎÌNLÌÌNLÌŒNKLLLNÓNÓBÍÍÍÎÌLÎÌMÎNÌÍÌÎŽÌNÌÌNÌŒNKLL‹LNÌŒNKLL‹LŒÎÌŒNKLL‹LŽBÍÍLNÌÍÌMLŒŽÎLNMÎÌNLŒÌÌNLŒÌŒNKLLLÌŒNKLLLŽNÌŒNKLLKLBÍÍNÌÎÌÌÌŒNÍÌNÎMŽÌÎMŽÌŒŒL‹LÌŒŒL‹LLÎÌŒŒL‹LŒÂÍÍLÎÌÍÎÌLÌMŽÌŒÎÌLNLÌÌLNLÌŒNKLLLŒŽÌŒNKLLLÌÌŒNKLLKLÂÍÍLMNÌMÎÌLÎŽÌÍLÌNÎLLÌÎLLÌŒŒLLŽÌŒŒLKLLŽÌŒŒLKLŒÍÍLŒÍŒÌMÎÎÍÌMÌNÌLLLÌÌLLLÌŒNKLLÌŒNKLLŒÌŒNKLLŒBÍÍLÍÎÌLÎÍÍLNÌŒMÌÌÌŒMÌÌŒNKLLKLNNÓNÓBÍÍLNÍÌMŽNNÍMLŽÌMÌÌMÌŒNKLL‹LMŽÌŒNKLL‹LŒŽÌŒNKLL‹LÌBÍÍLŽNÍNÌMMÎŽÍLÍŽÌŽÎÌÌŽÎÌŒŒLKLÌŒŒLKLÌÌŒŒL‹LLÍÍMNÌÍŽÌLÍŒŽÍÌLÎMÌÌÎMÌÌŒNKLLKLÌÌŒNKLL‹LÌŒNKLL‹LLÂÍÍMÎNÎLÍMÌÌÍÎMÍÍNÌÍÍNÌŒŒLLÌŒŒLLÌÌŒŒLLÌÍÍMMÎÌŽNÌŽLŽÌLLŒÌŽÌLÌÌLÌŒŒLËLNÌŒŒLËLLÎÌŒŒLËLŒÍÍMŒÎÌÎÌLLÍÍLNÌLÌÌLÌŒNKLLLNÌŒNKLLLMNÌŒNKLLLBÍÍMÍLÎÍÍÌÎLNNÌÌŒÌÌÌŒÌŒŒLLNÌŒŒLLŒÌŒŒLKLÍÍNNÍNÎLŽÎMLÌLŒÌÌLŒÌŒNKLL‹LLŽÌŒNKLL‹LŒŽÌŒNKLL‹LÌBÍÍNŽÍŒÎÌÎÍŽÌŒLÌÌÌŒLÌÌŒŒLKLŽÌŒŒLKLMŽÌŒŒLKLÍÍNÌÌŽÍNŒÎÌLŒMÎLÌÎLÌŒNKLLLNÌŒNKLLLLNÌŒNKLLLŒÍÍNMŽÍŒŽÌMÎNÍLÌŒŒNÌLŒÌÌLŒÌŒNKLLMNÌŒNKLLMÎÌŒNKLL‚ÍÍŒŽÎÌLÌÍMNÌÌÎÎÌMÌÌMÌŒNKLL‹LNÌŒNKLL‹LMÌŒNKLL‹LŽÍÍŒÎÌÌNÍLÍÌÌÌŒŽÌŒÎMÌÌŒÎMÌŒŒLKLMÎÌŒŒLKLÌÌŒŒL‹LLBÍÍŒÎÍŽÎŒÎMLÌŽÍMÌÍMÌŒŒLËLNÌŒŒLËLŽÌŒŒLËLÂÍÍŒMÎÍÎÌÌNÍŽLNNÍŒLÍŒLÍMŒLÌŒNKLLLŒŽÌŒNKLLKLÌŒNKLLKLL‚ÍÍŒNÍŽÌMÌÌNNÌMÌŽÌŒŒLLÌÌŒŒLLÌŒŒL‹LNNÌŒŒL‹LŒÎÌŒŒL‹L‚ÍÍŒŒŽÍNÍŽMMNÎMŽÌÌÌÌŒŒL‹LMÌŒŒL‹LMNÌŒŒL‹LÂÍÍŒÎÍŽÍÌÎÎÎLŒŽÌNNNÌMŽÌNÌÌŒŒL‹LŒŽÌŒŒLËLŽÌŒŒLËLLÍÍŒÍÎÌŒŽÍŽÎNŒÍŽÌLŒÌÌLŒÌŒNKLKLNÌŒNKLKLMNÌŒNKLKLNÍÍÍÎLLÎÍŽÍLÌÍLÌŒŒLËLNÌŒŒLËLMNÌŒŒLËLŒBÍÍLNÌÌÌMÍLMÎÌÍNÌLÌÌÌLÌÌŒŒLËLÌŒŒLËLLÓBÍÍŒÌLŽÌÌŽÌMÌLÌŒÌÌLÌŒÌŒNKLKLÎÌŒNKLKLNÌŒNKLKLLÍÍÌNÍNÍLNÌMŒÍÍÎÍMŒÌÍMŒÌŒNKLLKLŽNÌŒNKLL‹LÌŒNKLL‹LMBÍÍÎÌNÌMÌÎNNÎMÎMŒÌÎMŒÌŒNKLKLNNÌŒNKL‹LNÌŒNKL‹LÍÍŽÎÍŒNÍÍŒÎÌLÍLÌMMŒÌÌMMŒÌŒNKLLLŽÌŒNKLLKLNÓBÍÍŽÎÍÎÌMÌŒNÍŒÌLŽÌÍÍLÌÌÍÍLÌŒŒLKLÌÌŒŒL‹LNÌŒŒL‹LBÍÍŽNÌŒNÌMŽŽÍÍLÌŒŒÍÍLÌMMLÌŒNKLLKLÎÌŒNKLL‹LÎÌŒNKLL‹LL‚ÍÍÌÍMÌLŽŽÌMŒLMNÍNÌÍNÌŒŒLKLÎÌŒŒLKLÌŒŒLKL‚ÍÍÌŽÌŽNÌMMŽNÌMÍÍÎÌÌÌÌŒNKLKLMÌŒNKLKLŒNÌŒNKL‹L‚ÍÍÌÍÌŽÌÍŒŽÍÍNNNÌLÍLÌLÍLÌLŒMLÌŒNKLLLÎÌŒNKLLLŽNÌŒNKLLLÌBÍÍÌÍŽÌMŽÎMŽÌNLŒÌÍŒÌÌÍŒÌŒNKLL‹LNÌŒNKLL‹LMNÌŒNKLL‹LÂÍÍÍNÍÌÌNÎNNÍLÌÌÍLÌÌŒNKLL‹LÎÌŒŒLKLNÌŒŒLKLŒBÍÍÍŽÌŽÌLÍÍNŒŽÍÌÌÌÍÌÌÌŒNKL‹LÎÌŒNKL‹LŒÌŒNKL‹LÌÍÍÎÎÍLŒÎÌNMNÍÍÌŒÌÍÍÌŒÌŒŒLKLŒŽÌŒŒLKLÌNÌŒŒL‹LLÍÍÎŽÍLÌMÍŽÌŒŒLŒÌMŽÌÌMŽÌŒNKLLKLŒÎÌŒNKLLKLÌÌŒNKLL‹LBÍÍÎÎÍŒÎÎLÌÎÍNLMŽÌŒLMÌÌÌŒLMÌÌŒŒLËLNÌŒŒLLNÌŒŒLLNBÍÍÎÌÍÎMLŽÌNMLÌÎÌMÌÌMÌŒNKLKLLŽÌŒNKLKLMNÌŒNKLKLÍÍÎNÍLÍÍÍNÌÍÍŽÍMÍLÌÍMÍLÌŒNKLL‹LNÌŒNKLL‹LLŽÌŒNKLL‹LŒÂÍÍÎLÍŽÍMÎŽÍNÍNMÌÍNMÌŒNKLLLÌŒNKLLLLŽÌŒNKLLLŒBÍÍÎNÌŽNÌMÍÍÎLNÎMLÌÎMLÌŒNKLLKLÎÌŒNKLLKLNNÌŒNKLLKL‚ÍÍÎNNÌÌÌŒÌŽÌÍÍÍŒÌÍŒÌŒŒL‹LMÎÌŒŒL‹LŽNÌŒŒLËLBÍÎÎÌÍÌLŒÌÎNLÌŽÌÍŒÌÌÍŒÌŒŒLKLLÎÌŒŒLKLMŽÌŒŒLKLÌÍÎLÎÌÌÎÌNNLÍÌNÍLŒÌÍLŒÌŒNKLL‹LMÎÌŒNKLL‹LÌŒŒLKLBÍÎMÌNNÌÍÌŒNÍLNÌMŒÍÌÌMŒÍÌŒŒLËLMÎÌŒŒLËLNÌŒŒLLBÍÎMNÍŽÎLÍÍŒŽÍÎLŒÌÍÎLŒÌŒNKLL‹LNÌŒŒLKLNÌŒŒLKL‚ÍÎÍÎÍÍNÍÎLÌLMLÍLÌLÎLÌŒŒL‹LMNÌŒŒL‹LŒÌŒŒL‹LŽBÍÎŽÍNNÌLÍNNÍLLÎÌNÌÌÌNÌÌŒŒLLNÌŒŒLLÌŒŒLLMBÍÎŽÌNÌLŽLMŽÍŒNMŽÌLÌÌLÌŒŒLKLMÎÌŒŒLKLÌŒŒL‹LÍÎÍÎÌMÌŒNMŽÍLŽNÌÍŒÌÌÍŒÌŒNKLL‹LÎÌŒNKLL‹LNÌŒNKLL‹LŽBÍÎÎNÍNÌMÍLŽÌMŒÍÌŒLÌÌŒLÌŒNKLLKLÌŒNKLL‹LŽÌŒNKLL‹L‚ÍÎNÍŽNÎÌÍŽÍLŽÌŽLŒÌÌŽLŒÌŒNKLKLŽÌŒNKLKLMÌŒNKLKLŒBÍÎŽÌÌMÍLŽÍÍÍÎNÎÍŒÌÎÍŒÌŒŒLKLNÌŒŒLKLLŽÌŒŒLKLNBÍÎLÎÌŒÎÌŒMÎÍŽNMÌLÌŽÌÌLÌŽÌŒNKLËLŽNÌŒNKLËLÌÌŒNKLLÂÍÎMŽÍŽÌÌNÎMÍŒŒÌÍŒŒÌŒŒLLŒŽÌŒŒLLŽÌŒŒLKLÂÍÎŒÌÍŽÌMLŽNÎLÌŽÌMLÌÌMLÌŒŒL‹LMÌŒŒL‹LMÎÌŒŒL‹LŽBÍÎÍMNÍÍŽMÌÍÌÎÌMLÌÌÌMLÌÌŒNKLL‹LÎÌŒNKLL‹LÌŒNKLL‹LLBÍÎŽÍŒÌMMÍLŒÍÍNÍLÌÍLÌŒNKLL‹LNÌŒNKLL‹LLŽÌŒNKLL‹LŒÍÎŽNÍÎÎLÎÍNŽÌŒMŒÌÌŒMŒÌŒŒL‹LŒŽÌŒŒL‹LÎÌŒŒLËLLÍÎÌÎÍNNÍÌÎÎÌMNMÌLLÌÌLLÌŒŒLKLNÌŒŒL‹LÌŒŒL‹LŒ‚ÍÎÍŽÌŽÌMÎÌÍŒMNÌLŽÌÌMLÌLLÌŒNKLLKLŽÌŒNKLL‹LÌŒNKLL‹LNÍÎÎÍNÌMÌÌÌÎNÎLŒÌLÍÎLLŒÌŒNKLLKLNNÌŒNKLLKLŽNÌŒNKLLKLÌÍÎLLÌŽÌLÎNÌŽLŽÌMÍLŒÌÌMÍLŒÌŒŒLKLŒŽÌŒŒL‹LNÌŒŒL‹LLÍÎLŽÌÎNÍŒÍÍÍÎÌŒÌÎÌŒÌŒŒLLŒŽÌŒŒLKLÌŒŒLKLBÍÎLÍNÌMÍŒNÍÍMÌMŽÌÌMŽÌŒNKLLNÌŒNKLKLÎÌŒNKLKLÍÎLÎNÍŒÎÍŽNÌÌLŽÌÌŽÌÌÌŽÌŒNKLLLŒNÓNÓBÍÎMÌÎNÍÌÎÍÍŒÌNÌŒNMLÌÌŒNMLÌŒNKLL‹LNNÌŒNKLL‹LŒÎÌŒNKLL‹LÂÍÎMLÌLŽÍÍŒNÌÎMÎÍNLŒÌÍNLŒÌŒŒL‹LŒÎÌŒŒLËLÎÌŒŒLËLMÂÍÎMŒNÌÍNÌLLÌŽMŽÌNÌÌNÌŒNKLLKLNÌŒNKLLKLÌŒNKLLKLBÍÎMÌŽÍNÌÌMÎÌNMLÍÍMŒÌÍMŒÌŒNKLËLMNÌŒNKLËLŒŽÌŒNKLËLBÍÎNNÍLŽÌÌŽÍÍNNÌŽLÌÌŽLÌŒŒL‹LŽÌŒŒLËLLÌŒŒLËLLBÍÎNÎÍLŽÌÍŽÍÌŽMÌNLÌÌNLÌŒNKLLKLNÌŒNKLLKLLÓBÍÎNÍMÎÎLŽÍÌŽÍÌLŒŒÌÍÌLŒŒÌŒNKLL‹LNÌŒNKLL‹LÎÌŒŒLKLLÍÎNLŽÍÎÌÎNÎÎLŽÍÍNÌÍÍNÌŒŒLKLNÌŒŒLKLNNÌŒŒLKLBÍÎNMÎÌŒNÌLŽNÌÍLÎÍÌLÌÍÌLÌŒNKLLLŽÌŒNKLLKLNÌŒNKLLKLLBÍÎNNNÍŒÎÌMÍÍMÍÎÎÍLNLÌÍLNLÌŒŒLKLLŽÌŒŒLKLÌŒŒLKL‚ÎMNÌŽÌMNMNÌÌMÎÍMÌÍMÌŒNKLLKLŒNÌŒNKLLKLÎÌŒNKLL‹LBÎNNÍNÌMMLNÍNÍÍÌÌÍÍÌÌŒŒLKLŽÌŒŒLKLMŽÌŒŒLKL‚ÎŒÍŽÌMŽLNÍÍLÍÎÍŒÌŒÌÍŒÌŒÌŒNKLL‹LÌNÌŒŒLKLLNÌŒŒLKLNÎÌŽÎLNÌMÍŽÌÌLLŒÌLÌŒÌŽMÎMÌŒNKLL‹LŒÌŒŒLKLŽÌŒŒLKLÂÎÍÍLNÌLMŽNÌÍÌŒÎÌÌŒÌÌÌŒÌŒNKLKLŒÌŒNKLKLNÌŒNKLKLŽÎÎÍNÍŽÌNÍÍÍÎÌÍŒÌÌÍŒÌŒŒLËLMÎÌŒŒLËLŽNÌŒŒLL‚ÎÌÍÎÌLÎÍMÍNMÎMŒÌÎMŒÌŒŒLKLŒŽÌŒŒLKLŽÌŒŒLKLÌÎŽÍÌMMÌLÌMÌLÌŽÍŽNLÌÍŽNLÌŒŒL‹LŽÌŒŒLËLLNÌŒŒLËLNÎÌLŽÌŽMÍMMÍŽÌŒÌÎÌÌŒÌÎÌŒNKLLLÌÌŒNKLLKLÌŒNKLLKLÎMÍLNÌMŒMŽÌLÎMŒÍÍÌÍÍÌŒŒLKLMÎÓNÓBÎMŽÍŽÎMÌŽÎŽNÌLLÌÌÌLLÌÌŒŒL‹LNÌŒŒLËLNÌŒŒLËLBÎÍNÌÌÎÌLLLLÌÌÍLMNÍŒLŒÌÍŒLŒÌŒŒLËLÌŒŒLËLÎÌŒŒLLÂÎÎNÍÎÌNNÌNNLNNÌMŒŒÌÌMŒŒÌŒŒLËLNÌŒŒLLÎÌŒŒLLMÎÎÌŒŽÌLÍŒÎÌÍÍÌMLÌÌMLÌŒŒLLŒŽÌŒŒLKLŽÌŒŒLKLMÎLNÌŒNÍÌNNÍÎMLMNÌŒLÌÌŒLÌŒNKLËLÎÌŒNKLLÌŒNKLLÎLLÎÍŽÌMÍÍNÍŒÎLÌŒÎMÌÌŒÎMÌŒNKLLKLLÌŒNKLLKLŒÌŒNKLLKL‚ÎLNÎNÌMLÎMÎÎLMÌNÍÌÍÌŒNKLL‹LÎÌŒNKLL‹LLNÌŒNKLL‹LBÎLŒÍMÍNMLNÌÌŽÌLŒÌÌLŒÌŒNKLL‹LÎÌŒNKLL‹LNNÌŒNKLL‹LNBÎLÌNÌÍÌMMLÍMNÎÍÎÎMÍŒÌÎÌÌŒNKLL‹LNÌŒNKLL‹LÌŒNKLL‹LMÂÎLÌÎÌÍÌÍÌŽÌŒÍLÎÍÍLÌÍÍLÌŒNKLL‹LŽÌŒNKLL‹LÎÌŒNKLL‹LÎLÍŽÌŒÎÌŒÌÎÍÎLLÌLÌÌŒÌÌLÌÌŒÌŒNKLLKLÌÌŒNKLL‹LÎÌŒNKLL‹LÂÎMNÍMŽÌMLÌÎLŒÌNÌŒMÌLŒÌNÌŒNKLLKLÎÌŒNKLLKLLÌŒNKLLKLL‚ÎMLÎÌÍMÍÎÌÌÌMÌŒMŒÌÌŒMŒÌŒNKLLLNÌŒNKLLLNÌŒNKLLKLBÎMŒÌLNÌMLÍŽÍÌÌÎNÌMNLÌÌÌMNLÌÌŒNKLLKLÎÌŒNKLL‹LŽÌŒNKLL‹LMÎNNÍNNÍÎÍMLŽÍÌÍÌŒNKLL‹LÎÌŒNKLL‹LÌŒNKLL‹LL‚ÎNMÎÍÍÌNÌŒNÌÎLÌÌÎLÌŒŒL‹LÎÌŒŒLËLÎÌŒŒLËLMÎNMŽÌÎÎÌÌÎÌLÍÎÍÌÍÌŒŒLKLŽNÌŒŒL‹LÌŒŒL‹LNÎNNÌÍÎÌLÍLNÌÎLNÌLÌÌLÌŒNKLKLMÌŒNKLKLNÌŒNKLKLŒÎŒŽÌÍÌMÍÌÎÌÍÍŒÌÍÎÌÌÍÎÌŒNKLKLÌŒNKLKLŽNÌŒNKLLLBÎŒLNÌŽÌLMÌMMŒÎÌMÍŒÌÌMÍŒÌŒNKLLLMŽÌŒNKLLLMÎÌŒNKLLLŒÎŒMNÎNÍÌŽMÎŒNÌMÍŒÌÌMÍŒÌŒNKLLLLNÌŒNKLLLŒŽÌŒNKLLLŒ‚ÎŒÎÍÎÌLMLÎÍÍÍNÌŒÍŽÌÌŒÍŽÌŒNKLKLŒÌŒNKLLLÌŒNKLLLL‚ÎŒŽNÍMNÌLMNÍLÌŽÌMMÌÌMMÌŒNKL‹LNNÌŒNKL‹LŒÎÌŒNKLËLBÎŽÍNÌMMNNÌNÌNÌÌNÌŒŒLKLLŽÌŒŒLKLŒÎÌŒŒLKLÎNÌÎÌMMŒÌLNLÎÍŒÌÍŒÌŒNKLL‹LLÌŒNKLL‹LŒNÌŒNKLL‹LÎLNÎÌLLŽÍÎLNLŽÍLLÎÌÍLLÎÌŒŒLKLŒÌŒŒLKLŒNÌŒŒL‹LÎMÎÍMÎÌMNMNÎÍÍNÌLŒŒÌÌÌLŒÍLÌŒŒLKLNNÌŒŒLKLÌNÌŒŒL‹LBÎŒNÌÎÌLLNÍŒNMÌNÍÍŒÌÍÍŒÌŒŒLLŽÌŒŒLKLŽÌŒŒLKLNÎŽMŽÍÎÌLLŒNÍÌŽNÍÌÌÍÌÌŒNKLL‹LÌŒŒLKLÎÌŒŒLKLL‚ÎÌŒŽÍNÌÌÍÎÎLÌMÎÎMMÌÎMMÌŒNKLKLMÌŒNKLKLŒÌŒNKLKLŽÎÌŒÎÍÎÌLÍNÍLÍÌÌLŒMŒÌÌLŒMŒÌŒŒLKLÎÌŒŒLKLLŽÌŒŒLKLŒBÎÌÌÎÍNÍMNÍMÌÍNÌMÌÌMÌŒNKLËLÎÌŒNKLËLLŽÌŒNKLËLNÎÍÎÌLNÌLŒNLNÌMŒŒNÌLLÌÌLLÌŒŒLLŽÌŒŒLKLNÌŒŒLKLÎÍÎÍÎÌMÎNLÍLŽÌÎŒÌÌÎŒÌŒŒLLÌŒŒLLMNÌŒŒLLM‚ÎÍŒÌLNÌLÍNÍŽŒNÍLÌÍLÌŒNKLLKLŽÌŒNKLLKLLNÌŒNKLLKLNÎÍNÍLŽÍÍÎÍÌLÍŽÍMÌÍMÌŒNKLL‹LNÌŒNKLL‹LLÌŒNKLL‹LLBÎÍÌNÌLÍŒLÍÍÌŽÍMŒÌÍMŒÌŒNKLL‹LÌŒNKLL‹LMŽÌŒNKLL‹LBÎÍÌŽÍMNÌMŒŒŽNÍÍÍMMÎÌLMÌÌÌLMÌÌŒŒLKLNÌŒŒLKLŒNÌŒŒL‹LÎÎNÍÎÎÌNÌÍÍŒÌÌÌÌÌÌŒNKLËLŒNÌŒNKLËLŽÌŒNKLËLŽBÎÎLÎÍÎÌMŒŒNÌŒMŒNÌNÌÌNÌŒŒLKLNÌŒŒLKLLÌŒŒLKLMÎÎMŽÎNÌÍŒLÎÍMŽÌÍŽLÌÌÍŽLÌŒNKLLKLNÌŒNKLLKLÌŒNKLLKLBÎÎMÎÍNÌMŒÎÌÌMŽÍLŒÌÍLŒÌŒŒLLÎÌŒŒLKLNÌŒŒLKL‚ÎÌŽÌMŽMÍÍÍLŒMÎÌŒÍÎÌÌŒÍÎÌŒŒLËLNÌŒŒLËLLŽÌŒŒLËLŒÎMÎÍÌMLŽÍLNMÎÌLLÌÌLLÌŒNKLËLŽÌŒNKLËLÌÌŒNKLLÂÎNÍLÍÌNNÌLÍLNÌLÎÌÌLÎÌŒNKLËLÌŒNKLËLMŽÌŒNKLËLM‚ÎNÍŽÌNMŒÍNNNÌMMŒÌÌMMŒÌŒNKLKLMŽÌŒNKLKLÌÌŒNKL‹LBÎŽÍÎÌLLNÍNMÎÌMÌŒŒÌÍŒÌMÌNÌŒŒLKLŒŽÌŒŒLKLŽÌŒŒL‹LBÎÍÍÎÌLŒŽŽÍLÌÌLNÌÌLNÌŒŒLLŒÎÌŒŒLKLÎÓBÎÎÌÍŽÌÌMÍÌÌŒÌLÍLÌÌLÍLÌŒŒLKLŽÌŒŒLKLÌÌŒŒL‹LÎŽÌÌNÍNÎŒLÍÎÍÎŒÍLÍÌÍMŒÌŒŒL‹LÎÌŒŒL‹LŒÌŒŒL‹LŽÎMÎÍLÌLÍÌÎÎMÍŒNÌÌÌÌŒNKLLKLNÌŒNKLLKLNÌŒNKLLKLÌÎNÍLNÌMÌŽÍŒÎÌLÌÌLÌŒŒLKLÌŒŒL‹LŽÌŒŒL‹LM‚ÎŒNÍÌLŒÌLŒNÌÍLÌÌÍLÌŒŒLKLNÓNÓBÎÍNÌMŽÌNNÍŽMÌNÍLÌŒÌÍLÌŒÌŒNKLLLLÌŒNKLLLŒŽÌŒNKLLKL‚ÎLŽÌŒÌŽŒÎNMÌŽÌLÌÌÌLÌÌŒNKLLKLNÌŒNKLLKLŒŽÓBÎLNÌÎNÍŽÌŒLŽÎÍŒÌÎÍŒÌŒNKLLKLÌŒNKLLKLLŽÌŒNKLLKLMÂÎLŽÍLŽÌŒLMNÌÌŒŽÍŒLÌÍŒLÌŒNKLËLNNÌŒNKLLNÌŒNKLLL‚ÎLÍMŽÌMLÎŽÌMMÎÌLÌÌLÌŒNKLL‹LNÓNÓBÎLNNÌÎÍŽNÎÎÎÍÍLÌÌÍÍLÌÌŒŒLËLLÎÌŒŒLËLNÓBÎLŒÎÍNÌLNÌŒŒLLÍLÌÍLÌŒNKLËLŽÌŒNKLLÌŒNKLLMBÎLŽÍŽÌLNÎNÌŒÌÍMLÌÌÍMLÌŒNKLLMNÌŒNKLLÌŒNKLLÌBÎLÌNÍÎÍÌÌÍLMÌŽÌŽÌÌÌŽÌÌŒŒLKLNÌŒŒLKLLNÌŒŒLKLNÎLÍÍMŽÍŒŽNÍNMŽÍŒÌÌÍŒÌÌŒŒLKLŽNÌŒŒL‹LNÌŒŒL‹LÎLÎÌÌÎÌŒŽŽÍŒŒÌNÌÌÌÌÌÌŒNKLKLŒŽÌŒNKLLLÎÌŒNKLLLL‚ÎMÎÌNNÎŒÎÍÍŒMÎÍŒÎÌÍŒÎÌŒNKLL‹LŽÌŒNKLL‹LMŽÌŒNKLL‹LÎMNÌMŽÌLŒŽÎLNMÍÌÌÌÍÌÌÌŒŒLKLMNÌŒŒLKLŽÌŒŒLKLŽÎMÎÍÎÌLÌŒŽÍMÌÌÎÌŒÌÌÌŒÌÌŒŒLËLNÌŒŒLËLŽNÌŒŒLLBÎMLNÌŒNÌLŒÎÍÌŽÍŽLÌÌÍŽLÌÌŒNKLLLŽNÌŒNKLLKLLÓBÎMMÌŽÌLLÌÍŒLNÌŒÌÌŒÌŒNKLLLNÌŒNKLLLNÌŒNKLLLÎMMÎÌÌŽÌMŒÍLNÌÌŽMÌŽÌÍLÌÌÍLÌŒŒLLMŽÌŒŒLLNNÌŒŒLKLÂÎMŒNÌLÎÌMŽMLÎÍNÎÎLÌÎLÌŒNKLLLÎÌŒNKLLŒÎÌŒNKLKLÂÎMŒŽÍMÌLMŒŽÌÌŒLÎÍMLÌÍMLÌŒNKLËLNÌŒNKLËLLÎÌŒNKLËLMBÎMNÍLÌŒNLÌÌÌNLŽÌLMÌÌLMÌŒŒL‹LNÌŒŒL‹LŒNÌŒŒL‹LŒÂÎMÍÍLÎÍÌŒÌÎMÎÎÌÎÌŒNKLKLŒÎÌŒNKLKLŽÌŒNKL‹LBÎNNÍNÌNÌŽMŒŽÎÌÎÌŒŒLKLÌŒŒLKLMÌŒŒLKLBÎNMNÍÎÍÍMŽÌNNNŽÌŒÌÌŒÌŒNKLLKLŒÎÌŒNKLLKLNÌŒNKLLKLÂÎŒÎÍÍŒÌMÎÍÎNÌMMŒÌÌMMŒÌŒNKLKLMNÌŒNKLKLŒŽÌŒNKLKLÂÎŒÍŽÌLÌÌŒÎÍŒŒNÌLÌLÌÌLÌLÌŒNKLLLŒŽÌŒNKLLLŒÎÌŒNKLLLŽBÎŒŒÍLÎLŒŽÌŒŽNÍÌLŒÌÍÌLŒÌŒNKLL‹LÌŒNKLL‹LNÌŒNKLL‹LŒÎŒÌNNÌÌÌÌNÌÍÎÍLÌÌÍLÌÌŒNKLLŒNÓNÓBÎŒÍÎÌMÎÌLÌŒÎÍŽNLNÌÌMÍÌLLLÌÌŒÍLÌŒŒLKLÌNÌŒŒL‹LÌŒŒL‹LÎNÌÎÍÍŒNÌÌÍÎÌMÎÌÌMÎÌŒNKLL‹LNÌŒNKLL‹LNÌŒNKLL‹LL‚ÎÎÍMÌLÎÌLÎÍLNLLÌMÍLÌÌŒŒLKLNÌŒŒLKLÌÌŒŒL‹LLÎMNÍÎÌLÌÌŽÍÍÍŽÎÎÌÎÌŒŒLËLŒŽÌŒŒLËLNÌŒŒLËLŽBÎNÍÍNÎMÌLÍÌÍÌŒNKLKLŒNÌŒNKLKLÌŒNKLKL‚ÎÍÍNÌMŽÎNLÎÎLÌÎLÌŒŒLLÎÌŒŒLLNÓBÎÎÍŒÌMÎÍÍÍÍÌLÍŽÍŒÌŒŒLËLMÌŒŒLËLMNÌŒŒLËLŽBÎŽŽÌÎÌMÌÍŽÌMMNMÎÍLÎÍMŒÌŒNKLL‹LŽÌŒNKLL‹LÌÌŒŒLKLÎŽÎÌÎÎMMLÌÍŽNÌLMŒLÌÌLMŒLÌŒŒLËLNÌŒŒLËLŽÌŒŒLËLŽBÎŽÌÎÌLNÍNMNÌÎÌÌÎÌŒŒLËLŒŽÌŒŒLËLŽNÌŒŒLLL‚ÎŽMŽÍŒÌLLÌÌŽLLNÌLŒNLÌÌLŒNLÌŒŒLLŽNÌŒŒLKLLÎÌŒŒLKLNBÎÌÍÌLLÌÍNÌÍŒÍLÍŒÌÍLÍŒÌŒŒLKLÌŒŒLKLMŽÌŒŒLKLŒBÎÌNÌŽNÍMLÎMÍŽÌLLÌÌLLÌŒNKLKLÌŒNKLKLNÌŒNKLKLŒ‚ÎÌÍMÎÍNNÍŒŽÍLMÌÌÍLMÌÌŒŒL‹LMŽÌŒŒL‹LÓBÎÌLÍÎÌŒÎÌÍÍÎÌÍNÌÌÍNÌŒNKL‹LŽÌŒNKL‹LÌÌŒNKLËLÂÎÌLŽÌÍÎÌMMÌÎNMÍÌNŒÌÌNŒÌŒNKLKLŒÎÌŒNKLKLNÌŒNKLKLÂÎÌÌÍÎÍÍÍÎÎÎMŽÌŒŽÌÌŒŽÌŒNKLLLNÌŒNKLLLÌÌŒNKLLKLÎÌÍNÌMNÌŒŽÍLLŽNÍNŒÌÍNŒÌŒŒLLMNÌŒŒLLÌŒŒLKLÎÍLÎÌÌŒÎNÌÍÌÌÍŒÌÌÍŒÌŒŒLKLŒNÌŒŒLKLŽÌŒŒL‹LBÎÍNÍÎÌMÌÍŽÍLŒŒÎÍÎŒÌÍÎŒÌŒŒL‹LÌŒŒLËLNÓBÎÍŒNÍNÌLLMÎÌLNÌLMÌÌÌLMÌÌŒNKLLLMŽÌŒNKLLLÎÌŒNKLLLŽÎÍÌNÌÍÎÍŒÍÍŽÌLÌNLŒŒÌÌNLŒŒÌŒŒLLLÌŒŒLLŒÎÌŒŒLKLÎÍÍÌÍÎÌMŽŽÌNLÎÍŒŒÌÍŒŒÌŒŒLLÌŒŒLLNÓBÎÎÎÌLLMÍŽÌÌŒNNÌLLŒÌÌLLŒÌŒŒLKLMŽÌŒŒLKLÌŒŒLKLÌÎÎÍMÎÌLLNÎMNÍMÌÍMÌŒNKL‹LMÎÌŒNKL‹LŽÌŒNKLËLLBÎÎLŽÌÎÍÌMÎÌÌŒÌÌÌŒÌŒŒLKLŒNÌŒŒL‹LÎÌŒŒL‹LBÎÎMÎÌNÍÎÍÍÍŒÌÍŒÌŒNKLËLŽÌŒNKLLÎÌŒNKLLMBÎÌÎNÌLNMÎÎLŽNÌMŒÌÌMŒÌŒŒLKLNÌŒŒLKLŒNÌŒŒLKLBÎLÌÍÎÍMLLÌÌÍŽÌLLŒŒÌÌLLŒŒÌŒŒLKLNÌŒŒLKLÎÌŒŒLKLBÎMŽÍÎLÌMÍŽÎÌÎÌŒNKLKLMÌŒNKLKLŒÎÌŒNKLLL‚ÎMÎÍLÎÍLŽMÎÌMŽNLÎÌLÌÌÌLÌÌŒŒLKLÎÌŒŒLKLMŽÌŒŒLKLMÂÎÍÍŒLÎLMÍŽÍŒÌÌÍŒÌÌŒŒLËLŽNÌŒŒLLŽÌŒŒLL‚ÎÍÌÌÎMŒÎŒÌÎŒÌŒŒLLÌÌŒŒLKLNÌŒŒLKLMBÎNÍÌNLŽÎŒNÍÎNÌÍÎNÌŒNKLLLŽNÌŒNKLLKLLŽÌŒNKLLKLLÂÎNÍNÍÍLŽÎMLNÌLŒÌÌLŒÌŒNKLKLÎÌŒNKLLLŽÌŒNKLLLL‚ÎŒNÍNÌLNÍLÌNÌÌLŒÌÌÌLŒÌŒNKLLNÌŒNKLLŽÌŒNKLLÂÎÌNÍÎÍNÎLLŽÌŒLŒÌÌŒLŒÌŒŒLKLNNÌŒŒLKLŽÌŒŒL‹LÎŽÍMÍLŽÍÎMŒNÌNÌÌNÌŒNKLËLÎÌŒNKLLÎÌŒNKLLM‚ÎNÌLÌMLŽÌÍMNNÌMŽÌÌMŽÌŒŒLKLLŽÌŒŒLKLNÌŒŒLKLÌÎÎÍMŽÌLÌLÎNÌLÎÎÌÎÌŒNKL‹LLŽÌŒNKL‹LNNÌŒNKL‹LBÎÌÌNÌLŒŒÌŽÍMŒÍŽÎMLÌÎMLÌŒNKLLKLŽÌŒNKLLKLNÌŒNKLLKLŒÂÎNÌLÎÍŒNÌLŽLÌŒŒŒÌÌŒŒŒÌŒŒLKLNNÌŒŒLKLŒNÌŒŒLKLÌÎLNÍNÍMÎÍÎMNÌÎÌMLŒLÌLNLÌŒNKLL‹LŒNÌŒŒLKLÌŒŒLKLMÎMÍNNÌŒŽÎMÌÌŽÌÌŽÌŒNKLËLLÌŒNKLËLÌŒNKLLÎLNÍÍÍÌŽMŽÌNLÌÌNLÌŒŒLKLŽÌŒŒL‹LLÌŒŒL‹LŒ‚ÎLÎÍMÎÍMLŽNÎLNÌÌŽLÌÌÌŽLÌŒNKLLKLNÌŒNKLL‹LNÌŒNKLL‹LÎLLNÌŒŽÍŒLŽÍŒÍÌŽÍŒÌLÍÎMMLÌŒŒLËLÎÌŒŒLËLNÌŒŒLËLL‚ÎLŽÌNNÌLŒLNÌLMÎÍNMMŒÌÍNMMŒÌŒŒLËLNÌŒŒLËLMNÌŒŒLËLM‚ÎLÌŽÌÍÌLÍÌÍMÎÌÌÌÌŒNKLKLÌŒNKLKLNÌŒNKLKLMÎLÍÎÌNÌMŽLNÍLŒŽNÌŒMÌÌŒMÌŒNKLLKLLÌŒNKLLKLŒÌŒNKLLKLBÎMLÎÌŒŽÌLÎLÍÌŒNÌŒÌÌŒÌÌŒÌÌŒÌŒNKLL‹LŽÌŒŒLKLÎÌŒŒLKL‚ÎMMÌLŽÌMÌŽLNÍŒÍŽÌŒLŽÌÌŒLŽÌŒNKLLLLNÌŒNKLLLMÎÌŒNKLLLNÎMNÍÌLMÎÌÌÌLÎÌŽLLLÌÌŽLLLÌŒŒLKLMŽÌŒŒLKLÌÌŒŒL‹L‚ÎMŒNÌLŽÌLÌMNNÍLÍÍÎÌMMŽÌÌMMŽÌŒNKLL‹LÎÌŒNKLL‹LŒÌŒNKLL‹LBÎMNÍŽNÌLÎÌÍMÌŽÍÌÍÌŒŒLKLNÌŒŒLKLÌŒŒLKLLÎMÍÍŒNÍÌNNÌŽMŒÌŽÍÍŒÌÍÍŒÌŒNKLLÌÌŒNKLKLÌŒNKLKLBÎNÍÌMÌŽÍŒNNÌÎÎLÌÌÎÎLÌŒŒLËLŒÎÌŒŒLËLÌŒŒLLÂÎLNÌÎNÎMLŽÍÌÍŒÎÌŒÍÎÌÌŒÍÎÌŒŒLKLMÌŒŒLKLMNÌŒŒLKLŒÂÎLŒŽÍÍNÌŒMŽÍŒÌÌÍŒÌÌŒNKLLLÌŒNKLLKLŽÌŒNKLLKLÂÎLŒÎÌNÌLNNÌMŽÍLÌŒÌÍLÌŒÌŒNKLLLŽÌŒNKLLLÌNÌŒNKLLKLBÎLÍNNÍMŽÍÍÌÌÌÌMÎLÌÌÌMÎLÌŒŒLKLÌÓNÓBÎLMÍÌÌLŽÌLLŽÌÌÌÌÌÌŒNKLKLŒÌŒNKLLLÌŒNKLLLBÎLNNÍLNÎMŒMŽÎNLÍNLÍÍLÍLMÍLÌŒŒLËLMNÌŒŒLËLŒÌŒŒLËLÎLŒÍŽÌÎNÍŽŒÍŒÌÍŒÌŒŒL‹LMÌŒŒL‹LŒÌŒŒL‹LŽÎLÍÍÍLMÎÌŽMŽÌMŒÌÌMŒÌŒNKLL‹LNÌŒNKLL‹LÌŒŒLKLÂÎLŽÍÎÍMMÌMMŽMNÍÌÍÌŒNKLL‹LŽÌŒNKLL‹LÎÓBÎLLŒÍÎMÌŒÎÎLŒÌÎLŒÌŒNKLL‹LÓNÓBÎLLŒŽÍŒNÍMŽLÌMŽÌMÌÌMÌŒNKLLNÓNÓBÎLLÌÎÌLMŽÍLÍŽNÍLŒLŒÌÍLŒLŒÌŒNKLL‹LŽÌŒNKLL‹LMÌŒNKLL‹LNBÎLLÌŽÌÌNÍNÍÎMÍÎNÌÎNÌŒNKLL‹LNÌŒNKLL‹LLNÌŒNKLL‹LBÎLLÍNÍMÎÌLŽNÎLŒNÌÍLŒÌÌÍLŒÌŒNKLLLNÌŒNKLLKLÎÌŒNKLLKLLÂÎLMÎÌÎÌLŒŽÎMÍNNÌÍÌÌÍÌŒŒLKLNÌŒŒLKLŽÌŒŒLKLLÂÎLMMÌŽÍLÎMMÌNÌNLÌNLÌMÌLÌŒŒLLMÎÌŒŒLLŽÓBÎLMŽÍŒÎÌMÍMŽÌLÌŒŽÎMÎLÌÎMÎLÌŒŒLKLŽÓNÓBÎLMÌNÍÍMÌŽÌŒŒÎLNÌLLÌLÌÌLLÌLÌŒŒLKLMNÌŒŒLKLNNÌŒŒLKLŒBÎLNÍNNÍÎNNÌŒÌÍŒLŽLÌÍŒLŽLÌŒNKLËLNNÌŒNKLËLNÌŒNKLËLÂÎLNLNÌŽÍŒLNÌÌÌŽÎÍÌÌLÌŒÍMÍŒÌŒNKLL‹LÌŒNKLL‹LÌŒNKLL‹LM‚ÎLNNÍMNÌMLNÌMÌNNÍLŒÌÍLŒÌŒNKLËLLÌŒNKLËLŒÎÌŒNKLËLÂÎLŒÍÍLNMŽÌŒLÍNNÌÌŒÌÌÌŒÌŒNKLL‹LÎÌŒNKLL‹LNÌŒNKLL‹LMBÎLŒLÌNÌÎŽÌMNMŽÌMÌÌMÌŒŒLËLŒÌŒŒLLÎÌŒŒLLÎLŒMNÍNÌÌŒŒNÍÌNÌÌÍÌÌÌÍÌŒŒLKLŒŽÌŒŒLKLNÌŒŒL‹LÎLŒMŽÌÎNÌMÌŽÌMŒÍÌLÍLÌÌLÍLÌŒŒLLNÌŒŒLLÌÌŒŒLKLÎLŒNNÍNNÍÌŒÎÌLŒÍŒNÍMŒÍÌŒÌÍÌŒNKLLÌŒNKLLMÎÌŒNKLLŒ‚ÎLŒŒŽÌLNÎNŽNÍLÎMÍÌMMŒÌÌMMŒÌŒNKLLMŽÌŒNKLLNÌŒNKLL‚ÎLŒÌŒŽÌŒÌNÎÍMÎÍÌÌÌŒŽÍÌÌŒÌŒNKLLKLMŽÓNÓBÎLŒÌÎÌŽNÌNMÌMŒÍÍŽÌÍŽÌŒŒLLÎÌŒŒLLMÌŒŒLLÎLŒÎNÎNÍŒÎMNÍLLMNÌŒÍŒÌLŒÌNMLÌŒŒLLÌŒŒLLMNÌŒŒLLBÎLLÌÍŽÌLŒLÎÎMMÎŽÍÌÍÌŒŒLKLŽNÌŒŒL‹LŽÌŒŒL‹LMÂÎLŒNÍMŽÌMÍLNÍŒMNÍLŒÌÍLŒÌŒNKLL‹LŽÓNÓBÎLŒŽÌLÍLLNÍLNMÎÍÍLÌÍÍLÌŒNKLL‹LŽNÌŒNKLL‹LÌÌŒNKLL‹LÌBÎLŒÎÍNÌLÍÍŽÍÎMLÎÍÎLÌÍÎLÌŒŒLKLÎÌŒŒLKLLÌŒŒLKLMÎLÍNÌŒÎÎLÎNÌÌMÎÌMŒŒÌÌMŒŒÌŒNKLL‹LMŽÌŒNKLL‹LNNÌŒNKLL‹LŽBÎLŽNÍŒÌMÍNLÎÌÎÎÌMÍÌÌMÍÌŒNKL‹LNÌŒNKL‹LÎÌŒNKLËLÎLŽLÎÍŽÌMNNÍÎLÌÍÍLÌÌÍÍLÌŒNKLËLŒÎÌŒNKLËLÌNÌŒNKLLBÎLÌÌNÌLÎLNÍŒMÎLÌÎLÌŒNKLKLÌŒNKLKLMNÌŒNKLKLBÎLÌNÌÍÎÎŒÎÌMNÌMŽÌÌMŽÌŒNKLLŽNÌŒNKLKLÎÌŒNKLKLLBÎLÌŽÍÌŽMLNÎMNŒNÌLMLÌÌLMLÌŒNKLLLNNÌŒNKLLLŒÎÌŒNKLLKL‚ÎLÌLÍŒŽÌMŒŽÌÍÎŽÌÌÌLÌÌÌÌLÌŒNKLËLŽÌŒNKLËLÎÌŒNKLLÂÎLÌMÎÍÍMÎÍÎÍÍMLÍÌLLÌÌÍLÌŒŒLLNÌŒŒLLLÌŒŒLLMÂÎLÍNÍŒŽÌLŽŽÍÍÎMŽNÌLÍŒÌÌLÍŒÌŒŒLLÎÓNÓBÎLÍÎÍÎÍMÌÎÌNŽMÎÍÌÍÌŒNKLLKLÎÌŒNKLLKLŽÌŒNKLL‹LL‚ÎLÍLŽÍNÌLMÍÍMŒÎÍÎÌÍÎÌŒNKLL‹LŒÎÌŒNKLL‹LÌÌŒŒLKLLBÎLÍLÎÍMNÍMŽÍMÌŽNÎÌÎÌŒNKLLLLŽÌŒNKLLLNNÌŒNKLLLBÎLÍNNÍNÌMLNÌÍÍŽÎNÍÍLÎLLÌŒŒLKLNÌŒŒLKLLÌŒŒLKLLÎLÍŒÎÍŒÎNLLÎÌLNÍMLÌÍMLÌŒŒLËLÎÌŒŒLËLNÌŒŒLËLNÎLÍÌÎÌÍÎÌLLMÎÍÍLNÌÌMŒLÌÌÌMŒLÌŒNKLL‹LŒÌŒŒLKLNÌŒŒLKLÂÎLÎNÌÌÌÍÌŽÍÌŒLÌLÌÌLÌŒNKLL‹LŒÎÌŒŒLKLŽÌŒŒLKLÂÎLÎLNÌLŽÍLÌŒMŒÍÎÍÌÌÍÌÌŒNKLLLNNÌŒNKLLLNÌŒNKLLLBÎLÎLÎÌLNÍNMŽÍŽLŒÎÌÌŽÌÌÌŽÌŒŒLLLŽÌŒŒLLMNÓBÎLÎMŽÌÎÍLÍÍNÌŒLÌÍŽÍLÍŒMLÌÍLÌŒNKLLLMŽÌŒNKLLLÌÌŒNKLLKLÎLÎMÎÌÌÍNÎÌÍLŽÌNLÌÌNLÌŒŒLLLÌŒŒLLŒÌŒŒLLŽBÎMMŽÍMÍMÎÌÌMŒŽÌÍŒÌÌÍŒÌŒNKLLLŽÌŒNKLLLLÌŒNKLLLŒBÎMNÍÎÌMÌÎÎÌÍNÍÌŒÌÍÌŒÌŒNKLLKLŒÎÌŒNKLL‹LNÌŒNKLL‹LLBÎMÍÎÌLÎÌLÍNLÎÍNNÍÎLÌÎLÌŒNKLL‹LŒÎÌŒŒLKLNÌŒŒLKLLÂÎMÎÌÎÌMÎLÎÌNMÌÎLÌÌÎLÌŒŒLLŽNÓNÓBÎMŽÍLÌMMLNÍMMÌNÌÌÌNÌÌŒŒLKLŽNÌŒŒL‹LÎÌŒŒL‹LÂÎMÌŒÎÌMLÎÍMÎMÌŒÌÌŒÌŒŒLKLŒÌŒŒLKLŒÎÌŒŒLKLBÎMLÎÍLÎÌLŒÌŽÎLÍLŽÍÌÌÍÌÌŒNKLLŽÌŒNKLLÌNÌŒNKLKLÂÎMŒŽÍLŽÌLÍŒMNÌMÌLŒÌÌMÌLŒÌŒNKLKLÌŒNKLKLMÎÌŒNKLKLÂÎMÍNÍÍMŽÍLNMÎÌMLŒÌÌMLŒÌŒŒLKLÌÌŒŒL‹LLNÓBÎMŽÌNÌMÎÍŽÌÌÍŒÌÌÌÍŒÌŒŒLLÌŒŒLLŒÌŒŒLL‚ÎMÌÎÍLÎÎÌŒLMNÍŽÌÍŽÌŒNKLL‹LÎÌŒŒLKLÌŒŒLKLM‚ÎMŽÍÎÌLÍÎÌLÌŽÌÌMŒÌÌÌMŒÌŒŒLLŽÓNÓBÎMŽÍMŽÌLŽÎÎÍÎÌLLLÌÌLLLÌŒŒLLLŽÌŒŒLLNÌŒŒLL‚ÎMMNÌŒÍÍŽÍŽNÍÍÌÍÍÌŒNKLL‹LMÌŒNKLL‹LŽÌŒNKLL‹LÌBÎMMŽÍÌLŒÎÎNNLNÌŒLÌÌŒLÌŒŒLLŽÌŒŒLLLNÌŒŒLLŒÂÎMNÌÌMÌNÎÎLLÎÍLÌÍLÌŒŒL‹LNÌŒŒL‹LŒŽÌŒŒLËL‚ÎMLNÌÍŽÎŽNÍŒÌNÌMLÌÌMLÌŒNKLËLŒŽÌŒNKLLNÌŒNKLLLBÎMLLÎÍMÎÍÍŽÍÎŽÌŒÌÌŒÌŒŒL‹LNÌŒŒL‹LŒNÌŒŒLËL‚ÎMLMÍŽÍÍLŽNÌÌMÌÌLNÌÌLNÌŒNKLLKLLNÓNÓBÎMLŒNÍŽÍÍŒNÎÎMÌÌÌÎMÌÌÌŒNKLL‹LÌŒNKLL‹LÌNÌŒŒLKLÂÎMLÌÎÌMÎNNÎLÍŒÍŒÌÍŒÌŒŒLKLNÌŒŒLKLNÓBÎMLÍÍÎÎŒNÌÌMÌÌMÌŒNKLKLŒŽÌŒNKLKLŽNÌŒNKLLL‚ÎMLÎÍŽÌLÌÍÌNÌLŒNÍÌÍÌŒNKLL‹LŽÌŒNKLL‹LŽÌŒNKLL‹LM‚ÎMLÎNÍŽÌÎLÌLÌÍÌÍÌŒŒLKLÎÌŒŒL‹LNÌŒŒL‹LÂÎMMÎÍÌMŽÍÍMNÌÌÌÌŒNKLL‹LÌŒŒLKLÎÌŒŒLKLL‚ÎMMÍŒŽÍMÎNÍÍMŒÍÌŒŒÌÍMLÌŒŒLÍLÌŒŒLKLŽNÌŒŒL‹LŽÌŒŒL‹LÎMMNÍŽÌÍÎÌLLLŒÎÌMÌÌMÌŒNKLËLNNÌŒNKLËLŽÌŒNKLËL‚ÎMMNÌÌÎÌÍŒÍMŒNNÌÍŒÌÌÍŒÌŒNKLLKLLÎÌŒNKLLKLNÌŒNKLLKLÌÎMMLNÍÍMÌÍÎÍMŒÌÍÌÌÍÌŒŒL‹LÌŒŒLËLÌŒŒLËLM‚ÎMMLÎÌÌŽÍÍÌÎÌÍÍÎÌMÌŒÌÌMÌŒÌŒŒLKLNÌŒŒLKLNNÌŒŒLKLŽBÎMMMŽÍNÌMNÎÌŒÍMŒÌÍMŒÌŒNKLL‹LMÌŒNKLL‹LMŽÌŒNKLL‹LŒÎMMMÎÌŒÌLMÌŽÍŒNÌMMŒÌÌMMŒÌŒŒL‹LLÎÌŒŒL‹LŒŽÌŒŒL‹LŽÎMMNÌÎNÍLÍÎÍŒÍÌŽÍŒÌÍŒÌŒŒLËLŒŽÓNÓBÎMMÍLÌMÍÍNÌLLÌÍMŒÌÍMŒÌŒNKLLMÎÌŒNKLLŽÌŒNKLKLÂÎMMÌÍŒÎÌLMÎLŽÎÍMLÌÍMLÌŒNKLL‹LÌÌŒŒLKLÎÌŒŒLKLM‚ÎMMÍÍNÌMÌÌÍŒLŽÌLŒÌLLÌLŒLÍLÌŒŒLLLŽÌŒŒLLŽÌŒŒLLÌÎMMÎÌNÌLŽLÎÍÍŽÍŽÌÍŽÌŒŒLKLŽÌŒŒL‹LŽÌŒŒL‹LBÎMMÎNÌLNÌMŒÌÍLÎÎLÌÎLÌŒNKLËLŽÌŒNKLLÌŒNKLLŒ‚ÎMNMNÌÍNÎLMÍÎÌÌÌLÍŽÌÌÌÌÌÌŒNKLËLÌÓNÓBÎMNNÌNÍLŽÌNNŽÌÍMÍLLÌŒMŒÌŒŒLKLŽÌŒŒL‹LÌŒŒL‹LM‚ÎMŒÎÍLNÌMMŒNÌLÎMŽÌÍNLÌÌÍNLÌŒNKLLKLŒÎÌŒNKLLKLNÓBÎMŒLNÍŽÌLMNÍNNŽÍMMÌÍMMÌŒŒLKLNÌŒŒLKLŽÌŒŒL‹LBÎMŒLÎÍMŽÌÍMNÌÍÍÌÌMÌÌMÌŒNKLL‹LŽÌŒŒLKLŽÌŒŒLKL‚ÎMŒÌÍÎÌNÎÌLMŒÌLÌŒÌÌLÌŒÌŒNKLLŒNÌŒNKLKLÎÌŒNKLKLÂÎMÎÌÌÎÌLÌÎLNÎÍMŒÌÍMŒÌŒŒLLÌŒŒLKLNÌŒŒLKLBÎMÌÍŽÌLMÎÌNNÌŒÌÌŒÌŒŒLKLNÌŒŒLKLŽÌŒŒLKLŽÎMÍÎÍÎÌMÌŒŽÍLLNÌMLNÌÌMLNÌŒŒLLŽÌŒŒLKLÎÌŒŒLKLÂÎMŽŽÍŒŽÎNNNÍÌŽNÌÍÎÌÌÍÎÌŒNKLLLLNÌŒNKLLLMŽÌŒNKLLLŒ‚ÎMŽÌMÌLŒŒŽÌLMŽÌŽÌÌŽÌŒNKLL‹LŒÎÌŒŒLKLNÌŒŒLKLLÎMŽNNÌMŽÍLLÍÌŽMNÌŒÍÌÌŒÍÌŒŒLKLLÎÓNÓBÎMÌŽÌÍÎÌLŽNÍMÌŒÌÌŒÌŒŒLKLŒÎÌŒŒLKLÌŒŒL‹L‚ÎMÌÍŽÌLLŽÍÍŒŒÌÌÎŒÌÌÌÎŒÌŒNKLL‹LÌNÌŒŒLKLNÌŒŒLKLMÂÎMÌNÌÌŽÍÎMLÍÍMÌÍÍMÌŒŒL‹LÎÌŒŒL‹LLNÌŒŒL‹LMBÎMÌÌNÍNÌNLÎÍMLLÎÌLÌÍŒÌÌLÌÍŒÌŒŒLLŽÌŒŒLLÌÌŒŒLKL‚ÎMÌÌÎÌÍÍNÎNLÎMLÌÎMLÌŒŒLËLMŽÌŒŒLËLMÎÌŒŒLËLMÂÎMÌÎÍŒNÌMŽNNÌÍLÌLNLÌÌLNLÌŒNKLL‹LMÌŒNKLL‹LŒNÌŒŒLKL‚ÎMÍÎÌMNÌMÌMLÍÍNÎÌLÌŒÌÌLÌŒÌŒNKLKLNÌŒNKLKLÎÌŒNKLKLMÎMÍÎÌLŽÌMNÎNNÌÌÍŒÌÌŒŒLËLŽÌŒŒLËLMÌŒŒLËLBÎMÍÍMŽÍLÎNÍLŒÍNÍÌÍÌŒŒL‹LLÎÌŒŒL‹LŒŽÌŒŒLËL‚ÎMÍNÌLNÌMNÌŽLŒNÌNMLÌÌNMLÌŒŒLKLNÌŒŒLKLLÎÓBÎMÍŒNÌÌŽLNÍÎMMÎÌÌŽÌÌÌŽÌŒNKLËLŒÌŒNKLËLŒNÌŒNKLLBÎMÍŒŽÌÎÍÎŽÌNMMÎÌLLÌÌLLÌŒNKLLKLLÎÌŒNKLLKLMŽÌŒNKLLKLŒ‚ÎMÍŒÎÍÌMÌLNÎLÍÍŽÎMŒÌÎMŒÌŒŒLLMÌŒŒLLŒNÌŒŒLLŒ‚ÎMÍŽÍÌMÍÍNÍÎNÎNLÌÎNLÌŒŒLLNÌŒŒLKLNÌŒŒLKLMBÎMÍÍÍMÎÌLÍŽÍÍŽÌLÌÌLÌŒNKLLLNÌŒNKLLLŽÌŒNKLLLBÎMÍÍÎÌÎÍMŽNÌÍŽNÎMÌÌÎMÌÌŒNKLLLŒŽÌŒNKLLKLNÌŒNKLLKL‚ÎMÎÎÍÎÎMŒNNÌMÍLNÍMÌÌÍMÌÌŒNKLËLNNÓNÓBÎMÎNÍÎÌLŒÌÎÍÍÌÎMÎÌÌMLÌÌÌMLÌŒNKL‹LŒNÌŒNKLËLÎÌŒNKLËLÂÎMÎMÍLNÌLÍÌÎÍŽNMÎÌÍŒÌÌÍŒÌŒNKLLLŽÌŒNKLLLÌÌŒNKLLKLLÂÎNÌŽÍNŒÍLÍÌLŒÌÌLŒÌŒŒLËLŒŽÓNÓBÎNŽÍŽÌLÎMŽÍMLÎÌÍÎÌÌÍÎÌŒNKLL‹LÌŒNKLL‹LLÌŒNKLL‹LM‚ÎNÎÍŽÌMÌŽÍLÍMÌÎÌMÌÌMÌŒNKLLLLÎÌŒNKLLLNÌŒNKLLLŽBÎNŽÍÍNŽÌÌÍÍÎNÍLŒÌÍLŒÌŒŒLKLŽÌŒŒL‹LÎÌŒŒL‹LLBÎNÌÌŒNÍÌŒMÌÍLÎÌMÎNÌÌMÎNÌŒŒLËLNÌŒŒLËLŽÌŒŒLLLBÎNÌNÍNÍŒÍÍNÍLMÌNNÌMLÌÌÌMLÌÌŒNKLL‹LŽÌŒNKLL‹LÌÌŒNKLL‹LÌÎNÎÌÌNÌLMŽÌMLÍNÌLÌÌLÌŒŒL‹LÎÌŒŒLËLNÌŒŒLËLLÂÎNÎNÍMŽÌLLNNNÎNLÎÍÌLLÌÍÌLLÌŒNKLL‹LŽÌŒŒLKLLÌŒŒLKLŒBÎNNÌŽNÍMÌNÌÌÎÍLÌÍLÌŒŒLËLMNÓNÓBÎNLÎÌÎÎLMÎÍNNÌLMLŒÌÌLMLŒÌŒŒLKLMÎÌŒŒLKLŒÎÓBÎNŒÍÍŒÎÍŒÎÌŒÍLŒÌÌŒÍLŒÌŒNKL‹LŽÌŒNKL‹LŽNÌŒNKLËLÎNŒŽÌÍÍLŽÎÍÍÍŽÌŒÌÌÌŒÌÌŒNKLLLMŽÌŒNKLLLŒŽÌŒNKLLKL‚ÎNÍNÌMLNÎÎLMMÍŽÍÌÍÌŒNKLLLÎÌŒNKLLŒŽÌŒNKLLŒÂÎNLÌÍŽÍÌÎÍMMŒÌŒÍÌÌŒÍÌŒNKLL‹LMŽÌŒNKLL‹LŽÌŒŒLKLBÎNMÎÌNÍMÍNÌŒŽNÌNLÌÎÌMLŒÌŒNKLKLÌŒNKLKLLÎÓBÎNNÌÎÌMÌLMŽÎLŒLÎÌÌÌÌÌÌŒNKLKLMÎÌŒNKLKLŽÌŒNKLLLLÎNLÎÍLŽÌMŒÌÌÌMÌÌÌMÌÌŒŒLKLÌÌŒŒL‹LNÌŒŒL‹LMÂÎNLNÌLÎÌLÍNÌNŽÎLÌÎLÌŒNKLLKLŽÌŒNKLLKLMÌŒNKLLKLM‚ÎNLMNÌÎÍMÎŽÍLÍÎLÌÍÎLÌŒNKLL‹LÎÌŒŒLKLÌŒŒLKLM‚ÎNLMŽÌÌÌÌNÎÌNMÌMÌŒÌÌÌŒÌÌŒŒLKLÎÌŒŒLKLMÎÌŒŒLKLNBÎNLŽÍNÎMŽÌÌÎÍMÌÍMÌŒNKLL‹LŽÌŒNKLL‹LNÌŒNKLL‹LÌÎNLÌŽÍNÌÍÌMNÍLMÌLNLÌÌLNLÌŒNKLLLLNÌŒNKLLLŒNÌŒNKLLLÂÎNMŽÍLÎÍLÍÌÎÌÍŒÌÎÍMÍÌÌÍMÍÌÌŒŒLLNÌŒŒLLŽNÌŒŒLKLÂÎNMLÎÍÌLMNÍÍNÎNMMÌÎNMMÌŒŒLKLNÌŒŒLKLNÌŒŒLKLLÂÎNMMÎÌÌÍLŒÌLŽLÎÌLŒÌÌLŒÌŒŒLKLŽNÌŒŒL‹LLNÌŒŒL‹LNBÎNMŒÍŽÎLÍLŽÍŽMÍÌLÌÍÌLÌŒŒLËLŒÎÌŒŒLËLÌNÌŒŒLLÂÎNMŒNÍMÎÌMŒLÍMÌÍLNÍNNNÌÌŒŒÍMÍŒÌŒŒLKLÌNÌŒŒL‹LŽÌŒŒL‹LLBÎNMÌÍNÌLLÍÎÌŒÌŽÍÍÌNÍLÍMLLÌŒNKLLLŽÌŒNKLLLMNÌŒNKLLL‚ÎNMÌNÌLÎÌLŒLŽÌŒMÌÎÌMLÌÌMLÌŒŒLKLÌNÌŒŒL‹LLNÓBÎNMÌÎÌMÎÌMÌLLNÍÌÌMÌŒÌŽÌÌŒÌŽÌŒNKLLKLÎÌŒNKLLKLŽÌŒNKLLKLÎNMÍNÍÍNÌLMLŽÍÌÍÌŒŒLËLŒÎÌŒŒLLNÌŒŒLLBÎNNÎÍÎÌŒMÍÎÍMÍÎÌMMŒÌÌMMŒÌŒNKLLLÌŒNKLLLMNÌŒNKLLLÂÎNNLNÌÌŽÌMÍŽÎNLMNÌLÌÌLÌŒŒLKLÌNÌŒŒL‹LÎÌŒŒL‹LBŽÍMÎÌMMNÌÌMŒÎNÌÌÌÌÌÌÌÌŒNKLKLLNÌŒNKLKLMNÌŒNKLKLNBMŽÍNÌMÌŽNÌÎÌMŒMLÌÌMŒMLÌŒŒLËLNNÌŒŒLËLŒÌŒŒLËLBŒŽÍNNÍÍLNÍÍÍÍLNÌÌLŒÌÌÌLŒÌŒNKLL‹LŒÌŒNKLL‹LŒÎÌŒNKLL‹L‚ÍÍLÍÌÍLÎÍÌÌNÍŒÌŒÌÍŒÌŒÌŒNKLLKLNÌŒNKLL‹LÎÌŒNKLL‹LNBÌLŽÌLLMŽÌÌŒNÌŒŒÌÌŒŒÌŒŒLLNÓNÓBLÎÌŒNÌLÌÎÍŒÌMÍŒÌÌMÍŒÌŒNKLKLŽÌŒNKLKLÌÓBÎÍNÍÍNNÍÌŽLŽÎMÎLÌÎMÎLÌŒNKLLKLŒŽÌŒNKLLKLÎÌŒNKLL‹LBŽÌÍÌLLŒÌŒÍÌMÌNMŒÌÌNMŒÌŒNKLL‹LÎÌŒŒLKLNÌŒŒLKLMÌŽÍLÍŒŽÎÍÍÌÌMŽÌÌÌMŽÌŒŒL‹LNÌŒŒL‹LMŽÌŒŒL‹LÎÍNÌÍÍMÍŒMNÌŽÍÌÌÍMMLÌLŒMLÌŒNKLLLŒŽÌŒNKLLLÎÌŒNKLLLŽBLNÌÎÌLÍŽÍŽNNNNÌÌÌÌŒŒLLÌŒŒLLÌÌŒŒLKLMNÍŽÌŒÍLÎÍŒLÍŽLŒÌÍŽLŒÌŒŒLKLŒÎÌŒŒL‹LNÌŒŒL‹LLÂLNÍMNÌLMŒNÌÍŒŽNÎNÌÎNÌŒŒLËLÌŒŒLËLMÌŒŒLËLNBLŽNÌÍÌMÍÌNÍNNÌÍÍŒÌÌÍÍŒÌŒŒLËLNÌŒŒLËLÎÌŒŒLËLŽLÌÌÎÎLÍNÎLÌMMŒÌÌMMŒÌŒNKLL‹LŒNÌŒNKLL‹LŽNÌŒNKLL‹LÌLÌŽÍLŽÍŒÌÎÌÌÌÌÌÌÌÌÌÌŒNKLLÎÓNÓBMNÌŽNÌLNÌÌMŽÌÎLÌÌÎLÌŒNKL‹LLÎÌŒNKL‹LŒÎÌŒNKLËLÂMÍÌMLŽNÌNNÌMÍLÌÌMÍLÌŒNKLKLŽÌŒNKLKLŽNÌŒNKLLLBMÌÎÌLŽÎMMNÎMÌŽÌNLMÌÌNLMÌŒŒLLŽNÌŒŒLKLLÌŒŒLKLMBNMNÌŽÌÍÎÌMNŽNÌLÎÌÌLÎÌŒŒLLÌŒŒLLMÌŒŒLLM‚NMŽÍÍMŽÌÍÍÌŽÍLŒÌÍLŒÌŒŒLËLŽNÌŒŒLLLŽÌŒŒLLŒBŒNÌNNÌMÌLŽÍÌÍMŽÌÌÍMŽÌŒŒLËLNÌŒŒLËLÎÌŒŒLËLBŒŽÍÎÎÌNÌÍÍŒÎÌÎÌŒNKLL‹LNÓNÓBŒŽÌÌNÎNLÌMŒŒÌÌMŒŒÌŒNKLKLNÌŒNKLKLÌÌŒNKLLLŒŽÌLÌLŒŽÍMŒŽÍÌÍÌŒNKLLÌNÌŒNKLKLLNÌŒNKLKLNŒŽNÎÌŒÍNÍÍÍNÎNLÌÎNLÌŒŒLKLŽNÌŒŒLKLÌÌŒŒL‹LÂŒÌNÍŽÌLŒLŽÌŒMÌÎÌŽMÌÌŒLÌÍMÍLÌŒŒLKLŽÌŒŒL‹LÎÌŒŒL‹LBŽÍNÌŒŒÎÌŒMŽÌÌLÌÌÌLÌŒNKLËLŽNÌŒNKLLŽÌŒNKLLMÂNÍÎÌÍÌNÍŒÍMNÌLŒÌÌLŒÌŒŒLLÎÌŒŒLLMŽÌŒŒLLŒÂLÌÌŽÎÍNÌMLÍÌÌÌÌÌÌÌÌÌÌŒNKLL‹LŽNÌŒNKLL‹LÌNÌŒŒLKLLMŽÍNÌLLÌŒÌŒNÍÍMÌÌÍÍMÌÌŒŒLKLNÌŒŒLKLŒŽÌŒŒL‹LÂŒÎÌNÍMÌNÍNŒŒŽÌŒÌÌÌŒÌÌŒNKLLLÎÌŒNKLLŒŽÌŒNKLLÌBÌŽÌÍÌŽÍLMŽNÍNLÍÌÍNLÍÌŒŒLLŒŽÌŒŒLLŽÌŒŒLKLBÍÌÎÍMNÌMMÌŒNÌLMÌÌŒŒLŒÎMÌŒNKLL‹LNÌŒNKLL‹LŽÌŒNKLL‹L‚ŽNÍMNÌMNNÍMŽÌLŒÌÌLŒÌŒNKLLŒÌŒNKLLŒNÌŒNKLLŒÂŽÌÎNÎÌÌŒLNÌLLÌÌLLÌŒŒLKLŒŽÌŒŒL‹LNÌŒŒL‹LŽÍMÎÌÍLLŽÍŽŽMNÌÍŒÌÌÍŒÌŒNKLËLŽÓNÓBŽNÎÍMŒÍNÍMÎŽÎLLÌÎLLÌŒŒLKLMÎÌŒŒLKLÌÌŒŒLKLÌBŽLÎÍLNÌLÍÍŽNMÎÌŽNLÌÌŽNLÌŒNKLLLŽÓNÓBŽMÎÌNÍMLŽÍMÎÍÍŒLŒÌÍŽÌŒNKLKLNÌŒNKLKLLNÌŒNKLKLŒ‚ÌŽÍŽÌLNMŽÍÍÌÎÌŒLÌÌŒLÌŒNKLKLMNÌŒNKLKLMÎÌŒNKLKLŽBÌMÎÌÌŽÎMÍNÌÍLÍÍÌÍÌLÌÌÍÌLÌŒŒLKLÌNÌŒŒL‹LŽÌŒŒL‹LÂÌNÌLÍÍMMNÌÍÎMÎÌMŒLÌÌMŒLÌŒŒLLMÌŒŒLLNNÌŒŒLLŽÌNNÍÎÌLLÎLŽÍNNÍŒÍÌNÍLŒÌŒŒLKLÌŒŒL‹LÎÌŒŒL‹LBÌÎÍÎÌMNNÎÍÍMÌÍÌMŒLÌÌMŒLÌŒNKLLKLMÎÌŒNKLL‹LNÌŒNKLL‹LLÌŽÍMNÌLŒŒŽÍŽÌLŒÌÌLŒÌŒŒLKLÎÓNÓBÌÌNÍÍMŽÍLŽÌLŒÌÌLŒÌŒNKLLMNÓNÓBÌÍÎÌŽNÎÌÎLNÍŒÌÌÍŒÌÌŒNKLLKLMŽÌŒNKLLKLÎÓBÌÎÌLÍMLLÍÍÌÌÌÌÌÌŒNKLËLÌÌŒNKLLLÓBÌÎNÌŽÍÌŽLÎMMÎNÌMŒÌLÌLÌŒÌÍLÌŒŒLKLMNÌŒŒLKLŽÌŒŒL‹LBÍÎÌŽÌMÌMMŽÍÌÌÌÎNÍMÌÌÍMÌÌŒŒLLNÌŒŒLLLŽÌŒŒLLŒ‚ÍNÍLŽÌMNLÎÎNNÌÌŒMÌÌÌŒMÌŒŒLLÌŒŒLLÎÌŒŒLKL‚ÍŒNÌÍÎÍÍLNÌNŽÌMLÌÌÌMLÌÌŒŒLKLLÎÌŒŒLKLNÌŒŒLKLŒÂÍÌMŽÌLÌŽÌMŽÌMÌÌMÌŒŒL‹LÌŒŒL‹LLÌŒŒL‹LMÍNÌÌNÍŒÎMÌÌLÌMÌÌMÌŒNKLËLÌŒNKLËLMŽÌŒNKLËLÌÍŽNÍÎÌMÍŒŽÌÍNMÎNÎNÌÎNÌŒNKLKLLŽÌŒNKLKLLÎÌŒNKLKLÍÎNÌNÌÌÍÎÍMMNÍŒÌÍŒÌŒNKLL‹LŽÓNÓBÎÎÍŒNÍÎLÎÍLÌLÍLÌÌÌLÍLÌÌŒNKLL‹LÌŒNKLL‹LMÎÌŒNKLL‹LBÎÍŽÍŒŒŽÌÎLLŽÍŒÌÌÌÍŒÌÌÌŒŒLËLŒŽÌŒŒLLŽÌŒŒLLBÌÌŽÌLÌMNÌŒÎÎÌNLÌÌNLÌŒŒL‹LŒŽÌŒŒLËLŽÌŒŒLËLLÌÍNÍŒNÌŒÍÎÌLLÌÌLLÌŒNKLLÌŒNKLLMÌŒNKLLMNÎÍŒŒÎÍÎNÍMŒÌÍMŒÌŒNKLLLŽÌŒNKLLKLÌŒNKLLKLŒ‚ŽÍŒÎÎLMÎÍŽÎÌŒÌÌŒÌŒŒLKLŽNÌŒŒL‹LŽÌŒŒL‹LLÂÎÌÍÎÌÌMÎNÍÌŒNÍMMLÌÍMMLÌŒŒLKLNÌŒŒLKLÌÌŒŒL‹LŒNÌLŽÍŒÎÍÌÎÍMMÌŒÌÍMMÌŒÌŒNKLËLMÎÓNÓBŒŽÌÎNÌMMÎÎMMMŽÍÍMŒÌÍÍMŒÌŒŒLËLŽÌŒŒLLŽÌŒŒLLBNÍÎÌLNLÎÌŽMŒŽÍÎŒÌÍÎŒÌŒŒLËLMÌŒŒLËLNNÌŒŒLËLŽBÍNÍNÌLÌÎMÎMMŒÌMÌŒŒÌÌMÌŒŒÌŒŒL‹LMÎÌŒŒL‹LÌŒŒLËLNÍNNÎMLLŽÍLŽNÌÍÌÌÍÌŒNKLLKLLNÌŒNKLLKLMÎÌŒNKLLKL‚MÎNÌMŒLŽÌŒÍÌŽÌNLÌÌNLÌŒNKLL‹LNÌŒNKLL‹LNÌŒNKLL‹LL‚MÎÌÌÎÎMÌÍÍŒÍŒŒÌÍŒŒÌŒNKLL‹LÎÌŒŒLKLLÌŒŒLKLŒ‚NÍŽÌLÍŒŽÍÌLMÌNÌÎLÍŒÌÌÎLÍŒÌŒNKLLLNÌŒNKLLLMNÌŒNKLLL‚ŽNÍÎÍÍMNÍŒÎÌNLMÍÍÍÌNÍŒÌŒŒLKLŽÌŒŒLKLNÌŒŒLKLLÂÍNÌÎNÌLLLNÍÍŒÎÎNÌÎNÌŒŒLËLŽNÌŒŒLLŽÌŒŒLLMÍŽÌŒÌMNÎÍŒNÌMÌŒÌÌMÌŒÌŒNKLLLÌŒNKLLLLÎÌŒNKLLLŒÂÍÎÌNÎMÎMÍŽÌÌÌÌÌÌÌÌŒNKLLLŽNÌŒNKLLKLLÌŒNKLLKLLBLNÌNÌLMÎNMÌMÌÌÌÌÌÌÌÌŒNKLLMNÌŒNKLLŽÌŒNKLKLÂLNÍÎNÌLLNÌÌÌÌŒNKLKLMÌŒNKLKLNÌŒNKLKLNBLÎÍMNÌLŽMNÎMMNLNÍMÌÍMÌŒNKLLKLŒNÌŒNKLLKLŽÌŒNKLL‹LBLÎÍNÍÌŽÌŒÍÌŽÍŽŒÌÍŽŒÌŒŒLKLÎÌŒŒL‹LŽÌŒŒL‹LMLNÌÍÎÌŒŒNÎŒŒŽÌMŽNÌÌMŽNÌŒNKLL‹LŽÌŒNKLL‹LŽNÌŒŒLKLBMNÌŒÍLÌÎÌÌMMÍŽÌŒLÍÌÌŒLÍÌŒŒLËLÎÌŒŒLËLÌŒŒLËLM‚MMNÍÎÌMÌŒNÌŒÍMNÍÎÌÍÎÌŒŒLLŒNÌŒŒLLŽÌŒŒLKLMNNÍLNÍMÎÎŒÌŽÍLÌÍLÌŒŒLLMÌŒŒLLÌŒŒLL‚MŒÎÍÌÍÌŒŽMÌÎÎMLÌÎMLÌŒŒL‹LLÌŒŒL‹LLÎÌŒŒL‹LŒBMÌÍŽNÍMNÎÍŒÌŒÍLŒŒÌÍLŒŒÌŒŒLËLMÎÌŒŒLËLŒÌŒŒLËLÂMÍNÍLÌMÌÌLNMÎÌÍÌŒÌÌÍÌŒÌŒNKLKLŒÎÌŒNKLLLNÌŒNKLLLMÎNÌÌŽÍMŒNÎMÍÍÎÌŒÌÌŒÌŒNKLLŒŽÌŒNKLLŽÌŒNKLKLBNNÎÌLLŒÌŒŽLÎÌLÌÌÌÌLÌÌÌŒŒL‹LŒŽÌŒŒLËLŽÌŒŒLËLBNŽÍNÍÌNÍÎLÎÌLLLÌLLÌÎMMÌÌŒŒLLÎÓNÓBNŽÍNÎLŒŽÍŒMŒÌÌÌÌŒÌÌÌÌŒÌŒŒLLÓNÓBNÎÌÌŽÌMŒÍÍÍÌMŒNÌÎÌÌÎÌŒŒL‹LLÌŒŒL‹LLŽÌŒŒL‹LM‚NNÍŽÌLÍLŽÎŒNÍÌÍÌŒNKLL‹LŽÌŒNKLL‹LLŽÌŒNKLL‹L‚ŒNÍMŽÌMLŽÍÎNÎÌÌÌŒÌÌÌÌŒÌŒŒLKLÎÌŒŒL‹LNÌŒŒL‹L‚ŒÍÍMÍÎÌŒÎLÍLÌÌÍLÌÌŒŒLKLŽÌŒŒL‹LÎÌŒŒL‹LŒÎÌÎÍŽÍŒŽÍLÌMŽÍÌÌŒÌŒŒL‹LŒŽÌŒŒL‹LNÌŒŒLËLŒÎÌŒÎÌMÍLLÎÍÌÌŽÌŽLÌŒÌÌŽLÌŒÌŒŒLLÌŒŒLLNÌŒŒLKLBLÌMÎÍŽNÌMŒLŽÌÌÌÌÌÌŒNKLLLŽÌŒNKLLKLÎÌŒNKLLKLMBMNÌŽÌMNÍŒÌŒLÌÌŒLÌŒNKLLLŽÌŒNKLLNÌŒNKLLŒÍNÍÌMÎÎŒMMNÌÌŒMÌÌÌŒMÌŒŒLKLNÌŒŒLKLÌNÌŒŒLKLÌBŒŽÍMŽÌMÍÎÍÍNÌLÌÌLÌŒNKLLKLLÎÌŒNKLLKLŒÌŒNKLL‹L‚ŽNÍÎÌLNNÍÍÌÌŒŽLÌÌÌŒŽLÌÌŒNKLLÌÌŒNKLKLŽÌŒNKLKLLÍNÍMNÌMÌLŽNÍMÎMÍLŽÍÎLŒÍÌŒNKLLKLŽÌŒNKLL‹LŽÌŒNKLL‹LMBÍŽÌÍÎÍÎLMŽÍÎMMÌMÌÌMÌŒNKLKLMŽÌŒNKLKLŒNÌŒNKL‹L‚ŽŽÌNÌLNÌMÎLÎÌLÍLLÌÌLÍLLÌŒŒLKLÎÌŒŒLKLLÎÌŒŒLKLMŽMŽÍÎÍNÍÌMÌLŒÌÌLŒÌŒŒLKLŽÌŒŒLKLÌŒŒLKLBÌŒŽÌÍŽÌMMŒÌMÌNÌŒÍŒLÌÌŒÍŒLÌŒŒLLŒNÌŒŒLLŽÓBÌŽÎNÌÌMNÌÎMÌŽNÌÌŽNÌŒŒLLÎÌŒŒLLLÎÌŒŒLLMÍNÌMŽÌLMÍNÍMÌÎNÌLMÍŒÍLÌŒÌLMÌŒŒLKLLNÌŒŒLKLÌŒŒLKL‚ÍNÌÎÌLNÌŒÌMÍLÌÍLÌŒŒL‹LMŽÌŒŒL‹LŽÌŒŒL‹LŽBÍNÍŒÍMŽÍÎÍNÎLÌÌÎLÌÌŒNKL‹LÌŒNKL‹LLŽÌŒNKL‹LŒÍÌNÌÍÌLÍÍÌÍŽNNÌŒŒÌÌŒŒÌŒNKLLLNNÌŒNKLLLŽNÓBÎNÎNÎLNNÎLÌŽNÍMMLÌÍMMLÌŒNKLLKLÌŒNKLL‹LÎÌŒNKLL‹LÂÎMNÍMÎÌLLÌMÌNÌŒŽÌÌŒŽÌŒŒLLÌŒŒLLLÎÌŒŒLLM‚ÎNÍŽNÌŒNÌLŒŒNÌŽLÌÌŽLÌŒŒLËLÎÌŒŒLËLMNÌŒŒLËLŒÂŽÍMÎÌLLÍNÎŽŒNÍŒMŒÌÍŒMŒÌŒNKLLKLLŽÌŒNKLLKLMÌŒNKLLKLŒBLNÍŽÍÍNÌÎLÎÍLLÌÍLLÌŒNKLL‹LŽÌŒNKLL‹LMÌŒNKLL‹L‚ÌÍŒÌLLÎNÌŒŽŽÍMŒÌÍMŒÌŒNKLKLŽNÌŒNKL‹LÌŒNKL‹LÌÎÌMÎÌLMÌNÍÍNÌŽÌÌÌŽÌÌŒNKLËLMÎÌŒNKLËLŽÌŒNKLLBÍNÌÌÍÌŽNÌŒMŽÎÌÎÌŒŒL‹LŽNÌŒŒLËLNÌŒŒLËLLBÍNÍMŒÍNÎÍÌŒÍÌÌÍMLŒÌŒNKLL‹LŽNÓNÓBÌÍŽÌMÌÍŽÌŒÍMŽÌLŒMÌÌLŒÍLÌLŒLÌŒŒLËLŒÌŒŒLËLŽÌŒŒLLBÎÌLÍŽLÌŽLŒNÌNÌÌNÌŒNKLLÌÌŒNKLKLÌŒNKLKLNŒÍÍŒÍMÎÌÍÌŒÌÌÍÌŒÌŒNKLL‹LNÌŒNKLL‹LLŽÓBŒŽÌÌŽÌLŒŒÌÌLMNNÌŒÌÌÌŒÌÌŒŒLLLŽÌŒŒLLMNÌŒŒLLŒBÎÍMNÌÎÍÍŒŽNÌÌÌÌŒNKLL‹LÌŒŒLKLÎÌŒŒLKLŽÌLÎÌMMLNÎLLŒÎMŒÌÎMŒÌŒNKLKLŽÌŒNKLLLÌŒNKLLLŒMNÍNÌLÍÎÌÌMŒÍÎMÌÌÍÎMÌÌŒŒLLŒÎÌŒŒLKLŽÌŒŒLKLMÂMÎÍMÎÎLŒNÍÌLMŒLÌÌLMŒLÌŒŒLËLÓNÓBNÍMNÌLMŒLÍÌMÎÍLÌÌÍLÌÌŒŒLLLŽÌŒŒLLŒŽÌŒŒLLÌLLNÍÎÎMÎMŽÍŒNÌŒŒÌÌŒŒÌŒNKLLLLÎÌŒNKLLLMÎÌŒNKLLLÌBLNÎÍŽÎNÌMNÍNLŒÍLŒÍLÎŒÌŒŒLËLLŽÌŒŒLËLŒÓBLNNÍMÌNŒÌLŒÌLÍÍŒÌÌLÍÍŒÌŒŒLKLMŽÌŒŒLKLŒÌŒŒLKLÌLŒNÍLŽÌLMÌŽÍMÍNÌŽLÌÌÌŽLÌÌŒŒL‹LÌŒŒL‹LMÌŒŒL‹LNLÍŽÌŽNÌLŽŽÍÌÍÍŽÍLLÌÍLLÌŒNKLLKLŽÌŒNKLLKLLÎÌŒNKLLKLNBMŒŽÍNÌNLŽÎNMÍMMLÌÍMMLÌŒŒLËLŒŽÌŒŒLLÎÌŒŒLLMBMÌÌŽÌÌÌÍÍMLŒNÌÌÌÌÌÌŒNKLLKLÎÌŒNKLLKLLNÌŒNKLLKLMÂMŽÍNÍÍÎNÍŽŒŽÌLLŒÌÌLLŒÌŒNKLLKLŽNÌŒNKLL‹LLÎÓBMÌNÌÌŽÍŒLŽÎÌÍÍŽÍNLNÌŽMÌÍMŒŒLÌŒNKLKLMŽÌŒNKLKLNÌŒNKLKLNBMÍNÌÌÌLÍLÌÎÍŽÌŒÌÌŒÌŒNKLKLNÌŒNKLKLŒNÌŒNKLKLŽMÎNÍNÌLNÌNÌLÍÎMŒÌÍÎMŒÌŒNKLKLLNÌŒNKLKLNÌŒNKLLL‚NŽÌŽNÍŒÌÎNLÌLLÌÌLLÌŒNKLL‹LLNÌŒNKLL‹LMŽÌŒNKLL‹LM‚NŽÍŽNÎNLMÎÍÍÍÎÌŒÌÌŒÌŒŒLLŒÎÌŒŒLLÌŒŒLLŽBNLŽÍNÍLÍÎÌMŒMŽÌŽNLÌÌŽNLÌŒŒLËLÎÌŒŒLLÎÌŒŒLLLNMNÌÌŽÍMLÎÍŽŽÌNÍŒÌÌNÍŒÌŒNKLLÌNÌŒNKLKLÌŒNKLKLNMŽÌNÎÌŽÎMÌNLÎÌÌÎÌÌŒNKLLKLŒÎÌŒNKLL‹LŽÌŒNKLL‹LMLNÍNÌŒÌÎMŽLNÌNLÎÌÌNLÎÌŒNKLLLŒÌŒNKLLLŒŽÌŒNKLLKLBLÎÌLÌLÍŽÌLŒNÌÌÌÌÌÌŒNKLËLLÎÌŒNKLËLMÌŒNKLËLŒÂLŽÍŒNÌMÌÍNÍÌÌMŒŒÌÌMŒŒÌŒŒLËLMŽÓNÓBLÌNÌLNMLÌŒLŽÌŒÌÌŒÌŒŒLËLLNÌŒŒLËLLŽÌŒŒLËLLLÍNÌMŽÎÍŒŽŒÌLLŒÌÌLLŒÌŒNKLLKLNÌŒNKLLKLÌŒNKLLKLMÂLŒNÍŽÌLÎÍMŒŽÍŽLÌÍŽLÌŒNKLËLŒÎÌŒNKLLŽÓBLŒÎÍNÌÎLNÍMŒÌŽÍŒŒLÌÍŒŒLÌŒŒL‹LŒÌŒŒL‹LŒNÌŒŒL‹LÂLÍNÌÌÍÎNÌŒLÍMMŒÌÍMMŒÌŒŒLKLMNÌŒŒLKLÌŒŒL‹LÂLÍŒÎÎMÌÍMÌNÌLÍŒÌÌLÍŒÌŒŒL‹LŒÎÌŒŒLËLŽÌŒŒLËLBLLÌMŽÌMÍÍÎÌŒŽÌMŒLÌÌMŒLÌŒNKLËLŒNÌŒNKLËLŒÎÌŒNKLËLÌBLLŽÍŽÌÌMŽNÍLÌMŽÌLÌMLÌLLÌŒŒL‹LNÌŒŒL‹LMNÌŒŒL‹LŒBLMNÌLNÌMNÌÎÍMÎÍÎÌMÌÌÌMÌÌŒNKLKLNNÌŒNKLLLŽÓBLMÎÌÎÌMÌNÎÎÍÌÌÍÌÌŒNKLLKLÎÌŒNKLL‹LÎÌŒNKLL‹LLŒNÍNÌLÍÌÍŽÌLŒMÌÌLŒMÌŒŒLKLNÌŒŒLKLÌŒŒL‹LÂLÎÎNÍÎÎNNÌLŽMŒÌÌLŽMŒÌŒNKLLLNÌŒNKLLLMÎÌŒNKLLLŒ‚LÍÎÌŽNÍÍŽÍÌŒMLÎÍÎÌŽLÍÍMMLÌŒNKLL‹LÎÓNÓBLNÌŒNÌLMŽÍNMÍÎÌMŒŒÌÌMŒŒÌŒŒL‹LŒÎÓNÓBLŽÍŒÌMNÍÍŒNÍÌŒÌÍÌŒÌŒNKLKLŽÓNÓBLMÍÌLÍŒLÍŒÍÌŒÌÍÌŒÌŒŒLKLÌŒŒLKLŽÌŒŒLKL‚LLNÌŒNÍŒŽÌMÎMÍŽŒÌÍŽŒÌŒNKLËLLÎÌŒNKLËLŽÌŒNKLËLŽLLLÎÍÎÌLÎLNNÌÌMŒÌÌÌMŒÌŒNKLL‹LÌNÌŒŒLKLÌŒŒLKLM‚LLNNÍNNÍÎŽÌÍŽNÍÌÍÌŒŒL‹LMŽÌŒŒL‹LNÌŒŒL‹LŒ‚LLŒNÍÍÌÎLNÍMŽNÍNÌÍNÌŒŒLËLŒŽÌŒŒLLŽÓBLLÌNÌLNÌMMŽÍŒŽŒNÌLÍÌŒÌÌLÍÌŒÌŒŒLLÌÌŒŒLKLLNÌŒŒLKLMLLÍŽÌNNÍLLŽNÌÌÍÌNŒÌÌNŒÌŒŒLËLLÎÓNÓBLLÍÎÍNÍÍNÌMLMNÍMŒÌÍMŒÌŒŒLKLŽÌŒŒLKLMNÌŒŒLKLM‚LMNÍMÌLÍŒÍÎÍŒMÎÌÌMÌÌÌÌMÌÌŒNKL‹LŽÌŒNKLËLÎÌŒNKLËLLÂLMLNÍÎÌMLNÍÌNÍÎÌÍÎÌŒNKLLLMNÌŒNKLLLŒNÌŒNKLLLÂLMLŽÍNÎMÌNÌNÍŽÌLLÌÌLLÌŒNKLLLÌŒNKLLLNÌŒNKLLLM‚LMMÍŽÎMÌNÌÍLLÌŽÌÌŽÌŒŒLKLÎÌŒŒLKLLÎÌŒŒLKLLÂLMŒÎÌLÎÌÍLMÎÌŽNÍNMLÌÍNMLÌŒŒLLŽÌŒŒLKLLŽÌŒŒLKLMLMÌŽÍNÍMÎÍMŽŽÌÍŒÌÌÍŒÌŒŒLKLLNÌŒŒLKLLŽÌŒŒLKLLNŽÌNÌLŒÍŽÍŽÍÌÍÌŒŒL‹LMŽÌŒŒL‹LŽNÌŒŒLËLMLŒÍLÌMŽÍŽÌÌNÌNŽLÌÌNŽLÌŒNKLLNÌŒNKLLŒNÌŒNKLLÌLŒNÌNÌLŽÌÎÌLÌÌLÌŒNKLKLŒÎÌŒNKLLLÎÌŒNKLLLMÂLŒŽÍNÌÌÍÍÎÍNŒŽÌÌÍLÌÌÌÍLÌŒNKLLNÌŒNKLLŽÌŒNKLLÂLŒMŽÌÌNÍŽNMÎÌŒÌÎÌLŒÌÌLŒÌŒNKLLÌŒNKLLNNÌŒNKLKL‚LŒŽNÌLÍÍÌLÌÍNÍÌÍÌŒNKLLLNÌŒNKLLLMÌŒNKLLLMBLÎÌŽÌMLLNÍÌMÎMNÍÍMŒÌÍÍMŒÌŒNKLLLŒÌŒNKLLLŽÌŒNKLLKLLBLŒÍNÌMLÎMÎÌŒŽMŽÌÌNÌÌÌNÌŒŒLKLLÎÌŒŒLKLŒŽÌŒŒL‹L‚LÌNÌÍNÎMÎÎNLÎÌLŽMŒÌÌLŽMŒÌŒNKLKLÌŒNKLKLMÌŒNKLKLŒLÎÍŽÌNMNÍŒNÌŒŒLÌÌÌŒŒLÌÌŒŒLLMÌŒŒLLMNÌŒŒLLÂLŽNÍMNÍÌMÎÌÍŒLŽÌLŒÌÌLŒÌŒNKLLLMNÌŒNKLLLŒÌŒNKLLLÌLÌŽÌŒÎÌMÎÍLMŽÌŒÌÌŒÌŒNKLËLÌŒNKLËLMÌŒNKLËL‚LÌNÌNNÌNLNÌNMMŒÌŽLLLÌÌŽLLLÌŒŒL‹LŒÓNÓBLÌNÍLÌÌMLNÎÌÍÌLÌÍÌLÌŒNKLL‹LLÎÌŒNKLL‹LNNÌŒNKLL‹LLÌŒNÍMÌNÎÎLMŒÌNÌÍÍÌŒÌÌÍÍÌŒÌŒNKLKLÌŒNKLKLNÌŒNKLKLLLÌNÍŒNÌLÍÎÍLLÎÍLŒÌÍLŒÌŒNKLLLÓNÓBLÌÎÍŒÌLLÎŽÌNMNÌÌÌÌÌÌŒŒLKLÌÌŒŒL‹LÎÌŒŒL‹LLLÌÌŽÍNÌMÌÌŒNÎÍŒŽÌÌÍŒÎMLÌLLÌŒNKLLKLŒNÌŒNKLL‹LŽÌŒNKLL‹LLÍŽÌNNÌÌNMÍNMŽLÎÍŽÌÍŽÌŒNKLLKLŽÌŒNKLL‹LŽÌŒNKLL‹LLBLÍLÍNÌLŒÎMNÌÍÍNÌMMÍÌÌÌMMÍÌÌŒŒLLMÌŒŒLLŽÌŒŒLKLÂLÍMÍŒNÌLLLÍÌÍŽNÍŒÌÍŒÌŒNKLLKLŽÌŒNKLLKLMÎÌŒNKLLKLNLÍÌŽÌLÎÌMNNÌÍÌLÎÌLÍÌÌLÍÌŒŒL‹LŒNÌŒŒL‹LŒÎÌŒŒL‹LŽBLÎNÌMŽÌŽNÌLŒŒŒÎÌLÌÌÌÌLÌÌÌŒNKLLÌŒNKLLNÌŒNKLLLLÎŽÌÌNÌLNÌÎMÍŽÌMÌÌÌMÌÌŒNKLL‹LMNÌŒNKLL‹LŒŽÌŒNKLL‹LÌLÎÌÍÌMÌÌÌŒÌÌŒÌÌÌŒÌÌŒNKLLLÌÌŒNKLLKLŽÌŒNKLLKLÂMŽÌÎÍÍÎÎMÌŒÎMÌŒÍÎLŒÎLŽÌŒŒLKLŒŽÌŒŒLKLÌŒŒL‹LÂMNÍNÍÌŒÎÍÌLŽMÎÍLNLÌÍLNLÌŒŒLKLŒÌŒŒLKLŒŽÌŒŒLKLÌBMLŽÌÌŽÌMNMŽÌNMÌMÍÌÌÌMÍÌÌŒNKLLMÎÌŒNKLLŽÌŒNKLKLÂMMÍNÌMNÍÍMLNÌLŒÌÌLŒÌŒNKLKLÌŒNKLKLNÌŒNKLKLŒBMÌNÍMŽÎMLNÌŒÌŽNÌÌÍŒÌÌÌÍŒÌŒNKLKLLNÌŒNKLKLŒÌŒNKLKL‚MÌÎÍLŽÌLÎMŽÌÍÍÎLÌÌÎÌÌÌÎÌŒNKLLNÌŒNKLLLÌŒNKLLMÂMÍNÌŽÌLÎÍŽMÌŽÎLLŒÌÎLLŒÌŒNKLLLÌŒNKLLLÎÌŒNKLLLÌBMNÌNÌŽLNÍÌNÌÌMÌÌÌÌMÌÌŒŒLLŒŽÌŒŒLLÓBMŽÌMÌMÌŒŽÌMŽÍLÌÌÍLÌÌŒŒLLŒNÌŒŒLLŒÎÌŒŒLLÌMÌÎNÎMÌNÎMNÌŽÌÌŽÌŒŒLLÎÌŒŒLLMŽÌŒŒLLBMÌÌŽÌÌÍNÌŒÍMÎÌLLLÌÌLLLÌŒNKLLKLNÌŒNKLLKLLÌŒNKLLKLŒBMŽÍMNÌMÌNÎLNLNÌŽLŒÌÌŽLŒÌŒŒLKLŽÌŒŒLKLŽNÌŒŒLKLÌMÎÌÍÍŒNÍŒLMÎÌÎÌÌÌÎÌÌŒŒL‹LŽNÌŒŒLËLŽÌŒŒLËLNMÌŽÌÍŽÍÍLŽÎŒLÎÍŒÌÍŒÌŒŒLLÎÌŒŒLLMÎÌŒŒLLŽMÍÌÌLŒNNÎLNNÍÌÍÌŒŒL‹LNÌŒŒL‹LLÌŒŒL‹LŒ‚MÍÎÍLÎÍŒŒLÎÌÍÌÎÍŒÌÍŒÌŒNKLLMÌŒNKLLŒNÌŒNKLLMÍNÌLÌMÌNÍNLÌÍNLÌŒNKLLLŽÌŒNKLLKLÓBMNÌLNÎLLNÍŒŒMLŽÌLÍLÌÌLÍLÌŒNKLKLNÌŒNKLLLÎÌŒNKLLLLMNÍLÎÌLLŒÍÎÌMÍÎÍLÌÍLÌŒŒLËLÌŒŒLËLLŽÌŒŒLËLMÂMLÌNÍNLNÌŒÍÍÍMŒÌÍMŒÌŒNKLLLŽÌŒNKLLLMŽÌŒNKLLL‚MLŽÍŽÌLLŽÌMÎÌÌÌÌÌÌŒNKLLMÌŒNKLLNNÌŒNKLL‚MMNÍÎÌMLŽÍLNMÎÌMÍÌÌMÍÌŒNKLLKLÎÌŒNKLLKLMÌŒNKLLKLŒ‚MMŽÍMŽÍLÌNÍNŽÌLNÌÌLNÌŒŒL‹LŒNÌŒŒL‹LŒŽÌŒŒLËLMNÌÌŽÍÌŒŽÌÌŒMÌMLLŒÌÌMLLŒÌŒNKLLKLÎÌŒNKLLKLŒNÌŒNKLL‹LÂMNLNÌMNÌLÌLŽÌÌŽMNÍÌÍLÌÍÌÍLÌŒŒL‹LNÌŒŒL‹LŽÌŒŒLËLBMŒÍŒÌNMNÌÌMLŽÌÌLÌÌÌLÌŒNKLKLÎÌŒNKLKLŒÌŒNKLKLŒMŒNÌÍNÌMLŽÍNMMLÍLMLÌMLŒÍNNÌŒNKLKLNÌŒNKLKLLÌŒNKLKLŒBMŒLÍMÍÎMÎÍŒÍŒNÌŽÌÌŽÌŒNKLL‹LŒNÌŒNKLL‹LŒŽÌŒŒLKL‚MŒLÎÌLNÌMNÌMMNÌŒÍÌÌŒÍÌŒNKL‹LÎÌŒNKLËLÌŒNKLËLMBMŒŒÎÍŽÌLLÌŒNÎÍLÎÍÌŒÌÍÌŒÌŒNKLL‹LŽNÌŒŒLKLNÌŒŒLKLMBMŒŽÌLŽÌÍÌLNÍNÍNÌLŽÌÌLŽÌŒŒL‹LÌŒŒL‹LMŽÌŒŒL‹LŒBMŒÌÌÍÎÌMÎÍMÍÎÍÍLÌÍÍLÌŒŒLËLŒŽÌŒŒLËLÌÌŒŒLLBMŒÌŽÍÌLÌNÌÌÎLÌŽÍŽLÌÍŽLÌŒŒLKLŽÌŒŒL‹LÌŒŒL‹LMŒÎNÌNÎŽÌMÌÌŽÍÌÍÌŒNKLLÌNÌŒNKLKLLÎÌŒNKLKLŒMÍLÎÌMNÍNÌŽMŽÌLŒMÌÌLŒMÌŒŒLKLÌŒŒL‹LÎÌŒŒL‹LBMŽÌMNÌMÍŒÌÍŽNÌÌÌÌÌÌÌÌŒNKLLŽÌŒNKLLNÌŒNKLLLÂMLNÍMNÍLŽÌŒMMNÍÍŽÌÍÍŽÌŒŒLLÎÌŒŒLLNNÌŒŒLLBMŽÍŽÌŽÎNMMÎÌNÌÌNÌŒNKLL‹LÌŒNKLL‹LLÌŒNKLL‹LMÂMÌÌÌÍŽÎÎLŒÍŒÌÍŒÌŒNKLL‹LMŽÌŒNKLL‹LÌÌŒŒLKLBMŽÎÌNÌÌÎÌŽNNÌÎÌÌÌÎÌÌŒŒLKLNÓNÓBMŽÎÍMÍŽÌNMŽÌÎNLÌÌÎNLÌŒŒLLŒÎÌŒŒLLNÌŒŒLLŽMŽLNÎÌLNÎÌŒNÌLÍÌÌLÍÌŒŒLKLLÎÌŒŒLKLNÌŒŒLKLNMÌŽÍŽÌLÍMÌŽŒMÎÌLLŒÌŒŒÎMŒÌŒŒLKLŒÌŒŒLKLÎÌŒŒLKLŽMÌMÌÍÎÍLLÎÎMÍMMÌÍMMÌŒNKLKLLNÌŒNKLKLNNÌŒNKLKLŽMÌMŽÌŽÌLLŽMÎÌŒLÎLÎÌŒLŒÌÌŒLŒÌŒŒLKLŽÌŒŒLKLÌŒŒLKLNMÌNNÍÎÍÌŽÍLNŽNÌÎÌŒÌLŽÌŒŒLKLÎÌŒŒLKLLÎÌŒŒLKLŒÂMÌŒÌLÎÌLLÎÎÌMÎNÎÌÎÌŒNKLLKLÎÌŒNKLL‹LÎÓBMÌŽNÍMÎÍÌLÍNÎMLŽÍÍMŒÌÍÍMŒÌŒNKLLKLMŽÌŒNKLLKLNÌŒNKLL‹LBMÌÍÍNÍMŽÍŒÎNMNÌÌŒÌÌÌŒÌŒŒLLÎÌŒŒLLMÎÌŒŒLL‚MÌÍNÍŽNÍNNNÍÌMMÎÌÌMMÎÌŒNKLLLÎÌŒNKLLLNÌŒNKLLLMÂMÌÍŽÌNNÌLLÌÌÎÍMLŒŽÌÌLÌÌÌLÌŒŒLËLŒNÌŒŒLËLŒÎÌŒŒLËLMÍŽÍÎÌŽNNÌÍNNÍMLÌÍMLÌŒNKLLLŽÌŒNKLLÌŒNKLKLMÍÌÌNÎNLNÌLŒŽÎMÌÌÎMÌÌŒŒL‹LŽÌŒŒL‹LÎÌŒŒL‹LLBMÍNÍMNÎNÎÌÌMMŒŽÍLŒÌÍLŒÌŒŒL‹LŽÌŒŒL‹LÌŒŒL‹LŒMÍMÌÌŽÌLÌÍŽÌÌÎNÌLÌÌLÌŒNKL‹LÎÌŒNKLËLLNÌŒNKLËLLÂMÍŒÍÎÎÍŽÍMÍÎÍÌÍÌŒŒL‹LÎÌŒŒL‹LMÎÌŒŒL‹LMÂMÍÍÌMŽÌMMÍÌÍÍÎNÌÌÌÌÌÌÌÌŒNKLKLÎÌŒNKLLLÎÓBMÎNÌÎÌÌÍMÌLNÌNMÌÌÌNMÌÌŒŒLLNÌŒŒLLLNÌŒŒLLŒMÎMŽÍÍLŽNÌŽNLNÎLNÌÎLNÌŒŒLKLMNÌŒŒLKLŽÌŒŒL‹LBNNÌÌNÎLNÍŒÍÎÌNÌÌNÌŒNKLLKLÌŒNKLLKLŽÌŒNKLLKLŽNÎÍÎÌMÎÍNÌNÌLLLÌÌLLLÌŒNKLL‹LŒŽÌŒŒLKLÎÌŒŒLKLNÍMŽÎMÍMÌÌLŽÌÌLLÌÌÌLLÌŒNKLL‹LLŽÌŒNKLL‹LMÌŒNKLL‹L‚NMŽÍMNÍÍÌŒMŒÍÎÌŒŽMŒÌÌŒŽMŒÌŒNKLL‹LLÌŒNKLL‹LLNÌŒNKLL‹LŒNNÍŽÎŽNÎMÍŽÌLŽLŒÌÌLŽLŒÌŒŒLËLMÎÌŒŒLËLÌNÌŒŒLLBNŒŽÌÍÌLNMMŽÌÌÌÎŽÌŒŒŒÌÌŒŒŒÌŒNKLLLÎÌŒNKLLLÌÌŒNKLLKLBNÌÌÌMŽÎŒNÎÌÎÌŒNKLL‹LÎÌŒŒLKLLÌŒŒLKLLÂNÎÌŒŽÌLŒŒÎÍLŽÍMLÌÍMLÌŒŒL‹LNÌŒŒL‹LNNÌŒŒL‹LÂNÌÍÍMŒŽÍNLLÎÌLŒÌÌLŒÌŒNKLKLÎÌŒNKLKLMÎÌŒNKLKLNBNLNÌÎNÌŒÍÍŽÎŽLNÌLŽÌÌLŽÌŒNKLKLMÎÌŒNKLKLÌÌŒNKLKLÌBNMNÍNÎLÌŽÍMMMÌÍÌŒÌLÎLŒÌÍLÌŽÌŒŒLËLNÌŒŒLËLLNÌŒŒLËLŒÂNŽNÍNÌMÌŒÎÌÍÍÎÌLŽMLÌÌLŽMLÌŒNKLLLÌŒNKLLLLŽÓBNÌŽÌÍŽÍŽMŽÌMÍŽÍMLŒÌÌÍMLŒÌÌŒNKLLLÌŒNKLLKLÓBNÎÌMNÌŒÍÌLNNÍÌÌÌŒÍŽLŒÌŒŒLKLÌÌŒŒL‹LNÌŒŒL‹LBNÎÍMÎÌMLÌLÎÍÍNÍÌÍÌŒNKLËLNÌŒNKLËLŽÌŒNKLËLÌBNÎÌNÎÌÎÎÎŒÎÌÎÌÌÌÎÌÌŒNKLLKLŽÌŒNKLLKLÎÌŒNKLLKLMÂNMNÍMŽÌLLŒMÎNLÍÌÌÍÌÌŒNKLLLNÌŒNKLLLNNÌŒNKLLLÌBNLÍNÍLNÎÍNLMLÍŽMŽÌÍŽMŽÌŒŒLËLŒNÓNÓBNLLŽÍNÌMÎÌŒÌŽÍÎLLÌÍÎLLÌŒNKLLLNÌŒNKLLLLŽÌŒNKLLLŒNLŒÍŽÍNNÌNLÌŒŽÌLMÌÌLMÌŒNKLL‹LMNÌŒNKLL‹LÌŒNKLL‹L‚NLŒÎÍÍMŒÌMLÌLLÌŒÌÌLLÌŒÌŒNKLL‹LMNÌŒNKLL‹LŽNÌŒŒLKLLNLÌŽÌÎNÍÎNNÍLÌŽÍLLŒÌÍLLŒÌŒŒLLŒŽÌŒŒLLŽNÓBNLÌÎÍÎÍMÌNÌMNÌLMLŒÌÌLMLŒÌŒNKLLKLŽÌŒNKLLKLŒÌŒNKLLKLÌNLÍŽÍÍLMŽÎMLÍŽÌLŒLÌÌLŒLÌŒŒLLŽÌŒŒLLNÌŒŒLLNLÍÎÌÌŽÌNLMÎÌŒÍÎÍÌÍÌŒŒLËLŒNÌŒŒLËLÌÌŒŒLLLÂNMŽÍÎÍÍNMŽÌÌŒÎÌŽÌÌŽÌŒŒLLMŽÌŒŒLLŒÌŒŒLLÌNMÎÌLÍÌÍŒÍŽÌLŒÌÌLŒÌŒŒLËLÌŒŒLËLMNÓBNMLŽÍÎÌŒÌÍÎÎMÌÌŒÍLÎŒÌŒŒÌŒŒLLŽÌŒŒLKLŽÌŒŒLKLMÂNMMÎÌNÌŒŽNNÌMÌMÌŒÌÌMÌŒÌŒNKLLKLLŽÌŒNKLLKLNNÌŒNKLL‹LÂNMŒŽÍŽÌMÎMMNNÍÌÍÌŒNKLËLNNÌŒNKLËLŽÌŒNKLËL‚NMŽÌÌŽÎLÎMÎÌÍÎÎÌÎÌŒNKLL‹LMŽÌŒNKLL‹LŒŽÌŒNKLL‹LŽNMŽNÍÌNLÌŽÎNMÎÌMÎMLÎLÍÌMÌMLŒÌŒŒLKLŽÌŒŒL‹LŽÌŒŒL‹LL‚NMÍNÍLÎÌLNNÌÍMÌÌMŽÌÌMŽÌŒŒLKLÎÌŒŒL‹LŽÌŒŒL‹L‚NNMNÌŽÍMNÍŒŒNÌÌÌÌŒŒLKLÎÌŒŒLKLÌNÌŒŒL‹LLBŒÍNNÎLÌÎÌÌŽÎNÎLÌÌÎLÌÌŒŒLLÎÌŒŒLLÌŒŒLLM‚ŒNÌŒÎÍÌŒÎÍŒÎÎÌÌÌÌŒŒLËLÌŒŒLLÌŒŒLLBŒLÎÍÎÍÌÍŽÌMLÎNÌMÌÌÌMÌÌŒŒLËLLÎÌŒŒLËLŒÌŒŒLËL‚ŒŒNÍMÎÌÎÌLŒŽÌÍLLÌÌÍLLÌŒŒLKLŒÎÌŒŒL‹LÌŒŒL‹LBŒÌÍŽÌMÍŒÎÌÍNNÌÌÌÌŒNKLL‹LÌŒNKLL‹LÎÌŒNKLL‹LŽBŒÍÍÎÌMÍŒNÎŽLÍMMLÌÍMMLÌŒŒL‹LŽÌŒŒL‹LÎÓBŒMÌLÍLÎMŒŒNÌMÌLÌÌMÌLÌŒNKLËLŒÌŒNKLËLŒŽÌŒNKLL‚ŒNNÍÎÌLMNÍMŒÎÌLÍŽÌÌLÍŽÌŒNKLLLNÌŒNKLLLŽNÌŒNKLLKL‚ŒŒÎÌÌŽÎMMÍÎŒNÌÍÌÌÍÌŒNKLLMŽÌŒNKLLÌŒNKLKLBŒÍLNÌLÍÍŒÍNÌŒÌŒÌÌŒÌŒÌŒŒL‹LŽÌŒŒLËLLNÌŒŒLËLMŒŽÍŒÎÌLLLŽNÍÍMÌMŽÌÌMŽÌŒŒLËLÎÌŒŒLËLNÌŒŒLËLBŒNÍNNÌLÍLŽÌLÎÌLÎMÌÌLÎMÌŒŒLKLŒÌŒŒLKLŒÎÌŒŒLKLÌŒMÍNÎLNÎLÍŽÌÌÌÌŒNKLLKLÌÌŒNKLL‹LŽÌŒNKLL‹LŒMNÌÍÍŒŽÌÌÌÍÌŽÌMLÌÌMLÌŒNKLLKLLŽÌŒNKLLKLMNÌŒNKLLKL‚ŒMŽÍŽÌLMMŽÌŽÎLÎÎŒÌÎŒÌŒŒLKLÎÌŒŒLKLŽÌŒŒL‹LLBŒLNÍNÌLŽMÍÎÎNÌLÍLÌÌLÍLÌŒNKLL‹LMÌŒNKLL‹LMNÓBŒLŽÍŒÎÌLŒÎNÍŒLMNÌÌÌÌÌÌÌÌŒŒLËLMNÌŒŒLËLMÎÌŒŒLËLŽŒLMÎÍMÎÍLÍNÌÌÍMÌŒŽÌÌŒŽÌŒŒLËLÌÌŒŒLLNÌŒŒLLL‚ŒLŽÌŒNÍLMNÎMÍŽÌMÌÌÌMÌÌŒŒLKLLÌŒŒLKLMÌŒŒLKLMBŒLÍŽÍNÍÍLÎÍMŽÌŽÌÌŽÌŒNKLL‹LŒÌŒNKLL‹LÌŒŒLKLBŒLÍÎÍŽÌLNMNÍÌÍÌÌŒMŒÌÌÌŒMŒÌŒŒLLÎÌŒŒLKLNÌŒŒLKLBŒLÎÍÎÍMÍNÌÎÍÍŒMÌÌÍŒMÌÌŒŒLKLŒÌŒŒL‹LŽÌŒŒL‹LM‚ŒMÌMŽÍMŒÎÌŒMNÌMÍMŒÌÌMÍMŒÌŒNKLL‹LŒÎÌŒNKLL‹LÌNÌŒŒLKL‚ŒMÌŽÌŒÎÌMÍÎÍLÎLÎÍÍÌÌÍÍÌÌŒNKLL‹LMNÌŒNKLL‹LÎÌŒŒLKLŒMÎNÌMŽÌLMÌÎMŒÎÎÍÌÌÎÍÌÌŒNKLLKLMŽÌŒNKLLKLŒÎÌŒNKLLKL‚ŒNÎÍÎÌÍMMÎÌLÍNÌLNLÌÌLNLÌŒŒLËLÌŒŒLËLNÓBŒNLÎÍÎÌLŽÎLÍŒŽÍŽLŒÌÍŽLŒÌŒNKLKLÌŒNKLKLŒŽÌŒNKLKL‚ŒNMÎÌŒŽÌNNÌŽÌÍMLÌÌÍMLÌŒNKLLLNÌŒNKLLLNÌŒNKLLLM‚ŒNNNÍŽÌŒÎÎÌÌNÍÌÌÍÌÌŒNKLKLÌŒNKLLLÌŒNKLLLMBŒŒÌÌNÍLLŒÍŒÍNNÌÌÌÌŒNKLLŽÓNÓBŒŒNÍÌMŽNNÌŽŽÎÍŒÌÌÍŒÌÌŒNKLËLŒŽÓNÓBŒŒNÍÎÌLLNÍŒÍLŒÌÍLŒÌŒNKLLLŒÌŒNKLLKLŽÌŒNKLLKLMŒŒÎÍNÌLÍÍÍÎÌNMLÎŒLÌŒNKLL‹LÌÌŒŒLKLNÌŒŒLKLÂŒLÎÌÍÎÍLÎÍNÍŒNÌLÌÌÌLÌÌŒNKLLLLÌŒNKLLLŒŽÌŒNKLLLŒÂŒMÌŒÌMÍÍÌÎÎLŒÌÎLŒÌŒŒLKLŒÎÌŒŒLKLŽNÌŒŒL‹LŒMNÍÎÎÌÌÎÍNLŽÌÍÍLŒÌÌÍLÍŒÌŒŒLËLŒŽÓNÓBŒNÍÎÌLŽÎÌŽMÌŽÍMÎÌÍMÎÌŒNKLLŽÌŒNKLKLÌŒNKLKLŒŒNÍÍÍŽÎÍÎLŽÎLÌÎLÌŒNKLLKLŽÓNÓBŒŒŽÌMÍÎÎMÌÎÍÌŒÎÌŽÌŒŒLKLŽÌŒŒLKLŽNÌŒŒL‹LBŒNÌLÍÎÎLNÌLMŽÌÌLMŽÌŒŒLKLÌŒŒLKLÎÌŒŒLKLÌŒŽNÍÎÌMÎLNÍŽMÎÍÍLÍŒÍLÌŒNKLLKLMÎÌŒNKLLKLŽÌŒNKLL‹LBŒÍÍŽÌLÌMÍÎNLNÍÌÍÌŒNKLL‹LŒŽÌŒNKLL‹LÌÌŒŒLKLBŒÍNÍÎÍŽNÌŒMÎÌÌLMŒÌÌÌLMŒÌŒŒL‹LLÎÌŒŒL‹LNÌŒŒLËLBŒŽNNÌLÍÎŽÍÍŒÍÎLÌÎLÌŒŒLLŽNÌŒŒLKLÌŒŒLKLNŒÌMÎÍÍMŽÌLÎÎÌŽÌÌŽÌŒNKLKLNÌŒNKL‹LNÌŒNKL‹L‚ŒÌŒÎÌMNÌLNLŽÌMLŽÌÍNÌÌÍNÌŒŒLLLÎÌŒŒLLŒÎÓBŒÌNÌÍŽÌMLNMNÌLÌŒÎÌŒÍÍŽÌNÌŒÌŒNKLL‹LMŽÓNÓBŒÌŽÍNÍLÌÎÍŽŽÌŒMÍÍÌŒLŒÌŒŒLLLÎÌŒŒLLNÌŒŒLKL‚ŒÌÌÌŒNÌMLÌŽÍÌÌNÌMŒŒÌÌMŒŒÌŒŒL‹LNNÌŒŒL‹LÌŒŒL‹LŽŒÍNÍŒÎÌNMMÌÌŒMLNÌÍŒÌÌÍŒÌŒNKLKLŽÌŒNKLKLŽNÌŒNKLLLLŒÍLŽÍNÌMÍMÌÍNNÌŽÌÌŽÌŒNKLLŽÌŒNKLKLNÌŒNKLKLBŒÍŒÍMÎÌÌNÎMLÌÍŒÌÌÍŒÌŒNKLLLŒÎÌŒNKLLLÎÌŒNKLLKLÂŒÍÍÌÌÎÌLLŒŽÎÎMŽÌÍÌÌÍÌŒŒLLÎÌŒŒLKLÎÌŒŒLKL‚ŒÍÎNÌLÎÌLÎLŒÎÍÌŽNÎÌMNLÌÌMNLÌŒŒLKLŒÎÌŒŒLKLNÓBŒÎNÌŽÌÌMŽÍLŒŽÌLNLÌÌLNLÌŒŒLËLNÌŒŒLËLÌŒŒLLBŒÎŽÍNÌLŒLÌMLŒNÍLÍÌÌÍLÍÌÌŒŒL‹LŽÌŒŒLËLLNÌŒŒLËLŒ‚ŒÎÎÌMÍLŒÍNÍŒNÎÍÌÎÍÌŒNKLLKLNÌŒNKLL‹LNÌŒNKLL‹LLÂŒÎNÍÎÎMNMŽÍMŒŽNÍŽLÌÍŽLÌŒNKLËLÎÌŒNKLËLNÌŒNKLËLL‚ŒÎLNÍNÌLŒMÎÍÍÍÎÌMMŒÌÌMMŒÌŒŒLLÌŒŒLKLÌŒŒLKLMBŒÎLÎÍŒÍÍŽNÌÌLÌLŒÌÌLŒÌŒNKLKLMÌŒNKLKLMŽÌŒNKLKLM‚ŒÎMÍLŽÎMÍŒÍŽÍÌÍÌŒNKLL‹LMNÌŒNKLL‹LŽNÌŒNKLL‹LÌNÌÍŽÎNMÎÌÌLMÎÍŒÌÍŒÌŒŒLKLÌŒŒLKLLÌŒŒLKLLÍÌMMÎÌLŽNÎÌŒÌÎÌŒÌŒNKLLŽÌŒNKLLLÌŒNKLLNŽÌŒNÍÌMŽÍŒÍŽÌMMŒÎLŒÌLÍNÌŒŒLËLLŽÌŒŒLËLLÎÌŒŒLËLŒBŽÌMŽÎMŒÎÍÌŒŽÍŽÌÌÍŽÌÌŒNKLL‹LŒÎÌŒNKLL‹LNÌŒŒLKLÎÍNÌÎÌNMÍŽÌŒÌÌŒÌŒNKLLKLŒŽÌŒNKLLKLŽNÌŒNKLL‹L‚LÍNÌLÍÌÍŒNÍLLÌÍLLÌŒŒLLŽÌŒŒLLŽNÌŒŒLKLBMÍÌLÍNNÌLŒÌÌLŒÌŒNKLËLŽÌŒNKLËLÌŒNKLËLL‚ŒNÌÍÍŽLÎÌŒŽÎÌLLŒÌÌLLŒÌŒNKLËLŽÌŒNKLËLŽNÌŒNKLLBÎÍÍMMMŽÌÎMNNÍÌÍÌŒŒLËLŽÓNÓBÌNÌÍŽÌMMŽÌNŒÍÍLÌÍÍLÌŒŒLKLMŽÌŒŒLKLŽÌŒŒLKLŽÎÍÌLÎNNÍÍŽLŒŽÍMÌÍMÌŒŒLKLÌÌŒŒL‹LNÌŒŒL‹LLÎÌÍNÌLÎÎLÎÌÌÎÌÌŒNKLL‹LMNÌŒNKLL‹LMŽÌŒNKLL‹LŒ‚MNÌŽÎNNLÎÌLÌŽÌÌŽÌŒŒLKLŒÌŒŒLKLŽÌŒŒL‹LBLŒŽÍŽÎLŽÎMNÌŒMÌÌŒMÌŒŒLLŽNÌŒŒLKLŽÌŒŒLKLLLŒÎÍMNÌLMÌÌŽÌLMŒÌÌLMŒÌŒŒLKLŽÌŒŒLKLLÌŒŒLKLLÂMÎNÌMMNÍŽÎÍÌÌÍÌÌŒŒLKLNNÌŒŒLKLŽÌŒŒL‹LMŒNÍŽÎMŽNÌMÎÌNÌLÌÍŒÍÌMLÍŒÌŒŒLLNÌŒŒLLLNÌŒŒLLŒÂNÎÍÌMMŽÌÌMŽÌMÌÌÌMÌÌŒŒLËLŒŽÌŒŒLËLÌNÌŒŒLLLNŽÎNÌŒÎNÍÌMÍNÍÎÌÍÎÌŒŒLLÎÌŒŒLLMNÌŒŒLLNNNÌMÎÌMLÌÍÍNÌMMNLÌÌMMNLÌŒŒLKLÌNÌŒŒL‹LŽÌŒŒL‹LLŒÎÌNÍLŽÌŒŽÎLÎÌÎLÎÌŒNKLL‹LÎÌŒŒLKLÌŒŒLKLŒMŽÍNÌNLŽNÍŒŒÎÌÌÌÌÌÌŒŒLKLLŽÌŒŒLKLNÌŒŒLKLÌŒNÍNÍÍÍNÌÍÌÌÍÌŒNKLL‹LŽÌŒNKLL‹LÌÌŒŒLKL‚ŒNNÌÍÌMMÍÎÍLŒÎÍŒMŒÌÍŒMŒÌŒNKLKLMÌŒNKLKLNÓBŒŽÍNÌLLÎÌLMÍÎÌÌMÌŒÌÌÌMÌŒÌŒŒLLŒNÓNÓBŒÍÎÍLNÎÌNÍÌÌŒLÎÌŒÌÌŒÌŒŒLËLLNÌŒŒLËLMŽÌŒŒLËLŽLÌNÌMŒNÍLNÍÌÍÌŒNKLLLŽÌŒNKLLKLÎÌŒNKLLKLLMÍÎÌLŒNMÍÍÍMNÌMLÌÌMLÌŒŒLËLLÎÌŒŒLËLÎÌŒŒLËLÌBÌÎÌŒÍŽÍÌŽÍŒÌÍŒÌŒŒLLŽÌŒŒLKLÎÌŒŒLKLLBÍNÌÎÌLÎÎMMLŽÌLNLÌÌLNLÌŒŒL‹LÎÌŒŒLËLNÌŒŒLËLLÂÍÎÍŒÎÍÎNÎLÌNÎÌÍŒÌÌÍŒÌŒNKL‹LÌÌŒNKLËLLŽÌŒNKLËL‚ÎÌÍÌLÍŽMNÎMÎÎÎMŒÌÎMŒÌŒNKLL‹LMÌŒNKLL‹LŒÌŒNKLL‹LŽNÍMNÍÍÎÌÍÍÌÎÌÍMÌÌÍMÌŒŒLKLNÌŒŒLKLŽÌŒŒLKLŽNÍNÎMÍÌÎÌÍÎNNÌŒŽMMLÌÌŒŽMMLÌŒŒLKLŽNÌŒŒL‹LLNÓBŽŽÌÍÍLLNÌŒMMÌÎÍŒLŒÌÍŒLŒÌŒNKLL‹LMNÓNÓBÌLÍŽNÎMNÍÌNNÌMÌÌMÌŒNKLKLŽÌŒNKLLLNÌŒNKLLLBÌÌŽÍLÌMÌÌMÌLŽÌLÌŒÌÌLÌŒÌŒNKLLKLLNÌŒNKLLKLMÌŒNKLLKLŒÂÍÌÎÍÌÌŽÌMÍŽNÍÍŒÌÍÍŒÌŒNKLL‹LMNÌŒNKLL‹LŒŽÌŒŒLKLÂÍÎÍŽÌMÌÍÎÌMŒŽÍÎNLÌÍÎNLÌŒNKLLLŽÓNÓBÍŒNÍŒNÌMÎMNÍMLŒÌNÌLÎLŒÌÌLÎLŒÌŒŒLKLŽÌŒŒLKLNÌŒŒLKLBÎNÍNÍŒÌLÎÍLNÌMÌÌÌÌÌMÌÌÌÌŒŒLËLLNÌŒŒLËLÌŒŒLËLŽBŽŽÌŽÌMÍMÌÎNÌNLŒÌÌNLŒÌŒNKLLKLÌÌŒNKLL‹LLÎÌŒNKLL‹LNBŽLÎÌÍŽÌMÌMÎÎLŒÌLMÌÌLMÌŒNKLLLŽÌŒNKLLKLÎÌŒNKLLKLL‚ŽMÌLÌLNMŒNÎMÌMŽÍÍMŒÌÍÍMŒÌŒNKLLKLÌŒNKLL‹LŽÌŒNKLL‹LÂŽMÎÍŒŽÌMMMŽÍÍMŽÌŒLÍŒÌŒŽÌNLÌŒŒLLÌŒŒLLÌÌŒŒLKLLŽNÌŽÌMÍÍLNÎMLŽÌLMÍÍÎÌLMMŒÌŒŒLKLÌŒŒLKLLÎÌŒŒLKLM‚ŽÌŒNÌMŒÎÌÍÍÌLÌŒLÌÌŒLÌŒNKLLLŽÌŒNKLLNÌŒNKLKLBŽÎÍŽÌMÎNNÎLLMŒNÍÌŒÌÍÌŒÌŒŒLKLLŽÌŒŒLKLMÎÌŒŒLKLŒÂŽÍÎÍÌÍLÎÍŒLÌNMŒŒÌÌNMŒŒÌŒŒLKLLNÌŒŒLKLLÎÌŒŒLKLŽÎNÌMÎÍMÎÍNMŒLÎLÌÎLÌŒŒLËLŒÎÌŒŒLËLNÌŒŒLL‚ŽNÍLŽÌMMNLÎNÎÌÌÌÌÌÌÌÌŒŒL‹LŽÌŒŒL‹LMŽÌŒŒL‹LNBŽNÍŽÍŒNÍŒÌLŽÌMLÌÌMLÌŒNKLLLŽNÌŒNKLLKLLŽÌŒNKLLKLMÂŽLNÍNÌLMÌŽÌŒÍLŽÌLÌÌÌLÌÌŒNKLLKLÎÌŒNKLLKLÎÌŒNKLLKLNŽNÍÌLLŽÌÌŒÍNÎMÌÎMÌŒŒLKLMÌŒŒLKLŽÌŒŒL‹L‚ŽŒŽÍŽNÌMMÍÍÍÍNÎÌÎÌŒŒLKLNÌŒŒLKLNÌŒŒL‹LBŽÌÌÎÌMÍMŽÍMÎMŽÌLLLŒÌÌLLLŒÌŒNKLL‹LÎÌŒNKLL‹LŽÌŒNKLL‹LÌŽŽÌMNÍÌÍNNÍMÍMÍLŒÌÍLŒÌŒŒL‹LÌŒŒL‹LMÓBŽMÌÍŽÌLÌNÍÎMNÌŒÌÌŒÌŒŒLLMÌŒŒLLMŽÌŒŒLLŒBŽLÍNÌMŒMÎÌÍŽLLNÍÎÌÍÎÌŒNKLLKLÌŒNKLLKLÌŒNKLLKLMBŽLLÎÌNNÎÎÍMŽÌŒŒLÌÌŒŒLÌŒŒLLÌŒŒLLŽÌŒŒLLŽBŽLNNÍŽÌŽÍŒŒÎÌŽÌÌŽÌŒŒL‹LNNÌŒŒL‹LNÌŒŒLËL‚ŽLÍMÌMÎÍŽÌŽLŽÌLÌŒÌÌLÌŒÌŒŒLKLÎÌŒŒLKLLÌŒŒLKLŽMNÍLŽÌLMMŽÌÍŒŽNÌÍŒLÌÌÍŒLÌŒNKLËLMÌŒNKLËLŽÌŒNKLËLÌŽMŽNÍLNÌNLÌŽÌLÎÌÍÎÌÌÍÎÌŒŒLËLÌŒŒLËLNÌŒŒLËLŒŽNNÍÎÍÌMÎÍÍŒÎÎNMLÌÎNMLÌŒŒLËLMŽÌŒŒLËLNÓBŽNLNÎÎMMŽÍLÌÌNÍŒÌÌÍŒÌÌŒNKLKLÌŒNKLLLÎÌŒNKLLLL‚ŽNLŽÍMÍÎNŽÌÌÍNÎÌLMŒÌÌLMŒÌŒNKLKLMNÌŒNKLKLÌŒNKLKLÂŽNMNÍÎÍŽÎÌMŒÎLÎÎÌÌÌÎÌÌÌŒŒLËLŒÌŒŒLËLÎÌŒŒLLBŽNMÎÍÎÍMNNÌLÍNLÌMÌŽÌÌMÌŽÌŒNKLLKLÌŒNKLLKLNÌŒNKLLKLLBÌŽÍÎÌMŒNNÍÌÌMÎÌÍMÎLÌÌÍMÎLÌŒŒLKLÌÌŒŒL‹LÌŒŒL‹LMBÌLÎÍÌLÎÎNŒŒÎÌŽLŒÌÌŽLŒÌŒNKLLŒNÌŒNKLLŒŽÌŒNKLKLBÌMÍLÎÌNNNÌÌLŒÎÌŒÌÌÌŒÌÌŒNKLËLŽÌŒNKLLNÌŒNKLLLÌMNÎNÌMÌNÌLÍÌNÌÌŒÌÌÌŒÌŒNKLLŒÌŒNKLLŽÓBÌNNÍÌMÌŒŒÍLMLNÌMLÌÌMLÌŒNKLKLŽÌŒNKLKLNÌŒNKLKL‚ÌŒÍÌLMŽÌÌÌMŽÌMÌÌMÌŒNKLLKLLÌŒNKLLKLMNÌŒNKLLKLŒ‚ÌNÌŒŽÎÎNÍMŽMÍMLŒÌÍMLŒÌŒNKLLKLNÌŒNKLLKLÌŒNKLLKLÌŽÌLÎLÍÍŒLÌLÌÌLÌŒNKL‹LNÌŒNKL‹LMNÌŒNKL‹LŒÂÌÍÌÌNÎLÍÌŽÍLÌMLŒÌÎMMŒÌŒŒLKLNÌŒŒLKLŽÓBÌÍNÌŽÌMÌMLŽÌNŒÌÌÌÌMMÌÌŒNKLL‹LNÌŒNKLL‹LNÌŒNKLL‹LŽÌNÍNÎLŽÌÍLÌÌÌÌÌŒŒL‹LÎÌŒŒL‹LMNÌŒŒL‹LBÌÌÍÎÌÎÎLLNÌŒÍÌÌÌŒÍÌÌŒŒLËLŽÌŒŒLLŽÌŒŒLL‚ÌLÎÎNÌLÎÌÍÌLLÍÌÌNLÎMÌÌŒŒL‹LÌŒŒL‹LÌŒŒL‹LLBÌŒŽÌNÌMŽNÍLLŒÌNŒÌÌNŒÌŒNKL‹LLÓNÓBÌŽÌMNÎÍNÍÌNÌMÌÌMÌŒŒLËLÌŒŒLËLNÓBÌÍNÌLNÌLÍÍŽÍÌÌNÌŒMÎLÌÌNLÍŒÌŒŒLLŒŽÌŒŒLKLÓBÌÍŽÌÌÎÌLNÌÍLŽÌMLÌÌMLÌŒŒL‹LŒNÌŒŒL‹LŽÌŒŒLËLLBÌŽÍÎÌLŒLÎÍŒMŒŽÍÍÌÍÍÌŒNKLL‹LMÎÌŒNKLL‹LNÓBÌLŽÍNÍNÍLŽNÌMLLŒÌÌMLLŒÌŒŒLKLŒNÌŒŒLKLŒÎÌŒŒL‹LBÌLŽÍÎÌMÍNÎŽÌMÍÌÌÌMÍÌÌŒNKLL‹LŒÎÌŒNKLL‹LÌÌŒŒLKLBÌLLŽÍLNÍMÎLÎÎLMÍNÌMÌMŒÌÌMÌMŒÌŒŒLLNNÌŒŒLLŽÌŒŒLLŽÌLÌNÍMÎÌÌÍLŽÍÎÌÍÎÌŒNKLL‹LÎÌŒNKLL‹LŒNÓBÌLÌŽÌLNÌMŒŒŽÌLMMŽÌLÌÌÌLÌÌŒŒLKLMÎÌŒŒLKLŒÌŒŒLKLŒÂÌLÎÎÍNNÌNLÌŒŽÍLMŒŒÌÎNLÍLLŒŒLÌŒŒLKLŽÌŒŒL‹LÎÌŒŒL‹LLÌMÌŽNÌMMŽÍMŒÍÍÎÌÍÎÌŒNKLLLLNÌŒNKLLLMÎÌŒNKLLLŽBÌMLÍMNÌMÍLŒÍŒNLŽÍÌMÌÍÌMÌŒNKLKLŒÎÌŒNKLKLŽNÌŒNKLLLÂÌMMÍLÎÌMÍŒŒŽÍŽÌLÌMÌÌLÌMÌŒNKLL‹LŒNÌŒNKLL‹LŒŽÓBÌMMNÍŒŽÌLÍŒLÎÎLŽNÌMÍMLÌÌMÍMLÌŒNKLL‹LÌŒNKLL‹LLÎÌŒNKLL‹LMBÌMMŽÎÌLŒÎÍNLŒÌÌMŒÌÌÌMŒÌŒNKLLKLŒÎÌŒNKLLKLŽNÌŒNKLL‹LÂÌMÎÍÎÍLÎÌNÍLÌŒÌÍLÌŒÌŒNKLKLÌŒNKLKLMÌŒNKLKLŒ‚ÌMŽNÌNÌMMŽÌÎÍLÍÌÍLÍÌŒŒLKLMÎÌŒŒLKLŒÌŒŒLKLÌBÌMÌÎÌŽÎLÎÍLLÎLÌÌÎLÌÌŒNKLLKLNÌŒNKLLKLŽNÌŒNKLL‹LBÌNNÍLNÌLÌÍŽÌMÌNÌŒÍLŒÌÌŒÍLŒÌŒNKLKLÌŒNKLKLLÌŒNKLKLŒÌNNÌÍŽÌMÌÍMŽÌŽÌŒLÌÌŒLÌŒNKLKLŽÌŒNKLKLLŽÌŒNKLKLL‚ÌNÍŽÌÎMÌÌÍÎNMŒÌLÍÎŒMŒÌŒŒLËLŒŽÌŒŒLËLÌÌŒŒLËLÌÌNMNÌŽÌÌÌÍŽÌLŒÌŽÌÎLÌÌÎLÌŒNKLL‹LÌNÌŒŒLKLÌŒŒLKLNÌŒNNÍMŽÌLŒÌNÌÍÌÍÌÍÌŒNKLËLNÓNÓBÌŒŒÎÌŒŽÎNMÎÌMÎÌÎÌŒNKLLŽÌŒNKLLÌÌŒNKLKLBÌŒÎNÍMŽÍMÎMÎÎŒÌMÎÌŒÌÌŒÌŒNKLËLŽÌŒNKLËLÌNÌŒNKLL‚ÌÌMÍŽMNÎMMMMÎÍÌÍÌŒNKLLKLÌŒNKLLKLNÌŒNKLLKLM‚ÌŒÌÌNÎÌÎÍŽNÍÌŒÌMMŒÍŽÌŒŒLËLMÎÌŒŒLËLÌNÌŒŒLLLÌÌŽÌŽÌMŽMNÍÍLMÍNÍMÎMŒÍŒÌŒNKLL‹LMÎÌŒNKLL‹LŒNÌŒNKLL‹LŒBÌÎÌÌŽÎLŽÎÌŒNÌMÍLÌÌMÍLÌŒŒLËLLÌŒŒLËLLNÌŒŒLËLMÌÎNÌÎÎNÌLNÌŒLÌÌŒLÌŒŒLLLNÌŒŒLLŒÌŒŒLL‚ÌŽNÌÍÎÌLMÎÌŽMLŽÌŒMÌÌÌŒMÌÌŒNKLL‹LŽNÌŒNKLL‹LÌÌŒŒLKL‚ÌŽNÍNÍNLÌNÌMŽLÌÌÍÌÌÌÍÌŒŒLËLNÓNÓBÌŽLÍÎLMÎÌÌMŽÌLÌÌLÌŒŒLLŒÎÌŒŒLLŽÌŒŒLKLÂÌŽMÎÍÎÍÌÍÍŽÍŽLŽÌŒÌÌŒÌŒNKLKLMNÌŒNKLKLNÌŒNKLKLŽBÌÌMNÍLÎÌMÌÎÍMMŽNÍMÌÍMÌŒŒL‹LNÌŒŒL‹LLÌŒŒL‹LŒÌÌŒÍMNÎŒLÎÌMÎMŽÎMMŒÌÎMMŒÌŒŒLKLŒÎÌŒŒL‹LÌŒŒL‹LLBÌÌÌÎÍŽÌMŽŽÍŒÌÎÌMÍÌÌÌÌMÍÌÌÌŒŒLKLŽÌŒŒL‹LNÌŒŒL‹LÌÌÍNÍNÍMÍÌŒÌŽMÎÌŒLÌÌŒLÌŒŒLKLMŽÌŒŒLKLÌŒŒLKLŽBÌÌÎÍNÍŒNÍMÌNNMNLÌÌNNMNLÌŒŒLËLMNÌŒŒLËLŒNÌŒŒLËLÌÌÎNÌLŽÎNÎÎNÌÌÎÌLŽLŒÌÌLŽLŒÌŒŒLKLÌŒŒLKLŒÌŒŒL‹LÂÌÍÍNÌÌŒÎÍLÍŒÎÌÍŒÎÌŒNKLLLÎÌŒNKLLLŽÌŒNKLLL‚ÌÍÍMNÎNNÎMÍÍŽÌÌÌÌÌÌÌÌŒNKLËLLÌŒNKLËLLŽÌŒNKLËLL‚ÌÍŽÍŽÌLÌÌÍÌÍNÍÌÌŒÌÍÌÌŒÌŒNKLLKLMÌŒNKLLKLŒŽÌŒNKLLKLÌÍÍÌMÌÎNÍÍÌMÌÌÍÌMÌÌŒŒL‹LMÌŒŒL‹LMÎÌŒŒL‹LMÂÌÎÎÍŽNÌMÎNÎÍMNÌŒÍLÌÌŒÍLÌŒŒLKLMÎÌŒŒLKLÌŒŒLKL‚ÌÎÎNÌÍŒÎÍMNLÎÍMÌŒÌÍMÌŒÌŒNKLLLLNÌŒNKLLLNÓBÌÎMŽÍNÌLŒMNÍMÎÎNÌÌÎNÌÌŒŒLKLŒÎÓNÓBÌÎMÎÌŒŽÎNÌÌLÍÍÌÍÌŒNKLLKLŽÌŒNKLLKLLÓBÌÎNÍŽÍÍÌÌLÍNÌÍMÌÌÍMÌŒNKLLKLÌŒNKLLKLNÌŒNKLLKLLÍLNÌNNÌŒNNÎŒMŽÍÌÍÌŒNKLLMŽÌŒNKLLÌŒNKLKLBÍMÎÍÎÌMŒŽNÌMMŒNÍÎÌÌŒÌŒNKL‹LŽÌŒNKL‹LLNÌŒNKL‹LMBÍŒŽÍŽÌLLÍÎÍŽÌŽÍÍÌÌÍÍÌÌŒNKLL‹LÎÌŒŒLKLNÌŒŒLKLMÍŽÍÎÍNÎNLÍMNÌÍŒÌÌÍŒÌŒŒLKLNÌŒŒLKLŒÌŒŒLKLŒ‚ÍÍNÌMNÎMNÌÌÎMÎÌNMÌÌNMÌŒŒLKLÎÌŒŒL‹LÌŒŒL‹LLBÍNÌÍNÌMMÌMLÍÎNÌÌMÌŒÌÌÌMÌŒÌŒŒLKLŒŽÌŒŒL‹LNÌŒŒL‹L‚ÍŽÍŽÎŒNNÍÍÎÌŽLLLÌÌŽLLLÌŒŒLËLÌNÌŒŒLLÎÌŒŒLLÂÍMÌŽNÌLNNÌÍÎMÍNÌŒNÌÌŒNÌŒŒL‹LŒŽÌŒŒL‹LŽÌŒŒLËLÂÍŒNÌŒÎÍŽNÍMÍÌÎÍLÌÍLÌŒNKLLLŒÎÌŒNKLLKLŽÌŒNKLLKLMÍŒÎÍŽNÌŒŒŽÌŒÌLÍŽÌÌLÍŽÌŒNKLKLŽÌŒNKLKLMÌŒNKLKLMBÍŽÌMÌLNÎÎMNÍŒLÌÍŒLÌŒŒLKLNNÌŒŒLKLNÌŒŒL‹LÍÍNÌMÌMMÌŽÍLŽÌÍÍÌÌÍÍÌŒNKLLLŽÌŒNKLLLLNÌŒNKLLLMÂÍÎÍŽÍÌÌŒÎÌŽÍÌNÌÍÌNÌŒŒLKLŽÌŒŒL‹LŽÌŒŒL‹LMÍÌÍŽÌLÌÎLÌLNÌMLLÌÌMLLÌŒNKLL‹LŽÌŒŒLKLNÓBÍŽÍNÌLÌÍÎMLŽÍMMŒÌÍMMŒÌŒNKLL‹LŒÎÌŒNKLL‹LÌNÌŒŒLKLÂÍÌÎÍÍÍÌLŒLÍÍŒÌÍŒÌŒNKLLLMÌŒNKLLLÓBÍLÍŒŽÌLÌMÌÎMLNÌMÌÌMÌŒŒL‹LLŽÌŒŒL‹LMŽÌŒŒL‹LŒ‚ÍLÎÍLŽÌMÎÍŒÎÍÌŒÌÍÌŒÌŒNKLLKLÎÌŒNKLL‹LÎÌŒNKLL‹L‚ÍMNÌNÌMMÌÎŽMNÍÌŒÌÍÌŒÌŒŒLLNÌŒŒLLLNÌŒŒLLLÂÍLÌŒNÎMNÌÌLLNÍÌÌÍÌÌŒNKLL‹LŒŽÌŒNKLL‹LÌNÌŒŒLKLBÍLÎÌŽÌMLÍNÍÌŽÍÌNŒÌÌNŒÌŒNKLL‹LÎÌŒNKLL‹LÎÌŒNKLL‹LLÍLÌÍNÍNMÎÍMLŽÍÍŒÌÍÍŒÌŒNKLLKLMÌŒNKLLKLNNÌŒNKLLKLŒ‚ÍLLŽÌLNÌLÌŒŽÌMÎÌMŒLŒÌÌMNMŒÌŒŒLKLLŽÌŒŒLKLŒŽÌŒŒLKLŒÂÍLMÎÍNÎŒŒŽÎNLŽÍLLÌÍLLÌŒŒLKLLNÌŒŒLKLLŽÌŒŒLKLMÍLNÍLNÌMMMÍÌÌÍÌMMÌÌMMÌŒNKLËLNNÌŒNKLËLÎÌŒNKLL‚ÍLŽÌMNÌÌÍÌŽÌMÍÌLNLŒÌÌLNLŒÌŒŒLLNÌŒŒLLLNÌŒŒLLLÂÍLŽÌÍNÌMŒLÎNŒÍŒÌÍŒÌŒNKL‹LÎÌŒNKLËLŽÓBÍLÌÎÍÎNLÍMŒMÎÌLÎŒÌÌLÎŒÌŒŒLLLÎÌŒŒLLNÌŒŒLKL‚ÍLÍNÌŒÎLÎÎLÌMŽÌLMŒÌMŒŽÎLÌÌŒÌŒŒLKLMŽÌŒŒLKLŽNÌŒŒLKLŽBÍMÍÍŽÎÍLÌLMNLÌÌLMNLÌŒŒLLŽÌŒŒLKLLÌŒŒLKLNÍMLÍLÍLÎNÍÌÍÎÌLÌÌLÌŒŒLKLÌŒŒLKLNÌŒŒLKLMBÍMMÌLNÌLNMŒÍÍMŒLÎÌŒÌŒÌÌŒÌŒÌŒNKLLLMŽÌŒNKLLLŒNÌŒNKLLLÌBÍMNNÌÌNÍŒŒÌNÍÎŽÎÌÎÌŒNKLËLŒÎÌŒNKLLNÌŒNKLLLÂÍMŒNÌŽÌLLLŽÌLŒÌMLMNÌÌMLMNÌŒNKLL‹LŒÌŒNKLL‹LŽÌŒŒLKLÂÍMNÍMÎMNMÎÎMÎÍÎÌÌŒÌÌÌÌŒÌÌŒNKLLKLÌÓNÓBÍMŽÌŽÍLNÌŒÌÎÌLŒÌÌLŒÌŒŒLKLNNÌŒŒLKLŒÎÌŒŒLKLBÍMÍNÎÌLŒNÌŒNÌÍŒÌÌÍŒÌŒNKLKLŒNÌŒNKLKLŒŽÌŒNKLKLŒ‚ÍNŽÌŽÌMNÌÍÌMŽNÌLÌÌLÌŒŒLËLNÌŒŒLLŽÌŒŒLLÂÍŒNÌŽNÌLNNÌŽLLÎÌÌŒMŒÌÌÌŒMŒÌŒŒLKLÌŒŒLKLŽNÌŒŒL‹LL‚ÍŒÍLÌÎLÍNÍÌÌÍÌÎÍNMMLÌÍNMMLÌŒŒLKLNÌŒŒLKLÌŒŒLKLŽBÍŒMNÍŽÌLLÌŒNMÌÌÌÌMLÌÌÌÌMLÌŒŒLKLNÌŒŒLKLNNÌŒŒLKLŒÍŒNNÌNÎNÎÌŒÍLÎÌÍÌÌÌÌÍÌÌÌŒŒLKLŽNÓNÓBÍŒŒNÎÌMÍŽÎMMÌLÌÌÌLÌÌŒNKLLKLŒÎÌŒNKLL‹LNÌŒNKLL‹LLBÍŒŒŽÍNÌMÌŒŽNÌMŒŒŽÌMÍŒÌÌÌMÍŒÌÌŒNKLËLÌŒNKLËLNÌŒNKLËLM‚ÍŒÌÌÍNÌMLÍLÍÍÎLÎÍNLÌÍNLÌŒŒLËLŽÌŒŒLLÌŒŒLLÍŒÌÎÌÎÌMLNLÎÎLLÌLŽÌÌLŽÌŒŒLLÎÌŒŒLLŽÌŒŒLLÂÍŒÎÍŒNÌMÌNÍMÌÎÌLMŒÌÌLMŒÌŒNKLLÌŒNKLLLÎÌŒNKLLNBÍŽÍŒÌÌÍÌÎNMMMÌÍLÌÌÍLÌŒNKLL‹LNÌŒŒLKLÓBÍÍÎÌŒŽÌLŽLÎÍÎMMŽÍÍLÍNNLÌÍÍLMLÌŒŒLLÎÌŒŒLLÎÌŒŒLLŒBÍÎÍNÍÍŽNÎNNÎÍNMŒÌÍNMŒÌŒNKLLŽÌŒNKLKLÎÌŒNKLKLM‚ÍÎNÍÍŽNMNÌLŽÎÌŽLÌÌŽLÌŒNKLLKLMŽÌŒNKLLKLŒŽÌŒNKLLKLŽÍŽNÍMŽÍLLNÌNÍŽMÌÍŽMÌŒŒLKLMŽÌŒŒLKLŒNÌŒŒLKLŒ‚ÍŽLÎÍŽNÌLLŽÍMÍÍÎÌLÍŒÌÌLÍŒÌŒNKLLKLŽNÓNÓBÍÌÌŽÌMÍLNNÍÍŒMÎÌÌÌÌŒNKLLLNÌŒNKLLLMNÌŒNKLLLŒ‚ÍÌŽÍNNÌMŽMÎÎMMÍÌLÌÍÌLÌŒŒL‹LŒNÌŒŒLËLÓBÍÌÎÌÍNÌLŒÍLŽÌLŒÌÌLŒÌŒŒLËLNÌŒŒLËLÌŒŒLËLÍÌÌŒÌMLÍÎÌÍÍNŽÌMÍÌÌÌMÍÌÌŒŒLËLŒÎÓNÓBÍÌNÍÎÌMŒMÌÌÌŽÎLŒÌÎLŒÌŒŒLKLLNÌŒŒLKLŒŽÌŒŒL‹L‚ÍÌLNÌÍNÍŒŒÎÎÍÌÎÌNLNÌÌNLNÌŒŒLËLNNÌŒŒLËLŽNÌŒŒLLÂÍÌLŽÍÎÍÍÌÍMMMÍÍÌŒŒÌÍÍÌŒŒÌŒNKLLKLNÌŒNKLLKLÎÌŒNKLL‹LBÍÌNÌÎÌÌŒÎŒÍÎÍÎÌÍÎÌŒŒLKLÎÌŒŒLKLMŽÌŒŒLKLÍÌŒÍÎMNÌÌLLNÌÌÌÌŒNKLL‹LŒÎÓNÓBÍÌŒÎÍLÌNLŽÌMÎÌLÎÌÌLÎÌŒNKLËLŽÌŒNKLLŽÌŒNKLLMÍÌÌŽÌLÌÌŒLŽÌŽLMŽNÌŒŒÌÌŒŒÌŒNKLLKLŽÌŒNKLLKLÌÌŒNKLL‹L‚ÍÍNÌNNÎNÍÌNÌÌNÌÌÌNÌŒNKLKLŒNÓNÓBÍÍŽÌMÌLLLŒNÌÎÌÍÎÌÌÍŒÌÌŒNKLLKLLÌŒNKLLKLMÌŒNKLLKLMBÍÍNÌŒÍLÎÎÌNÎMLÌÎMLÌŒŒLLLÎÌŒŒLLÌŒŒLKL‚ÍÍÎÌLÎÌMMÍNÌÌNŒÎÌLŒÌÌLŒÌŒNKLL‹LÎÌŒNKLL‹LŒNÌŒNKLL‹LŒÂÍÍMNÌÌNÌLŒŽÍMÍŽÌMŒŒÌÌMŒŒÌŒNKLLLŒÌŒNKLLLNÌŒNKLLL‚ÍÍÎNÍNÎMLŽNÎMÌŒÎNÎLÌÎLÌŒŒLKLÌŒŒL‹LNÌŒŒL‹LMÎŽÍÎÌMÍLNÍÎLÎÌLMLÌÌLMLÌŒNKLLKLŽÌŒNKLL‹LÎÌŒNKLL‹LLBÎLŽÌÎÌMMŒLŽÌLÌLŒÌÌLŒÌŒNKLLLŽÌŒNKLLLÌŒNKLLLM‚ÎNÍÌLÍNLÎÌLÎLÌLMŒÎÌÌLMŒÎÌŒŒL‹LŽÌŒŒLËLLÌŒŒLËLLÎÌNÍŒÍLNÌNMLŽÍÌÍÌŒŒLLÎÌŒŒLLŒNÌŒŒLL‚ÎNÌŽÌLLNÍÍÍŒÌÍŒÌŒNKLL‹LÎÌŒŒLKLÎÌŒŒLKL‚ÎNÌÌÎÌMÎNÌŽLÌÌLÌÌLÌŒNKLËLLÎÌŒNKLËLMŽÌŒNKLËLŒBÎMŽÌŽNÌLLŒNÎLÌLNÌMMŒÌÌMMŒÌŒNKLLLŽNÓNÓBÎMÎÍNÎLLNÍNŒNNÌNÌÌNÌŒNKL‹LÎÌŒNKLËLLNÓBÎŒÌNÌLMLÎNÍŽMLÌÎÌLÌMŒÎÌÍÌÌŒÌŒNKLLKLŽÌŒNKLLKLLŽÌŒNKLLKLL‚ÎÎNÍLÌLÎÌÎÍLMNÌŒÌÌŒÌŒŒLËLÌNÌŒŒLLÌŒŒLLM‚ÎÍŽNÌLÎŽÍÎMLÌŽÌLLÌÌŒLÌLÍLÌŒŒLKLÎÌŒŒLKLNÌŒŒLKLŒÎÌLÌLNÌMLMÍÌLÌÌLÌŒŒLËLLNÌŒŒLËLŒÎÌŒŒLLÎLÍŒŽÌMŒÌŽÎÎÍÎÌÍÌÌŒÌMÍÌÍÌMŒÌŒNKLL‹LÌŒNKLL‹LNÌŒNKLL‹LNBÎLŽÍÎÎMÌNÎMÍMMÍŒNÌÍŒNÌŒŒLKLLÌŒŒLKLMŽÌŒŒLKLŒÎLLŽÌNÌMŽŽÍÌLMŽÍŒÌÍŒÌŒNKLKLNÌŒNKLKLŽÌŒNKL‹LÂÎLNNÍŽNÍÎNÍŽMŒÍMŒÌÍMŒÌŒNKLLLNÓNÓBÎLÌÎÌLMÍŽÌÍŒŒŽÎÌÎÌŒNKLL‹LŽÌŒNKLL‹LMNÌŒNKLL‹LÎLÍNÌLŽÌMÌÌNÍLNNÍÍÌÌÍÍÌÌŒŒLKLÎÌŒŒL‹LŽÓBÎMÍÎÍMŒÎÎŽLÍLÌÍLÌŒNKLLKLMÌŒNKLLKLMNÌŒNKLLKLŽBÎMLNÍÌŒMÍÌMÌNÌÌMÌLÌÌÌMÌLÌŒNKLL‹LŽNÓNÓBÎMMÍNÌLLÎÌŒMLÍÎÌLÍLŒÌÌLÍLŒÌŒNKLLKLŒÌŒNKLLKLŒÎÌŒNKLLKLÂÎMMNÍNÍNÎÌŒÎÌŒŽLÌÌŒŽLÌŒNKLKLLŽÌŒNKLKLNÓBÎMNNÌÎÌŒLÌÍÌŽÌMÍLÌŒLÌMÍLÌŒNKLLLÌŒNKLLLÎÌŒNKLLLBÎMŽNÌÎÌÎNNÌÍLMŽÌŒŒŒÌÌŒŒŒÌŒNKL‹LŒÎÌŒNKLËLNÌŒNKLËL‚ÎMÍŽÍNNÌLÍÍŒNNÌMMÌŒÌÌMMÌŒÌŒNKLËLNÌŒNKLËLÌÌŒNKLLBÎMÎÌMÌLÍŒŒÎÍŒMÌŽÌLMÌÌÌLMÌÌŒNKLLKLŒNÌŒNKLLKLŽÌŒNKLL‹L‚ÎNÌNÌÎÌNMÎMÌŽÌÌŽÌŒŒLËLMŽÌŒŒLËLÌÌŒŒLËLÌÎNMNÍÌMNÌLNÍÌÍÌŒNKLLKLŒNÌŒNKLL‹LŽÓBÎNMÎÍŽNÌMÎŒNÌÌŽNÌÍÍLÌÌÍÍLÌŒNKLKLÎÌŒNKLKLLÌŒNKLKLLBÎNNNÌŽNÎNLÌLLŒNÌÍNMLÌÌÍNMLÌŒŒLKLŒNÌŒŒL‹LŽÌŒŒL‹LŽÌMŽÌMŽLNÌŽNÍŒÌÍŒÌŒŒLKLÎÌŒŒLKLLNÌŒŒLKLM‚NÍŒÌLMÌÎÍŽÌŽLÌÌŽLÌŒNKLLKLÌÌŒNKLL‹LLNÌŒNKLL‹LM‚NNÌÎNÍLŽMŽÎLNLŽÌMNÌÌMNÌŒNKLLKLMÌŒNKLLKLŒŽÌŒNKLL‹LNÌLŽÎMLÎNÎMÍÍÌNÌÍÌŒÌNÌÌMŒÌŒŒLKLÎÌŒŒLKLMÌŒŒLKLMÂÌÎÍÎÌŽÍŒLLÎÍLÌŒÍÍÌŒŒLËLŽÌŒŒLLLNÌŒŒLLŒÂÍÍŒÌMLLÎÍÎLNÌMŒÌÌMŒÌŒŒLËLÎÌŒŒLËLÌŒŒLËLŒÎÍŽÍNÎMMÍÌMŽÌÌMŽÌŒNKLKLŽNÌŒNKLKLÌÌŒNKLLLLMÌÎÌLŽNÎŽÌÍŒMŒÌÍŒMŒÌŒŒLËLŽÌŒŒLËLLŽÌŒŒLËLMÂMŽÌŒNÌLÌÍŽÌMÌNÌNŒÌÌNŒÌŒNKLKLÎÌŒNKLKLLÌŒNKLKLMŒÌÎNÌMÌNÌLÎNÍMÍÍLÌÍMÍÍLÌŒNKLLKLŽNÌŒNKLL‹LLŽÌŒNKLL‹LŒŽÌŒNÌLLŽÎNÌÍMÌÌÌÍMÌÌŒŒL‹LŽÌŒŒLËLLŽÌŒŒLËLMÂNÌLNÍÌLLŽÍÍÍŽNÍLÌÍLÌŒŒL‹LLŽÌŒŒL‹LMÌŒŒL‹LŒ‚ÌÌÌNÌLLÍLNÍLMÎÌŒMÎLÍNÌMÍÍÌŒÌŒNKLLKLNÌŒNKLLKLÎÌŒNKLLKLBÍŽÌMÌMMÎÌMLÍÌŒÌÌŒÌŒŒLËLÎÌŒŒLËLÎÓBÍÎÌŒNÎLNÌŒMLŽÌLŽMLÌÌLŽMLÌŒNKLL‹LŽÌŒNKLL‹LMNÌŒNKLL‹LŒBÎNÍŽÌLÍMNÎÌŒNÌMÍŒÌÌMÍŒÌŒNKLL‹LŒŽÌŒNKLL‹LÌNÌŒŒLKLŽÌÍNÍÌÍÍNÎMLŽÍMLÌÍMLÌŒŒLLNÌŒŒLKLÎÓBNÍŽÎMÌÎÌLÎMŒÌÎMŒÌŒNKLKLŽNÌŒNKLLLLÎÌŒNKLLLNNÌÌÎÎNÌÌÍŽÍMŒÌÍMŒÌŒNKLL‹LLÌŒNKLL‹LMNÌŒNKLL‹LŒBMNÍNÌLMÎÎMLÌŒŽÌÍÌÌÌÍÌÌŒNKLLKLŽÌŒNKLLKLLÎÓBNÌMNÌMMŒNÍLÍÌÎÌŒÌŒÌÌŒÌŒÌŒNKLLLMÎÌŒNKLLLŒŽÌŒNKLLLBLNÌMNÌMŽNÍÍLŒLÌNŒÌÌNŒÌŒŒLLNÌŒŒLLLÌŒŒLLMLLÎÍÌMMNÎÌÍÌMŽMŒÌÌMŽMŒÌŒŒL‹LÌŒŒL‹LNÌŒŒL‹LNLNNÌÌÌMLŒLNÎMÍÍÎÌLŒÌÌLŒÌŒŒL‹LMÓNÓBLŽNÍÎÌMMÌŽNÍÍÌŽÌŒÎÌÌŒÎÌŒNKLLLNNÌŒNKLLLŒNÌŒNKLLL‚LÌÎÌMÌMMNÍMÍÌŒÌÍÌŒÌŒNKLL‹LŽÌŒNKLL‹LMÌŒNKLL‹LNBLÎNÌMŽÍÎLÍÎÌŒNÌLŒÌÌLŒÌŒNKLL‹LNNÓNÓBMLÎÌLÎÎMMLÎÍŒLNÌMŒÌÌMŒÌŒNKLLKLMŽÓNÓBMMŽÌÌŽÍŽŽÍÌNNÌMŒÌÌMŒÌŒŒLËLNÌŒŒLËLMÌŒŒLËLMMŽÍLŽÍÍLÌŒLMLŽÌŒŒŒÌMLÌÌŒÌÌŒŒLKLMÎÌŒŒLKLŒŽÌŒŒLKLÂMŽNÌŽNÌMÌÍŽÌÌMŽÌMÌÌÌÌLŒÌMNÌŒNKLKLÌŒNKLLLÎÌŒNKLLLBMÎÌÎÌŽÎÌÍÎMŽÎŒÌÎŒÌŒŒLLÌÌŒŒLKLLNÓBNNÌMNÎLMÎÍÍMMNÍMÌÍMÌŒNKLKLMÎÌŒNKLKLŽNÌŒNKLLLBNŽÌŽNÌMNMŽÌÍÍÍMŒÌÍÍMŒÌŒNKLLKLŽÌŒNKLLKLNÓBNNÌŒŽÌLLÌÎÌŽLÍÍNÌÍMÌÌÌÍMÌÌŒNKLLKLŽÌŒNKLLKLÎÌŒNKLLKLNBNNÍNÍŽLŽÍÍÌŽÍÍÌÌÍÍÌÌŒNKLLKLÌÌŒNKLL‹LŽÌŒNKLL‹LÂNNÍMŽÍŒŒMÎÍÍNÍÌÍÌŒŒLKLMÌŒŒLKLMNÌŒŒLKLM‚ŒNÌŒÌLŽMLNÍNMŒÌÌŽLÌÌÌŽLÌŒŒLKLLŽÌŒŒLKLMŽÌŒŒLKLNŒŽÌLÎÌÎLŒNÍŒMŒÌŽÌÍÌÌÌÍÌÌŒŒLËLŒNÌŒŒLËLŒŽÌŒŒLËL‚ŒŽÍÎÍŒÌŽÌNLÍÍNÌÍLÌÌÍLÌŒŒL‹LLNÌŒŒL‹LLŽÌŒŒL‹LŒBŒNÌÎÌÌMŽÍÍMNÌŒŒÌŒÌÌŒŒÌŒÌŒŒLKLNÌŒŒLKLNÌŒŒLKLM‚ŒLÎÌMNÌLÍÍŽMÍMNÍNŒÌÍNŒÌŒŒLKLŽÌŒŒL‹LNÌŒŒL‹LLŒMNÌŽÌMMÍÌŽNÍÍÌÌÍÍÌÌŒNKLL‹LMÎÌŒNKLL‹LNÌŒNKLL‹LÂŒÌÎÍLÌLŽLŽÍMÍMŒÍŒÌÍMŒÍŒÌŒŒLKLLÌŒŒLKLŒÌŒŒLKLŒÎNÌLÎÍÍŒNÎMLÌMMLÌÌMMLÌŒNKLL‹LMŽÌŒNKLL‹LŒÌŒNKLL‹LBNÎÌŒMNÌÎLÍŽÌÍŽÌÌÍŽÌŒŒLLMŽÌŒŒLLÌÌŒŒLKLMŽÍNÌÌŽNÌŒÎNÍMLÌÍMLÌŒNKLKLNÌŒNKLKLŒÌŒNKLKLŽŽÌMŽÍÍLŒNÍŒÎNÎÌÎÌŒNKLLÌŒNKLKLNÌŒNKLKLLÂNNÌÌNÌNÍNÌŒÌÌÌÎÌMLŒÌÌMLŒÌŒNKLLKLNÌŒNKLLKLNÌŒNKLL‹L‚ÌŒŽÌLÎLÎÌŒNÍÎMÌÍÎMÌŒNKLLÌŒNKLLMÎÌŒNKLLNBNÌŽÌLŒÍŽÌÌNÌŒÌLÌÌŒÌLÌŒŒL‹LLÌŒŒL‹LLNÌŒŒL‹LBÌÎÍNÎLÍÌŽÎÌÎÌŒŒLKLŒÎÌŒŒLKLÎÌŒŒL‹LBÍŽÌMÎÌÌŒŒNÍÎMÎÌMÌÌÌMÌÌŒNKLLLŽÌŒNKLLLMÌŒNKLLLMBŽÎÌŒNÌÌLŽÌÍMÌMŽLŒÌÌMŽLŒÌŒNKLLKLNÌŒNKLLKLLŽÌŒNKLLKLNBŽÍNÌÍMNÍŒNÌMÌÌÍÍLÌLLLÌŒŒLËLÎÌŒŒLËLLNÌŒŒLËLŒ‚ŽLÌMÎÌLŽLÌÎÌMÌÎLNÌNLŒÌÌNLŒÌŒŒLËLNÌŒŒLËLNÌŒŒLËLBŽMŽÍLNÌMÌLŽÌŒÍMÌÎÌMÌÌMÌŒNKLLLŽÌŒNKLLLNNÌŒNKLLLÂŽNÍMÎÍMNÌLMÎÎÌÎÌŒŒL‹LMNÌŒŒL‹LMÎÌŒŒL‹L‚ÌLNÍNÌŒLŽÌÍÍÍLLÌÍLLÌŒNKLLÎÌŒNKLLMNÌŒNKLLŒÂÌMŽÌÎÍÌÌŽÍÍÌLLÎÌÌÌÌÌÌÌÌÌÌŒŒL‹LÌŒŒLËLNÌŒŒLËLM‚ÌŒÎÌŽÌŽMŽÌMÍÍMLÌÍÍMLÌŒŒLLÎÌŒŒLLÎÌŒŒLLMÂÌNÌÎNÌMÍMÌŒŽÍLŒÌÍLŒÌŒNKLLKLÎÌŒNKLL‹LNÌŒNKLL‹LMBÌÎÌÌNÌLÍŽÌŒÌŽÍLÌÍLÌŒNKLL‹LNNÌŒNKLL‹LŽNÌŒŒLKL‚ÌÍÎÍÎÎÎÌŒLÌÌLÌÍŒÌÎNÌŒŒLKLÌŒŒL‹LÎÌŒŒL‹LÂÍNÍLNÍÎÍŒLLMÎÌŒLÌÌŒLÌŒNKLKLMNÌŒNKLKLMŽÌŒNKLKLŒ‚ÍLNÌÌŽÌMNÍÍMLNÌLŒÌNÌLŒÌŒŒLKLLÎÌŒŒLKLŒÎÌŒŒLKLÍŒÌŒŽÌLMÎLNÎNNÌŒŽÌÌÌŒŽÌÌŒŒLKLÎÌŒŒLKLMNÌŒŒLKLŽBÍÌÎÍMŽÌÎNÌLÍNÌNÌÌÌNÌÌŒNKLL‹LÎÌŒNKLL‹LLŽÌŒNKLL‹LMÍÍÌŒNÍŒÎÍMMÍÎŒÌÍÎŒÌŒŒLLLNÌŒŒLLŒÌŒŒLLÌÎNÌNÎNMÍÍŒLÍLÍÌMŒÌÍÍŽÌŒŒLËLŒÓNÓBÎLNÌÎÌMMLŽÎÎLLNÍMÎLŒÌÍMÎLŒÌŒŒLKLŒÓNÓBÎNNÌÎÌMŽÌŒNMÍÌÎÌÍÌÎÌŒNKLKLŒŽÌŒNKLKLÌŒNKLKL‚ÌMŽÌMÎLÌÎÌŽMÌŽÌLŒŒÌÌLŒŒÌŒŒLKLNÌŒŒLKLÎÓBLÌNÌMÌMÍŒÌÌLLÌÌLLÌŒNKLLKLMNÌŒNKLLKLMÎÌŒNKLLKL‚MŽÍMNÍÍÎÍŒMŒŽÌÍŒÌÌÍŒÌŒŒLLŽÌŒŒLKLNÌŒŒLKLLÂÎÍŒÎÍŒLŽÌÌÍMNÌMŒÌÌMŒÌŒNKLL‹LŒŽÌŒŒLKLNÌŒŒLKL‚ÌÎÍÌÌMÌÍŒLMLÌŽÌÌŽÌŒNKLL‹LÌŒNKLL‹LNÌŒNKLL‹LŒÍNÍNÍLÍNÌMÌÌÌÌÌÌÌŒNKL‹LŒŽÌŒNKL‹LŽÌŒNKLËLLÎNÍÌLNLÎÍLNLNÌMŒÌÌMŒÌŒNKLL‹LÎÌŒNKLL‹LMÌŒNKLL‹LMNÍŽÍÍNÍŽLŒNÌŽMŒÌÌŽMŒÌŒŒLLÌÌŒŒLKLÎÌŒŒLKLMŒNÌMŽÌLLLŒNÍLÎÌMŒMÌÌÌMŒMÌÌŒNKLL‹LŽÌŒŒLKLLNÌŒŒLKLŒÂŽÍNÌMÍÍNNNLŽÍLÌÍLÌŒNKLËLMÎÌŒNKLËLŒNÓBNÍNÌÍNNÍÌŒŽÌLLŽLÌÌLLŽLÌŒŒLËLNÌŒŒLËLŽÌŒŒLËL‚ÎÍŒÍÌNNÎNŒNÌLÌÌÌLÌÌŒNKLËLÎÌŒNKLËLMÌŒNKLËLŽÍŽNÌLÌÌLÎMŒÎÌNLÌÌÌNLÌÌŒŒLKLÌŒŒLKLMNÓBMÎÌÍNÌMÎÌMŒŽÌÍÌÌÍÌŒNKLL‹LŽÓNÓBNÍMÎÍŽLMÎNNÍŒŒÌÍŒŒÌŒNKLL‹LMÎÌŒNKLL‹LŒÌŒNKLL‹LBLÎÍŽÌLŒMŒNÍNMMÎÌMÍŒÌÌMÍŒÌŒNKLL‹LŒNÌŒNKLL‹LŒŽÌŒŒLKLBLÎÍLÎLŽÎMŽÎNMÍLÌÎNMÍLÌŒŒLKLMÌŒŒLKLÎÌŒŒL‹LBLMNÍÌLÍLLÎÍNNÌLŒÌÌÌLŒÌÌŒNKLLMNÌŒNKLLNNÌŒNKLKL‚LÌŽÌÎNÌMŒMNNÎŒÎÌNMŽÌÌNMŽÌŒŒL‹LLÌŒŒL‹LLŽÌŒŒL‹LMBMLÍLŽÎŒŽÍNÍŽÍMLÌÍMLÌŒŒLËLMÌŒŒLËLŒÌŒŒLËLBMÌÍŽÌÌNNÎLÌLÌŽÌNLÌÌNLÌŒNKLL‹LMÌŒNKLL‹LMÎÌŒNKLL‹LŒ‚MÍÍÎÍÌŒNÌŒÎÍLÌÍLÌŒŒLËLLŽÌŒŒLËLŒNÌŒŒLËLMÎÌNÎMMÌMÌÍÍŽÌŒNLLÌÌŒNLLÌŒNKLL‹LŒÌŒNKLL‹LÌNÌŒŒLKLNÎNÍMÍMLNMŽÍNÌÌÍNÌÌŒNKLKLNÌŒNKLKLŽÌŒNKLKLBNNÍŽÌÍLMNÌÎŽÎŒÌÎŒÌŒNKLL‹LŒNÌŒŒLKLÌŒŒLKLL‚NLÌÎÍNLNÎMÍÍMNÌLŒÌÌLŒÌŒŒLKLŒŽÌŒŒLKLŒÎÌŒŒLKLÂNMÎÌŒÌMLÌMÌÍŽÌÎÍLÌŒÌÍLÌŒÌŒNKLLLMÎÌŒNKLLLŒNÌŒNKLLLŒÎNÌMÍŽNÌMŒŒÌLŒÍŒÌÌLŒÍŒÌŒNKLËLŽÌŒNKLËLÎÌŒNKLËLMŒŽÍLÍÌMNÍMMŽÌLÌÌLÌŒNKLKLÌŒNKLKLÎÌŒNKLKLL‚ŒNÌLNÌLŽÍÌÌŽÍÌÍÌŒŒLKLNNÌŒŒLKLÌŒŒL‹LBŒÌMÌÌÌNÌÍLÎÌMLNÌÌMLNÌŒNKLËLNÌŒNKLËLMÌŒNKLËLŒŒŒŽÎNÎLÌŽŽÌÎMŒÌMŒÌÎÌŒŒLLLNÌŒŒLLMŽÌŒŒLLNŒŽNÌÌÍŒÍŒNÎÌNMŒÎÌNMŒÌŒNKLLKLŒÎÌŒNKLL‹LŽÌŒNKLL‹LLBŒÍÍÎÌMÍMNÍNNNNÌÎMŒÌÌÎMŒÌŒNKLKLÎÌŒNKL‹LLÌŒNKL‹LMÍLÎÌMŽMMÎÎMÌLŽÌLLÌŒÌÌLLÌŒÌŒNKLLKLMNÌŒNKLLKLŒNÌŒNKLL‹LBŽNÌÍÌLÌŽLÎÌŽMMÍŽÌMÍÍÌÍÌMÍÌŒŒÌŒŒLLŽÌŒŒLKLÎÌŒŒLKLBŽÍNÎNNÌŽÌŒÌLÌÌŒÌLÌŒŒL‹LNÌŒŒL‹LŒNÌŒŒL‹LŽMNÍLÌÌMNÎÎMÌÎLÌÌÎLÌŒNKLKLLNÌŒNKLKLMÎÌŒNKLKLNÌÎÌÌMMLÌLŒŽÌŒŒÌÌŒŒÌŒŒLLŒÌŒŒLKLNÌŒŒLKLBÌNÍŽÍŒŒÎÍÌLÌÌŽLÎLÌÌŽLÎLÌŒŒL‹LŽNÌŒŒLËLLNÌŒŒLËLŒ‚ÌLÎÍMNÌMLÍNÎMÍNÌÌÎNÌÌÌÎNÌŒŒL‹LLŽÌŒŒL‹LMŽÌŒŒL‹L‚ÌŒÍŽÌLMMLŽÌMMNÎMÍLÌÎMÍLÌŒŒL‹LŽÌŒŒLËLLÌŒŒLËLMÂÌŒŽÍNÌÍLNÌMLÎMNÌLMŒÌÌLMŒÌŒŒLKLNÌŒŒLKLMÎÌŒŒLKLNBÌŽÍÌLÍLÍÎLÍŽÎÍÌÌÎÍÌÌŒŒLKLMÎÌŒŒLKLŒÌŒŒLKLŒÂÌÌÍNÎŽÎLLNÌŒÌÌÌŒÌÌŒNKLKLŒNÌŒNKLLLŽÌŒNKLLLL‚ÌÌÎÍNÍLŽÍMNÎŒŒÌÎŒŒÌŒŒL‹LŽÌŒŒLËLNÌŒŒLËLLBÍNÍMÌLÎÍNÍÎÍLLÌÍLLÌŒNKLKLNNÌŒNKLKLÌŒNKLLLBÍNÍÎÌMÍÌLŒŽÎŒÌÎŒÌŒŒLLMÎÌŒŒLLNÌŒŒLLNÍŒÎÍŽNÌLŽLNÌÌÌŽÎLLÌÎLLÌŒNKLLÌNÌŒNKLKLNÌŒNKLKLŒÍÍÎÎLMNÍLÌŒŽNÌNÌÌÌNÌÌŒŒLKLŒNÌŒŒL‹LÌŒŒL‹LBÍŽNÍLÎÌLŽLŽÎŽLÎÌMLÌÌMLÌŒNKLLNÌŒNKLKLŽÌŒNKLKLMBÎÌÌÎÌLMŽÌLÎLŽÌLÌLÌÌLÌLÌŒŒLKLNÌŒŒLKLŒÌŒŒLKLŒÂÎLÎÌŽÎMŒÌNÍÎÌÎLÎLÌÌÎLÎLÌŒŒLLÎÌŒŒLKLÎÌŒŒLKLLBÎMŽÍÎLÌNÌNLMŽÍMŒÌÍMŒÌŒNKLKLŽÌŒNKLKLÎÌŒNKLLLÂŽÍŽÌLNÌŒŒLLÍLÌÍLÌŒŒLËLNÌŒŒLËLMÌŒŒLËLŽÍŒÌMMLÎÌNŒÌÌŒÌÌÌŒÌŒNKLLLNÌŒNKLLLÌŒNKLLLŽÎÍMŽÌMMŒNÍŒMMŽÌMŒÌÌMŒÌŒNKLLLNÌŒNKLLLŽÌŒNKLLLLNÍNÍŒÍÌNLÍÌŒLÌÍÌŒLÌŒNKLKLÌŒNKLKLLNÌŒNKLKLŒÂÍŒÎLÎÌÎMŒŽÌÌÌÌŒNKLL‹LÌNÌŒŒLKLMÌŒŒLKLÍŽÍÎÌLÌÌNÌÌŽÌMLNÌÌMLNÌŒŒLKLŽÌŒŒLKLÎÌŒŒLKLÌÎNÎÍŒÌMŽÍÍLNÌŽLLŒÌÌŽLLŒÌŒŒLKLŽÌŒŒLKLÎÌŒŒL‹LÂNÌNÎŽMÌLŽNÌNMÌÌNMÌŒŒLLŽÌŒŒLKLNÌŒŒLKLMÂLÌÍNÌŽLÍNÍŒÌŒÍNÌŒÌÌŒÌŒŒLLNÌŒŒLLMŽÓBLNÎNÌLLLŽÍNÍÌŒÎŒÌÌŒÎŒÌŒNKLLKLÎÌŒNKLLKLLŽÌŒNKLLKL‚MÍÌMÍNÍLŽLMÌŽÌÌŽÌŒŒLËLŽÌŒŒLËLÎÌŒŒLËLLŽÌLÌMMÎÍÍŒÌÍŒÌŒNKLLKLNÌŒNKLLKLLNÌŒNKLLKLŒÂÎÌŒÌMÌÍŒŒNÌŒLÌÌŒLÌŒNKLLKLŒÎÌŒNKLL‹LÎÌŒNKLL‹LLBÍÍÌLÌÎÌŒMLÌÍŒÎÌÍŒÎÌŒŒLËLÎÓNÓBÍŽÌŽÌLNÌÎÌŽLÎÍÌÍÌŒNKLL‹LŒŽÌŒNKLL‹LŽÌŒNKLL‹LŽÍNNÌMLÌŽÍÍÌÍNÌMŽLÌÌMŽLÌŒŒLKLÎÌŒŒLKLLÎÌŒŒLKLÂÎÌÌNÌMÎŽÎLÎÍMÌLÌÍMÌLÌŒŒLLŽNÌŒŒLKLÌŒŒLKLBLÍÎÌLNÌNÍÌÌÍÌÌŒŒLKLŽÌŒŒLKLŽNÌŒŒL‹LBLŽÍÎÌMÍNÍÌMŽÌLŽÌÌÌLŽÌÌŒNKLLKLÌÌŒNKLL‹LLŽÌŒNKLL‹LM‚LNÍŽÌÍÍNÍLŒŒÍLÌÍLÌÍLÌÍLÌŒŒLKLŒŽÌŒŒL‹LŽÌŒŒL‹LL‚LŒNÍÎÌMŒŒÎÌNMŽÎMŒÌÎMŒÌŒNKLLLNNÌŒNKLLLŽÌŒNKLLKLLBLŒŽÌÍNÍMÌÎÎLŒÌŽÌŽÌÌŽÌŒŒLLNÌŒŒLLŒŽÓBLŒÎÌMÎLŒŒÎÍŽMŽÍŒNÌÍŒNÌŒŒLKLŽÌŒŒLKLLNÌŒŒLKLMÂLÌÍLÌMŒÍNÍÌŒÎÌŽÌÌŽÌŒNKLLLÓNÓBLÎÍŒÌMŒŽÎMNÍŒÍŽLÍŒÌÎLÌÌŒNKLL‹LÎÌŒNKLL‹LMÎÌŒNKLL‹LNMÎÌÎNÌÌŒÎÍMÎÌMMŽÌÌMMŽÌŒŒLËLŒNÌŒŒLËLŽNÌŒŒLL‚MŒNÌÌÎÌMŒŒŒNÌŒLLNÌLÍÌÌLÍÌŒŒLKLLÌŒŒLKLLŽÌŒŒLKLŒBMŒŽÍŽÌLLÍŽÍLÌŒMŽÍÍLÍÌŒÍÍMŽÌŒŒLLÌŒŒLKLNÌŒŒLKLÂMŽÍLÎÌÌMÍNLŽÌMŒŒÌÌMŒŒÌŒŒL‹LÎÌŒŒL‹LMNÌŒŒL‹LM‚MÍÎÍÌLŽNLÎÌŒMNÌMÌÌÌÌMÌÌÌŒNKLL‹LŒNÌŒNKLL‹LŒŽÌŒNKLL‹L‚MÎÌŽNÍŒŒLNÍÎLMŽÌŒLÌÌŒLÌŒNKLL‹LÌÌŒŒLKLLNÌŒŒLKLŒÂNNÍMÎÌLŽŽÌÌÍLŽÎLÌÎLÌŒNKLKLŒÌŒNKLKLŒNÌŒNKLKLNÎÍNÌMNÎÎMÎNÌŒLÍŒÍÌŽÌŒŒÌŒÌŒŒLËLŒŽÌŒŒLËLÌÓBNLŽÌMŽÌÌNMÍNMŽLÎÌMÌÌMÌŒNKLLKLŽÌŒNKLLKLÎÌŒNKLL‹LBLNÌŒÌŽLŽÎLNÍÌMÌÍÌMÌŒŒLKLÌŒŒLKLNÌŒŒLKLŒÂLŽÌÌNÍŒÌÍNNÌMÍÌÌMÍÌŒŒLKLŽNÌŒŒL‹LŽÌŒŒL‹LBLÎÌÎÌÍÎÍŒÎÌÍÌÌÍÌŒNKLLKLNNÌŒNKLLKLŒÌŒNKLLKLŒ‚LNÍNÎMŽÌÎŽÍÍÌÌÍÍÌÌŒŒLËLMŽÌŒŒLËLŽÓBLÎÍÎÎÌŽÍMŒÎÍMÌLÌÍMÌLÌŒŒLLŒNÌŒŒLKLÌŒŒLKLLLŽÌMÌLŽMŽÍLŽNÌLÌÌLÌŒNKLLKLNNÌŒNKLLKLÌÌŒNKLL‹LL‚LLÎÌMNÌLŒŽÌMÎÎÌÌÎŒÌÌÌÎŒÌŒŒLLÌŒŒLLMNÌŒŒLLŒBLMŽÌŽNÌMÌÌŒÍÍÌLNÌÌLNÌŒNKLL‹LÎÌŒŒLKLŽÌŒŒLKLLÂLŒÌÎNÎÎMÎÍÎNÌŒLÌÌŒLÌŒŒLKLNÌŒŒL‹LŽÓBLNÌÌŽÌLÌÌNÎÌŒŽÍÌÌÍÌÌŒNKLL‹LŒÌŒNKLL‹LÌŒNKLL‹LÌLLNÍLŽÍÎMÎÍNÌŒÌÌŒÌŒNKLKLŒŽÌŒNKLLLÌŒNKLLLL‚LÌŽÌÌÍLNLÍÍLÌÍÍLÌŒNKLËLŽÌŒNKLËLLNÌŒNKLËLŒ‚LÎÍÌLMÎLŒŽÍLÌÍŒÌÍLÌÍŒÌŒŒLËLLŽÓNÓBLÎÍÎÌŒÌÌMŒNÌÌÌÌÌÌŒŒLLŽÌŒŒLLÎÌŒŒLLÂLŽÍŽÍŒNÌŽLÎÎÌLÌÌLÌŒŒLKLÌÌŒŒL‹LÌŒŒL‹LLÂLÍŽÎLŒŽÌÌÌŒÌÌÌÌŒÌÌŒŒLKLŽNÌŒŒL‹LÌŒŒL‹LLÂLLÎÍŒÎÌLNLNÍÍÍLMŽÌÍŒÌÌÍŒÌŒNKLLKLÌŒNKLLKLLÎÌŒNKLLKLMLLNÍNÌLLŽÌNÎÌŽLLŒÌŽÌŽÌŒNKLKLŒŽÌŒNKLLLŽÌŒNKLLLLLMNÍNÎŒLNÌÌMMŒŽÌÌÌÌÌÌŒNKLLKLŽÓNÓBLLŽÍNÍMÌÎÍŽLNNÌMÌLÌÌÌMÌLÌÌŒNKLL‹LLŽÌŒNKLL‹LŒÎÌŒNKLL‹LBLLÍÍŒŽÌÌÎÎMŽÍLÌÍLÌŒNKLL‹LNÌŒŒLKLNÌŒŒLKLLMÍNÌMÌMŽÍÌNNŽÍÎLÌÌÍÎLÌÌŒNKLLLÌŒNKLLLLNÌŒNKLLLMBLMLÎÍŒÎÌLLÍÎÍŒLMŽNÌMNLÌÌMNLÌŒŒLËLÎÌŒŒLËLŽÌŒŒLËLLMMŽÍÌMMMÍŒÎÌÍÌÌÍÌŒŒLKLÌÌŒŒL‹LLÎÌŒŒL‹LÂLMŽÍÎÌLÌLŽÎMLMŽÌMŒÌÌMŒÌŒNKLLLNÌŒNKLLLŽÌŒNKLLKLLBLMÍÌÍÍMNMŽÎNMNÌÍŒÌÌÍŒÌŒNKLL‹LNÌŒNKLL‹LMNÌŒNKLL‹LLNNÍÌÍŒNÍŒÍÌÍLLÌÌÍLLÌŒNKLLKLMÌŒNKLLKLÎÓBLNNÍÎÌMMLŽÍLÍÎŽÌLÌÌÌLÌÌŒŒLKLMÌŒŒLKLŽÌŒŒL‹LBLNÎÍLÌMÌÍÍNNÍÍÌÍÍÌŒNKLLKLŽÌŒNKLLKLŽÌŒNKLLKL‚LNLŽÌŽÌLÍLŽÎÍLÌÌLÌÌÌLÌŒNKLKLŽNÌŒNKLLLLÎÌŒNKLLLNBLNMNÌÍÎÍŽNMÎÎŒŽNÌÍLLÌÌÍLLÌŒNKLLÌÌŒNKLKLNÌŒNKLKLL‚LŒNÌÎÌŒÌŽÌÌLÍÌNÍLÍŒÌÍLÍŒÌŒNKLLKLÎÌŒNKLLKLLÎÌŒNKLLKLŒÂLŒNÌLŽÌÎÍÍÌÍNÍŒÌÍŒÌŒNKLLKLLNÓNÓBLŒLNÌMŽÌMŒŒNÌŒLNÍŽLÌÍŽLÌŒŒLKLŒÌŒŒLKLŒNÌŒŒLKLÌLŒNNÍNÌŽMÌNÌŒNÌNLÌŒÌÌNLÌŒÌŒNKLKLLÌŒNKLKLŒŽÌŒNKLKLŽLŒŒŽÌŽNÌLMÎMLŽÌLŽÎLÌLNLÌŒŒL‹LMŽÌŒŒL‹LNÌŒŒL‹LNLŒÎÍMÌÌÎÌÎNLŽÍÍÎLÌÍÍÎLÌŒŒLKLÌNÓNÓBLŒÍNÌNÍÍLÍŽÍÌLÌÍÌLÌŒNKLLKLÎÌŒNKLL‹LLNÌŒNKLL‹LMLŒÍŽÌMŽÌLÍÍMŽÌÌÍŒÍÌMÎÌÌMÎÌŒŒLËLÌNÌŒŒLLŽÌŒŒLLMÂLÍŽÌLÍLÎÍMÎŽÎÌÌÌLLÍÌŒÌÌŒNKLLKLMNÌŒNKLLKLŒÌŒNKLL‹L‚LNÌÍŽÌLMÍÍÍŒÎŽÌNÌÌNÌŒNKLLKLLÌŒNKLLKLŒÎÌŒNKLLKL‚LLÍŒNÌLLÎLÎÎŒLÌÎŒLÌŒNKLËLNÌŒNKLËLLÌŒNKLËLMBLMNÎÌLŽÎLÎNŽÌLÌÌÌLÌÌŒŒLKLNÌŒŒLKLŽÌŒŒLKLMLÎÍÌMŽÍMMŒŽÍLŒÌÍLŒÌŒŒLKLNNÌŒŒLKLŽÌŒŒLKLŽBLÌÎÌÌNÎLÎMÍŒMÍLŽÎLÌÌMÌÍÎNÌÌŒNKLL‹LŒNÌŒNKLL‹LÌŒŒLKLLŽÌŒÎÌMMŒNÌLÎLMŽÌÌÌÌÌÌŒŒLKLŽÌŒŒLKLÌŒŒLKLŒ‚LŽNÍLNÎŒMŽÌMÎÌLMLÍÌÌLMLÍÌŒŒLKLŽÌŒŒL‹LLÌŒŒL‹LŒ‚LŽÎÍŒNÌNNNÍŽÍNÎLÌÎLÌŒNKLL‹LLŽÌŒNKLL‹LŒŽÌŒŒLKLBLŽLÎÌMÎMNÍLÍŒNNÍŒLÌÍŒLÌŒNKLLKLŽÓNÓBLŽMŽÍŽÌMÍŒMÎÍŽÍÍNÍŒÌÍŒÌŒŒLKLŽÌŒŒLKLMÌŒŒLKLM‚LŽNNÍŒŽÌLLÎÎŽŽÌÌŽÌÌÌŽÌŒŒL‹LÌŒŒL‹LNNÌŒŒL‹LŽLÌÌLÍŽMŒŽÍÌŽÍMŒÌÍMŒÌŒNKLLŽÌŒNKLLMŽÌŒNKLLLÌLÎÍÎÍMŽÎÌÌÌNÍMÌÌÍMÌÌŒŒLKLŒÎÌŒŒL‹LÓBLÌŒŽÍÎÎMÍÌLÌLŒÌÌLŒÌŒŒLKLMÌŒŒLKLŒÌŒŒLKLÌBLÌŒÎÍÌLÍŽÌÍŒMNÍÌÍÌŒŒLËLNNÌŒŒLËLŒŽÌŒŒLLBLÌŽÌÎNÍÌŒLŽÍÍLÎMNLÌÎMNLÌŒŒLKLNÌŒŒLKLŽNÌŒŒLKLÌBLÌÌŽÍNNÌŒÍŽÍNÌÍÎÌÌÍÎÌŒŒLKLŒÓNÓBLÍLŽÌŒÎÍÎŒÎÌLÍŽÌÌÌÌÌÌÌÌŒNKLLLŒŽÌŒNKLLKLNÌŒNKLLKLMÂLÍMÎÌÎÌLŒÍNMÌŽNÌŒLÌÌŒLÌŒNKL‹LNÌŒNKL‹LŒŽÌŒNKL‹LŽBLÍŒŽÍŽÌLÍŒŽÍÌÌNÌŒÌLÌÌŒÌLÌŒNKL‹LŒÌŒNKL‹LŽÌŒNKL‹LŽLÍŒÎÎNÌLLÌÎLÍÎÌÎÌŒNKLKLÌÌŒNKLLLNÌŒNKLLLLLÍÌŽÌÌNÌMNMÎŒMNÌNLÌÌNLÌŒNKL‹LÎÌŒNKLËLNÌŒNKLËLLÍÍŽÌŽÌNÍNMÌŽNÎŽLÌÎŽLÌŒNKLL‹LŽNÌŒŒLKLLŽÌŒŒLKLNBLÍÍÎÍMNÌŽÎMÌÎÎÎŽLÌÎŽLÌŒNKLLLMÌŒNKLLLNÌŒNKLLKLLÎNÎNÌMÎÍŽÍŽMŒÌLÍÍMŒMŒÌŒNKLËLLÌŒNKLËLLÎÌŒNKLËLMÂLÎNÌMÍŽMNÎMÍŒŒÌÍŒŒÌŒŒLKLNÌŒŒLKLLÎÌŒŒLKLMBLÎŽÌÌŽÌMÌÌÌLÌŽÌŒŒÌÌŒŒÌŒNKLL‹LMÎÌŒNKLL‹LŽÌŒŒLKLÂLÎLÎÍŒÎÌLÍŽÎMÎNMÌNÌÌÌNÌÌŒŒLLŒÓNÓBLÎMÍÍLÍÍÍŒNÍLNLÌÍLNLÌŒŒLKLŽÌŒŒLKLMNÓBLÎMNÍÌÌLÍÍÍLNÌŒÍÍŒÌÌŒÍÍŒÌŒNKLLÌNÌŒNKLKLLŽÌŒNKLKLMMŽÍÌMNÍŒÌNLÌÌNLÌŒNKLKLŒNÌŒNKLKLŽÌŒNKL‹LLBMÌLŽÌMŒLŽÌNLÌŽMÌŒÌÌŽMÌŒÌŒŒLKLŒÎÌŒŒL‹LNÌŒŒL‹LBMÎÍNÍÌÍÍŒMÎÍŒLÌÌÍŒLÌÌŒŒLLMNÌŒŒLLŽNÌŒŒLKL‚MÍÌÌÍNÌMÎMMÌŒÍÌÌŒÍÌŒNKLËLNÌŒNKLËLÌŒNKLËLLÂMÎNÍÎÌMLMÍÎÍLÌÎÌÌŒLÌÌÌŒLÌŒŒLKLMŽÌŒŒLKLNNÌŒŒLKLBMMÍLÎÌLÍŒNÌŽMŒÎÌNLŒÌÌNLŒÌŒŒLLNÌŒŒLLNÌŒŒLKLMMNÌLÌLŒŒNÍNŽÍÌÍÌŒNKLLMÌŒNKLLMNÌŒNKLLŽBMŒNÌNÎMNÍŽMNŽÌÍÍÌÌÌÍÍÌÌŒŒLËLŒÌŒŒLËLŽÌŒŒLLMNÌŽÌŒMÌŽÌŽLMNÌLLLÍŽÎMŒÌŒŒLLŒÌŒŒLLÎÌŒŒLKLMŽÍÍLLŽÌŒŒLÌŒŽLÌÌŒŽLÌŒŒLËLŽÌŒŒLËLŒÌŒŒLËLMÍŽÍNÍÎLÍNNÍÌÌÍÌÌŒNKLLLŽÌŒNKLLKLLNÌŒNKLLKLBMNÌLŽÍÍLÌÎÌÎNÌLLÌŒMÍLÌLNLLÌŒŒLËLNÌŒŒLËLLÎÌŒŒLËLNMÎÍŒŽÍŒŒÌÍÌNÌMÍLÌÌMÍLÌŒNKLL‹LNÌŒŒLKLNÌŒŒLKLLMLNÍÍMLNÌŒÍÎÌÍŒLÍÌŒŒÌŽÌŒNKLKLMŽÌŒNKLKLÎÌŒNKLLLÂMMÎÍNÍÌŒNÎMLÌÌLÍMŒÌÌLÍMŒÌŒNKLKLÌÌŒNKLLLNÌŒNKLLLÂMLÎÍMNÌŒÌŒŽNÌŒÌÌŒÌŒNKLLŒÎÌŒNKLKLNÌŒNKLKLBMLMÍMNÌNÎLÍNÎŒÌÎŒÌŒNKLL‹LNÌŒNKLL‹LNÌŒNKLL‹LNBMLÌÌNNÍÌLÎÍŒŽNÌLÌÌLÌŒNKLLÌÌŒNKLKLÎÌŒNKLKLMBMLÌNÌÌŽÎÍŒNÎLLŽÍŽMŒÌÍŽMŒÌŒŒLLNNÌŒŒLLŒŽÌŒŒLLŒ‚MMŽÍŒÎÍÎÎÍNNMNÍŒÎLÌÍŒÎLÌŒŒL‹LÌŒŒL‹LŽÌŒŒLËLÂMMNÌMÎÌMŽŒNÍMŒŒÌNLÌÌÌNLÌÌŒNKLËLÎÌŒNKLËLNÌŒNKLËLÌMMMNÍŽNÌLŒMÎÌMÌNÎÌÎÌÌÎÌŒŒLKLLÎÌŒŒLKLMÎÌŒŒLKLŽBMMMŽÌŽÍÎLŽÍŒLNNÍÎÌÍÎÌŒŒLKLNNÌŒŒLKLŒŽÌŒŒLKLŒ‚MMŒŽÍŽÍŽÍŒÍNNÌŽLÌÌŽLÌŒŒLËLÌŒŒLËLMŽÌŒŒLËLNBMMŒÎÌÍÎÍŽÌŒNMLNÌÌLŒÌÌÌLŒÌŒŒLKLŒÎÌŒŒL‹LÎÌŒŒL‹LBMMÌNÌÎÍLÌŽÎÎÌÍNÌÌÍNÌŒŒL‹LNÌŒŒL‹LŽÌŒŒLËLMMÍNÍMÎÍMMŽÌMŒŒÍÎÌŒÌÌŒÌŒNKLL‹LŽÌŒNKLL‹LŽÌŒNKLL‹L‚MMÍŽÍÎÌLŒÌNÎMLMNÎMÍÌÎMÍÌŒNKLL‹LŽÌŒŒLKLÎÌŒŒLKLMNÌLÍMÎÍMÌÌMŽÌÌMŽÌŒNKLËLLÌŒNKLËLMNÌŒNKLËLMBMNÌÎÍLŒŽÎNŒNÍÌÌÌÍÌÌÌŒŒLKLÎÌŒŒLKLNÌŒŒLKLMBMNLŽÌÌŽÌMMÎÍÌŒÌÌŽÌÌÌŽÌŒNKLLLŒÎÌŒNKLLLŽÌŒNKLLKLÂMNLÎÍÌLÍÌŽÍMÍŒÌÍMÍŒÌŒŒL‹LLŽÌŒŒL‹LŽÌŒŒL‹LŽMNMNÍNNÌMÌŒÎÍNÌMNÌŒLÌÌŒLÌŒNKLL‹LÌŒNKLL‹LÌŒNKLL‹LŒ‚MŒÎÌLÎŒŒÌNLŽÌLÌÌLÌŒNKLLLŒÓNÓBMŒNÍNÍLNÎÌŒNÎÌÎÌŒNKLLKLÌÌŒNKLL‹LÎÌŒNKLL‹LÂMŒLNÌLÎÌLNNÎNNMÎÍÍLÌÍÍLÌŒŒLKLŒÎÌŒŒLKLÎÓBMŒLÎÍNÍÍÍÍNÌLNÍÍŽÌÍÍŽÌŒŒLKLŽNÌŒŒL‹LNÌŒŒL‹LÂMŒNNÍŒÎÌMNMÎÌÎÍMŒÌÍMŒÌŒNKLLKLÌŒNKLLKLŒNÌŒNKLLKLMŒŽÌÌŽÌLŽÎÌNNNÌÌÌŒÌÌÌÌŒÌŒŒLËLNÌŒŒLËLÎÌŒŒLËLLBMŒÌÎÍŽÌŽLÎLŽÎLÌÎLÌŒŒLKLŽNÌŒŒL‹LÌŒŒL‹LMŒÍŽÌÌÎÌNÎNLNÌÍÍNÍÎLŒÌÍÎÌŒŒLËLLÎÌŒŒLËLMŽÌŒŒLËLBMŽÍLNÎMÎÌLNÎMÌÌÎMÌÌŒŒL‹LNNÌŒŒL‹LÎÌŒŒLËLBMÍMÎÍŒŒÎÌŒŒŽÌMLÌÌMLÌŒNKLLLÌÌŒNKLLKLŽÌŒNKLLKLBMLNÌŽÍÍLÎNNLÌŒÌÌŒÌŒNKLLŽÌŒNKLKLÌŒNKLKLL‚MŒŽÌŽÌMNNNÎMMÌÎÌÍNMLÌÌÍNMLÌŒŒLËLŒÎÌŒŒLLŽÌŒŒLLMBMÎÍÍMNLÍŒLÌLLÌÌLLÌŒNKLL‹LÌŒŒLKLNÌŒŒLKLMBMŽÎÍNÌMÍMÍLLÌÎÌÌÎÌŒNKL‹LNÌŒNKL‹LÌŒNKL‹LLÂMŽÌŽÌMNÍÎMNÌÍŒÌÌÍŒÌŒNKLLKLNÌŒNKLLKLŒŽÌŒNKLLKLMŽNÍNÌMÌNÌŒNLŽÍMLÌÍMLÌŒŒL‹LÌŒŒLËLÌŒŒLËL‚MŽLÍŒNÌLŽÌÍÍÌÎÌŒŒÌÌŒŒÌŒNKLL‹LNÌŒNKLL‹LLNÌŒNKLL‹LNBMŽNÍNNÍMŒÍLŒŒŽÌNNÌÌNNÌŒNKLL‹LŽNÌŒNKLL‹LÌÌŒŒLKLÂMŽNNÍŽÌŽNÌÌÌÎÌMŽMŒÌÌMŽMŒÌŒNKL‹LŽÌŒNKLËLŽÌŒNKLËLL‚MÌNÍLŽÍÍŽÍÍLŒNÌMÌÌÌMÌÌŒŒLLŽÌŒŒLKLÎÌŒŒLKLÂMÌMŽÌNNÍNNÍÍŒŒÌLÌŒÌÌLÌŒÌŒNKLKLŒNÌŒNKLKLŽÌŒNKL‹LBMÌMÎÍŽÌLMNÌÎLÍÍÍLÌÍÍLÌŒNKLLŽÌŒNKLLÌŒNKLLMMÌNÍLÍÌNÌÍÎMLÎÍMÌÌÍMÌÌŒNKLLLNÌŒNKLLLNNÓBMÌNNÍNÌMÌŽLNÍÌÌLŽMÌÌLŽMÌŒŒL‹LŒÎÌŒŒLËLÎÓBMÌŒŽÍNÍÍÎLNÎMMNNÌÎMŒÌŒÎNLÌÍÌŒMLÌŒŒLKLÎÌŒŒL‹LŽÌŒŒL‹LL‚MÌÌNÌÍŽÍNÌNNNÌLŒLÌÌLŒLÌŒNKLLKLŽÌŒNKLL‹LNÌŒNKLL‹LBMÌÌŽÌŒNÍNLÎÍŽLNÎLÌÎLÌŒNKL‹LŒÎÓNÓBMÌÍÌÍNÍŽÍMÎÍŒÌÎÍŒÌŒŒLKLÎÌŒŒLKLŽÌŒŒL‹LÂMÍÌŽNÌMŒNÌÍŒÎÌMŽMLÌÌMŽMLÌŒŒLKLÓNÓBMÍNÍÎÍLMŽÍÍŒÍMŽÍLLÌÍLLÌŒNKLLKLŽÌŒNKLLKLŽNÌŒNKLL‹LLBMÍNÍŽÌLŽMÎNÎNMMNNÌÍLÌÌÍLÌŒNKLL‹LMÎÌŒNKLL‹LŒÌŒNKLL‹LÌMÍNNÌÎÌMŽÌŽÌŽÎÍÎLŒÌÍÎLŒÌŒNKLKLNÌŒNKLKLŒÌŒNKLKLBMÍÍŽÌLMŽÍNLŒŽÍÌŒÍŒMLÌÍÌLÌŒŒLKLMÎÌŒŒLKLŒÎÌŒŒLKLŽMÍNÍÌŽÌŽNMÍŽÎMŒÌÌÎMŒÌÌŒŒLËLŒŽÌŒŒLËLÎÌŒŒLËLŽMÍŽÍŒNÌŒŒÌNÍÍÌNNÌMLLŒÌÌMLLŒÌŒŒLKLNÌŒŒLKLNNÓBMÍÌNÍÌMMLÎÎNMMMNÌÌŒÌÌÌŒÌŒNKLL‹LÌŒNKLL‹LŽNÌŒŒLKLMÍÍÎÍÎÌLÌŒÎLÎÍNLÌÍNLÌŒNKLLLNÌŒNKLLLNÌŒNKLLLNMÍÎÍLNÌLLŽÌMÎÍÌÌÍÌÌŒNKLL‹LŽÌŒNKLL‹LÎÌŒNKLL‹LL‚MÎÌŒŽÌMÍLÎMŽÍŒNÌÍŒNÌŒNKLLKLNÌŒNKLLKLMÌŒNKLLKLŒ‚MÎŽÍÎŒÎÍÍŒNÍŒÌÌÌMLÍŒÌMMLÌŒŒLLÎÌŒŒLLÌÌŒŒLKLMMÎNÌÎNÌMÎÍMÍÌÍŒÌÌÍŒÌŒNKL‹LÎÌŒNKL‹LMÌŒNKL‹LMÎLÎÍŽÍMÍLŽÌLLÍÎLŒÌÍÎLŒÌŒNKLLKLŽÌŒNKLLKLLÌŒNKLLKLMBNNÌÎÌÌÍÌŽLLÎÌMLÌÌMLÌŒNKLLLŽÓNÓBNÎÍŒŽÌLLLÎÌLŒÍŒNÌÎLŒÌÌÎLŒÌŒNKLLLMNÌŒNKLLLŒŽÌŒNKLLLÌBNNÌÌŽÌÎLŒÎÌLÎÍÌŽLÌÍÌŽLÌŒŒLËLÌNÌŒŒLLMÌŒŒLLŒNÌÎÌNÌLŽMÌÍÌÌŽÌÍLLÌÌÍLLÌŒŒLKLŒÎÌŒŒL‹LŽÌŒŒL‹LLBNNÍŽÍÍÌŒŽLÍNÌÌÌÌÌÌŒNKLLNÌŒNKLLMÎÌŒNKLLŒ‚NNÍŽÌŒMLNÍLŒÍÌÌÍŒÌÌÌÍŒÌŒŒL‹LŽÌŒŒL‹LÌŒŒL‹LBNÌÌÎÌMÍÍÌÎÌMÌŒŽÌŒÍÌÌŒÍÌŒŒLËLÎÌŒŒLËLLNÌŒŒLËLMNNÍMÍÍŒŽÍŽNNÍŽLÌÍŽLÌŒNKLLKLÌÌŒNKLL‹LLÎÌŒNKLL‹LÂNLÍÍMÌÍÌNNÌNÌÌNÌŒNKLKLLNÓNÓBNLÎÍŒNÌMLLÍÎÍÍMÍÎÎÌÎÌŒNKLLLŽÌŒNKLLLŽÌŒNKLLLMÂNLÎÍŽÍMMÍÎÌÍŒŽÍÎÌÌÍÎÌÌŒNKLLKLŒNÌŒNKLLKLÌŒNKLLKLNLLNÍMŽÍÍÎNÍÌŽÌÌŽÌŒNKLLLŽNÌŒNKLLKLÌŒNKLLKLLBNLÌNÌÌŽÌMÌLÌÌŒÌÍÎMÌÌMNÌÍLLŒÌŒŒLKLLÌŒŒLKLÌŒŒL‹LBNMNÌÍŽÌLŽNÎÍŽNÎMŒÌÎMŒÌŒNKL‹LNÌŒNKL‹LŒÌŒNKL‹LŒNMNÍŽÍŽMÍŒŽMÎÍÎÌÍÎÌŒŒLKLNÌŒŒLKLŒNÌŒŒLKL‚NMÎÌLŽÌLÎLÌÌÌŒŽÎÍÎMMŒÌÍÎMMŒÌŒŒL‹LNÌŒŒL‹LMNÌŒŒL‹LŒ‚NMÍNÌMŽNÍŒŽÍMÌÌÍMÌÌŒŒLLNÓNÓBNMNÍÌMÎÍŽŒNÌÌŒÌÌÌŒÌŒNKLËLÎÌŒNKLËLLÎÌŒNKLËLÂNMMÎÍLŽÍMŽÌÍÌÌÎÍÌLÌÌÍÌLÌÌŒNKLKLLŽÌŒNKLKLÌŒNKLKLÂNMNNÍÎÌMÌLŽÍŒÎÌMŒŒÌÌMŒŒÌŒNKLL‹LŽÌŒNKLL‹LMŽÌŒNKLL‹LBNMŒÎNÌMÍLMÍNÎLÌÎLÌŒŒL‹LŒÎÌŒŒL‹LÎÌŒŒLËLBNMÌNÍÍÍNNÍÌMŒÎÌÎÌŒNKLL‹LLŽÌŒNKLL‹LŒÎÌŒŒLKLBNMNÌÌMÍMNÍŽÌŒLŒÌÌŒLŒÌŒNKLLLŽÌŒNKLLLŽÌŒNKLLLÌNMŽÌÍŽÍNÍLÌMÍLLÌÍLLÌŒŒLKLMÎÌŒŒLKLNNÌŒŒLKLNMÍÎNÌMMÍÎÎNLŒÍŽÍMŒÌÍMŒÌŒŒLLNÓNÓBNMÍNÌNNÌŒŽLÎÌÌÌÌNNÎÌÎÌŒNKLLKLŽÌŒNKLL‹LŽÌŒNKLL‹LNMÎÌŽÍLNÎMLNÍMŒÌÍMŒÌŒNKLL‹LÌÌŒNKLL‹LÌNÌŒŒLKLNNNÍÎNMÎÍNNLÌMNLÌÌMNLÌŒŒLLÌŒŒLLŒÌŒŒLKLNNÎÌÌŽÌMÎÎÌŽŽMŽÍÌÍÌŒNKLLMNÌŒNKLLNÌŒNKLLÂNNLŽÍŽÌLŽNMÍÎÍÌŽLÌÌŽLÌŒNKL‹LŒŽÌŒNKL‹LÎÓBNNLÎÍÍLLNÍÎÎLÎÌÍÍLÌÌÍÍLÌŒNKLLKLMŽÌŒNKLLKLÌÓBNNMNÌLÎÌLŒÎÌLNLÍNÌÌŒÌÌÌŒÌŒŒLKLŽÌŒŒLKLLÌŒŒLKLM‚ŒLÌŽNÌÎÍŒÌLLLÌÌLLLÌŒŒLKLMÌŒŒLKLÎÌŒŒL‹LBŒMNÍNÌMMŒÌÌÎÌŒÌÌŒÌŒŒLËLNÌŒŒLËLNÌŒŒLËL‚ŒÎÍMŒNÍŽÍŒÌÍŒÌŒNKLLLÎÌŒNKLLLÌŒNKLLLŒÎNÍNÌNÎÎMŽÍÌÍÌŒŒLKLLÓNÓBŒNÍLÎÌMÌMÎÍŽLNNÍÍŒÌÍÍŒÌŒNKLL‹LÌŒNKLL‹LLÌŒNKLL‹LŒBŒLÌŽÌMÎNŒŒŽÌLÌÌLÌŒNKLËLMNÌŒNKLËLMÎÌŒNKLËLÌBŒŒÍŽÌÌŒÎÍÍŽŽNÌÎŒŒÌÌÎŒŒÌŒNKLLLÌÌŒNKLLKLNÌŒNKLLKLŒÍNÌŒÌÍÎÍMLÍMÎÌÍMÎÌŒŒLKLÌÌŒŒL‹LŽÌŒŒL‹LŒŒNÍÌÎLÍŽÍÌMMNÍMŒÌÍMŒÌŒŒLËLNÌŒŒLLŽÓBŒLÎÌÌÌLÎMŽÍÌÍNÌNŒŒÌÌNŒŒÌŒŒLKLÌŒŒLKLLŽÌŒŒLKLNŒNÍÍÌMŒÍLÍÌÎÌÌŒÌÌÌŒÌŒŒLLŽÌŒŒLLNÌŒŒLLNBŒLÍÌLÌÌÎNLÌMŽLÌÌMŽLÌŒŒLLŽÌŒŒLLNÌŒŒLLŽŒLLÌŽNÌMÌÎÍMÌŒNÎLÌÎLÌŒNKLLLNÓNÓBŒLMÌÌŽÎLMÌŽÌMLŒÍLÍÌÍLÍÌŒŒL‹LÎÌŒŒL‹LMÎÌŒŒL‹LNŒLNÌNÌMMMNÎŒMMÎÎLÌLÍÍÍÌŒŒLLŒÓNÓBŒLNÍŽÌLLMÌÎLNÌŽÌÌŽÌŒŒLËLŽÌŒŒLLÌŒŒLL‚ŒLÎÍŒŽÍNLÌÎÌMMÌŽÌÌÌÌŒŒLKLÌÌŒŒL‹LNÌŒŒL‹LBŒLÎÌÎNÌLÍÍÌŽÌMLŒÌÌMLŒÌŒNKLLKLMŽÌŒNKLLKLŽNÌŒNKLL‹LBŒMÎÍMLMÎÍÍÌŽNÌŽLÌÌŽLÌŒŒLKLŽÌŒŒLKLÌŒŒLKLBŒMNÍMNÎLŒÎLŽŽNÍLNLÌÍLNLÌŒŒLËLŽÌŒŒLËLŽNÌŒŒLL‚ŒMMÌŒÎÌLÍNÌNLŽLÎÌÎÎÌÌÎÎÌŒŒLLNÌŒŒLLŒÎÌŒŒLKL‚ŒMÍMŽÌMŒMMŽÍŒÍÎŽÌŒLÌÌŒLÌŒNKLKLNÌŒNKLLLNÌŒNKLLLBŒMÌŽÌŽÍMÌÍŒNLMŽÎÌÎÌŒŒL‹LŽÌŒŒLËLÎÌŒŒLËLBŒMÌÎÍNÌLŒMÌNÎLŽÍŽÌÍŽÌŒNKLLLÌNÌŒNKLLKLŽÌŒNKLLKL‚ŒMÍÎÌÎÌLŽMNÎMŽÌÌÌÌÌÌŒNKLLŽÌŒNKLKLÎÌŒNKLKLŒMÎNÍÎNÍMNÍŽÌŒÎÌÌŒÎÌŒNKLL‹LÎÌŒNKLL‹LLÌŒNKLL‹LŒ‚ŒNLNÌÌÌÍŒÎÍLÌÌÎÌLMÎÌÌLMÎÌŒŒLLŽÌŒŒLLNÓBŒŒÌÍNÎLŒÌÌNNLŽÌŒÍLŒÌÌŒÍLŒÌŒNKLL‹LÎÌŒNKLL‹LÌŒNKLL‹LL‚ŒŒNÌÍŽÌLŽÌNMÎLÌMŽÌÌMŽÌŒNKLLLŽÌŒNKLLLLNÌŒNKLLLMŒŒLÌLŽÎNMŽÌŒŽÌLMÌÌLMÌŒŒLKLŒŽÌŒŒL‹LŽÌŒŒL‹L‚ŒŒŽÍŽÌLLŽLNÎŒNÌNÌÌNÌŒNKLLKLLŽÌŒNKLLKLŒNÌŒNKLLKLŒ‚ŒŒÍNÍÍÌÎÌNLÎÌNLŒÌÌNLŒÌŒNKLKLMÎÌŒNKLKLŒÎÌŒNKLKLŽŒŽÍÌMŒŒÎÎNÍLLÌÍLLÌŒŒLËLNÌŒŒLËLŽÌŒŒLLBŒÎÎÌÌŒÌÎÍÎNÍŒÌÍŒÌŒNKLËLÎÌŒNKLËLNÌŒNKLËLBŒŽÌŒŽÌLMÎÍÍÌÎÎÌMÍÌÍNLLÌLMÍÍLÌŒNKLKLÎÓNÓBŒLNÌÎNÌÌÎNÌLNLŽÍÍÌÍÍÌŒNKLLKLMÌŒNKLLKLŽÓBŒŒÌŒÌMÌNÌÌŽLÎÍÍÌÍÍÌŒNKL‹LŽÌŒNKLËLŽÌŒNKLËL‚ŒÍNNÌMŽÍMMÍŒLŒÌÍŒLŒÌŒNKLLKLNNÌŒNKLLKLŽÌŒNKLL‹LŒÌNÍNÌLŒÎNÍLNNÌÌÌÌÌÌŒNKLKLÌŒNKLLLÌŒNKLLLLŒÌÎÌŽÎÎŽÌŒÎÌÎMŒÌÌÎMŒÌŒNKLLLÎÌŒNKLLLMÎÌŒNKLLLÌBŒŽÍŒÎÌNÍÎMŒNÌLMLŒÌÌLMLŒÌŒNKLL‹LLŽÌŒNKLL‹LŒŽÌŒNKLL‹LŽŒŽÍMŽÎLÎMŽÍŒŽÌŒÎLŒÌÌŒÎLŒÌŒŒLKLÌŒŒLKLÌNÌŒŒL‹LŒŽLÌÎÌLÌNÌLÎNÍŒÌÍŒÌŒŒLKLMÌŒŒLKLNNÌŒŒLKL‚ŒÌÎÍŽÌMÌLÍŒNÌÍLÌÌÍLÌŒNKLL‹LÎÌŒŒLKLÎÌŒŒLKLMŒÌMŽÍŽÎLÍŽNÎLÍMMŽÍÌÍÌŒŒLLNÌŒŒLLLŽÌŒŒLLŒBŒÌŒŽÎNÌLMÎLŒŽÍÍMŒÌÍÍMŒÌŒNKLLLMÌŒNKLLLÌŒNKLLLÌŒÌŽÌNÍŽLÎÍŽÎÎÍNMLÌÍNMLÌŒŒLKLŒÌŒŒLKLŒNÌŒŒLKLŽBŒÌÎNÌÌÌLNLÌNÌÌMÌÌÌMÌÌŒŒLKLŽNÌŒŒL‹LŽÌŒŒL‹LMŒÍNÌNÎMMÎNÍLŒÎÍÌÍÌŒNKLLŽÌŒNKLKLÌŒNKLKLŒÍÍÎÌNÌLNLMÌŒÌLÌNÍNMÌÍNMÌŒNKLLŽÌŒNKLKLÌŒNKLKLM‚ŒÎÌÎÍLÎLÎÎNMLŽÎŽLÌÎŽLÌŒŒLLÎÌŒŒLLMNÓBŒÎNNÍŽÌMŽLÍÌNNŽÍŒMLÌÍŒMLÌŒNKLKLNNÌŒNKLLLŽÌŒNKLLLLBMÍNÌLMŒÎÌŒŽÌLÍŒÌÌLÍŒÌŒNKLLKLŒÎÌŒNKLL‹LŽÌŒNKLL‹LLMŽÍŽNÌMMÌÍMÎÍLÌÍLÌŒNKLLMŽÌŒNKLLMÎÌŒNKLLŒNÌÎNÌLÍŽÌMNLÎÌMŒŒÌÌMŒŒÌŒNKLL‹LŽÌŒNKLL‹LNÌŒNKLL‹LLÂNNÍÎÌLLLÍNÎMŒÌMÌMŒÌŒÌÌMŒÌŒÌŒŒLKLÌNÌŒŒL‹LÌŒŒL‹LBÎÌNÍLNÎLNNÌMMÌÌÌMMÌÌŒNKLL‹LMŽÌŒNKLL‹LŽÌŒŒLKLBÎÍŽÍMLŽÎLŽÍŽŒÌÍŽŒÌŒŒLËLÌÌŒŒLLLŽÌŒŒLLMÂNÍÎÌLNÌNNNÌŒNMŒÌÌŒNMŒÌŒŒLKLÌŒŒL‹LÎÌŒŒL‹LMNÌÎÌLŽÎLŒLÌÍÌÌÍÌŒŒLKLNÌŒŒLKLÎÌŒŒLKLÌÌÌÌÌÍŒÎÍMMÍÎÌÌÌÌÌÌÌÌŒŒLLNÌŒŒLLMNÌŒŒLL‚ÌŽÍŒŽÌÌÌÍMNNÌÍLÌÌÍLÌŒNKLLKLMŽÌŒNKLLKLŒNÌŒNKLL‹L‚ÍNÍNÎNÎÌNNNÌLŒÌÌLŒÌŒNKLKLMŽÌŒNKLKLŽNÌŒNKL‹L‚ÍÎÌÍŽÍLLNÌŽMÍÎÍNMŒÌÍNMŒÌŒŒLKLŽNÌŒŒLKLÌNÌŒŒLKLÌBÎNÌŒÌMÎNLÍLŽÍÌÍÌŒNKLKLÌŒNKLKLŽNÓBÍŽÌLLŒLNÌŽLÍÎÌLÍÌÌMÌLŒÌÌŒŒLËLŽÌŒŒLËLNÌŒŒLËLNBNÌMŽÌLMMŽÍÍÎÍÍŒÌÍÍŒÌŒNKLLŒŽÌŒNKLLÌNÌŒNKLKLMLÎÌÎÌMŽMÍŒÌNÍLÌÌÍLÌÌŒNKLL‹LLÎÌŒNKLL‹LÎÌŒŒLKL‚MÍLŽÎLLÌÍŒŽÍŒÌÍŒÌŒNKLKLMÎÌŒNKLKLNÌŒNKLKLŽMŽÌÎNÌMÌÌÍŽÍLÍÎÌÌŽLÌÌÌÌŽLÌÌŒŒLËLNÌŒŒLLŽÌŒŒLLBLÌÎÎMNÎÍŽNÍŒÌÍŒÌŒŒLËLMÎÌŒŒLËLŒÌŒŒLËLÌLNÍMNÍLNŽÍNMÎNÌMÌÌÌMÌÌŒŒLKLÎÌŒŒL‹LŽÌŒŒL‹LŒLLÍNNÍÌÎÍLÍÌÍLŒÌÍLŒÌŒNKLËLÎÌŒNKLËLŽÌŒNKLLBLMŽÌŽÍÌLÎÌNLÌÌŒMŒÌÌŒMŒÌŒNKLKLŽÌŒNKLKLÎÌŒNKLKLBLNÌŒNÍMÌMLÌŽÌŒLLÌÌÌŒLLÌÌŒŒLKLMÌŒŒLKLŽÌŒŒL‹L‚LŽÍŽNÌÍÍÎÎLŒÌŽÌÍÌÌÍÌŒŒLLNÌŒŒLLÌŒŒLLLLÎÍŽÌLMÌMLÌMŒÌÌLŽLÌMLLÌŒNKLL‹LLŽÌŒNKLL‹LÌŒŒLKLÂLŽÍLŽÌLŽÌÌŒNMÎÌLŒÌÌLŒÌŒŒL‹LÌŒŒL‹LÎÌŒŒL‹LL‚LÌNÍNÌMÌLÍMÍÍÎÍMŒŒÌÍMŒŒÌŒNKLLKLŽÌŒNKLLKLÎÌŒNKLLKLŽLÌŽÍNÌLÍÍMNÍÍLNÌMMÌÌÌMMÌÌŒŒLKLÎÌŒŒLKLŒÌŒŒLKLÌBMŽÌŽNÌLŒÌÎMÎLLNÍÍMÌÌMÍLÍŒLÌŒŒL‹LNNÌŒŒL‹LŽNÌŒŒLËLÂMÎÌÍÎÌMÍŒNÎMÌÌŽÌNLŒÌÌNLŒÌŒNKLËLŽNÌŒNKLLŽÌŒNKLLLÂMNÌLNÌLŒÍÍNÍMÍŽÌÌÍŒÌÌÌÍŒÌŒŒLLŽNÌŒŒLKLÓBMŒÍŒNÌNÌÎÌŽÍLŒÍMÍŒÍNÌŒŒL‹LNÌŒŒL‹LŽÌŒŒLËLÂMÌNÌÎÌMNMÎÌŽMMLÎÍÌŒÌÍÌŒÌŒNKLL‹LNNÌŒNKLL‹LŽÌŒŒLKL‚NNÎNÎLÍÍÎÍŽÌMÍÍŒÌÌMÍÍŒÌŒNKLLKLŽÌŒNKLL‹LÌŒNKLL‹LNNŽÍLNÌŒÍÌLÎNÌÌÌÌŒNKLLKLŽNÌŒNKLL‹LLŽÌŒNKLL‹LL‚NNÍÎÎMŒÎÌÌÌÍMNÌŒÌÌŒÌŒNKLLKLMŽÌŒNKLLKLÌÌŒNKLL‹LBNLNÌÎNÍÎÎÍMÍÍMÎÌÍMÎÌŒNKLLŒŽÌŒNKLLÌŒNKLL‚NMÎÌÌÎÌMÌÍÌŒMMÍÍLÌÍÍLÌŒŒL‹LÎÌŒŒL‹LŽÌŒŒLËLBNNÌŒÎÌLŒÍNÍMÌNÌÌÌÌŒŒLËLÌÌŒŒLLNÌŒŒLLÂŒNÌÍÌÌÍŒLLŽÍÎLŒÌÍÎLŒÌŒNKLËLÌŒNKLËLŽÌŒNKLLÂŒŽÍMÌŒMMÎÌLMÍÌŒMŒÌÍÌŒMŒÌŒNKLL‹LLÌŒNKLL‹LLŽÌŒNKLL‹LŒBŒŒÌŒÍŒÌNÌŒÌÍNÍNÌÍNÌŒNKLL‹LMNÌŒNKLL‹LŒÎÌŒNKLL‹LÌŒNÍŒŽÍŒMÎÍMNMŽNÌŽMÌÌÌŽMÌÌŒŒLKLÌŒŒLKLMÎÌŒŒLKLŒÌÍMNÌÍNÍÍMÍÌMLŒÌÌMLŒÌŒNKLKLŒÎÓNÓBÌLŽÌLÍMMÎÌÎLNÌŽÌÌŽÌŒNKLLKLŒÓNÓBNÍŒÎÍŒÌÌÍÎNÌÌÌÌŒŒL‹LMÎÌŒŒL‹LÌŒŒL‹L‚ÎÍLÎÌMMÌÌÎÌMŽÌÍŒÌÌÍŒÌŒŒLKLMŽÓNÓBLÌÌMÌÍLŽÍÎLŒÌÍÎLŒÌŒNKLKLÎÌŒNKLKLÌŒNKLKLNLÎÍŽÍŒMŽÎÎÌMÍŒÍLÌMÌLÌŒŒLËLŽÌŒŒLËLNÌŒŒLËLŒ‚MŽÌLÌMLŽÌÍÌÎÌMÍÌÌMÍÌŒNKLLÌÌŒNKLKLNÌŒNKLKLMNÍMNÌŽLNÌLŒÌNÌLÌÌNÌLÌŒŒL‹LŽÌŒŒLËLÎÌŒŒLËLLBŽÌÌÌLMÎÌÍNNÍMNÌÍMNÌŒNKLL‹LLÎÌŒNKLL‹LNÌŒNKLL‹LÌŽÍŒŽÌÌŽŽÌLLÌŒŽÌÍÌÌÌÍÌÌŒNKLKLŽÌŒNKL‹LNÌŒNKL‹LÂÌÌÌMNÍŽÌÌÌNÎÍMÍMŒÌÌÌÍMŽLÌÌŒŒLKLŽNÌŒŒL‹LŽÌŒŒL‹LLBÎNÌNÌÍŒÌLMŽÌŒÍLŒÌÌŒÍLŒÌŒŒLKLNÌŒŒLKLÎÌŒŒL‹LŽŽÍŒÎÌLŒÌMÎŽÍŒLÌŒÌÍŒLÌŒÌŒŒL‹LÎÌŒŒL‹LÌŒŒL‹LMÌŽÍNÌMŒÍNÍLÍMLÌLMŒÌMÎLŒÎÍŽÌŒNKLL‹LŽÌŒNKLL‹LŽÌŒNKLL‹LÂÌŽNÍŽÎLÎÎLÌLŽÌÍŒÌÌÍŒÌŒŒLËLNÌŒŒLLŽÌŒŒLL‚ÌÍNÌLŽÌNNNÌMMÍŒÌÌÌÌŒNKLL‹LŽÌŒNKLL‹LLNÌŒNKLL‹LNBÍLŽÍNÎLŽÍNÌNLÍLÌÌNLÍLÌŒNKLL‹LNNÌŒNKLL‹LNÌŒŒLKLÂÍMNÍŒÌLŽÍLÌNÌMÌÌMÌŒNKLLLLŽÌŒNKLLLNNÓBÍMŽÍNNÌMMÍÍÎLÎÌŒŽMŒÌÌŒŽMŒÌŒNKL‹LNÌŒNKL‹LÌŒNKL‹L‚ÍŒÎÍMÎÎNMÎÌŽÌŒÍÌÌŒÍÌŒNKLL‹LLNÌŒNKLL‹LLŽÌŒNKLL‹LL‚ÍÌÌÍNÍÎLÌNÍÍMLÌÍÍMLÌŒŒLKLÌŒŒL‹LŽÌŒŒL‹LBÍÍÍŽÍMMÎNÌLNÍLÌÍLÌŒŒLKLÌÌŒŒLKLÌNÌŒŒL‹LBÍÍÎÍNNÌMLŽÎŒNÌMLŒÌÌMLŒÌŒŒLLÌŒŒLLÎÌŒŒLLM‚ÎŽÍŽNÌLMŒÎÎLÌŽŽÌŒÌÌŒÌŒNKLL‹LÌNÌŒŒLKLÌŒŒLKLM‚ÎÌÍÎÍLŒNÍŽÍMLMÌÍMLMÌŒŒLLLÌŒŒLLŒÎÌŒŒLLÂÎMÍÎÌŒŽLNÍÍÍNÌMÌŒÌÌMÌŒÌŒŒLKLNÌŒŒL‹LNÌŒŒL‹L‚ÎMŽÍÍÌÍÎÎLNÌÍLLÌÌÍLLÌŒNKLL‹LMÎÌŒNKLL‹LÌÌŒNKLL‹LÌÎNNÍNNÌMŽLÎÎNLÌLŒÌÌLŒÌŒŒLLŽÌŒŒLKLLÌŒŒLKLNBŽÎÍÌMŒLÌLÎÌÎLŒÌÌÎLŒÌŒNKLLLNÌŒNKLLLMNÌŒNKLLLŽÎÍÌMŽNMŽÎNLÍLLÌÌÍLLÌÌŒŒLKLÌÌŒŒL‹LLNÌŒŒL‹LNBŽMÌŽÍŽÍNÎNNÍNÌÍNÌŒNKLLMÌŒNKLLŽÌŒNKLLŽŽMNÌŒÌMNÍŽÌMŽÍŒŒŒÌÍŒŒŒÌŒŒLLŒÎÌŒŒLKLÌŒŒLKL‚ŽNÍÎÌMLÎÎÎLÎÌŽNLÌÌŽNLÌŒŒL‹LŽÌŒŒLËLÎÌŒŒLËLÂŽŒNÍŒŽÌLÍŒÍÍMNÎLÍŒÌÎLÍŒÌŒŒL‹LÌŒŒLËLNÌŒŒLËLÂŽŒÎÍÎÍÍNÍŒŒÌŽÌŽÌÌŽÌŒNKLKLŒÌŒNKLKLÌŒNKLLL‚ŽÎÌÍNÍLNÌŒMŒŽÌÍŽMÌÌÌÍŽMÌÌŒNKLL‹LÌŒNKLL‹LMÎÌŒNKLL‹LBŽLNÌŽÎMŽÍLÎMÌNÌÌNÌŒŒLKLNÌŒŒLKLMÎÌŒŒLKLŒBŽŒÍŽÍNMŽÌÌÍMÎÌMLMŒÌÌMLMŒÌŒŒLKLMŽÌŒŒLKLŽNÌŒŒLKLÌŽÎÌŒÌLÎMÎÎMÎMŒÌÎMŒÌŒNKLL‹LNÌŒNKLL‹LLNÌŒNKLL‹LL‚ŽÌÌÍŽÎNMNÍMÌÎÌŒÌÌŒÌŒNKLLLNÌŒNKLLLLÌŒNKLLLNBŽÎÌŒÎÎNÌÎÍNÍMÌÍMÌŒŒLLÎÌŒŒLLNÌŒŒLLŒŽÍLŽÌLÍÎÌMMÎÌMÎÌÌMÎÌŒŒLLÌŒŒLLŽÌŒŒLL‚ŽNÍLÎÎLŒÌÌŒÍLŒÌLÍMŒÌŒNKLLKLÌŒNKLLKLÌÌŒNKLL‹LL‚ŽMŽÍNÍŒŒNÎÍÎÌLLÌÌLLÌŒNKLKLLŽÌŒNKLKLŒÎÌŒNKLKLŽLÎÍÎÎLÍÌŽÌÍÍLÌÌÍÍLÌŒNKL‹LÎÌŒNKL‹LLNÌŒNKL‹LM‚ŽLMŽÍÌLÎMÎÌLŒŒÎÌLŒÌÌLŒÌŒNKLKLŽÌŒNKLKLLÌŒNKLKLLÂŽLŽNÍLŽÌMNÌLÎMÎNÌŒMÌÌÌŒMÌÌŒŒLKLLÎÌŒŒLKLŒÎÌŒŒL‹LBŽLÌŽÌÌNÍŒÍMNÌÌŒÌÌÌŒÌŒŒLKLLNÌŒŒLKLMÎÌŒŒLKLŒÂŽLÍŽÌÎÌLLŽÍLŒÎÌÌÌÌŒŒLËLŽÓNÓBŽMNÍÎÌŽMMŽÌÍLÍŒÌÍLÍŒÌŒŒLKLMÎÌŒŒLKLŽÓBŽMÎÎNÍLÌŽÌŒMNÌÍŒÌÌÌÍŒÌÌŒŒL‹LNÌŒŒLËLÎÌŒŒLËLLBŽMÌÌÎÍNNNÌÌLNÍŽNÌÍŽNÌŒŒLËLŒŽÌŒŒLËLÌNÌŒŒLLÂŽMLÍNÎÎMNÍŽLLÍÍNNŒÎÍNMÎÌŒŒLËLNÌŒŒLËLMÌŒŒLËLMŽMMÌÎÌLMMÍÎÌLNNÌŒLÌÎÌÌÌMŒŒÌÌŒNKLL‹LLŽÌŒNKLL‹LLÎÌŒNKLL‹LMÂŽMŒÌLŽÍNÎÌŽŽÌMÍMŒÌÌMÍMŒÌŒNKLLKLNÌŒNKLL‹LNÌŒNKLL‹LŽMŒNÌÍNÍŒŽNÍLŒÎNÍLÌÍLÌŒNKL‹LMÌŒNKL‹LŽÌŒNKL‹LÌŽMŒŽÌLÌÎMÌÌÍÌLŒÌÌLŒÌŒNKLKLÎÌŒNKLKLLÎÌŒNKLKLBŽMNÌMÎÌMÎŽNÌNÌLLÌMMÌÍÍLÌŒŒLKLLÌŒŒLKLMÌŒŒLKLNBŽMÎNÌŒÌLÍNNÍLNÌNÌÌÌÌÌÌÌÌŒŒLËLÌŒŒLËLNÌŒŒLËLMÂŽNÌNÌLNÌÍÌLÎÌMÍÌÌMÍÌŒNKLL‹LNÌŒNKLL‹LŽÌŒNKLL‹L‚ŽNÌÍÍŒÌŽÍŽÌŒÌÌŒÌŒNKLL‹LŽÌŒŒLKLÎÌŒŒLKLLBŽNNÍNÌLNÎÌMMNÌMMÌMŒŒÌLÌÌŒÌŒNKLLKLÎÌŒNKLLKLÓBŽNMÍÎÌÎMNÍNNNNÌLÍLÌÌLÍLÌŒNKLËLÌŒNKLËLÎÌŒNKLËLÌŽNMÎÍMÌLÍNNÍLÎÍMÍŒÌÍMÍŒÌŒNKLLKLMŽÌŒNKLLKLÌŒNKLL‹LÌÍÌMÍLŽÌNMŒŽÍLÌÍLÌŒŒLKLMÌŒŒLKLŽÓBÌNÎNÎÌÌŽÌLMŒÎÍŽMŽÌÍŽMŽÌŒŒLËLŽÌŒŒLËLŽÓBÌÎÌÌŽÍÍŽÌÍMLÌNÌÌNÌŒNKLLLÌŒNKLLKLŽÌŒNKLLKLLÌMNÍÍŽMÎÎŽÌLÌÌLÌŒNKL‹LŒÌŒNKL‹LÎÓBÌŒÎÍÌLÎNÌNMLÎÎÌÎÌŒNKLL‹LŽÌŒNKLL‹LÌNÌŒŒLKL‚ÌNÌÍŽÌŒÌNÌŽLŽÌMLÌÌMLÌŒŒLËLLÌŒŒLËLLNÌŒŒLËLMÌŽÌNNÌLÎNLÎÌLMÍÌÍÌŒŒL‹LÎÌŒŒL‹LŒNÓBÌÌÌLÎÎLMÎNÌÌŒLMÍMMŒÍLÍLMŒÌŒŒLLMÌŒŒLLMŽÌŒŒLLBÌNÌŒÌMLÌŽÎMÌŽÌMŒŒÌÌMŒŒÌŒNKLL‹LNÌŒNKLL‹LŽÌŒNKLL‹L‚ÌŽÌÌŽÌMLÌMÍMÍÍŒŒLÌLÌŽÍŒŽLÌÌŒŒLLÎÌŒŒLKLLÓBÌÍLÍŒÎŽNLŽÌLÌÌÌÌLÌÌÌŒNKLL‹LŽÌŒNKLL‹LLNÌŒNKLL‹LL‚ÌNÍÌLŽNNÎLNMÍNÍMŒÌÍMŒÌŒNKLKLMÎÌŒNKLKLŽÌŒNKL‹LÂÌLÍLÎÌLÍÍNÍÌNÌLLŽLLÌÌLLŽLLÌŒŒLKLÌÌŒŒLKLÌNÓBÌLLÌŽÌMÌŒŽÍLÎLNÌNŒÌÌÌNŒÌÌŒŒLKLLNÌŒŒLKLLÎÌŒŒLKLLÂÌLMNÌÌÌMNÌŽMMNÌLLLÌÌLLLÌŒNKLËLMNÌŒNKLËLÎÌŒNKLLÂÌLMŽÌMÎÌMMŒLÍLÌŽÍLÌÍLÌŒNKL‹LŒŽÓNÓBÌLÍMŽÍÌŒLÍÎNŽNÍÌÍÌŒNKLLKLŽÌŒNKLLKLÎÌŒNKLL‹LBÌLÍÌÌMÍÌŽNÍNLNÌÎLÌÌÎLÌŒŒLËLÓNÓBÌLÎNÌŽÍÍLNÍÌÍÎÎÌŽMÌÌÌŽMÌÌŒNKLL‹LŽNÌŒŒLKLLÌŒŒLKLLÂÌMŽÍLÍNNÌÍMÌÌÌÌÌÌŒNKLL‹LÌŒNKLL‹LŒNÓBÌMNÌLNÌMMÎÌLŒŽÍŒŒÌÍŒŒÌŒNKLËLMÌŒNKLËLŒÌŒNKLËLŒÂÌMLŽÍÍÌNMMŒÍMŒÌÍMŒÌŒŒLKLŒŽÌŒŒLKLÎÌŒŒLKLŽÌMMNÍŒNÎNLNÌNLLÍLŒÌÍLŒÌŒŒLKLLÎÌŒŒLKLÎÌŒŒLKLŽÌMŒNÍNÍLNÍÍNMÍÌŒÌÍÌŒÌŒNKLLLÌŒNKLLLMÌŒNKLLL‚ÌMŒŽÍŽÍMNLÎÌLÎLÎNÍÎLÌÍÎLÌŒŒL‹LMŽÌŒŒL‹LŒŽÌŒŒL‹L‚ÌMÍŒÌMMÍŒÍMÎMLÌÎMLÌŒNKLËLŽÓNÓBÌMÎÍNÍÌMÎÍMŒNNÌÍÌŒŒÌÌÍÌŒŒÌŒŒLKLLNÌŒŒLKLLÎÌŒŒLKLMÌNÌLÎÍÌÍÍÎÌLMÎÎÌMŽÍÌŒÌŒNKLËLÌŒNKLËLMÌŒNKLËL‚ÌNMNÌÍÎŽÍÍNMÌÌŒÌÌÌŒÌŒŒL‹LŽÌŒŒLËLÎÌŒŒLËLBÌŒLŽÍLNÌLŒNÎLÌÎÌMŽMÎLÌMŽLÌŒNKLLNÌŒNKLLŽNÌŒNKLKL‚ÌŒNÍÎÍNÍŽÌÍMLNNÌLMŒÌMŒMÌÎNÌÌŒNKLLLNÌŒNKLLKLNÌŒNKLLKL‚ÌŒŒNÍMŽÌMÎMÌMLÌÌMLÌÌMLÌŒNKLKLNNÌŒNKLKLNÌŒNKLKLŽÌŒÎNÍNÍÍŒÌNÌMŒLŽÌŒŒÌÌŒŒÌŒNKLLLŽÌŒNKLLLLŽÌŒNKLLL‚ÌÌNÌÍMÎÌLŒNÎMLŒÌÎMLŒÌŒNKLL‹LŒŽÌŒNKLL‹LÌŒŒLKLÂÌŒÌÍÎÌLŒNMÎÍNÌMLÌÌMLÌŒŒLËLNÌŒŒLËLMÌŒŒLËLM‚ÌÌÍÎÌŽLNÎLNLÍŒÌÍŒÌŒŒLKLMNÌŒŒLKLNÌŒŒLKLŒÂÌŽÎÌÌŽÌÍMŒNÍNLLÌLÌÌLÌŒNKLLÌNÌŒNKLKLMÌŒNKLKLNÌŽNÌŒŽÌMMÎÎÎLLNÌŒMÌÌŒMÌŒNKLLŽÌŒNKLKLNÌŒNKLKLŒBÌŽNNÌNNÍNÎNLÍMNÌÍÌÌÍÌŒŒLLMŽÌŒŒLLÌŒŒLLŽÌÌNÌMNÌŽNÎÌLMÌÎÎNÌÎNÌŒŒLKLMÎÌŒŒLKLÎÌŒŒL‹LÂÌÌMÎÎÎLŽLÎÎMŽÌMLÌÌMLÌŒNKLKLŒÌŒNKLKLÌŒNKLKLŽBÌÌNÌŽÎŒŽÌMÌNÌŒÎLÌÌŒÎLÌŒŒLKLŒNÌŒŒL‹LÎÌŒŒL‹LÂÌÌÎÎÎNŽÌŒŽÌÍŒÌÌÍŒÌŒNKLKLÎÌŒNKLKLMNÌŒNKLKLBÌÌŽÍMÎÎMÌÎÍÍÎÌÌÌÌLÌÌÌÌÌLÌŒŒLLŒŽÌŒŒLKLŽÓBÌÍÌŽÍMLÎÌNNLŽÌLÍŒÌÌLÍŒÌŒŒLKLŽNÌŒŒL‹LNÌŒŒL‹LL‚ÌÍMÎÍÎÌLÌMŽÍÎNŒNÎLÌÎLÌŒNKLL‹LÌNÌŒŒLKLLÎÌŒŒLKLŒÂÌÍÌÌLÎÍLÎÌÎNMŽNÍLŒÌÍLŒÌŒNKLL‹LMŽÌŒNKLL‹LŽNÌŒNKLL‹LŽBÌÍÎÌŒÎÌMLŽÍLŒÍNÍMÌÍMÌŒŒLLÌŒŒLLŒŽÌŒŒLLŽBÌÍÎNÌÎÌNLÌŽÌMMÌŒLÌÌŒLÌŒNKLL‹LÎÌŒNKLL‹LŒÌŒNKLL‹L‚ÌÎLŽÍMNÍÌŒÍÎŒÎNÍÌÌLÌÍÌÌLÌŒNKLLKLŒÎÌŒNKLLKLŽÌŒNKLL‹LBÌÎNNÍÍNÌMMÍŒNÌMMŒÌÌMMŒÌŒNKL‹LŽÌŒNKL‹LÌŒNKL‹LLÍNÌÌÎÌLLÍŒNNÎLÌÎLÌŒNKLLÎÌŒNKLLMÓBÍŒÌLŽÎLŽŽÎLLÌŒNÌÌŒNÌŒŒLLÌŒŒLLŽÌŒŒLKLBÍŒNÌÍÌLMÌÍÍŒÍÌNLÌÌNLÌŒNKL‹LŽÌŒNKL‹LÌŒNKL‹LLÍÌÍŽNÌÌÍŽÌLŒÍÍÎŽÌÎŽÌŒŒLLNÌŒŒLLŽÌŒŒLKLÂÍÌÎÍÍÎÎÍÎNMLÎÌLŒÌÌLŒÌŒNKLLKLLÎÌŒNKLLKLŽÌŒNKLLKLŽÍNÍNÌLŽNÌÎLÍMŽÌLŒÌÌLŒÌŒNKLLKLLNÌŒNKLLKLMÎÌŒNKLLKLŽBÍLNÍÎNNÍÎŽÍLLÌÌÍLLÌÌŒŒLËLÎÌŒŒLËLMŽÌŒŒLËLÂÍNNÍŽÌÍNÌMMÍNÌLMÌÌLMÌŒŒLËLMŽÌŒŒLËLŒNÌŒŒLLBÍŒÍÍÌNÌLÎŽÌLÍÌÌLÍÌŒNKLËLŒÌŒNKLËLNÌŒNKLLÍNÍLÌLÍŽLŽÌLMNÎÍLÌÎÍLÌŒŒL‹LŽÌŒŒL‹LNÌŒŒL‹LBÍNÍNNÌNMLÎÎMŒNÌMÌÌÌÌMÌÌÌŒNKLLÌŒNKLLMÎÌŒNKLLŒ‚ÍLŽÍNNÌMÌÌÍŽLNÌŒÌŒÌÌŒÌŒÌŒŒLLNÌŒŒLLŽÌŒŒLLÌÍLNÌÌŽÌLŒMÎMÎNÌÍÌÌÌÍÌÌŒŒLKLÎÌŒŒL‹LŽÌŒŒL‹LLBÍLLÎÌÎÌLÍLÎÌÍÌMÌÌLŒÌÌLŒÌŒNKL‹LMÌŒNKL‹LMNÌŒNKL‹LBÍLNÌÌŽÌLÍMŒNÌNLNÌLLÌÌLLÌŒŒLLŽNÌŒŒLLÌÌŒŒLKLBÍLÌÍŒŽÍMLNÍMLLNÌÍÌÌÌÍÌÌŒNKLLLLŽÌŒNKLLLŒNÌŒNKLLLÍLÌNÍÎÌMNÎÍŒNÌMÍÌÌMÍÌŒNKLLNNÌŒNKLLNÌŒNKLLÂÍMŽÍŽÌLNŽÍMNÌLŒÌNÌLŒÌŒNKLLLLNÌŒNKLLLNÌŒNKLLLŽBÍMMNÍŽNÌMNÌÍÎLŽÍLÌÍLÌŒŒLKLÎÌŒŒL‹LNÌŒŒL‹LL‚ÍNNÌŽÌŒŒŽÎŒÍÎNÍLÌÍLÌŒNKLL‹LÎÌŒŒLKLÌŒŒLKLNBÍNÎÌÌŽÌŒÌNÎÎNNÌMMLÌÌMMLÌŒNKLLLÎÌŒNKLLLLÎÌŒNKLLLMÍNLNÌÎÍÌÎNÌMŒÌÌNLÌÌÌNLÌŒNKLLLŒNÌŒNKLLLŒŽÌŒNKLLLÌBÍŒŽÌŽÌMLÍLLŒÎÍÌÍÌŒŒLLŽÌŒŒLLÎÌŒŒLLL‚ÍŒLŽÌÎÍÎÌLÌÎÌMLÌÌMLÌŒNKLLKLNÌŒNKLLKLLÎÌŒNKLLKLŒ‚ÍŒNNÎNÍÌÌMŽÍÍÍLMÎÌŽÌÌŽÌŒŒLKLNÌŒŒLKLNÌŒŒLKLŒÂÍŒŒNÍŽÎLŒÍMÌÍÍÌŒÌLÌÌÌŒÌLÌÌŒŒLKLMÎÌŒŒLKLÌÓBÍŒÌÎÌMNŒÍMÎMÎÌÍŒÌÌÍŒÌŒNKLLKLŽNÌŒNKLL‹LLÎÌŒNKLL‹LM‚ÍŒŽÍŒŽÎLLŽÍÍLŒLÌLÌŒÌÌLÌŒÌŒŒLLNÌŒŒLLŒÎÌŒŒLLÌÍÍŒŽÌLŒMŽÍÌÎMÌŽÌÌŒÍŒÌÌÌŒÍŒÌŒŒLKLÎÌŒŒLKLÌÌŒŒL‹LBÍLNÌÍŽÌMLÎÎLLNÌÌLÌÌÌLÌŒŒLËLNÌŒŒLËLŽNÌŒŒLLÍNÌMÎÌLŒMNÌŒŒÍÎÍŒÌÌÍŒÌÌŒŒLËLLNÌŒŒLËLŒÎÌŒŒLËLÌBÍNÌŽÎLNÌÍŽŒÎÎŒÌÌÎŒÌÌŒŒL‹LŒÌŒŒL‹LŒNÌŒŒLËL‚ÍŽÎÌŒÎÌMŽLŽÍÍÌMÍNÍÌŒÌÍÌŒÌŒŒLKLÌŒŒLKLÎÌŒŒLKLÌÍŽNÎNÌLLMMÎÍNŽÌLŒŒÌÌLŒŒÌŒNKLL‹LNÌŒNKLL‹LNÌŒNKLL‹LŒÂÍŽLÍLŽÎLMLŽÌLÌÎÍÌŒÌÍÌŒÌŒNKLL‹LŽNÌŒŒLKLLNÌŒŒLKLMÂÍŽLŽÌŽÌLŒNÎMNÎÍÍÌÍÍÌŒŒLËLŒŽÌŒŒLLŽÌŒŒLL‚ÍŽMÎÍŒŽÍÍÌÎNNÌMÌÌMÌŒNKLLMÌŒNKLLŽÓBÍÌŽÌLNÍMÍNÎNÍŽÍÌÍÌŒÌÍÌÍÌŒÌŒNKLL‹LNÌŒNKLL‹LÎÌŒNKLL‹LÂÍÌNÍNÌLMNÍNNMNÌLÌÌLÌŒNKLL‹LŒŽÓNÓBÍÌMÍNÌMŽLMÎÎÎMÎÌLŒLÌÌLŒLÌŒNKLLLŽÌŒNKLLKLŽÌŒNKLLKLMBÍÌMÎÍÍÎLÌMÌÍLŽÌLLÌÌLLÌŒŒLKLLŽÌŒŒLKLŒÎÓBÍÌŽÌLŽÌLÌÎÌMŽNÌLNLŒÌÌLNLŒÌŒŒLËLŽÌŒŒLËLLÌŒŒLËLNBÍÌÍÎÌNÎLNÌÍÎÍÎÍŽLÍŒMLÍŒŒŽLÌŒNKLLKLŒÎÌŒNKLL‹LNÌŒNKLL‹LÍÌÎÌNNÍMNNÍMNÎMMLÌÎMMLÌŒŒL‹LŽNÓNÓBÍÍÍNNÌŒŒNÌÍŒNÌÎÌÌÎÌŒNKLKLLŽÌŒNKLKLMÌŒNKLKLMBÍÍLÍÌŒMÍŽÌLÌŽÌÌLŒLÌÌÌLŒLÌŒŒLKLŒNÌŒŒLKLÌNÌŒŒL‹LBÍÍNNÌŽNÍÍÎÍŒŒÌÌMÌÌÌMÌÌŒNKLL‹LÎÌŒNKLL‹LŽÓBÍÍNÌŽÌÍÌÎÍÍŒÌŽÍŒÌŒÎÌŒNKLLKLÌŒNKLLKLŽNÌŒNKLLKLÌÍÍÎÍNÍMMNÎMŒŽNÍÍÌÍÍÌŒŒLKLÌÌŒŒL‹LLNÌŒŒL‹LLÂÍÍÍÎÌLÎÍÍÌŒNÍŒÌNNÌMŽÌÌMŽÌŒNKLLLNNÌŒNKLLLÌNÌŒNKLLKLÍÎNÍNNÌMÎŒNÎMŒÌÌŒÌMLÌÌLMÍLÌŒNKLL‹LÌÌŒŒLKLLŽÌŒŒLKLNBÍÎÍŒŽÍŒLNÌNLŽÌLÌÌLÌŒNKLLLLÓNÓBÍÎLÎÍÎÎNÎMLNÎLÌŒÍŒLÌŒNKLLLÎÌŒNKLLLÌÌŒNKLLKLLBÍÎMÎÍŽÌÎLŽNÌLŒŽÌÌMŒÌÌÌMŒÌŒNKLËLLÌŒNKLËLŒÌŒNKLËLŒBÎŽÌÌÎÌŽÌÌÎNNNÎLMÌÌÌÎLMÌÌÌŒŒLKLŒNÌŒŒL‹LÎÌŒŒL‹LÂÎÎÍŽÎLÌÎÌNNNÌŽŒÌÌŽŒÌŒŒL‹LNÌŒŒL‹LŽNÌŒŒLËLÎMŽÌŒŽÌMLŒÌÍMÍÎÍMÌÌÍMÌÌŒŒLLMŽÌŒŒLLNÌŒŒLLŽÎMÎÌÌÍMNLNÌŒLNÍŽLNÌÍŽLNÌŒŒLKLÌŒŒLKLÎÌŒŒLKLÌÎŒÍŒÎÌMLMŽÌÎŽÌLŽMŒÌÌLŽMŒÌŒŒLËLLÎÌŒŒLËLŒNÌŒŒLLBÎÌÎÎLLŽÎMMÌÍÌÌÍŒÌÌÌÍŒÌŒNKLLKLŽNÌŒNKLL‹LÌŒNKLL‹LMÎÌÍÎÌLMÍMÍŽLŒÌMLÌÌMLÌŒNKL‹LÌÌŒNKLËLŽÌŒNKLËL‚ÎÌÎÍÎÌLŒÌMNÍMLNÌNLÌÌNLÌŒŒLLŒŽÌŒŒLLŽÌŒŒLKL‚ÎNÌÎÌÌNÌÌÌMÎLÌLÌÎLÌLÌŒŒLKLLNÌŒŒLKLŒNÌŒŒLKLŒBÎŽÌMNÌLŒMÎÌNÌÍÎÌÍÎÌÌÍÎÌŒŒL‹LNÓNÓBÎÍMÎÍNÍÍŒŒLÎÎNÌÎNÌŒŒLËLMÎÌŒŒLËLŒŽÌŒŒLLÂÎLÌNNÎÍMÌÌLŒÌÎMŒÌŒNKLËLNÌŒNKLËLÎÌŒNKLËLMÎMÍNNÌMLNÎÌŽÌÍÎÌŒÌÎÌŒÌŒNKLLLNÌŒNKLLLMŽÓBÎMŽÍMŽÌMŽÌÌMŽNÎMÌŒMŒÎLÌŒNKLLLŽÌŒNKLLLŽNÌŒNKLLKLL‚ÎŽÌÍÎÌŽNÌÎLÍÍÍLÌÍÍÍLÌŒNKLLLNÌŒNKLLLŽÌŒNKLLLLBÎÍNÌÎÌŽNÎŽLÎÎLÌÎLÌŒNKLLLÌŒNKLLLLNÌŒNKLLLM‚ÎÍŽÍÎÌNNLŽÌŒMŽÍMÌÍMÌŒNKLLKLÌŒNKLLKLLNÌŒNKLLKLŒ‚ÎÍÎÌŒNÌLMÍLÍÎÌÌÌÌŒNKLL‹LLŽÌŒNKLL‹LŽÌŒNKLL‹L‚ÎÎÌÌNÌLÍÍÍNMÍNÌÌŒÌÌÌŒÌŒNKLL‹LLŽÌŒNKLL‹LŒŽÌŒNKLL‹LÎÎNÌMNÍÎŽNÌÌÌÍŽÌLLÌÌÌLLÌÌŒŒL‹LŽÌŒŒL‹LŽNÌŒŒLËLÎNÌLŽÌÌÌNÍNÍNÎŒÌÎŒÌŒŒLËLMÌŒŒLËLMNÌŒŒLËLM‚ÎNÌNÌMŒNÌÍLŒLNÌMŒÌÌMŒÌŒŒLKLMNÌŒŒLKLŒŽÓBÎLÌLNÌLÌÎÍLŽÌÍŒLÌÌÍŒLÌŒNKLLKLNÌŒNKLLKLŽÌŒNKLLKLŽÎLNÌNÌMŽNNÌÌŒMÎÌÎÌŒNKLLŒNÌŒNKLLŒŽÌŒNKLKLBÎLŽÍŒÎÎMLŽÍMMÍŽÌÌMMŒÌÌÌMMŒÌŒŒLKLNÌŒŒLKLÎÌŒŒL‹L‚ÎLÍŒŽÌMNÌŒŽNÍŒÌÍŒÌŒNKLLLMNÌŒNKLLLŒÌŒNKLLLŒ‚ÎLLÎÍMÌLLÌŽÍŒMÌŽÌMLLÌÌMLLÌŒNKLL‹LŽNÌŒŒLKLÌŒŒLKLMÂÎLMNÌÍÎÍÌÎÌMÍMŒŽÍLMLÌÍLMLÌŒNKLLKLMÌŒNKLLKLMŽÌŒNKLLKLMÂÎLŒNÍŽÌMMÍÍÎÎLMÌÌMŒÌÌÌMŒÌÌŒNKLL‹LÌŒŒLKLÎÌŒŒLKLLÂÎLÌŽNÌÍLÍÎÌŽÌLLÌÌLLÌŒNKLLKLŽÌŒNKLL‹LNÌŒNKLL‹LLÂÎLÍÎÍLÌŒÍÎMLNÌLŒÌÌLŒÌŒNKLËLŽÌŒNKLLNÌŒNKLLLÎLÎNÍÍŒŒÍÍŒÌMÌŒŽÌÌÌŒŽÌÌŒNKLLKLÎÌŒNKLLKLMŽÌŒNKLLKL‚ÎMLNÍŒÍÍÍŒÌÎÌÎÌŒÌÌÎÌŒÌŒŒLLŒÎÓNÓBÎMNNÌÌÎÌÍŽMÍÌLŒÌÍÌLŒÌŒNKLLLŽÌŒNKLLLÎÌŒNKLLLÌÎMŽÍÌLÎÌLÌLÎÌLŒÌÌLŒÌŒŒLËLÌÌŒŒLLNÓBÎMÌŽÌNÌMŽMÌŒLLLŽÍÌÌÍÌÌŒNKLKLÌŒNKLKLNÌŒNKL‹LÎNŽÌŽÎÍÌNÍŒNMÍŽÌMMŒÌÌMMŒÌŒŒLKLŽÌŒŒLKLLÎÌŒŒLKLMÎNMÌŒNÍÌÎÌLŒÌŽÌÌŽÌŒNKLËLÌÌŒNKLËLÌNÌŒNKLLÂÎNNNÍŒNÌMÎMÎÍNŒÎÌLŒÌÌLŒÌŒNKLKLŽÌŒNKLKLÌÌŒNKLLL‚ÌNNÌŽÌÍŽÍÌÍÌŒNKLKLÌŒNKLKLÌNÌŒNKL‹LLÌŽNÎÎÎÍÌÍÌÎLLÌÎLLÌŒNKL‹LŒNÌŒNKL‹LNÌŒNKL‹LÂLÍLNÍNÎÌÎLÍLNÌLÍŒÌÌLÍŒÌŒŒLLŽÌŒŒLKLŽÌŒŒLKLNÌŒÎÌŒŒÎNÎŒÍÎÌLŽÎÌŒÌLNMŽÌŒŒL‹LLNÌŒŒL‹LŒNÌŒŒL‹LŽBÍÌÍNÍMÌNÍNŒŒŽÎŒŒÍÌŒÍÍNLÌŒŒLLŽÌŒŒLKLÎÌŒŒLKLLNÍŽÍÍÎÎLŒÌÍÍÌŒÌÍÌŒÌŒŒLKLNÌŒŒL‹LŽÌŒŒL‹LLÂNÍÌLÌÌÎLNNÎÌÍÌÌÍÌŒŒL‹LŒNÌŒŒLËLÌŒŒLËLBMÎÍŒÎMNNÌMMŽÌLÌÌLÌŒNKLL‹LNÌŒNKLL‹LŒÎÌŒŒLKLŒNÌÍÎÌMNLÍMMNÎÌŒNLÌÌŒNLÌŒŒLLNÌŒŒLLLÌŒŒLLMŽÍÌLÍÍLÌLÍÌŒÌÍÌŒÌŒŒLKLÎÌŒŒLKLLÎÌŒŒLKLÂÎÎÍÎÍNLNÎÌÎÌŒŒLKLÌŒŒLKLMŽÌŒŒLKL‚ÍŽÌÎÌMÎÌNÌŒÌÌŒÌŒNKLL‹LMÎÌŒNKLL‹LÌŒNKLL‹L‚ÎÌÌŽÍMÍMÎÍŒÍÌMÌŒMLÌÌŒMLÌŒNKLLLŒŽÌŒNKLLLÎÌŒNKLLKL‚MÎÌŽÌMLŽÍŒMÌÎMÌÎMÌŒNKLL‹LŽÓNÓBNNÍMNÌÌÍMÎÎMÍÍŽÍÌÎÌÍÌÎÌŒŒLKLÎÌŒŒLKLŽNÌŒŒL‹LL‚LNÍNÌLÎÎÌŒLÍÎMMŒÌÎMMŒÌŒŒLËLŒÎÌŒŒLËLŽÌŒŒLLBLMÎÌMNÌLŽLŒŽÌÍLÍÌÍÌŒNKLLLLNÌŒNKLLLÌŒNKLLKLÂLŽÍŽÍÍLÎÌÎLÎÍLMŒÌÍLMŒÌŒŒLKLŽÌŒŒL‹LLNÌŒŒL‹LMBLÍNÍŒÎÌMŒMÎÍMÎNÌLÍŒÌLÌLLŒÌŒŒLËLŽNÌŒŒLLLŽÌŒŒLLMBLÍŽÍMŽÌMÌŽNÌŽNLŒÎÍŒÍÌÍŒÍÌŒNKLL‹LÌNÌŒŒLKLLŽÌŒŒLKLNBLÎNÌŒÎLNÌÎNÎLÌÎLÌŒNKLLLŒÎÌŒNKLLKLNÌŒNKLLKL‚MÌÌNÍŒŽLÎÍMŒLNÍMMÌÍMMÌŒNKLLKLŽÌŒNKLL‹LÌŒNKLL‹L‚MNÌNÍŒLÍŽŒNÌŒLÌÌŒLÌŒNKLLKLLŽÌŒNKLLKLNÌŒNKLLKLNBMŽÍŒNÍÍŽNÎLMÌÍMÌÎÌÍLMŒÌŒŒLKLNÌŒŒLKLMÌŒŒLKLŽMŒŽÌÎÌÍÌÍÎÍÍLŒÌÍÍLŒÌŒNKLL‹LŒÌŒNKLL‹LŒNÌŒNKLL‹LMŒÎÍNÌMŒŽÌÌŒÎÌÌÌÌÌÌŒNKLLLLÌŒNKLLLŒŽÌŒNKLLKLBMÌŽNÌMÌÎÍÎNÌŒNÌÌŒNÌŒŒLËLÌŒŒLËLÌŒŒLËLMÂMÎÍNNÌLÌÎÍLNÌÎÌÌÎÌŒNKLËLMÎÌŒNKLËLÌÌŒNKLLLMÌNÍŽÍÍÌNÌLŒLŽÎMŒÌÎMŒÌŒNKLLKLÎÌŒNKLLKLMÎÌŒNKLLKLŽMÍÌMÎNLÎÍMŒNÎMNMÌÎMNMÌŒŒLKLLÎÌŒŒLKLMŽÓBMÎÌNÌLŒNNÍŒLÌÌŽÌÌÌÌŽÌÌŒŒLLLÌŒŒLLŒŽÌŒŒLKLNÎÌÍŽÍLŽÎMNŽÌŽMÌŒÌÌŽMÌŒÌŒNKLLKLNÌŒNKLLKLMŽÌŒNKLLKLŒ‚NÍŒÎÌMŽÍŒÍÍŒÌŽMLÌÌŽMLÌŒNKLL‹LLŽÌŒNKLL‹LMÎÌŒNKLL‹LMÂNNÍÍÌÌÍŒMŽÎNMÌÎNMÌŒŒL‹LŽNÌŒŒLËLŽÌŒŒLËLLBNLŽÍÍLÍÎÌÍMLÎÌÍŒÌÌÍŒÌŒŒLLMÎÌŒŒLLŒNÌŒŒLKL‚NNÍÎÍLÍNÌNLŽÌMÌÌMÌŒŒLKLLŽÌŒŒLKLLÎÌŒŒLKLŒ‚NNNÌLÎÌŽNMÎLLŽÎÎŒÌÎŒÌŒŒLKLŒÌŒŒLKLŒNÌŒŒLKLÌŒŽÌNÌMÌNNÌÎLÍLNÌÌÌLÌŒÌŽMÌŒNKLL‹LÌŒŒLKLÎÌŒŒLKLL‚ŒMÌMÍÎÍŽNMLÌMÌÌÌMÌÌŒŒLLNÌŒŒLLLNÌŒŒLLNBŒMÎÍŽÌLŒMŽÍŽNÌLÌLŒÌÌLÌLŒÌŒŒLKLŒÎÌŒŒL‹LNÌŒŒL‹LLŒNNÍŽÍNLÌMLÌŽÍŒÌÍŒÌŒNKLKLŽÌŒNKL‹LLÌŒNKL‹LŒ‚NÍÎÌLŽÎMMŒÍŽÌŒÌÌŒÌŒNKLLLÌNÌŒNKLLKLŽÌŒNKLLKLMBLÎÍÍÌNÍMÌMLNÌÌÌÌÌÌÌÌŒŒLKLMŽÌŒŒLKLNÓBMNÍŒNÌLMLŽÍÌŒNÌÍŒÌÌÍŒÌŒNKLLKLMNÌŒNKLLKLMÎÌŒNKLLKLŒÂŒNÌŽÌÌLNÌŒÌÎÌÌÍŒÌÌÌÍŒÌŒNKLKLMÎÌŒNKLKLŒÓBNÌÌLMŽNÍNÌŽÍÌÎÌÌŽLÍÌÍNMLÌŒŒLKLLÌŒŒLKLMÌŒŒLKLŒÂŽÌŒÍMMMNÌÌÌÎÌŒNÌÌŒNÌŒŒLKLŽÌŒŒLKLLNÓBÌÌÍŽÎNMŽÌMMÌNLMÌÌNLMÌŒNKLLLNNÌŒNKLLLNÌŒNKLLKLÌŽÍŒÌMLNÍŒÌŒÌLÌÌŒÌLÌŒNKLLLÌŒNKLLLÎÌŒNKLLŒÍNÌÎÍNLNÍMÍŽÌÌŒÌÌÌÌŒÌÌŒNKLL‹LŽÌŒNKLL‹LLNÌŒNKLL‹LBÍŽÍÎÌLŽLŒNÌÍÌÎNÌMMÌÌÌMMÌÌŒŒLËLMNÌŒŒLËLNÌŒŒLLÂŽNÌÍÎÌMLÍŒŽÎÎŒÌÎŒÌŒNKLLŒNÌŒNKLLŽÌŒNKLKLBŽLNÌÌNÎÎÎLÍÍLLŒÌÍLLŒÌŒNKLËLÌŒNKLËLLŽÌŒNKLËLŒBŽLŽÌÌŽÎŽNÍLÎMÍÎÍÍÍÌÍÍÍÌŒNKLL‹LNNÌŒŒLKLNÓBŽNNÍMÌLŽLNÌÍŒÌMLNÌÌMLNÌŒNKLL‹LŽÌŒNKLL‹LMŽÌŒNKLL‹LÌÌNÍŽÌÎÍÍLÎNÌNÌÌNÌŒNKL‹LŽÌŒNKLËLÎÌŒNKLËLL‚ÌŽÍŽNÌMÌŽNÌLÌÌÎÌÌÍÌÌÌÌÍÌÌŒŒLLNÌŒŒLLLNÌŒŒLLŒÌÎÌÌÎÌMNÍŽNÌŒÌŒÌÌŒÌŒÌŒNKLKLLÌŒNKLKLNNÌŒNKLKLBÌÍÌNLNÍLÍNÌÌÌÌŒNKLLLNÌŒNKLLLNNÌŒNKLLL‚ÌNÍNÍŒÌÎÌŒNMNÎLLÌÎLLÌŒNKLKLNNÌŒNKLKLŽNÌŒNKLLL‚ÌMÍÎÌLÍÍŽÍLÌÍLÌŒŒL‹LÎÌŒŒL‹LLŽÌŒŒL‹LLÂÌMNÍLÎÍMŽÍŒÌÌŽÌÍÍŒŒÌÌÍÍŒŒÌŒNKL‹LÎÌŒNKL‹LMŽÌŒNKL‹L‚ÌMŽÍŽÌŽÌÎLŽNÍLNÌÍLNÌŒŒLKLNÌŒŒLKLLNÌŒŒLKLM‚ÌÍÍÎÌÎMÎÎÌLÍŒÌÍŒÌŒNKLL‹LNÌŒNKLL‹LLŽÌŒNKLL‹LŒÂÍNÍÌMLÍNÍŽLÍNÍLÎÌÍLÎÌŒŒLLMÌŒŒLLNÌŒŒLLÂÍÎÌŒÍÌÌLÎÌÌNMÌLLÌÌLLÌŒŒLKLNÌŒŒLKLŽÌŒŒLKLÌBÍMÍNÍŒLÎŒÌŒŒLÌÌŒŒLÌŒŒLËLŒŽÌŒŒLLNÌŒŒLLL‚ÍÍÌÎÌMÌNMNÎMLÌÍÍMŒÌÍÍMŒÌŒNKLL‹LÎÓNÓBÍÍNÍNÌMÌNÍLNNÌNÌÌÌNÌÌŒŒLKLLÎÌŒŒLKLŒŽÌŒŒL‹LBÍÎNÌNNÍÍŽLÎÍŒÌLNÌŒŽNÌÌŒŽNÌŒŒLKLNÌŒŒL‹LNÌŒŒL‹LNBÎNÌÍŽÌLMÎÌŒÍLŽÎMÌŒÌÎMÌŒÌŒNKLKLŒNÌŒNKLKLŒŽÌŒNKLKLÂÎÍÎÌLMÎÎMLŽÎLŒÌÎLŒÌŒŒLKLLNÌŒŒLKLMNÌŒŒLKLNBÎNÌŒÍÍÌÎÍLÎNÍÎLÌÍÎLÌŒŒLKLMÌŒŒLKLNÌŒŒLKLŒÂÎMÍNÌÎMÍNÍLMŒÎÌLNMŒÌMLLŒÌLÌŒŒLKLMŽÌŒŒLKLŽNÓBMÍŒÎÎLNÎÌŒÌÍÌLÌÌÍÌLÌŒŒLKLŒŽÌŒŒLKLÌÌŒŒL‹LLÂŒÎÍÎLŽLÌMÍÍLNÌLLLÌÌLLLÌŒNKLLÎÌŒNKLKLLÌŒNKLKLŒBŽÌÎÌÎNÍŽŒÌÌÌÌÌÌŒŒLKLMŽÓNÓBÎÍŽNÌMMLNÎNLÌÌLLÍÌÍLLÌLNLÌŒŒLLŽÌŒŒLLŽNÌŒŒLKLŽÌMÎÌMÌŽÍLNÎÎNÌÎNÌŒNKLËLMÎÌŒNKLËLÌNÌŒNKLLBŽÍLÍLNNÍMÌÍŽÌLÌLŒÌÌLÌLŒÌŒŒLKLŽNÌŒŒL‹LÌŒŒL‹LM‚MÎÍMÍÍMŒÎÌMMŽÍŒÌÍŒÌŒŒLKLNÌŒŒLKLŒNÌŒŒLKLÌBLÍŽÌMÍÎÍÌLÎÍÎNLÌÍÎNLÌŒNKLKLŒNÌŒNKLKLÎÌŒNKLLL‚LÎÍMŽÌLÌNÌÌMŽÌMŒÍÌÌMŒÍÌŒŒLKLÌNÌŒŒL‹LLÎÌŒŒL‹LBLLNÍŽÍÎÎNÍŒŽLÍMŒLÌÍMŒLÌŒŒLKLÌŒŒLKLMŽÌŒŒLKLŽLMÍÌÍMNNNÌLÍNLÌÌLÍNLÌŒNKLL‹LÌNÌŒŒLKLNÌŒŒLKLLBLNNÌÌŽÍÌNÍŒÌÍÎLŒÌÍÎLŒÌŒNKLLLLÌŒNKLLLNÌŒNKLLLŒÂLŒÌÍÍÎÎÎÍÍÎÌŒMÌÌÌŒMÌÌŒNKLKLŒÌŒNKLKLÌŒNKLKLLÌÎÌÎÍÍŒÎÌÍLÎÎÌÌÌMÌÌÌÌMÌŒŒLLŽÌŒŒLKLŽÌŒŒLKLLMÍŒÎÌMÌNÎŒŽMÍŒÌÌÍŒÌÌŒNKL‹LMŽÌŒNKL‹LÌŒNKL‹LÌMNÍŒNÌLŒŒMÎÌÌŽÌŒŒŒÌÌŒŒŒÌŒŒLKLÌÌŒŒL‹LŽÌŒŒL‹LŒMMŽÍNNÌLNÍLMÌMÌŒÌLÌÌŒÌLÌŒŒL‹LNÌŒŒL‹LMNÓBMŽÌÌŽÌLNNÌŽMNŽÌLLMŒÌMÍÎMŒÌŒNKLKLÎÓNÓBMÌÎÍMÎÌÍLÍÌNŒLÌÌNŒLÌŒŒLKLLÎÌŒŒLKLŒŽÌŒŒLKLŒÂMÍÍŒÎÍÍÌÎNÍMNÎMLÌÌÎMLÌÌŒNKLL‹LMNÌŒNKLL‹LÎÌŒNKLL‹LÌBNÌLÎNMŒŽÌMÎNÌLÍLÌÌÌLÍLÌÌŒNKLL‹LŒÎÌŒNKLL‹LŽÌŒNKLL‹LŽBNNÍMÎÌLŒLŒÍŒMÎÌÎÌÌÎÌŒŒL‹LMÌŒŒL‹LÌŒŒL‹L‚NÎÌÌÌMNÎNNMŽÌMÌNLÌLÌMŒÌMNÍÌŒŒL‹LŒNÌŒŒL‹LNÌŒŒLËL‚NŽÌLNÌÍŽNÌÌŒŒÍÌLÌÍÌLÌŒNKLL‹LÌŒNKLL‹LÌNÌŒŒLKLMNLÌÎÌMNMNÍMŽÍNÌMMLÌÌMMLÌŒŒLLÌŒŒLLÌÌŒŒLLÌNLÎÍLÎMÌŽÍÎÎÌÎÌŒŒLËLŽÌŒŒLËLŽÌŒŒLËL‚NMŽÌÌÌŒŽÍNNÌÍŒÌÌÍŒÌŒNKLKLMÌŒNKLKLMÎÌŒNKLKLŒŽÌNNÌŒŽÌÌÍŒÌÍŒÌŒNKLL‹LNÌŒNKLL‹LÌŒNKLL‹LŒNÌŽÌMÍÎÌŒÍÍÍÌÍÌŒNKLL‹LNÌŒNKLL‹LNÌŒNKLL‹L‚ŒÍNÍÎNÎŒLÌŽLÌÌÌŽLÌÌŒŒLËLNÌŒŒLËLŽÌŒŒLËLÂŒLÍNÍLŒŽÌÌLMÎÌÍÌÌÍÌŒŒLËLŽÌŒŒLËLNÌŒŒLLBŒNÍLŽÌMÍMŒÎÎMŒNŽÍMÌMŒÍŒÎÌŒŒLKLLÌŒŒLKLMÌŒŒLKLNBŒŒNÌMNÌNÎÍŽLÎNÌÎNÌŒNKLL‹LŒÌŒNKLL‹LNÌŒNKLL‹LBŒÍÎÎMŽÌMŒÍŽÌMŒÌÌMŒÌŒNKLËLŽÓNÓBŒÌÍŽÌÌMÍNÍLÌMNÌNÌÌNÌŒŒLKLLŽÌŒŒLKLMŽÌŒŒLKLŒÂŒÌŽÌŽÍMŽÌLŽÌÌLÌÌÌLÌŒŒLLLÌŒŒLLNÌŒŒLLNBŽÌŒÎÌÍÌNÍNÍLÌÍLÌŒŒLËLŽÌŒŒLËLŽNÌŒŒLËLŽBNÌÍLNÍŒMŽNÍŒÍÌÌÍŒÍÌÌŒŒLKLNÌŒŒLKLLÎÌŒŒLKLŒBMÌÍÎMÌÍÎÌŽÌLLŒÌÌLLŒÌŒNKLLLÌÌŒNKLLKLNÌŒNKLLKLLÂMNÌNNÍÍÌÎÌÍÍÎÌÌŒÌÌÌŒÌŒNKLËLŽÌŒNKLLLÌŒNKLLLÂMÎÌMŽÌMŽÎŽÌÍÍÌÌÍÍÌŒNKLKLNÌŒNKLKLŽNÌŒNKL‹LÂNNÌÌNÌÍŒNÌLLÌÎÌÌÍŒÌÌÌÍŒÌŒNKLLLŽÌŒNKLLKLÌŒNKLLKLLBŒNÌŒÌŒMÎÌMŽNÌÌÌÌŒNKLLKLLŽÌŒNKLLKLŒÎÌŒNKLL‹LÂÌÌNNÌŒÌNÌŒÍMNÍÌŒÌÍÌŒÌŒNKLL‹LÌNÌŒŒLKLÎÌŒŒLKLMBÍŽÍMŽÌLNNÌÍMNÎÎÌÎÎÌŒŒLKLÌNÌŒŒL‹LMÌŒŒL‹LŒŽÎÍNÍŒÍÎÌLMLMŽÍÍÌÌÍÍÌÌŒŒLKLÌŒŒLKLÌNÌŒŒL‹LÂŽLNÍÎÌLÎÍÌLMŽÎŒÌÎŒÌŒNKLL‹LŒŽÌŒNKLL‹LÌŒŒLKLBÌŽÌÎÌMMŒÌÌLÌÌÌÌŒNKLLŒŽÌŒNKLLÌNÌŒNKLKLBÌÎÍNÌLLLNÍŒÌMÎLÌÌMÎLÌŒŒL‹LÎÌŒŒL‹LMNÌŒŒL‹LNÌÍNÍŒŒÎÍLMÍÌLÎÌÌLÎÌŒNKLLLŒÌŒNKLLLŽNÌŒNKLLKLL‚ÌMÍLŽÌLÎNÌÍLÍÎÌMÌÌMÌŒNKLLLNÌŒNKLLLÎÌŒNKLLLŒBÌMÎÌÎNÌMŽÎMÌMÎÍMLŒÍŽÍŽÌŒŒLKLNÌŒŒLKLMÌŒŒLKLŒÂÌŒÍÎÌŽŽÍMŒNÌÌÍÎÌÌÌÍÎÌŒŒL‹LÌŒŒLËLNÌŒŒLËLLÂÌŒÎÌŽNÌLMÌNÌŒÌÎÌÍŒÍŒÌÌŒÌŒŒLKLŽÌŒŒLKLLNÌŒŒLKLNÌŽNÍŽÌŒLÎÌNÎÌÌÎÌÌŒNKLLKLŽÌŒNKLLKLÎÌŒNKLL‹LBÌÌNÍNÎLÌLÎÌLLÍÌÌÌÍŒÌÌŒNKLKLŒÌŒNKLKLŒŽÌŒNKLKLÌÍŽÌŽÌMMNÌÌÍNÍÌÌÍÌÌŒNKLKLŒÌŒNKLLLÎÌŒNKLLLBÍÌŒÌLÌŒŽÍMÌÌÎÍNÌÍNÌŒŒL‹LMÓNÓBÍNÍÌLÌMÍŽÎÌMŽÍŒÌÍŒÌŒŒL‹LŽÌŒŒL‹LMÌŒŒL‹LŽÍMŽÍŽÌLÍNÎMMLÎÌNNÌÌNNÌŒNKLLLÎÌŒNKLLLNNÌŒNKLLKL‚ÍÌNNÌMÍÌLÌMÎÍMÌÍMÌŒŒLËLÌNÌŒŒLLÎÌŒŒLLMÂÍŽÍŽNÎÎÎŽÌLÌLÌÌLÌLÌŒŒLKLNÌŒŒLKLMNÓBÎŽÍŽÎMÍNÍÎÎÍMŒÌÍMŒÌŒNKLL‹LŽÌŒŒLKLNÌŒŒLKLÎLÎÍLŽÍŒÎÍÌLLNÍÌÍÌŒNKLL‹LNÌŒŒLKLÎÌŒŒLKLLLÍŽÌLÎNÍMNÍŽÌMLÌÌMLÌŒŒLLÌŒŒLKLÎÌŒŒLKLLBLÎÍLŽÍŽMÎÌŒÎMÎÍÌŒÍÍLÍNMÌÌŒNKLL‹LÌŒNKLL‹LMÎÌŒNKLL‹LNBNÍÎÌMŒÍŽÎMÌÌÌÌÌÌÌÌŒŒLKLNÌŒŒLKLMŽÌŒŒLKLBŽÌÎÌLÍŒŒNÌMŽLNNÌNLŒÌÌNLŒÌŒNKL‹LMÌŒNKL‹LMNÌŒNKLËLBŽNÍŒÎÌMÍNNNÌMÍÌŽÌÍÌÌÍÌŒŒLËLŒÌŒŒLËLŒŽÌŒŒLËLÌÎÍŽÌLMNÌMLŽNÌMŒÌÌÍŒÌLÌMÌŒŒLKLŒÎÓNÓBŽÍŒÍNLÌÍNNÌÎMÌÌÎMÌŒŒLËLLŽÌŒŒLËLNÌŒŒLËLŽBÎÌÌNÌMŒNÎÌNÌÍLMLÌÌÍLMLÌŒŒL‹LNNÌŒŒL‹LNÌŒŒLËLÂŒÌNÌLŽÌMLŽÌÍÎMLÌÌÍÎMLÌŒNKLLLÎÌŒNKLLMÎÌŒNKLLŒŒNÎNÌLNNNÎÍÎÌMÌŒLÌÌMÌŒLÌŒŒLKLÌÓNÓBNÌÎÌMŽÌÎLNÌMLŒÌÌMLŒÌŒŒLLMNÌŒŒLLŒÎÌŒŒLKLMNÍÎÌLŒŽÌŒÍÌNÎMŒÌÎMŒÌŒŒL‹LŽÌŒŒL‹LŽNÌŒŒLËLLBLŽÌÌMÍÎÍLŽÌÌŒÌÌÌŒÌŒŒL‹LMNÌŒŒL‹LMŽÌŒŒL‹L‚LLÌLNÎLÍÍNMLMŽÌMÌÌÌMÌÌŒNKLLNNÌŒNKLLNÌŒNKLLÂLLÎÌMÎÍŽÎLLŒÍNÌÍŽMÌÌÌÍŽMÌÌŒŒLËLNÌŒŒLËLLŽÌŒŒLËLM‚LMNÌŒNÌLLÍLNÍLMÎÌŽMŒÌÌŽMŒÌŒŒLLÌŒŒLKLNÌŒŒLKL‚LNNÎNÌMÌÌŽÌNMLÍÌÌÍÌÌŒNKLL‹LLÎÌŒNKLL‹LŒÎÌŒŒLKLBLŒNÌŽNÌÍŽÌMLÎÌÌÌÌŒŒLKLÎÌŒŒL‹LNÌŒŒL‹LLÂLÌÎÌÍNÎLÌŽÌŽMNÍÌÌÍÌÌŒNKLLKLŽNÌŒNKLL‹LNÌŒNKLL‹LÂLÍNÌŒNÍÍŒÌLÌLÎLÌLÍŒÌLÍÍMÌŒŒLLLÎÌŒŒLLMÌŒŒLL‚LÎÎÍÍÍŽÌMŒÍÌŒÌÍÌŒÌŒNKLKLNÌŒNKLKLÎÌŒNKL‹L‚MÍMÎÎMÌÍÌNÌÌŒÌÌÌŒÌŒŒLËLÌÌŒŒLLNÌŒŒLLMÂMNNÍŽNÌMŒNÌMÍMÎÍŒŽÌÍŒŽÌŒŒLKLŽÌŒŒLKLÌŒŒLKLMŒNÍŒÌMÍNÌMŒÍÌŽÍÌÍÌŒNKLLNÌŒNKLLŽÌŒNKLLLÂMNÌŒŽÌMMÍŽÍNNNÌMÌÌMÌŒŒLËLMNÌŒŒLËLMÎÌŒŒLËLŒBMÌNÌŒŽÌMLLLÍMÎÍÌÍÌŒŒLLŽÌŒŒLLMÎÌŒŒLLÂMÍŽÍNÌMÎÍMÍÎÌÎLŒÌÌÎLŒÌŒNKLLLNNÌŒNKLLLŒÎÌŒNKLLLÌMÎÌMŽÌMŽŒÎÌÌNMÍÌŒÌÍÌŒÌŒNKLLKLMÌŒNKLLKLŽÌŒNKLL‹LBNÍNNÌMŒLNÍMLMMÎÌNŒÌÌNŒÌŒNKLLŽÌŒNKLLLÓBNNÍŒÎÌLÌÌÎÌÎLŒNÌLÎLÌŒÌÌLÎLÌŒÌŒŒLËLÌÌŒŒLLLÎÌŒŒLLMÂNŽÎÌLŽLŽÍNLNÌLNMŒŒÍÌLMMMÌŒŒL‹LŽNÌŒŒLËLMÓBNÌÎÍMÍÎÍÍÎÌMMLÌÌMMLÌŒŒL‹LŽÌŒŒLËLÌŒŒLËLBNŽÌLÎNLÎÌÍLÎÌLŽMLÌNNÌLÍLŒÌŒŒLLMÎÌŒŒLLŒÌŒŒLLNLÎÌÌŒNÎLMŒÎÍŒÌÌÍŒÌÌŒNKLLKLMŽÌŒNKLLKLŒÌŒNKLL‹LBLÎÍNÌLŽNÍNNÍŒÌÍŒÌŒNKLKLMŽÌŒNKLKLÌŒNKL‹LBLNÍŽÍÌLÌŽÌMMÎÍLÍÌÍLÍÌŒŒLKLMŽÌŒŒLKLŽÌŒŒL‹LBLLNÌŽNÍMNÌLÎMŽÌÌÌÌŒNKL‹LŽNÌŒNKL‹LÌÌŒNKLËLLLŽÍÎÍMŒLÎÍMÍÌLÍÌŒÌÌLÍÌŒÌŒŒLKLÎÌŒŒLKLMŽÌŒŒLKLNLŒÎÌÌNÍÌÎMNNÌNÍŒÌÌNÍŒÌŒNKLLLMNÌŒNKLLLMŽÓBLŽÍNÌMÍÎÍMÌNÍÍÌÍÍÌŒNKLL‹LŽÌŒNKLL‹LLÎÌŒNKLL‹LLÂLÌŽÌNÍÍMÎÍÍMŽÍLLÍMÍÍŒÍÌÌÌŒŒLKLÌŒŒL‹LNÌŒŒL‹LMLÍŽÌÎÌLŒLÌMMMÌNÌÌNÌŒŒLKLÌNÓNÓBLÌNÌMÍÍNŒNÍLLÌÍLLÌŒŒLKLÎÌŒŒLKLLÌŒŒLKLŒLMÍŽÍMŽNÌÍÍÌÍLŒÌÌÍLŒÌŒŒLËLÌŒŒLËLNNÌŒŒLËLŽLMNÍŒÎÌNNÍŽÍNÍMŒÌÍMŒÌŒŒLKLMŽÌŒŒLKLNÌŒŒLKLÂLŒÍÎÌMÍÍÍÍÌÍÌŒNKLKLNNÌŒNKLKLŽÌŒNKLKLŽBLÎÍMŽÌMMŽÍNÍÎÌLLÌÌÌLLÌÌŒNKLLKLÌŒNKLLKLNÌŒNKLLKLM‚LLŒÍŽÌLÌNÌŽLŽÍMÌÌÍMÌÌŒNKLËLLÌŒNKLËLÌŒNKLËLLLÍNÍÍNNNÍLÎNÌMŒMÌÌMŒMÌŒNKLL‹LNÌŒNKLL‹LÌŒNKLL‹LŽBLLÎÌŒŽÌMÌÌMÎÍÌÍÍŽÌLŒÌÌLŒÌŒNKLËLMNÌŒNKLËLŒŽÌŒNKLËLŽLMÌLÌLÌLMNÌŽŽÍÍÌÍÍÌŒŒLKLŽNÌŒŒL‹LNÌŒŒL‹LBLMNÌNÌLNÌLLŽÍLLÌÍLLÌŒŒL‹LÌŒŒL‹LŒÌŒŒLËLBLMNÌŽNÌMMŽÍÍÌNÍMÌLÍLÍLÌŒNKLLŽNÌŒNKLKLÎÌŒNKLKLMBLMÌÌŒNÌLNNÌLÎMLÎÌLLÌÌLLÌŒNKLLÎÌŒNKLKLŽÓBLNNÍMNÍMŒŽÌŒMMŒÌNLŽLÌÌNLŽLÌŒNKLL‹LÌÌŒŒLKLNÌŒŒLKLÂLNMNÍŽNÌŒLNÍŽNLÍNÎÌÌÎÌÌŒŒLËLNÌŒŒLËLLŽÌŒŒLËLLÂLNNÍLŽÌMMÎÍLŽNÍŒÌÍŒÌŒŒLLÎÌŒŒLLŒNÌŒŒLLBLŒLNÍÌMÍÌŽNÎÌŽMŒÌÌŽMŒÌŒŒLKLŒÌŒŒL‹LÎÌŒŒL‹LLŒNÌLŽÌŒŒŽÍŽLŒMÎÎLÌÎLÌŒŒLËLÎÌŒŒLËLMÌŒŒLËLMÂLŒŒÎÍŽÎŽÌLMÌLNLÌÌLNLÌŒŒL‹LÎÌŒŒL‹LLNÌŒŒL‹LŒÂLŒÌNÍMŽÌMNMŽÌNŒŽÌNNÌÌNNÌŒNKLLKLŽÌŒNKLLKLÌŒNKLLKLLBLŒÍÎÍŽÍÍÎÌÎMŒŽÌMÌÌMÌŒNKLLKLMNÌŒNKLLKLŽÌŒNKLL‹LLŒÎÎNÌMÍŽNÎŒŒNÍÍÌÍÍÌŒŒLLŒNÌŒŒLKLNÌŒŒLKLLBLÌÎÌLÌNLNÎNMÌÍLÌÍLÌŒŒL‹LŒÌŒŒL‹LÎÌŒŒLËLÂLMNÍÌMÌLÌLŒŽÍŒÌÌÍŒÌÌŒNKL‹LŒÎÌŒNKL‹LNÌŒNKL‹LŽLNNÍNÎNLÌŒNNÎÌÎÌŒNKLLNÌŒNKLLŒÎÌŒNKLL‚LŽÍŽÌÎMNÌLŒŒNÌŒÍÍŒÌÌŒÍÍŒÌŒNKLLKLNÌŒNKLLKLŽNÌŒNKLL‹LLLÍÎÌÎÎLMŽÎÍNMŽÍŒMLÌÍŒMLÌŒŒLKLLÌŒŒLKLÌŒŒL‹LLŽÎÌŒŽÌLÎLŽÎLMŒNÎNŒÌÎNŒÌŒŒLKLŽNÌŒŒL‹LNÌŒŒL‹LL‚LŽÎÌŒŽÌMÎÌŽŒŽÌLLŽÌÌLLŽÌŒŒLKLŽNÌŒŒLKLÌNÌŒŒL‹LBLŽÍNNÍLÍÌŒNÌÌÌLÌÍÍLÌÌÌLÌŒŒLKLÌÌŒŒL‹LŽÌŒŒL‹LMBLŽLNÌŽÌMŒÍÍÍÍNÍÌÍÌŒNKLL‹LMÎÌŒNKLL‹LNÌŒNKLL‹LNBLŽLÎÍÎÍNMÌŽÍNNÍÍÌÍÍÌŒŒLLŒŽÌŒŒLLNÌŒŒLKLBLŽNÌÌÎLÌŒŽÌLMLÎÍLÍÍLÍMÍLÌŒŒL‹LŒNÌŒŒL‹LÎÌŒŒL‹LÂLÌÎÌÌŽÎMÎLÎÌLÌMNÌÍÌLÌÌÍÌLÌŒŒLKLŒÌŒŒLKLŽNÌŒŒL‹LLLÌÌMÎÍŒLNÌMŒŒŽÌMMŒÌÌMMŒÌŒŒLËLŒŽÌŒŒLËLÌŒŒLLLÌNÍLÌLŒŒŽÍLŽLŒNÍLŒÌÍLŒÌŒŒLLÌŒŒLLLÌŒŒLLM‚LÌMÍLÌMŒNŽÌŒŒÎÍMMLÌÍMMLÌŒNKLKLMÎÌŒNKLKLNÌŒNKLKLŒBLÌÌÎÌMLÌÎÌÌMÍÌMÍÌÌMÍÌŒNKLLLŒÌŒNKLLLNÌŒNKLLLŽBLÌÌNÍMŽÌLLÌŽÌNLÌNNLÌÌNNLÌŒŒLKLŽÌŒŒL‹LŽÌŒŒL‹LLBLÌÎNÍŽÌLŒÌÍÍLLNÌNLÌŒÍNÌNÍÌŒŒLKLNÌŒŒLKLÎÌŒŒLKLŽBLÍNÌÌÎÌLLÍÍŒÎMNÌLLLÌMŽÎMMÌÌŒNKLL‹LLŽÌŒNKLL‹LÓBLÍMNÍŒÎÌMLMNÌMLNÌÍÍÌÌÍÍÌŒNKLKLMÎÌŒNKLKLŒNÌŒNKLLLBLÍÎNÌÍŽÌŽMLŽÌÎÎLŽÌÌŒÌÌÌŒÌŒNKLËLÌNÓNÓBLÎNÌÌÌÍŒŽÍŒÎMÎÌÌMLÌÌÌMLÌŒŒLKLŒÌŒŒLKLŽÌŒŒL‹LBLÎMÌLNÌLNÌLNMÌÎÌMŽÌÌMŽÌŒNKLL‹LLÌŒNKLL‹LMÌŒNKLL‹LNBLÎMŽÍLŽÌLNLÌÎMMLNÌLŽLŒÌÌLŽLŒÌŒNKLL‹LŽNÌŒŒLKLLÌŒŒLKLLÎNNÌÍÌMŒMŽÌMÎŒŽÍŒMŒÌÍŒMŒÌŒNKLL‹LÎÌŒNKLL‹LŒNÌŒNKLL‹LŽMNÍÎÌMŒŽLNÍLNLÎÌLŽÌÌLŽÌŒŒLLÎÌŒŒLKLNÌŒŒLKLMMŽÌÍÎÌMŒÍŽÌMŒŒŒŽÌÌÌÌÌÌŒNKLKLÌŒNKLKLMÌŒNKLKLNMLÍÎÎLMNÍLŽŽÌLŒÌÌLŒÌŒNKLKLŒŽÌŒNKLLLNÌŒNKLLLLBMLNÍŽÌLMÎÎŒÍÌÍÌŒNKLL‹LÎÌŒŒLKLÎÌŒŒLKLBMMNÍÎÎLŒNÍÌÎÌŒMŒÌÌŒMŒÌŒNKLLKLLNÌŒNKLLKLŒÎÌŒNKLLKLÌMÌÌMÎNLÌÎÍLÎÎŒÌÎŒÌŒŒLKLNÌŒŒLKLLŽÌŒŒLKLNMNÌÎÌMNMMÎÌÍŒLNÌNMÌÍŽLÌNLLÌŒŒLLLŽÌŒŒLLŒNÌŒŒLLMLÍMÍŒLLNÍŒÍNÌLÌÌLÌŒNKLLLÌÌŒNKLLKLLÌŒNKLLKLŒMLÎÍÎÍNMÎŒÎÎLÌÎLÌŒNKLL‹LŽÌŒŒLKLÌŒŒLKLLBMŒÎÍMNÌMLNÌÍÌÌMÎÍŒŒÌÍŒŒÌŒŒLËLMNÌŒŒLËLŽNÌŒŒLËLÌMÎÍLNÍÍNÍNÍÌMÍÌÌÌMÍÌÌŒŒLKLŽÌŒŒLKLLÌŒŒLKLŒBMÌÌNNÌŒÌŽÍŽÌÍŽÌŒNKLLKLÌŒNKLL‹LÌŒNKLL‹LMBMÎNÍŽÍÍŽÌMÎLÌLÌÌÍÍŒÌŒNKLLKLNNÌŒNKLLKLÌŒNKLLKLŽMLÍLNÌLLÍLNÍLMÎÌŒÎLÌÌŒÎLÌŒNKLLLÌNÌŒNKLLKLNÌŒNKLLKLMLŽÎNÍÍÍÎNÍŒNMÎÌLÌÌLÌŒŒLKLNÌŒŒLKLNÌŒŒLKLŒBMMŽÍÌMŒÎMLŽÌÌÌÌŒNKLKLMÎÌŒNKLKLÌŒNKLKLMLŽÌMŽÌÍLÎNÌMMŽÌLŒÌÌÌLŒÌÌŒŒLKLLÎÌŒŒLKLMÎÌŒŒLKLŽMLLNÌLÌMŽNLÎÌŒLÍŽÌMÍÌÌMÍÌŒNKLLKLŒNÌŒNKLLKLÎÌŒNKLL‹LÂMLNÌMŽÌLŒNMÍÍÍMNÌŒLÌÌÌŒLÌÌŒŒL‹LMÎÌŒŒLËLŽÌŒŒLËLMLŒŽÌÎÌMLÌNÍMÍŽNÍŒŒÌÍŒŒÌŒŒLKLÎÓNÓBMLNÍNÍÍMNÍÍMŒŒÎÍMNÌÍMNÌŒŒL‹LMÎÌŒŒL‹LNÌŒŒL‹LŽMLÍÍÍÎLNÍÍNÎÌLÌÌÌLÌÌŒŒLËLNNÌŒŒLËLŒÎÌŒŒLLMMÎÌÎÌLŒŽÌŒMÎNÌŒŽNÌÌŒŽNÌŒŒLKLMŽÌŒŒLKLNNÌŒŒLKL‚MMMÌÍNÍÍŽÎNÍMÍŒÌÍMÍŒÌŒNKLLLÓNÓBMMMNÍŽÌLMÌNÎŽÎÍLŒÌÍLŒÌŒŒLLŽÌŒŒLLMNÌŒŒLLŒMMÌNÍŽÌMŒLÍŒLÌLŒÌÌLŒÌŒNKLLKLLÌŒNKLLKLŒŽÌŒNKLL‹L‚MNNÌÎÌŒÌŽÌMÌLÎNÌŒÎMÌÌŒÎMÌŒNKLKLNÌŒNKLLLÌŒNKLLLMNNÌÎNÍLÎÌNŽÍÌÍÌŒŒLKLÌNÌŒŒL‹LÓBMNLNÍŽÌLLÎÌŒÍÎLÌŒÌÎLÌŒÌŒŒLKLÌÌŒŒL‹LÎÌŒŒL‹LLBMŒÌLÌÍŽŽÍÌŽNLŽÍMÌÍMÌŒNKLLLÌÌŒNKLLKLNÌŒNKLLKLŒÂMŒNÌLÎÌMŒLNÍLÍÌLÌÌÌNNMLÌLLÌLÌŒŒLKLNÌŒŒLKLLÌŒŒLKLLÂMŒLÍÌMŽÍÎÌŒŒÌÌŒŒÌŒNKLËLÌÌŒNKLLLÌŒNKLLL‚MŒŒÌÍÎÌLÌÎÍÍLNÌLŒÌÌÌLŒÌÌŒŒLKLNÌŒŒLKLÌNÓBMŒŽNÍÎÍŒLÎÌLNNÍLÌÍLÌŒNKLLLŽÌŒNKLLLÎÌŒNKLLKLMŒÌŽÌŽÌLÍLÍLŒÌÌÌÌÌÌŒŒLKLŒÎÌŒŒLKLŽÌŒŒLKLÌMŒÌÎÌMNÌLNMŽÍLŒÌMNÌMÌÎMŒÌLÍÍÌŒNKLLKLLÌŒNKLLKLNNÌŒNKLLKLNBMÌLŽÌMMŽÍLÌŒNÌÎMŒÌÌÎMŒÌŒŒL‹LŒNÌŒŒLËLÌŒŒLËLMNÍLNÍÎŽÌLÍÎMŒÌÎÌŒNKLL‹LLŽÌŒNKLL‹LŒNÌŒNKLL‹LŒBMNÌMÌMNÌÌÌNÌÌÌÌÌÌÌÌŒŒL‹LNÌŒŒL‹LNÌŒŒL‹LMBMLÌŽNÌÎLŒÎÍÍLŽÌŒŒÌÌŒŒÌŒNKLL‹LLÎÌŒNKLL‹LMÌŒNKLL‹LMMMNÌŽÌLŒÍNÍMLÎÌLMÍŒÍŽLÌŒNKLLKLÎÌŒNKLLKLNÌŒNKLLKLLÂMNÍNÎLNLÎÎŽLÍÍŒÌÍŒÌŒNKL‹LÌŒNKLËLNÌŒNKLËLBMŽÎÌMŽÍÌŒÌLÌÌNÌMLŒÌÌMLŒÌŒNKLLLÌŒNKLLLNÌŒNKLLLL‚MŽNÌMNÍNÌLÌLÎLŒÌÌLÎLŒÌŒŒLLNÌŒŒLLNÌŒŒLLM‚MŽNÌŒÌMLÌŽÎNÌŒNÌMŽÌÌMŽÌŒŒLLMÎÌŒŒLLŒŽÌŒŒLLŒÂMÌMŽÌLÎÌLŒÎNMŒÍNÎLÌÎLÌŒŒLËLMÌŒŒLËLNÌŒŒLËLÌMÌMÎÍNÍÍŽÍMÍÍNNÍŒÌÍŒÌŒNKLL‹LNÌŒNKLL‹LLNÌŒNKLL‹LNBMÌNNÌÌNÌMLÎŒNNÌLÍŒÌÌLÍŒÌŒNKLLKLNÌŒNKLLKLŽÌŒNKLL‹LMÍÍŽNÎMŽÌÎÌMÌŽÌÌMÌŽÌŒNKLLŽÌŒNKLLLŽÌŒNKLL‚MÍŽÍMÎÌMMŽNÌÍMÌÍLÌÌÍLÌŒNKLKLNÌŒNKLKLÎÌŒNKLKLBMÍMŽÍŽÍÎNÍÌÌÎÌŽLÌÌŽLÌŒŒLKLMÌŒŒLKLŒÎÌŒŒLKL‚MÍŽÌNNÌMÌLŽÌŽÎÍMŒLÌÍMŒLÌŒŒLKLÌŒŒL‹LÎÓBMÍÎÌÌŽÌLÌMNÍÍÎMÌÌÎMÌÌŒNKLLLŽÌŒNKLLLÌNÌŒNKLLKLÂMÎNÍLNÍÌLŒŒÎÌLLŒÌÌLLŒÌŒNKLLMNÌŒNKLLÎÌŒNKLLÂMÎLNÍÌÌLŽÍLÍÍÎÌNLÌÌNLÌŒŒLKLÎÌŒŒLKLNÌŒŒLKLM‚MÎLŽÌŽÌLŒÍÍÎMMŽÌMŒÌÌMŒÌŒNKLLLŒÌŒNKLLLŒNÌŒNKLLKLMÎMNÌÎÌLMŒÍMŒŒNÌMŒÌÌMŒÌŒNKLLKLŽÌŒNKLL‹LŽÌŒNKLL‹LM‚MÎNÍMNÌMMÎŽÍLÌMNÌMŒŒÌÌMŒŒÌŒŒL‹LNÌŒŒL‹LMNÌŒŒL‹LNÍÌLÎLÎÍMÍLÌLÌÌÌLÌÌŒŒLLNNÌŒŒLLÌŒŒLLÂNNÌÌÍÎMNÌÌLNNÌNLÌÌNLÌŒNKLL‹LMÎÌŒNKLL‹LŽÌŒŒLKLÂNÎÍLŽÍÍÌÌLÌÍLNÍŒNÌÍŒNÌŒŒLKLŒÌŒŒL‹LÎÌŒŒL‹LMBNNÍŽÍÍŒÌNÌMŒLŽÌLŽÌÌLŽÌŒNKLKLNÌŒNKLKLÎÌŒNKLKLL‚NLÎÍNNÌLLÌÌMÎÍÍÍŒÌÍÍÍŒÌŒNKLLLNÌŒNKLLLLÎÌŒNKLLLŒÂNMÌNÌŽMNÎMMŽÌŒŒÌÌŒŒÌŒŒLKLŽÌŒŒLKLŽÌŒŒLKLÌBNŒÎÍNÌMMÌMNÌÍŒŽÌLÌÌLÌŒŒLËLLÎÌŒŒLËLŽÌŒŒLLÂNÌÌNÍNMÌŒMÌÎÌLLÌÌLLÌŒNKLLKLMŽÌŒNKLLKLÎÌŒNKLL‹LÂNÍÎÍÎÍMNÌÍLÍÎÍMÌMÌÌÍMÌMÌÌŒŒLKLLNÌŒŒLKLMŽÌŒŒLKLŽNÎÌŽÎLÍŽMŒÌÍNÌÌÍNÌŒŒLKLNNÌŒŒLKLŒÎÌŒŒLKLŽNÍNÍÍÎNÌLŒNÌMÍNLÌÌMÍNLÌŒŒLKLŒÎÌŒŒLKLÌŒŒLKLÌBNÎÌŒÎÌŽÍNNMŽÌŒLŒÌÌŒLŒÌŒŒLKLMŽÌŒŒLKLŽÌŒŒLKLÌBNLNÍŒNÎLLÍÎÍÎÌŽNÍÌÍÌŒŒL‹LLÎÌŒŒL‹LŒÌŒŒL‹LŽNŒŽÌLŽÌMÎLŽÌLŽÎÌŒÌÌŒÌŒNKLËLÌNÓNÓBNŽÌÍÎÌMMÍMNÎLMŽÌMŽÌÌMŽÌŒNKLLKLŽÌŒNKLLKLNÌŒNKLLKLMNÎÌŽÌÌŽÍŽMLÎÍÌLÍŒŒÍŽÌŒŒLKLŒNÌŒŒLKLŒÎÓBNÍLNÌMÌŒÍÎÌLMLŽÌÍÎŒÌÌÍÎŒÌŒŒLËLÎÌŒŒLËLÌNÌŒŒLLNNÍMÎÌLÍÎLŽÍÍŽÌÍÌÌÍÌŒNKLLLLŽÌŒNKLLLÌŒNKLLKLÂNÌÌŽÌMLÍNÍÌLMNÌÍŽLÌÌÍŽLÌŒNKLL‹LNÌŒNKLL‹LÌŒNKLL‹LLÂNLÎÍNÌMÍLÌÎLLÌNÌŽMŒÌÌŽMŒÌŒŒLKLNÌŒŒLKLŽÌŒŒLKLÂNLÎÍÎÍŽÍÍÎNÌLLŒÌÌLLŒÌŒNKLLLÌÌŒNKLLKLNÌŒNKLLKLL‚NLNNÌNÌMŒŒÎMNNÌMMÌÌMMÌŒNKLL‹LÌŒNKLL‹LMÎÌŒNKLL‹LBNLNÍLÎÌMLŒNNÌMÌLÌÌLÌŒNKL‹LNÌŒNKL‹LMÎÌŒNKL‹LNNLŽÌŒNÌMMÌÌNNÌŒÌÌŒÌŒNKLLKLŽÌŒNKLLKLNÌŒNKLLKLŒÂNLÎÍÌMMLMŽÍNNLŽÍMŒÌÍMŒÌŒŒLKLÎÌŒŒL‹LŽÌŒŒL‹LBNLÎNÍLŽÌLŒNÍMÌNÌLMÍLÌÌLMÍLÌŒŒL‹LNÌŒŒL‹LŽÌŒŒLËLLBNMNÍMÌÌMNÍŒMÌLÌŽLÌÌLÌŽLÌŒŒLLŽÌŒŒLKLÎÌŒŒLKLNMŽÍŒŽÌMMÎÎMNÌÍLŒÌÌÍLŒÌŒŒL‹LNÌŒŒL‹LLÌŒŒL‹LMNMLŽÍÍŒLÌMŒÎÍÎÍMŒÍÎÌŒŒLLLNÌŒŒLLMNÌŒŒLLŽBNMÌÍNÎLMÎÍŽŒÌMLNLÌÌMLNLÌŒŒL‹LMŽÌŒŒL‹LNÌŒŒL‹LBNNÌNÎLÍÎÌŒLNÌŒLÌÌŒLÌŒŒLKLMÌŒŒLKLÎÌŒŒL‹LNNLŽÌŒÎÌLÍŽMÎÍŒNLŽÌLMŒŒÌÌLMŒŒÌŒNKLL‹LŽÌŒNKLL‹LLÎÌŒNKLL‹LÂNNNNÌÌNÍÌŽNNÍÌÌMÎÌÍLLÌÌÍLLÌŒNKLKLÌÌŒNKLLLMÓBLÍÍMNÎMŒŒŒÌLÍLÌÌLÍLÌŒNKLËLLÌŒNKLËLLŽÌŒNKLËLNLÎÍŽÌLNÎLLÎÌLŒÌŒÌÌLŒÌŒÌŒNKLL‹LÎÌŒNKLL‹LMÎÌŒNKLL‹LŽBLŽÌÌNÍÍMNÌÌÍNÍÎMMLÌÍÎMMLÌŒŒLKLLŽÓNÓBLLÌŽNÌLMÌÌÎÎMÎÌMMÌÌÌMMÌÌŒŒLKLŒÌŒŒLKLŽÌŒŒL‹LBLMÍMNÎLMÎLÍŒŽÎLMÌÎLMÌŒŒLLLÎÌŒŒLLŒÎÌŒŒLLŒÂLÍŒŽÌLŽÍŽŒLNÎLÌÎLÌŒNKLKLÓNÓBLÌÎÌNÌMÍNNÍÎNÌÌŒÌÍLÌÍMLÌŒŒLËLŒÌŒŒLËLŽÌŒŒLLBLNÌMŽÍÍÌŽÍŒŒÌNÌŒLÌÌŒLÌŒNKLLKLÎÌŒNKLLKLŒÌŒNKLLKLŒLŽÍLŽÌMLNÍÌNMNÍÌMÌÌÍÌMÌÌŒŒLËLŽÌŒŒLLÎÌŒŒLLLÌLŽÌLÌÍÌNÌLŒNÌÌŒÌÌÌŒÌŒŒLLMNÌŒŒLLNNÌŒŒLLBLMNÌÍÌLŒŽÍŽLÎÌŽMÌÌŽMÌŒŒLËLÌÌŒŒLLLÌŒŒLLŒLNNÌNÍÌMŽÌLÎLÌŽLÌÌŽLÌŒŒLKLLÌŒŒLKLLŽÌŒŒLKLLŒŽÎÍÎÎÍLNÎÌÎÌŒNKLL‹LŒÌŒNKLL‹LŽÌŒŒLKL‚LÎÌŒÎÌMÌŒÌMÌMŒLÌÌLŒŽLÌŒŒLKLŽÌŒŒL‹LÌŒŒL‹LNLLÍŒÎÌMMÍNÎNNÌŒLLÌÌŒLLÌŒŒLLŒNÌŒŒLKLNÌŒŒLKLLÂLLÎÌMÌLMŽÍLŽNÌÌÌŽLÌÌÌÌŽLÌŒŒLKLMNÌŒŒLKLŒÎÌŒŒLKLŽBLLŽÌŽNÍÎLNÍMMÌNÍNÌÍNÌŒNKLL‹LÎÌŒŒLKLÌŒŒLKLMBLLŒNÌŽÎMÌÍÍÌŽÌŽŒÌÌŽŒÌŒŒLLŽÌŒŒLLNÌŒŒLLŒBLLÎNÍŒÎÌLÌÌNÌLÎMNÍÌÍÌŒNKLLŽÌŒNKLLLNÌŒNKLLBLMÎÌŽÎŽÌLÍMÍÌMLÍÎMÍLÍŒÍLLÌŒNKLL‹LNÌŒNKLL‹LLÎÓBLMNÍŒÎÌNÌÎÍŽMŒÌÎÍÍŒÌÍÍŒÌŒŒLKLŽÌŒŒL‹LÌŒŒL‹LMÂLMÌNÍMÌMNNÌÌÎLŒÎÍLÌÍLÌŒNKLL‹LŒÎÓNÓBLNNNÍÎÍÍNÍLNMNÎLÌÎLÌŒŒLKLLNÌŒŒLKLŒNÌŒŒLKLLŒŽÍNÌLÎMŽÎÎMÌNÍŒÍLÌÍŒÍLÌŒNKLL‹LLÌŒNKLL‹LMÌŒNKLL‹LŽLŒLŽÍNÍŒÍNÌÍMÌŽÎLMLÌÎLMLÌŒŒLËLŒNÌŒŒLËLŽNÌŒŒLLLLŒMNÍLNÍÌMNÍŒŽÌMÍŒÌÎLÌMLÌŒŒLKLLNÌŒŒLKLÌŒŒL‹LBLŒMŽÍÎÌLŒÍMŽÍMMLNÌMLÌÍŒLÌLÍLÌŒNKLLKLŒNÌŒNKLLKLŽÌŒNKLL‹L‚LŒNÌÎNÌŽMÍMMÍŽÍÌÍÌŒŒLKLŒNÌŒŒLKLŽÌŒŒL‹LBLŒNÌÌÌLÎÎÍÌLÎÍLMŒÌÍLMŒÌŒNKLLLÌŒNKLLLMNÌŒNKLLLMÂLŒÍÎÍÎÌLNMNÎMŽMNÍÍÍÍŽLŒÌŒŒL‹LNÌŒŒL‹LÎÌŒŒL‹LMLŒÎNÍŒÍÌNÍLNLÎÌŽMÌÌŽMÌŒNKL‹LŽÌŒNKLËLÎÌŒNKLËLNLLŽÌLNÎÍÍÍŒNÌŒÌÌŒÌŒNKLL‹LŽÌŒNKLL‹LMÌŒNKLL‹LBLMÎÌÌNÌLMÎÌMLŒŽÎLÌÎLÌŒŒLËLÎÌŒŒLËLMÌŒŒLËLMLŒÎÌMNÌÎÍŽÍLÌNÍŽÌÍŽÌŒNKLKLÌŒNKLKLŽÌŒNKLKL‚LŽÍŒÎÌÎMÎÌÍŒÌŽMÌÌŽMÌŒŒLLÓNÓBLŽÎÍNÍMNÍMÎNÍMLÌÍMLÌŒNKLL‹LÌÌŒŒLKLŽÌŒŒLKLÂLŽÎNÌMÌŽÌNMÍNÎÎÎÌŒŒLLÌÓNÓBLÌNÌŒÎÎMŽMÍMLNÌLŒÌÌLŒÌŒŒL‹LŽÌŒŒL‹LÌŒŒL‹LLÌŽÍŒÎÌLÌÌÎÍÌÍMÎNÌMÎLÌÌMÎLÌŒNKLL‹LŽÌŒŒLKLNÌŒŒLKLMLÌÎÍŽÌÍNNÍÌŒŽÌŒÌLÌÌŒÌLÌŒŒLLLNÌŒŒLLŒNÌŒŒLLLÌLNÍŽNÎLÌLÎNLÍŽÌÌÌÌÌÌŒNKLL‹LÌŒNKLL‹LLNÌŒNKLL‹LŒÂLÌLŽÍMÍŽŒŽÍÍNÍÌÍÌŒŒLËLLŽÌŒŒLËLMNÌŒŒLËLMBLÌMÌÌŽÍMLÍÍŽMNÍÍLÌÌÍÍLÌÌŒNKLL‹LŒÌŒNKLL‹LNÌŒNKLL‹LÂLÌMÎÍÎÍÍÎÍÍÍMNÌÌŒLÌÌÍŒÌŽÍÌŒNKLLLŒÌŒNKLLKLŽÌŒNKLLKLBLÌŒŽÍŽÌÍLŽÌMNNÌNMŒÌÌNMŒÌŒŒLËLÌÌŒŒLLŽÌŒŒLLMLÌÌÎNÌMMÎLMŽÍMŒÌÍMŒÌŒNKLLKLMNÌŒNKLLKLMÎÌŒNKLL‹LBLÍNÍNÌLŽLLÎÌŽMŽÌŒÌÌŒÌŒNKLËLŽÌŒNKLLLNÌŒNKLLLÂLÍÎÌLÍLÎÎÍÌŽNÌÌÎÌÌÌÌÎÌÌŒŒLLÎÌŒŒLKLLNÌŒŒLKLLÂLÍLŽÎNÌÌÌNNMLŽÍŒMÌÌÍŒMÌÌŒŒLLNÌŒŒLLŽNÌŒŒLKLÂLÍMNÌMÌMÍLŒŽÌŒÍŽLÎÎŒÌŒLÍŒMLÌŒNKL‹LÌŒNKL‹LLÌŒNKL‹LL‚LÍMÎÍŒÌLŒŒŒÎLMÎNÍÌMŒÌÍÌMŒÌŒŒL‹LNÌŒŒL‹LÎÌŒŒLËLBLÍŒÎÌMŽÌMŽÍLÎMŽÌNNÌÌNNÌŒŒLËLŽÌŒŒLËLLŽÌŒŒLËLŒ‚LÍŽÌŽÌLÌNÍLÌÎÌMMŒÌÌMMŒÌŒŒLKLLŽÌŒŒLKLŒŽÌŒŒL‹LBLÍÍÌMÌMÌMNÌLŒŒÌNÍMŽÌÍMŽÌŒNKLLKLLÎÌŒNKLLKLMÎÌŒNKLLKLNLÎÍÌMŽMMŽÍŒNMÌNÌÍÍŒÌÌÍÍŒÌŒŒL‹LŒNÌŒŒL‹LŒÎÌŒŒL‹LLÎMNÌLÌLŒÌÎÎLNNÍMŒÌÍMŒÌŒŒL‹LŒŽÌŒŒL‹LÌŒŒL‹LŽLÎÌLNÍÌÌÍÎMÌMŒÌÌMŒÌŒŒLLŒÌŒŒLLŒNÌŒŒLLŒÂLNÌMŽÌMÎŽNÌÎÍÍNÌLLÌÌLLÌŒŒLKLŒŽÌŒŒLKLÌÌŒŒL‹LLLÌÎÌLLÎMÎÍÌNNLŽÍLNÍLÍŒÍMLÌŒŒL‹LŒNÌŒŒLËLÎÌŒŒLËLLLÍNÍLÎÍÎÌÎLÎÌÎÌÌÎÌŒNKLL‹LNÌŒNKLL‹LÌŒNKLL‹LLŽÍÍÍLÎNÎMMÌÍLLÌÌÍLLÌŒŒLKLÓNÓBLMNÍŒNÌMLNÍÌMÍLŒÎÎMŒÍLMŒÌŒŒLKLŽÌŒŒL‹LÌŒŒL‹LMLMŽÌNÎÌŽÌMNÌÌÌÌÌÌÌÌŒNKLLKLŒŽÌŒNKLL‹LÌŒNKLL‹LNLŒNÍŒÌÍÌŽÌÍLÍLÌLŒÌÌLŒÌŒNKLL‹LLÎÌŒNKLL‹LMÎÌŒNKLL‹LŽBLŽÍÎÌLŒŽÎMNLŽÍŽÎLŒÌÌLÌŒŒLËLŒNÌŒŒLËLŽÌŒŒLLLŽNÍNÎMLÎÎNLÎÌLŽLŒÌÌLŽLŒÌŒŒLËLŒÎÌŒŒLËLÌÌŒŒLLBLÌÍÌÌÍMNÌÍÍLÎÌMÎŒÌÌMÎŒÌŒNKLLLÎÌŒNKLLKLNÌŒNKLLKLNBLÌNÍÎÌMÌÌÍŽMNNÌLŒÎÌÌLŒÎÌŒŒLLNNÌŒŒLLÌÌŒŒLKLBLÎNÍÎMNÌÌÎÌLLÌÌLLÌŒNKLËLLŽÓNÓBLÎÍŽÍLNÍMÎNÌNMLÌÌNMLÌŒŒLKLLÌŒŒLKLMÌŒŒLKLLNNÌÍÎNNÎÍÍMÍŒŽÍŒÌÍŒÌŒNKLLLNÌŒNKLLŒÌŒNKLLŽBLLŽÌNÌÌMÍNÍNŒÌÌÌÌÌÌŒNKLLMÌŒNKLLMNÌŒNKLLLLMÎÍMŽÍMŽNÌÍÍÌLMÌÌLMÌŒŒLKLÌÌŒŒL‹LÌŒŒL‹LMBLLÌÌÍÌLÌŽÎMÍLÌÍNNÌÌÍNNÌŒŒLKLÌŒŒLKLLÎÌŒŒLKLLÂLLÍNÌLÍŽÌMÍŒLNÌNMÍÌÌÌNMÍÌÌŒŒL‹LŽÌŒŒLËLŽÌŒŒLËLŒLMNÌÎÍLŒNÍŒLŽÌNÌÌÌNÌÌŒŒLËLLÌŒŒLËLNNÌŒŒLËLŒLMÎÍŽNÌŽÌÍÍÌŒLLÌÌŒLLÌŒŒLKLNNÌŒŒLKLÌŒŒLKLÌLMÍÎLMÌŽÎMŒÌLŒÌÌLŒÌŒŒLËLLÌŒŒLËLNÌŒŒLËLŒÂLNŽÌŽNÌLNÍÍLÍLÌÍLÍLÌŒŒL‹LNÌŒŒL‹LLÌŒŒL‹LLBLNMÎÍNÌLŒNŽÌMŒŒNÌMŽÌÌMŽÌŒNKLKLÌÌŒNKLLLÎÌŒNKLLLBLŒÌÌNÌLÍÎÍÌŽÎÌLŒÌÌLŒÌŒNKLLLŽÌŒNKLLKLÎÌŒNKLLKLBLŒŽÌMÎÌMÌMŒÎÌMÌMŽNÌÌÍŒÌÌÌÍŒÌŒNKLLLŒNÌŒNKLLLŽÌŒNKLLKLÂLŒÎÌMNÍMÎMLÌŽÌŒŽLÌÌŒŽLÌŒNKLL‹LNNÌŒNKLL‹LÎÌŒNKLL‹LÌBLŒNÍMŽÌLÍÎÍŽÌNÌŒMLÌÌŒMLÌŒŒL‹LNÌŒŒL‹LŒŽÌŒŒL‹LŽLŒLŽÍMŽÌŒMÌŒŒNÌÍÌÌÍÌŒŒLLŽNÌŒŒLKLNÌŒŒLKLBLŒNÍŒÎÌŒLÌLÌŽÍŒŒÌÍŒŒÌŒNKLLKLŒÌŒNKLLKLÎÌŒNKLLKLŽLŒŽÍMŽÌLŒLÎÌŒÎŒNÌLÌMÌÌLÌMÌŒNKLKLŒŽÌŒNKLKLŽNÌŒNKL‹LLŒÍŽÍÎÌMLŽÌÌNNÍŽÌÍŽÌŒŒLKLÎÌŒŒLKLLŽÌŒŒLKLŒÂLNÍMÎÍÎÍLÎLÎÎMÌLÌÎMÌLÌŒŒLËLŒÎÌŒŒLËLNÌŒŒLL‚LMŽÌŽÍÍÌŒLŽÌLMÍÌÌLMÍÌŒŒLËLNÌŒŒLLÎÌŒŒLLLBLNNÍLNÌLÍŽLÎÌŒÌŽMÎÌLŒÌÌLŒÌŒNKLLLMÌŒNKLLLÎÌŒNKLLKLBLŽNÌMÎÌLÌMLÍÌLLÍÎÍŒÍŒÌÍŒÍŒÌŒNKLLKLLÌŒNKLLKLŒŽÌŒNKLLKLBLÎNÍLNÌŒMÍŽÍÌÌŽÍŒÌÍŒÌŒNKLLKLMÌŒNKLLKLMŽÌŒNKLLKLÌLŽÌŽÌLÍÍŽNÍÌLNÌŒÌÌÌŒÌÌŒŒL‹LMÎÌŒŒL‹LŒNÌŒŒL‹L‚LŽŽÌŽÌMŽNŽÍÍŒÌNÌÌNÌŒNKLLÌÌŒNKLKLÌŒNKLKLLŽLÌLŽÍMŽNÌLLÎÍLLÌÍLLÌŒNKLËLŒNÌŒNKLËLÌNÌŒNKLLLŽLŽÌÌÌLŒMÎÎÎMŒÌÎMŒÌŒŒLKLÌŒŒLKLÌÌŒŒL‹LLŽMÎÌMNÍMÍŽÎNÌŽLÌÌŽLÌŒŒLLLÎÌŒŒLLMŽÌŒŒLLM‚LÌÎÌNÎLÌÍNÌÌLÍNÎÌŒÌÎÌŒÌŒŒLËLÌŒŒLËLÎÌŒŒLËLŽLÌŒNÍŽÍLMÎÍÎÍNÎLÌÎLÌŒNKLËLŽNÌŒNKLLÎÌŒNKLLL‚LÌŽÌÎNÌMÍÎLŒŽÎÌÎÌŒNKLLLŽÌŒNKLLLLÎÌŒNKLLLŒLÌÌÎÌMÌMLMLÍNÍLŒÌÍLŒÌŒNKLËLNÌŒNKLËLNNÌŒNKLËLBLÌÍÎÌÌŽÎMNLŽÌLÎÎÍÌÍÌŒNKLL‹LLNÌŒNKLL‹LMÎÌŒNKLL‹LŽLÍÎÌÎÌŒÌLÌMÍÌÌÌMÍÌÌŒNKLLLÎÌŒNKLLKLŽÌŒNKLLKLLÍNÌŒÎÌÍÌNÍÌŽÌÌŽÌŒNKLL‹LŽNÌŒŒLKLLNÌŒŒLKLLBLÍLŽÍŽNÌÌLÎNÍLŒÌÌNLÌÌNLÌŒNKLLÌŒNKLLLNÌŒNKLLNBLÍŒŽÍÌMÎŽNÌÍÍLÍÎÌÎNLÌÌÎNLÌŒŒLKLŽÌŒŒLKLLŽÌŒŒLKLŒÂLÍÍNÍNNÌÎNÎÍŒÌÍŒÌŒNKLKLLNÌŒNKLKLÌŒNKLLL‚LÍÎÍŒÌMŽLNÌŒÌÍÎÌŒÎÌÌŒÎÌŒNKLKLÎÌŒNKLKLMNÌŒNKLKLBLÍÍÍNÍMMNÌLÎLŒÌÎLŒÌŒŒLKLŒŽÌŒŒLKLÌNÌŒŒL‹LBLÎÌMÍLNMÎÍÍŽÌMÌŒÌÌMÌŒÌŒŒLLÌŒŒLKLÎÌŒŒLKLLBLÎLNÌÌŽÌNNNÍŽLŒNÌÎNÌÌÎNÌŒŒLLLŽÌŒŒLLMÌŒŒLL‚LMŽÍŒNÍÍŒÌÌMÎÎMLÌÎMLÌŒNKLL‹LMŽÌŒNKLL‹LMÎÌŒNKLL‹LNLŒÌMÎÌLÍMNÍÍMLNÌÌÍLÌÌÌÍLÌŒŒLKLNNÌŒŒLKLŽNÌŒŒL‹LLŒÎÌÌŽÍLNÍŽŒLNÍŒÍŒÍMÌŒNKL‹LÌŒNKL‹LNÌŒNKL‹LŒÂLÍNÌNÌMÍÎÌÍMŽÍÌÍÌŒNKLL‹LÌÌŒŒLKLŽÌŒŒLKLLÂLÌNÌLŒÎNÌMÎNÌÍÌŒÌÌÍÌŒÌŒNKL‹LŽÌŒNKL‹LÎÌŒNKLËLÂLNÌÎÎLNNÎMNÍŽÌMÌŒÌÌMÌŒÌŒNKLLKLŽÌŒNKLLKLÌÓBLÍŽÍLÎÍŒMÍÍÎNÌMÌÌMÌŒNKLLLNÌŒNKLLLÎÌŒNKLLLÂLÎÍÎÎMMÌÎÍŒŒÍNÍLLŒÌÍLLŒÌŒŒL‹LLNÌŒŒL‹LNÌŒŒL‹LNLÎÍÎMÌÎLÍNNÍŽÌÍŽÌŒNKLLKLÎÌŒNKLLKLMŽÌŒNKLLKLŒBLLÌÌÎÎMŒÎÍMÍÌÌÌÌÌÌŒŒLKLLÌŒŒLKLŒŽÌŒŒL‹L‚LNÍÎÎLÍŽÎNÎÌŒŒÌÌŒŒÌŒNKLLLMÎÌŒNKLLLÎÌŒNKLLKLBLLÍŽNÌLLÎÎMLNÍMÎLÍNLÌŒNKLLKLLNÌŒNKLLKLMÌŒNKLLKLŒ‚LLNÍÎÌMMÎÌÌÍÎÍNMLÌÍNMLÌŒNKLLLNÌŒNKLLKLÌŒNKLLKLLLLŽÌŒÎÌMÎNÍÌLÌNÍMÌÌÍMÌÌŒNKLËLŒÎÌŒNKLËLÌŒNKLËLÌBLLLÎÌNÌMMŽÌMMÎÌŒÌÌŒÌŒŒLKLŒÌŒŒL‹LNÌŒŒL‹LLLLŒÌÍNÌŒLÌÎÎLÌÍÎÌLMÌÌÌLMÌÌŒNKLL‹LŽÌŒŒLKLNÌŒŒLKLNBLLÎÌŽNÌLNÎÍMÍNMŽÌÍNMŽÌŒŒLKLÎÌŒŒLKLLÌŒŒLKLŒ‚LMÌMÎNÎÍÍŒMNÌLÌÌLÌŒNKL‹LŒŽÌŒNKL‹LÌÌŒNKLËLLLMÍÎÌMNÎÌŽÌŒÌŽÌÌŒÌŽÌŒŒLKLŽNÌŒŒL‹LLÌŒŒL‹LL‚LMNÍŒÍŒNNÌMÌÌŽÌŒMŒÌÌŒMŒÌŒŒLLMÎÌŒŒLLŒŽÌŒŒLLŒ‚LMÍNÌÍŽÌLMŽNÎMMLÌLÍÌÌLÍÌŒŒLLMÎÌŒŒLKLNÓBLNŽÌŒÎÌŒNÍLÌÌÌNŒÌÌNŒÌŒŒLKLÌNÌŒŒL‹LLNÌŒŒL‹LLÂLNMÌMÎÎMMNÍNMÌÌNMÌÌNMÌŒNKLL‹LÎÌŒŒLKLNÌŒŒLKLMBLNNÌÌŽÌLÎÎÍŽÍÎŒÌÍÎŒÌŒŒLLŽÌŒŒLLÌŒŒLLLLLÍLŽÌLMÎÎMMŽÎÌŒŒÌÌŒŒÌŒNKLLKLŒŽÌŒNKLL‹LÌŒNKLL‹LLLÎÍMNÌMLŽÎMMÌÎLÌÌÎLÌŒNKLL‹LNNÌŒNKLL‹LŒÌŒNKLL‹LÌLLÍŒNÍÌÍŒŽÌÎMLÌNÌMLÌÌMLÌŒNKLL‹LNÌŒNKLL‹LLNÌŒNKLL‹LL‚LLLŽÍŒŽÎNÌÌŒÍŽÍŽMŽLÌÍŽMŽLÌŒŒLLŽNÌŒŒLKLNÓBLLŒÍÌMÍNMNÎÌŒLÎLÌÌŒLÎLÌŒŒLLNÌŒŒLLNÌŒŒLKL‚LLŒÎÌÎÌMÌÍÍÌÌŒÎÌŒÌÌŒÌŒNKLLKLÌÌŒNKLL‹LÎÌŒNKLL‹LM‚LLÍNÍŽÌMMÍŽNMÍŽÌÌŒÌÌÌŒÌŒNKLLKLÌŒNKLLKLŒŽÌŒNKLLKLÌLLÍNÍŒNÌLMŒÌÌÎLÌÌÌÎLÌŒNKLLNÌŒNKLLŽÌŒNKLKLBLLMÍNNÍŒÎÍMŒÎÎÌÎÌŒŒLLMÌŒŒLLŒÌŒŒLLÂLLMŽÌMŽÌMÌLÎÍŒMŒÍŒÌÍŒÌŒŒL‹LŽÌŒŒL‹LÌŒŒL‹LLÂLLNNÍÎLLŽÍMNNÌMNÌÌMNÌŒŒL‹LLÌŒŒL‹LŒNÌŒŒL‹LŒBLLÌNÌŒŽÌLŽMMŽÍMÍÌMÌÌMÌŒNKLLKLÎÌŒNKLL‹LNÌŒNKLL‹LÂLLÎÍŽÌLŒŽÌLLÎÍÍÌÍÍÌŒNKLLKLMÎÌŒNKLLKLÎÌŒNKLLKLÂLLÌÌÎÍÌNÍŒŒÌMLÌÌÌMLÌÌŒNKLKLNÌŒNKLLLŽÓBLLLÎÍMNÌŽLÎÍLNMÌLŽLÌÌLŽLÌŒNKLL‹LMÎÌŒNKLL‹LŒŽÌŒNKLL‹LÂLLMÎÌÍNÌLŽLÌNMŒŒÍLÍLÌÍLÍLÌŒŒLKLNÌŒŒLKLŽÌŒŒL‹LBLLLÌÍÌLŽMNÌMNLNÌÍLŒÌÌÍLŒÌŒŒL‹LLÎÌŒŒL‹LŒÌŒŒL‹LÂLLLMÌÌNÌLŒŽLÍMLMÎÍŽÌÍŽÌŒNKLËLŽÌŒNKLËLLÌŒNKLËLLÂLLLNNÎNÌÎNNÌLÍÍNLÌÍNLÌŒŒL‹LŒÎÌŒŒLËLÎÌŒŒLËLLLLLÌÍMŽÍMNÎLÍMÍŽÌÍŒÌÌÍŒÌŒNKLLLNÌŒNKLLLÌNÌŒNKLLKL‚LLLÌŽÍNNÍÌMŽÍŒNÍÍÌÌMÌLÍNMÍLÌŒŒL‹LNÌŒŒL‹LMÎÌŒŒL‹LLLLÍÎÍŽNÍLÎÍÎÌÎÍLÌÌÎÍLÌŒNKLLLÎÌŒNKLLLLŽÌŒNKLLL‚LLMŽÌÍŽÌÌŒŽÎMÎNÌÌÌÌŒŒL‹LŽNÌŒŒLËLÎÌŒŒLËLMÂLLMÌNÍMÎÍÌŽÎLŒMÎÍŽŒÌÍŽŒÌŒŒLLŒÌŒŒLLŽÌŒŒLKLLLMÌÎÍÎÌLNÌLÌÎNLŒÌŽÎMÌŒŒLKLŽÌŒŒLKLÌÌŒŒL‹LÂLLMÍÍÎÎMŽÌNLÍŽÌÌŽÌÌÌŽÌŒŒLKLNÌŒŒL‹LNÌŒŒL‹LBLLNNÌÍÎÌÍMNNÍŽLÎÌLLÌÌLLÌŒŒL‹LÎÌŒŒL‹LNÌŒŒLËLBLLNÌÎNÌMLNÌÎÎÌLŒÌÌLŒÌŒNKLL‹LMÌŒNKLL‹LŒÎÌŒNKLL‹LŽBLLNLNÍŒŽÌMMÌÎMÍNNÌÍÎÌÌÍÎÌŒNKLLLŽÌŒNKLLLLNÌŒNKLLLLBLLNMÍŽÍMÎÍNÌÍÎLÌÎMŒÎMÌŒŒLLÌÌŒŒLKLLŽÌŒŒLKLMÂLLNMÎÍÎÍŒNÌMMÎÌLÌŒÌÌLÌŒÌŒNKLL‹LŒÌŒNKLL‹LŽÌŒŒLKL‚LLŒLNÌMNÌMMÎÌLMÍÎÌMÎÌÌMÎÌŒŒLKLNÌŒŒLKLŽÌŒŒL‹LBLLŒNÌÎÌÍNÎMÌÍÍŒÌÍŒÌŒŒLKLMÌŒŒLKLMÎÓBLLŒNNÍLÍÎNNÌNLNÎŒÌÎŒÌŒŒL‹LÎÌŒŒLËLLNÌŒŒLËLŒÂLLŒŽÌNÍÍŽÍÎŽÍŒÌÍŒÌŒNKLLKLŒŽÌŒNKLL‹LÌŒNKLL‹LLLŒÎÍÎŒÌÎÎMŒÌÍÌÍÌŒNKLL‹LÌÌŒŒLKLLŽÌŒŒLKLMLLÎÌÌLÎNÎÍNÌŒÎÌÌÌŒÎÌÌŒŒLLŒÎÓNÓBLLÍMÎÍLÎÎÌŒŽLÎÍÌÍÌŒŒL‹LNNÌŒŒLËLŽÓBLLNÍŒÎÍÌÌLNÌÌÌÌŒŒLLLŽÌŒŒLLŽÌŒŒLLÂLLÍÍMNÎMÎMŽÌNŒŒÌÌNŒŒÌŒŒLKLNÌŒŒLKLÌNÌŒŒL‹LL‚LLÎÍÎÌLÍÎÌMÎÍÎÍÌŒŒL‹LŒÌŒŒL‹LŒÎÌŒŒL‹LBLLÌÍMŽÎŒÎÌMLÎMŒÌÎMŒÌŒŒLLŽNÌŒŒLKLÎÌŒŒLKLLÂLLÌŽÌÎÎMMÍMÎÍÎMŒÌÍÎMŒÌŒŒLLŽNÓNÓBLLÍNÍNÌMÍÎLÎÌŽMÎÎLŒÌÎLŒÌŒŒLKLŽNÌŒŒL‹LNÌŒŒL‹LMBLLÎÌŒŽÎMMNÌÌÎLNÎMŒÌÎMŒÌŒNKLL‹LNÌŒNKLL‹LŽÌŒŒLKL‚LLŽÌNNÌMLÎÌMŒMÎÌŒÌÌŒÌŒŒLLLÌŒŒLLLNÌŒŒLLNLLŽŽÍLŽÎLLNÍNÎÌLŒÌLŒÎLNÌŒNKLËLÌŒNKLËLŒÌŒNKLLBLLŽÌŽÍLÌŽÌŒNÌMÍÌÌÌMÍÌÌŒŒLLNÌŒŒLLŽNÌŒŒLKL‚LLŽMŽÌŽÌMŽLÌŽÌŒÍLŽÌLŒÌÌLŒÌŒNKLL‹LŽÓNÓBLLÌÌMÎÌLLÍMNÌMÌLMNÌÎLÌÌÎLÌŒNKLKLNÌŒNKLKLŽNÌŒNKLLLÂLLÌNÌÎÌLÌŽÌÎÎÌÎÌŒNKLL‹LMÌŒNKLL‹LŒÌŒŒLKLBLLÌNÌŒNÍÌÌNÌMÎÍŒLLÌÍŒLLÌŒNKLLKLLNÌŒNKLLKLNÌŒNKLLKLŒLLÌÎÌNNÍÌMÎÎLÌNÌLŒÌÌLŒÌŒNKLLŒŽÌŒNKLKLÎÌŒNKLKL‚LLÌLÎÌŒÎÌMÌÌMNÍÍŒŽÍLÍLÌÍLÍLÌŒŒL‹LLÎÌŒŒL‹LÌŒŒL‹LŽLLÌÌŽÍLÌLÍÎÎÍÍLŽÍÌÍÌŒNKLKLNÌŒNKLKLLÌŒNKLKLMÂLLÌÍÌÎNÌLNÎMLÎNÌLMÌÌÌLMÌÌŒNKLLLŒNÌŒNKLLKLÎÌŒNKLLKLMÂLLÍÌLÎNLMÎÎLLŒÍLŒÌÍLŒÌŒNKLKLŒŽÌŒNKLKLŽÓBLLÍÎÍMŽÍNNÎMŽÍLLÌÍLLÌŒŒLLMŽÓNÓBLLÍLÍMNÌLÍŒÍŽÎLÍŽÍŽNÌÍŽNÌŒNKLLLÎÌŒNKLLLLÌŒNKLLLLÂLLÍMNÌÎÌŒNÌNÌÍLÌÍLÌŒŒLKLŒŽÌŒŒLKLÌÌŒŒL‹L‚LLÍNÎÌMŽNMÎÍÍŒŒNÌLŒÌÍÌÌLŒÌÍÌŒŒLKLNÌŒŒLKLNNÌŒŒLKL‚LLÍÎÌÍNÎLLŒÍÎÌMÍŒÌÌMÍŒÌŒNKLKLMÎÌŒNKLKLÌÌŒNKLLLLBLLÍÎNÍNÍLÌÌLNNÍŽLÌÍNLÍŽLÌŒŒLKLÌNÌŒŒL‹LMÌŒŒL‹LBLLÎNÌÌÎÌLMŒÌŒLÎMÍÌÌÎMÍÌÌŒŒLKLNÌŒŒLKLÌÌŒŒL‹LLLÎLŽÍŒÌLÍŽÎNNLNÌŒLÌÌŒLÌŒŒLKLNÌŒŒL‹LÌŒŒL‹LLMÌÌŽÌMÍÎÍÎNÎÍÎÌÍÎÌŒŒLKLŽÌŒŒLKLNÌŒŒLKLLBLMÍŒNÍŒLÎÎLLLNÌŒMLÌÌŒMLÌŒŒLLLÓNÓBLMMŽÌÌMLNNÌŒNLŽÌLLŒÌÌLLŒÌŒNKLL‹LŽÓNÓBLMŒÎÌŽÍŒÍÍŽÌLMÎÍÎLŒÌMNÍŒÌÍŒÌŒNKLLKLLÌŒNKLLKLŒŽÌŒNKLLKLBLMÍLNÎNNÎLNÌŽŒÌÌŽŒÌŒNKLLLMŽÌŒNKLLLŒNÌŒNKLLLŒ‚LMÌÎÍLNÌŽLÍÍÎÌŒÌMMLLÌÌMMLLÌŒŒLKLNÌŒŒL‹LÎÌŒŒL‹LBLMÍŽÍNÎLŽÌÌMŽŽÍŒŒÌÍŒŒÌŒNKLL‹LNÌŒNKLL‹LÌNÌŒŒLKLBLMÍÎÍNÌŽÌÌMÌMÍMŒŽÌÍMŒŽÌŒŒLKLNÌŒŒLKLMÌŒŒLKLLMŒÍŒÌLÍLNÎNNÍŒÌÍŒÌŒNKLL‹LÌNÓNÓBLMÍNÍÌLMÌNÌÍŽNÌMÌÌMÌŒŒLËLLÎÌŒŒLËLMŽÓBLMÎNÌÎNÌMÍÍLNÍNÌÌLÌÌÌLÌŒŒLLNÌŒŒLLÌÌŒŒLKLLMMÎÍLŽÌMŒLÎÍŒÍŒMŽÌÌŒÌÌÌŒÌŒNKLKLŒÌŒNKLLLNÌŒNKLLLMBLMLÍŒŽÌLÍNÌÍŽMŒNÌMLÌÌMLÌŒNKLKLLŽÌŒNKLKLNNÌŒNKLKLLMLÎÍÌMÌÎMMNÍÌÍÌŒNKLL‹LLÎÌŒNKLL‹LMÎÌŒNKLL‹LÂLMLŒÎÌŽÌMÌMŽÍÎMŒÍÌÍÌŒŒLËLŒŽÌŒŒLËLŽÌŒŒLL‚LMLŽNÌÌLÎNÌLŒŒÎÌMŽÌÌMŽÌŒŒLLNÌŒŒLLMŽÌŒŒLLŽLMLÌNÍNÍÌÎNÍŒMÎÎÌÎÌŒNKLLKLŽÌŒNKLLKLNÌŒNKLLKLLÂLMLÍÌNÌÌÌLÎMŽÍŒŒÌÍŒŒÌŒNKLL‹LLNÌŒNKLL‹LMÎÌŒNKLL‹LMÂLMLÍŽÌÌÌLNŒNÌMÌMNÌŒÌÌŒÌŒNKL‹LMŽÌŒNKL‹LŽÌŒNKLËL‚LMMŽÌNÌŽÌŒMÌÍLÌÌÍLÌŒNKLL‹LMÌŒNKLL‹LŽÌŒNKLL‹LŽLMMLNÍŒŽÍMŒÎÌÎLMLŽÌLŒÌÌLŒÌŒŒLKLÌŒŒLKLLÎÌŒŒLKLMÂLMMÌÌÎÌNLNÌÍLÎÍŒLÌÍŒLÌŒŒLKLMŽÌŒŒLKLŽÌŒŒLKLÂLMMÍÌÌŽÌMÍŒNÌÍNMŽÍLNÌÍLNÌŒŒL‹LMÌŒŒL‹LŽÌŒŒLËLLÂLMNÌMÎÍÍMŽÌÌÎLÎÌÎLŒÌÌÎLŒÌŒNKLL‹LNÌŒNKLL‹LNÌŒŒLKLLMNNÌÌŒMŽÌÌÌÌLNÌLLŒÌÌLLŒÌŒNKLL‹LŽNÌŒŒLKLLNÌŒŒLKLMÂLMŒÌÍŽÌLÍŽMÎÍLÌNÌŽLÌÌŽLÌŒNKLL‹LÌŒNKLL‹LÌNÌŒŒLKLL‚LMŒŽÍŽNÌLNLÎÌŒŒŒNÌŽÌÌŽÌŒNKLLKLŽÌŒNKLLKLNÌŒNKLLKLNLMŒÍÎÌÍLÎÎÌMMÍLÌÌMMÍLÌŒŒLLLÌŒŒLLÌŒŒLLÂLMŒŒÎÌÍŽÌLLLNÌLŽNÌÌLŒÌÌÌLŒÌŒNKLL‹LMNÌŒNKLL‹LÎÌŒŒLKLLMŒNÍŒNÌMŽLÎÍLMÍŽÌÎLÌÌÎLÌŒNKLLLLNÌŒNKLLLMŽÌŒNKLLLLMŒÌÌÍNÌLLLÍÍŽNÍŒŒÌÍŒŒÌŒŒLLŒÎÌŒŒLKLNÌŒŒLKLBLMNÌÎÌÌÎNÎLÍÎÍÌŒÌÍÌŒÌŒŒLKLMÌŒŒLKLÌŒŒLKLÌLMÍÍÌMLŽNÍÍÍŒNÌLÍŒÌÌLÍŒÌŒNKLL‹LMÎÓNÓBLMÍÎÌMÎÌÍÍMŽÎŽMNÌNŒÌÌLÍLÌMMŽLÌŒŒLLNNÌŒŒLLŒNÌŒŒLLŒBLMŽLÌÍÌLŒNNÌLLÎNÍÌÍÌŒNKLL‹LLÎÌŒNKLL‹LŒÎÌŒNKLL‹LŽBLMÌLÎÍNÌLNLŽÍMŽÌMÎÌÌMÎÌŒŒLKLNÌŒŒLKLMÎÌŒŒLKLBLMÌMÎÍÌMŽNÌMÍÌŽÍLMŒÌÍLMŒÌŒŒLLŒÎÌŒŒLKLŽÌŒŒLKLMBLMÌŒŽÍÌÍNNÌLŽÌLÌÍLÌÌLÌÍLÌŒŒLKLÌŒŒLKLÎÌŒŒL‹LBLMÌÎÌŒŽÍLŒÍÎÌŽÌŒLÍÌÌÌŒLÍÌÌŒŒLKLNÌŒŒLKLŽÓBLMÌÌNÍŽÎMÎNÍNLNÌMLÌÌMLÌŒNKLL‹LŽÌŒNKLL‹LLNÌŒNKLL‹LŒLMÌÍÌÍÌNÌLNNÌLÌÌLÌŒNKLËLMÌŒNKLËLŽÌŒNKLËLŽBLMÌÍNÍNÌLÌŒNÎLŽÍÌŒÌÍÌŒÌŒNKLËLNÌŒNKLËLMÌŒNKLËLNBLMÍNÌMNÎŽÍÌÌÎÌMÌÌMÌŒNKLKLŒŽÌŒNKLLLŽÌŒNKLLL‚LMÍÎÌNÌMNMÎŒŽÌÌŒÍÌÌÌŒÍÌŒŒL‹LÌŒŒL‹LLŽÌŒŒL‹LM‚LMÍÌÍNÍNMÎÍMNNNÍNÌÍNÌŒNKLLÎÌŒNKLLŒNÌŒNKLLŽBLMÍNÌŽNÌMŒÎÍÎÌLŽÌŒÌÌŒÌŒŒLLNÌŒŒLLMNÌŒŒLLŒ‚LMÍŽÌÍÎÎNÍÌNÍŒMŒÌÍŒMŒÌŒŒLKLÎÌŒŒLKLMNÓBLMÍÌÎÌÌÍŒLŽÍÌŽŽÌŽMŒÌÌŽMŒÌŒNKLLŒŽÌŒNKLKLNÌŒNKLKLÂLMÍÍNÍŽNÌLMNÎLŽŽÍNÌÍNÌŒŒLLŽNÌŒŒLKLŽÌŒŒLKLBLMÎNÌNÍÍŒŽÌÌÌMÌÌÌÌÌÌŒŒLKLÌÌŒŒL‹LNÌŒŒL‹LNBLMÎŽÌLŽÌÎNÍŒÎLÎÌLÌÎÌLÌŒŒLLNÌŒŒLLLŽÌŒŒLLM‚LMÎLÎÍÍLÌLŽÍMÍÍNÌÌŒÍMMÍÌŒNKLLKLLŽÌŒNKLLKLMŽÌŒNKLLKLNBLNNÍNÍÌŽMŽNÍLŽÌÍLŽÌŒNKLLKLÌÌŒNKLL‹LÌŒNKLL‹LLÂLNÎÍÎÌŒLŽÍÍLÍÌÌÍLÍÌÌŒŒLKLNÌŒŒLKLMNÌŒŒLKL‚LNNÍŽÌMŽLNÌMŽŽÍŒÌÍŒÌŒNKLËLŽÌŒNKLLNÌŒNKLLM‚LNÍLŽÎNÌŽLMŽNÍLLÌÍLLÌŒNKLL‹LŽÌŒNKLL‹LŒÌŒNKLL‹LŒLNMÎÍŽÍŒLÎLMÍŽÍÎLÌÍÎLÌŒŒLKLŽNÌŒŒL‹LŽÌŒŒL‹LBLNNNÌÍNÍŒÌLŒNÍÍMÍLÌÍÍMÍLÌŒŒLËLLNÌŒŒLËLNÌŒŒLLBLNŒÎÍNÍŒNÌÌNMNÌMÌŒÌÌMÌŒÌŒŒLKLŒÌŒŒLKLŽÌŒŒL‹LBLNNÍŒŽÌMŒMÍŽÌÌÌÌÌÌÌÌŒNKL‹LÎÌŒNKL‹LMÌŒNKL‹LŒ‚LNŽÌMÎÌMÎNÌÎMLÎÌNLÎÌÌNLÎÌŒNKLËLŽÌŒNKLLNÌŒNKLL‚LNÎNÍNÌNMŽÎLŽÎÌŒMLÌÌŒMLÌŒŒLËLNÌŒŒLËLMÎÌŒŒLËL‚LNNÌNÍŽNŽÎLNÌMŒLÌÌMŒLÌŒŒLËLMÎÌŒŒLËLNNÌŒŒLËLŽBLNÎÌŒÌMNLNÍMÌLÌÎÍŒÌÍŒÌŒNKLKLMNÌŒNKLKLNÌŒNKLKLŽLNLÎÌÌÌLÌÍÍÎNÍMŒÌÍMŒÌŒŒLLŽÌŒŒLKLŽÌŒŒLKLMBLNNÌNÍÎNÌÎLŽNÌNÌÌNÌŒŒL‹LMÌŒŒL‹LMÎÌŒŒL‹LLNŒŽÌÎÌMÎÌÍÎMLNÎLÌÎLÌŒNKLLLMŽÌŒNKLLLŒŽÌŒNKLLLŽLNŽÍÎÌÍÍÎÌLÌÌLÌŒŒLKLŒŽÌŒŒLKLŽÌŒŒL‹L‚LNÌÌMÌMMÎÌLŽNÌLNÌÌLNÌŒŒLKLŒŽÌŒŒL‹LŽÌŒŒL‹LBLNÍNÍMÌÌÌÎÌMLÌNÎÍÌÎÍÌŒNKLËLNÌŒNKLËLLÌŒNKLËLL‚LNÎÍMNÌLNNÌÎNMŽÌŒÎÌÌŒÎÌŒNKLLKLNÌŒNKLLKLLÎÌŒNKLLKLMBLNÎÌÍŽÌÍNMÍÍMNÌLŒÌÌLŒÌŒŒLËLŒNÌŒŒLËLNÌŒŒLLLNŽÍŒÌÎÍŽÎLÍÌLÌÌÌLÌÌŒNKLL‹LŒÌŒNKLL‹LŒÎÌŒNKLL‹LÌBLNLNÌŽNÍŽÎÎLMÌNÌMLÌÌMLÌŒŒL‹LNÌŒŒLËLŽÌŒŒLËLMBLNMÍŽÌNÎÍŽLÍLMÌÌÍLMÌÌŒŒLLMNÓNÓBLNMÎÌÌÎÌLŒŽLÍÍMÍŽÌŒLÌÌŒLÌŒŒLËLŽÌŒŒLËLŽNÌŒŒLLLNLÍÎLÎNNÎŽÍÌŒŒÌÍÌŒŒÌŒŒLËLNÌŒŒLËLÌNÌŒŒLËLÌBLNLÍÎÌLMÎÎLLÎÌŽLMŒÌÌŽLMŒÌŒNKLLKLNÌŒNKLLKLLÎÌŒNKLLKLMBLNLÌÎÌLŒÍÎÍLMŽÍÌÌÍÌÌŒŒLËLŒNÌŒŒLLÌŒŒLLLNLNÍÎÌŒNÍMŒÍÎÍLÌÍLÌŒNKLLÌŒNKLLNÌŒNKLLNLNLLÍŽÍMNÍŽÍŒÎÌNLÌÌÌNLÌÌŒNKLLLŒNÌŒNKLLLŒÎÌŒNKLLL‚LNLLÎÌŒÎLŽÌŒŒLNÌŒÍÌÌŒŒLÌŒNKLLKLÌŒNKLL‹LÌŒNKLL‹LMBLNLŽÌÌŽÌMÎÎÎMLŽLÌMMŒÌÌMMŒÌŒNKLLMÌŒNKLLNÌŒNKLLŽLNLÌÌŒÌMŒŒŽNÎMNNLÌNLÌÌNLÌŒŒL‹LÎÌŒŒLËLŽÌŒŒLËLLLNLÌÎÌŒÍLLNÌŒÍÍŽÎMŒÌÎMŒÌŒNKL‹LŒŽÌŒNKL‹LŒÎÌŒNKL‹LŽBLNLÍÎÍŒÎÌMNNÍNNÌLNLŒÌÌLNLŒÌŒŒLËLŽÌŒŒLLNÓBLNLÎÍŒÍŽMŽÍŒÍMŽÎÍŒÌÎÍŒÌŒNKLLKLÎÌŒNKLLKLNÌŒNKLLKLBLNMÍÎÌMÎÍLŽMÎNMÍÌŒLÌÌŒLÌŒŒLËLŒNÌŒŒLËLÌNÓBLNNÎÍŽÌMÌŒŽÌNÌLŒMLÌÌLŒMLÌŒŒLKLNÌŒŒLKLMŽÌŒŒLKLLNNŽÌÎNÌMÎLŽÍÎNÌMÍLÌÌMÍLÌŒNKLLLÌNÌŒNKLLKLNÌŒNKLLKLLNNMNÍLÎÌMMÌÌMÍŽÎÌÎÌŒŒLËLNÌŒŒLËLÌÌŒŒLLBLNNMÎÌŽÌLLŽÍMÌLŒÌLŒÌÌLŒÌŒNKLLLLÎÌŒNKLLLÎÌŒNKLLKLBLŒÎÌLÎÍMÌÍŽÍLÌLÌÎÌÍÎLŒÌNÌÍÍÍÌŒŒLKLÌŒŒLKLŽÓBLŒÎÍNÌMŒÍŽÍMŽLNÌÎLÌÌÎLÌŒŒLKLNÌŒŒL‹LNÌŒŒL‹LLLŒMNÌMŽÌMMÎÌLLÌLŒÌÌLŒÌŒNKLKLÌÌŒNKL‹LLÎÌŒNKL‹LMLŒMŽÍNÌŒÎNÍŒNNLNÌÌŽÌÌÌŽÌŒŒLËLÎÌŒŒLËLÌŒŒLËLLLŒÍŽÍÎMNÍLŽÍŒÌÍŒÌŒŒLLNÌŒŒLKLÎÌŒŒLKLNLŒÌŽÌÎÌMÌNNÍNÍŒÌÍŒÌŒŒLKLŽÌŒŒL‹LÌŒŒL‹LMÂLŒÍŽÌÌÌŒŽNÎMNÌNÌÍŒÌMÌŒNKL‹LŒNÌŒNKLËLNÌŒNKLËLMBLŒÎÍÎÌMMÍÌÌÌNÎÍÌÍŒÌÍÌÍŒÌŒNKLLKLÌŒNKLLKLLŽÌŒNKLLKLNLŒLNÌÌÎÌÍŒŽÌLÌÍŽÌMŒÌÌMŒÌŒŒLLNÌŒŒLLÎÌŒŒLLŽBLŒNNÌÍŽÎÌÍNÍMMÌMLÌÌMLÌŒNKLLLŽNÌŒNKLLKLÌŒNKLLKLBLŒŒŽÍLNÌMMÍÎLÍMŒNÍLÎLÌÍLÎLÌŒNKLL‹LŽÓNÓBLŒŽÍMŽÌLÍLŽÍÌÌÍMŽÌÌÌÌÌÌŒNKLL‹LŒÎÌŒNKLL‹LŽÌŒŒLKLLBLŒLÎÍNÌLNÎÍÎNÍÌÍÌŒNKLLÎÌŒNKLKLÎÌŒNKLKLMÂLŒNÌNÌLÍNÌNMÌMÌÌMÌŒŒLËLÌÓNÓBLŒNNÌŒÎÌŒNÎÍŒÎNÍLŽŒÌÍLŽŒÌŒNKLLKLNNÌŒNKLLKLŒÌŒNKLLKLBLŒLNÍNÎNÌÍLŽŽÌÌÌÌÌÌŒŒLKLŒÓNÓBLŒLŒÎÌMŽÌÌÍÎÌÎLŒNÌMNLÌÌÌNÌLÌÌŒÌŒNKLËLNÌŒNKLËLNÌŒNKLËLMÂLŒLÎNÍÎÍMŽÌÌÌNÌLLÌÌLLÌŒNKLLKLŽÌŒNKLL‹LÎÌŒNKLL‹LLBLŒMLŽÎNÌLÍÍÌŒŒÍÎÌNÌÌNÌŒŒLLMÎÌŒŒLLÌÌŒŒLKLL‚LŒMÌNNÌLLLNÍMŽLŽÌÌLLÌÌÌLLÌŒNKLËLÎÌŒNKLLNÌŒNKLLÂLŒMÌNÍNÌMNÎMMLÎNÌMMÌŒÌÌMMÌŒÌŒŒLKLÌŒŒLKLŒNÌŒŒLKLÌBLŒNÌŽNÍNÎLŽÌMÍÌÌMÍÌŒŒLKLŒÌŒŒLKLÌNÌŒŒL‹L‚LŒNNÍÎÎNMÎÌNNÌLŒÍÍLÎMŒMLÌŒNKLLLŒÎÌŒNKLLLNÌŒNKLLLBLŒNŽÌÎÌÍÌNÍÎÍÌŽÌÍÌŽÌŒŒL‹LLÎÌŒŒL‹LÎÌŒŒLËLBLŒNMÍÌLNLLÌNÎÌLŽÌÌLŽÌŒNKLLKLLÎÌŒNKLLKLÎÌŒNKLL‹LÂLŒNNNÍŒÌÌNÌÌLÌÌÌMÍÌÌMÍÌŒNKLKLÌŒNKL‹LÎÌŒNKL‹L‚LŒŒŽÍMÌÍÌÎMÍNÍÌÍÌŒŒL‹LÌŒŒL‹LNÌŒŒL‹LŒBLŒŒÎÌŒÎÎÎÌÌLÎŽÎMMÌÌÎMMÌÌŒNKLLŒÓNÓBLŒŒÌÍÎÌMMLÎÌNŒÍLÌŒÌÍLÌŒÌŒNKLËLÌŒNKLLŽÌŒNKLLL‚LŒŒLŽÍMŽÌMÎNÌMÌÌÌÌÌŒNKLLÎÌŒNKLKLÎÌŒNKLKLMBLŒŒŽÍMŽÍLMÎÍLŒNNÌÎMLÌÌÎMLÌŒŒLLÎÌŒŒLLÌŒŒLLÂLŒŒÎÍÌLÍMÎÌÎMMNÍNLÌÍNLÌŒŒL‹LÎÌŒŒL‹LLÌŒŒL‹LMÂLŒŒŽÌŒÎÍÌNNÎMMMŽÌLÎŒÌÌLÎŒÌŒNKLLKLŽNÌŒNKLL‹LÌŒNKLL‹LŒ‚LŒŒŽÌÍÎÍŒŒŽÌŒŽÌLLLÌÌÌLLLÌÌŒNKLLLMÎÌŒNKLLLNNÌŒNKLLLLŒŽNÍŽÌLÌMŽÎMLMÍMÍŒÌÍMÍŒÌŒNKLLŒNÌŒNKLLŒŽÌŒNKLKL‚LŒÍNÌMÍLÎÌŽMLNÌNŒÌÌNŒÌŒŒLËLÎÓNÓBLŒÍÎÍŽÌLŒÎNÌLÍŒÎÌŒŒÌÌŒŒÌŒŒLËLNNÌŒŒLËLŒŽÌŒŒLËLŒ‚LŒÎNÌMŽÎLŽÌLÌŽÍMLÌÌÍMLÌÌŒNKLL‹LŒŽÌŒNKLL‹LŽÌŒNKLL‹LÌLŒŽÌÍNÍÍŒLNÌŒLLNÌŒÌŒÌÌŒÌŒÌŒŒLËLNÌŒŒLËLNÌŒŒLËLM‚LŒÌLNÌNÍÎLÎÎLÍŒÌÌÍÌÌÌŒÌÌÌŒŒLLŒÌŒŒLLŽÌŒŒLKLÂLŒÌMNÍŽÌLŽLMÎLÎÌLÌÌÌLÌÌŒŒLLŒÎÌŒŒLKLÎÌŒŒLKLLŒÌŒÍŽÎMLÎÍŒÎÌLŽLÌÌŒLÎMÍLÌŒNKLL‹LÌŒŒLKLŽÌŒŒLKLLLŒÌÌNÍNÌLÍŒLNÌŒMŽNÌNÌÌNÌŒNKLL‹LNÌŒNKLL‹LLÌŒNKLL‹LLÂLŒÌÌŽÌNÎMÍÍÎLLÌÌÌÌÌÌÌÌŒŒL‹LŒÎÌŒŒLËLÌŒŒLËLLÂLŒÌÍÎÍŽÌÌMÌÍMŽÍLLÌÍLLÌŒŒLLŒÌŒŒLLŽÌŒŒLLŽBLŒÍNÍÎÎLLÌNÍMMŽÌŒŒŒÌÌŒŒŒÌŒNKLLKLŽÌŒNKLLKLLNÌŒNKLLKLMLŒÍÍÌMMLŒNÍMÍÌMNÌLÌÍÍLÌŒLLÌŒNKLLKLÌŒNKLL‹LNÌŒNKLL‹L‚LŒÍLÎÍMNÌMŒÍLNÌÍÌMÍÌLNLÌÌLNLÌŒNKLLKLÎÌŒNKLL‹LŽÌŒNKLL‹LÂLŒÍÌÎÌÍÎÍÌŒŽÍNLÌŽÍMŽLÌÍMŽLÌŒŒL‹LMÎÌŒŒL‹LŒNÓBLŒÍÍÎÌNÌLLÌŽÍLÍNÌŽÌÌŽÌŒŒLKLÌŒŒLKLÌÌŒŒL‹LLŒÎÌÎNÌMÍNÍÍÎMNÍÍŒÌÍÍŒÌŒNKLKLŒÌŒNKLKLŒŽÌŒNKLKLBLÍŽÍÎÌLÌMÎLŒÌMŽÌÌŒÌÌÌÌŒÌÌŒŒL‹LŽÌŒŒLËLLÎÌŒŒLËLM‚LNÌŽÌMMLNÌÎÍLÎÍÎÌÍÎÌŒNKLKLŒÎÌŒNKL‹LŽÌŒNKL‹LM‚LMÎÌÍÎÌŒŒLŽÍŽÌÎÍŒÌÍŒÌŒNKLLLNÌŒNKLLLŽNÌŒNKLLKLBLŒÌNNÎMNÍMLŽÌLŒÌÌLŒÌŒNKLËLMÎÌŒNKLËLŒÎÌŒNKLËLŒÂLŽÍNÌMÌŽÌMŒÍÎNÎLŒÌÎLŒÌŒNKLL‹LMNÌŒNKLL‹LMÎÌŒNKLL‹LLÍNÌLÌÌŒÎNÍŒŒÌÎÌŒMÌÌŒMÌŒŒLËLŽÌŒŒLLÌŒŒLLL‚LÎÌLNÌLLMNÌÍÎLLNÌŒŽÌÌŒŽÌŒNKLKLMÎÌŒNKLKLNÌŒNKLLLÂLLÎÍŒÎÌMÌNÍÌLLNÌMLÌÌMLÌŒNKLLÌÌŒNKLKLLÌŒNKLKLMLNNÌÎÌNMÍÍLLŽÌNLÌÌNLÌŒNKLKLMŽÌŒNKLKLŽÌŒNKLLL‚LLLŽÍMŽÍŒMÍŽÌÌŒÍÌŒŽÌÌŒŽÌŒNKLL‹LŒÎÌŒNKLL‹LNÌŒNKLL‹LÂLLNÌŒÌLÍÌNÌÌÍMMÌÍŒÌÌÍŒÌŒNKLLLÌŒNKLLLNÌŒNKLLLLLLÎÎÌLMÍÍNÍMÌÍMÌŒNKLËLÌŒNKLËLNÓBLLŽNÍÌMŒÎÍŒMŒÍNÌLŒÌŒÌNLÌLLMLÌŒŒLKLŽNÌŒŒLKLÌNÌŒŒL‹LL‚LLÎNÍÎÌLÍŽLÎÍMÎLÌNÌLÌŒÌMÍŒÌŒNKLKLÌÌŒNKLLLMÌŒNKLLLŽLMÍŽNÎLŒÍÍNÌŒÍMŒÍŽÌŒÌLŒÌŒŒLKLÎÌŒŒL‹LLÌŒŒL‹LLBLMÍŽÌMLMNÎŒLÎÌŒLÌÌŒLÌŒŒLËLNÌŒŒLËLŒNÌŒŒLLLMMÎÍŽÎMNÌLŽLNÎÍÌÎÍÌŒŒLLLŽÌŒŒLLMÌŒŒLLŒBLMŽÍŽÌMÎÍÍÌÌLÍŒÍMŒÌLLÌŒNKLKLMÌŒNKLKLŒŽÌŒNKLKLŒÂLMÌNÍNNÍMÎÍMNMŽÌLÍÌÌLÍÌŒNKLLKLŽNÌŒNKLL‹LŽÌŒNKLL‹LBLMÌŽÍNÌLŽMŒNÍNÌMLÌÌÌMLÌÌŒŒLKLLÌŒŒLKLMÌŒŒLKLŒÂLMÍŽÍNÌLŒÍÌŽÎLŒLŽÌLMNÌÌLMNÌŒŒLKLMÌŒŒLKLNNÌŒŒL‹L‚LNÎÌŒŽÌMLÌÎÎÌÍÌMLÌÌMLÌŒŒLKLŒÎÌŒŒLKLNÌŒŒLKLŽBLNÌLŽÌLLÌÍÌLŒÎÌŒÎLÌÌŒÎLÌŒŒLKLLNÌŒŒLKLNÌŒŒL‹L‚LNNÍMÍÍNÎNLÌMÌŒÌŒŽÌMÌŒŒL‹LŽÌŒŒLËLÎÌŒŒLËL‚LNNÌŽNÌLÎÎÍÍÍMŽÍŽÌÍŽÌŒŒLËLŽÌŒŒLËLÌNÌŒŒLLLLŒŽÌŽNÎNÍÍLŒÎÍÍNLÌÍÍNLÌŒŒL‹LÎÌŒŒLËLŽÓBLŒMNÍNÍMÎÎLÍŒŽÎNÌÎNÌŒŒLKLŒÎÌŒŒLKLNÌŒŒLKLÂLŒÎÌÎÍÍŒNÌMÌÌMŒNLÌÌMŒNLÌŒŒLLMÎÌŒŒLLŒNÌŒŒLKLBLŽÍÌLÌÍÌÍÌMÎÌŒÌÌŒÌŒŒLËLŒÎÌŒŒLËLŽÌŒŒLLBLÌNNÌÎNMÍŽMÌÌNÍNÌÍNÌŒNKLËLŽÓNÓBLLNÎÌMŒŽÍNÌNÌMLÌÌÌMLÌÌŒŒLKLÎÌŒŒLKLÌNÌŒŒLKLÌBLLŽÍŒNÌMÌÍÍNLÍŒÌÍŒÌŒNKL‹LÌŒNKLËLNÌŒNKLËLLBLŒÎÌMNÍÍÌŽÍÍÌŽÍŒÌÍŒÌŒNKLL‹LMÎÌŒNKLL‹LŽÌŒŒLKLBLŽÍÎLŒÌÌMŽÎÌŒÎÌÌŒÎÌŒNKLLKLNÌŒNKLLKLÌŒNKLLKL‚LŽMŽÎÌLMLŽÍMÍŒNÌMŒÌÌMŒÌŒŒLLŒÌŒŒLLÎÌŒŒLKLBLÌÌLÎÌNLÎÍÎMÍÎÎNLŒÌÎNLŒÌŒŒLËLNÌŒŒLLNÌŒŒLLBLÌŒNÍŒÎÍMLŽÍÎMÍÍÌÌÌÌŒŒLLLÌŒŒLLMŽÌŒŒLLŽLÌŒŽÌNÌLŒÌLÌNLŒÌÌNLŒÌŒŒLKLŒÎÌŒŒLKLŽÌŒŒL‹LBLÌÎNÌÌLÍLNNÌŽMÌŽÌMÍLÌÌMÍLÌŒNKLKLŽÌŒNKLKLLÌŒNKLKLM‚LÍŽÍNÌÎLÎÍMLÎNNÍÍÌLÌÍÍÌLÌŒNKLLKLÎÌŒNKLL‹LÌŒNKLL‹LLÂLÍLŽÎNÌLÍŽÌMNLÎÌÌÌÌŒŒLLŽÌŒŒLKLÌŒŒLKLLÂLÍLÎÍŒÌLŒMŒNÍLÌMÎÎÌÌÎÌÌŒŒL‹LNÌŒŒL‹LÎÌŒŒLËL‚LÍMÌMÌLÌÍÎÌÎÎÎŒÌŽÎÌŒÌŒŒLLMÌŒŒLLŒÌŒŒLLŒLÍNÎÌÎÎÌÍŒNÍÌMÎÌÍÌMÎÌŒŒLKLÌNÌŒŒL‹LŽÌŒŒL‹LL‚LÍŒÎÌŽÌÍLÍMLŽÌLÌÌLÌŒŒL‹LŽÌŒŒL‹LÎÌŒŒLËLÂLÍÍŽÍÎÌÌLNÍLÌLÌÍMÌÌÌÍMÌÌŒNKL‹LÎÌŒNKL‹LMÎÌŒNKL‹LŽLÎÌÍÌLŒŽÌŽLŽÍŒŒÌÍŒŒÌŒŒLËLMÎÌŒŒLËLÎÌŒŒLLLÎLNÌŽÍŒŽŽÎMÍÌNÍÌŒÌNÍMÌŒNKLLLMNÌŒNKLLLNÌŒNKLLLŒÂLŽÎÌŽÎÎNÍNNMNÍÌÍÌŒNKLËLMNÌŒNKLËLNÌŒNKLËLŽLŽLŽÍŽÎNLÎÌLÌNÌÌÍŒÌÌÌÍŒÌŒŒLLÌŒŒLKLÎÌŒŒLKLLŽMNÎÌÍÎNÍÌÎÍŒNÌÍŒNÌŒŒLLÎÌŒŒLLLŽÌŒŒLLNBLŽNÍMÌMŽNÍLLŒNÌŒÎLÌÌŒÎLÌŒŒLKLŽNÌŒŒL‹LÎÌŒŒL‹LMÂLŽÍÎÍNNÌLÌÎÌLLNÍŒLLÌÍŒLLÌŒNKLLLNÌŒNKLLLMNÌŒNKLLLŒLŽŒŽÌÍÌMMŽÎŽÎÌLÌÌÌÌLÌÌÌŒNKLLLÎÌŒNKLLMŽÌŒNKLLLŽÌÎÍÌLLNÎNLÌŽÌÌŽÌŒŒL‹LNÌŒŒLËLÎÌŒŒLËLMÂLŽÎÍŒNÍÎÍÌÍÍŒÌÌÍŒÌÌŒŒL‹LŽÌŒŒLËLNÌŒŒLËLLBLŽÎÌÍÎÌMŒÌŒÌŒÎÎMŒÌÎMŒÌŒNKLKLÎÌŒNKLKLLÌŒNKLKLŒ‚LŽNÍLÌMÍŽÎLÍMMNÌÌÌÌÌÌŒNKLLLNÌŒNKLLLÌŒNKLLLLÂLŽMNÍŒÎÎÍÌÎÎLMÌŽÌÌÌÌŒŒLKLNÌŒŒLKLNÌŒŒLKLŒLŽLÍLÎÌLNLNÌLŒÍŽÍŽLÌÍŽLÌŒŒLKLŽÌŒŒLKLŽNÌŒŒL‹LÂLŽLÎÍMÎÍÎÎÍÍMMŒÌNNÍŒÌÌNÍLÌŒŒLKLÌNÌŒŒL‹LLÌŒŒL‹LLŽLNÍŽÍÌNÌÌÎNÍLÌÍLÌŒŒLKLMÌŒŒLKLÌŒŒL‹LBLŽLMÎÌŒÌMMŽÎNŒÌNÌÌNÌŒŒLËLÌÌŒŒLLLŽÌŒŒLLLŽLNNÌLNÌŒÍÎÌNLNÍŽÌÍŽÌŒNKLL‹LLÓNÓBLŽLÍÎÍŒÎNÌŽNNÌMÌÌMÌŒŒLËLNÌŒŒLLNÌŒŒLLBLŽLÎÌÌÎÌŽNLNÌLLLŒÎÌLMMLÌÍÍLÎLLLLÌŒŒLLNÌŒŒLLÎÌŒŒLLLÂLŽLÎNÍMŽÌÍŽNÌMÍÎÌŒÍLÌÌŒÍLÌŒŒL‹LNÌŒŒL‹LNNÌŒŒL‹LŒLŽMNÌÍNÌLÍŒŒŽÌMMMNÌMŒÌÌMŒÌŒNKLL‹LMÌŒNKLL‹LNÌŒŒLKLÂLŽMÎÌNÌŒLÌŽÍÌÍÌŒNKLLKLÌŒNKLLKLMŽÌŒNKLLKLM‚LŽMMNÍNÍÎMÌLŽÌÌÌÌŒNKLLŽNÌŒNKLKLŽÌŒNKLKLLÂLŽMNNÍNNÌŽLŽÍMÍMÎÎMŒŒÌLÌLÎÌMLÌŒNKLL‹LNÌŒNKLL‹LŒÎÌŒNKLL‹LÌLŽMŒNÍÎÍMÍŽNÎNÎÌLMMLÍÌŒÌLÌŒŒLLNÌŒŒLLMNÌŒŒLLBLŽMŽÌLÌMÎŽÌŒNNÌMMŒÌÌMMŒÌŒNKLLLMÌŒNKLLLMNÌŒNKLLLBLŽMŽNÍŽNÍNŽÎŽŽÌMLLÌÌMLLÌŒŒLKLNÌŒŒLKLŽÓBLŽMÌÌÎÌLŒŽÍÌÎMNÍŒÌÌÍŒÌÌŒNKLLLŽÌŒNKLLLÎÌŒNKLLLLÂLŽMÌÎÌŒŽÌMÎÍŽLMŽÌŒÌÌÌŒÌÌŒŒLKLŽÌŒŒLKLNÌŒŒLKLM‚LŽNNNÌŽÌMÍÌNÍLMÎÌÌÌÌÌÌŒNKLLKLÌŒNKLLKLNÌŒNKLLKLMÂLÌNÍNÍÌÌÎÌLNÌLÌŒÌÌLÌŒÌŒNKLËLNÌŒNKLËLNÓBLÌÌÌŒNÍNMNÌÍÍÎÌŽÌÌŽÌŒŒLLNNÌŒŒLLŒNÌŒŒLLŽBLÌÍŽÍLMÎÍÍMŽÌŽLŽLÌÌŽLŽLÌŒNKLLŽÌŒNKLKLŽÌŒNKLKLMLÌLNÌNNÍÍNÌMÎÌLŒÌÌLŒÌŒNKLLKLŒÎÌŒNKLL‹LŽÌŒNKLL‹LL‚LÌMNÌÍŽÌLŽÎLÎÌLŒÌÌLŒÌŒNKLLMÌŒNKLLŽÌŒNKLKLBLÌŒÍŒÌLMMŽÌÍÌÌÌNÌŒÍÌÌŒÍÌŒNKLL‹LLÌŒNKLL‹LLNÌŒNKLL‹LLÂLÌŒNÍNÎLÌÌÍŽMNÎMŒŒÌMÌÎMÍÌÌŒNKLLLÌÌŒNKLLKLÓBLÌÌÎÍŽÍŒNNÍLMMÌLLŒÌÌLLŒÌŒŒLKLMNÌŒŒLKLŒÌŒŒLKLŒBLÌMÌŒŽÌŒÌNÌÍNNÌLÎÌÌLÎÌŒNKLLLÎÌŒNKLLŒÌŒNKLLÌBLÌMÎÍŽÌMLÍNÌLNLÌŒŒŒÌÌŒŒŒÌŒŒLËLMÌŒŒLËLMÎÌŒŒLËLŽBLÌLÌÍŽÎMLÍÎÍÌLŽMNÍLLÌÍLLÌŒNKLLKLMŽÌŒNKLLKLNÓBLÌLÎÍŽÌLNÍNMLÎÎLÍLÌÎLÍLÌŒNKLLLŽÌŒNKLLLLÎÌŒNKLLLLÌLLŽÌNÍŽŽÍÌLNÌLNLÌÌLNLÌŒNKLLKLLŽÌŒNKLLKLNÌŒNKLLKLÂLÌLNNÌÌNÍLŒÎÌLÍÌÌÍÌÌŒNKLL‹LÌŒNKLL‹LLŽÌŒNKLL‹LLÌLŒÎÍMÎÌLÎMÎÍŒŒŒÎÎLÌÎLÌŒNKLËLMŽÌŒNKLËLÎÌŒNKLËLÌLÌLÎÌŒÍMÌNÎMŽLŽÍMÍŒÍÍŽÍNLŒÌŒŒLKLŒÎÌŒŒLKLNÌŒŒLKLÂLÌLŽÎÌÎŒÎLNMNÌŒLÌÌŒLÌŒŒLLÎÌŒŒLLŽÌŒŒLLMÂLÌLÌNÌŽNÎLÌLŽÌMŒŽÍÌÍÌŒNKLL‹LMNÌŒNKLL‹LMÎÌŒNKLL‹LŽBLÌLÍÎÍNÎNNÍÎNNÌŒLÍLŒŒÌŒÌŒNKLLLNÌŒNKLLLŒÎÌŒNKLLKLLÌMÎÌÍŽÍNÎNLÌÌMŒMLÌÌMŒMLÌŒNKLLLMNÌŒNKLLLÎÌŒNKLLLÌBLÌMNÍMÎÎLÍÎÍLŽMŽÍŒÌÍŒÌŒŒLLNÌŒŒLKLŽÌŒŒLKLLLÌMŽÌÌŽÌMLÎÍÍÍÎÍNLÌÍNLÌŒŒL‹LÎÌŒŒLËLÌŒŒLËLMBLÌMÌMÎÌLŒÌÍNÎÌMÌÌMÌŒNKLLNÌŒNKLLMNÌŒNKLLŒBLÌMMŽÎNÌÎMÎÍMŽMŒŽÌŒLÎLÌÌŒLÎLÌŒŒLËLŒNÓNÓBLÌMNNÌŒÎÌLŽNÎLNNÌNÌÌNÌŒNKLKLMŽÌŒNKLKLŽÓBLÌMŒÌÎÍLNÍÍŒNNÎÌÎÌŒNKLËLNNÌŒNKLËLŽNÌŒNKLLLLÌMŽNÍŒÎÌLÎLNÍÌMÍNÌMMLÌÍLÌMLŒLÌŒNKLL‹LMŽÌŒNKLL‹LÎÌŒNKLL‹LÌBLÌMÌNÌNÌLNÍMÌÌNÌNŒÌÌNŒÌŒŒL‹LLNÌŒŒL‹LNÌŒŒL‹LÂLÌNLÌNÎLLÌÎÌLÍŽÍÌÍÌŒŒLKLÌŒŒLKLÌNÌŒŒL‹LLBLÌŒLNÌŒŽÎMÌÌŽÌŒNÌŒÌÌŒÌŒNKLL‹LNÓNÓBLÌŒMNÌÎNÎÍÍMÌMŽŒÌÌMŽŒÌŒNKLLKLNÌŒNKLLKLNNÌŒNKLLKLLÌNÌÍÌLLÍMNNÌŒÌNÌNNŒÌŒŒLKLÌÌŒŒL‹LÎÌŒŒL‹LLÂLÌŽÍÎÍMNÍÌNNÍŒÌÌÍŒÌÌŒNKLLŒÌŒNKLLNÓBLÌMÎÌÍÍÎLNÎLNNÎÌÎÌŒNKLL‹LLNÌŒNKLL‹LÌŒNKLL‹LÌLÌŽÍNÌMLMÍÌÌŒMNÌÌÌÌŒNKLLNÌŒNKLLNÌŒNKLLŒ‚LÌŽÌÎÌMÍÍNÍŒMÌMÎNLÌŒÌMNMLÌŒŒL‹LŽÌŒŒL‹LÎÌŒŒL‹LBLÌŽÍŽÎLMŽÎMÌŽÍÍLÌÍÍLÌŒNKLËLNÌŒNKLËLNNÌŒNKLËLNBLÌŽŽÍLÎÎMLÎÍMÌNÌŒÍÌÌŒÍÌŒŒLËLNÌŒŒLËLMÌŒŒLËLMBLÌŽNÍÎÌMÍÎÍLNÍÌÍÌŒNKLLŒNÌŒNKLKLŽÌŒNKLKLL‚LÌŽMÎÌÌÎÌLÍŽÌŒÍÌÍÌŒŒLKLMNÌŒŒLKLŒNÌŒŒLKLLÌÌÎÌMLLNÍÌÎNÎÌŒÌMŒÌÌŒÌMŒÌŒNKLLKLŽÌŒNKLL‹LLÌŒNKLL‹LŒBLÌÌNÍŒÎLŽÍÍLNÌMLŒÌÌMLŒÌŒNKLLÌŒNKLLŽÌŒNKLLÌLÌÌMNÍNÎMNÌLŽLNÍMLÌLLÍMÍLÌŒŒLLÎÌŒŒLKLLNÌŒŒLKLŒÂLÌÌÍÍNÌLMÌMNÎMŽNNÍMÌÍMÌŒNKLKLŒÎÌŒNKLLLNÌŒNKLLLBLÌÌÎÌŽÌMLÎÎÍNNÌNLÌÌNLÌŒNKLL‹LNÌŒŒLKLÎÌŒŒLKLMLÌÍŒÍŽÍÍÍÍÌÌŒÌNÍÌÍÌŒNKLKLNÌŒNKLKLNÌŒNKLKLŽBLÌÍŒNÌŽÌNÍMMÎÌŒLÌÌŒLÌŒNKLL‹LMÎÌŒNKLL‹LNÌŒNKLL‹LLÌÍŽÌŽÌLMNNÎNÎÌÎÌŒŒLËLNÌŒŒLËLÎÌŒŒLËLM‚LÌÍŽNÌÎNÍÌMÍLÎÌÌÌÌÌÌÌÌŒNKLL‹LNÌŒNKLL‹LMÎÌŒNKLL‹LŒÂLÌÍÌŽÌLNÎLNÎLÌŽÌÌMLÌÌÌMLÌŒNKLLKLŽÌŒNKLLKLMÎÌŒNKLLKLLÌÍÎÌŒÌMÍLÎÍMNÍLÌÌÌÍLÌÌÌŒNKLKLNÌŒNKLKLŽÌŒNKLLLÂLÌÎŽÍNÌLLŽÌLNŒÎÍMŒLÌÍMŒLÌŒNKLLKLLNÌŒNKLLKLNNÌŒNKLL‹LÂLÌÎŽÌÌÌŒNÌLŽLÎÍÍMÌÍÍMÌŒŒLLŽÌŒŒLLMNÌŒŒLLM‚LÌÎÎÍŒÎMÍŽÌLÌŒŽÌNÌŒÌÌNÌŒÌŒNKLËLMNÌŒNKLËLÌŒNKLLLÌÎÍÎÌMLÎNÌMŒÍNÍÌÍLÍÍLÌŒŒLLLŽÓNÓBLÌÎLNÍÎÌLLNMÎÍÌŽÍÌÌÍÌÌŒNKLKLÎÌŒNKLKLMNÌŒNKLKLMBLÌÎNNÌÍÎÌLMMÌNÎNLÌNÍÎMÌÍÎMÌŒŒL‹LNÌŒŒL‹LŒNÓBLÍLÎÌŒÌLÌÎÌŒÌŽÎÌÎÌŒNKLL‹LLÌŒNKLL‹LÌŒŒLKLBLÍMÎÌNÌMLŒŽÌLÎLÌLŒMŒÌÌLŒMŒÌŒŒLKLÎÌŒŒLKLÌNÓBLÍNNÍMŽÌMNÌŒÌÌÎLÌÎLÌŒNKLKLNÌŒNKLKLLÎÌŒNKLKLLÂLÍÎÍNÌLNÌŽNÎMLÌÎMLÌŒNKLL‹LŽÌŒŒLKLÌŒŒLKL‚LÍŽNÍNÌMNŽÍÍNÌŒÎLŒÌÌŒÎLŒÌŒŒLKLŽÌŒŒL‹LÎÌŒŒL‹LMÂLÍÍŒÎÌMLÌÎÌŒÌÍNÌÍLÌÌÍLÌŒNKL‹LNÓNÓBLÍÍMŽÌNMNÎÌŽMÎÍÌÍŒÌÍÌÍŒÌŒŒLKLŽÌŒŒL‹LÎÌŒŒL‹LM‚LÍMŽÍŽNÌLLÌLNÍMŽÌLLÌÌLLÌŒŒL‹LNÌŒŒLËLNÌŒŒLËLLBLÍŒŽÌÍÎÌMÍMŽÌŒMNÌÍÌŒÌÌÍÌŒÌŒNKLLLNÌŒNKLLNÌŒNKLKLBLÍÍŒÎÍŽLÌNÍMLLNÌLŽÌÌLŽÌŒŒLKLLÌŒŒLKLLNÌŒŒLKLŒÂLÍLNÌLŽÎLMÎÌÍÌÍÎÌŒÌÌŒÌŒNKLLKLNÌŒNKLLKLŒŽÌŒNKLL‹LLÍLNÌNNÍMNÍŽŒÍNÍÌÍÌŒŒL‹LŒÌŒŒLËLŽÌŒŒLËLL‚LÍLLÎÌŒNÌÌŽÌÎMŽÌLŒÌÌLŒÌŒNKLLÌNÌŒNKLKLLŽÌŒNKLKLŒÂLÍLMÎÍMŽÌLŒÌNÎŒNÍŒÌÍŒÌŒŒLKLŽNÌŒŒL‹LŽÌŒŒL‹LÂLÍLŒNÍMNÌÍNÍÍÍŽÌÌÌÌÌÌŒNKLLÌŒNKLLŒÌŒNKLKLÂLÍLŒÎÌÌNÌŽMÌNÌŒNÌLLŒÌLLŒÌLÌŒŒLKLÌNÌŒŒL‹LLŽÌŒŒL‹LLÍLŽNÍŒÍMÍNÌMÌÌÌÌÌÌÌŒNKLL‹LŒÌŒŒLKLŽÓBLÍLÌÍÎÌLMNÌLÌMÌÌMÌŒŒLKLLÎÌŒŒLKLNNÌŒŒLKLÌBLÍLÌÎÌNNÌMŽÌNNŽÍŒÌÍŒÌŒNKLLLNÌŒNKLLLNÌŒNKLLLÂLÍLÍNÌŒŽÌÎÎÌMMŽÌÌÌŒÍÍLÌÌLÌŒNKLLLNÌŒNKLLLLÌŒNKLLLMÂLÍMNÍNÎMMÍMÎÌMÌÌMÌŒŒLLNÌŒŒLLŒŽÌŒŒLKLÂLÍMLÍŽÌMNÌLÌLÍÎÌŒÌÌŒÌŒNKLKLŽÌŒNKLKLNÌŒNKLKLMBLÍMLŽÍÌLÌMÎÍÌŽMÎÍÌÍÌŒNKLKLŽÌŒNKLKLLNÌŒNKLKLNBLÍMMÎÍNNÌNÍÎÍNÎNÎLÌÎLÌŒŒLKLÎÌŒŒLKLÌNÌŒŒL‹LMLÍMÌŽÍLŽÌNLÎNÌŽLŽLÎÌÌÎÌÌŒNKLL‹LŒNÌŒŒLKLNÌŒŒLKLBLÍMÍNÌÌNÌLMMMÎNMNÌÌŒÌÌÌŒÌŒŒLLŽNÌŒŒLKLŽÌŒŒLKLÂLÍMÎNÍNÍNÎNÌNNNÌMÍLÌNNLÌŒŒLKLŽNÌŒŒL‹LLÌŒŒL‹LŒ‚LÍNMÍNÍMNNÍÎÌMÎLÌŽMNÌLNÌŒÌŒNKLLKLŽÌŒNKLLKLNÌŒNKLLKLNBLÍNMNÌŽÌLLNÌLÌÎÎÌÎÌŒNKL‹LŒŽÌŒNKL‹LŽÌŒNKLËLÂLÍNMÎÌŽÍLLÎÎMÎÌÎLÌLLLÌÍÌÍÍLÌŒNKLLLNÌŒNKLLLMÌŒNKLLLLÍNNNÌŽNÌLŒMÎNÎNNÎÌÎÌŒNKLL‹LŽNÌŒŒLKLLNÌŒŒLKLŒ‚LÍŒNÍNÌMŒŒNÌŒNÌŽÎŒLÌÍLŽÎMŒŒÌŒŒLËLÌNÌŒŒLLNÌŒŒLLBLÍŒÌÎÍÍLÎÌMNŽÍŽNMŒÌÍŽNMŒÌŒŒLLÌÌŒŒLKLÎÌŒŒLKLLÍŒLNÍŽÎLLLŽÌNÍMÌLÍLÍLÌŒNKLL‹LŽÌŒŒLKLNÌŒŒLKLÂLÍŒLÎÌLNÎLÍŒÍNÌMMŒÌMNÌMŒÌŒNKLLLŒÎÌŒNKLLLÌÌŒNKLLKLLLÍŒŒNÍŽÎMLÎÍÍŒÌÍŒÌŒNKLKLNÌŒNKLKLÌŒNKLKLLÂLÍNÌÍNÌMŽÍŒÎLŽÍLMŒÌÍLMŒÌŒŒLKLLNÌŒŒLKLMŽÌŒŒLKL‚LÍNNÌŽNÍŒMÍŽÌÎMÌŽÍŽÌÍŽÌŒŒLLNÌŒŒLLÎÌŒŒLLÂLÍŒÌÍNÎMMŒNÌÎŒÎÌLŒÌÌLŒÌŒNKL‹LÎÌŒNKLËLÎÌŒNKLËLLLÍÌŽÌÌÌMŽNÌNÍNÌÍŒÌÌÍŒÌŒŒLLNÌŒŒLLŽÌŒŒLLBLÍÌÎÎÌLÎÍÎÎÍMÌÌÍMÌÌŒŒL‹LÌŒŒL‹LŒŽÌŒŒL‹LŒ‚LÍÍNÌMÎÌMLÍŽMÍÌMLNÌÌMLNÌŒŒL‹LŽÌŒŒLËLÌŒŒLËLBLÍŽNÍŽÎNŒÎÌMÍŒÌÌÍŒÌÌŒŒLLLNÌŒŒLLŒŽÓBLÍŽLŽÌÎMÌMÍŒŒŒÌLÍÌÌÌLÍÌÌŒŒLKLÌŒŒLKLMNÌŒŒLKLŒÂLÍŽMÎÌÍŽÌŽNÌŒÍŽLŽÍŒMÌÌÍŒMÌÌŒŒLËLNÌŒŒLËLÌÌŒŒLLBLÍÌNÍMŽÌMÌÎÎÍNMŒŽÌLŒŒÌÌLŒŒÌŒŒLKLMÎÌŒŒLKLNNÌŒŒLKLŒÂLÍÌŽÌŽÍÌLÎÎLLŽÌLÌÌÌLÌÌŒNKLKLŽÌŒNKLKLÎÌŒNKLKLMÂLÍÌMÎÌMNÎÎNÌÌŽÍÍŒLÌÍÍŒLÌŒNKLL‹LŒÌŒNKLL‹LÎÌŒŒLKL‚LÍÌNNÌŒŽÌMLŒŒNÌÍÍÍŽÌŒLŒLÌÌŒLŒLÌŒŒLKLŽÌŒŒLKLÌNÌŒŒL‹LLÍÌŽNÍNÌMÌLŒÍMMŒÎNÌLŒLŒÌÌLŒLŒÌŒŒLKLNÌŒŒLKLŽÌŒŒL‹L‚LÍÌÌÍNÍÌÎÎNMŒNÍŒÌÍŒÌŒŒLËLŒÌŒŒLËLŽÌŒŒLLÂLÍÌÌNÍLNÌMMÌÎÍLLÎÌÍLÌÌÍLÌŒŒL‹LNÌŒŒL‹LŒÎÌŒŒLËL‚LÍÌÌŽÍŽÍNMŽÍŒÎÍÎÌÎŒÌÌÎŒÌŒŒL‹LMŽÌŒŒL‹LŽÌŒŒLËLLLÍÌÍNÌÎÌMMŽÍNMŒLÍŽLÌÌÍŽLÌÌŒNKLLKLNÌŒNKLLKLŒNÌŒNKLL‹LBLÍÌÍÎÌŽNÎMŒÌÎÌÌŒMÎÌÍÌÌÌÍÌÌŒNKLLKLÎÌŒNKLLKLÌŒNKLLKLBLÍÍMŽÌŒNÌLLŽNÌŒŒÌÍÌÍÌŒNKLLMÎÓNÓBLÍÍMÎÌÌLLLÌŽÍŒÌNLNÌÌLÌÌÌLÌŒŒL‹LMNÌŒŒL‹LMÎÌŒŒL‹LŽLÍÍÎÍŽÌLÌŒŽÎLMÎÌÌMÌÌÌMÌŒŒLKLŒŽÌŒŒL‹LÌŒŒL‹LÂLÍÍŽNÍÎÌLÌLÍÌÎMNÌÌLÍMÌÌMŒÌŒNKLL‹LNÌŒNKLL‹LŒNÓBLÍÍÌÎÍNNÌMŽNMÌÍÌÍŽÌMŒÌÌMŒÌŒNKLLNÌŒNKLLŽÌŒNKLLÂLÍÍÍŽÍMŽÌMMÍÍLÎÌNŒÌÌNŒÌŒNKLKLLÎÌŒNKLKLŽÌŒNKLLLLLÍÍÎÍÌMLÎÍÍNÎÍMÍLÌÍMÍLÌŒNKLL‹LŽÌŒNKLL‹LNÓBLÍÍÎNÍÌLŒÎÎMÍNÌLŽÌÌLŽÌŒNKLKLMÌŒNKLKLNNÌŒNKLKL‚LÍÎNÍNÌMÌÍLNÍŒLŽÌLLŒÌÌLLŒÌŒNKLLKLNÌŒNKLLKLMÌŒNKLLKLMBLÎÌŒÎÌLLMŽÌÌLŽÌŽÌÌÌŽÌÌŒNKLL‹LÌNÌŒŒLKLŽÌŒŒLKLLÂLÎMÎÌÌŽÌLÌMÎÌŒŒÌÍŒŒÌÌÍŒŒÌŒŒLLŒNÌŒŒLLŽNÌŒŒLKLBLÎNÍNÌLLNÎMMÌÎÌLÌÌLÌŒNKLLKLÎÌŒNKLL‹LÎÌŒNKLL‹LLÎŽNÌŒÎMŒÎÌMÌÍÍÍLÌÍÍLÌŒNKL‹LÌÌŒNKLËLNÌŒNKLËLMÂLÎŽÌÌNÌLNLÌÌŽÍNNMLÌÍNNMLÌŒNKLLKLLNÌŒNKLLKLNÌŒNKLLKLNLÎLÌLÎMŒNNÎMÌLÎÌÎÌŒNKLL‹LNÌŒNKLL‹LMÌŒNKLL‹LNBLÎLÎÌÎÌÌÌŽÌÎMŽÍÍLÌÍÍLÌŒNKLLKLÎÓNÓBLÎŽÍNÌÎNÍŒNÍLÌŒÌÍLÌŒÌŒŒL‹LMŽÌŒŒL‹LŒÎÌŒŒLËLLÎÌNÍŽÍÌÍNÍLÍÌÎÌMÌÌMÌŒŒLLNÌŒŒLKLŽÌŒŒLKL‚LÎÌŒŽÌÌŒÎÍLLŽÍÌÌÍÌÌŒNKLLNNÌŒNKLLŒNÌŒNKLLŽLÎÌŽNÎLMÌŒŒÎÍÍŒÌÍÍŒÌŒNKLLKLNÌŒNKLLKLLŽÌŒNKLLKLLÎLNÌÍNÍMNÍŒŽÌLMLÌÌLMLÌŒŒLLŽÌŒŒLKLNÌŒŒLKL‚LÎMÌNNÌMÎÎLÍLNÌÌÌÌÌÌÌÌŒŒLKLLŽÌŒŒLKLŒNÌŒŒLKLŒBLÎMŽÌÌŽÌNLNÌÌÌÎÌŒLÌÌŒLÌŒŒL‹LNNÌŒŒLËLŽÌŒŒLËLLÎLÍNÌLLÍŽÌLNÍMÌÍMÌŒŒL‹LNNÌŒŒL‹LŒŽÌŒŒL‹LŒÂLÎLLÍÎÌŽMMÎÍÎŒÎÎMÌÌÎMÌÌŒŒLLÌŒŒLLÌŒŒLLBLÎLLÎÌLŽÌLŒNÍÎLÌÌŽMÌÌÌŽMÌÌŒNKLLLŽÌŒNKLLLNÌŒNKLLLLÂLÎLMÎÌŒÌŒMŒÎÍMÍNÌŒÌŒÌŒÍÌŒNKLL‹LŽÌŒNKLL‹LLÎÌŒNKLL‹LÂLÎLNÍLNÌMÌNÎŽÍLŽÌÍLŽÌŒNKL‹LŽÌŒNKLËLNÌŒNKLËLLÎLŽÌÍÌMLŽÎÍÌÎNÌLÌÌLÌŒNKLKLLNÌŒNKLKLMŽÌŒNKLKLÌLÎLÎÍNÌLÎMŽÌŒLÌÎÌMNÌÌMNÌŒŒLKLNÌŒŒLKLLNÌŒŒLKLŒ‚LÎLÌÎÍŒÌÎNÌÍŒMÍNÌLŒÌÌÌLŒÌÌŒŒLLÎÌŒŒLLMÎÌŒŒLLMÂLÎLÍNÌŒŽÍMŒÌNÍLÍÍLÌÍLÌŒNKLKLÎÌŒNKLLLLÌŒNKLLLLÎLÎÍŒŽÌLŒLŽÌÌÎŒÎLÍÎMÌÌŒŒLËLÌŒŒLËLŒÌŒŒLËLLÎMÍÎÎLÍÌÍŽÍŒÌÍŒÌŒNKLL‹LŒÎÌŒNKLL‹LÌNÌŒŒLKLLÎMNÍMNÌMŽNNÌÎMÌŽNLÌLÌÌŽŒÌŒŒLLÌÌŒŒLKLÎÌŒŒLKLLLÎMŒNÌŽÍŽMNÎÎÎÌMÍLÌÌMÍLÌŒŒLLMŽÌŒŒLLNNÌŒŒLLŒBLÎMÌÎÌÌŽÌŒŒNÌÍNÍMŒÌÍMŒÌŒNKLËLÌŒNKLLNÌŒNKLLLLÎNÍŽNÌLŽNÌLLÍÍLŒÌÍLŒÌŒNKL‹LNÌŒNKL‹LŒŽÌŒNKLËLBLÎNNÍLNÌMŽMŽÌŒNÌNÌÌNÌŒŒL‹LÎÌŒŒL‹LŽÌŒŒL‹LMBLÎNLÌŽÌMLÎÌMNÌLLŒÌÌLLŒÌŒŒLËLMÎÓNÓBLÎNMÌÌÌLÎÍMŽÌLŒÍMÌÎMŒÌÌŒŒLLÎÌŒŒLLLNÌŒŒLLNLÎNMÎÍŒNÌÎŽÌÍŽLNÍŒÌÍŒÌŒNKL‹LŒNÌŒNKL‹LÌŒNKL‹LMMNÍMÎÌMÌÍNÌÌŽLNÌLŽÌÌLŽÌŒŒLKLNNÓNÓBMNÌNÌMÌNÍŒÍLÌŽŒŒÌÌŽŒŒÌŒŒLKLÌNÌŒŒL‹LNÌŒŒL‹LMŽÌÎNÌLÎÍÎLNÌLLÍÌÌÌLLÍÌÌŒŒLKLLÎÌŒŒLKLŒÎÌŒŒL‹LÂMÌNÌÍÎÌMÌŽÍÍŒLŽÍLŽÌÍLŽÌŒNKLËLŽÌŒNKLËLÌÌŒNKLËLÌMÍÍNÌLŽMMÎÌÌMÎNÌŒÌÌŒÌŒŒLKLNNÌŒŒLKLŒÎÌŒŒL‹L‚MŽÌÎNÌMÌÍŒŽÍŒNLÍNÌÍÌÌÌÍÌÌŒŒLKLÌNÌŒŒL‹LÎÌŒŒL‹LMÎÎNÍMÍÍŽLŒŽÌLŒMŒÌÌLŒMŒÌŒŒLKLNÌŒŒLKLŽÓBMÍMÍLNÍÍÎLŽÌLÍNLÌÌLÍNLÌŒŒLLŒÎÌŒŒLKLŽÌŒŒLKLBMLNÍŒÎÌŒÍNÌLŒMÌŒÍÌÌŒLÌŒŒLËLLŽÌŒŒLËLNÌŒŒLËLŽMLÎÌŒÌMNMÌNÎÍŒŽÌMŒÌÌMŒÌŒŒLKLLNÌŒŒLKLMŽÓBMNNÍNÍMŒŒŽÍLÍMNÌÍÎÌÌÍÎÌŒŒLKLŒÎÌŒŒLKLŽÌŒŒLKLÂMÌÍŽÌNÎNÌÍÌLŽÍLÌÍLÌŒŒL‹LNNÌŒŒL‹LŽNÌŒŒL‹LŽBMNÌNÍNLÌÌMLŒŽÍŒÌÍŒÌŒNKLL‹LŒŽÌŒŒLKLNÌŒŒLKLLÂMÌNÍÎÍMÍŒÎMMLŽÌÌÌÌŒNKLKLŒNÌŒNKLKLŒÎÌŒNKLLLBMÍŽÎLÌÍLNÌLŒMŒÌÌLŒMŒÌŒŒLËLÓNÓBMNÌNÍLLÎÌÌMŽÍÌÍÌŒNKLËLNNÌŒNKLËLÌNÌŒNKLLL‚MLÌMNÍŒNÍÌNMÎÌÌNÌÌÌNÌŒŒLLÎÌŒŒLKLÎÌŒŒLKLBMNNÌÌÎÍÌMÎÌÍŒLŽÍÎLŒÌÍÎLŒÌŒNKLL‹LMNÌŒNKLL‹LNÌŒNKLL‹LŒMLNÌŽÍŒLŒÎÎMŒÎNÌŒLMÌÌŒLMÌŒNKLL‹LÎÌŒNKLL‹LMÎÌŒNKLL‹LBMLŽÌÌLNÍÍMŒÍŒÌÍŒÌŒNKLKLÌŒNKLKLMŽÌŒNKLKLÂMLLÎÍŒÎÍMÎÍMŒÍÌÎÍŒŒŒÍŒÍMŒŒÌŒŒLLLÎÌŒŒLLŒŽÌŒŒLLBMLNÌŒNÌLLÌŽÌLÍNÌÍNÌŒNKLLKLŽÌŒNKLLKLLÌŒNKLLKLMMLÌŒŽÌMÌÍNÍŽÍÍŒLÌÍŒLÌŒNKLLKLMŽÌŒNKLLKLŒÌŒNKLLKLÂMLŽÌÍÌŽLÌNÎLÍÍÎÌNLLÌÌNLLÌŒŒLËLNÌŒŒLËLŽNÌŒŒLËLÌBMLŽÎÌMŽÎÌLMŒŽÍLLÌÍLLÌŒNKL‹LLŽÌŒNKL‹LLÎÌŒNKL‹LNBMLÌNÌMÌLÌŽMŽÍÌLÌÎÌMNÌÌMNÌŒŒLËLÌŒŒLLNÌŒŒLLÂMLÌŽÌÍNÎMÍMÎÍÎNÍÍLÍÍŽŒÌŒŒLLLÎÌŒŒLLŒÎÓBMMNÍNÌMÎLLÍŒLLNÍŒÌÍŒÌŒNKLLMNÌŒNKLLŒŽÌŒNKLLŽMMŽÍŽÍLÍMLŒŒNÎNÌÎNÌŒNKLKLNÌŒNKLKLLŽÌŒNKLKLŒMMÌNÌÌNÍMÍNÌÎLŒŽÌLÌÌLÌŒŒLKLŒŽÌŒŒL‹LÌŒŒL‹LBMMÌŽÍŽÍÎNNÍÌLÍÌÍÌŒŒLËLLÎÌŒŒLËLÓBMMÍŽÍLÌLÎMÍMÍŒŽÌMÎŒÌÌMÎŒÌŒNKLLÌŒNKLLNÌŒNKLLMNÌÍÌÌÍŽÍÌŽLÎÌMMÌÌÌMMÌÌŒŒLLŽÌŒŒLKLÌŒŒLKLLMNMNÌÍŽÎÌŽÍŒÌÌÎÌMÌÎÌÌMÌÎÌŒŒLLŒÎÌŒŒLLÌŒŒLLÌMŒÌÍÍÌLŽÍNMÌLÍÍŒÌÌLÍÍŒÌŒNKLL‹LÎÌŒŒLKLÎÌŒŒLKLŒBMŒŽÍŽÍÍNÍÍÍÎÍMLÌÍMLÌŒNKLLKLŽÌŒNKLLKLMŽÌŒNKLLKLŽMŒÎÌÌŽÍNÌŒNÍŽÎŽÌÎŽÌŒNKLËLNÌŒNKLËLNÌŒNKLLBMŒŽÎNÍÌŽÎÎÍNÍÌŒÌÍÌŒÌŒŒL‹LLŽÓNÓBMŒÌŽÍNÌMŽLÎÎNLÌÌÌÌÌÌŒŒLËLÎÌŒŒLLÌŒŒLLLÂMŽÎÌMÌÌÌNÍŒLÌŒÍŒÌÌÍŒÌÌŒNKLLKLŽÓNÓBMÎÌMNÌLÎŒÎMLŒÌÎÍŒÌLŒÍÌŒNKL‹LÌŒNKL‹LLŽÌŒNKL‹LŒ‚MŒÍLÍMÍNÎŒNNÎÎÌÎÎÌŒNKLLKLÌÌŒNKLL‹LÎÌŒNKLL‹LLBMÍÎÍŽÌMÌŒÎÍLŒMÌÍMÌÍMÌŒŒLLÓNÓBMÎNÍMŽÍLŒÎÌLŽMÌLÌŒÌÌLÌŒÌŒNKLLKLÌŒNKLL‹LNÌŒNKLL‹LÂMŽÌLNÎNŒŽÌÌLLLNÍÌMŒÌÍÌMŒÌŒŒLKLŒÌŒŒL‹LŽÌŒŒL‹LÂMŽNÌMÎÍMŽÌÎŽŽÌŒÌÌŒÌŒNKL‹LÎÌŒNKLËLLŽÌŒNKLËLMBMŽŽÍŽÍMÌÍŽÌŒŒÎÌNLLÌÌNLLÌŒNKLL‹LÎÌŒNKLL‹LMŽÌŒNKLL‹LŒMŽLÍÍÎLŽNÌLÎMŽÍMŒÌLLŒÍÍŽÌŒNKLLLŒÌŒNKLLLŽNÌŒNKLLKLÂMŽLÎÌÍŽÌLÌÌÎÌŒŒÌÌLÌÌÌLÌÌŒŒLËLLÓNÓBMÌÌÌNÎLMNÍŒÎÌÌŽÌÌÌŽÌŒŒL‹LNÌŒŒLËLÌŒŒLËLMÌÎÌMŽÌMMÌÎLÍÍÎMÌÍÍLÍÌŽMLÌŒŒLKLÌŒŒLKLLÎÌŒŒLKLM‚MÌLÎÌŽÌLMÎÌÌÎNÍLLLÌÍLLLÌŒŒLKLŽÌŒŒL‹LŽÌŒŒL‹LL‚MÌŒÎÌŒŽÌLÎLÌŒÌÎÍLLÌÍLLÌŒŒLKLÌŒŒLKLLŽÌŒŒLKLM‚MÌÌÎÍLÌLÎLŒNÍÍŒÎÍMŒÌÍMŒÌŒŒL‹LLÎÌŒŒL‹LMÎÌŒŒL‹LŒÂMÌÍÍÌÌŽÌÍÌÍNÌMÌÌMÌÌLŽÌÌŒNKLLLÎÌŒNKLLLNÌŒNKLLLÌMÌÎNÌŽÌŒÌNÌŒÍMNÌŒÌÌŒÌŒŒLËLÎÌŒŒLËLLÎÌŒŒLËLBMÍŽNÍNÎŽÍLLŒÎÍŽÌÌÍŽÌÌŒŒLLMNÌŒŒLLŒÎÌŒŒLKLÂMÍÎNÌÎÌLÍŽÌÌNÌÎNLÌÌÎNLÌŒNKLKLŽÌŒNKLKLÌÌŒNKLLLMÎMÍNÎŒMŽÎNNMÍŽÍLÌÍŽÍLÌŒŒLLNÌŒŒLLŒÌŒŒLKLMÍLÎÍŽNÍÌLLÌLLŒŒÌÌLLŒŒÌŒŒLKLŽÌŒŒLKLNNÌŒŒLKLŽBMMÎÍŽNÌMÌNÌMLÎÍÌŒÌÍÌŒÌŒNKL‹LŽÌŒNKLËLLÌŒNKLËLŒBMŒŽÎNÌLŽNÌÍLŽÌMÌÌÌMÌÌŒNKLLLÎÌŒNKLLLÓBMÍÍNÌÍÎÌŒLÍŽÌÍÎÌÌÍÎÌŒŒLKLÓNÓBMŽÌLÍÌNLNÎLŒMNÌŒŒŒÌÌŒŒŒÌŒNKLL‹LÎÌŒŒLKLŽÌŒŒLKLÂMÌMNÌMLÍŽÎÍLNÌLŽLÌÌLŽLÌŒNKLLÌNÌŒNKLKLLÎÌŒNKLKLMMLÌLŽÌÌŒMNÍŒÍMÍÍÌÌÍÍÌÌŒŒLËLÌŒŒLËLNÌŒŒLËLÌBMŽNÌÍŽÌMÍNLÌLŽÌLŒÌÌLŒÌŒNKLL‹LŽÌŒŒLKLNÌŒŒLKLMBMÌNÍŒÎÌMLNÍÎNLŽÌNNÌÌNNÌŒNKLL‹LNÌŒNKLL‹LÎÌŒŒLKLLMÌÎÍMŽÌMNMNNÌMÍNÎÌÎÌŒNKLL‹LŒÓNÓBMÎÍÌLMNÍŒÌMLŽÎNÌÎNÌŒŒL‹LNNÓNÓBMNÍŒÎÌLLMÎÎMNMÎÍLÌÍLÌŒŒLLMNÌŒŒLLŒÌŒŒLL‚MMÎÍMÍŒŽÌÎMNÌMLÌÌMLÌŒNKLL‹LŽNÌŒŒLKLŽÌŒŒLKLM‚MLŽÍÌMÌÌÍŒÎNÌMÌÌMÌŒŒLKLNNÌŒŒLKLNÌŒŒLKLBMLÎÌMNÌLÍÎÍÍMÎÍLNÌÍLNÌŒŒLKLNÌŒŒLKLŒŽÌŒŒLKLMLNNÍŽÌMÍŒŽNÍŒNMŽÍLŒÌÍLŒÌŒŒL‹LLŽÌŒŒL‹LNÌŒŒL‹L‚MLŒNÍNÍÎNÌLÍMÌMŽÌÌÌMŽÌÌŒNKLLKLÌŒNKLLKLMÓBMLŒŽÍLÎÌÎÌÌMÌLLŒÌÌLLŒÌŒNKLLKLŒÌŒNKLLKLŽÌŒNKLLKLŽBMLÎNÍŽNÌLŽÌNÎNLÎÍÌÍÌŒNKLL‹LŒNÌŒŒLKLŽÌŒŒLKLMMÌÍÎÍÌÌÌÌLŒNÍÍÍLÌÍÍÍLÌŒNKLËLNÌŒNKLËLŽÌŒNKLËLNMMNÍŽNÌÍÌŒÎÍNLÍŽÍÎNÌÍÎNÌŒŒLKLLŽÌŒŒLKLŒÌŒŒLKLŒÂMMÍÎÌLNÌŒÌNÍMŒÍÍŒÍÍŒÌŒŒLKLÌÌŒŒL‹LLNÌŒŒL‹LMBMMÍŽÍNÌMÍÍŒNÌMÍNÍÌÍÌŒŒL‹LLÌŒŒL‹LŒÎÌŒŒLËLMNŽÌMÌMÌNÎLŽÌLLÌÌLLÌŒŒLËLÎÌŒŒLËLÌÌŒŒLLÂMNŽÍŽÍŽÌLMŽÌŒŒŒÌÌŒŒŒÌŒŒLLŽNÌŒŒLKLLNÌŒŒLKLMÂMNMÍŒÍMLÎÌÌÍÌÍŒÌÌÍŒÌŒNKLL‹LMÎÓNÓBMNNNÌMŽÌLÍLÍÎNLÌÎÎMMŒÌMŽÍŽÍŒÌŒNKLL‹LMNÌŒNKLL‹LNÌŒNKLL‹LŽMŒŽÌLŽÍMLNÌŒNÌŒMLLÌÌŒMLLÌŒNKLL‹LŒÌŒŒLKLNÌŒŒLKLL‚MŒLNÍŒÎÌMÎÍLŽÌŒMŒÌÌŒMŒÌŒNKLËLÌNÌŒNKLLLÌŒNKLLL‚MŒMNÍLŽÌMNÌMLŒLÌLNŒÌÌLNŒÌŒŒLKLŽNÓNÓBMŒNÌNÌMŒLNÌÍÍÎLÌÌÎLÌÌŒNKLL‹LŒŽÌŒNKLL‹LÌNÌŒNKLL‹LÌBMŒŽÍNÌMÌÍŒNÎLÌÎLÌŒNKLLŒNÌŒNKLKLŽÌŒNKLKLMŒŽNÍLŽÌMNÍLÍÍMŒLÌÍMŒLÌŒNKLLLŒÎÌŒNKLLLÌŒNKLLLŽBMŒÌŽÍÎÌLNMMÎÌŽNNÌÌŒÌÌÌŒÌŒŒLKLÌŒŒLKLMŽÌŒŒLKLM‚MŒÍNÌÎNÌMÎÍÍÎNÍÌÌÌÍÌÌÌŒŒL‹LŽÌŒŒL‹LŽÌŒŒLËLLÂMŽÌŒÌLLÍLLÌLÌÌLÌŒNKLKLNÌŒNKLKLŽÌŒNKLKLL‚MNÍŽÌMÌŒŽÎÌLŒÌÌLŒÌŒNKLLLŒÎÌŒNKLLKLNÌŒNKLLKLLMÌÍÍŒÌMNÌMMÎÌÌÌŒÌÌÌÌŒÌŒNKLLKLÎÌŒNKLLKLLŽÌŒNKLLKLL‚MÌNÌÌŽÍŒÌNNNÍLÌÍLÌŒŒL‹LMŽÌŒŒL‹LMÎÌŒŒL‹LŽBMÍNÍŽÌLÎLÎÎÍLŽÍMŒÌÍMŒÌŒNKLKLÌÌŒNKL‹LLŽÌŒNKL‹LNBMŽŽÌÌÌÎÌLMÍÍŒÌÍÍŒÌŒNKLLKLÌÌŒNKLL‹LLÎÌŒNKLL‹LMÂMŽLNÍMŽÍŒÌÌŒŒÌNÌLÎÌÌLÎÌŒŒLKLNÌŒŒLKLÌNÌŒŒL‹LLBMÌÍŽÌMLLŽÌÍŽNÌMÌÌMÌŒNKLLLÎÌŒNKLLLŽÌŒNKLLLŽMÌNÌÍÎÌLÌNÍLÎLÍŽÌMMŒÌÌMMŒÌŒNKLL‹LLÌŒNKLL‹LLNÌŒNKLL‹LMBMÌŒŽÌMNÌŽÌNÎNÌÎÌMÍLÌÌMÍLÌŒŒLKLŽÌŒŒLKLÌÌŒŒL‹LMÌŒÎÌLÌÍLÎÎNLMNÌŒÌÌŒÌŒNKLKLNÌŒNKLKLŒÎÌŒNKLKLBMÌÎÌMÎÍÎÎNÌÍÌŒÌÌŒÌŒNKLL‹LÌŒNKLL‹LMÌŒNKLL‹LNBMÍŽÌŒNÌLÍÍÎLNNÌMMÌÌMMÌŒNKLL‹LÎÌŒNKLL‹LŽÌŒŒLKLÂMÍÍŽÍNÎÌMÎNÌÍÍŒŒÌÌÍÍŒŒÌŒNKL‹LŒÎÓNÓBMÍŽÌMÌMMÌÎÍMÎÍŽÌLÌÍŽÌLÌŒŒLKLÌÌŒŒL‹LÎÌŒŒL‹LMMÍŽNÍNÍNÍÍÎÌNÍLÌÌNÍLÌŒŒLKLMNÌŒŒLKLMŽÌŒŒLKLMÎÎÍLNÍÌMNÍÍLÍÍŽÌMŒÌÌMŒÌŒNKLËLNÌŒNKLËLNÌŒNKLËLÂMÎMÍŽÍLÍÌNÌÍŽNÍÌÍÌŒNKLL‹LŒÓNÓBMÎMNÍLÎÌMÎNNÎLŽÌMNÌÌMNÌŒŒLKLÎÌŒŒLKLŽÌŒŒLKLÌMÎNNÍÎÌMŽÎLÍMŒNÍMLÌÍMLÌŒŒLKLLNÌŒŒLKLÌŒŒL‹LÂMŽÌMŽÌLÍNNÎÌÎÌŒNKLLŽÌŒNKLLÎÌŒNKLLLÂMÌŽÌLŽÎMÌÌÌÍÍÍŒÌÌÍÍÍŒÌŒŒLLNNÌŒŒLLŽÌŒŒLKLBMÎÍNÍLNÎMÌLNÎMŒÌÎMŒÌŒNKLLKLÎÌŒNKLLKLMÌŒNKLLKLMBMNÎÌLNLÌÌŽÌLÎŒÌMLÍÍLÎLLÌŒNKLLLÎÓNÓBMŒŽÌŽNÍNŽÌŒÎNÌLMÌÌÌLMÌÌŒŒLLÌÌŒŒLKLNÌŒŒLKLLBMŽÌMÌMÎŽÌÎÍMŒÌÍMŒÌŒNKLL‹LŽÌŒŒLKLŽÌŒŒLKLLMÌÌÎNÌÎMŽÎÌŒNÍLNLÌÍLNLÌŒŒLKLNÌŒŒLKLNÌŒŒLKLŽMÌŽÌÌÌÌÎNÍLNMNÌŒLÌÌŒLÌŒŒLKLMNÌŒŒLKLÌŒŒL‹LÂMNÍŽÌMLNÌÍMŽŽÎLÍŒÌÎLÍŒÌŒŒLLNÌŒŒLLŽÌŒŒLKLÂMÎÌLŽÌŽLMÎÌÎÎÌLŒÌÌLŒÌŒŒLËLMNÌŒŒLËLŒÎÌŒŒLËLÂMÌMÎÌLÌÍÍÎÌÎÌÎNÌÍMŽÍNŒŒÌŽNNÌŒNKLLLLÓNÓBMNNÍNÌLÌÍÎMÌÍÌŒÌÍÌŒÌŒNKLKLLÎÌŒNKLKLÎÌŒNKLLLMŒÍLŽÍÎÎNÌMÌÌŽÌŒŒLÌÌŒŒLÌŒŒLLNÌŒŒLKLNÌŒŒLKLLÂMÎÌŒÌLMÌÌMNÎMŒÌÎMŒÌŒNKLLMNÌŒNKLLŒNÌŒNKLLŒ‚MÍNÌÌÎÎLÍNNÌŒŒŒÌÌŒŒŒÌŒŒLKLNÌŒŒLKLÎÌŒŒLKLNMÍŽÌMÌMÌÎÌÌÌÍNÌŽLÌÌÌŽLÌÌŒNKLL‹LNÌŒNKLL‹LNÌŒNKLL‹LNMÎNÌMNÌLŽÎLÍNÌMÍÌÌMÍÌŒNKLLKLLŽÌŒNKLLKLMNÌŒNKLLKLNMÍNÌMÎMNÌÌÌÌÌÌÌÌŒŒLKLŽÌŒŒL‹LLNÌŒŒL‹LNMLNÌLÎÌMÎÎNMÌÌÎÎNÌÎNÌŒNKLKLŒNÌŒNKLKLÌÌŒNKLLL‚MLŽÍLÎÌÌNMNÍÌMÍŒŽÍŒŽLLÌÍŒŽLLÌŒŒLLLNÌŒŒLLNÌŒŒLLNMMŽÍÎÌMLNÍÍÌŽÌÌŒÌÌÌŒÌŒNKLLKLŽÌŒNKLL‹LNÓBMMÎÍÌLŒŽÌLÍÍÍLÌÍÍLÌŒNKLKLNÌŒNKLKLNÌŒNKLKLMMLLÍNÎÍLÌMÎÌLÌÌÌÌLÌÌÌŒNKLLKLÌŒNKLLKLMŽÌŒNKLLKLBMLMÍÍÌNÍÎÎÌÎÎÌŒŒLKLMNÌŒŒLKLŽÌŒŒL‹LÂMLŒNÍMÎÍŒNÌÍNNÌMÌÌMÌŒŒLKLMŽÌŒŒLKLNÌŒŒL‹LBMLÌNNÍMŒÎLÍŒÎÎÌÌÍLŒÍÍMLÌÌŒŒL‹LŽÌŒŒL‹LÌŒŒL‹LNBMLNÍMÌÍŒÍÎMÍNÎÌÎÌŒŒLLŽÌŒŒLKLLÌŒŒLKLLMLŽNÍMÎÌLÌŒŒNÌÍÌÌÌÍÌÌŒNKLLMŽÌŒNKLLŽÌŒNKLKLBMLÌÌÍNÎÍMMÌŽÍÍLÌÍÍLÌŒŒLËLLÌŒŒLËLÓBMMÎÌMNÌLŽMNÌÍMNLÌMÌÌÌMÌÌŒŒLKLLÎÌŒŒLKLŒNÌŒŒL‹L‚MMŽÍŒÌLLÎÎLÌŒÌŽÌŒLÌÌŒLÌŒŒLKLÎÌŒŒLKLLÌŒŒLKLMMMŒŽÍLNÌLNÍMLŽÎMÍLÌÎMÍLÌŒŒLKLÌŒŒL‹LŽÌŒŒL‹LMBMMÌŽÍŽÍMŽÎÎÍŽÌLMÌÌLMÌŒŒLËLŽÌŒŒLËLÎÌŒŒLËLLMNŽÌŒŽÍÌÍÎÌŒÍLÌÌMÌÌMÌŒŒLËLMÓNÓBMNŽÍÍŒÍÍŽÎNÍLÌÌÍLÌÌŒŒL‹LLŽÌŒŒL‹LŒNÌŒŒL‹L‚MNMÌLÌMLÍÎÎŒŽÎŒÌÎŒÌŒŒLKLŽNÌŒŒL‹LŽÌŒŒL‹LLMNMŽÍÍNMNÌÌLŒŽÌŒLÌÌŒLÌŒNKLLNÌŒNKLLLŽÌŒNKLLŒ‚MNNNÍÍLNÎŽÌMŒÎÌÌMŒÎÌŒNKLËLLÌŒNKLËLÌŒNKLËLŽMLNÍNNÎNLÍÎÌLLŒÌÌLLŒÌŒNKLLKLNÓNÓBMLNÍLÎÌMÍÎÍŒŽÍÌÌÍÌÌŒŒLLÎÌŒŒLLŽNÌŒŒLKLÂMLMÎÍMŽÌŒÌŽÎLŒŽÌNMŒÌÌNMŒÌŒŒLËLNNÌŒŒLËLÌNÌŒŒLLÂMLNÍÌLLÌŽMNMNÍÌMŒÌMMŒÍMLÌŒŒLLŒŽÌŒŒLKLÌŒŒLKLMBMLÎÍLŽÌMŽÌŒÍÌÌNÌLŒÌMLÌLLÌŒŒLKLNÌŒŒLKLŽÌŒŒLKLM‚MLÌŽÌÍŽÎNÍŽÌÎÌLÍŒÌÌLÍŒÌŒNKLLKLLNÌŒNKLLKLŒNÌŒNKLLKLŒ‚MLMÎÌÎÎLÎMMNÍÍŒÌÍÍŒÌŒNKLKLŽÌŒNKLKLLŽÌŒNKLKL‚MLŒŽÍNÍLÎÎLMÍÎÌÎÌÌÎÌŒNKLLLÎÌŒNKLLLLÌŒNKLLLMLŽÍNÌMLMLÎÌLLŒNÌÍÎÌÌÍÎÌŒNKLL‹LNÌŒŒLKLNÓBMLNÌŒNÍMÌŽÍÎLMÎÎNÌÎNÌŒNKLLKLÌŒNKLL‹LNÌŒNKLL‹LMLMÎÌLŽÌMLLÎÌÌLNÌŒÌÌŒÌŒNKLLNÌŒNKLLLNÓBMLNNÍNÌLMÍÎÎLNNÍÌÍÌŒŒLËLMŽÌŒŒLËLŽÌŒŒLËLÌMLLÍLŽÌMÌNŽÌÌÌÍÌŽÍŒÌÍŒÌŒNKLKLŒŽÌŒNKLKLŽÌŒNKL‹LLBMLLLŽÌÎNÌŽNÍLMÌŒLÌÌMŽÌŒLLÌŒÌŒŒLLLÌŒŒLLÌŒŒLKLÂMLLMNÌŒÎÌLÍŒNÌÍÍÎÌÌLLÌÌÌLLÌŒŒLKLŽÌŒŒLKLÌÌŒŒLKLÌMLLNÌLŽÌÎMNÌÌÍNÌŒŒÌŒÌÌŒŒÌŒÌŒNKLL‹LNÌŒNKLL‹LÓBMLLŒNÌŽÌLŽŽÎMÌŽNÌLNLÌÌLNLÌŒNKLLNÌŒNKLLMÌŒNKLLŒ‚MLLÌŽÌŽÍÌÍŽÌLŒŽÍMŒÍŽÌÎÍŒÌŒNKL‹LNNÌŒNKL‹LŽNÌŒNKLËL‚MLLÌÎÌLÌMMŒÍMÍMŒÌÍMŒÌŒŒLËLŽNÌŒŒLLNÌŒŒLLNBMLLÍÌŽÎLŽÎLÌLŒÌÌLŒÌŒNKLLMÌŒNKLLMŽÌŒNKLLŽMLMÍŽNÌMÌNMÌÎÍÌŒÌÍÌŒÌŒNKLLLÌNÌŒNKLLKLŽÌŒNKLLKLLMLMÎÍÌÍŒLÎÍMŽÌŒMÎÌÌŒMÎÌŒNKLL‹LŒNÌŒNKLL‹LNÌŒŒLKLBMLMMÌMÎÍNÌÍÍÎÌŒÌÍŒÌMŽÌŒŒLËLLÎÌŒŒLËLŒŽÌŒŒLLBMLMNNÍŽNÍMŒÌÍŒŒÍNÎÌÎÌŒNKLËLLÓNÓBMLMÎÌŒNÍMMÍÌŒÌLÍŒÌÌLÍŒÌŒŒLKLLÎÌŒŒLKLŒŽÓBMLMÌŽÍÎÌÌÍMŽÌŽMNÌŒMLÌÌŒMLÌŒŒLKLŽÌŒŒL‹LNÌŒŒL‹LBMLMÌÎÍÍŽÌMNÌÍÌŒÌÌÍÌŒÌŒŒLËLÎÌŒŒLLŽÌŒŒLLMBMLNNÌÌÌLÎÌLLNÎMÌÎMÌŒNKLLMNÌŒNKLLŽÌŒNKLKLBMLNŽÌÍÌLÍŽÌÍÍÍNÌŒÌÌÌŒÌÌŒŒLKLÌNÌŒŒL‹LLÎÌŒŒL‹LMLNLÌÌÌLŒMÍNNMÍLŽÌÍLŽÌŒNKLL‹LÎÌŒNKLL‹LNNÌŒNKLL‹LŽMLNMŽÍŽÌMŽÎÌÎNÎÌÍLÌÌÍLÌŒNKLLLÎÌŒNKLLÌŒNKLLBMLŒŽÍÎÌÍÎŽÌÌÍMMÌŽMÍŒÌÌŽMÍŒÌŒŒLKLNÌŒŒLKLÎÌŒŒLKLLBMLŒNÍÌLÎLÍŽLÌÌMÍMLÌÌMÍMLÌŒŒLLNÌŒŒLLLÎÌŒŒLLMMLŒLÍMNÍŒŽÍMÎÍÌLÌÍÌLÌŒNKLLKLLÌŒNKLLKLŒŽÌŒNKLLKLBMLŒŽNÌÎNÌMMÍÎÍŽÎÌNLÍLÌÌNLÍLÌŒŒLËLLÎÌŒŒLËLNNÌŒŒLËLŒÂMLŒÎÌLNÍŽLNÌLÌŒŒÎÌLNLÌÌÌLNLÌÌŒNKLLMNÌŒNKLLÌŒNKLKL‚MLÌŒÎÌMMNÍLÎLŒLÌÎLŒLÌŒNKLL‹LMŽÌŒNKLL‹LŒŽÓBMLŒŽÍNNÍLÌÍÍLŽÌMÌÌMÌŒNKLLLŒNÌŒNKLLLŽÌŒNKLLKL‚MLŽÌÌÌLŽÌÍLMÎÍÎLLÌÍÎLLÌŒNKLL‹LMŽÌŒNKLL‹LŒNÌŒNKLL‹L‚MLŽÌNÌMÎLNÍŽÌÎÌLÎÌÌLÎÌŒNKLL‹LÓNÓBMLŽNÌÍÌMNÍŽLÌMLŽLÌÌMLŽLÌŒŒLËLÌÌŒŒLLŽÌŒŒLLÂMLŽMŽÍŒNÌMŽÌŒNÍÌÌÍÌÌŒNKLL‹LLŽÌŒNKLL‹LLÎÌŒNKLL‹LŒBMLÌŽÌMÎÌŒLNÍŽNÌLÍŽÌÌLÍŽÌŒNKLL‹LMÎÌŒNKLL‹LNÌŒNKLL‹LMLÌŒŽÌÌŽÍÌŽÍÍÌÎÌMLÌÌMLÌŒNKLL‹LLŽÌŒNKLL‹LNNÌŒNKLL‹LÌBMLÌŽÍÌMÌŒŽÌMÍÍÌÍÌŒŒLËLŒNÌŒŒLËLÌŒŒLËLŽMLÌÎÌÌÎMNÍÍÍLNÎLÌÎLÌŒNKLL‹LNÌŒNKLL‹LMÌŒNKLL‹LŒBMLÌÌŽÍŒNÌLÎNNÌMŒMŽÍMLÌÍMLÌŒNKLLNÌŒNKLLŽNÌŒNKLLÌMLÍÌÌÎÎÎMNÌŽÎNÍŒMLÌÍŒMLÌŒNKLKLNNÓNÓBMLÍÎÌMŽÍLŒÎÍÍNNÌLÌŒÌÌLÌŒÌŒŒLKLÌŒŒL‹LNÌŒŒL‹LMLÍNÍÎÌÌMÍÎÍÍŽLLÎÍÍÌÌÍÍÌÌŒŒLKLNÌŒŒLKLNNÌŒŒLKLNBMLÍMÎÍÎÍŽNÍŒLŒŒÍŽŒÌÍŽŒÌŒNKLL‹LŽÌŒNKLL‹LNÌŒŒLKLBMLÍŒNÍNÌMMŽÎMÍLŒÌÍLŒÌŒŒLLNNÌŒŒLLŒNÌŒŒLLBMLÍNÌNÌLŒŽLNÌMMŽÍÌÌÍÌÌŒŒLLNÌŒŒLKLNÌŒŒLKLLÂMLÍŽNÍMŽÌLŒNÌÍLÌNÌÌNÌŒNKLLKLNÌŒNKLLKLNÌŒNKLLKLŒÂMLÍÌŽÍŽÌMŒÍLÎÍŒÍÌNLÌÌNLÌŒŒLLNNÌŒŒLLŽNÌŒŒLKLBMLÍÍNÌNÎMÍÎÍMÌÌLMŒÌÌLMŒÌŒŒLLŽÓNÓBMLÎNÌMNÍNÎÌŽÌŒLÌÌŒLÌŒŒLKLÌŒŒLKLMŽÌŒŒLKLÌMLÎŽÌLNÌŒÍŒŽÎÎMŽÍLŒŒÌÍLŒŒÌŒŒLKLMNÌŒŒLKLŽNÌŒŒLKLŽBMLÎLŽÌÍNÌMMMÌÍÌÌMLÍÌÌMLÍÌŒNKLLKLMŽÓNÓBMMMNÍŽÌMÍLÎŒMŽÌÍLÍLMÍLÌŽLÌLÌŒŒLLNÌŒŒLLLÎÌŒŒLLMMMŽÌŽÌÎÍMÍÌMŒÌÌMŒÌŒNKLLLLÌŒNKLLLÌŒNKLLLŽBMMÌŽÌLNÌLMLŽÎŽŒŽÎLÎLÌÎLÎLÌŒŒLKLÌŒŒLKLLÎÌŒŒLKLLÂMMÍÌLŽÌLÌÎÌMÎÌLNÌÍÎÌLLLÌŒŒLKLNÌŒŒLKLÌŒŒLKLNBMMÎÍŒÎÌLÎÌNNLŒÎÍLÌÍLÌŒŒLKLMNÌŒŒLKLNÌŒŒLKLŒÂMMÍŽÌMŽNÍMMLŽÌMLÌÌMLÌŒNKLLLŽNÌŒNKLLKLÌŒNKLLKLMÂMMNÌŒNÌMÌÍŽÌÍMÍŽÌÌÎLÌÌÌÎLÌŒNKLKLÌŒNKL‹LÎÌŒNKL‹LMMLÍLŽÍŽMŽÍÍNÌLŒÌÌLŒÌŒŒLËLNÌŒŒLËLŽÌŒŒLLÂMMLNÌÎNÍŽÍÍÌÌNŒÌÌNŒÌŒNKLLMÎÓNÓBMMMÎNÌLÌLŽÎLMÎNÍÍÌÍÍÌŒŒLLÌŒŒLLŒNÌŒŒLLŒBMMMNÍNÌMÍŽÌLMŒŽÍÎMÌLÌÍÎMÌLÌŒNKLLLÌŒNKLLLŽÌŒNKLLNBMMNÌÍŽÌLLNÌMÎÎÍÌÍÌŒŒLKLŽNÌŒŒL‹LLNÌŒŒL‹LLBMMÌNÍLÌŒÍŽÍŽNÍÎÌÍLŒÌŒNKLKLMNÌŒNKLKLÌŒNKLLL‚MMÎÌÌŽÌLÎNLNÌŒLŽÍÎÌÌÍÎÌÌŒNKL‹LÎÌŒNKLËLÎÌŒNKLËLL‚MMŽÌNÌMÎÌLÌMŽÍŒMÌÍŒMÌŒNKLKLLNÌŒNKLKLNNÌŒNKLKLMMMÎÌŒÎÌLÍMÍÍÌÌÍÌÌŒNKLL‹LMNÌŒNKLL‹LNÌŒNKLL‹LÌMMLŽÌŒÌMÌÌMÌŒLLÌÌŒLLÌŒNKLLLLÎÌŒNKLLLNÌŒNKLLKLBMMLÌÌŽÌMMLNÎLÎMNÌNLÌÌNLÌŒNKLKLMNÌŒNKLKLŒÌŒNKLLLBMMLNÌMŽÍMNÌŒÍŒÎÍMNŒÎÍÎLÍÍLÌŒNKLLLNÌŒNKLLLÌNÌŒNKLLKL‚MMLMŽÌÍŽÌŽLLÌÌÌÎMÎÍÍÌÍÍÌŒŒLLŽÌŒŒLLLÎÌŒŒLLM‚MMLŒŽÌÍÎÍMŽNÍÎÍNÌÌLÍLÌLLÌŒŒL‹LÎÌŒŒL‹LLNÌŒŒL‹LNBMMLÌÌNÌMÎNÍÍÍNÍŒÌÌÍŒÌÌŒŒLKLÌNÓNÓBMMLŽÌÌÎÌLŒNÎMÌNLÎÍMŒÌÍMŒÌŒNKL‹LŒÌŒNKL‹LÌŒNKLËLBMMLÌÌMNÍŒÎÎÌÌÍŒÌÌÍŒÌŒŒLKLÌŒŒLKLMNÌŒŒLKLBMMLÍNÌMÌMÎLŽÍLNÌÍMLÌÌÍMLÌŒNKLL‹LÌÌŒŒLKLÎÌŒŒLKLMMMŽÍŒNÌLNÍÍÍÌMÌÌLŒÌÌMÌÌLŒÌŒNKLLLŒŽÌŒNKLLKLÓBMMMNÍMNÌÌNÎŽÌŒÌNÌÌŒÌNÌŒNKLËLŒNÓNÓBMMMMNÌNÎMÌŽÌLÍLÌÍLÌŒNKLL‹LLÎÌŒNKLL‹LMÌŒNKLL‹LMMMNÌÎÌLLÎÌMÎÌŒŒÌÍŒÌÎÌŒŒLKLÎÌŒŒL‹LÎÌŒŒL‹LBMMMÎÍLŽÌÍÍMŽÌŽMÍLLÌÍLLÌŒŒL‹LÌŒŒL‹LŒNÌŒŒL‹L‚MMMÎÍNÌMŒÎÍŒLŽÍÌÍÌŒŒL‹LNÌŒŒL‹LŽÌŒŒLËLÂMMNÍNÌMNMNÌŽLÌÍÌÌÍÌŒNKLLLŽNÌŒNKLLKLLÌŒNKLLKLŒ‚MMNLNÍŽÍMŒÎÍÎŒÎÌŒŒŒÌÌŒŒŒÌŒNKLLKLŒÎÌŒNKLL‹LÎÌŒNKLL‹LMMMNMNÍMNÌŒÍLÌÌLÌŒÌÌŒÌŒNKLËLMÎÌŒNKLËLŽNÌŒNKLËLŽBMMŒÌÌÎÌLLMÌMLLŽNÍÌÌÍÌÌŒŒLLŽNÌŒŒLKLLŽÌŒŒLKLMBMMŒŽÍÌLÍNÎÌÍÍÍÎÌŽMÌÌŽMÌŒŒLËLŽÌŒŒLLLÓBMMŒMÌLÍÍNÍÍNNLÌLNLÌÌLNLÌŒŒLKLÎÌŒŒLKLŽÌŒŒLKLŽBMMŒNNÌLNÌMMÌÍÎÌLŒNÌMŒLÌÌMŒLÌŒNKLLKLMŽÌŒNKLLKLŒÌŒNKLL‹LBMMŒŒNÌŒŽÌMÌMŽÌLÌNLÌŒÌÌNLÌŒÌŒNKLLKLNÌŒNKLLKLŽNÌŒNKLL‹LBMMŒÌÎLMMÎÍÌŒŒŽÌLMÌÌLMÌŒŒLKLŽÌŒŒLKLLNÌŒŒLKLMMMÍMÎŽLÍMMMÌŒŒÌÌŒŒÌŒNKLKLŒŽÌŒNKL‹LNÌŒNKL‹L‚MMMÎÍNÌŒÍLÌÍMÎÍMLŒÌÍMLŒÌŒŒLKLŽÌŒŒLKLLNÓBMMŒÎÌMÌMLÎÍÌMLŒNÌLÌNNÌLŒÌŒNKLLKLNÌŒNKLLKLŽÌŒNKLLKLLÂMMÍŽÌNÎNMŽÍMMMMNÌŽMÌŒÌÌŽMÌŒÌŒŒLKLÎÌŒŒL‹LNÌŒŒL‹LMBMMŽÌLÍMÎNÍŒMŒŽÌŒMÍLÌÌŒMÍLÌŒŒLËLLNÌŒŒLËLŒNÌŒŒLËLÌBMMŽÌŒŽÌMLÍÌÎNŽÌLLÌÌLLÌŒNKLLLNÌŒNKLLŒŽÌŒNKLKL‚MMŽLÌLÌMÌMŽÌÎÎLNÍÍÌÍÍÌŒNKLLKLÌÌŒNKLL‹LNÓBMMŽLNÍŽÌÎMÍÌMÎMNÌŒMŒÌÌŒMŒÌŒNKL‹LMÌŒNKL‹LMÎÌŒNKL‹LŒÂMMŽNNÍÎÌÎŒNÌLŒŽÍÌÌÍÌÌŒNKLLKLŒÎÌŒNKLLKLŽÌŒNKLLKLŽBMMÌÎÍNÌŽMÌÍNÌLÌÌÌLÌÌŒNKLËLŒÎÓNÓBMMÌÌŽÎLNÎÌŒLŒŒNÌMÌÌMÌŒNKLLLLÎÌŒNKLLLMŽÌŒNKLLLM‚MMÌMÍNÌMMMŽÎMNNÌLÌÌLÌŒNKLKLMÎÌŒNKLKLŒÎÌŒNKLKLŽBMMÌNNÍLÎÌMLÍŽNÍÍÍNLŽÌÌMŽÌÌÌMŽÌŒNKLLKLNÌŒNKLLKLMNÌŒNKLLKLÂMMÌŒÍŽÍÎNÍNÎNÌNMÌÌNMÌŒŒL‹LŒNÌŒŒLËLNÌŒŒLËLBMMÌNÍMÎÌLLÌNÌLÎNÎŒÌÎŒÌŒŒLËLNÌŒŒLËLÌŒŒLËLBMMÌÌNÍŒNÌLÌMNÎNÍÌLŒÌÍÌLŒÌŒŒLËLŽÌŒŒLLNÌŒŒLLBMMÍLÎÌŽÍŽŒNÌLŒNÌÍÍLŒÌÌÍÍLŒÌŒNKLLKLÎÌŒNKLL‹LŽÌŒNKLL‹LMMMÍMŽÌÌÌLÌÌLNLÎÌÍMÌÌÍMÌŒNKLLMÎÌŒNKLLŽÌŒNKLLŽBMMÍNNÍŽÍNÍÍÎNÌLŽÌÌLŽÌŒŒLKLLNÌŒŒLKLŒŽÓBMMÍÍÎÌÌÎÍÍŽÍÎNÍŽÌMÌMŒÌÌMÌMŒÌŒNKLL‹LŒŽÌŒNKLL‹LŽÌŒŒLKLBMMÍÎNÍŽÌMÎÌMMŽNÌNŒÌÌNŒÌŒNKLLKLNÌŒNKLL‹LÎÌŒNKLL‹LM‚MMÎLNÌMÍMNLŽÍŒNMLNÌNÌÌNÌŒŒLKLÌÌŒŒL‹LÌŒŒL‹LMÂMMÎMÌŽÌÌLÎÌÍŽŽÌLMÌÌÌLMÌÌŒNKLKLÌŒNKLLLÌŒNKLLLLÂMNÎÍÌMLLMÎÌMŒŽNÌNLÌÌNLÌŒŒL‹LMÌŒŒL‹LÎÌŒŒLËL‚MNNÌÍNÍMNNÎLLÍŽÌŒŽÌÌŒŽÌŒNKLLŒNÓNÓBMNŒNÌÎNNLÎÌŒMNÌMŒÌÌMŒÌŒŒLËLÌŒŒLËLMÎÌŒŒLËLŒBMNŽÌNNÌLÍMMÎÌÎLNÍLMÌÍLMÌŒŒLËLÎÌŒŒLËLLNÓBMNÌÌÌNÌLÌŒMNÎMÍÍÎÎNÍLÎMÎMLÌŒŒLKLÎÌŒŒL‹LÌŒŒL‹LMBMNÌÎÌŒNÌLŒÌLÎÌLÌÌLÌŒNKLËLNÌŒNKLËLLÎÌŒNKLËLM‚MNNÍNÌMÍÎNÍLÌŒÌŒÌÍÌNMÌŒÌŒNKLKLLŽÌŒNKLKLŒÓBMNŽÍLNÌLNŒNÌLŽÍŒÌÍŒÌŒŒL‹LNÌŒŒL‹LNÌŒŒL‹LMBMNÍMÎÍÌÍÎNÍÍŒÌÍÍŒÌŒNKLLLŒŽÌŒNKLLKLNÌŒNKLLKL‚MNNÌÎÌMÍNÍŒŒŽNÌÌÌÌŒŒLËLŽNÌŒŒLLLÌŒŒLLMMNÎÌNÍÍŒMÌÌMMŒŽÎMLÌÎMLÌŒNKL‹LŽNÌŒNKLËLNÌŒNKLËLŒMNÌŽÌMNÍÍMÎÍNÌÌÌÌÌÌŒNKLËLŒÎÌŒNKLËLNÌŒNKLLBMNNÍNÌMŽLMŽÍNMÌÌŒŒŽÌÌŒŒŽÌŒŒLLŽÌŒŒLKLÎÌŒŒLKLMÂMNŽÌŽÌLÍŒŒLÌŒÍŒÌÌŒÍŒÌŒŒLLÎÌŒŒLLÌŒŒLLBMNŽÍMŽÌMÎNÌÍŽŽÌNMMÌÌNMMÌŒŒLKLŽNÌŒŒL‹LÎÌŒŒL‹LŒBMNNÍÌMŒŒNÌŽÍŒÌÍŒÌŒNKLKLMÎÌŒNKLKLŽÌŒNKLKLŽBMNLMÎÌÎÌMÌÌŒÌÌÎMÎÌNLÌÌNLÌŒŒLKLNNÌŒŒLKLŒŽÌŒŒLKLMNLNÌÌÍLNMÌŒÍLÎÌLLŒÌÍŒÌLÌŒŒLKLLÎÌŒŒLKLMÎÌŒŒLKLNMNLŒŽÍNÎNMÌŒŒÍÎÍÎÌÍÎÌŒNKLLLÌŒNKLLLMÎÌŒNKLLLMNLÌÎÌNÌMÍMNŽÌŽMŒÌÌŽMŒÌŒNKLLKLÌÌŒNKLL‹LŽÌŒNKLL‹LM‚MNLÍÍÎÌMÌÎNÎNÌLŽLÌÌÌLŽLÌÌŒŒLLŽÌŒŒLLLÌŒŒLLLMNLÍÎÍNÎLÌŒÎÎŽMŽÍNLÌÍNLÌŒŒLËLÌNÌŒŒLLNÌŒŒLLMNMÎÍNÌLLÎÌÎLNNÌÍÌÌÍÌŒŒLKLÌNÌŒŒL‹LLÎÌŒŒL‹LŒMNMÌÌNÌMLÍÌNÍLMNÌMÎÌÌÌMLLÌÌŒŒLKLÎÌŒŒL‹LŽÌŒŒL‹LNMNMLÎÌŒNÌMÎNNÌMÌÍŽÍLÌÍLÌŒŒLKLŽNÌŒŒL‹LÎÌŒŒL‹LÂMNMŽÍÎÍLLNÎMÌÌÌMŒÌŒÌÌMŒÌŒÌŒNKLËLŒÎÌŒNKLLNÌŒNKLLLMNMÌNÌMÌMŒŒŒŽÍLLLNÌLNÌÌLNÌŒŒLKLŽÌŒŒLKLÌÌŒŒL‹L‚MNMÍÎÌLNÎÍÌÎÍÌÌÍÌÌŒNKLL‹LMÎÌŒNKLL‹LÌŒŒLKLÂMNNÍMŽÍNÍÌÌÍNÍÌÍÌŒŒLKLÌÌŒŒL‹LÌŒŒL‹LBMNNÎÍÎÍÎÌŽMMNÌLÍMŒÌÌLÍMŒÌŒNKLLKLŽÌŒNKLL‹LŽÓBMNNLÌÌÌMÎLÌLŒŒŒNÌLLÌÌLLÌŒŒL‹LÌŒŒL‹LMNÌŒŒL‹LÂMNNNNÌŽÎMLŽÍÌÍŒLÎÌLÌÌLÌŒŒL‹LLÌŒŒL‹LMÌŒŒL‹LNBMŒNÌÌÎÌMMNÌŽMÍMŒÌÍMŒÌŒNKLËLÌNÌŒNKLLLÌŒNKLLMBMŒNÍNÎMŽÌLNÎÎLÌÌÎLÌÌŒNKLLLŒÌŒNKLLLŽÌŒNKLLLŽBMŒNÌÍÎÍMŽNÎMÎÌMŽÌÌÌMŽÌÌŒNKLLKLŽÌŒNKLLKLNÌŒNKLLKLM‚MŒÎNÌNLNNÌLÌMLŽÌMÌÍŒÌÌMÌÍŒÌŒŒLKLMÌŒŒLKLMNÌŒŒLKLŒBMŒNÍÌLÌMŽÌNNMÌŒÌÌŒÌŒŒLLÎÌŒŒLLLÎÌŒŒLLM‚MŒÌŽÌÌNÌÌÍLÌÌMŽÌMÍLLÌÌMÍLLÌŒŒLËLNÌŒŒLËLNÌŒŒLËLŒMŒLÎÍNÌLŒÌŽÌNLNÍMÍŒÌÍMÍŒÌŒNKLLKLNÌŒNKLL‹LNÌŒNKLL‹LMBMŒMNÌÌŽÌMÎÎÌÎMNNÌŒÍŒÌÌŒÍŒÌŒNKLKLŽÌŒNKLKLLÌŒNKLKLLMŒÍLÌLÍLMNÍÍŒMÍŽÌÍŽÌŒNKLLKLŒŽÌŒNKLLKLÌŒNKLL‹L‚MŒŽNÍÌMNLÎÍLÎÌMŒŒÌÌMŒŒÌŒNKLLKLÌÌŒNKLL‹LLŽÌŒNKLL‹LŒ‚MŒŽÍŒÌLÎÌÌÌÌŒÌÌÌŒÌÌŒNKLLLŒNÌŒNKLLLŽÌŒNKLLKLÂMŒNÌMÎÌMNNÎŽNLŽÍLÌÌÌÍLÌÌÌŒŒLLNÌŒŒLKLŽÌŒŒLKLBMŒŽÌÌÌLMNNÍÌÌNÌMÍÍLÌÌMÍÍLÌŒŒLLLÌŒŒLLŒNÌŒŒLL‚MŒÍÌLŒLÌÎÌMŒMŽÌŽLLÌÌŽLLÌŒŒLËLNÌŒŒLËLLŽÓBMŒLÌLNÍLMLÌNLŒÌÌÌÌÌÌÌÌŒŒL‹LŽÌŒŒLËLŽÌŒŒLËLLMŒLNÍŽÌLMŒLÎÌÎMÌŽLÌÌŽLÌŒNKLKLNÌŒNKLKLÌÌŒNKLLLMŒLLNÍNÎMŒŒŽÍÍNÌÌÍŒÌÌÌÍŒÌŒŒLËLNÌŒŒLËLMŽÌŒŒLËLŒBMŒLMÎÌLNÍÍNNÌŒÎLÎÌLÌÌÌLÌÌŒŒL‹LNÌŒŒLËLNÓBMŒLŒÌNÌMMÍNÍLŽÍLLÌÍLLÌŒŒLKLÎÌŒŒL‹LLÌŒŒL‹LMÂMŒLÌÍNÍÌÌŽÍÍŒLÌLLLÌÌLLLÌŒNKLL‹LŒŽÌŒNKLL‹LÓBMŒLÍNÍÌŒÎÍŒNMÎÌLŒÌÌLŒÌŒŒLLŽÌŒŒLLNÌŒŒLLŒMŒMÎÍÌMMNLÎÎNÎŒÌÎŒÌŒŒLKLŒŽÌŒŒLKLÌÌŒŒL‹LBMŒMLNÍŒŽÍLÎNÎLLMÌMÍÌÌMÍÌŒŒLËLÌÓNÓBMŒMMÍLŽÍÎÌŽLMÍÌÍÌŒNKLKLLÌŒNKLKLMÎÌŒNKLKLÂMŒMMNÌŽNÌÌŽLNÍŒÌÌLŽÌLÌÌÌLÌÌŒŒLKLŒNÌŒŒL‹LŽÌŒŒL‹LÂMŒMŒNÌÎÌNNÎÌMLÌÌÌMLÌÌŒŒLKLŒÌŒŒLKLÌŒŒLKLMŒMÌMNÌLMÍŽÌÌÌMLÌÌÌMLÌŒNKL‹LLÓNÓBMŒMÎNÌNÌŽLÌÎÌÌŒNÌŒŒÌLÌÌŒŒÌLÌŒŒLKLÌÌŒŒL‹LLÌŒŒL‹LLMŒNNÌLNÍŒŽÍÌNÎÌÎÌŒNKLL‹LŒÎÌŒŒLKLÌŒŒLKLLMŒNNÍMNÌÌÍŽNÎMÍŽÎÌLLŒÌÌLLŒÌŒŒL‹LLŽÌŒŒL‹LNÌŒŒL‹LÂMŒŒÎÍLNÌMLŽÌLMMNÍLLŒÌÍLLŒÌŒŒLLÌŒŒLLMÎÌŒŒLKLBMŒŒŽÌMÎÌLÌŽŽÌÌMŽÌÍŽLÌÌÍŽLÌŒNKLKLLŽÌŒNKLKLNÌŒNKLKL‚MŒŒŒNÍÍÍŒÎÌLMÎÌMÍMŒÌÌMÍMŒÌŒŒLKLLNÓNÓBMŒŒŒÎÌŽÌMŒMNNÎŒÎÌMÌÌMÌŒNKLKLÌŒNKLLLNÌŒNKLLLBMŒŒÍÌÌÎÌMŽMLÌÍÍÎÍMŽLÌÍMŽLÌŒŒLKLLÎÌŒŒLKLMÌŒŒLKLMÂMŒŒÍNÌNÌLNNÍÍŽÌLŒÌÌLŒÌŒŒLËLLÌŒŒLËLŒÎÌŒŒLËLÂMŒÌÍNÌMÌNNÍLŒÌNLŒÌÌNLŒÌŒNKLL‹LŽÌŒŒLKLÌŒŒLKLM‚MŒŽÍÎÌNÍÌMŽNÎÌÌÎÌÌŒŒLKLNÌŒŒLKLMÌŒŒLKL‚MŒÌÍŽÍŒLŽÎŽNÌÌÌÌÌÌÌÌŒNKLL‹LMÌŒNKLL‹LŽÌŒŒLKLÂMŒŽŽÍLŽÎÎÍÍŽÎÌÍŒŒÌÌÍŒŒÌŒNKLLKLMNÌŒNKLLKLMŽÌŒNKLLKLÌMŒÌLŽÌNÌLŒLÎÍMÌŒÎÌÍŒÌÌÍŒÌŒNKLLLŒÌŒNKLLLŒŽÌŒNKLLLÌMŒÌMNÍÌMÌMÎÎLMŒÎÍMLÌÍMLÌŒNKLLKLÌŒNKLL‹LŽÌŒNKLL‹LŒMŒÌŽNÌNÍLMNÍÍÎÌMŒŒÌÌMŒŒÌŒNKLLMNÌŒNKLLŽÌŒNKLKL‚MŒÍÎÍMŽÍMÎNÌŽLÌŒÍŒÌÌŒÍŒÌŒNKLL‹LNÌŒNKLL‹LÌŒNKLL‹LLMŒÍÌÎÍŽMÌÎMMMŽÌÌLŒÌÌÌLŒÌŒNKL‹LŒÎÌŒNKLËLÎÌŒNKLËLLMŒÍNNÌŒNÍLŽÍÌÌÌÌLÌÌÌLÌŒNKLLLNÌŒNKLLLLÎÌŒNKLLLMBMŒÍŒÎÌNNÌLNNNÎNÌÍŒÌÎMŒÌÌÌŽÌŒŒLKLNÌŒŒLKLÎÌŒŒLKLMÂMŒÍÌŽÍÎÌŒÍŽNÎÍÎÎÌÎÌÌÌÎÌÌŒŒLKLMÌŒŒLKLNÌŒŒLKLŽMŒÎÎÍŽÎLÍNÍŽÍÎÍÎLŒÌÍÎLŒÌŒŒLKLÌÌŒŒL‹LÎÌŒŒL‹LL‚MŒÎNÍŽÌMŒŽÎNLŒMŽÍÌÎÌÍÌÎÌŒNKL‹LÌŒNKL‹LLNÌŒNKL‹LLÂMŒÎÍŽÌMŒŒÎÌÌÎÍÌÍÌŒŒLLÌŒŒLLMÌŒŒLLŽMŒÎLÍŒŽÍMŽÌNÎÍMÌÍMÌŒŒLLÌŒŒLLMŽÌŒŒLLNBMŒÎMÍÎÍNÍÍÍÎÌŒMÌÌŒMÌŒŒLËLÌÌŒŒLLLŽÌŒŒLLMÂMNÍÎÍÌŒÍŽÌNNNÎÌÎÌŒŒLËLŽÌŒŒLËLNÌŒŒLËLMMÍÍLNÍÍMLÎÍÎMÌÍÎMÌŒNKLËLÎÌŒNKLLÎÌŒNKLLÂMMÎÌŒÎÌMÍÌÌMÎNLNÌMŽLÌÌŽÌMMÌŒÌŒŒL‹LLÎÌŒŒL‹LNÌŒŒL‹LMŒŽÌŽNÌLMÌÎÌÍÍÍNÌLLÌÌLLÌŒNKLL‹LMÌŒNKLL‹LŽÌŒŒLKLMÍMNÌÍÌŽÌŒLÍŽÌÌŽÌÌÌŽÌŒŒLKLNÌŒŒLKLNÌŒŒLKLNBMNÌLNÌMÌÌLÍNNÍÍÌÍÍÌŒŒLKLNNÌŒŒLKLÌÌŒŒL‹L‚MÌÍNÌLŽMÎÍMŽÌÍŽŒÌÍÌÌÌÎÌŒŒLKLÌNÌŒŒL‹LLÎÌŒŒL‹LMBMÎÍNÌLÌŽÍÍMŽÌMMŒÌÌMMŒÌŒŒLËLLÎÌŒŒLËLNÌŒŒLËLÌBMŒŽÌÎÌMNÍMMÌNÌMLMŒÌÌMLMŒÌŒŒLLŒNÌŒŒLKLNÌŒŒLKLMBMÌŽÌMNÍLŒNÌLNÌMÍLÌÌMÍLÌŒŒLKLNÌŒŒLKLLÎÌŒŒLKLMMNÍÌŒLÍŒÌŒÌÌLLŒÌMÌÍŒÎMÌŒŒLLŒŽÌŒŒLKLÎÌŒŒLKLMÂMLÍÎÎŽÍNMNÌMMÌÌMMÌŒNKLLLNÌŒNKLLLLŽÌŒNKLLLMMLNÍŒÎÌMÌNÍÍMNÌLÍŒÌÌLÍŒÌŒNKLL‹LŒŽÌŒNKLL‹LÎÌŒŒLKLBMLLÌŒÎÍÎÌÎÎÍÌÌÎÌÍÌÌÎÌŒŒLKLNÌŒŒL‹LNÌŒŒL‹LMBMLNNÍNÌMLNÌMÌMŒÌÌMŒÌŒŒLKLMÌŒŒLKLÎÌŒŒL‹LLMLŒÎÌŒŽÌÍÌNÌÍLÌNÍÌŒÌÍÌŒÌŒNKLKLNÌŒNKLKLŒNÌŒNKLKLBMLŽÍŽÌMÍNŽÌLÎŽNÌŒMŒÌÌŒMŒÌŒŒLLMŽÌŒŒLLÌŒŒLKLÂMLŽNÍÍLLNÎNŒÌŒŒÌÌÌŒŒÌÌŒNKLLKLLÎÓNÓBMLÌÍÎÌLLÍLŒLÎÍMLÌÍMLÌŒNKLKLLŽÌŒNKLKLMŽÌŒNKLKLMMNÌŒNÎMMMÍŒMÎÌLÌÌLÌŒNKLLKLŽÌŒNKLLKLMÎÌŒNKLLKLMÂMMÎÌÎÎLŒÎÌÌMÎÍÎLŒÌÍÎLŒÌŒŒLLŽÌŒŒLLNÌŒŒLLLÂMMNÍLNÍNLŽÌÌÍÎÌŒÌÎÌŒÌŒNKLKLLŽÌŒNKLKLMÎÌŒNKLKLŽBMMÎÌÎNÎMÍÍŽÍNLŽÍÌÌÍÌÌŒNKLLKLŽNÌŒNKLL‹LLŽÌŒNKLL‹LŒMMLNÌÎLNÎLLŒÎÍÎÌÍÎÌŒŒLËLLNÌŒŒLËLLÎÌŒŒLËLŒÂMMŽÌLŽÍŒÎÌŒNNÌLMÌÌLMÌŒŒLKLNÌŒŒL‹LŽÌŒŒL‹LLÂMNLŽÌÍÎÍÍŽŽÍÌNÍMLÌÍMLÌŒŒLKLNNÌŒŒLKLŒŽÌŒŒL‹L‚MNMÎNÍNÌŽLÌLÌLLÌÌLÌLLÌŒNKLLKLŽÌŒNKLLKLŽÌŒNKLLKLŒMŒÎÍNNÌMMÌÌÎÍŒLŒŒÌÌÌÌÌÌÌÌÌÌŒNKLËLÌŒNKLËLÎÓBMŒÎÍNÌLŽNÍLÌŽÍŽNLÌÍŽNLÌŒŒLKLŽÌŒŒLKLŽNÌŒŒL‹LMŒMNÌMÎÎÍŽLNÌŒŽÌÌŒŽÌŒŒLLMÌŒŒLLŽÌŒŒLKLÂMŒŒNÌÍÌLŽLŒŽÍŒÍLŽÍNLÍŽLÌÎLMLÌŒNKLKLŽÌŒNKLLLÎÌŒNKLLLL‚MŒŒŽÍŒNÌÎMNÍNMÌŽÎÌÎÌŒNKLL‹LLÎÌŒNKLL‹LŒÌŒNKLL‹LŽBMLÌÌÎÌLMÌÍMŒLLŽÌMNÌÌMNÌŒNKLLÌŒNKLLMNÌŒNKLLŽBMLNÌÌLÎÌÌÍMÎÌÌMÌÌÌÌMÌÌŒNKLL‹LŽÌŒNKLL‹LÎÌŒNKLL‹LBMMŽÍÎÎMLNÍMŒLNNÌŽÌÌŽÌŒNKLL‹LLNÌŒNKLL‹LŒNÌŒNKLL‹LBMÌNÌMLŽLÎÍÍÎNÌNÌÌÌNÌÌŒŒLËLÎÌŒŒLËLNÌŒŒLËLNBMŽÎÌMNLÌNÍLŒÌÍLŒÌŒŒLLŒNÌŒŒLKLÎÌŒŒLKLBMÌNÍŽÎMÎÎŽÌLŒŒÌÌLŒŒÌŒNKLLKLÌŒNKLLKLŒNÌŒNKLLKLŒÂMŽŽÍŽNÌLÌMŒÎÎLNNÌLMÍŒÌÌLMÍŒÌŒŒLKLŽÌŒŒLKLŽÌŒŒL‹LÂMŽÍLŽÌMÌÍÎÌÌNÌNÌŒÌÌNÌŒÌŒNKLL‹LLÌŒNKLL‹LLNÌŒNKLL‹LMMÌNÍMŽÌMŒŽÌÍŒNÌNLÌÌNLÌŒŒLKLMŽÌŒŒLKLNNÌŒŒLKLŒÂMÌLNÍNÍÌŽNÌÌÍÎNÌNŒÌÌNŒÌŒNKLL‹LŽÌŒŒLKLÌŒŒLKL‚MÌMNÌLNÎŽÎÌLLMÌÌLÌÌLÌŒNKLLKLMŽÌŒNKLLKLŽNÌŒNKLL‹L‚MÌMÎÍÎÎMŒNÎMLNÍŽÌÌÍŽÌÌŒŒLKLŽÌŒŒLKLŽNÌŒŒL‹L‚MÌÌNÌMŽÍÌÍŽÍÍLLNÎLÌÌÎLÌÌŒNKLLKLNÌŒNKLL‹LNÌŒNKLL‹LBMÌÎÍÌLMNÌŽMÌŽÌLÌÌLÌŒNKLLMÌŒNKLLNÌŒNKLKLMÌÎNÍŒŽÍŽMŒNÍŒÎMŽÍÌÍÌŒNKLLLMÌŒNKLLLÌŒNKLLLŽBMÍÍÌLÎÌÌLŽÍMÌÍMÌŒŒLËLNÓNÓBMÍMNÍNÌMÌLÍÎNÌÍLÌÌÍLÌŒNKLL‹LŽNÌŒŒLKLÎÌŒŒLKLBMÍŒNÌMÌMLŽMNÎNŽÌŒŒÌÌŒŒÌŒŒLKLŽNÌŒŒL‹LÎÌŒŒL‹LMMÍÍLÌNMÍÎMNÎÍŒÌÌÍŒÌÌŒNKLL‹LŽÌŒNKLL‹LLŽÌŒNKLL‹LMBMÍÌÎÍÌLŒLÎÍŽLÌNÌÌŽÌÌÌŽÌŒNKLKLNÌŒNKLKLNÌŒNKLKLŒMÍÍÍLŽÌMÌÎMÎÌNNÍMLÌÍMLÌŒNKLLŒNÌŒNKLKLÌŒNKLKLMÍÎÍÎÌŽLNÌLŒÌŽÌÌŽÌŒNKLLÓNÓBMÎŽÌÌNÎLÌŽÌMLLÎÍLÌÌÍLÌÌŒNKLLKLÌŒNKLLKLMNÌŒNKLLKLBMŽÍLŽÌMÍÌÌÎÌÍLÎÍLŽŒÌÍLŽŒÌŒŒLKLŒÎÌŒŒL‹LNÓBMŽÌÌÍLŒÎÍŽÍŒÌÍŒÌŒNKLL‹LŽÌŒNKLL‹LÌŒNKLL‹LM‚MŽŒNÍÌMMNÌÌNÌMŒÌÌMŒÌŒNKLLLÌŒNKLLLLNÌŒNKLLLLBMŽNÌNÎLÌÍŒÎÌŒŒÌÌŒŒÌŒNKLLŒNÌŒNKLLŒÎÓBMŽŽÍŒÌŒÌNÎÎNNÍÌŒÌÍÌŒÌŒNKLLKLÓNÓBMŽÌÍÌLLMLŽÍÍÌŒÍÎÌMŽÌÌMŽÌŒŒLKLŽNÌŒŒLKLÌÌŒŒL‹LBMŽÍÍŽÌLMŽÍMŽÌÍÎÌÌÍÎÌŒNKLKLŽNÌŒNKLKLÌÌŒNKL‹LMŽŽÍŽNÌMLNÎMÎÎÌŒÌÌŒÌŒNKLL‹LÌŒNKLL‹LLÎÌŒNKLL‹LŒÂMŽNÍLÎÌMÌMŒÌÎÎÌMÌÌÌMÌÌŒNKLKLÎÓNÓBMŽLÌÌÎÌMŽMÍLÎMNÍÌÌÍÌÌŒŒL‹LMNÌŒŒL‹LMÎÌŒŒL‹LMÂMŽNNÌÍÌÍÍÌÍÎÎÌÌMLÌÌÌMLÌŒNKLL‹LŒŽÌŒŒLKLNÌŒŒLKLL‚MŽNÍŽÍÍŒNÌÍÍMNÍÍŒÌÍÍŒÌŒŒLKLNÌŒŒLKLŒÎÌŒŒLKLŽMŽŽNÌŽÌLÍNNÌMÍÎÌLÌÌÌLÌÌŒNKLLKLŽÌŒNKLLKLLŽÌŒNKLLKLLÂMŽÌÎÍLŽÌŒLNÌNMŒMNÌLÍŒÌÌLÍŒÌŒNKLLLŒÌŒNKLLLŽÌŒNKLLKLÂMŽÍÎÍÎÍÌŒŽÎMÌÎŽÌMLÌÌMLÌŒNKLLLMÌŒNKLLLMÎÌŒNKLLLŽBMŽNÌŽÍÍÍNÍŽLNÍMLÍÍLŒÌŒNKLLLÎÌŒNKLLLLÌŒNKLLLŒBMŽLÎÌNNÎLÌŽÌMŽŽÍNŒÌÍNŒÌŒŒLKLÎÌŒŒLKLNÌŒŒLKLNMŽNÌŽÎNLŽÌÎMÍÎŒÌÍÎŒÌŒŒLËLNÌŒŒLLÓBMŽLÍÎÌMÍŽÌŒŒÎÍLÌÍLÌŒNKLËLÓNÓBMŽLNNÌÌÌLLÍÎŒNNÌMŽLLÌÌMŽLLÌŒŒLKLNÌŒŒL‹LÌŒŒL‹LŒ‚MŽLŽNÌMNÍŒÎLNÍLŽÌÌÌÌÌÌŒNKLLKLNÌŒNKLLKLŒNÌŒNKLL‹L‚MŽLÌÌŒŽÌMÌŽÍÌŒÎÌLÍŒÌÌLÍŒÌŒNKLL‹LŒÎÌŒŒLKLÓBMŽMÎÌŒŽÌMÌÎLÎNÍÎÌÍÎÌŒNKLLMÎÌŒNKLLNÌŒNKLL‚MŽMÍNÍLLÎÌŒNÌLNÌÌLNÌŒŒLKLŒÎÌŒŒL‹LNÌŒŒL‹LBMŽMNÌNÌMNNŽÎMŽÌŒÎÌÌŒÎÌŒNKLLKLŒÌŒNKLLKLÌŒNKLL‹L‚MŽMŽÌLNÌMŒNŽÍÌÍÍLŽÍMÌÌÍMÌÌŒNKLLKLLNÌŒNKLLKLŒÎÌŒNKLLKLBMŽMÌÌMNÌMÍÌŽÌÌŒÌNÍÌÌLÌÍÌÌLÌŒNKLLKLŽNÌŒNKLL‹LNÌŒNKLL‹LLBMŽMÌÎÌÎÌÍLÎÌLLLNÎLÌÎLÌŒNKLL‹LMŽÌŒNKLL‹LÌŒŒLKLÂMŽMÍÎÍŽNÌŽMLÍÍLNÎLNÌÎLNÌŒNKLL‹LMNÌŒNKLL‹LNÌŒNKLL‹LNMŽNÎÌŒNÌMŽÎLÍŒÍÍÌÌÍÍÌÌŒNKLL‹LÌŒŒLKLŽÌŒŒLKL‚MŽNÍŒŽÌMŒNÍÍNÌNMLÌÌNMLÌŒNKLL‹LNÌŒNKLL‹LMNÌŒNKLL‹LŒBMŽNLNÍNÍLŽNÌÍŽÍÌÍÌŒŒLKLÌÌŒŒL‹LÎÌŒŒL‹LNMŽNMÎÌÌŽÌŒÌLŽÎŒÎLÌÌÍLÌÌÌÍLÌŒNKLLKLNÌŒNKLLKLNÌŒNKLLKLNBMŽNNÌMÎÌLNNÌLÍÍLŽÌLLÍÌÌLLÍÌŒNKLLLŽÌŒNKLLKLŽÌŒNKLLKLMBMÌŒŽÍÍÌÍNÍMLÍŽÌÍNMŒÌÌÍNMŒÌŒNKLLKLMÎÌŒNKLLKLÌÌŒNKLL‹LÂMÌŒÎÌMŽÌLÎMÎMÍŽNÌNÌÍŒÌMÌŒNKLLŒNÌŒNKLKLÎÌŒNKLKLBMÌNÌNÌMNMÎÎNLÍLÌÍLÌŒNKLL‹LLÌŒNKLL‹LMNÌŒNKLL‹LBMÌŽÌLÌMÍŽLÎLÍLNÍLÌÍLÌŒNKLLLŽÌŒNKLLLŽÌŒNKLLLŒMÌNÍNÍÌMLŽÍMÍÍNÍLNÌÍLNÌŒŒLKLÎÌŒŒLKLNÌŒŒLKL‚MÌŒNÌNÍLNNÎLÌLÌMNÌÌMNÌŒNKLKLMÌŒNKLKLŽÌŒNKLLLBMÌÍÎÍÌŽŽÌÍÍÍÍÌÍÍÌŒŒLKLNÌŒŒLKLNÌŒŒLKLL‚MÌŽÍNÍLŒÍŽÌLÌLŒÌÌLŒÌŒNKLLKLMŽÌŒNKLLKLŽNÌŒNKLL‹LLBMÌÌŒÎÌLÌÌÌMMŽÍÍŒLÌÍÍŒLÌŒŒLKLÌŒŒLKLLNÌŒŒLKLŒMÌÍNÌLŒNNÌŒÍNÍŽÍLÍÎMLÌŒŒLKLÌÌŒŒLKLÌNÌŒŒL‹LMÌNÍÎÌLŽMNÍLÌÎÎŒÌÌÎŒÌÌŒŒLKLMŽÌŒŒLKLNÓBMÌLNÌMÎÌMŽMNÌŒNÌNMŒÌÌNMŒÌŒNKLKLŒŽÌŒNKL‹LNÌŒNKL‹LLBMÌLMŽÌLÎÎŒŒNÍŒÎÎÌLŒLÌÌLŒLÌŒNKLLKLŒÎÌŒNKLL‹LÎÌŒNKLL‹LNMÌLŒNÎÍŒÌÎÍÍÍŒNÍMŽLÌÍMŽLÌŒŒLËLŒÓNÓBMÌLŒŽÌMÎÌŒÎÎNLNÌLMÌÌÌLMÌÌŒŒLLÎÌŒŒLKLNÌŒŒLKLL‚MÌLŒÎÍLÎÌLÎMÍÎLÌŒÌŽÌŒÌÌŒÌŒŒLKLLNÌŒŒLKLMÌŒŒLKL‚MÌLÍNÌŒÎMNNÎLÌŒÎÎLÌLÌLŒÎÍLÎÌŒŒLKLÌŒŒLKLŽÌŒŒLKLÂMÌLÍÎÎNÌLŽMÎÌÍLÍÎÍŽLÌÍŽLÌŒNKLËLNÌŒNKLËLŽÌŒNKLLBMÌMMÎÍLÌŒÌÎÌLNÌMŒLÌÌMŒLÌŒŒLKLLÌŒŒLKLNÌŒŒLKLŒMÌMŒŽÌÌÌMLMŒNÎNNŒÌMŒŒÌÌMŒŒÌŒŒLKLÎÌŒŒLKLŽNÌŒŒL‹L‚MÌMŽÍÍNÎÍŽÍMÌLÍŒÌÌLÍŒÌŒNKL‹LŒŽÌŒNKLËLÎÌŒNKLËLMÌMÌŽÌÎNÌMÍŽÎLLNÍÍMŒÌÍÍMŒÌŒNKLKLLNÌŒNKLKLLŽÌŒNKLKLMÂMÌMÍÌÍNÌMLŒŒNÌÍÍÍŽÎŒŽÌÎŒŽÌŒŒLLŽÌŒŒLLLÌŒŒLLŒ‚MÌMÎNÌŽÌLÍŒÌÌÎMŒŽÍLÌÍLÌŒNKLL‹LŒŽÌŒNKLL‹LÌNÌŒŒLKLL‚MÌNNÌMŽÌLŽMNÍÍLÍŒÌÌÍŒÌÌŒNKL‹LMÎÌŒNKL‹LŒÎÌŒNKL‹LÂMÌNNÍÌMLNÌÍMLNÍÌÍÌŒNKLLKLMNÌŒNKLLKLÎÓBMÌŒÎÌLÎÍLÎMÎÌLLMŽÍŒÌÍŒÌŒŒLLŽNÌŒŒLLÌÌŒŒLKLMÌŒLŽÍMÌMLÎÌÍŽÎÌNNÌÌNNÌŒNKLLLLNÓNÓBMÌŒLÎÍŽÌÍLNÍŒNÌÎÌÌÎÌŒŒLËLŒÌŒŒLLÎÌŒŒLLLÂMÌŒMNÌLÌLÍLLŽÍNLNÌLŒÍLÌÌLŒÍLÌŒŒLKLÎÌŒŒL‹LLÌŒŒL‹LŒBMÌŒMŽÍÎÎMÎLŽÌŽÌLLŒÌÌLLŒÌŒNKLL‹LNÌŒNKLL‹LMŽÌŒNKLL‹LŒMÌŒNNÍŽÌLNÌÎMÎÌŽMÌÌŽMÌŒŒL‹LNÌŒŒL‹LLÌŒŒL‹LMÂMÌŒŽNÍMNÍÍÌÍÌMLLNÌÍLÌÌÍLÌŒNKLLMŽÌŒNKLLŒNÌŒNKLL‚MÌŒÍÌNÍÌMMNÌÌMÍŽMŒÌÍŽMŒÌŒŒL‹LNÌŒŒL‹LMÌŒŒL‹LBMÌLÌŽNÍŒLÍÍÍNNÌMÌÌMÌŒNKLLKLNÌŒNKLLKLÌÌŒNKLL‹LÂMÌMŽÌNÌLÌLŽÌŒÌŽNÌMŒÌÌMŒÌŒNKLKLMŽÌŒNKLKLŒÌŒNKLKLMÌÌNÍÌMŽMŽÌÍLLNÎÌŒÌÎÌŒÌŒŒLKLNÌŒŒLKLNÌŒŒL‹LBMÌÌŽÌLÌMÍLMŽÍŽÎLÍŽÌÍŽÌŒŒLKLMÓNÓBMÌŽNÍŽÍŽLŽÌŒŽÌLŒLÌÌLŒLÌŒŒLKLLÌŒŒLKLNÌŒŒLKLBMÌŽLŽÍMÍLŽNÌÍŽNÍÍÌÌÌÍÍÌÌÌŒŒLKLMÎÌŒŒLKLÌNÌŒŒL‹L‚MÌŽMÌŒÎÍŒMÎMŽLNÍMMŒÌÍMMŒÌŒNKLLKLMŽÌŒNKLLKLÌŒNKLLKLBMÌÌÌÍŽÎLÍLÎLÎÌMŒÌŒÌÌMŒÌŒÌŒNKLKLNÌŒNKLKLMÌŒNKLKLŒBMÌÌŽÌNÍÌÍŒÎLŽÍÌŒÌÍÌŒÌŒŒLKLŽÌŒŒLKLLNÌŒŒLKLNBMÌÌÍMŽÌÍÍŽMŽÌMLÌÌMLÌŒNKLLKLŒŽÌŒNKLLKLŽNÌŒNKLL‹LÂMÌÌLÎÍÌMÌŽÌÌÍÍNÌÌÌÌÌÌŒŒLKLÌNÌŒŒL‹LŽÌŒŒL‹LMBMÌÌMÍNNÌŒMÌÎÎNMMMNÌMÌÌMÌŒNKL‹LŽÌŒNKL‹LLNÌŒNKL‹LNMÌÍMÌŽÌLMŽÌÍMÌŒNÌNLŒÍÌÌÌMNLÌŒNKLL‹LLŽÌŒNKLL‹LNÌŒNKLL‹LŒMÌÍŒÌNÌLŽÍÌÍNMÍMŒÌÍMŒÌŒŒL‹LNÌŒŒL‹LÎÌŒŒL‹LNBMÌÍŒÎÍÎÌLLÍMŽÍMÍŽÌÍÎŒÌÌÍÎŒÌŒŒLËLÌÌŒŒLLÌŒŒLLMÌÍNÌMÎÌMÍMMŽÌÍLÍŒÍÍÌÍMÌÍŒÌŒÌÌŒŒLËLLNÌŒŒLËLNNÌŒŒLËLÌMÌÍŽÍMŽÌMÌŒÎÌŒÌÌÌÎÌMLLÌÌMLLÌŒŒLKLŒŽÌŒŒLKLŒÎÌŒŒLKLŽMÌÍÌŽÌLNÍÌÍÌÎÌÍLNÌÍÎÌÌÍÎÌŒŒLËLŒÌŒŒLËLŽNÌŒŒLL‚MÌÍÌÎÌŽNÍMLÌÌMŽÍÍÍÌÌÍÍÍÌÌŒŒL‹LŽNÌŒŒLËLLÎÌŒŒLËLNMÌÍÍNÍÎLÎÌLLŽÍNLŽLÌÍNLŽLÌŒNKLLKLÎÌŒNKLLKLŒÌŒNKLL‹LMÌÍÎNÍMŽÌLÎMMÍÌÎÎMŒÌÌÎMŒÌÌŒNKLL‹LMÎÌŒNKLL‹LÎÌŒŒLKLBMÌÎNÌNÍÍŽÌÌMÎÎNNÌÎNNÌŒNKLL‹LNÌŒŒLKLÌŒŒLKLMÂMÌÎÎÌÍÎLÎÍŒÌLLÌÌLLÌŒNKLLKLÌŒNKLLKLLNÌŒNKLLKLNMÍÍÎÌNÍŒŒŒLŽÌMÌÌÌMÌÌŒNKLLŽÌŒNKLKLNÌŒNKLKL‚MÍNÍLÎÌMŽLNÍNLÌŽÌÌŽÌŒŒLKLLÎÌŒŒLKLŒNÌŒŒLKLMÍÎÍLŽÎNLÍÌŽÎÍMLÌÌÍMLÌÌŒŒLLŒNÌŒŒLLÌÌŒŒLKLMÍMNÎNÌLÎNÍLŽÌŒNLÌÌŒNLÌŒŒLLNÌŒŒLLMÌŒŒLLŒ‚MÍMŽÌÍÌLÌÎÍŒÍÎMÌÎMÌŒNKLL‹LŽNÌŒŒLKLLNÌŒŒLKLŒ‚MÍÌMÍNMÌŽÌMŒÌNÍMÍÌÌÍMÍÌÌŒŒLËLŽNÌŒŒLLNÌŒŒLLMBMÍNÌÌÌÎLŽÍŒÌLŒŽÌÌÌLÌÌÌÌLÌŒŒLKLNÌŒŒLKLMÌŒŒLKLMMÍŽNÍMÎÌÍÎNÌÍLLŽÌÌÌÌŒNKLËLNNÌŒNKLLNÌŒNKLLÂMÍÍÎÌNÍÍÍÍŽÌLNNÌMŽLÌÌMŽLÌŒŒLKLŽÌŒŒLKLÌNÌŒŒL‹LBMÍÎNÌMNÌLŒNÍÍNÎLÌÌÎLÌÌŒNKLL‹LLÌŒNKLL‹LMNÌŒNKLL‹LŽBMÍÎÍNÌLNŽÌMÎNÌLŒMÌÌLŒMÌŒŒLKLŒNÓNÓBMÍLŽÌÎNÎÌÎNÎŒŽÌÍÌÍLÌÌLÌÌŒŒLËLNÌŒŒLLNÌŒŒLLL‚MÍŒNÍLÎÌÌMÌŽÌÌŒMÌMÌLÍÍLÌLŽLÌŒŒLKLŒŽÓNÓBMÍŒŽÍMNÎNNNÍÎÌLÍŒÌÌLÍŒÌŒNKLLKLMNÌŒNKLLKLNÌŒNKLL‹L‚MÍŽÍŽÌMMÎÍÍLÌMNÌMÌÌMÌŒNKLL‹LÌŒNKLL‹LÌÌŒŒLKLBMÍÍÎÍMNÌLMMŒÌLNÌŽMŒÌÌŽMŒÌŒNKLKLŽÌŒNKLKLÌÌŒNKLLLBMÍÎNÌÎÌLÍMÎÎÌÍÌŒÌÍÌŒÌŒNKLL‹LÌŒNKLL‹LNÌŒNKLL‹LNMÍŽÌÍÌLŽÌÎLMŒÎÌŒÌÌÌŒÌÌŒŒL‹LÌŒŒL‹LMÎÌŒŒL‹LNBMÍÍNNÌMÍMŽÌNMÍNÍŒLŒÌÍŒLŒÌŒNKLLKLŽÌŒNKLLKLMÌŒNKLLKLMÍMŽÍŽÍŒÍMMŽÍŒÌÍŒÌŒŒLKLNNÓNÓBMÍMÎÍÎÌÌNÌŒÎNÍŽLÌÍŽLÌŒŒLËLÎÌŒŒLLŽÌŒŒLLL‚MÍLNÍÎLÎÍNMNÌLLLÌÌLLLÌŒŒLËLMÌŒŒLËLŽÌŒŒLËLŽBMÍLŽÌLÎÍÍÎLŒÍÍÌŒŽÌÌŒŽÌŒNKLLMÎÌŒNKLLÌŒNKLL‚MÍLÍÍÎÌMMMÍLÍÌLŒÌÌLŒÌŒNKLLKLNÌŒNKLLKLNÌŒNKLLKLÌMÍLÍŽÌÎÌÌLÍNÌMÍÌÍMŒÌÍMŒÌŒNKLLKLLNÌŒNKLLKLMNÌŒNKLLKLNBMÍMLNÍNÌLÌLNÍŒÍMNÌÌÌÌÌÌÌÌŒŒLKLŽÌŒŒL‹LNÌŒŒL‹LBMÍMLÎÍÎÌMÌÌNNÌLLŽNÌLLÌÌLLÌŒŒLKLNÌŒŒLKLÌŒŒLKLMMÍMMNÌÎNÌÎLLNÌLNLÎÌŒÌÍÌÌŒÌÍÌŒŒLLÌŒŒLLLÌŒŒLLLÂMÍMŒÎÍÎÌLNÌNÍÌÌÌÍÌÌÌŒŒLKLÎÌŒŒLKLNÌŒŒLKLMMÍMÍÍNÍÌNÌÌMLMÌMLŒÌÌMLŒÌŒNKLL‹LŒŽÌŒŒLKLÎÌŒŒLKLBMÍMÎNÍŽÌMŽÎÍŒNÍLÌÍLÌŒŒL‹LNNÌŒŒL‹LŒŽÌŒŒL‹LŒÂMÍNNÌNÌLMÍŽÎMLŒNNÍÌŒÌÍÌŒÌŒNKLËLÌŒNKLËLNÌŒNKLËLÌMÍNNÍÎÎÍNÎÍÎÎNLÌÎNLÌŒŒLKLŽÌŒŒL‹LŽÌŒŒL‹LMMÍŒÌÍÎÌMÌÎÌNMÎÍNŽLÌÍNŽLÌŒŒLKLÎÌŒŒL‹LNÓBMÍŒNÌÎNÍNNÎMNÌŒMÌÌŒMÌŒŒLKLŽNÌŒŒLKLÌNÌŒŒL‹LÂMÍŒŒNÌÌŽÍÍÎÌMÍÌÌMÍÌŒŒLLNÌŒŒLKLÎÌŒŒLKLMÂMÍŒÌNÍÎÎNÎNÎMLNÌLÌÌLÌŒŒLKLŒŽÌŒŒLKLŽÌŒŒL‹LBMÍŒÌÎÌMÌMMNÌÍMŽÍLÍŒÍNLÌŒŒLKLŒNÌŒŒLKLÌNÌŒŒL‹LÂMÍŒÍÍŒÎÌLLLŽÍÎLMÍNÍÌÌÍÌÌŒNKLL‹LÌŒNKLL‹LLNÌŒNKLL‹LMMÍŒÍŽÍÌŒNÍLNLNÌMÌÌMÌŒNKLLLMÌŒNKLLLŒŽÌŒNKLLLÌBMÍŒÎÍMNÌMŽNÎÌMNÌÌÌÌŒNKLKLNÓNÓBMÍÎÍNNÌMÎLŒÎÍLŽŽÌMNÌÌMNÌŒŒLLÌÌŒŒLKLLÎÌŒŒLKLNBMÍMÎÍŒÎÍÌMLÌÍŒÍLNÍŽLÌÌÍŽLÌÌŒŒLLÎÌŒŒLKLLÌŒŒLKLLMÍNNÍNÌMMÎMÍMNÍLŒMÌÍLŒMÌŒŒLLMÌŒŒLLŒŽÌŒŒLLŽBMÍNÌŽÌLNMŽÌÎMLŽNÌLMŒÌÌLMŒÌŒNKLLLMÎÌŒNKLLLÎÌŒNKLLKLBMÍÌÍŽÌMŽÎÍÎMLÌÎÌÌÌÌÌÌŒŒL‹LŽNÌŒŒLËLÓBMÍÌNÍŒÎMNÍLŽNÌMÍÌÌMÍÌŒŒLKLŽÌŒŒL‹LÌŒŒL‹LBMÍÍNÍMÍÌÎÍMNÍŒŒÌÍŒŒÌŒNKLLLŒÌŒNKLLLÎÌŒNKLLKL‚MÍŽMÍŒŽÌLMÎNÌLÌÌLÌŒŒLKLÎÌŒŒLKLLNÌŒŒLKLM‚MÍŽNNÌÌŽÌŒŽÍŒLMÍÌÌÍÌÌŒŒL‹LNÌŒŒL‹LÎÌŒŒL‹LM‚MÍÌÍMNÌMLNÌLÌŽNÌÌŽÌÌÌŽÌŒNKLL‹LNÌŒŒLKLŽÌŒŒLKLLBMÍÌNÍNÍŒÍÎÍÍNÎÌLÍÌÌLÍÌŒŒLËLÎÌŒŒLËLÌNÌŒŒLLBMÍÌLÍŒÎÎÎÎLMMŽÍMŒÌÍMŒÌŒŒLËLŽÌŒŒLËLMÎÌŒŒLËLÂMÍÌLŽÍNÍÎÌÍÌNMÎÍMÍŒÌÍMÍŒÌŒNKLL‹LŒNÌŒŒLKLŽÌŒŒLKLM‚MÍÌMNÌLŽÍŽLÌMŒŒÎÍŒÌÌMŒÍMÍÌŒŒLKLNÌŒŒLKLŽÌŒŒLKLMÂMÍÌŽNÌŽNÌLLŒÌÌLLÌLNÌÌLNÌŒŒL‹LMŽÌŒŒL‹LŒNÌŒŒL‹LŽBMÍÌÍNÌÎÎMÍÎNÎLŽNÌÍÌÌÍÌŒŒL‹LMÎÌŒŒL‹LŒŽÓBMÍÌÍŽÍÎÍLÌŽÌMÎÌÎÌÌÌÎÌÌŒŒLËLMÎÌŒŒLËLŒÌŒŒLLÂMÍÌÎÌÍŽÍNÎÍLLÎÌÎMNÌMÍÌÍÎÌŒÌŒŒLKLNÌŒŒLKLLNÌŒŒLKLŒBMÍÍLÍŒNÍLNÍNÎÌLÌŒÌÌLÌŒÌŒNKLKLNÌŒNKLLLNÌŒNKLLLMÍÍMÌÎÌŽLÍŽNMNÍÍLÎÌÍÍLÎÌŒŒLKLŽÌŒŒL‹LÎÌŒŒL‹LNMÍÍMNÌÌLLÍMNÌMÌLMNÌLÌÌLÌŒNKLKLŽÓNÓBMÍÍŒÎÌŽÌMNÎNNÍÌÌÍÌÌŒŒLKLLNÌŒŒLKLMNÌŒŒLKLNMÍÍÎÌNÌLNÍŽLÎÌÌÍÌÌÌÌÍÌÌŒNKLL‹LNNÌŒNKLL‹LŽÌŒNKLL‹LÌBMÍÎÎÌŒÎÌLÍÍŒNÌŒLÌÌŒLÌŒNKLLLŒÎÌŒNKLLKLŽÌŒNKLLKLMÍÎLŽÍNNÌMŒÍÌÌÎMNÍMŒÌÍMŒÌŒŒLKLNÌŒŒLKLLÌŒŒLKLL‚MÎÌÌÍÎNÌNÎNÌÎNÌŒNKLL‹LŒŽÌŒŒLKLÎÌŒŒLKLÂMÎLŽÍLÎÌÌÌŽÍŽMŒŒÌŒLLÌÌŒLLÌŒNKLËLMŽÌŒNKLËLŽÌŒNKLËLÌMÎŒŽÌÍÍŽLÌÌLMNNÌNLÌÌNLÌŒŒLËLÎÌŒŒLLŽÌŒŒLL‚MÎÍÎÍLLŒNÌLMLŒŽÍLŽÌÍLŽÌŒŒLËLMŽÌŒŒLËLŒŽÌŒŒLËL‚MÎNÌŽÌMŽNÍÌÎÎÌÌÌÎÌÌÌŒNKLLLŽNÌŒNKLLKLNÌŒNKLLKLMMÎÍLNÎMMŒÍÍÌLMŽÌLÍLÌÌÌLÍLÌÌŒNKL‹LNÌŒNKL‹LŒÌŒNKL‹L‚MÎŒÌŽÌMÍÍÎÍMÍÍMÎÌÌÌÌÌÌŒŒLKLŽÌŒŒL‹LNÌŒŒL‹LLÂMÎŒÎÌÎÎŒŽÎMŒÍÌLŒÌÌLŒÌŒNKLLLNÌŒNKLLKLŽÌŒNKLLKLLMÎÍNÌŒÌŒŒMŽÎÎÍŒŒÌÍŒŒÌŒŒLËLŽÌŒŒLLŽÌŒŒLLMÂMÎNÍÎMMÌÎNÌÍŒÌÌÌÍŒÌÌŒNKLL‹LÎÓNÓBMÎNÍÌMŒÍÌÎÍLÎÍÍŒÌÍÍŒÌŒŒLËLÌŒŒLËLMŽÌŒŒLËL‚MÎLNÍÌMNÌÌMÌNÌÌÌÌÌÌŒNKLLKLÎÌŒNKLL‹LLÌŒNKLL‹LM‚MÎLLÌMŽÌLŒÍÍÎNÌMÌÌMÌŒNKLL‹LLŽÌŒNKLL‹LNNÌŒNKLL‹LŒÂMÎLMŽÌÍÎÍLÎMŽLNÌÍŒÌÌÌÍŒÌÌŒŒLLŽNÌŒŒLKLŽÌŒŒLKLMMÎLÍŽÌŒŒNNÎÌÍNÌMMŒÌÌMMŒÌŒŒLKLÌNÌŒŒL‹LLNÌŒŒL‹LMMÎLŽÍNNÍŽNLŽÌŽMŽÌÍÌÌÍÌŒŒLKLLÌŒŒLKLŒÌŒŒLKLŽBMÎMÎÌÌÎÌMÍMMÎÌŽNÌŽÌÌŽÌŒNKLL‹LNNÓNÓBMÎMŽÌŽÌÌMŒŽÎLLÎÎLÌŒÌÍÎLÌÌŒŒL‹LMÌŒŒL‹LŒÌŒŒL‹L‚MÎMLÌŽÌLŒÎNÍLŒMÌÌŒÌÌÌŒÌŒŒLKLÎÌŒŒLKLLÎÌŒŒLKLŒMÎMÌNÌMÌMÍÍŒNÌMÍNÌNLÌÌNLÌŒŒLLMNÌŒŒLLMŽÌŒŒLLŒBMÎMÌŽÍNNÎLŒÎÍMÌNÎÍÌÍÌŒNKLKLLŽÓNÓBMÎNÎÍÌMŒMŽÍMÌŒNNÌMÎLLÌÌMÎLLÌŒŒLKLÌNÌŒŒL‹LLŽÌŒŒL‹LŒÂMÎNŽÍŽÎNMÎÌLNLŽÍŒMÍŒÌÍŒMÍŒÌŒŒLKLŽÌŒŒL‹LÎÌŒŒL‹LLMÎNMNÍNNÌMLNÍMŽÌŽMÌÌÌŽMÌÌŒNKLËLMŽÌŒNKLËLNÌŒNKLËLŒ‚MÎNMŽÌNÌMÎÍŒŽMŽÌMLÌÌMLÌŒŒLËLLŽÌŒŒLËLMÌŒŒLËLMÂMÎNNÍLÎLŒÎÍNÍNÌLLŒŒÌÌLLŒŒÌŒŒLKLÎÌŒŒLKLLÎÌŒŒLKLNMÎNNNÌÌŽÌLÌÌŽÌÌÌMŽÌMÌŒÌÌMÌŒÌŒNKLLLÌŒNKLLNNÌŒNKLLÌBNÌÌMŒÌŒŒLŒNÍMLÌÍMLÌŒŒL‹LMÌŒŒL‹LMÎÌŒŒL‹LNNÌLNÍÍŽÎÍÎLŽÌMÌLÌÌMÌLÌŒNKLL‹LŽÌŒNKLL‹LÌÌŒŒLKLÂNÌÌÎÌMÎNNÍŒMÎÍŒÌÍŒÌŒNKLL‹LNÌŒNKLL‹LMNÌŒNKLL‹LMBNLŽÍLÎÌNÌMŽÎÍÍLÌÍÍLÌŒŒL‹LLŽÌŒŒL‹LŽÌŒŒL‹LŽNŽÌÎNÌMŒMÎÌÍÍŽÍŽMLÌÍŽMLÌŒŒLLLŽÌŒŒLLMŽÌŒŒLLM‚NÍÌMÍŒŒŽÌÌŒÎÍŽLÌÍŽLÌŒNKLL‹LŽÌŒNKLL‹LNNÌŒNKLL‹LŒNÍMNÌLÎÍŒŽNÌNLŒÌÌNLŒÌŒNKLLMŽÌŒNKLLÌÌŒNKLLÌBNMNÌÌÎÌNŒŽÌŽNÌŽMLÌÌŽMLÌŒNKLKLÎÌŒNKLKLÌÌŒNKLLLNNNÍÌMMÍÍLMNÍŒÌÍŒÌŒNKLLKLŒNÌŒNKLLKLÌŒNKLL‹L‚NÍNNÌLÍÎLNÎÌLLÎÍMÍŒÌÍMÍŒÌŒNKLËLMÓNÓBNŽÍŽNÎMŽMÎÍLÍMLÌMÌŒÌÌMÌŒÌŒŒLKLMÎÌŒŒLKLŒNÌŒŒL‹LNÌÍÎÎLNLNÌÌÌŒŒÌÌÌŒŒÌŒŒLKLNÌŒŒLKLLŽÌŒŒLKLŒNÎNÍÎÌMÌŽÎLNÍÌMÌÍÌMÌŒNKLLŽÌŒNKLLNÌŒNKLLŒNMÎÌÌNÌLÌLÎÌLÎLÎÌÌÌLÌÌÌÌLÌŒNKLLŽÌŒNKLLNÌŒNKLLÌNLNÍŒÎÌLŒÌÌÍLÌNNÌÌŒÌÌÌŒÌŒŒLKLNÌŒŒLKLÌŒŒL‹LÂNLLÍNÌLLŒÎÍÎNNÍÍÌÍÍÌŒŒLËLMNÌŒŒLËLŽNÌŒŒLLBNLŽNÌŒÌÍÌŒŽÍMMÌÎÌŒÍŒÌÌŒÍŒÌŒŒLLLNÌŒŒLLÌŒŒLLŽBNLÎÍNÍNLÎÎNŽMNÎÌÎÌŒNKLKLŽÌŒNKLKLLNÌŒNKLKLNNMŽÌNNÌMÎMŽÌŒNÎÌLÌÌLÌŒNKLLKLŒÌŒNKLLKLNÌŒNKLLKLŽNMÎÌLÌŒÌÍNÍÍÌÍÌÌÌÌÌÌŒNKLLKLÌÌŒNKLL‹LLÌŒNKLL‹LNNMMŽÍŽÍŽLÎÌMÌŽÌŽÌÌÌŽÌÌŒŒLLÎÌŒŒLLÌÌŒŒLKLÂNMMÎÌÌÌMMÌMŽÎMMÍŽÌLÍŒÍMÌŒNKLKLŒŽÌŒNKLLLÌŒNKLLLMNMNNÌLÍÌŒŽÌMÎÌMŒÌÌMŒÌŒNKLL‹LNNÌŒNKLL‹LÌŒŒLKLÂNMÎÌÍŽÎLMÍŽÌÍLÌÌÍLÌŒNKLL‹LŽÌŒŒLKLÌŒŒLKLMBNMÍNÌŒŽÎÌMNÍŽMLÎÌNLŒÌÌNLŒÌŒNKLLKLŽÌŒNKLL‹LNÌŒNKLL‹LM‚NNNÌŽÌÍÌÌNLÍÍÌMLMÌÌÌMLMÌÌŒŒL‹LLÎÌŒŒL‹LMÎÌŒŒLËL‚NŒÌLÎÌÎÎLÌÌNÌÌÌÌŒNKLL‹LÎÌŒNKLL‹LLNÌŒNKLL‹LŒNŒLNÌÍÎÌLÍÍÎÎÌŽÎLÌÎLÌŒŒLKLÎÌŒŒLKLLÌŒŒLKLNŒLŽÌÌÌMÎLÎÍÍLÌÌNLŒÌÌNLŒÌŒŒLKLÎÌŒŒLKLNNÌŒŒLKLŒBNŒMÍŽÌLŒŒNÍŽÌÍLÌÌÍLÌŒNKLËLŒŽÌŒNKLLNÌŒNKLLLBNŒÎÍŽNÍMÎMNÍÎNÌLÌÌLÌŒŒLKLŒNÌŒŒLKLNÌŒŒLKL‚NŒÍÍLNÍÍÌLÌÍŽÌÌÍŽÌŒNKLL‹LŒÌŒNKLL‹LŽNÌŒŒLKLLNŒÍÎÌÍNÌMÎLÍŽÌMÍLLÎÌŒÌÌŒÌŒNKLËLŒÌŒNKLËLŒNÌŒNKLL‚NŒÎNÌÎÍMNÎLÌNÍLÌÌÌÎLÌŒŒLLÌÌŒŒLKLNÌŒŒLKLÂNNÍÎÍÌNÍNLÎÌLMLÌÌLMLÌŒNKLL‹LŽÌŒNKLL‹LLÎÌŒNKLL‹LŒÂNMÎÍÎÎÎÌÍŒŽNÌŒÍÌÌŒÍÌŒNKLKLÎÌŒNKLKLÌÓBNNNÍÍŒŒNÌÍNÍÌÍLÌÍÌÍLÌŒNKLLLNÌŒNKLLKLÎÌŒNKLLKLMNÎÍÌMÌMNNÍMLNMŽÍŒÌÍŒÌŒNKLL‹LÎÌŒŒLKLÌŒŒLKLL‚NÌÌÍÎÌLÎÌŽÍÌÌŽÌÍÌÌŽÌŒŒLKLLŽÌŒŒLKLŒÎÌŒŒLKLÂNÍNÍLNÌMÍÍMŽMNÍLMÌÌÍLMÌÌŒNKLLKLÌŒNKLL‹LÎÌŒNKLL‹L‚NÎÍLNÌMÍŒŽÎLŒÌÌÌŒÌÌÌÌŒÌŒNKLLKLÎÌŒNKLLKLLÓBNÎNÌÍŒÍÌÌÌMNÌŒMŒÌÌŒMŒÌŒNKLKLÎÌŒNKLLLÓBNŽÌMÍMÎÌÍMLÎÍMŒÌÍMŒÌŒNKLLKLÎÌŒNKLL‹LŽÌŒNKLL‹LBNŽNÍÍŒMŽÌÌŒLNÌÌÌÌŒNKLL‹LMŽÌŒNKLL‹LŽÌŒNKLL‹L‚NŽÎÍNNÍÌÌŽÎLMNÍÍŒLÌÍÍŒLÌŒŒL‹LŒŽÌŒŒLËLŽÌŒŒLËLŒNŽMÌLÌLÍLÎÎLÍNMÎÍŒÎMÌŒÌÎÌŒNKLKLÌÌŒNKLLLNÌŒNKLLLLBNÌMÌMÎÌMMŒNÌNLŒŽÌNŒŒÌÌNŒŒÌŒNKLL‹LNÌŒNKLL‹LNÌŒNKLL‹LŒÂNÌNÍNÌMÌŽNÍÍŽLLŽÌNÌÌNÌŒŒLËLŒNÌŒŒLËLÌNÓBNÌŒŽÌŒNÌLMMŽÍŒNÌÎMŒÌÎMŒÌŒŒLKLŽÌŒŒL‹LÎÌŒŒL‹LBNÌÍÎÌŒLŒÎÍNNMÎÍLÌÍLÌŒNKLKLNÌŒNKLKLLÌŒNKLKLMÂNÌÌŽÍNNÌLNNÎLÍŽNÍŒÌÍŒÌŒNKLLNÌŒNKLLŒŽÓBNÍNÍŒNÍLŽMÍÎMÎÍÌÌÍÌÌŒNKLLKLÌÌŒNKLL‹LLNÌŒNKLL‹LNBNÍLÎÌŽNÍLÌÎÌÍŒNÌMMŒÌÌMMŒÌŒŒLKLŒÎÌŒŒLKLÎÌŒŒL‹LLNÍMÌLÎÍMŽNNÍNÌMLÌÌÌÌŒÌLÌŒÌŒNKLËLŒNÌŒNKLËLÌÌŒNKLLBNÍMÎÍÎÌMLÌÌÎÍŽÌÎNÌLÍÌÌLÍÌŒŒLËLNÓNÓBNÍNÌNÌLLÎÍŒMÍÎÍŒŒÌMÍŽÍLŒÌŒŒLËLMNÌŒŒLËLŒÎÓBNÍŽÌLÎÌLŽŒÌLLÍÎÍŒÌÍŒÌŒNKLL‹LŽÌŒNKLL‹LÌNÌŒŒLKLNÍŽÍLŽÌÌMLÍLÍÍÍŽÌÎMÌÌÌÎMÌÌŒŒLKLNÌŒŒLKLŽNÌŒŒLKLÌBNÍŽNÍŽÌLŒÎNÍÌLÌÍÌLÌŒŒL‹LÎÌŒŒLËLNÌŒŒLËLÂNÍÌNÍMÌŒÎÍÌÍÎÍÌÍÌŒŒLKLMÎÌŒŒLKLŒŽÌŒŒLKLBNÍÌŽÌÎÌLMŒÌŽÌÍÌÍŽÌÌÌÌŒNKLËLŽÌŒNKLËLNÌŒNKLËLNBNÎÎÌÍÎÌMMLÍÍLNNÌÍŒÌÌÍŒÌŒNKLLKLNÌŒNKLL‹LÌŒNKLL‹LMBNÎÌLŽÍÌNÌŒÍŽÌNÌÌNÌŒNKLL‹LNNÌŒNKLL‹LŒŽÌŒNKLL‹LÌBNÎŽÌNNÌMMNNÌNLÎÍLŒÌÍLŒÌŒNKLL‹LLÎÓNÓBNÎLNÌMNÌLÌÌŒŽÌÍMLÎÍÍLÌÍÍLÌŒŒLKLÌŒŒLKLŽÌŒŒL‹LNÎLÎÍŽÌMNÍLÌÌÌLLÌÌLLÌŒNKLLKLMŽÌŒNKLLKLMÎÌŒNKLLKLNBNÎNÌNNÌLMÌLÍMŽÍÌÍÌŒNKLLKLLÎÌŒNKLLKLÌŒNKLLKLNNÍÍMŒÎMÎMŽÍLÌÍLÌŒŒLKLLŽÌŒŒLKLŒŽÌŒŒLKLŽBNLÌMÎÎLÍÎÍMMNÌÎÌÌÎÌŒŒLLÎÌŒŒLKLÌŒŒLKLBNMNÌÌÌLMÍMŒLÌNÎÌLLŒÍÌMÌŒÌŒŒLËLÌNÌŒŒLLNÌŒŒLLNBNMÎÍÌLNÌÌÍÍLÌÍLÌŒŒLLLÎÌŒŒLLŒÌŒŒLLŒ‚NNÌMŽÌMÌÎMÎÌLÌMÍMLÌŒÍLÌŒŒLKLŒNÌŒŒLKLÌÓBNÌŽÌMNÌLÍÎLŽÌÍNLŒÌÍNLŒÌŒŒLKLÌNÌŒŒL‹LÌŒŒL‹LNÎÌLŽÎMMÌÍÌLÍÌÌÍÌÌŒŒL‹LNNÌŒŒLËLNÌŒŒLËLL‚NNÌŒNÎMMNÎLÌÌNNLÌÌNNLÌŒŒLKLŽÌŒŒLKLLŽÌŒŒLKLNNÎÌMNÌÍŒŒŽÌLŽÌÍLŒÌÌÌÍLŒÌÌŒŒL‹LŒÎÌŒŒL‹LÎÌŒŒLËL‚NLÌŽÌMŽNÎÍÍÍÌÎÎÍŒÌÎÍŒÌŒNKLL‹LÎÌŒŒLKLÌŒŒLKLBNMÌMÎÎLÎÍŽNÌŽMNÌÌŽMNÌŒŒLKLŒŽÌŒŒLKLŒÎÌŒŒLKLÂNNÍÌLÌNÌMNMÎÌÌŒÌÌÌÌŒÌÌŒNKLKLNÌŒNKLKLŒNÌŒNKLKLŽNŒÍNÎNÌÌŒŒŽÌŒMNLÌŒÌÌNLŽŒÌŒŒLKLMNÌŒŒLKLŒNÌŒŒLKLÌBNÌNÍMNÍLNÍLÌNNÍŒÌÍŒÌŒNKLLKLÌŒNKLLKLNNÌŒNKLLKLNÎÌLÎNÍMŽMŽÌMÌÌMÌŒNKLLLNÌŒNKLLLNNÌŒNKLLLŽNÌŽNÍLÍNÍÎLNÌMÍÍŒÌÌMÍÍŒÌŒŒLLÎÌŒŒLLŽNÌŒŒLLŽBNŽÌŒŽÍÍÌŽÌÍLÎLŽÌŽÌÌŽÌŒŒLËLŽÌŒŒLLŽÌŒŒLLLNÌÎÌLLNÎÎLŽÍÌÍÌŒNKLLŒNÌŒNKLKLŽÌŒNKLKL‚NŽÎÌLMÎÍŒÌÍÍŽÌÍŽÌŒNKLLLÌŒNKLLLÌÌŒNKLLKLLBNLNÌÍŽÍÌMÍŽÌLÍMNÍÌÍÌÌÍÌÍÌÌŒŒLKLMŽÌŒŒLKLÌÌŒŒL‹LÂNLŒÎÍNÌMMÍNÍÍNÌÌÌŒŒÌÌÌÌŒŒÌŒNKLLKLŒÎÌŒNKLLKLŽÌŒNKLLKLŽBNLŽÌÍÎÌMÍÍÍÍMNÎÌLŒÍŒÌÌLŒÍŒÌŒŒLKLÌÌŒŒLKLÌNÌŒŒL‹LNLŽNÍÍÌÎÍLÎÍŽÌŒÌÌŒÌŒNKLLKLLŽÓNÓBNLÌŽÌÎÌÍMLŽÎLMÍÌŽÍÌÌÍÌÌŒŒLËLÎÌŒŒLLÌŒŒLLNBNLÍÌÌÍÎÎMÍÎÍNMLÌÍNMLÌŒNKLËLNÌŒNKLLNÌŒNKLL‚NLÍÎÎNÍLÌÎNÍMŒNÍŽŒÍÍŒÌŒŒLKLÎÌŒŒL‹LŽÌŒŒL‹LLNMÎNÍÍMNÍÍLMÍÌŒŒÌÌŒŒÌŒŒLLÎÌŒŒLLMÌŒŒLLM‚NMÎÍÎÌMNNÍÌLMLÌLMLÌÌLMLÌŒNKLLKLMÎÌŒNKLLKLNÌŒNKLLKLŒ‚NMÍŽÌMÎLŒÌÌÎÎNÌLÎÌÌLÎÌŒŒLKLMNÌŒŒLKLŒÎÌŒŒLKLBNMLÍMNÌLÌNÍLLÌÌŽÌNLŒÌÌNLŒÌŒNKLLKLŒŽÓNÓBNMLŽÌÌNÎNÍÌÍNÍÌÌÍÌÌŒNKLKLÌŒNKLLLÎÌŒNKLLLBNMLÎÌÌÌLMLŽÍMMLÍMÎLÌÍLŒÌŒNKLL‹LÎÌŒNKLL‹LLŽÌŒNKLL‹LŒÂNMNNÍNÌLLÎÌLÎNŽÌLÎMÌÌLÎMÌŒNKLLLÌNÌŒNKLLKLŽÌŒNKLLKLNMÎÎNÍLLMÍÌMÎÍŒMŒÌÍŒMŒÌŒNKLL‹LMNÌŒNKLL‹LŽÌŒŒLKLBNMÌÍNÍÍÌŽÍŒMLNÌMLÌMMÍLÌMLLÌŒŒL‹LMŽÌŒŒL‹LŒÎÌŒŒL‹LÂNMÌNÌÎÌÌMŽÌÍÍÌŽÍLÌÍLÌŒNKLL‹LNNÌŒNKLL‹LŽÌŒŒLKLÂNMÍÌLÌÍÍÌNÍŒÍNNÎLLÌÎLLÌŒŒLËLŽNÌŒŒLLLNÌŒŒLLNBNMÍNÌÎÌLNNÌLLÎLLÌÎLLÌŒNKLL‹LLŽÌŒNKLL‹LMNÌŒNKLL‹LŒ‚NNÌLNÌLMMNÍNMÌÌLŒÌÌLŒÌŒNKLËLÎÌŒNKLËLLŽÌŒNKLËLNNÌLŽÎÍÍŽÌLÎMNÌNLLÌÌNLLÌŒŒLLŒNÌŒŒLLÎÌŒŒLLŽNNLŽÍÎÌMÍMÌÎÌLLÍÌÌÍÌÌŒŒLLÌŒŒLLŽÌŒŒLLŽNNLÎÍLÎÌLÌMÍÎÌÍÌŽÌLŒÌÌLŒÌŒNKLKLŒŽÌŒNKLLLNÌŒNKLLLBNŒNÍÌŒMMÎÍŽNÌÌÌÌŒŒLLŒNÌŒŒLLŽNÌŒŒLLÌNŒMNÎNÌÍÍÍNMNÌLÌŽÌÌLÌŽÌŒŒLKLMŽÌŒŒLKLŒÎÌŒŒL‹L‚NŒMŽÌÍŽÎMMÍNÌÍLÍÍÌŒÌLŒÍŽMÌŒNKLLKLNÌŒNKLL‹LNÌŒNKLL‹LLBNŒNÍNÎMÎNÎÍNMŽÍLÌÍLÌŒNKLLKLNÓNÓBNŒÍNÌLÌŽÌÌNLÍNLŒÌÍNLŒÌŒNKLL‹LŒNÌŒNKLL‹LÌNÌŒNKLL‹LÌBNŒŽNÍŽÌLNMÍLÎŽÍLÌÍLÌŒNKLKLÌŒNKLKLÌŒNKLKLŒ‚NŒÌÎÌMÎÌLŽLÎLLÍŒÌÍŒÌŒNKLL‹LŽÌŒNKLL‹LLNÌŒNKLL‹LM‚NŒÎNÍÍÌŽNÎMMŽNÌLÎŒÌÌLÎŒÌŒŒLLNÓNÓBNÎÌÍŽÍÍLŒŽÍLÎLÍŽÌŒŒÌÌÌŒŒÌÌŒŒLLÌÌŒŒLKLLÓBNLÎÌLÌMÌÌŽÎLNMŒŽÎLÌÎLÌŒŒL‹LÌŒŒL‹LNÌŒŒL‹LNBNMÌŒÎÍŒÎNÌNÍLŒÌÍLŒÌŒNKLLKLMÎÌŒNKLLKLŽNÌŒNKLL‹L‚NŽÌNÌLÌNÎLÌŒÎÍLÌÍLÌŒNKLL‹LÌŒNKLL‹LLÎÌŒNKLL‹LLÂNŽLŽÍNNÌÍMÎÌLÎÍŒÌÍŒÌŒNKLL‹LMŽÌŒNKLL‹LŽÌŒNKLL‹LŽBNŽMÌLŽÌLÎLŽÍMÍŒÎÌÌÌÌÌÌÌÌŒNKLLKLŽÌŒNKLL‹LÌŒNKLL‹LNŽMÎÌLNÌMŒÎÌÍÌÎMÌÌÎMÌÌŒŒLKLMÓNÓBNŽNÍNNÌLNLNÌMÌMŒLÌMŒLÌMŒLÌŒŒL‹LŽÌŒŒLËLŽÌŒŒLËL‚NÌNÍŽÍMLÎÌŒŽNLÎÍÌÎÍÌŒŒLKLŒNÌŒŒLKLŒÎÌŒŒL‹LBNÌŽÍÎÍÌNÎÌNÌÎÌÌÎÌŒŒLKLŒŽÌŒŒL‹LNÌŒŒL‹LLNÌŒÎÍŒÌMÌÎÎÎÎÌÌÌÌŒNKLLLMNÌŒNKLLLŽNÌŒNKLLKLL‚NÌNÍŽÌLÎNÍÌLLNNÌLLÌÌLLÌŒŒLLÌŒŒLLNÌŒŒLLŒBNÌÍNÌŒÎMŽÌÍMNÌÍŒÌÌÍŒÌŒNKLKLŽÌŒNKLKLŽÌŒNKLKLMÂNÌÎÍÎMÎÎŽÌLMŒÌÌLMŒÌŒŒLLMNÌŒŒLLNNÌŒŒLLÌNÍLÌŽÌLMNÌLÌLMÎLÌLLÍLÌŒŒLLLÎÌŒŒLLŒÎÌŒŒLKLÂNÍMÍMNÎNLÎÌLÍÍLNÌÎMÌÌÎMÌŒŒLLMÎÌŒŒLKLNÌŒŒLKLBNÍMŽÎÍMÍÎÌMÎÌŒÎLÌÌŒÎLÌŒŒLLŽNÓNÓBNÍÌŽNÎLLŽÌLÌMÌMÌÌÌMÌMÌÌŒŒLKLMŽÌŒŒLKLŒŽÌŒŒLKLNÍŽÌŒÎNNÎLŒÌŒMÌÌÌŒMÌÌŒŒLLÎÌŒŒLLMŽÌŒŒLLŒNÍÌŽÌÎÍÎNÌÍŒŒŒNÍÎÌÍÎÌŒŒLLŽÌŒŒLLÌŒŒLLMNÍÌÎÍŒNÌLŒŒÌÍŽÌÎŒÌÌÎŒÌŒŒLËLŽNÌŒŒLLÌŒŒLLM‚NÎÎÍNÌMÍMNÌMMÎÌLÌÌLÌŒNKLËLÌŒNKLËLMNÌŒNKLËLMB