order_detail_id;order_id;product_id;price;quantity
5;3;907;25000;36
9;5;562;10000;22
15;8;645;39000;32
48;19;287;22000;12
49;19;201;26000;27
50;19;348;3000;36
86;31;581;11000;23
90;33;1045;20000;8
98;36;240;6000;26
127;48;554;6000;4
157;58;231;7000;29
158;58;1120;35000;13
159;58;846;5000;13
160;58;846;5000;13
192;67;155;79000;19
193;67;464;91000;26
194;67;464;91000;26
213;72;862;27000;10
214;73;378;7000;14
215;73;568;27000;1
248;83;394;3000;20
249;83;394;3000;20
263;87;441;11000;7
264;87;441;11000;7
265;87;659;59000;20
319;103;747;22000;26
320;103;835;5000;11
321;103;835;5000;11
322;103;1049;33000;42
323;103;386;6000;8
324;104;996;170000;14
325;104;261;10000;19
326;104;261;10000;19
327;105;217;14000;18
328;105;217;14000;18
334;107;121;149000;32
335;107;229;6000;5
347;110;876;19000;14
348;110;740;38000;15
389;122;427;3000;14
390;122;427;3000;14
391;122;991;14000;23
408;129;827;3000;24
428;135;98;130000;19
429;135;98;130000;19
430;135;335;6000;36
486;151;702;100000;5
487;151;1076;63000;32
488;151;203;13000;39
489;152;959;12000;8
490;152;959;12000;8
497;155;634;72000;6
498;155;634;72000;6
506;157;548;34000;34
599;180;8;100000;3
620;186;920;22000;22
622;188;44;99000;37
623;188;180;10000;6
624;188;180;10000;6
625;188;731;26000;29
633;192;973;16000;34
649;198;1143;35000;20
650;198;1143;35000;20
690;208;488;11000;38
691;208;294;19000;23
767;231;400;4000;13
768;231;162;54000;5
781;235;17;120000;30
782;235;17;120000;30
783;235;584;165000;20
784;235;963;19000;8
788;237;1106;19000;42
789;237;779;13000;10
790;237;996;170000;21
807;242;1118;53000;30
808;242;106;75000;13
809;243;615;7000;4
825;248;240;6000;12
853;259;550;12000;31
854;259;479;15000;21
855;259;436;16000;33
856;259;436;16000;33
857;259;169;133000;2
858;259;203;13000;6
859;259;506;11000;8
860;259;398;3000;3
861;259;787;7000;40
913;278;1075;33000;31
914;278;387;9000;3
915;278;1075;33000;31
916;278;387;9000;3
917;280;179;10000;31
918;280;446;13000;26
921;283;136;141000;20
922;283;1087;20000;8
923;283;745;19000;20
956;291;115;130000;5
957;291;1042;19000;1
958;291;652;41000;31
972;295;988;30000;25
973;295;988;30000;25
974;295;271;6000;7
993;302;361;2000;31
994;302;361;2000;31
995;302;910;28000;40
1005;305;1024;44000;27
1026;312;1028;7000;26
1051;320;1001;19000;3
1075;328;436;16000;14
1076;328;436;16000;14
1077;328;648;30000;24
1078;329;727;37000;22
1111;339;905;15000;38
1112;340;501;13000;30
1113;340;875;13000;39
1114;340;875;13000;39
1119;344;1000;19000;34
1141;350;560;15000;39
1142;350;560;15000;39
1143;351;859;19000;32
1144;351;859;19000;32
1145;351;165;48000;32
1162;354;364;12000;38
1163;354;364;12000;38
1164;354;580;11000;33
1177;359;121;149000;40
1178;359;121;149000;40
1182;361;442;16000;11
1215;369;804;3000;1
1216;370;599;97000;17
1217;370;756;5000;30
1218;370;756;5000;30
1219;370;315;2000;2
1245;377;229;6000;7
1246;377;287;22000;23
1247;377;569;23000;31
1248;377;303;2000;29
1249;377;157;65000;3
1260;381;439;7000;24
1261;381;364;12000;18
1324;397;1063;13000;14
1364;407;215;23000;40
1386;413;423;5000;15
1387;413;349;3000;25
1402;418;1114;38000;25
1403;418;280;22000;9
1415;421;1090;45000;35
1430;426;518;27000;10
1431;426;928;14000;5
1447;431;973;16000;19
1448;431;973;16000;19
1449;431;358;2000;7
1450;431;109;139000;17
1454;434;657;87000;19
1455;434;325;4000;27
1456;434;805;20000;33
1457;434;746;41000;31
1458;434;325;4000;27
1459;434;805;20000;33
1460;434;746;41000;31
1501;449;804;3000;39
1507;451;699;101000;7
1508;451;970;27000;14
1509;451;717;230000;39
1574;466;83;44000;31
1575;466;83;44000;31
1576;467;304;2000;37
1577;467;304;2000;37
1578;467;718;285000;22
1584;470;532;11000;6
1630;485;852;6000;31
1631;485;1127;22000;38
1632;486;222;23000;41
1633;486;913;20000;40
1634;486;182;13000;9
1635;486;946;11000;34
1636;486;182;13000;9
1637;486;946;11000;34
1638;487;377;7000;13
1639;487;377;7000;13
1640;487;260;5000;20
1641;487;1130;19000;15
1682;501;809;3000;40
1683;502;792;9000;26
1684;502;437;13000;15
1685;502;269;6000;30
1686;504;886;22000;35
1716;512;74;35000;9
1717;512;74;35000;9
1718;512;353;2000;7
1719;512;483;21000;38
1720;512;1104;24000;40
1741;521;503;19000;11
1742;521;503;19000;11
1743;522;670;35000;41
1793;537;128;132000;19
1794;537;128;132000;19
1795;537;987;6000;15
1796;537;655;65000;34
1817;543;813;5000;7
1818;543;813;5000;7
1869;557;637;36000;40
1870;557;637;36000;40
1871;557;69;45000;28
1872;557;255;2000;41
1873;557;508;28000;40
1904;567;53;165000;39
1905;567;227;5000;21
1906;567;227;5000;21
1932;574;683;14000;19
1961;582;321;4000;40
1962;582;517;27000;7
1977;586;499;15000;14
1978;586;499;15000;14
1991;590;420;2000;40
1992;590;243;19000;7
1993;590;243;19000;7
2032;598;28;43000;25
2033;598;1141;22000;33
2034;598;997;43000;1
2035;598;28;43000;25
2036;598;1141;22000;33
2037;598;997;43000;1
2038;598;816;7000;26
2043;600;528;199000;42
2044;600;528;199000;42
2045;600;1145;40000;13
2046;600;162;54000;39
2165;625;360;2000;36
2214;638;1054;36000;11
2215;638;1054;36000;11
2216;639;47;99000;28
2217;639;301;6000;5
2218;639;301;6000;5
2219;639;1009;20000;25
2220;639;812;5000;2
2290;659;792;9000;38
2291;659;185;3000;4
2292;659;792;9000;38
2293;659;185;3000;4
2294;659;844;4000;25
2295;659;750;5000;41
2296;659;618;21000;36
2310;663;764;5000;14
2311;663;698;54000;22
2312;664;767;5000;41
2347;676;490;14000;18
2348;676;490;14000;18
2349;676;367;4000;30
2417;690;412;2000;34
2444;698;997;43000;16
2445;698;1074;33000;4
2446;698;293;8000;12
2447;698;293;8000;12
2448;698;871;14000;10
2449;698;136;141000;32
2473;704;1129;19000;41
2474;704;181;10000;9
2480;706;604;10000;38
2481;706;604;10000;38
2482;706;816;7000;35
2485;708;69;45000;18
2486;708;69;45000;18
2499;712;966;17000;16
2500;712;1044;20000;37
2501;712;302;7000;36
2502;712;1044;20000;37
2503;712;302;7000;36
2549;726;83;44000;22
2550;726;21;60000;17
2551;726;21;60000;17
2564;730;698;54000;3
2565;730;698;54000;3
2593;736;1126;31000;18
2594;736;781;5000;23
2595;736;641;130000;12
2615;742;1042;19000;16
2616;742;496;57000;40
2623;744;889;61000;5
2674;758;665;145000;18
2675;758;418;2000;1
2676;758;977;15000;19
2707;765;120;120000;23
2708;765;79;55000;26
2709;765;79;55000;26
2710;766;849;3000;10
2746;775;112;130000;8
2762;779;436;16000;6
2763;779;623;134000;10
2764;779;436;16000;6
2765;779;623;134000;10
2774;781;117;109000;31
2775;781;117;109000;31
2776;782;373;19000;33
2777;782;373;19000;33
2778;783;867;16000;16
2779;783;417;2000;2
2780;783;417;2000;2
2781;783;832;6000;12
2882;809;372;5000;12
2883;809;705;102000;29
2884;809;43;99000;25
2885;810;944;17000;33
2886;810;1029;7000;29
2890;814;511;18000;27
2891;814;511;18000;27
2892;815;995;63000;10
2893;815;1068;41000;20
2894;815;852;6000;32
2895;815;1068;41000;20
2896;815;852;6000;32
2897;816;652;41000;39
2898;816;652;41000;39
2899;816;1082;111000;4
2900;816;400;4000;41
2908;821;1056;15000;21
2911;823;94;44000;41
2921;827;843;6000;27
2922;827;805;20000;23
2923;827;843;6000;27
2924;827;805;20000;23
2925;827;655;65000;17
2958;838;15;89000;32
2979;844;509;28000;20
2980;844;509;28000;20
2981;844;1007;62000;18
2982;845;1098;68000;33
2983;846;311;12000;33
2984;846;301;6000;1
2985;846;301;6000;1
2986;846;353;2000;31
2987;846;953;20000;29
3009;852;597;165000;24
3010;852;498;8000;5
3011;852;498;8000;5
3031;857;816;7000;2
3032;857;943;28000;30
3033;857;943;28000;30
3076;865;255;2000;24
3077;865;245;7000;27
3106;874;464;91000;2
3107;874;464;91000;2
3108;874;199;13000;6
3109;874;106;75000;16
3110;875;37;125000;12
3111;875;882;14000;21
3112;875;546;20000;25
3113;875;307;2000;20
3114;875;296;31000;39
3115;875;324;4000;22
3116;875;882;14000;21
3117;875;546;20000;25
3118;875;307;2000;20
3119;875;296;31000;39
3120;875;324;4000;22
3121;876;440;14000;15
3122;876;593;139000;8
3123;876;593;139000;8
3124;877;797;4000;27
3189;895;372;5000;31
3190;895;677;39000;38
3191;895;45;99000;42
3192;895;677;39000;38
3193;895;45;99000;42
3194;895;781;5000;6
3204;898;958;12000;20
3205;899;367;4000;16
3206;899;180;10000;3
3207;899;750;5000;27
3232;906;567;27000;1
3233;906;970;27000;4
3234;906;876;19000;6
3235;906;1046;22000;31
3236;906;205;9000;29
3254;911;881;14000;28
3255;911;611;20000;37
3256;911;611;20000;37
3257;911;830;6000;29
3258;911;264;6000;19
3272;916;395;4000;11
3273;916;884;22000;41
3274;916;395;4000;11
3275;916;884;22000;41
3276;916;556;5000;20
3290;920;584;165000;10
3291;920;584;165000;10
3292;920;371;8000;24
3300;923;415;2000;30
3301;923;265;6000;40
3302;923;265;6000;40
3303;923;1109;47000;24
3331;931;553;33000;19
3332;931;553;33000;19
3333;931;927;5000;32
3344;934;544;26000;31
3345;934;955;48000;33
3364;939;331;5000;24
3365;939;331;5000;24
3383;948;398;3000;5
3384;948;755;4000;33
3385;948;755;4000;33
3468;968;441;11000;16
3474;970;1125;53000;26
3477;972;899;32000;16
3478;972;226;4000;3
3479;972;226;4000;3
3480;972;181;10000;37
3481;972;961;27000;29
3482;972;852;6000;16
3504;980;1129;19000;8
3535;992;1105;8000;19
3553;996;288;21000;21
3554;996;390;12000;29
3555;996;390;12000;29
3556;996;763;11000;11
3567;1001;174;79000;15
3568;1001;174;79000;15
3604;1014;413;3000;9
3605;1014;413;3000;9
3606;1014;778;6000;36
3612;1016;234;14000;20
3613;1016;273;19000;17
3614;1016;856;245000;9
3615;1016;324;4000;5
3616;1016;681;37000;18
3697;1042;944;17000;28
3698;1042;963;19000;40
3699;1042;282;16000;25
3700;1042;843;6000;26
3701;1042;963;19000;40
3702;1042;282;16000;25
3703;1042;843;6000;26
3704;1042;736;23000;8
3707;1044;786;7000;25
3708;1044;540;14000;34
3713;1046;860;45000;33
3714;1046;715;110000;30
3716;1048;138;24000;8
3768;1064;1071;26000;11
3769;1065;704;94000;9
3770;1065;704;94000;9
3771;1065;1090;45000;19
3794;1075;812;5000;39
3840;1087;23;86000;1
3851;1090;693;60000;24
3852;1090;445;12000;15
3903;1103;952;98000;5
3904;1103;944;17000;40
3952;1117;1111;49000;17
4012;1134;689;35000;23
4013;1135;460;9000;36
4014;1135;460;9000;36
4023;1138;43;99000;13
4081;1153;558;28000;34
4082;1153;851;3000;25
4083;1153;586;95000;37
4084;1153;381;4000;15
4093;1157;453;22000;30
4094;1157;847;8000;29
4095;1157;76;45000;26
4139;1166;23;86000;21
4140;1166;516;28000;41
4173;1174;348;3000;26
4174;1174;773;4000;16
4175;1175;532;11000;42
4180;1177;424;3000;31
4181;1177;424;3000;31
4182;1177;992;14000;21
4183;1177;450;16000;11
4184;1177;756;5000;24
4222;1187;908;26000;9
4223;1187;771;6000;14
4224;1187;550;12000;4
4225;1187;771;6000;14
4226;1187;550;12000;4
4227;1187;738;33000;26
4307;1204;284;13000;14
4308;1204;231;7000;42
4309;1205;465;15000;35
4310;1205;528;199000;26
4338;1213;145;48000;13
4339;1213;145;48000;13
4355;1219;1131;19000;3
4356;1219;615;7000;39
4357;1219;615;7000;39
4358;1219;637;36000;3
4359;1220;832;6000;26
4360;1220;857;14000;4
4361;1220;805;20000;8
4377;1224;608;18000;25
4398;1230;496;57000;21
4432;1239;606;41000;3
4433;1239;162;54000;6
4434;1240;889;61000;11
4435;1240;791;6000;11
4436;1240;791;6000;11
4437;1240;983;28000;18
4514;1263;897;32000;3
4515;1263;831;6000;40
4545;1272;372;5000;26
4546;1272;415;2000;28
4547;1272;372;5000;26
4548;1272;415;2000;28
4549;1272;869;24000;38
4550;1272;965;17000;27
4566;1276;566;11000;11
4567;1276;566;11000;11
4568;1277;1099;51000;12
4569;1277;1099;51000;12
4645;1299;1133;20000;29
4646;1299;818;6000;6
4647;1300;134;147000;10
4648;1300;604;10000;30
4649;1300;604;10000;30
4650;1300;396;5000;23
4651;1300;58;100000;18
4652;1301;693;60000;16
4673;1306;360;2000;16
4674;1306;386;6000;7
4679;1308;1134;20000;26
4680;1308;66;2000;31
4681;1308;583;10000;2
4682;1308;583;10000;2
4683;1308;397;3000;9
4684;1308;993;24000;24
4690;1311;280;22000;37
4691;1311;280;22000;37
4692;1311;477;16000;26
4693;1313;297;6000;30
4694;1313;560;15000;17
4695;1313;560;15000;17
4727;1326;939;28000;36
4757;1333;879;8000;6
4758;1333;879;8000;6
4759;1333;644;36000;42
4793;1343;192;12000;31
4794;1343;823;13000;40
4806;1347;636;33000;4
4807;1347;636;33000;4
4811;1349;976;28000;33
4812;1349;994;6000;9
4822;1352;965;17000;38
4823;1353;756;5000;28
4824;1353;756;5000;28
4825;1353;649;30000;6
4830;1355;592;95000;40
4831;1356;1139;8000;33
4832;1356;479;15000;9
4833;1356;535;19000;41
4837;1358;122;148000;35
4838;1358;212;9000;24
4880;1371;20;60000;6
4892;1376;188;11000;4
4893;1376;188;11000;4
4921;1384;185;3000;29
4922;1384;185;3000;29
4923;1384;168;38000;14
4924;1384;541;22000;16
4948;1392;411;3000;3
4949;1392;835;5000;34
4950;1392;827;3000;14
4951;1392;38;200000;10
4952;1392;411;3000;3
4953;1392;835;5000;34
4954;1392;827;3000;14
4955;1392;38;200000;10
4956;1392;542;10000;4
4957;1392;71;45000;35
4958;1392;431;8000;1
4962;1394;405;22000;17
4963;1394;925;17000;27
4964;1394;437;13000;42
4990;1401;104;75000;12
4991;1401;104;75000;12
4992;1401;591;125000;13
4993;1402;22;72000;26
5049;1417;695;104000;13
5074;1426;677;39000;32
5085;1429;752;7000;3
5091;1431;207;6000;25
5092;1431;874;13000;6
5127;1441;1074;33000;18
5128;1441;240;6000;19
5129;1441;373;19000;2
5130;1441;394;3000;19
5167;1454;764;5000;31
5168;1454;764;5000;31
5169;1454;1034;17000;20
5185;1458;260;5000;23
5199;1463;762;11000;24
5200;1463;762;11000;24
5201;1463;193;10000;29
5202;1463;766;5000;29
5212;1466;183;3000;34
5213;1466;206;13000;38
5214;1466;604;10000;13
5215;1466;206;13000;38
5216;1466;604;10000;13
5217;1467;112;130000;6
5237;1472;242;7000;23
5238;1472;1139;8000;13
5239;1472;14;99000;6
5240;1472;941;28000;23
5241;1472;363;2000;37
5242;1472;941;28000;23
5243;1472;363;2000;37
5244;1472;61;100000;6
5280;1483;823;13000;3
5281;1483;823;13000;3
5307;1491;286;9000;23
5308;1491;669;37000;22
5309;1492;1089;45000;14
5310;1492;166;71000;28
5311;1492;202;10000;11
5312;1492;585;365000;12
5313;1492;98;130000;31
5314;1493;835;5000;9
5315;1493;835;5000;9
5330;1499;562;10000;37
5346;1505;237;6000;31
5350;1507;1139;8000;34
5351;1507;1139;8000;34
5352;1507;169;133000;6
5353;1507;612;7000;5
5354;1507;695;104000;19
5355;1508;10;90000;6
5356;1508;541;22000;16
5357;1508;437;13000;21
5409;1522;826;4000;3
5410;1522;711;80000;5
5453;1532;1127;22000;39
5470;1537;758;3000;4
5493;1543;112;130000;36
5553;1558;912;32000;37
5576;1566;427;3000;40
5594;1573;514;11000;29
5595;1573;1131;19000;8
5674;1591;1077;13000;20
5680;1595;686;39000;34
5688;1597;1061;10000;19
5689;1597;1061;10000;19
5711;1603;39;225000;18
5712;1603;9;80000;14
5723;1608;7;120000;36
5724;1608;783;6000;34
5725;1608;783;6000;34
5726;1608;506;11000;11
5759;1617;14;99000;24
5760;1617;905;15000;21
5761;1617;905;15000;21
5762;1618;505;19000;22
5763;1619;51;75000;3
5764;1619;535;19000;21
5765;1619;535;19000;21
5767;1622;890;22000;17
5777;1625;706;52000;11
5781;1629;534;12000;37
5791;1633;268;6000;42
5792;1633;987;6000;25
5793;1633;987;6000;25
5794;1633;976;28000;14
5795;1633;1113;49000;4
5842;1643;642;72000;35
5865;1649;556;5000;24
5874;1652;150;58000;17
5880;1654;847;8000;41
5881;1654;459;13000;31
5882;1655;487;43000;32
5883;1655;487;43000;32
5884;1655;279;22000;15
5902;1659;161;43000;6
5903;1659;592;95000;15
5904;1659;825;3000;31
5905;1659;592;95000;15
5906;1659;825;3000;31
5907;1659;217;14000;40
5908;1659;566;11000;9
5909;1659;349;3000;4
5910;1659;110;75000;22
5976;1675;916;20000;31
5977;1675;522;11000;37
5978;1675;916;20000;31
5979;1675;522;11000;37
6018;1686;779;13000;19
6075;1702;293;8000;20
6076;1702;58;100000;31
6091;1707;322;4000;42
6092;1707;160;61000;31
6102;1713;37;125000;39
6115;1716;1139;8000;18
6116;1716;1139;8000;18
6117;1716;752;7000;21
6118;1716;553;33000;34
6151;1727;908;26000;17
6157;1729;47;99000;21
6209;1741;34;125000;8
6218;1745;401;21000;12
6239;1751;795;4000;24
6240;1751;795;4000;24
6252;1755;253;10000;17
6253;1755;620;40000;35
6254;1755;620;40000;35
6255;1755;1016;36000;42
6258;1757;695;104000;29
6259;1757;695;104000;29
6269;1761;792;9000;28
6343;1785;1043;20000;40
6344;1785;1043;20000;40
6345;1785;665;145000;6
6363;1789;502;19000;7
6364;1790;190;4000;14
6365;1790;5;99000;38
6366;1790;883;19000;38
6367;1790;5;99000;38
6368;1790;883;19000;38
6369;1791;279;22000;25
6370;1791;279;22000;25
6392;1798;1133;20000;33
6393;1798;1127;22000;20
6406;1802;235;7000;32
6407;1802;35;200000;38
6415;1805;606;41000;8
6418;1807;927;5000;1
6419;1807;927;5000;1
6420;1807;984;48000;10
6437;1814;572;9000;5
6438;1814;341;3000;36
6439;1814;902;100000;26
6456;1817;1071;26000;32
6516;1832;444;4000;39
6531;1836;1053;36000;32
6533;1838;1105;8000;15
6534;1838;330;5000;19
6535;1838;330;5000;19
6539;1840;623;134000;34
6540;1840;476;13000;5
6541;1840;623;134000;34
6542;1840;476;13000;5
6543;1840;999;43000;11
6558;1845;936;44000;21
6712;1884;330;5000;38
6713;1884;330;5000;38
6732;1892;474;17000;40
6733;1892;212;9000;40
6734;1892;747;22000;31
6735;1892;149;63000;42
6821;1916;518;27000;34
6822;1916;518;27000;34
6912;1942;874;13000;5
6920;1944;909;22000;21
6921;1944;519;13000;1
6922;1944;909;22000;21
6923;1944;519;13000;1
6948;1950;90;39000;28
6949;1950;923;9000;33
6950;1951;203;13000;18
6951;1951;297;6000;2
6952;1951;203;13000;18
6953;1951;297;6000;2
6954;1951;669;37000;25
6955;1954;1014;15000;15
6956;1955;137;150000;13
6957;1955;635;30000;37
6978;1961;370;4000;34
6986;1965;945;28000;37
6987;1966;618;21000;18
6995;1970;1037;39000;29
6996;1970;1037;39000;29
6997;1970;783;6000;28
6998;1970;928;14000;11
7010;1975;293;8000;13
7039;1983;999;43000;39
7040;1983;608;18000;4
7041;1983;999;43000;39
7042;1983;608;18000;4
7043;1983;389;6000;21
7078;1992;546;20000;37
7079;1992;522;11000;8
7080;1992;195;27000;25
7081;1992;522;11000;8
7082;1992;195;27000;25
7083;1992;870;14000;28
7093;1994;858;19000;19
7094;1994;858;19000;19
7095;1995;163;49000;6
7096;1995;617;19000;16
7108;1998;471;17000;7
7138;2006;369;8000;2
7139;2006;418;2000;16
7140;2006;581;11000;36
7163;2013;1048;59000;41
7164;2013;1048;59000;41
7165;2013;262;7000;9
7185;2018;141;38000;41
7237;2039;929;17000;40
7238;2039;425;3000;9
7239;2039;425;3000;9
7240;2039;900;100000;40
7244;2041;365;2000;36
7259;2048;487;43000;21
7260;2048;1079;53000;34
7261;2048;1079;53000;34
7272;2051;586;95000;12
7273;2051;10;90000;23
7274;2051;268;6000;36
7280;2053;1007;62000;11
7281;2053;1007;62000;11
7282;2053;50;125000;36
7305;2060;784;6000;34
7306;2060;1041;30000;23
7307;2060;241;3000;16
7322;2064;592;95000;41
7323;2064;861;9000;3
7324;2064;861;9000;3
7325;2064;1136;107000;5
7385;2078;1103;9000;35
7403;2088;597;165000;33
7404;2088;597;165000;33
7464;2102;1019;36000;18
7465;2103;1104;24000;31
7466;2103;1104;24000;31
7488;2109;122;148000;17
7489;2109;122;148000;17
7500;2112;863;14000;4
7501;2112;738;33000;41
7502;2112;863;14000;4
7503;2112;738;33000;41
7549;2126;157;65000;9
7550;2126;1113;49000;16
7551;2126;157;65000;9
7552;2126;1113;49000;16
7563;2130;35;200000;28
7579;2135;583;10000;16
7580;2135;583;10000;16
7581;2135;183;3000;30
7582;2135;773;4000;28
7605;2142;143;63000;18
7606;2142;143;63000;18
7607;2142;251;5000;36
7628;2148;1030;20000;9
7629;2148;1091;100000;37
7630;2148;93;49000;20
7631;2149;97;149000;15
7632;2149;195;27000;37
7633;2149;97;149000;15
7634;2149;195;27000;37
7639;2152;908;26000;25
7640;2152;751;5000;9
7641;2152;84;44000;39
7642;2152;84;44000;39
7674;2162;980;23000;35
7675;2163;410;3000;23
7698;2170;601;20000;20
7699;2170;601;20000;20
7700;2170;712;38000;7
7701;2170;550;12000;38
7741;2180;894;24000;38
7742;2180;894;24000;38
7749;2184;479;15000;36
7784;2194;506;11000;23
7785;2194;986;27000;5
7786;2195;634;72000;13
7787;2195;99;85000;32
7791;2198;306;2000;12
7792;2198;494;15000;33
7793;2198;977;15000;1
7794;2198;494;15000;33
7795;2198;977;15000;1
7802;2201;952;98000;14
7803;2201;420;2000;23
7823;2207;222;23000;35
7841;2212;943;28000;33
7849;2215;623;134000;23
7850;2215;20;60000;41
7851;2215;343;4000;24
7852;2215;170;132000;33
7853;2215;705;102000;30
7854;2215;705;102000;30
7855;2215;812;5000;12
7888;2224;264;6000;25
7889;2224;53;165000;1
7890;2224;1028;7000;36
7891;2224;355;2000;40
7901;2228;674;26000;41
7935;2239;340;3000;40
7936;2239;340;3000;40
7944;2244;839;8000;8
7945;2244;977;15000;26
7946;2244;360;2000;27
7947;2244;848;3000;6
7948;2244;360;2000;27
7949;2244;848;3000;6
7950;2244;472;12000;4
7965;2249;960;27000;37
7966;2249;960;27000;37
7967;2249;391;12000;39
7968;2249;259;4000;10
7969;2249;1054;36000;41
7970;2249;226;4000;19
7971;2249;152;63000;42
7972;2250;156;42000;42
7973;2250;440;14000;17
7974;2250;156;42000;42
7975;2250;440;14000;17
7976;2251;874;13000;33
7977;2251;47;99000;39
7978;2251;473;7000;8
7979;2251;963;19000;37
7987;2254;19;85000;19
8056;2272;104;75000;27
8057;2272;104;75000;27
8058;2272;350;2000;42
8059;2272;993;24000;2
8072;2276;754;4000;15
8073;2276;10;90000;36
8074;2276;555;11000;21
8079;2278;870;14000;28
8080;2278;711;80000;42
8100;2284;402;8000;23
8101;2284;402;8000;23
8107;2287;1069;15000;41
8108;2288;878;8000;28
8109;2288;799;6000;34
8110;2288;878;8000;28
8111;2288;799;6000;34
8112;2288;283;13000;16
8119;2291;1115;25000;17
8141;2298;1017;36000;13
8142;2298;314;2000;18
8143;2298;736;23000;13
8144;2298;527;39000;21
8145;2298;1017;36000;13
8146;2298;314;2000;18
8147;2298;736;23000;13
8148;2298;527;39000;21
8173;2307;555;11000;5
8207;2316;541;22000;27
8214;2319;1073;15000;29
8216;2321;232;20000;8
8217;2321;628;56000;32
8218;2321;628;56000;32
8219;2321;585;365000;29
8246;2329;903;22000;26
8247;2329;686;39000;41
8248;2329;903;22000;26
8249;2329;686;39000;41
8250;2330;82;49000;21
8251;2330;295;22000;24
8252;2330;295;22000;24
8253;2330;1126;31000;14
8254;2330;665;145000;32
8264;2333;1105;8000;27
8265;2333;276;11000;12
8266;2334;970;27000;36
8277;2338;223;4000;4
8285;2342;237;6000;3
8286;2342;496;57000;20
8292;2344;683;14000;13
8293;2344;624;12000;12
8294;2344;578;22000;5
8331;2355;422;5000;32
8332;2355;422;5000;32
8333;2357;500;23000;35
8340;2359;13;85000;18
8341;2360;292;11000;28
8342;2360;973;16000;13
8343;2360;973;16000;13
8344;2360;991;14000;42
8345;2360;771;6000;14
8368;2368;150;58000;5
8369;2368;984;48000;29
8370;2369;1053;36000;22
8371;2369;874;13000;3
8396;2376;1014;15000;38
8397;2376;1014;15000;38
8410;2379;543;10000;27
8411;2379;543;10000;27
8419;2382;566;11000;29
8420;2382;566;11000;29
8421;2382;783;6000;29
8428;2384;638;92000;11
8458;2394;44;99000;4
8459;2394;731;26000;8
8460;2394;731;26000;8
8461;2394;572;9000;18
8576;2423;194;30000;11
8577;2423;896;35000;18
8578;2423;606;41000;26
8624;2438;614;55000;5
8625;2438;50;125000;5
8626;2438;50;125000;5
8627;2438;1109;47000;5
8628;2438;221;62000;15
8629;2438;903;22000;21
8630;2438;316;2000;9
8631;2438;149;63000;38
8648;2442;372;5000;40
8649;2442;372;5000;40
8650;2442;693;60000;40
8654;2444;1070;26000;22
8664;2447;612;7000;36
8674;2452;759;5000;14
8675;2452;759;5000;14
8697;2457;23;86000;21
8765;2474;136;141000;20
8776;2478;619;21000;40
8777;2479;835;5000;23
8778;2479;550;12000;5
8779;2480;212;9000;14
8815;2490;152;63000;23
8816;2490;152;63000;23
8817;2490;1036;40000;30
8834;2496;409;3000;21
8835;2496;229;6000;28
8836;2496;409;3000;21
8837;2496;229;6000;28
8838;2497;443;14000;19
8856;2503;57;67000;28
8863;2505;1130;19000;37
8866;2507;68;45000;42
8867;2507;68;45000;42
8873;2510;710;150000;37
8899;2520;325;4000;15
8900;2520;81;47000;33
8901;2520;606;41000;7
8986;2537;615;7000;11
9003;2543;107;130000;40
9006;2545;493;6000;9
9007;2545;122;148000;39
9008;2545;493;6000;9
9009;2545;122;148000;39
9010;2545;460;9000;22
9047;2556;431;8000;17
9048;2556;431;8000;17
9059;2561;587;125000;27
9084;2568;456;9000;1
9085;2568;723;125000;17
9086;2568;723;125000;17
9115;2577;963;19000;13
9133;2584;455;15000;2
9134;2584;250;6000;11
9135;2584;469;8000;21
9136;2584;1143;35000;4
9137;2586;1059;18000;15
9138;2586;809;3000;13
9139;2586;830;6000;15
9140;2586;863;14000;2
9141;2586;809;3000;13
9142;2586;830;6000;15
9143;2586;863;14000;2
9144;2586;977;15000;42
9189;2600;562;10000;8
9190;2600;670;35000;20
9191;2600;40;200000;8
9192;2600;670;35000;20
9193;2600;40;200000;8
9194;2600;880;8000;1
9195;2600;908;26000;18
9196;2600;616;121000;33
9228;2609;565;23000;14
9234;2612;1059;18000;16
9235;2612;1047;22000;17
9287;2626;1060;18000;36
9360;2644;645;39000;7
9361;2645;377;7000;11
9362;2645;333;2000;39
9363;2645;333;2000;39
9364;2645;943;28000;24
9365;2645;316;2000;29
9453;2670;251;5000;17
9454;2670;251;5000;17
9469;2675;829;7000;21
9470;2675;829;7000;21
9531;2692;255;2000;38
9532;2692;844;4000;19
9545;2695;793;5000;5
9546;2695;793;5000;5
9547;2695;1144;54000;9
9612;2716;691;5000;18
9613;2716;657;87000;30
9614;2716;220;24000;8
9639;2723;73;45000;40
9640;2723;73;45000;40
9641;2723;772;4000;11
9650;2726;450;16000;42
9651;2726;450;16000;42
9668;2732;1075;33000;5
9669;2732;1075;33000;5
9670;2732;210;4000;11
9695;2742;548;34000;15
9696;2743;128;132000;40
9713;2748;273;19000;8
9731;2755;744;8000;41
9732;2755;212;9000;9
9737;2757;1101;51000;34
9775;2766;1028;7000;29
9776;2766;129;131000;26
9780;2768;625;51000;26
9781;2768;625;51000;26
9830;2783;810;6000;24
9835;2785;666;92000;25
9941;2811;255;2000;6
9942;2811;389;6000;1
9943;2811;49;99000;8
9944;2811;670;35000;12
9994;2824;24;72000;32
9995;2824;1004;152000;4
9996;2824;24;72000;32
9997;2824;1004;152000;4
9998;2824;973;16000;39
10005;2828;1141;22000;27
10006;2828;1139;8000;42
10007;2828;150;58000;4
10008;2829;561;15000;40
10009;2830;156;42000;39
10010;2830;18;85000;18
10011;2830;405;22000;37
10024;2834;518;27000;40
10066;2843;311;12000;17
10067;2843;896;35000;34
10068;2843;311;12000;17
10069;2843;896;35000;34
10070;2843;904;22000;17
10087;2847;216;59000;34
10088;2847;262;7000;8
10151;2863;720;71000;26
10152;2863;720;71000;26
10156;2865;192;12000;4
10157;2865;469;8000;35
10179;2870;862;27000;22
10180;2870;527;39000;4
10181;2870;527;39000;4
10182;2870;850;3000;12
10213;2880;960;27000;13
10214;2880;229;6000;6
10215;2880;229;6000;6
10339;2911;1039;11000;6
10340;2911;478;7000;25
10341;2911;517;27000;12
10362;2916;832;6000;29
10407;2929;149;63000;35
10408;2929;149;63000;35
10554;2966;995;63000;41
10555;2966;479;15000;41
10556;2966;479;15000;41
10557;2966;178;141000;14
10558;2966;262;7000;31
10559;2967;477;16000;37
10560;2967;38;200000;27
10641;2984;942;17000;19
10651;2987;374;15000;39
10677;2997;397;3000;29
10678;2997;974;17000;33
10690;3000;983;28000;32
10733;3013;232;20000;35
10734;3013;232;20000;35
10735;3013;1090;45000;21
10745;3016;584;165000;29
10746;3016;478;7000;20
10755;3021;1030;20000;20
10756;3021;253;10000;42
10766;3024;837;5000;39
10767;3024;145;48000;33
10779;3028;905;15000;37
10780;3028;1057;60000;22
10839;3044;362;25000;3
10840;3044;362;25000;3
10915;3062;717;230000;21
10916;3062;133;150000;11
10917;3062;133;150000;11
10926;3066;835;5000;20
10927;3066;127;166000;42
10936;3070;155;79000;41
10937;3070;138;24000;27
10938;3071;576;31000;9
10939;3071;1013;18000;4
10983;3080;963;19000;6
11020;3094;553;33000;40
11024;3096;60;100000;40
11025;3097;1062;24000;13
11032;3099;241;3000;13
11033;3099;155;79000;28
11034;3099;329;4000;29
11035;3099;625;51000;19
11036;3099;262;7000;36
11056;3106;867;16000;23
11057;3106;636;33000;24
11142;3129;610;8000;22
11143;3129;657;87000;28
11176;3139;498;8000;30
11177;3139;901;100000;25
11218;3152;28;43000;13
11219;3152;758;3000;36
11221;3155;825;3000;40
11222;3155;16;110000;35
11223;3155;301;6000;9
11240;3159;6;120000;22
11241;3159;728;20000;28
11242;3159;728;20000;28
11243;3159;525;35000;32
11244;3160;814;5000;10
11245;3160;583;10000;27
11279;3168;547;7000;33
11280;3168;345;3000;29
11335;3183;24;72000;14
11336;3183;374;15000;42
11337;3183;374;15000;42
11338;3183;680;22000;22
11339;3183;1143;35000;4
11340;3183;71;45000;18
11371;3189;437;13000;36
11385;3192;1042;19000;35
11386;3192;130;164000;30
11387;3192;1042;19000;35
11388;3192;130;164000;30
11429;3203;810;6000;31
11444;3208;829;7000;30
11445;3209;17;120000;22
11446;3209;17;120000;22
11450;3211;793;5000;27
11451;3211;623;134000;34
11452;3211;793;5000;27
11453;3211;623;134000;34
11472;3216;638;92000;22
11473;3217;1118;53000;2
11474;3218;592;95000;5
11480;3220;2;100000;22
11481;3220;156;42000;17
11483;3222;190;4000;40
11484;3222;1026;20000;5
11485;3222;1026;20000;5
11486;3222;847;8000;13
11487;3222;1056;15000;24
11540;3236;581;11000;29
11574;3246;410;3000;34
11575;3246;527;39000;6
11576;3247;254;2000;39
11577;3247;439;7000;23
11586;3251;1037;39000;21
11587;3251;218;25000;3
11638;3265;724;125000;20
11639;3265;724;125000;20
11678;3277;317;2000;42
11679;3277;317;2000;42
11698;3284;1074;33000;24
11699;3284;561;15000;33
11700;3284;265;6000;4
11701;3284;265;6000;4
11702;3284;89;83000;32
11703;3284;485;43000;25
11704;3284;11;85000;29
11740;3295;344;4000;41
11741;3295;1120;35000;24
11745;3297;1;110000;36
11746;3297;308;2000;39
11747;3297;308;2000;39
11766;3304;196;11000;21
11767;3304;197;12000;41
11768;3304;232;20000;29
11769;3304;197;12000;41
11770;3304;232;20000;29
11771;3304;55;80000;38
11789;3308;110;75000;38
11808;3312;482;21000;34
11834;3318;116;75000;33
11835;3318;715;110000;4
11859;3325;445;12000;9
11860;3325;194;30000;7
11865;3327;694;45000;17
11885;3334;215;23000;29
11886;3334;215;23000;29
11887;3334;771;6000;17
11893;3336;96;149000;21
11894;3336;198;13000;11
11895;3336;412;2000;31
11896;3336;358;2000;27
11897;3337;391;12000;35
11898;3337;42;99000;37
11902;3339;332;2000;23
11903;3339;988;30000;32
11918;3343;636;33000;39
11919;3343;636;33000;39
11920;3343;770;6000;16
11985;3361;974;17000;7
11986;3361;974;17000;7
11987;3362;1097;68000;7
11988;3362;1097;68000;7
11989;3363;758;3000;30
11990;3363;257;4000;20
11991;3363;480;22000;31
12007;3368;180;10000;13
12008;3368;632;130000;17
12009;3368;180;10000;13
12010;3368;632;130000;17
12011;3369;454;15000;7
12012;3369;900;100000;42
12013;3369;900;100000;42
12014;3369;1121;35000;29
12015;3369;223;4000;25
12016;3370;610;8000;22
12031;3375;416;2000;2
12041;3380;56;65000;26
12042;3380;56;65000;26
12059;3384;985;28000;30
12067;3387;326;4000;1
12068;3387;374;15000;28
12069;3387;843;6000;42
12070;3387;374;15000;28
12071;3387;843;6000;42
12083;3391;143;63000;31
12084;3391;143;63000;31
12085;3392;82;49000;10
12086;3392;26;72000;16
12087;3392;82;49000;10
12088;3392;26;72000;16
12089;3392;534;12000;30
12090;3392;111;75000;18
12091;3392;154;38000;5
12099;3396;317;2000;34
12142;3408;412;2000;37
12143;3408;226;4000;18
12157;3414;716;185000;33
12158;3414;716;185000;33
12159;3414;648;30000;29
12160;3414;530;9000;42
12161;3415;825;3000;26
12162;3415;1037;39000;4
12163;3415;1037;39000;4
12164;3415;861;9000;25
12169;3417;1049;33000;29
12190;3423;525;35000;2
12191;3423;631;92000;30
12196;3425;255;2000;5
12197;3425;365;2000;19
12198;3425;255;2000;5
12199;3425;365;2000;19
12284;3443;441;11000;21
12285;3443;928;14000;7
12286;3443;441;11000;21
12287;3443;928;14000;7
12288;3443;968;18000;34
12308;3451;1034;17000;27
12309;3451;1034;17000;27
12324;3457;166;71000;42
12325;3457;166;71000;42
12337;3463;919;26000;31
12338;3463;919;26000;31
12339;3463;460;9000;6
12340;3463;1109;47000;28
12353;3467;664;140000;15
12354;3467;664;140000;15
12381;3477;175;79000;9
12382;3477;459;13000;25
12404;3488;161;43000;8
12411;3490;266;6000;20
12412;3490;475;13000;30
12425;3494;222;23000;30
12426;3494;222;23000;30
12444;3501;754;4000;16
12445;3501;596;295000;14
12446;3501;596;295000;14
12447;3501;267;6000;28
12460;3505;324;4000;34
12461;3505;418;2000;36
12479;3509;56;65000;40
12480;3509;108;120000;26
12481;3509;56;65000;40
12482;3509;108;120000;26
12483;3509;631;92000;3
12533;3524;534;12000;2
12534;3524;345;3000;14
12535;3524;896;35000;8
12562;3531;184;3000;1
12563;3531;184;3000;1
12564;3531;317;2000;18
12636;3551;875;13000;22
12637;3551;903;22000;28
12638;3551;507;13000;4
12639;3551;507;13000;4
12640;3552;254;2000;21
12645;3554;130;164000;28
12646;3554;1094;99000;42
12647;3554;130;164000;28
12648;3554;1094;99000;42
12662;3559;664;140000;42
12663;3559;181;10000;35
12690;3566;904;22000;32
12691;3566;330;5000;4
12708;3570;590;305000;16
12709;3570;590;305000;16
12710;3570;866;25000;6
12711;3570;483;21000;33
12766;3582;188;11000;40
12773;3586;1033;32000;20
12785;3590;316;2000;15
12786;3590;38;200000;38
12792;3593;816;7000;19
12793;3593;640;92000;32
12794;3594;582;10000;38
12795;3594;582;10000;38
12796;3595;773;4000;33
12797;3595;570;15000;34
12798;3595;773;4000;33
12799;3595;570;15000;34
12800;3595;720;71000;14
12840;3603;450;16000;2
12870;3611;872;14000;7
12871;3611;807;3000;16
12872;3611;807;3000;16
12878;3614;283;13000;13
12922;3626;83;44000;40
12940;3630;221;62000;36
12943;3632;135;139000;6
12944;3632;251;5000;6
12966;3638;595;57000;21
12967;3638;595;57000;21
12968;3638;1046;22000;42
12969;3638;619;21000;16
12970;3638;1087;20000;10
12992;3646;9;80000;32
12993;3646;401;21000;1
12997;3648;983;28000;11
12998;3648;538;14000;17
12999;3648;1100;51000;8
13000;3649;1008;15000;33
13008;3651;278;9000;20
13023;3655;470;8000;2
13087;3671;1023;14000;7
13090;3673;635;30000;39
13091;3673;1081;57000;27
13092;3674;1001;19000;41
13219;3707;3;85000;40
13343;3742;83;44000;28
13344;3742;196;11000;30
13384;3753;979;24000;21
13451;3768;336;8000;35
13469;3775;590;305000;38
13476;3778;854;6000;11
13477;3778;854;6000;11
13478;3778;449;9000;29
13499;3782;114;130000;7
13500;3782;191;12000;14
13501;3782;944;17000;29
13502;3782;103;130000;7
13503;3782;944;17000;29
13504;3782;103;130000;7
13517;3787;592;95000;42
13526;3790;979;24000;25
13527;3790;463;91000;27
13543;3795;524;11000;16
13544;3795;812;5000;18
13545;3795;232;20000;30
13546;3796;390;12000;41
13547;3796;281;22000;39
13548;3796;390;12000;41
13549;3796;281;22000;39
13550;3796;918;22000;38
13575;3804;497;57000;20
13576;3804;833;3000;26
13579;3807;321;4000;32
13586;3809;446;13000;29
13587;3809;560;15000;34
13588;3809;560;15000;34
13589;3810;28;43000;35
13590;3810;1092;30000;42
13591;3810;28;43000;35
13592;3810;1092;30000;42
13593;3810;927;5000;11
13626;3817;3;85000;2
13627;3817;669;37000;4
13649;3823;280;22000;9
13668;3828;81;47000;34
13669;3829;1038;11000;35
13670;3829;906;22000;7
13671;3829;782;5000;17
13672;3829;782;5000;17
13673;3829;151;71000;42
13732;3849;839;8000;39
13733;3849;839;8000;39
13734;3849;461;13000;23
13735;3850;355;2000;24
13736;3850;1090;45000;8
13737;3850;48;99000;22
13738;3850;607;6000;30
13739;3850;232;20000;28
13740;3850;232;20000;28
13741;3850;543;10000;7
13742;3850;376;5000;16
13743;3851;550;12000;16
13744;3851;550;12000;16
13755;3854;325;4000;30
13756;3854;630;30000;39
13757;3854;630;30000;39
13763;3857;154;38000;21
13764;3857;1004;152000;23
13765;3857;1004;152000;23
13766;3857;1110;36000;42
13767;3858;778;6000;1
13768;3858;421;2000;23
13769;3858;141;38000;4
13807;3872;228;8000;2
13808;3872;110;75000;9
13819;3877;163;49000;38
13820;3877;163;49000;38
13826;3880;510;12000;30
13827;3880;150;58000;21
13828;3880;377;7000;20
13837;3884;674;26000;13
13838;3884;693;60000;20
13839;3884;674;26000;13
13840;3884;693;60000;20
13841;3884;348;3000;28
13875;3893;34;125000;35
13876;3893;1090;45000;22
13877;3893;1142;6000;10
13878;3893;516;28000;39
13893;3898;460;9000;35
13895;3900;680;22000;1
13896;3900;680;22000;1
13897;3900;157;65000;37
13898;3900;1059;18000;33
13933;3910;522;11000;35
13950;3914;454;15000;30
13951;3914;454;15000;30
13952;3914;500;23000;7
13988;3923;1013;18000;35
13989;3923;844;4000;23
14004;3928;370;4000;15
14005;3928;320;4000;23
14006;3928;925;17000;24
14007;3928;320;4000;23
14008;3928;925;17000;24
14009;3928;773;4000;5
14010;3929;1031;10000;23
14011;3929;325;4000;40
14012;3929;374;15000;14
14013;3929;374;15000;14
14054;3939;1138;20000;3
14055;3939;676;39000;35
14097;3953;118;120000;35
14098;3953;118;120000;35
14181;3974;647;30000;35
14182;3974;758;3000;37
14183;3974;758;3000;37
14197;3978;940;30000;4
14198;3978;940;30000;4
14205;3983;73;45000;15
14206;3983;371;8000;2
14207;3983;365;2000;4
14237;3990;1114;38000;6
14251;3994;677;39000;29
14252;3994;677;39000;29
14253;3994;234;14000;18
14254;3994;123;147000;26
14255;3994;285;32000;6
14283;4003;472;12000;33
14284;4003;1067;20000;35
14294;4008;569;23000;38
14295;4008;414;2000;19
14296;4008;981;54000;31
14297;4008;414;2000;19
14298;4008;981;54000;31
14299;4008;816;7000;2
14325;4015;633;92000;9
14353;4024;412;2000;23
14354;4024;412;2000;23
14402;4036;465;15000;17
14403;4036;30;72000;15
14449;4048;191;12000;3
14450;4048;781;5000;30
14451;4048;992;14000;39
14452;4048;809;3000;19
14453;4048;992;14000;39
14454;4048;809;3000;19
14577;4078;336;8000;4
14590;4082;787;7000;16
14631;4092;969;15000;40
14632;4093;793;5000;39
14633;4093;793;5000;39
14645;4097;187;9000;12
14646;4097;469;8000;21
14690;4112;545;10000;10
14691;4112;1122;28000;42
14692;4112;1122;28000;42
14693;4113;73;45000;11
14694;4113;73;45000;11
14695;4113;499;15000;22
14736;4123;187;9000;36
14792;4135;1145;40000;4
14793;4135;577;5000;37
14794;4136;44;99000;32
14820;4148;789;6000;7
14821;4148;263;7000;17
14822;4148;931;44000;1
14826;4150;857;14000;3
14827;4150;234;14000;12
14828;4150;822;7000;42
14829;4150;1016;36000;24
14841;4154;896;35000;26
14842;4154;896;35000;26
14878;4163;128;132000;38
14879;4163;77;35000;5
14910;4172;489;11000;11
14911;4172;266;6000;7
15025;4202;935;46000;12
15030;4204;524;11000;16
15031;4204;760;15000;13
15032;4204;326;4000;6
15033;4204;326;4000;6
15034;4204;3;85000;35
15035;4204;840;4000;40
15060;4211;14;99000;39
15061;4211;55;80000;26
15128;4226;367;4000;8
15163;4236;16;110000;8
15164;4236;16;110000;8
15233;4250;892;68000;26
15258;4258;773;4000;31
15259;4258;306;2000;8
15260;4258;214;23000;20
15270;4261;375;8000;15
15271;4261;752;7000;9
15302;4269;1018;69000;15
15303;4269;313;2000;21
15368;4283;1090;45000;36
15369;4283;198;13000;31
15370;4283;253;10000;22
15404;4291;393;4000;26
15405;4291;774;4000;28
15406;4291;774;4000;28
15407;4291;522;11000;17
15408;4291;1120;35000;12
15470;4304;630;30000;18
15471;4304;837;5000;34
15567;4327;443;14000;19
15568;4327;443;14000;19
15569;4328;222;23000;31
15580;4333;612;7000;4
15636;4349;825;3000;29
15637;4349;371;8000;1
15638;4349;260;5000;6
15639;4349;371;8000;1
15640;4349;260;5000;6
15646;4352;781;5000;31
15647;4352;335;6000;23
15648;4352;335;6000;23
15652;4354;1065;62000;40
15653;4354;688;13000;30
15658;4356;792;9000;6
15723;4377;994;6000;19
15736;4381;339;8000;19
15745;4385;772;4000;36
15746;4385;260;5000;40
15747;4385;788;7000;21
15820;4402;837;5000;23
15821;4402;687;30000;23
15822;4402;687;30000;23
15847;4410;791;6000;15
15865;4417;198;13000;23
15942;4439;988;30000;1
15974;4447;687;30000;37
15975;4447;687;30000;37
15976;4449;532;11000;35
15977;4449;1049;33000;28
15978;4449;174;79000;34
15979;4450;276;11000;4
15980;4450;472;12000;14
15981;4450;472;12000;14
15982;4450;497;57000;34
15988;4452;527;39000;27
15989;4452;82;49000;5
16024;4460;1002;19000;19
16025;4460;487;43000;19
16026;4460;1031;10000;26
16027;4460;421;2000;24
16028;4460;487;43000;19
16029;4460;1031;10000;26
16030;4460;421;2000;24
16031;4460;147;40000;38
16046;4465;270;6000;25
16047;4465;41;125000;4
16048;4466;1013;18000;20
16049;4466;587;125000;18
16050;4466;525;35000;29
16051;4466;852;6000;31
16086;4476;380;7000;20
16109;4484;946;11000;16
16110;4484;467;152000;23
16111;4484;946;11000;16
16112;4484;467;152000;23
16113;4484;630;30000;32
16128;4489;128;132000;34
16129;4489;128;132000;34
16130;4489;152;63000;37
16149;4494;521;15000;39
16157;4499;962;37000;2
16158;4499;639;130000;4
16160;4501;181;10000;38
16224;4520;447;8000;26
16225;4520;81;47000;28
16226;4520;81;47000;28
16227;4520;1009;20000;11
16228;4520;634;72000;12
16256;4526;772;4000;4
16257;4526;583;10000;10
16258;4526;583;10000;10
16259;4526;495;57000;6
16260;4526;552;93000;14
16286;4532;709;5000;15
16287;4532;490;14000;12
16288;4532;606;41000;12
16349;4550;264;6000;20
16395;4562;818;6000;36
16396;4562;818;6000;36
16397;4562;40;200000;1
16398;4562;42;99000;29
16462;4577;709;5000;19
16463;4577;462;11000;1
16464;4578;1105;8000;38
16470;4581;822;7000;41
16481;4584;261;10000;26
16485;4586;1138;20000;41
16486;4586;407;22000;42
16528;4597;591;125000;28
16529;4598;361;2000;42
16530;4598;119;75000;10
16531;4598;361;2000;42
16532;4598;119;75000;10
16552;4604;157;65000;30
16553;4604;672;75000;35
16599;4618;713;58000;12
16600;4618;240;6000;22
16603;4620;757;17000;39
16604;4620;1033;32000;21
16746;4656;941;28000;13
16747;4656;941;28000;13
16752;4658;368;8000;19
16790;4666;1043;20000;13
16791;4666;1043;20000;13
16792;4666;202;10000;27
16847;4684;463;91000;38
16848;4684;614;55000;27
16849;4684;614;55000;27
16850;4684;291;21000;18
16855;4686;718;285000;7
16864;4688;820;7000;7
16865;4688;864;17000;26
16866;4688;820;7000;7
16867;4688;864;17000;26
16868;4688;659;59000;6
16869;4688;1079;53000;24
16883;4691;648;30000;35
16884;4691;556;5000;8
16885;4692;86;49000;27
16900;4699;999;43000;34
16901;4699;1;110000;11
16902;4699;1040;12000;32
16903;4700;580;11000;34
16944;4711;125;164000;10
16945;4712;197;12000;9
16946;4712;637;36000;2
16947;4712;637;36000;2
16948;4712;390;12000;9
16949;4712;832;6000;24
16960;4716;281;22000;32
16961;4716;281;22000;32
16962;4716;704;94000;14
16971;4718;505;19000;6
16972;4718;853;6000;24
16973;4718;853;6000;24
16992;4723;35;200000;17
16993;4724;234;14000;6
16994;4724;846;5000;23
16995;4724;234;14000;6
16996;4724;846;5000;23
16997;4724;724;125000;22
16998;4724;230;10000;41
16999;4724;358;2000;20
17000;4724;503;19000;25
17001;4725;146;71000;36
17002;4725;1076;63000;7
17003;4725;1076;63000;7
17004;4725;51;75000;8
17018;4730;544;26000;34
17061;4743;183;3000;14
17062;4743;574;12000;19
17063;4743;183;3000;14
17064;4743;574;12000;19
17069;4745;59;105000;28
17070;4745;1;110000;42
17109;4757;587;125000;21
17110;4757;1078;47000;5
17111;4757;587;125000;21
17112;4757;1078;47000;5
17113;4757;463;91000;2
17164;4771;239;6000;8
17165;4771;214;23000;14
17189;4778;1076;63000;2
17190;4778;760;15000;25
17226;4785;1020;36000;30
17240;4789;419;2000;37
17241;4789;956;27000;16
17250;4792;510;12000;16
17265;4796;371;8000;27
17300;4806;762;11000;19
17301;4806;465;15000;38
17302;4806;245;7000;25
17312;4809;361;2000;27
17313;4809;551;25000;32
17314;4809;300;6000;15
17315;4809;1087;20000;6
17362;4822;777;6000;7
17363;4822;777;6000;7
17364;4822;866;25000;26
17365;4822;25;43000;19
17393;4829;1031;10000;2
17394;4829;368;8000;8
17395;4829;368;8000;8
17396;4829;266;6000;28
17401;4832;623;134000;38
17402;4832;623;134000;38
17403;4832;655;65000;31
17404;4832;1054;36000;35
17406;4834;19;85000;21
17450;4847;149;63000;5
17451;4847;149;63000;5
17468;4853;226;4000;13
17469;4854;1056;15000;21
17521;4872;980;23000;18
17522;4872;97;149000;14
17528;4874;718;285000;25
17529;4874;816;7000;36
17530;4874;347;10000;42
17543;4877;8;100000;12
17544;4877;912;32000;31
17571;4882;1026;20000;14
17572;4882;1026;20000;14
17573;4882;537;18000;30
17574;4882;194;30000;15
17607;4891;628;56000;28
17608;4892;1015;36000;16
17609;4892;883;19000;6
17633;4898;98;130000;35
17682;4913;589;220000;12
17686;4916;966;17000;33
17687;4916;728;20000;2
17745;4931;142;53000;30
17746;4931;933;20000;19
17775;4941;622;41000;20
17788;4944;141;38000;23
17851;4957;910;28000;6
17852;4957;976;28000;25
17853;4958;763;11000;12
17865;4961;702;100000;42
17877;4966;552;93000;11
17878;4967;868;21000;38
17879;4968;991;14000;20
17880;4968;991;14000;20
17881;4968;677;39000;38
17886;4970;774;4000;18
17887;4970;307;2000;27
17888;4970;307;2000;27
17914;4979;446;13000;24
17915;4979;694;45000;37
17916;4979;694;45000;37
17960;4992;38;200000;42
17961;4992;38;200000;42
18008;5002;490;14000;16
18009;5002;525;35000;13
18010;5002;507;13000;30
18011;5003;137;150000;23
18012;5003;130;164000;28
18013;5003;987;6000;32
18069;5017;503;19000;3
18070;5017;503;19000;3
18071;5018;864;17000;36
18072;5018;1054;36000;3
18073;5018;864;17000;36
18074;5018;1054;36000;3
18075;5018;545;10000;27
18091;5022;851;3000;25
18107;5026;605;29000;9
18108;5026;284;13000;42
18109;5027;901;100000;38
18110;5027;901;100000;38
18111;5027;591;125000;3
18112;5027;599;97000;36
18113;5027;619;21000;22
18132;5034;57;67000;25
18133;5034;985;28000;18
18134;5034;57;67000;25
18135;5034;985;28000;18
18136;5035;1024;44000;18
18174;5045;23;86000;23
18227;5061;1004;152000;17
18228;5061;1004;152000;17
18229;5061;721;89000;11
18293;5075;493;6000;36
18294;5075;493;6000;36
18295;5075;211;64000;40
18296;5075;513;8000;9
18297;5075;879;8000;13
18333;5086;104;75000;23
18334;5086;313;2000;2
18335;5086;104;75000;23
18336;5086;313;2000;2
18337;5086;733;25000;17
18350;5089;426;4000;33
18351;5089;426;4000;33
18352;5089;240;6000;37
18379;5094;1040;12000;39
18389;5099;124;141000;34
18390;5099;124;141000;34
18391;5099;775;6000;23
18392;5099;43;99000;29
18413;5105;801;13000;11
18414;5105;801;13000;11
18415;5105;521;15000;21
18416;5106;1064;126000;19
18417;5106;1064;126000;19
18434;5112;665;145000;38
18435;5112;852;6000;9
18464;5120;915;19000;37
18465;5120;240;6000;7
18466;5120;324;4000;28
18467;5120;324;4000;28
18494;5127;1058;60000;36
18495;5127;770;6000;32
18496;5127;1058;60000;36
18497;5127;770;6000;32
18520;5134;444;4000;15
18521;5135;460;9000;29
18576;5148;466;152000;37
18577;5149;996;170000;4
18618;5159;724;125000;7
18619;5159;724;125000;7
18620;5159;255;2000;38
18705;5185;312;2000;23
18706;5185;12;85000;35
18711;5187;607;6000;32
18712;5187;613;7000;33
18713;5187;613;7000;33
18714;5187;546;20000;20
18721;5189;882;14000;24
18722;5189;587;125000;21
18726;5191;672;75000;21
18727;5191;672;75000;21
18732;5193;946;11000;11
18741;5195;163;49000;9
18754;5198;165;48000;8
18755;5198;855;7000;14
18838;5221;173;131000;27
18839;5222;467;152000;6
18874;5233;898;32000;29
18875;5233;898;32000;29
18876;5233;489;11000;2
18885;5236;423;5000;30
18886;5236;724;125000;10
18887;5236;152;63000;42
18888;5236;423;5000;30
18889;5236;724;125000;10
18890;5236;152;63000;42
18891;5236;143;63000;11
18892;5236;168;38000;32
18893;5236;198;13000;2
18894;5237;780;5000;1
18895;5237;603;50000;30
18896;5237;532;11000;40
18903;5240;251;5000;37
18904;5240;251;5000;37
18905;5240;918;22000;18
18913;5244;701;47000;3
18914;5244;1046;22000;25
18932;5249;1;110000;9
18954;5256;644;36000;32
18955;5256;644;36000;32
18956;5256;62;105000;6
18967;5261;758;3000;42
18968;5261;96;149000;8
18969;5261;75;55000;8
18988;5268;861;9000;25
19007;5272;788;7000;3
19008;5272;992;14000;30
19009;5272;992;14000;30
19031;5280;910;28000;1
19048;5283;1081;57000;22
19049;5284;900;100000;2
19050;5284;506;11000;22
19071;5289;1011;47000;5
19083;5294;503;19000;22
19098;5300;170;132000;9
19099;5300;170;132000;9
19100;5300;594;263000;14
19110;5303;734;40000;1
19111;5303;734;40000;1
19116;5306;890;22000;7
19117;5306;661;69000;18
19118;5307;372;5000;12
19125;5309;42;99000;29
19130;5311;84;44000;7
19131;5311;84;44000;7
19132;5311;655;65000;34
19140;5314;26;72000;24
19141;5314;109;139000;22
19142;5314;942;17000;40
19147;5317;409;3000;11
19148;5317;182;13000;18
19149;5317;504;16000;20
19150;5317;182;13000;18
19151;5317;504;16000;20
19152;5317;828;7000;32
19162;5322;1029;7000;23
19193;5332;412;2000;22
19194;5332;966;17000;22
19228;5344;133;150000;8
19229;5344;940;30000;17
19258;5354;738;33000;16
19282;5361;805;20000;41
19297;5366;1031;10000;37
19298;5366;751;5000;32
19299;5366;751;5000;32
19300;5366;1109;47000;41
19334;5374;582;10000;38
19335;5374;131;132000;32
19336;5374;131;132000;32
19346;5378;614;55000;27
19347;5378;614;55000;27
19348;5378;717;230000;1
19349;5378;136;141000;13
19395;5392;363;2000;9
19401;5394;339;8000;12
19402;5394;1133;20000;10
19403;5394;744;8000;36
19417;5398;330;5000;7
19418;5398;313;2000;28
19419;5398;313;2000;28
19420;5398;565;23000;5
19448;5406;763;11000;9
19449;5406;763;11000;9
19450;5407;375;8000;27
19451;5407;981;54000;19
19498;5420;272;9000;37
19499;5420;939;28000;32
19500;5420;272;9000;37
19501;5420;939;28000;32
19507;5423;233;17000;41
19508;5423;293;8000;21
19509;5423;233;17000;41
19510;5423;293;8000;21
19511;5423;115;130000;9
19512;5423;415;2000;23
19574;5437;639;130000;20
19575;5437;998;43000;35
19576;5437;998;43000;35
19584;5441;854;6000;39
19596;5445;41;125000;32
19727;5479;432;12000;21
19728;5479;395;4000;28
19729;5479;539;12000;17
19742;5483;632;130000;20
19750;5486;529;10000;40
19752;5488;170;132000;5
19777;5493;1007;62000;2
19778;5493;1007;62000;2
19779;5493;666;92000;1
19780;5493;1020;36000;28
19807;5500;826;4000;17
19808;5500;826;4000;17
19837;5508;706;52000;22
19842;5510;389;6000;16
19843;5510;580;11000;36
19844;5510;153;54000;35
19877;5519;314;2000;37
19878;5520;1014;15000;9
19879;5520;217;14000;26
19880;5520;217;14000;26
19921;5533;618;21000;41
19922;5533;659;59000;1
19923;5533;1143;35000;15
19969;5546;226;4000;19
19970;5546;347;10000;36
19971;5546;1106;19000;33
19976;5548;473;7000;13
19977;5548;528;199000;31
19978;5548;528;199000;31
19987;5551;977;15000;5
19988;5551;662;63000;25
20018;5561;729;28000;17
20026;5564;96;149000;30
20027;5564;96;149000;30
20060;5574;114;130000;3
20070;5578;9;80000;2
20071;5578;710;150000;3
20084;5582;102;70000;13
20085;5582;513;8000;25
20086;5582;523;15000;18
20087;5583;500;23000;19
20088;5583;324;4000;18
20089;5584;964;19000;36
20121;5591;228;8000;24
20124;5593;475;13000;6
20125;5594;863;14000;3
20126;5594;306;2000;31
20127;5594;306;2000;31
20128;5594;338;11000;14
20166;5604;219;24000;3
20210;5613;318;2000;25
20211;5613;465;15000;10
20212;5613;465;15000;10
20237;5620;749;33000;9
20238;5620;749;33000;9
20239;5620;763;11000;12
20268;5634;848;3000;12
20269;5634;848;3000;12
20270;5635;755;4000;32
20297;5645;312;2000;29
20352;5661;7;120000;4
20357;5663;932;15000;18
20361;5665;1040;12000;2
20362;5665;1085;75000;24
20363;5665;1031;10000;10
20364;5665;393;4000;19
20365;5665;404;20000;18
20366;5665;944;17000;5
20421;5681;409;3000;35
20470;5697;151;71000;34
20471;5697;188;11000;32
20489;5700;198;13000;33
20490;5700;198;13000;33
20491;5700;767;5000;18
20509;5705;574;12000;9
20510;5705;916;20000;31
20522;5708;606;41000;34
20525;5710;1014;15000;24
20526;5710;12;85000;35
20548;5717;680;22000;42
20549;5717;217;14000;14
20550;5717;409;3000;14
20551;5717;409;3000;14
20595;5729;153;54000;8
20596;5729;411;3000;18
20597;5729;411;3000;18
20598;5730;603;50000;30
20599;5730;603;50000;30
20617;5735;130;164000;1
20629;5739;494;15000;4
20630;5739;450;16000;9
20631;5739;675;44000;15
20632;5739;450;16000;9
20633;5739;675;44000;15
20634;5739;822;7000;5
20641;5742;266;6000;18
20716;5760;346;2000;33
20725;5762;223;4000;18
20726;5762;384;6000;28
20727;5763;997;43000;15
20728;5763;747;22000;3
20729;5763;304;2000;19
20730;5763;1127;22000;36
20742;5767;264;6000;31
20743;5767;630;30000;25
20744;5767;243;19000;5
20745;5768;347;10000;32
20831;5789;70;35000;18
20841;5794;411;3000;9
20842;5794;411;3000;9
20853;5799;631;92000;29
20854;5799;631;92000;29
20870;5804;30;72000;37
20913;5815;795;4000;6
20914;5815;466;152000;40
20915;5815;795;4000;6
20916;5815;466;152000;40
20917;5815;1009;20000;12
20918;5816;599;97000;36
20919;5817;492;5000;24
20920;5817;50;125000;5
20979;5835;184;3000;21
20980;5835;389;6000;33
21002;5841;373;19000;6
21003;5841;493;6000;23
21004;5841;493;6000;23
21005;5841;165;48000;19
21006;5841;754;4000;15
21008;5843;583;10000;28
21009;5843;583;10000;28
21021;5847;935;46000;17
21035;5852;116;75000;13
21036;5852;168;38000;40
21044;5855;22;72000;21
21049;5857;577;5000;35
21094;5873;668;41000;11
21095;5873;1120;35000;14
21096;5873;195;27000;25
21097;5873;533;14000;14
21106;5877;359;2000;37
21107;5877;78;35000;30
21108;5877;78;35000;30
21109;5877;784;6000;21
21179;5897;53;165000;37
21180;5897;254;2000;2
21181;5897;614;55000;11
21182;5897;254;2000;2
21183;5897;614;55000;11
21184;5897;972;16000;2
21185;5897;1047;22000;9
21188;5899;589;220000;39
21189;5899;589;220000;39
21228;5910;918;22000;13
21229;5910;831;6000;15
21230;5910;429;2000;34
21231;5911;818;6000;1
21232;5911;549;18000;18
21233;5911;320;4000;29
21259;5920;408;3000;38
21286;5927;231;7000;11
21287;5927;107;130000;12
21288;5927;107;130000;12
21289;5927;72;35000;25
21290;5927;546;20000;10
21291;5928;1052;50000;12
21292;5928;702;100000;39
21293;5928;233;17000;27
21294;5928;233;17000;27
21295;5928;379;4000;40
21296;5928;1143;35000;27
21308;5932;808;3000;8
21309;5932;691;5000;14
21310;5932;157;65000;22
21311;5932;41;125000;30
21312;5932;312;2000;31
21341;5939;744;8000;27
21342;5939;646;30000;24
21352;5942;799;6000;22
21353;5942;256;8000;18
21354;5942;996;170000;11
21397;5951;628;56000;32
21398;5951;628;56000;32
21399;5951;389;6000;37
21417;5956;756;5000;9
21418;5956;795;4000;39
21432;5959;746;41000;14
21433;5959;1009;20000;2
21454;5967;1139;8000;35
21455;5967;1100;51000;8
21458;5971;680;22000;22
21459;5971;1088;45000;7
21460;5971;641;130000;20
21487;5977;547;7000;19
21488;5977;547;7000;19
21521;5989;787;7000;6
21551;5995;348;3000;13
21552;5995;348;3000;13
21629;6012;397;3000;10
21630;6012;323;4000;17
21631;6012;323;4000;17
21632;6012;355;2000;38
21633;6012;269;6000;3
21646;6015;1057;60000;7
21647;6015;1097;68000;18
21648;6015;659;59000;13
21692;6026;461;13000;31
21734;6035;784;6000;15
21739;6037;1;110000;12
21740;6037;1092;30000;1
21754;6042;793;5000;35
21755;6042;691;5000;2
21756;6042;356;4000;17
21757;6042;987;6000;31
21758;6042;691;5000;2
21759;6042;356;4000;17
21760;6042;987;6000;31
21761;6042;817;5000;7
21770;6046;1068;41000;4
21771;6046;1068;41000;4
21772;6046;585;365000;40
21790;6053;522;11000;4
21815;6062;1054;36000;13
21816;6062;1054;36000;13
21842;6072;911;2000;24
21843;6072;371;8000;12
21844;6072;911;2000;24
21845;6072;371;8000;12
21852;6075;104;75000;21
21853;6075;456;9000;17
21870;6081;412;2000;26
21946;6097;995;63000;4
21947;6097;157;65000;6
21948;6097;157;65000;6
21963;6103;945;28000;1
21964;6103;1087;20000;39
21965;6103;1087;20000;39
21974;6106;758;3000;41
21975;6106;758;3000;41
21976;6106;442;16000;33
21977;6107;237;6000;41
21978;6107;237;6000;41
21979;6107;650;62000;16
21980;6107;174;79000;41
22054;6126;61;100000;21
22055;6126;61;100000;21
22056;6126;244;8000;39
22068;6130;670;35000;15
22069;6130;89;83000;39
22070;6130;928;14000;31
22071;6130;89;83000;39
22072;6130;928;14000;31
22073;6130;7;120000;37
22104;6138;759;5000;38
22105;6138;890;22000;31
22106;6138;890;22000;31
22107;6138;397;3000;37
22108;6138;703;108000;15
22113;6140;630;30000;15
22114;6140;630;30000;15
22115;6140;131;132000;10
22116;6141;14;99000;32
22117;6141;14;99000;32
22118;6141;1077;13000;5
22146;6149;105;70000;4
22156;6152;1079;53000;10
22157;6152;1079;53000;10
22158;6153;218;25000;35
22182;6156;112;130000;19
22183;6156;550;12000;22
22240;6173;163;49000;37
22241;6173;516;28000;17
22242;6173;944;17000;6
22243;6173;516;28000;17
22244;6173;944;17000;6
22268;6182;681;37000;34
22269;6182;681;37000;34
22335;6201;691;5000;13
22336;6201;67;7000;11
22337;6201;67;7000;11
22338;6201;204;9000;1
22351;6206;289;19000;14
22352;6206;289;19000;14
22353;6206;1048;59000;20
22354;6206;150;58000;4
22355;6206;1137;148000;32
22401;6219;1075;33000;18
22402;6219;1117;73000;25
22420;6223;329;4000;11
22437;6229;578;22000;13
22438;6229;578;22000;13
22455;6237;308;2000;8
22456;6238;1114;38000;20
22457;6238;1065;62000;40
22458;6238;1065;62000;40
22459;6238;634;72000;21
22517;6253;290;8000;12
22518;6253;290;8000;12
22519;6253;111;75000;22
22532;6257;786;7000;26
22533;6257;786;7000;26
22534;6257;670;35000;30
22590;6273;707;44000;32
22636;6285;337;11000;18
22654;6295;689;35000;41
22673;6300;377;7000;11
22674;6300;566;11000;7
22675;6300;844;4000;16
22676;6300;844;4000;16
22677;6300;958;12000;14
22678;6301;652;41000;25
22679;6301;409;3000;15
22680;6301;1112;49000;26
22764;6320;698;54000;27
22765;6320;698;54000;27
22766;6320;1072;10000;10
22767;6320;420;2000;5
22768;6320;649;30000;40
22797;6326;105;70000;18
22798;6326;526;10000;38
22803;6328;432;12000;14
22804;6328;432;12000;14
22814;6332;438;6000;4
22815;6332;967;19000;27
22816;6332;967;19000;27
22817;6332;758;3000;7
22859;6342;725;125000;2
22864;6344;581;11000;30
22865;6344;581;11000;30
22866;6344;733;25000;5
22904;6353;623;134000;26
22905;6353;78;35000;18
22906;6353;413;3000;1
22907;6353;148;54000;29
22933;6360;928;14000;8
22934;6360;171;131000;19
22935;6360;169;133000;41
22936;6360;982;37000;33
22985;6372;268;6000;33
23062;6389;638;92000;33
23133;6407;433;10000;38
23134;6407;433;10000;38
23135;6407;964;19000;16
23136;6407;534;12000;40
23137;6407;1132;19000;20
23176;6416;129;131000;4
23177;6416;83;44000;35
23178;6416;83;44000;35
23179;6416;305;2000;26
23224;6430;538;14000;24
23225;6430;774;4000;8
23226;6431;770;6000;30
23227;6431;770;6000;30
23228;6433;873;13000;33
23229;6434;1113;49000;12
23230;6434;1113;49000;12
23231;6434;297;6000;1
23232;6434;585;365000;34
23233;6434;697;54000;3
23277;6448;610;8000;2
23278;6448;610;8000;2
23353;6464;1034;17000;13
23361;6468;725;125000;38
23362;6468;71;45000;27
23363;6469;849;3000;6
23364;6469;122;148000;26
23365;6469;19;85000;27
23431;6486;1037;39000;26
23432;6486;362;25000;22
23433;6486;1037;39000;26
23434;6486;362;25000;22
23435;6486;1090;45000;30
23436;6486;315;2000;3
23452;6490;528;199000;2
23467;6494;360;2000;35
23468;6494;4;85000;18
23478;6498;574;12000;13
23479;6498;594;263000;39
23514;6511;109;139000;2
23515;6511;282;16000;8
23562;6526;276;11000;21
23599;6533;1064;126000;37
23600;6533;637;36000;10
23601;6533;494;15000;4
23602;6533;1064;126000;37
23603;6533;637;36000;10
23604;6533;494;15000;4
23605;6533;198;13000;10
23606;6534;307;2000;19
23607;6534;322;4000;9
23608;6534;322;4000;9
23683;6550;165;48000;23
23684;6550;1020;36000;14
23685;6551;683;14000;21
23686;6551;359;2000;14
23687;6551;683;14000;21
23688;6551;359;2000;14
23718;6561;1007;62000;20
23719;6561;1007;62000;20
23720;6561;450;16000;19
23721;6563;410;3000;13
23722;6563;742;19000;34
23723;6563;706;52000;36
23732;6566;656;59000;24
23733;6566;1122;28000;28
23793;6577;672;75000;30
23794;6577;672;75000;30
23828;6588;672;75000;10
23854;6595;697;54000;22
23855;6595;165;48000;32
23869;6600;548;34000;23
23870;6600;995;63000;2
23871;6600;843;6000;8
23872;6600;662;63000;34
23873;6600;843;6000;8
23874;6600;662;63000;34
23875;6600;889;61000;39
23876;6600;102;70000;31
23877;6600;1127;22000;4
23878;6600;540;14000;31
23883;6603;181;10000;9
23884;6603;181;10000;9
23885;6603;272;9000;7
23886;6604;251;5000;40
23887;6604;251;5000;40
23888;6604;497;57000;27
23918;6612;756;5000;42
23919;6612;70;35000;14
23920;6612;552;93000;38
23936;6620;288;21000;4
23937;6620;594;263000;29
23972;6628;1072;10000;39
23973;6628;1072;10000;39
23991;6632;87;44000;34
23992;6632;328;4000;21
23993;6632;1095;99000;42
24001;6635;1137;148000;17
24002;6635;553;33000;9
24007;6637;823;13000;2
24008;6637;471;17000;2
24009;6637;830;6000;35
24040;6647;563;23000;38
24059;6652;754;4000;6
24060;6652;532;11000;33
24061;6653;675;44000;21
24065;6655;87;44000;19
24066;6655;87;44000;19
24070;6657;220;24000;2
24078;6659;589;220000;1
24079;6659;589;220000;1
24080;6659;755;4000;37
24081;6659;234;14000;3
24087;6662;134;147000;4
24110;6668;685;55000;14
24111;6668;874;13000;9
24112;6668;874;13000;9
24113;6668;611;20000;6
24114;6669;464;91000;8
24115;6669;961;27000;31
24134;6676;698;54000;2
24148;6681;991;14000;29
24149;6681;863;14000;8
24150;6681;991;14000;29
24151;6681;863;14000;8
24159;6685;1054;36000;7
24160;6685;1054;36000;7
24186;6691;912;32000;35
24187;6691;912;32000;35
24199;6695;234;14000;23
24200;6695;544;26000;14
24205;6697;854;6000;11
24206;6697;652;41000;21
24207;6697;616;121000;41
24222;6703;574;12000;40
24223;6703;574;12000;40
24224;6703;1026;20000;28
24225;6703;1145;40000;29
24235;6707;781;5000;38
24259;6714;1138;20000;30
24260;6714;802;3000;20
24261;6714;802;3000;20
24307;6730;211;64000;37
24331;6737;20;60000;37
24332;6737;375;8000;31
24333;6737;20;60000;37
24334;6737;375;8000;31
24335;6737;312;2000;3
24342;6740;56;65000;13
24343;6740;854;6000;18
24344;6741;121;149000;42
24345;6741;121;149000;42
24351;6744;444;4000;20
24389;6758;1095;99000;20
24393;6760;8;100000;6
24394;6760;315;2000;23
24395;6760;8;100000;6
24396;6760;315;2000;23
24397;6760;552;93000;33
24398;6761;833;3000;25
24399;6761;944;17000;37
24411;6764;419;2000;17
24412;6764;419;2000;17
24413;6764;949;4000;32
24414;6764;370;4000;5
24415;6764;343;4000;21
24456;6772;1001;19000;38
24472;6776;816;7000;13
24488;6782;530;9000;42
24489;6782;684;55000;18
24490;6782;684;55000;18
24491;6782;992;14000;17
24509;6787;902;100000;42
24510;6787;473;7000;34
24511;6787;473;7000;34
24512;6787;418;2000;36
24522;6790;1089;45000;28
24523;6790;1089;45000;28
24524;6791;396;5000;12
24525;6791;241;3000;22
24526;6791;363;2000;28
24527;6791;363;2000;28
24528;6791;1138;20000;7
24549;6798;1070;26000;12
24550;6798;981;54000;5
24577;6806;371;8000;19
24578;6806;371;8000;19
24579;6806;317;2000;5
24580;6807;1070;26000;28
24623;6822;634;72000;1
24629;6825;667;68000;7
24652;6831;489;11000;28
24653;6831;349;3000;24
24654;6831;490;14000;16
24655;6831;358;2000;7
24671;6836;869;24000;18
24672;6836;816;7000;12
24689;6841;304;2000;27
24690;6841;594;263000;1
24691;6841;304;2000;27
24692;6841;594;263000;1
24693;6841;738;33000;19
24731;6852;753;4000;10
24732;6852;753;4000;10
24734;6854;415;2000;17
24735;6854;5;99000;21
24736;6854;5;99000;21
24737;6854;245;7000;24
24738;6854;445;12000;32
24748;6858;519;13000;18
24749;6858;704;94000;32
24750;6858;255;2000;23
24776;6869;1007;62000;42
24777;6869;303;2000;16
24778;6870;233;17000;38
24779;6870;827;3000;1
24780;6870;318;2000;39
24781;6870;827;3000;1
24782;6870;318;2000;39
24783;6870;48;99000;12
24787;6872;378;7000;36
24788;6872;453;22000;10
24789;6872;528;199000;5
24793;6874;342;3000;5
24890;6900;685;55000;23
24916;6907;502;19000;36
24917;6907;855;7000;19
24918;6907;855;7000;19
24919;6907;126;134000;24
24927;6912;227;5000;7
24928;6912;1068;41000;31
24929;6913;515;4000;7
24930;6913;515;4000;7
24962;6921;583;10000;35
24963;6921;561;15000;40
24996;6930;39;225000;15
25009;6934;908;26000;4
25010;6934;1092;30000;35
25011;6934;748;33000;28
25014;6936;240;6000;38
25015;6936;234;14000;15
25035;6943;506;11000;2
25036;6943;1069;15000;32
25037;6943;957;27000;30
25038;6943;574;12000;20
25039;6943;566;11000;30
25040;6944;45;99000;35
25077;6955;360;2000;9
25078;6955;702;100000;18
25079;6956;902;100000;36
25080;6956;207;6000;12
25100;6961;326;4000;4
25101;6961;169;133000;7
25144;6972;699;101000;2
25145;6972;1073;15000;5
25146;6972;473;7000;38
25147;6972;473;7000;38
25148;6972;1099;51000;37
25175;6980;664;140000;16
25176;6980;996;170000;19
25177;6980;1111;49000;11
25178;6980;445;12000;35
25179;6980;22;72000;37
25180;6980;445;12000;35
25181;6980;22;72000;37
25182;6981;269;6000;1
25188;6983;698;54000;16
25273;7005;755;4000;38
25341;7028;939;28000;42
25342;7028;939;28000;42
25343;7028;511;18000;11
25344;7028;223;4000;14
25348;7030;732;51000;32
25354;7033;676;39000;1
25361;7037;955;48000;17
25377;7041;683;14000;21
25378;7041;683;14000;21
25426;7051;441;11000;26
25456;7061;99;85000;34
25511;7076;955;48000;2
25512;7076;955;48000;2
25513;7076;542;10000;17
25521;7080;709;5000;2
25522;7080;709;5000;2
25523;7081;266;6000;1
25524;7081;356;4000;16
25525;7081;233;17000;15
25529;7083;384;6000;18
25530;7083;384;6000;18
25544;7087;869;24000;37
25545;7087;869;24000;37
25593;7103;799;6000;32
25594;7103;229;6000;40
25595;7103;229;6000;40
25626;7113;396;5000;28
25627;7113;396;5000;28
25628;7114;273;19000;6
25629;7114;640;92000;25
25630;7114;855;7000;3
25661;7122;231;7000;28
25662;7122;192;12000;21
25663;7122;482;21000;18
25664;7122;192;12000;21
25665;7122;482;21000;18
25698;7133;52;60000;25
25699;7133;52;60000;25
25712;7136;440;14000;11
25725;7140;495;57000;29
25726;7140;512;19000;30
25747;7149;881;14000;21
25748;7149;194;30000;11
25749;7149;380;7000;22
25750;7149;191;12000;19
25751;7150;869;24000;40
25752;7150;980;23000;37
25753;7150;980;23000;37
25773;7156;704;94000;32
25774;7156;704;94000;32
25793;7161;610;8000;19
25818;7168;85;44000;42
25819;7168;231;7000;27
25820;7168;295;22000;7
25879;7187;1077;13000;23
25883;7190;438;6000;10
25884;7190;194;30000;3
25914;7198;679;17000;30
25915;7199;71;45000;28
25916;7199;71;45000;28
25942;7206;678;43000;19
25943;7206;695;104000;36
25944;7206;678;43000;19
25945;7206;695;104000;36
25946;7206;953;20000;37
25952;7208;896;35000;9
25973;7215;889;61000;8
25974;7215;889;61000;8
25975;7217;195;27000;4
25976;7218;496;57000;9
26036;7233;605;29000;5
26037;7233;605;29000;5
26038;7233;580;11000;14
26072;7242;872;14000;28
26073;7242;872;14000;28
26084;7245;178;141000;14
26085;7245;972;16000;4
26086;7245;178;141000;14
26087;7245;972;16000;4
26088;7245;282;16000;32
26157;7262;761;11000;41
26167;7265;1111;49000;14
26168;7265;139;24000;24
26169;7265;197;12000;18
26170;7266;840;4000;18
26171;7266;840;4000;18
26172;7266;1122;28000;32
26202;7274;445;12000;27
26208;7278;232;20000;13
26209;7278;48;99000;27
26223;7281;635;30000;42
26224;7281;619;21000;30
26225;7281;619;21000;30
26226;7281;1091;100000;15
26227;7281;1130;19000;30
26265;7292;740;38000;18
26266;7292;638;92000;30
26267;7292;638;92000;30
26268;7292;375;8000;23
26269;7293;792;9000;14
26270;7293;911;2000;29
26271;7293;268;6000;14
26272;7293;911;2000;29
26273;7293;268;6000;14
26316;7309;804;3000;19
26317;7309;255;2000;10
26321;7311;1110;36000;6
26356;7323;789;6000;22
26357;7323;823;13000;8
26358;7323;823;13000;8
26373;7328;1001;19000;17
26397;7336;791;6000;32
26398;7336;983;28000;4
26422;7342;161;43000;10
26435;7347;83;44000;31
26455;7354;269;6000;24
26456;7354;565;23000;21
26457;7354;48;99000;2
26458;7354;75;55000;11
26477;7359;790;6000;6
26504;7366;364;12000;23
26516;7370;619;21000;17
26517;7370;619;21000;17
26518;7370;1139;8000;11
26649;7403;1058;60000;5
26650;7403;1058;60000;5
26653;7406;846;5000;30
26654;7406;846;5000;30
26655;7406;61;100000;3
26672;7411;945;28000;26
26673;7411;382;6000;25
26674;7411;227;5000;26
26675;7411;744;8000;33
26676;7411;365;2000;14
26716;7425;355;2000;7
26717;7425;355;2000;7
26718;7425;987;6000;21
26719;7425;729;28000;26
26731;7428;516;28000;6
26732;7428;78;35000;1
26733;7428;78;35000;1
26734;7428;1073;15000;41
26738;7430;491;10000;22
26739;7430;542;10000;28
26740;7430;608;18000;40
26741;7430;608;18000;40
26742;7430;796;4000;23
26743;7430;287;22000;40
26744;7430;537;18000;21
26745;7430;1091;100000;9
26748;7432;783;6000;32
26749;7432;480;22000;31
26750;7432;480;22000;31
26751;7432;321;4000;35
26757;7434;631;92000;23
26758;7434;631;92000;23
26762;7436;199;13000;20
26763;7436;199;13000;20
26764;7436;556;5000;37
26777;7439;595;57000;27
26778;7439;1034;17000;27
26779;7439;595;57000;27
26780;7439;1034;17000;27
26823;7454;726;125000;27
26824;7454;399;5000;4
26825;7454;726;125000;27
26826;7454;399;5000;4
26827;7454;584;165000;13
26919;7476;606;41000;19
26950;7487;810;6000;17
26951;7487;810;6000;17
26953;7489;793;5000;13
26954;7489;793;5000;13
26985;7499;351;3000;17
26986;7499;739;48000;3
26987;7499;739;48000;3
26988;7499;293;8000;22
27017;7508;893;68000;8
27018;7508;893;68000;8
27043;7516;749;33000;41
27044;7516;749;33000;41
27098;7532;440;14000;5
27125;7541;1125;53000;3
27141;7546;248;20000;7
27142;7547;708;5000;24
27266;7581;926;5000;18
27267;7581;629;30000;35
27268;7581;637;36000;22
27269;7581;394;3000;3
27270;7581;637;36000;22
27271;7581;394;3000;3
27272;7581;691;5000;2
27273;7581;433;10000;17
27290;7585;809;3000;7
27297;7588;9;80000;11
27302;7591;1060;18000;14
27303;7591;1060;18000;14
27314;7594;23;86000;38
27315;7594;977;15000;39
27316;7594;977;15000;39
27323;7597;901;100000;4
27324;7597;192;12000;33
27325;7597;192;12000;33
27326;7597;958;12000;17
27339;7600;869;24000;25
27349;7607;1105;8000;24
27350;7607;312;2000;25
27351;7607;952;98000;2
27370;7612;200;7000;25
27387;7617;17;120000;14
27388;7617;262;7000;37
27389;7618;470;8000;2
27390;7618;470;8000;2
27391;7618;669;37000;13
27429;7630;396;5000;26
27430;7631;269;6000;37
27451;7638;775;6000;33
27452;7638;137;150000;32
27466;7643;393;4000;7
27485;7647;953;20000;20
27486;7647;262;7000;11
27487;7647;262;7000;11
27488;7647;1122;28000;10
27492;7650;562;10000;5
27493;7650;333;2000;36
27502;7653;1044;20000;10
27518;7658;515;4000;41
27519;7658;515;4000;41
27523;7660;312;2000;16
27524;7661;837;5000;29
27525;7661;1095;99000;37
27526;7661;238;6000;31
27530;7663;1097;68000;1
27531;7663;380;7000;11
27551;7671;35;200000;35
27552;7671;829;7000;16
27553;7671;829;7000;16
27614;7688;280;22000;19
27615;7688;438;6000;37
27626;7690;791;6000;36
27639;7693;912;32000;29
27640;7693;86;49000;39
27644;7695;30;72000;30
27664;7701;718;285000;22
27665;7701;523;15000;42
27666;7701;523;15000;42
27667;7702;606;41000;15
27668;7702;950;4000;31
27669;7702;950;4000;31
27714;7713;754;4000;39
27748;7723;952;98000;21
27749;7723;1009;20000;39
27755;7728;151;71000;21
27756;7728;588;125000;20
27771;7734;38;200000;6
27772;7734;1096;67000;30
27773;7734;999;43000;16
27774;7734;1096;67000;30
27775;7734;999;43000;16
27776;7734;905;15000;12
27777;7735;797;4000;39
27785;7737;788;7000;38
27817;7746;178;141000;20
27843;7753;711;80000;38
27871;7761;45;99000;13
27904;7769;906;22000;20
27905;7769;367;4000;38
27920;7775;1082;111000;4
28007;7801;1061;10000;23
28008;7801;364;12000;24
28009;7801;968;18000;9
28040;7811;856;245000;1
28041;7811;666;92000;23
28042;7811;856;245000;1
28043;7811;666;92000;23
28052;7813;1145;40000;38
28053;7813;210;4000;42
28054;7813;210;4000;42
28082;7821;420;2000;38
28083;7822;76;45000;2
28084;7822;76;45000;2
28100;7826;965;17000;13
28110;7829;1013;18000;25
28138;7838;466;152000;2
28139;7838;466;152000;2
28143;7840;145;48000;25
28144;7840;145;48000;25
28145;7840;612;7000;13
28149;7842;844;4000;25
28198;7858;102;70000;33
28199;7858;122;148000;24
28200;7858;779;13000;36
28201;7858;858;19000;12
28202;7858;122;148000;24
28203;7858;779;13000;36
28204;7858;858;19000;12
28226;7865;130;164000;30
28227;7865;52;60000;8
28238;7869;177;79000;16
28239;7869;177;79000;16
28240;7869;401;21000;28
28249;7872;740;38000;30
28250;7872;90;39000;4
28264;7876;263;7000;13
28265;7876;263;7000;13
28266;7876;1044;20000;1
28267;7876;18;85000;29
28268;7876;935;46000;33
28286;7882;648;30000;14
28287;7882;198;13000;27
28288;7882;198;13000;27
28289;7882;346;2000;30
28294;7884;1083;57000;27
28295;7884;1083;57000;27
28310;7890;693;60000;22
28311;7890;1125;53000;23
28312;7890;180;10000;24
28313;7890;22;72000;27
28337;7898;297;6000;30
28425;7924;279;22000;17
28426;7924;279;22000;17
28427;7924;911;2000;19
28437;7927;20;60000;27
28438;7927;309;9000;22
28439;7927;370;4000;5
28440;7927;341;3000;27
28441;7927;370;4000;5
28442;7927;341;3000;27
28443;7927;1052;50000;14
28444;7927;909;22000;9
28445;7927;865;14000;12
28461;7932;799;6000;13
28462;7932;799;6000;13
28481;7936;928;14000;24
28488;7939;232;20000;16
28489;7939;862;27000;20
28596;7969;655;65000;28
28597;7972;47;99000;31
28598;7972;1122;28000;4
28599;7972;1122;28000;4
28600;7972;1035;40000;11
28601;7972;434;7000;10
28602;7973;384;6000;17
28613;7977;1138;20000;24
28645;7988;916;20000;29
28646;7988;898;32000;2
28647;7988;69;45000;28
28648;7988;119;75000;39
28664;7994;762;11000;39
28665;7994;236;6000;19
28666;7994;236;6000;19
28667;7994;1121;35000;19
28668;7994;998;43000;11
28669;7994;187;9000;25
28670;7994;281;22000;10
28727;8007;856;245000;36
28728;8007;1030;20000;7
28729;8007;856;245000;36
28730;8007;1030;20000;7
28731;8008;401;21000;3
28732;8008;779;13000;42
28762;8017;555;11000;29
28783;8024;914;19000;15
28784;8024;394;3000;29
28785;8024;394;3000;29
28786;8024;736;23000;20
28805;8028;612;7000;25
28815;8030;403;8000;27
28836;8038;193;10000;10
28837;8038;588;125000;18
28853;8041;920;22000;18
28856;8043;1066;10000;2
28857;8043;1066;10000;2
28916;8058;977;15000;40
28917;8058;997;43000;11
28938;8064;1019;36000;11
28966;8073;247;6000;7
28967;8073;308;2000;2
28968;8073;247;6000;7
28969;8073;308;2000;2
28970;8073;180;10000;33
28976;8075;603;50000;41
28977;8075;219;24000;4
28978;8075;602;41000;22
28979;8075;530;9000;18
28980;8075;219;24000;4
28981;8075;602;41000;22
28982;8075;530;9000;18
28983;8075;170;132000;7
28984;8075;951;9000;26
28985;8075;623;134000;1
28986;8075;1118;53000;2
28989;8077;233;17000;21
28990;8077;233;17000;21
28991;8077;130;164000;33
29007;8081;1074;33000;28
29008;8081;466;152000;38
29017;8084;1015;36000;37
29018;8084;977;15000;17
29019;8084;1023;14000;3
29020;8084;977;15000;17
29021;8084;1023;14000;3
29025;8086;1121;35000;2
29026;8087;37;125000;12
29070;8101;665;145000;24
29071;8101;223;4000;4
29072;8101;223;4000;4
29094;8108;358;2000;13
29095;8108;358;2000;13
29096;8109;1101;51000;2
29097;8109;432;12000;15
29098;8109;432;12000;15
29141;8122;964;19000;19
29142;8122;585;365000;22
29153;8126;853;6000;16
29154;8126;853;6000;16
29155;8126;1106;19000;25
29174;8131;1036;40000;3
29175;8131;1036;40000;3
29179;8134;1025;7000;32
29180;8134;1118;53000;18
29181;8134;106;75000;38
29182;8134;1118;53000;18
29183;8134;106;75000;38
29184;8134;140;24000;40
29189;8136;658;59000;11
29190;8136;658;59000;11
29228;8146;82;49000;11
29234;8149;744;8000;7
29235;8149;858;19000;10
29236;8149;802;3000;38
29243;8151;977;15000;3
29244;8151;191;12000;30
29265;8158;534;12000;32
29266;8158;352;3000;29
29267;8159;47;99000;12
29268;8159;163;49000;40
29301;8169;755;4000;42
29353;8181;198;13000;34
29354;8181;1064;126000;21
29355;8181;972;16000;34
29356;8181;1090;45000;20
29361;8183;764;5000;11
29362;8183;764;5000;11
29382;8187;16;110000;17
29383;8187;1016;36000;11
29384;8187;16;110000;17
29385;8187;1016;36000;11
29399;8191;411;3000;21
29400;8191;411;3000;21
29425;8197;286;9000;30
29426;8197;782;5000;28
29465;8208;818;6000;21
29466;8208;1024;44000;23
29467;8208;767;5000;13
29544;8226;189;3000;9
29545;8226;415;2000;42
29546;8226;189;3000;9
29547;8226;415;2000;42
29548;8226;355;2000;19
29549;8227;610;8000;37
29550;8227;1083;57000;12
29551;8227;610;8000;37
29552;8227;1083;57000;12
29553;8227;370;4000;39
29554;8227;283;13000;18
29555;8227;221;62000;39
29556;8227;788;7000;1
29557;8227;605;29000;9
29590;8237;698;54000;2
29644;8249;480;22000;27
29681;8260;459;13000;5
29682;8260;973;16000;21
29694;8264;247;6000;11
29724;8277;415;2000;15
29725;8278;990;62000;1
29742;8284;297;6000;31
29747;8286;747;22000;26
29748;8286;60;100000;5
29749;8286;43;99000;15
29756;8288;1062;24000;13
29794;8298;376;5000;41
29795;8299;9;80000;41
29796;8299;9;80000;41
29800;8301;550;12000;36
29824;8310;554;6000;36
29825;8310;85;44000;33
29826;8311;104;75000;33
29827;8311;104;75000;33
29880;8326;904;22000;8
29881;8326;1009;20000;34
29882;8326;929;17000;7
29883;8326;904;22000;8
29884;8326;1009;20000;34
29885;8326;929;17000;7
29886;8327;927;5000;19
29887;8327;927;5000;19
29894;8329;635;30000;15
29895;8329;635;30000;15
29896;8329;964;19000;17
29897;8330;545;10000;11
29898;8330;545;10000;11
29899;8330;732;51000;25
29900;8330;666;92000;10
29963;8343;345;3000;5
29964;8343;99;85000;37
29980;8353;21;60000;6
30002;8361;456;9000;36
30003;8361;519;13000;34
30004;8361;649;30000;14
30005;8361;519;13000;34
30006;8361;649;30000;14
30007;8361;1125;53000;37
30008;8361;651;41000;6
30009;8361;297;6000;36
30047;8372;237;6000;29
30048;8372;518;27000;17
30049;8372;518;27000;17
30050;8372;868;21000;35
30051;8372;901;100000;25
30052;8373;1134;20000;23
30053;8373;51;75000;8
30054;8374;349;3000;11
30055;8374;137;150000;2
30056;8374;701;47000;18
30057;8374;383;6000;37
30078;8379;835;5000;3
30079;8379;398;3000;24
30101;8386;1004;152000;33
30102;8386;214;23000;12
30103;8386;214;23000;12
30104;8386;208;11000;36
30126;8393;348;3000;11
30127;8393;91;70000;27
30128;8393;383;6000;20
30129;8393;348;3000;11
30130;8393;91;70000;27
30131;8393;383;6000;20
30132;8393;552;93000;1
30133;8394;238;6000;6
30134;8394;238;6000;6
30165;8403;973;16000;7
30166;8404;126;134000;2
30184;8411;476;13000;20
30185;8411;476;13000;20
30192;8414;31;43000;18
30193;8414;911;2000;32
30194;8414;911;2000;32
30195;8414;69;45000;40
30210;8418;878;8000;38
30211;8418;878;8000;38
30212;8418;368;8000;38
30213;8418;233;17000;6
30214;8418;101;120000;16
30230;8423;742;19000;16
30231;8423;516;28000;35
30232;8423;7;120000;14
30258;8430;323;4000;17
30259;8430;584;165000;26
30273;8435;454;15000;9
30274;8435;130;164000;33
30275;8435;1135;45000;7
30276;8436;1048;59000;2
30277;8436;627;58000;35
30288;8440;189;3000;15
30289;8440;528;199000;2
30290;8441;864;17000;38
30312;8446;424;3000;37
30313;8446;347;10000;30
30314;8446;564;38000;10
30315;8446;424;3000;37
30316;8446;347;10000;30
30317;8446;564;38000;10
30410;8473;403;8000;4
30424;8477;682;20000;26
30425;8477;710;150000;30
30435;8480;28;43000;6
30436;8480;28;43000;6
30442;8482;401;21000;6
30443;8482;359;2000;11
30453;8485;1101;51000;32
30454;8485;1101;51000;32
30480;8492;70;35000;33
30481;8492;359;2000;22
30482;8492;903;22000;23
30483;8492;903;22000;23
30492;8497;450;16000;15
30493;8497;136;141000;29
30494;8497;752;7000;19
30506;8501;1080;111000;28
30507;8501;891;25000;5
30508;8501;1080;111000;28
30509;8501;891;25000;5
30510;8501;1076;63000;5
30511;8501;42;99000;19
30570;8515;861;9000;8
30571;8515;861;9000;8
30572;8516;105;70000;34
30573;8516;105;70000;34
30574;8516;24;72000;17
30584;8521;121;149000;9
30585;8521;511;18000;29
30586;8522;710;150000;42
30587;8522;346;2000;18
30588;8522;527;39000;31
30589;8522;346;2000;18
30590;8522;527;39000;31
30591;8522;881;14000;36
30649;8534;621;11000;35
30650;8534;998;43000;19
30651;8534;570;15000;16
30652;8534;998;43000;19
30653;8534;570;15000;16
30655;8536;784;6000;10
30682;8542;655;65000;37
30686;8544;1081;57000;29
30687;8544;1079;53000;13
30701;8549;265;6000;5
30755;8561;179;10000;10
30756;8561;598;152000;12
30772;8565;1076;63000;14
30814;8576;1046;22000;6
30815;8576;797;4000;8
30817;8578;60;100000;22
30818;8578;60;100000;22
30819;8579;672;75000;33
30820;8579;672;75000;33
30821;8579;964;19000;5
30822;8580;88;43000;33
30823;8580;530;9000;1
30824;8580;530;9000;1
30839;8585;337;11000;15
30844;8587;464;91000;32
30845;8587;464;91000;32
30846;8588;657;87000;42
30847;8588;657;87000;42
30865;8594;948;9000;6
30866;8594;948;9000;6
30867;8594;742;19000;10
30893;8603;210;4000;31
30894;8603;210;4000;31
30895;8603;1002;19000;30
30896;8603;544;26000;19
30897;8604;657;87000;26
30927;8611;993;24000;28
30948;8615;489;11000;10
30963;8619;626;48000;23
30974;8625;538;14000;39
30975;8625;538;14000;39
30991;8629;495;57000;24
30992;8629;795;4000;5
30993;8629;1048;59000;18
30994;8629;1127;22000;6
31097;8655;1081;57000;23
31098;8655;1081;57000;23
31099;8655;642;72000;16
31115;8661;993;24000;6
31120;8663;209;9000;13
31121;8663;46;99000;7
31137;8666;1067;20000;9
31138;8667;641;130000;13
31139;8667;648;30000;16
31140;8667;1087;20000;12
31141;8668;274;23000;30
31142;8668;116;75000;36
31143;8669;627;58000;6
31144;8669;627;58000;6
31145;8669;300;6000;16
31173;8676;258;9000;17
31174;8676;727;37000;24
31175;8676;213;23000;6
31176;8676;213;23000;6
31198;8682;144;51000;42
31211;8687;64;23000;14
31212;8687;64;23000;14
31213;8687;461;13000;10
31242;8696;53;165000;24
31245;8698;371;8000;29
31265;8705;28;43000;41
31266;8705;28;43000;41
31278;8707;569;23000;20
31279;8708;600;30000;3
31280;8708;365;2000;34
31281;8708;911;2000;32
31282;8708;639;130000;37
31283;8708;911;2000;32
31284;8708;639;130000;37
31372;8733;956;27000;6
31373;8734;794;6000;19
31374;8734;991;14000;16
31375;8734;991;14000;16
31376;8734;191;12000;37
31377;8734;559;15000;7
31378;8734;632;130000;12
31383;8739;24;72000;9
31384;8739;228;8000;40
31396;8742;990;62000;7
31409;8747;422;5000;32
31410;8747;550;12000;34
31411;8747;1140;22000;3
31445;8758;577;5000;40
31446;8758;219;24000;4
31447;8758;219;24000;4
31448;8758;742;19000;23
31487;8768;36;200000;4
31488;8768;652;41000;33
31489;8768;398;3000;1
31496;8770;188;11000;4
31502;8773;958;12000;6
31503;8773;9;80000;19
31506;8775;330;5000;31
31507;8775;330;5000;31
31508;8775;525;35000;22
31509;8775;253;10000;16
31510;8776;689;35000;12
31591;8798;204;9000;12
31592;8798;204;9000;12
31593;8798;634;72000;36
31632;8807;940;30000;4
31633;8807;322;4000;9
31634;8807;431;8000;20
31635;8807;322;4000;9
31636;8807;431;8000;20
31637;8807;609;4000;33
31638;8807;863;14000;14
31725;8829;37;125000;26
31754;8836;61;100000;34
31756;8838;1132;19000;35
31757;8838;591;125000;27
31758;8838;1113;49000;21
31759;8840;256;8000;2
31760;8840;256;8000;2
31794;8852;127;166000;30
31795;8852;1049;33000;24
31796;8852;1049;33000;24
31797;8852;810;6000;6
31857;8865;867;16000;37
31858;8865;867;16000;37
31859;8866;1050;62000;16
31877;8874;652;41000;13
31881;8877;728;20000;16
31882;8877;266;6000;37
31883;8877;190;4000;6
31896;8881;589;220000;21
31897;8881;463;91000;23
31898;8881;589;220000;21
31899;8881;463;91000;23
31900;8882;912;32000;41
31901;8882;876;19000;28
31902;8882;876;19000;28
31903;8882;159;80000;42
31904;8882;75;55000;31
31962;8897;601;20000;21
31963;8897;825;3000;1
31964;8897;825;3000;1
31965;8899;14;99000;32
31966;8900;681;37000;27
31967;8900;663;55000;12
31985;8905;462;11000;3
31986;8905;462;11000;3
31987;8905;1092;30000;23
32014;8912;456;9000;17
32015;8912;1038;11000;4
32016;8913;389;6000;6
32017;8913;147;40000;7
32070;8925;237;6000;26
32071;8925;1129;19000;19
32072;8925;1129;19000;19
32073;8925;1057;60000;9
32074;8925;776;6000;6
32115;8933;68;45000;2
32116;8933;68;45000;2
32117;8934;752;7000;15
32118;8935;570;15000;3
32128;8939;991;14000;34
32129;8939;905;15000;30
32146;8944;1096;67000;22
32147;8944;1096;67000;22
32148;8945;331;5000;9
32149;8945;331;5000;9
32150;8945;101;120000;42
32207;8963;64;23000;17
32210;8965;641;130000;19
32211;8965;848;3000;5
32212;8965;848;3000;5
32213;8965;563;23000;9
32222;8969;974;17000;21
32223;8969;1091;100000;12
32224;8969;1007;62000;19
32225;8969;974;17000;21
32226;8969;1091;100000;12
32227;8969;1007;62000;19
32228;8969;994;6000;23
32229;8969;861;9000;5
32230;8969;1054;36000;10
32257;8978;174;79000;21
32258;8978;490;14000;41
32266;8981;604;10000;8
32267;8981;401;21000;4
32268;8981;604;10000;8
32269;8981;401;21000;4
32275;8983;1056;15000;31
32276;8983;518;27000;36
32277;8983;883;19000;27
32278;8983;518;27000;36
32279;8983;883;19000;27
32280;8983;399;5000;16
32330;8998;31;43000;2
32331;8998;996;170000;39
32332;8998;1116;53000;30
32333;8998;637;36000;40
32376;9011;131;132000;3
32377;9011;351;3000;31
32378;9011;382;6000;8
32379;9011;1103;9000;20
32380;9012;254;2000;3
32387;9014;529;10000;25
32411;9021;67;7000;34
32412;9021;67;7000;34
32413;9022;728;20000;31
32466;9038;939;28000;3
32467;9038;939;28000;3
32535;9058;53;165000;29
32536;9058;156;42000;38
32537;9058;1006;152000;24
32538;9058;1104;24000;20
32539;9058;255;2000;5
32545;9060;588;125000;42
32546;9060;455;15000;40
32547;9060;354;5000;25
32548;9060;386;6000;2
32568;9068;631;92000;14
32569;9068;810;6000;10
32570;9068;298;15000;5
32571;9068;435;15000;39
32644;9084;594;263000;10
32645;9084;594;263000;10
32646;9085;983;28000;25
32647;9085;449;9000;6
32653;9089;1038;11000;41
32654;9089;826;4000;4
32655;9089;1038;11000;41
32656;9089;826;4000;4
32657;9089;799;6000;21
32679;9095;518;27000;2
32680;9095;518;27000;2
32704;9103;494;15000;9
32705;9103;114;130000;41
32723;9107;789;6000;38
32724;9107;789;6000;38
32761;9120;873;13000;18
32762;9120;412;2000;13
32763;9120;483;21000;23
32769;9122;949;4000;14
32770;9122;1112;49000;8
32771;9122;951;9000;10
32772;9122;1112;49000;8
32773;9122;951;9000;10
32774;9122;930;10000;17
32796;9129;760;15000;15
32797;9129;841;6000;38
32844;9143;528;199000;2
32845;9143;528;199000;2
32846;9143;454;15000;23
32847;9143;962;37000;39
32848;9144;962;37000;32
32849;9144;276;11000;9
32850;9144;276;11000;9
32851;9144;681;37000;17
32868;9150;944;17000;15
32869;9150;944;17000;15
32872;9152;879;8000;18
32912;9159;267;6000;34
32913;9160;919;26000;1
32914;9160;405;22000;10
32948;9172;348;3000;27
32949;9172;511;18000;18
32950;9172;840;4000;9
32973;9178;12;85000;30
32974;9178;821;7000;27
32999;9185;107;130000;40
33000;9185;107;130000;40
33001;9185;898;32000;4
33032;9195;360;2000;8
33033;9195;650;62000;38
33042;9199;1142;6000;4
33086;9213;260;5000;41
33087;9213;397;3000;33
33108;9221;207;6000;23
33109;9221;1027;20000;34
33110;9221;950;4000;20
33111;9221;950;4000;20
33165;9232;767;5000;1
33166;9233;248;20000;4
33167;9233;463;91000;12
33191;9240;736;23000;12
33214;9248;421;2000;9
33215;9248;675;44000;40
33236;9253;108;120000;27
33237;9253;911;2000;28
33280;9266;361;2000;23
33281;9266;478;7000;19
33289;9269;805;20000;38
33294;9273;366;2000;29
33295;9273;700;51000;12
33313;9278;298;15000;8
33314;9278;298;15000;8
33315;9278;761;11000;9
33384;9297;574;12000;33
33385;9297;818;6000;6
33404;9302;623;134000;7
33405;9302;623;134000;7
33406;9302;164;38000;26
33407;9302;881;14000;7
33408;9303;689;35000;28
33427;9308;714;105000;23
33428;9308;432;12000;9
33429;9308;714;105000;23
33430;9308;432;12000;9
33431;9308;494;15000;25
33432;9308;1024;44000;12
33433;9308;982;37000;23
33434;9309;40;200000;28
33471;9316;609;4000;25
33472;9316;182;13000;4
33473;9316;609;4000;25
33474;9316;182;13000;4
33483;9321;747;22000;25
33486;9323;691;5000;2
33487;9323;182;13000;40
33488;9323;182;13000;40
33489;9323;823;13000;10
33495;9325;700;51000;40
33536;9335;514;11000;31
33584;9348;719;325000;3
33585;9348;978;29000;32
33586;9348;996;170000;13
33587;9348;780;5000;10
33667;9368;199;13000;24
33766;9398;792;9000;24
33771;9401;410;3000;12
33776;9403;455;15000;36
33777;9403;336;8000;25
33801;9407;1100;51000;35
33826;9413;958;12000;10
33827;9413;204;9000;27
33828;9413;204;9000;27
33840;9415;508;28000;1
33866;9423;548;34000;8
33867;9423;98;130000;20
33935;9444;1000;19000;40
33936;9444;186;9000;15
33956;9450;522;11000;8
33957;9450;522;11000;8
34042;9470;1073;15000;7
34059;9477;134;147000;36
34060;9477;134;147000;36
34061;9477;539;12000;3
34062;9477;1004;152000;36
34071;9480;838;5000;5
34072;9480;983;28000;24
34073;9480;983;28000;24
34074;9480;672;75000;20
34118;9490;276;11000;27
34119;9490;1010;18000;7
34125;9492;925;17000;7
34126;9492;266;6000;42
34127;9492;925;17000;7
34128;9492;266;6000;42
34129;9492;1001;19000;31
34130;9492;738;33000;12
34137;9494;541;22000;4
34138;9494;683;14000;27
34139;9494;683;14000;27
34140;9494;403;8000;30
34141;9494;989;15000;40
34159;9498;1097;68000;10
34160;9498;1097;68000;10
34166;9500;850;3000;29
34167;9500;850;3000;29
34168;9500;386;6000;42
34169;9500;421;2000;36
34170;9501;214;23000;9
34218;9513;585;365000;10
34219;9514;474;17000;21
34220;9514;1046;22000;35
34221;9514;1046;22000;35
34222;9514;841;6000;33
34223;9515;970;27000;14
34224;9515;689;35000;12
34225;9515;689;35000;12
34226;9515;365;2000;21
34258;9523;1123;34000;26
34259;9523;692;5000;27
34260;9523;1123;34000;26
34261;9523;692;5000;27
34262;9524;46;99000;31
34263;9524;46;99000;31
34264;9524;696;50000;26
34265;9525;932;15000;34
34266;9525;932;15000;34
34267;9525;967;19000;32
34268;9525;1138;20000;21
34275;9527;91;70000;29
34279;9529;316;2000;9
34280;9529;973;16000;15
34281;9530;1031;10000;4
34282;9530;1144;54000;38
34283;9530;144;51000;4
34284;9531;5;99000;15
34285;9531;5;99000;15
34286;9531;797;4000;12
34301;9537;884;22000;7
34302;9537;884;22000;7
34303;9537;1031;10000;33
34304;9538;744;8000;4
34305;9538;744;8000;4
34306;9538;352;3000;24
34317;9542;438;6000;29
34318;9542;469;8000;3
34333;9546;603;50000;26
34334;9546;85;44000;7
34335;9547;45;99000;31
34336;9547;550;12000;17
34337;9547;194;30000;35
34338;9547;497;57000;36
34346;9550;999;43000;40
34347;9550;999;43000;40
34348;9550;833;3000;41
34359;9555;511;18000;28
34378;9560;311;12000;12
34379;9560;504;16000;34
34385;9564;439;7000;19
34432;9577;751;5000;19
34433;9578;907;25000;24
34447;9582;871;14000;14
34448;9582;871;14000;14
34449;9582;452;33000;41
34461;9587;990;62000;16
34462;9587;547;7000;17
34503;9600;163;49000;6
34504;9600;424;3000;3
34505;9600;300;6000;39
34506;9600;424;3000;3
34507;9600;300;6000;39
34529;9607;395;4000;18
34530;9607;440;14000;9
34560;9614;918;22000;37
34561;9614;184;3000;8
34562;9614;571;9000;1
34563;9614;400;4000;1
34573;9618;358;2000;24
34574;9618;358;2000;24
34576;9620;148;54000;35
34590;9626;164;38000;40
34591;9626;1054;36000;37
34606;9631;514;11000;17
34607;9631;917;18000;17
34629;9636;314;2000;37
34630;9636;314;2000;37
34631;9636;874;13000;37
34647;9641;871;14000;32
34648;9641;250;6000;21
34665;9646;844;4000;29
34694;9653;1101;51000;39
34725;9663;480;22000;29
34726;9663;182;13000;25
34727;9663;182;13000;25
34728;9663;47;99000;15
34729;9663;877;40000;42
34796;9684;1045;20000;42
34819;9690;1032;10000;23
34904;9707;988;30000;8
34905;9707;988;30000;8
34906;9707;18;85000;14
34907;9707;38;200000;29
34908;9708;36;200000;29
34909;9708;457;16000;17
34934;9716;818;6000;42
34997;9732;439;7000;16
34998;9732;236;6000;40
34999;9732;623;134000;29
35000;9733;331;5000;35
35001;9733;1059;18000;37
35002;9733;1035;40000;24
35003;9733;1035;40000;24
35014;9736;443;14000;19
35023;9739;958;12000;37
35083;9759;975;17000;28
35118;9770;1091;100000;22
35119;9770;1051;30000;3
35120;9771;1067;20000;7
35121;9771;1032;10000;5
35122;9771;543;10000;12
35123;9771;1067;20000;7
35124;9771;1032;10000;5
35125;9771;543;10000;12
35126;9771;395;4000;17
35127;9771;718;285000;40
35134;9774;701;47000;27
35135;9774;551;25000;6
35188;9789;163;49000;41
35189;9789;986;27000;7
35190;9789;163;49000;41
35191;9789;986;27000;7
35192;9789;524;11000;6
35193;9790;1085;75000;17
35194;9790;1085;75000;17
35210;9796;904;22000;30
35211;9796;151;71000;14
35212;9796;739;48000;3
35213;9796;1068;41000;30
35247;9801;836;5000;1
35262;9805;963;19000;12
35263;9805;963;19000;12
35292;9813;585;365000;5
35305;9816;1015;36000;27
35306;9817;594;263000;22
35354;9827;1121;35000;40
35363;9831;720;71000;14
35364;9832;772;4000;5
35408;9843;146;71000;37
35409;9843;202;10000;14
35410;9843;146;71000;37
35411;9843;202;10000;14
35412;9843;479;15000;29
35413;9843;941;28000;28
35427;9849;37;125000;31
35428;9850;44;99000;17
35429;9850;627;58000;2
35430;9850;627;58000;2
35431;9850;437;13000;32
35432;9850;836;5000;15
35445;9855;881;14000;4
35446;9855;881;14000;4
35447;9855;830;6000;23
35448;9855;919;26000;15
35458;9859;936;44000;11
35459;9859;372;5000;26
35490;9867;980;23000;27
35491;9867;980;23000;27
35492;9867;941;28000;7
35493;9868;1069;15000;26
35494;9868;149;63000;7
35495;9868;402;8000;30
35517;9873;212;9000;3
35531;9876;268;6000;42
35570;9886;119;75000;39
35571;9886;655;65000;12
35572;9887;365;2000;22
35573;9887;654;63000;34
35574;9887;483;21000;12
35597;9895;631;92000;9
35598;9895;520;23000;4
35599;9896;952;98000;15
35600;9896;952;98000;15
35639;9908;75;55000;21
35640;9908;970;27000;33
35641;9908;970;27000;33
35642;9908;372;5000;39
35670;9916;771;6000;7
35671;9916;642;72000;5
35718;9928;514;11000;18
35754;9943;742;19000;13
35755;9943;15;89000;36
35756;9943;15;89000;36
35862;9970;450;16000;14
35863;9970;852;6000;13
35864;9970;513;8000;38
35865;9970;513;8000;38
35866;9970;671;33000;5
35873;9973;175;79000;19
35874;9973;175;79000;19
35947;9994;979;24000;27
35948;9995;873;13000;27
35949;9995;873;13000;27
35950;9995;744;8000;10
35953;9997;1068;41000;1
35954;9997;1068;41000;1
35955;9997;205;9000;5
35963;9999;762;11000;14
35964;9999;5;99000;16
35965;9999;762;11000;14
35966;9999;5;99000;16
35967;9999;1001;19000;10
35991;10009;38;200000;37
36007;10016;662;63000;4
36008;10016;241;3000;20
36009;10016;662;63000;4
36010;10016;241;3000;20
36011;10016;915;19000;23
36067;10030;59;105000;13
36068;10030;59;105000;13
36069;10030;752;7000;40
36093;10036;1077;13000;26
36094;10036;72;35000;14
36095;10036;72;35000;14
36096;10037;752;7000;19
36111;10042;239;6000;25
36112;10043;98;130000;26
36118;10045;1068;41000;9
36119;10045;1068;41000;9
36155;10053;576;31000;42
36156;10053;23;86000;31
36172;10060;13;85000;13
36173;10060;1007;62000;29
36196;10066;602;41000;34
36215;10075;554;6000;34
36216;10075;519;13000;7
36217;10075;554;6000;34
36218;10075;519;13000;7
36219;10076;830;6000;5
36220;10076;706;52000;8
36221;10076;694;45000;40
36222;10076;694;45000;40
36223;10076;798;6000;34
36224;10076;17;120000;17
36236;10079;1072;10000;11
36237;10080;241;3000;17
36238;10081;652;41000;21
36239;10081;928;14000;22
36240;10082;794;6000;1
36241;10082;852;6000;16
36242;10082;275;8000;21
36243;10082;852;6000;16
36244;10082;275;8000;21
36245;10082;927;5000;19
36257;10086;378;7000;34
36258;10086;378;7000;34
36278;10092;840;4000;8
36291;10096;405;22000;32
36292;10096;51;75000;9
36298;10099;93;49000;13
36311;10103;203;13000;42
36312;10103;67;7000;22
36344;10113;996;170000;36
36358;10117;530;9000;5
36359;10117;530;9000;5
36360;10118;890;22000;30
36368;10122;16;110000;9
36369;10122;16;110000;9
36420;10136;999;43000;31
36473;10150;1059;18000;23
36474;10150;1059;18000;23
36523;10163;847;8000;17
36524;10163;55;80000;12
36525;10164;1131;19000;18
36552;10173;494;15000;18
36553;10173;494;15000;18
36554;10173;1090;45000;38
36591;10183;615;7000;8
36592;10183;615;7000;8
36604;10187;989;15000;39
36605;10187;953;20000;26
36640;10198;673;41000;39
36641;10198;34;125000;32
36642;10198;834;5000;34
36712;10220;166;71000;12
36713;10220;256;8000;12
36714;10220;256;8000;12
36715;10221;387;9000;12
36716;10221;600;30000;10
36717;10221;1112;49000;2
36718;10221;600;30000;10
36719;10221;1112;49000;2
36720;10221;172;131000;23
36721;10221;1123;34000;29
36765;10231;496;57000;35
36766;10231;118;120000;12
36767;10231;63;23000;6
36768;10231;118;120000;12
36769;10231;63;23000;6
36770;10231;889;61000;7
36771;10231;1061;10000;1
36772;10231;581;11000;9
36819;10243;166;71000;16
36820;10243;166;71000;16
36844;10250;364;12000;11
36859;10254;924;9000;8
36860;10254;1087;20000;3
36861;10254;32;125000;24
36862;10254;330;5000;23
36863;10254;330;5000;23
36864;10254;567;27000;42
36865;10254;685;55000;13
36886;10260;232;20000;11
36887;10260;286;9000;37
36888;10260;723;125000;29
36891;10262;488;11000;9
36892;10262;223;4000;14
36962;10279;1036;40000;13
36994;10289;357;4000;12
36995;10289;126;134000;42
37023;10298;68;45000;39
37024;10298;68;45000;39
37026;10300;1143;35000;11
37027;10300;31;43000;25
37058;10310;705;102000;40
37068;10313;510;12000;12
37069;10313;400;4000;23
37070;10313;209;9000;29
37144;10337;881;14000;24
37145;10337;796;4000;39
37163;10342;754;4000;4
37164;10342;667;68000;3
37165;10342;869;24000;13
37166;10342;1074;33000;28
37167;10342;667;68000;3
37168;10342;869;24000;13
37169;10342;1074;33000;28
37221;10357;5;99000;21
37222;10357;1067;20000;34
37237;10360;73;45000;20
37238;10360;301;6000;39
37268;10370;639;130000;22
37269;10370;774;4000;8
37270;10371;945;28000;41
37271;10371;945;28000;41
37272;10371;33;200000;23
37277;10373;90;39000;22
37278;10373;90;39000;22
37279;10373;490;14000;4
37280;10373;802;3000;4
37346;10388;4;85000;40
37347;10388;4;85000;40
37390;10399;112;130000;16
37391;10400;990;62000;38
37392;10400;172;131000;26
37427;10413;327;2000;41
37428;10413;895;16000;38
37433;10416;241;3000;21
37455;10421;515;4000;36
37456;10421;52;60000;24
37457;10422;853;6000;18
37458;10422;853;6000;18
37529;10439;311;12000;15
37542;10444;522;11000;10
37543;10444;522;11000;10
37544;10444;964;19000;4
37648;10469;1009;20000;33
37649;10469;1009;20000;33
37650;10470;929;17000;22
37651;10470;105;70000;41
37652;10470;929;17000;22
37653;10470;105;70000;41
37654;10470;47;99000;18
37655;10471;831;6000;40
37656;10471;831;6000;40
37670;10476;447;8000;28
37671;10476;447;8000;28
37672;10476;915;19000;12
37673;10476;1138;20000;15
37765;10502;798;6000;35
37781;10505;1067;20000;24
37782;10505;1067;20000;24
37783;10505;217;14000;42
37819;10515;441;11000;30
37820;10516;883;19000;41
37821;10516;676;39000;23
37834;10520;28;43000;15
37835;10520;433;10000;26
37836;10521;539;12000;32
37837;10521;539;12000;32
37850;10525;503;19000;5
37851;10525;503;19000;5
37852;10525;786;7000;39
37853;10526;975;17000;26
37902;10539;529;10000;31
37943;10547;179;10000;8
37944;10547;498;8000;33
37945;10547;1010;18000;29
37963;10554;612;7000;25
37964;10554;947;4000;5
37965;10554;1042;19000;16
38018;10564;322;4000;20
38019;10564;863;14000;21
38035;10568;1014;15000;18
38043;10571;495;57000;32
38044;10571;283;13000;4
38045;10571;880;8000;41
38059;10577;1003;152000;42
38060;10577;1003;152000;42
38073;10582;221;62000;1
38074;10582;126;134000;39
38075;10582;126;134000;39
38124;10595;740;38000;32
38125;10595;740;38000;32
38126;10595;1118;53000;6
38191;10612;263;7000;22
38292;10640;440;14000;26
38293;10640;548;34000;11
38310;10644;327;2000;20
38311;10644;588;125000;4
38322;10648;1080;111000;5
38323;10648;1080;111000;5
38324;10648;264;6000;40
38366;10657;1050;62000;24
38367;10657;992;14000;37
38409;10668;420;2000;23
38410;10668;738;33000;31
38411;10668;738;33000;31
38412;10669;834;5000;14
38413;10669;743;7000;1
38414;10669;333;2000;2
38415;10670;850;3000;7
38416;10670;850;3000;7
38418;10672;644;36000;18
38419;10672;426;4000;13
38420;10672;426;4000;13
38421;10672;782;5000;34
38425;10674;436;16000;20
38426;10674;436;16000;20
38450;10684;298;15000;3
38451;10684;219;24000;20
38452;10684;763;11000;2
38453;10684;23;86000;30
38454;10685;1107;65000;38
38455;10685;431;8000;16
38474;10690;400;4000;27
38475;10690;400;4000;27
38494;10694;1019;36000;19
38498;10697;574;12000;7
38499;10697;574;12000;7
38518;10702;204;9000;4
38552;10711;863;14000;16
38553;10711;863;14000;16
38554;10711;927;5000;42
38555;10712;845;7000;15
38556;10712;679;17000;33
38587;10721;848;3000;6
38591;10723;179;10000;39
38607;10727;566;11000;41
38613;10729;302;7000;19
38614;10729;302;7000;19
38637;10736;512;19000;41
38672;10743;1083;57000;18
38673;10743;499;15000;4
38674;10743;879;8000;42
38675;10743;1071;26000;10
38676;10743;499;15000;4
38677;10743;879;8000;42
38678;10743;1071;26000;10
38679;10743;657;87000;7
38680;10744;753;4000;33
38681;10744;753;4000;33
38691;10746;1121;35000;9
38695;10748;310;12000;13
38713;10753;718;285000;29
38722;10756;901;100000;18
38723;10756;760;15000;19
38724;10756;901;100000;18
38725;10756;760;15000;19
38726;10756;33;200000;7
38727;10756;1088;45000;34
38750;10763;711;80000;37
38751;10763;594;263000;19
38752;10763;116;75000;21
38753;10763;733;25000;20
38754;10763;132;263000;32
38755;10763;316;2000;14
38787;10769;778;6000;42
38788;10769;617;19000;4
38789;10769;617;19000;4
38845;10786;333;2000;23
38846;10786;970;27000;31
38847;10786;970;27000;31
38848;10786;718;285000;10
38849;10786;824;6000;15
38850;10786;1019;36000;11
38851;10786;214;23000;31
38864;10791;1070;26000;4
38865;10791;503;19000;23
38866;10791;364;12000;7
38867;10791;174;79000;36
38868;10791;174;79000;36
38869;10791;784;6000;7
38870;10792;570;15000;40
38871;10792;152;63000;39
38872;10792;182;13000;39
38873;10792;182;13000;39
38882;10795;648;30000;35
38883;10795;174;79000;7
38884;10795;126;134000;19
38885;10795;128;132000;10
38887;10797;559;15000;26
38888;10797;567;27000;16
38889;10797;567;27000;16
38890;10797;266;6000;35
38891;10797;665;145000;14
38892;10797;1013;18000;31
38893;10798;271;6000;27
38917;10807;774;4000;26
38931;10811;1016;36000;9
38932;10811;1016;36000;9
38963;10820;357;4000;38
38991;10827;1008;15000;8
38992;10827;1008;15000;8
38993;10827;1016;36000;7
38994;10827;427;3000;25
38995;10827;32;125000;40
39021;10834;195;27000;20
39022;10834;848;3000;26
39023;10834;380;7000;19
39024;10834;1031;10000;28
39035;10838;1085;75000;17
39036;10838;374;15000;42
39037;10838;374;15000;42
39038;10838;304;2000;34
39046;10841;854;6000;4
39047;10841;854;6000;4
39059;10846;34;125000;29
39102;10857;231;7000;17
39103;10857;231;7000;17
39104;10857;782;5000;42
39157;10875;1040;12000;33
39158;10875;1040;12000;33
39159;10875;607;6000;41
39191;10884;706;52000;4
39192;10884;1038;11000;42
39193;10884;191;12000;42
39232;10895;565;23000;11
39233;10895;837;5000;9
39234;10895;942;17000;30
39235;10895;942;17000;30
39236;10895;184;3000;25
39271;10904;962;37000;1
39272;10904;293;8000;15
39286;10908;629;30000;8
39287;10908;424;3000;41
39288;10908;1096;67000;12
39289;10908;424;3000;41
39290;10908;1096;67000;12
39318;10916;551;25000;25
39319;10916;185;3000;10
39320;10916;185;3000;10
39321;10916;166;71000;38
39333;10921;474;17000;10
39334;10921;754;4000;20
39335;10921;754;4000;20
39367;10932;819;6000;18
39368;10932;1072;10000;33
39488;10971;1034;17000;9
39489;10971;1034;17000;9
39490;10972;816;7000;3
39491;10972;456;9000;12
39492;10972;1054;36000;17
39493;10972;456;9000;12
39494;10972;1054;36000;17
39531;10982;865;14000;20
39532;10982;241;3000;41
39539;10985;501;13000;31
39589;10999;259;4000;28
39590;11000;835;5000;40
39591;11001;676;39000;6
39592;11001;743;7000;5
39669;11022;186;9000;7
39670;11023;1096;67000;25
39671;11023;570;15000;20
39672;11023;570;15000;20
39716;11034;463;91000;10
39717;11034;463;91000;10
39718;11034;12;85000;34
39719;11034;425;3000;4
39724;11036;278;9000;1
39733;11039;384;6000;16
39734;11039;384;6000;16
39735;11039;364;12000;27
39736;11039;128;132000;16
39749;11043;1027;20000;16
39793;11056;90;39000;33
39794;11056;169;133000;21
39795;11056;169;133000;21
39796;11057;1034;17000;5
39797;11058;1061;10000;19
39798;11058;925;17000;15
39799;11058;925;17000;15
39800;11058;140;24000;37
39801;11058;74;35000;38
39811;11063;726;125000;25
39812;11063;460;9000;6
39813;11063;379;4000;2
39814;11063;379;4000;2
39815;11063;628;56000;35
39816;11063;962;37000;15
39817;11063;726;125000;11
39840;11072;764;5000;14
39841;11073;887;60000;27
39842;11073;620;40000;35
39843;11073;130;164000;22
39861;11081;22;72000;29
39862;11081;22;72000;29
39864;11083;852;6000;38
39865;11084;390;12000;28
39866;11084;390;12000;28
39867;11084;356;4000;24
39874;11086;528;199000;32
39902;11094;232;20000;11
39903;11094;35;200000;18
39904;11094;35;200000;18
39929;11101;947;4000;7
39930;11101;947;4000;7
39931;11101;1008;15000;22
39950;11107;1015;36000;18
39951;11107;434;7000;11
39952;11107;434;7000;11
39973;11112;232;20000;17
39974;11112;966;17000;10
39975;11112;569;23000;38
39976;11112;569;23000;38
40003;11120;549;18000;24
40004;11121;756;5000;35
40005;11121;756;5000;35
40006;11121;1144;54000;19
40035;11132;862;27000;31
40036;11132;47;99000;39
40037;11132;47;99000;39
40038;11132;108;120000;2
40053;11136;792;9000;23
40054;11137;709;5000;10
40055;11137;709;5000;10
40071;11142;311;12000;12
40122;11156;377;7000;26
40172;11170;720;71000;4
40189;11176;9;80000;7
40196;11180;1122;28000;10
40197;11180;1122;28000;10
40198;11180;433;10000;11
40199;11180;861;9000;20
40217;11184;680;22000;1
40218;11184;127;166000;37
40229;11187;878;8000;36
40230;11187;621;11000;16
40231;11187;878;8000;36
40232;11187;621;11000;16
40237;11189;85;44000;8
40238;11189;847;8000;9
40239;11189;85;44000;8
40240;11189;847;8000;9
40241;11189;452;33000;19
40257;11195;340;3000;10
40258;11196;824;6000;36
40259;11196;824;6000;36
40260;11196;1069;15000;30
40266;11198;261;10000;40
40267;11198;671;33000;22
40276;11201;1123;34000;26
40277;11201;1123;34000;26
40278;11201;1124;25000;11
40284;11203;361;2000;17
40285;11203;817;5000;19
40286;11203;817;5000;19
40287;11203;251;5000;31
40288;11203;41;125000;14
40289;11203;166;71000;20
40300;11207;795;4000;34
40361;11222;748;33000;4
40362;11222;917;18000;30
40363;11222;918;22000;7
40364;11222;249;9000;26
40379;11227;595;57000;40
40380;11227;533;14000;5
40381;11227;403;8000;37
40430;11239;165;48000;41
40431;11239;325;4000;25
40432;11239;7;120000;34
40433;11239;126;134000;3
40434;11239;7;120000;34
40435;11239;126;134000;3
40436;11239;459;13000;29
40452;11245;514;11000;21
40453;11245;514;11000;21
40472;11252;288;21000;39
40482;11255;583;10000;21
40483;11255;583;10000;21
40484;11255;71;45000;7
40607;11290;1111;49000;33
40608;11290;1111;49000;33
40609;11291;624;12000;5
40610;11291;624;12000;5
40620;11295;1070;26000;3
40639;11300;1139;8000;27
40640;11300;1139;8000;27
40641;11300;444;4000;6
40648;11303;936;44000;36
40649;11303;935;46000;15
40702;11319;401;21000;35
40733;11328;911;2000;18
40734;11328;911;2000;18
40745;11333;1066;10000;17
40799;11345;833;3000;27
40800;11345;833;3000;27
40801;11345;767;5000;10
40802;11345;126;134000;10
40803;11345;12;85000;39
40815;11348;50;125000;24
40816;11348;370;4000;15
40833;11353;979;24000;25
40834;11353;979;24000;25
40835;11353;83;44000;20
40836;11353;561;15000;12
40877;11364;918;22000;30
40878;11365;908;26000;11
40879;11365;553;33000;8
40880;11365;66;2000;42
40900;11371;411;3000;40
40901;11371;1014;15000;21
40988;11395;997;43000;39
40989;11395;581;11000;41
40995;11398;1039;11000;9
40996;11398;31;43000;37
40997;11398;1043;20000;24
41042;11412;222;23000;37
41104;11428;582;10000;10
41105;11428;582;10000;10
41106;11428;326;4000;2
41153;11444;27;72000;35
41154;11444;696;50000;37
41155;11444;1016;36000;3
41156;11444;230;10000;39
41172;11450;562;10000;15
41173;11450;929;17000;5
41174;11450;929;17000;5
41175;11450;280;22000;12
41176;11450;712;38000;14
41177;11451;471;17000;6
41178;11451;1144;54000;7
41179;11452;500;23000;23
41180;11452;728;20000;29
41181;11452;728;20000;29
41192;11455;454;15000;6
41199;11458;211;64000;1
41200;11458;211;64000;1
41201;11458;317;2000;38
41209;11461;388;6000;6
41210;11461;1103;9000;17
41211;11461;1103;9000;17
41253;11468;900;100000;33
41254;11468;611;20000;2
41255;11468;900;100000;33
41256;11468;611;20000;2
41341;11490;4;85000;29
41345;11492;706;52000;35
41346;11492;977;15000;16
41347;11492;955;48000;25
41348;11492;955;48000;25
41349;11492;170;132000;40
41350;11492;331;5000;23
41356;11495;702;100000;31
41357;11495;856;245000;42
41358;11495;856;245000;42
41359;11495;26;72000;36
41369;11500;288;21000;12
41386;11507;413;3000;22
41411;11516;109;139000;24
41412;11516;109;139000;24
41413;11516;272;9000;35
41414;11516;1106;19000;4
41428;11523;166;71000;37
41429;11523;166;71000;37
41430;11523;944;17000;32
41431;11523;1060;18000;25
41432;11524;139;24000;14
41433;11525;387;9000;17
41434;11526;42;99000;36
41435;11526;142;53000;16
41436;11526;122;148000;32
41465;11535;1031;10000;40
41473;11539;719;325000;2
41474;11539;719;325000;2
41485;11542;925;17000;32
41489;11545;554;6000;24
41490;11545;554;6000;24
41491;11545;188;11000;37
41492;11545;286;9000;8
41493;11546;543;10000;24
41494;11546;1078;47000;11
41495;11546;335;6000;12
41496;11547;628;56000;17
41497;11547;628;56000;17
41498;11547;822;7000;12
41499;11547;361;2000;22
41500;11548;868;21000;17
41501;11548;868;21000;17
41592;11571;41;125000;7
41593;11571;472;12000;3
41594;11571;472;12000;3
41595;11571;983;28000;29
41596;11571;805;20000;34
41597;11572;656;59000;42
41598;11572;506;11000;5
41599;11572;690;20000;37
41600;11572;506;11000;5
41601;11572;690;20000;37
41602;11573;1105;8000;30
41603;11573;1064;126000;36
41643;11584;458;9000;16
41653;11587;187;9000;23
41670;11593;388;6000;2
41671;11593;259;4000;1
41672;11593;757;17000;41
41673;11593;766;5000;33
41674;11593;757;17000;41
41675;11593;766;5000;33
41676;11593;622;41000;33
41677;11593;599;97000;32
41705;11601;854;6000;40
41706;11601;211;64000;25
41707;11601;631;92000;27
41708;11601;631;92000;27
41713;11603;296;31000;20
41714;11603;296;31000;20
41744;11611;1131;19000;28
41776;11624;804;3000;41
41777;11624;628;56000;7
41778;11624;896;35000;19
41805;11630;686;39000;26
41806;11631;872;14000;24
41807;11631;552;93000;41
41808;11631;182;13000;31
41810;11633;1005;152000;25
41811;11633;1120;35000;18
41828;11637;1118;53000;39
41829;11637;1118;53000;39
41833;11640;1059;18000;4
41834;11640;561;15000;16
41847;11645;572;9000;4
41869;11651;1007;62000;11
41870;11651;1007;62000;11
41915;11662;98;130000;16
41987;11683;317;2000;37
41988;11683;525;35000;5
41989;11683;519;13000;31
42000;11687;639;130000;11
42001;11687;639;130000;11
42021;11694;555;11000;12
42024;11697;490;14000;19
42025;11697;490;14000;19
42107;11721;658;59000;6
42108;11721;948;9000;9
42109;11721;1059;18000;31
42110;11721;658;59000;6
42111;11721;948;9000;9
42112;11721;1059;18000;31
42113;11721;767;5000;18
42118;11723;692;5000;3
42119;11723;692;5000;3
42154;11733;942;17000;1
42155;11733;942;17000;1
42156;11734;986;27000;30
42157;11734;111;75000;8
42158;11735;804;3000;14
42159;11735;676;39000;23
42160;11735;1067;20000;28
42161;11735;676;39000;23
42162;11735;1067;20000;28
42163;11735;730;26000;16
42210;11748;746;41000;27
42211;11748;746;41000;27
42222;11751;179;10000;17
42270;11765;133;150000;8
42271;11765;731;26000;28
42342;11785;400;4000;30
42343;11785;1122;28000;34
42365;11793;945;28000;22
42366;11793;281;22000;28
42367;11793;281;22000;28
42374;11795;190;4000;8
42394;11801;649;30000;40
42461;11817;566;11000;1
42462;11817;853;6000;28
42463;11817;1027;20000;7
42464;11817;825;3000;13
42465;11817;825;3000;13
42466;11817;492;5000;28
42467;11817;773;4000;12
42476;11821;455;15000;25
42477;11821;633;92000;26
42478;11821;678;43000;40
42479;11821;973;16000;36
42486;11824;452;33000;4
42487;11824;1051;30000;13
42488;11824;452;33000;4
42489;11824;1051;30000;13
42531;11837;1107;65000;16
42532;11838;649;30000;18
42533;11838;539;12000;40
42534;11838;539;12000;40
42539;11841;576;31000;12
42540;11841;882;14000;26
42541;11841;327;2000;37
42576;11851;113;159000;13
42582;11854;991;14000;38
42583;11854;231;7000;39
42602;11859;576;31000;40
42603;11859;830;6000;12
42604;11859;576;31000;40
42605;11859;830;6000;12
42627;11865;670;35000;3
42628;11865;701;47000;38
42641;11869;709;5000;31
42642;11869;332;2000;37
42643;11869;332;2000;37
42644;11869;1112;49000;17
42717;11883;351;3000;3
42718;11883;17;120000;23
42719;11884;441;11000;25
42720;11885;251;5000;6
42721;11885;57;67000;35
42722;11885;251;5000;6
42723;11885;57;67000;35
42724;11885;651;41000;34
42781;11899;556;5000;27
42782;11899;382;6000;26
42783;11900;960;27000;17
42784;11900;1113;49000;3
42785;11900;80;99000;2
42793;11903;187;9000;28
42794;11903;30;72000;41
42795;11903;643;33000;19
42805;11906;969;15000;24
42806;11906;854;6000;34
42807;11906;827;3000;19
42824;11910;100;139000;1
42825;11910;6;120000;35
42854;11917;660;65000;40
42872;11924;91;70000;7
42873;11924;379;4000;38
42874;11924;379;4000;38
42875;11924;511;18000;23
42876;11924;786;7000;23
42898;11931;259;4000;8
42911;11936;526;10000;13
42912;11936;52;60000;38
42913;11936;52;60000;38
42914;11936;625;51000;21
42915;11936;901;100000;9
42926;11939;1012;89000;4
42927;11939;491;10000;34
42928;11939;1012;89000;4
42929;11939;491;10000;34
42946;11943;245;7000;34
42947;11943;615;7000;11
42948;11943;275;8000;42
42949;11943;275;8000;42
42985;11951;828;7000;5
42986;11951;828;7000;5
42987;11951;559;15000;25
42988;11952;762;11000;34
42989;11952;6;120000;29
42990;11952;229;6000;18
42994;11954;475;13000;20
42995;11954;324;4000;34
43008;11960;992;14000;1
43009;11960;992;14000;1
43010;11960;1137;148000;37
43112;11989;1043;20000;36
43113;11989;1043;20000;36
43126;11992;939;28000;24
43127;11992;939;28000;24
43145;11998;553;33000;30
43151;12001;876;19000;35
43152;12001;665;145000;16
43153;12001;993;24000;32
43159;12004;791;6000;13
43160;12004;791;6000;13
43176;12009;207;6000;32
43177;12009;193;10000;39
43178;12009;95;105000;12
43179;12009;193;10000;39
43180;12009;95;105000;12
43181;12009;1140;22000;30
43187;12012;660;65000;11
43188;12012;47;99000;7
43202;12015;799;6000;4
43203;12015;915;19000;26
43249;12027;944;17000;42
43250;12027;1056;15000;29
43288;12036;97;149000;38
43289;12036;459;13000;9
43290;12037;750;5000;37
43291;12037;716;185000;5
43319;12043;140;24000;32
43320;12043;140;24000;32
43350;12052;883;19000;39
43351;12052;883;19000;39
43354;12055;38;200000;23
43355;12055;38;200000;23
43365;12057;836;5000;2
43375;12060;445;12000;8
43376;12060;371;8000;26
43451;12081;360;2000;15
43452;12081;683;14000;6
43516;12098;150;58000;27
43533;12102;355;2000;16
43562;12111;105;70000;12
43563;12111;105;70000;12
43564;12111;819;6000;35
43565;12111;515;4000;5
43568;12113;1042;19000;2
43569;12113;1042;19000;2
43582;12118;76;45000;26
43583;12118;963;19000;15
43588;12120;767;5000;39
43589;12120;640;92000;14
43591;12122;539;12000;17
43592;12122;539;12000;17
43628;12136;1082;111000;10
43629;12136;1082;111000;10
43630;12137;382;6000;31
43631;12137;193;10000;33
43632;12138;733;25000;15
43645;12143;82;49000;14
43646;12143;1009;20000;11
43647;12143;821;7000;26
43653;12145;837;5000;39
43670;12153;1069;15000;10
43671;12153;1069;15000;10
43672;12153;156;42000;40
43704;12162;780;5000;41
43705;12162;780;5000;41
43711;12164;620;40000;31
43733;12171;705;102000;40
43734;12171;705;102000;40
43735;12171;811;6000;15
43774;12184;423;5000;28
43775;12184;373;19000;32
43776;12184;88;43000;37
43794;12188;170;132000;23
43795;12188;554;6000;29
43796;12188;170;132000;23
43797;12188;554;6000;29
43798;12188;359;2000;2
43801;12190;350;2000;16
43826;12195;18;85000;5
43827;12195;1101;51000;24
43875;12210;157;65000;31
43876;12210;157;65000;31
43877;12210;1058;60000;7
43890;12214;421;2000;3
43933;12224;566;11000;28
43934;12224;970;27000;41
43984;12236;204;9000;34
43985;12236;1058;60000;32
43986;12236;1058;60000;32
43994;12239;112;130000;11
43995;12239;112;130000;11
43996;12239;77;35000;40
43997;12239;708;5000;40
44017;12249;521;15000;36
44018;12249;392;4000;41
44019;12250;709;5000;17
44020;12250;709;5000;17
44021;12250;33;200000;11
44050;12259;802;3000;26
44056;12261;509;28000;2
44057;12261;1131;19000;33
44058;12261;1070;26000;6
44087;12269;887;60000;29
44088;12269;1118;53000;10
44089;12269;887;60000;29
44090;12269;1118;53000;10
44149;12284;1061;10000;22
44150;12284;1061;10000;22
44220;12305;997;43000;17
44227;12307;84;44000;33
44228;12307;1139;8000;15
44229;12307;606;41000;6
44230;12307;1139;8000;15
44231;12307;606;41000;6
44284;12322;1008;15000;9
44285;12322;762;11000;10
44286;12322;1134;20000;34
44287;12322;762;11000;10
44288;12322;1134;20000;34
44289;12323;403;8000;3
44319;12335;422;5000;32
44320;12335;635;30000;24
44343;12342;236;6000;6
44344;12342;932;15000;34
44345;12342;932;15000;34
44346;12342;329;4000;22
44354;12344;1090;45000;32
44357;12346;900;100000;18
44358;12346;900;100000;18
44359;12346;325;4000;11
44422;12361;654;63000;6
44423;12361;869;24000;33
44424;12362;214;23000;16
44425;12363;425;3000;12
44426;12363;425;3000;12
44427;12363;352;3000;16
44446;12368;1037;39000;18
44447;12368;1037;39000;18
44481;12381;736;23000;40
44482;12381;94;44000;2
44519;12392;943;28000;6
44520;12392;943;28000;6
44532;12398;667;68000;15
44533;12398;322;4000;31
44534;12398;66;2000;3
44535;12398;66;2000;3
44536;12398;770;6000;41
44558;12405;956;27000;40
44559;12405;1087;20000;35
44560;12405;327;2000;20
44572;12411;1010;18000;19
44575;12413;313;2000;10
44576;12413;313;2000;10
44577;12413;117;109000;37
44578;12413;1138;20000;34
44579;12413;69;45000;7
44634;12430;941;28000;4
44635;12431;556;5000;28
44636;12431;556;5000;28
44660;12442;236;6000;29
44661;12443;415;2000;35
44668;12446;388;6000;32
44676;12449;3;85000;19
44677;12449;1132;19000;12
44678;12449;1132;19000;12
44687;12453;682;20000;4
44688;12453;682;20000;4
44689;12453;957;27000;28
44698;12456;461;13000;41
44704;12458;527;39000;15
44705;12458;527;39000;15
44715;12462;787;7000;7
44720;12466;268;6000;41
44721;12466;407;22000;38
44722;12467;952;98000;37
44761;12481;330;5000;13
44764;12483;21;60000;18
44765;12483;21;60000;18
44766;12483;610;8000;17
44785;12487;961;27000;39
44786;12487;961;27000;39
44828;12499;1114;38000;36
44829;12499;1114;38000;36
44830;12499;121;149000;5
44837;12502;172;131000;23
44838;12502;754;4000;33
44839;12502;273;19000;34
44840;12503;30;72000;30
44864;12508;339;8000;17
44877;12511;868;21000;1
44878;12511;868;21000;1
44903;12518;622;41000;28
44904;12518;863;14000;4
44911;12521;912;32000;9
44912;12521;912;32000;9
44913;12521;807;3000;30
44921;12523;1027;20000;13
44922;12523;1027;20000;13
44942;12528;361;2000;41
44983;12537;848;3000;25
44988;12539;883;19000;37
44989;12540;189;3000;9
44990;12540;790;6000;4
44991;12540;790;6000;4
44992;12540;857;14000;3
45031;12551;918;22000;5
45032;12551;478;7000;22
45033;12551;918;22000;5
45034;12551;478;7000;22
45054;12557;11;85000;11
45058;12559;854;6000;3
45059;12559;606;41000;27
45060;12560;602;41000;2
45061;12560;95;105000;28
45062;12560;436;16000;37
45063;12560;24;72000;32
45064;12560;217;14000;3
45065;12560;436;16000;37
45066;12560;24;72000;32
45067;12560;217;14000;3
45071;12562;563;23000;39
45072;12563;43;99000;23
45073;12563;777;6000;39
45104;12573;574;12000;9
45123;12579;461;13000;25
45124;12579;900;100000;34
45125;12580;71;45000;33
45131;12582;253;10000;18
45132;12582;389;6000;13
45133;12582;200;7000;14
45137;12584;816;7000;12
45138;12584;21;60000;33
45139;12584;980;23000;9
45140;12584;980;23000;9
45153;12588;552;93000;4
45154;12588;180;10000;33
45155;12589;146;71000;16
45156;12589;641;130000;24
45157;12589;641;130000;24
45158;12589;212;9000;24
45159;12589;1090;45000;21
45208;12602;542;10000;30
45209;12602;1131;19000;21
45210;12602;1131;19000;21
45211;12602;670;35000;9
45212;12602;1095;99000;21
45213;12604;1102;8000;39
45214;12604;295;22000;29
45222;12608;172;131000;39
45229;12611;299;4000;40
45230;12611;1049;33000;25
45231;12611;1049;33000;25
45232;12611;833;3000;2
45277;12623;369;8000;17
45280;12625;103;130000;11
45320;12636;946;11000;33
45321;12636;449;9000;17
45322;12636;946;11000;33
45323;12636;449;9000;17
45335;12640;579;7000;20
45336;12641;915;19000;19
45337;12641;471;17000;29
45338;12643;88;43000;28
45339;12643;88;43000;28
45340;12643;458;9000;9
45341;12643;393;4000;14
45349;12646;621;11000;6
45350;12646;621;11000;6
45395;12659;460;9000;1
45404;12661;974;17000;16
45405;12661;849;3000;15
45448;12671;891;25000;37
45449;12671;12;85000;2
45460;12674;717;230000;36
45461;12674;84;44000;39
45462;12674;84;44000;39
45463;12675;578;22000;25
45500;12681;475;13000;19
45501;12681;318;2000;37
45518;12685;152;63000;14
45519;12685;526;10000;30
45520;12685;888;61000;17
45541;12691;807;3000;5
45542;12691;157;65000;42
45543;12691;807;3000;5
45544;12691;157;65000;42
45588;12702;159;80000;21
45589;12702;643;33000;7
45590;12702;1144;54000;25
45591;12702;643;33000;7
45592;12702;1144;54000;25
45593;12702;262;7000;16
45594;12702;474;17000;26
45625;12710;909;22000;16
45626;12710;909;22000;16
45643;12715;432;12000;19
45644;12715;106;75000;32
45645;12715;890;22000;1
45646;12716;987;6000;23
45647;12716;987;6000;23
45700;12731;412;2000;16
45716;12736;1062;24000;14
45717;12736;162;54000;10
45725;12739;323;4000;9
45772;12751;675;44000;3
45773;12751;660;65000;40
45774;12751;660;65000;40
45775;12751;610;8000;1
45776;12751;1058;60000;23
45777;12751;433;10000;1
45861;12770;515;4000;22
45862;12770;105;70000;5
45863;12770;105;70000;5
45864;12770;1023;14000;21
45877;12775;655;65000;3
45878;12775;180;10000;27
45901;12780;612;7000;11
45902;12780;251;5000;30
45903;12782;1104;24000;42
45904;12782;1104;24000;42
45905;12782;427;3000;11
45906;12783;1115;25000;33
45907;12784;280;22000;35
45908;12784;996;170000;34
45909;12784;761;11000;30
45910;12784;761;11000;30
45911;12784;819;6000;26
45940;12791;381;4000;14
45941;12792;1011;47000;23
45942;12792;1011;47000;23
45943;12792;321;4000;16
45948;12794;1056;15000;21
45949;12794;120;120000;39
45969;12800;413;3000;18
46001;12807;1060;18000;14
46002;12807;1060;18000;14
46008;12810;699;101000;35
46020;12814;17;120000;8
46067;12825;852;6000;35
46068;12825;852;6000;35
46069;12825;1102;8000;4
46070;12825;70;35000;12
46131;12841;211;64000;27
46157;12846;594;263000;40
46158;12846;637;36000;22
46208;12856;192;12000;34
46234;12861;564;38000;5
46266;12870;824;6000;22
46267;12870;824;6000;22
46285;12874;927;5000;31
46286;12874;360;2000;31
46287;12874;360;2000;31
46288;12875;1100;51000;36
46295;12878;216;59000;18
46296;12878;216;59000;18
46297;12878;991;14000;39
46298;12878;111;75000;9
46299;12878;336;8000;6
46324;12887;618;21000;26
46325;12887;366;2000;3
46342;12894;963;19000;42
46343;12894;653;49000;41
46350;12897;167;82000;40
46351;12897;533;14000;18
46352;12897;167;82000;40
46353;12897;533;14000;18
46357;12899;977;15000;38
46358;12899;822;7000;23
46359;12899;54;75000;11
46360;12899;663;55000;4
46361;12899;971;10000;6
46380;12904;670;35000;14
46381;12904;241;3000;4
46405;12911;412;2000;11
46406;12911;412;2000;11
46407;12911;464;91000;19
46458;12925;47;99000;18
46474;12928;335;6000;35
46487;12933;1143;35000;19
46488;12933;1143;35000;19
46496;12937;141;38000;32
46507;12939;83;44000;2
46508;12939;1109;47000;21
46517;12944;1090;45000;34
46518;12944;898;32000;13
46519;12944;884;22000;42
46540;12949;122;148000;15
46541;12949;122;148000;15
46542;12949;1079;53000;4
46572;12959;973;16000;29
46576;12962;727;37000;33
46577;12962;990;62000;20
46578;12962;442;16000;7
46579;12962;181;10000;38
46622;12973;1005;152000;19
46623;12973;190;4000;7
46683;12991;805;20000;24
46684;12991;153;54000;29
46691;12994;916;20000;7
46692;12994;680;22000;15
46693;12994;916;20000;7
46694;12994;680;22000;15
46695;12994;354;5000;28
46696;12994;93;49000;25
46702;12996;1090;45000;23
46716;13000;521;15000;37
46721;13002;93;49000;30
46736;13007;715;110000;12
46798;13025;273;19000;1
46799;13025;620;40000;35
46800;13025;509;28000;4
46804;13028;974;17000;38
46805;13028;224;3000;17
46822;13034;610;8000;42
46854;13047;387;9000;31
46878;13055;798;6000;39
46879;13056;337;11000;33
46880;13056;81;47000;30
46951;13076;341;3000;28
46961;13080;875;13000;41
46962;13080;875;13000;41
46971;13083;779;13000;25
47005;13093;953;20000;1
47033;13100;1047;22000;14
47034;13101;848;3000;6
47035;13101;889;61000;22
47036;13101;848;3000;6
47037;13101;889;61000;22
47038;13101;381;4000;42
47039;13101;656;59000;26
47067;13108;96;149000;10
47068;13108;919;26000;3
47069;13108;96;149000;10
47070;13108;919;26000;3
47071;13108;356;4000;20
47083;13112;203;13000;34
47084;13112;925;17000;29
47085;13112;925;17000;29
47105;13117;984;48000;36
47106;13117;233;17000;5
47107;13117;437;13000;41
47113;13119;830;6000;41
47114;13119;830;6000;41
47115;13119;478;7000;27
47138;13128;50;125000;33
47139;13128;477;16000;3
47140;13128;1063;13000;23
47141;13129;823;13000;25
47142;13129;153;54000;39
47144;13131;155;79000;14
47145;13131;108;120000;28
47221;13151;520;23000;16
47222;13151;520;23000;16
47223;13151;741;38000;11
47232;13156;1006;152000;25
47233;13156;585;365000;29
47234;13156;191;12000;14
47284;13170;686;39000;7
47285;13170;923;9000;25
47286;13170;1017;36000;5
47287;13170;923;9000;25
47288;13170;1017;36000;5
47289;13170;505;19000;11
47290;13170;802;3000;25
47291;13170;296;31000;22
47319;13181;577;5000;28
47320;13181;577;5000;28
47321;13181;397;3000;7
47322;13181;566;11000;34
47332;13185;26;72000;36
47333;13185;689;35000;14
47355;13189;860;45000;28
47356;13189;860;45000;28
47366;13193;1081;57000;38
47388;13200;767;5000;21
47389;13200;180;10000;16
47390;13200;278;9000;16
47428;13214;969;15000;1
47429;13214;122;148000;37
47430;13214;122;148000;37
47470;13226;979;24000;24
47471;13226;979;24000;24
47472;13226;128;132000;28
47473;13226;973;16000;33
47480;13228;265;6000;22
47490;13231;171;131000;22
47491;13231;171;131000;22
47511;13236;671;33000;37
47555;13245;259;4000;16
47556;13246;1005;152000;37
47611;13259;262;7000;33
47612;13259;858;19000;40
47628;13264;286;9000;1
47629;13264;1033;32000;19
47632;13266;971;10000;28
47633;13266;971;10000;28
47634;13266;213;23000;23
47691;13282;267;6000;13
47692;13282;267;6000;13
47693;13282;877;40000;8
47695;13284;400;4000;22
47721;13292;889;61000;39
47722;13292;961;27000;11
47723;13292;961;27000;11
47744;13299;1121;35000;8
47745;13300;667;68000;18
47750;13302;807;3000;32
47796;13314;997;43000;31
47813;13318;204;9000;5
47814;13318;443;14000;37
47842;13325;449;9000;31
47871;13333;906;22000;24
47872;13333;906;22000;24
47891;13340;364;12000;35
47892;13340;615;7000;14
47935;13356;210;4000;1
47940;13358;517;27000;17
47951;13361;603;50000;8
47955;13364;287;22000;21
47976;13372;544;26000;38
47993;13377;241;3000;2
48034;13388;147;40000;42
48035;13388;147;40000;42
48051;13393;459;13000;9
48052;13393;722;34000;40
48053;13393;352;3000;11
48054;13393;916;20000;29
48100;13405;191;12000;33
48131;13414;1077;13000;30
48141;13419;469;8000;42
48210;13439;375;8000;42
48211;13439;251;5000;35
48212;13440;730;26000;22
48213;13440;693;60000;39
48214;13440;693;60000;39
48223;13444;310;12000;39
48224;13444;712;38000;42
48237;13450;683;14000;8
48238;13450;41;125000;38
48281;13464;702;100000;30
48304;13471;326;4000;5
48305;13472;562;10000;2
48306;13472;714;105000;24
48383;13495;448;16000;9
48384;13495;436;16000;10
48385;13495;448;16000;9
48386;13495;436;16000;10
48387;13495;534;12000;5
48405;13501;618;21000;11
48406;13501;761;11000;24
48407;13501;540;14000;16
48408;13501;982;37000;10
48409;13501;61;100000;36
48433;13508;918;22000;18
48434;13508;706;52000;34
48435;13508;706;52000;34
48436;13508;332;2000;2
48505;13528;795;4000;14
48506;13528;795;4000;14
48507;13528;559;15000;1
48508;13529;875;13000;31
48509;13529;1142;6000;14
48510;13529;1142;6000;14
48511;13529;894;24000;25
48615;13557;608;18000;29
48628;13564;385;6000;22
48629;13564;385;6000;22
48630;13564;537;18000;5
48631;13564;1032;10000;41
48648;13568;754;4000;4
48718;13586;297;6000;7
48719;13586;297;6000;7
48720;13586;631;92000;26
48721;13586;54;75000;34
48727;13589;1043;20000;20
48728;13589;601;20000;6
48729;13589;200;7000;15
48730;13590;529;10000;41
48731;13590;801;13000;9
48750;13597;1036;40000;2
48751;13597;590;305000;27
48752;13597;590;305000;27
48753;13597;210;4000;16
48776;13606;1127;22000;38
48838;13624;756;5000;2
48839;13624;756;5000;2
48858;13630;501;13000;15
48859;13630;501;13000;15
48860;13630;733;25000;11
48861;13630;1025;7000;41
48880;13637;117;109000;22
48895;13640;441;11000;29
48896;13640;441;11000;29
48906;13644;140;24000;20
48907;13644;881;14000;28
48908;13645;781;5000;18
48909;13645;45;99000;30
48910;13645;286;9000;31
48911;13645;332;2000;25
48915;13647;898;32000;24
48916;13647;953;20000;42
48942;13657;158;40000;24
48943;13657;158;40000;24
48944;13657;167;82000;31
48955;13662;47;99000;20
48995;13672;135;139000;16
49017;13678;1011;47000;33
49018;13678;445;12000;39
49019;13679;323;4000;20
49020;13679;323;4000;20
49021;13679;556;5000;22
49022;13679;190;4000;10
49067;13691;583;10000;18
49082;13697;459;13000;3
49101;13703;918;22000;10
49102;13703;918;22000;10
49103;13703;327;2000;7
49104;13703;868;21000;22
49110;13705;861;9000;34
49111;13705;861;9000;34
49112;13705;1047;22000;21
49132;13711;412;2000;1
49133;13711;281;22000;18
49134;13711;412;2000;1
49135;13711;281;22000;18
49136;13711;1041;30000;35
49140;13713;634;72000;24
49141;13713;634;72000;24
49142;13713;310;12000;5
49146;13715;927;5000;42
49147;13715;134;147000;18
49148;13715;134;147000;18
49149;13715;822;7000;24
49219;13729;1121;35000;39
49220;13729;831;6000;5
49221;13729;831;6000;5
49222;13729;256;8000;3
49223;13729;944;17000;23
49241;13732;927;5000;28
49255;13739;439;7000;20
49256;13739;289;19000;13
49257;13739;241;3000;29
49258;13739;149;63000;20
49273;13744;676;39000;23
49274;13744;683;14000;19
49275;13744;970;27000;16
49276;13744;970;27000;16
49277;13744;467;152000;35
49278;13744;958;12000;34
49295;13749;432;12000;39
49296;13749;213;23000;25
49314;13753;204;9000;2
49362;13765;405;22000;35
49363;13765;405;22000;35
49364;13765;585;365000;33
49381;13770;437;13000;25
49382;13770;437;13000;25
49383;13770;228;8000;36
49419;13779;1145;40000;3
49420;13779;498;8000;23
49421;13780;607;6000;40
49422;13780;173;131000;10
49423;13780;225;16000;39
49424;13780;173;131000;10
49425;13780;225;16000;39
49426;13780;126;134000;25
49440;13785;189;3000;28
49456;13789;970;27000;24
49457;13789;970;27000;24
49494;13798;398;3000;17
49495;13799;1001;19000;24
49496;13799;802;3000;29
49504;13802;293;8000;18
49536;13810;955;48000;24
49537;13810;648;30000;4
49538;13810;648;30000;4
49539;13810;108;120000;2
49542;13812;1143;35000;10
49543;13812;1143;35000;10
49554;13816;116;75000;6
49560;13818;838;5000;8
49561;13818;838;5000;8
49611;13832;1103;9000;18
49612;13832;492;5000;7
49634;13838;1103;9000;8
49635;13838;470;8000;34
49663;13845;116;75000;40
49664;13845;324;4000;31
49688;13852;919;26000;18
49728;13864;41;125000;28
49729;13864;664;140000;39
49730;13864;849;3000;11
49731;13864;664;140000;39
49732;13864;849;3000;11
49733;13864;370;4000;15
49734;13864;279;22000;32
49736;13869;446;13000;16
49737;13869;679;17000;20
49738;13869;679;17000;20
49739;13869;193;10000;42
49740;13869;201;26000;7
49741;13870;67;7000;2
49742;13870;967;19000;6
49743;13870;67;7000;2
49744;13870;967;19000;6
49745;13870;454;15000;29
49746;13870;1089;45000;6
49760;13877;529;10000;14
49761;13877;756;5000;3
49762;13877;316;2000;14
49763;13877;756;5000;3
49764;13877;316;2000;14
49765;13878;1051;30000;38
49832;13896;593;139000;8
49833;13896;465;15000;20
49838;13898;587;125000;19
49839;13898;565;23000;11
49840;13898;565;23000;36
49841;13898;812;5000;34
49842;13898;1089;45000;7
49856;13901;383;6000;12
49857;13901;696;50000;17
49895;13910;610;8000;23
49896;13910;610;8000;23
49897;13910;1110;36000;39
49898;13911;1115;25000;2
49899;13911;184;3000;8
49900;13911;1115;25000;2
49901;13911;184;3000;8
49902;13911;448;16000;11
49903;13911;3;85000;34
49975;13928;1078;47000;14
49976;13928;1140;22000;30
49977;13928;1078;47000;14
49978;13928;1140;22000;30
50083;13953;402;8000;32
50099;13958;738;33000;39
50100;13958;738;33000;39
50101;13958;536;24000;6
50123;13961;348;3000;29
50124;13961;734;40000;33
50125;13961;348;3000;29
50126;13961;734;40000;33
50127;13961;905;15000;19
50128;13961;824;6000;1
50199;13979;186;9000;26
50214;13984;889;61000;17
50215;13984;889;61000;17
50225;13988;708;5000;10
50282;14002;4;85000;12
50283;14002;4;85000;12
50375;14030;1033;32000;2
50378;14032;518;27000;32
50379;14032;1078;47000;2
50380;14032;389;6000;10
50381;14033;901;100000;13
50382;14033;901;100000;13
50383;14034;1085;75000;35
50384;14034;206;13000;9
50385;14034;191;12000;21
50386;14034;906;22000;41
50387;14034;220;24000;28
50388;14035;78;35000;33
50420;14043;127;166000;25
50421;14043;665;145000;6
50422;14043;929;17000;12
50423;14043;929;17000;12
50444;14049;180;10000;40
50445;14049;180;10000;40
50446;14049;403;8000;42
50460;14053;365;2000;21
50461;14053;366;2000;36
50495;14064;219;24000;40
50595;14089;420;2000;21
50596;14089;658;59000;18
50597;14089;658;59000;18
50598;14089;166;71000;36
50599;14089;768;5000;5
50609;14092;845;7000;7
50610;14092;845;7000;7
50611;14092;332;2000;20
50612;14092;42;99000;37
50615;14094;368;8000;22
50616;14094;368;8000;22
50617;14094;50;125000;28
50618;14094;170;132000;7
50686;14113;141;38000;22
50687;14113;141;38000;22
50688;14113;662;63000;26
50689;14113;287;22000;11
50697;14116;133;150000;22
50716;14121;919;26000;9
50717;14121;919;26000;9
50718;14121;873;13000;23
50719;14121;291;21000;4
50758;14135;426;4000;15
50773;14141;613;7000;28
50774;14141;613;7000;28
50794;14146;141;38000;39
50795;14146;141;38000;39
50796;14146;41;125000;20
50826;14153;723;125000;38
50827;14153;271;6000;33
50828;14153;723;125000;38
50829;14153;271;6000;33
50856;14163;1040;12000;28
50857;14163;546;20000;35
50894;14172;803;20000;36
50913;14178;8;100000;16
50914;14178;1109;47000;31
50920;14180;334;4000;24
50921;14180;718;285000;16
50922;14180;334;4000;24
50923;14180;718;285000;16
50952;14192;669;37000;5
50953;14192;553;33000;39
50961;14194;490;14000;2
50962;14194;490;14000;2
51038;14213;936;44000;8
51039;14213;109;139000;39
51064;14222;948;9000;8
51066;14224;593;139000;33
51088;14231;680;22000;33
51089;14232;780;5000;27
51090;14232;194;30000;25
51091;14232;1122;28000;22
51113;14237;903;22000;21
51119;14239;345;3000;25
51120;14239;648;30000;16
51121;14239;284;13000;20
51122;14239;405;22000;2
51123;14239;251;5000;19
51124;14240;92;70000;21
51131;14242;565;23000;20
51132;14242;56;65000;26
51133;14242;565;23000;20
51134;14242;56;65000;26
51135;14242;762;11000;19
51136;14243;609;4000;32
51137;14243;102;70000;4
51138;14243;320;4000;12
51146;14245;991;14000;19
51156;14250;796;4000;27
51157;14250;130;164000;18
51158;14250;656;59000;13
51159;14251;549;18000;21
51169;14254;79;55000;26
51170;14254;51;75000;23
51180;14258;842;23000;38
51181;14258;958;12000;20
51182;14258;958;12000;20
51183;14258;886;22000;40
51184;14259;954;11000;18
51185;14259;954;11000;18
51219;14268;813;5000;8
51220;14268;813;5000;8
51223;14270;91;70000;35
51224;14270;186;9000;23
51225;14270;186;9000;23
51226;14270;909;22000;42
51239;14273;590;305000;16
51240;14273;1021;36000;13
51250;14277;78;35000;1
51251;14277;950;4000;37
51280;14286;1137;148000;29
51281;14286;1091;100000;40
51282;14286;957;27000;30
51283;14286;1091;100000;40
51284;14286;957;27000;30
51285;14286;388;6000;27
51293;14292;549;18000;39
51294;14292;905;15000;10
51295;14292;78;35000;18
51296;14292;163;49000;18
51306;14296;344;4000;32
51307;14296;67;7000;31
51308;14296;356;4000;6
51311;14298;740;38000;27
51312;14298;953;20000;21
51328;14302;16;110000;17
51329;14302;16;110000;17
51330;14302;708;5000;21
51331;14303;731;26000;27
51332;14303;731;26000;27
51333;14303;480;22000;9
51372;14313;923;9000;17
51373;14313;739;48000;15
51374;14313;739;48000;15
51375;14313;130;164000;26
51376;14313;951;9000;4
51377;14313;677;39000;33
51409;14320;280;22000;14
51410;14320;467;152000;31
51431;14326;738;33000;32
51432;14326;498;8000;35
51433;14326;738;33000;32
51434;14326;498;8000;35
51470;14336;430;2000;7
51486;14340;502;19000;1
51487;14340;822;7000;33
51488;14340;502;19000;1
51489;14340;822;7000;33
51499;14342;1115;25000;23
51509;14347;408;3000;19
51510;14347;385;6000;25
51533;14354;781;5000;4
51534;14354;352;3000;13
51535;14354;525;35000;25
51612;14373;193;10000;29
51654;14383;565;23000;9
51655;14383;180;10000;14
51656;14383;565;23000;9
51657;14383;180;10000;14
51658;14383;662;63000;3
51671;14388;579;7000;17
51672;14388;579;7000;17
51673;14388;336;8000;17
51689;14395;852;6000;24
51690;14395;725;125000;28
51691;14395;1111;49000;27
51692;14395;852;6000;24
51693;14395;725;125000;28
51694;14395;1111;49000;27
51695;14395;111;75000;1
51696;14395;98;130000;32
51742;14407;489;11000;19
51743;14407;489;11000;19
51744;14407;55;80000;15
51745;14407;588;125000;41
51746;14408;1143;35000;36
51747;14408;727;37000;29
51748;14408;271;6000;8
51749;14408;597;165000;32
51789;14423;319;2000;39
51843;14437;973;16000;10
51844;14437;732;51000;38
51845;14437;484;16000;22
51846;14437;987;6000;5
51847;14437;602;41000;35
51848;14437;484;16000;22
51849;14437;987;6000;5
51850;14437;602;41000;35
51871;14444;1104;24000;27
51880;14447;918;22000;10
51881;14447;567;27000;7
51912;14454;750;5000;29
51913;14454;777;6000;28
51936;14459;992;14000;42
51954;14463;550;12000;18
51955;14463;550;12000;18
51975;14469;1018;69000;11
51976;14469;1018;69000;11
51981;14471;1105;8000;20
51982;14471;57;67000;36
51983;14472;802;3000;40
51984;14472;968;18000;7
51985;14472;802;3000;40
51986;14472;968;18000;7
51987;14472;763;11000;3
52006;14476;154;38000;12
52008;14478;255;2000;40
52009;14478;255;2000;40
52010;14478;290;8000;11
52013;14480;136;141000;37
52014;14481;194;30000;1
52073;14497;60;100000;38
52074;14497;401;21000;9
52075;14497;400;4000;29
52076;14497;73;45000;3
52099;14505;483;21000;6
52100;14505;528;199000;42
52101;14505;526;10000;37
52102;14505;288;21000;32
52103;14505;408;3000;26
52104;14505;181;10000;20
52105;14505;914;19000;13
52106;14505;526;10000;37
52107;14505;288;21000;32
52108;14505;408;3000;26
52109;14505;181;10000;20
52110;14505;914;19000;13
52176;14521;792;9000;31
52202;14529;219;24000;13
52203;14529;219;24000;13
52204;14529;260;5000;20
52207;14531;1026;20000;13
52208;14531;109;139000;27
52223;14536;961;27000;37
52224;14536;86;49000;2
52225;14536;961;27000;37
52226;14536;86;49000;2
52227;14536;234;14000;10
52228;14536;980;23000;20
52229;14536;366;2000;9
52240;14539;201;26000;8
52243;14541;643;33000;15
52244;14541;643;33000;15
52245;14541;562;10000;22
52324;14561;1115;25000;14
52325;14561;528;199000;39
52326;14561;1115;25000;14
52327;14561;528;199000;39
52340;14565;670;35000;6
52341;14565;670;35000;6
52422;14590;1038;11000;15
52423;14590;1038;11000;15
52424;14590;256;8000;6
52425;14590;50;125000;22
52430;14592;345;3000;13
52458;14599;506;11000;38
52459;14599;664;140000;4
52460;14600;384;6000;38
52461;14600;282;16000;6
52462;14600;282;16000;6
52463;14601;661;69000;3
52464;14601;593;139000;29
52465;14601;905;15000;27
52466;14601;905;15000;27
52496;14609;958;12000;8
52497;14609;163;49000;33
52498;14609;163;49000;33
52499;14609;911;2000;2
52513;14612;102;70000;18
52514;14613;641;130000;1
52515;14613;638;92000;20
52516;14613;114;130000;38
52603;14641;969;15000;40
52604;14641;969;15000;40
52635;14647;498;8000;28
52636;14647;43;99000;8
52637;14647;191;12000;38
52638;14647;183;3000;23
52663;14653;971;10000;32
52664;14653;971;10000;32
52665;14653;807;3000;39
52669;14655;1071;26000;18
52670;14655;1087;20000;14
52671;14655;1121;35000;29
52685;14659;475;13000;42
52686;14659;475;13000;42
52691;14661;1014;15000;32
52692;14661;484;16000;28
52695;14663;353;2000;14
52696;14663;707;44000;7
52697;14663;602;41000;1
52698;14663;602;41000;1
52714;14671;586;95000;6
52717;14673;475;13000;18
52718;14673;209;9000;21
52719;14673;209;9000;21
52732;14678;173;131000;26
52733;14678;300;6000;32
52734;14678;321;4000;34
52802;14698;469;8000;17
52813;14701;381;4000;22
52814;14701;826;4000;5
52833;14708;432;12000;26
52834;14708;1066;10000;26
52835;14708;778;6000;6
52836;14708;87;44000;10
52862;14716;1082;111000;20
52863;14716;1082;111000;20
52882;14723;560;15000;26
52883;14723;943;28000;39
52899;14728;829;7000;13
52900;14728;676;39000;9
52936;14739;74;35000;24
52937;14739;49;99000;7
52938;14739;1056;15000;30
52944;14742;1047;22000;31
52985;14753;199;13000;6
53007;14759;57;67000;27
53008;14759;320;4000;24
53009;14759;57;67000;27
53010;14759;320;4000;24
53047;14767;684;55000;39
53048;14767;684;55000;39
53049;14767;554;6000;42
53050;14767;1107;65000;41
53078;14775;392;4000;4
53079;14775;1062;24000;24
53080;14775;1083;57000;31
53097;14778;487;43000;40
53098;14778;316;2000;35
53099;14778;816;7000;8
53100;14779;375;8000;38
53101;14779;1061;10000;25
53102;14779;1061;10000;25
53103;14779;471;17000;1
53115;14781;847;8000;24
53116;14781;876;19000;29
53117;14781;977;15000;27
53118;14781;876;19000;29
53119;14781;977;15000;27
53120;14781;276;11000;38
53127;14785;1038;11000;38
53128;14785;1038;11000;38
53170;14800;844;4000;32
53186;14803;1081;57000;28
53187;14803;1081;57000;28
53188;14803;923;9000;9
53225;14811;1077;13000;19
53226;14811;383;6000;13
53244;14816;320;4000;6
53245;14816;804;3000;40
53273;14823;416;2000;33
53318;14834;864;17000;12
53319;14834;535;19000;41
53320;14834;864;17000;12
53321;14834;535;19000;41
53322;14834;405;22000;6
53323;14834;981;54000;8
53331;14837;472;12000;18
53332;14837;8;100000;18
53333;14837;71;45000;28
53334;14837;71;45000;28
53335;14837;245;7000;34
53362;14843;912;32000;1
53363;14843;912;32000;1
53374;14846;259;4000;8
53375;14846;259;4000;8
53376;14846;51;75000;27
53409;14853;906;22000;1
53410;14853;826;4000;23
53439;14862;205;9000;41
53497;14879;334;4000;14
53498;14879;1001;19000;24
53557;14893;30;72000;21
53558;14893;1103;9000;7
53578;14899;990;62000;26
53580;14901;236;6000;25
53581;14901;997;43000;15
53582;14901;746;41000;10
53583;14902;820;7000;12
53631;14914;839;8000;25
53635;14916;642;72000;21
53736;14946;38;200000;33
53737;14946;1092;30000;13
53776;14956;20;60000;5
53777;14956;27;72000;4
53778;14956;20;60000;5
53779;14956;27;72000;4
53780;14956;1026;20000;32
53781;14956;738;33000;7
53782;14956;432;12000;9
53783;14956;195;27000;11
53787;14958;1057;60000;18
53788;14958;605;29000;5
53789;14959;1033;32000;28
53790;14959;1050;62000;15
53791;14959;1033;32000;28
53792;14959;1050;62000;15
53915;14993;336;8000;38
53923;14996;626;48000;11
53924;14996;752;7000;3
53969;15009;161;43000;6
53976;15012;32;125000;22
53977;15012;32;125000;22
53978;15012;180;10000;38
53979;15013;1046;22000;31
53980;15014;378;7000;3
53981;15014;378;7000;3
53982;15015;269;6000;27
53983;15015;752;7000;27
53984;15015;958;12000;27
53985;15015;958;12000;27
53991;15017;869;24000;2
53992;15017;869;24000;2
53993;15017;880;8000;1
54011;15025;437;13000;22
54041;15032;418;2000;16
54042;15032;1110;36000;23
54068;15041;544;26000;37
54069;15041;1030;20000;16
54099;15052;47;99000;10
54106;15055;163;49000;32
54126;15062;824;6000;37
54157;15071;1118;53000;33
54158;15072;348;3000;29
54159;15072;348;3000;29
54164;15075;456;9000;13
54170;15078;174;79000;40
54171;15078;174;79000;40
54268;15104;364;12000;3
54269;15104;364;12000;3
54270;15104;236;6000;13
54272;15106;867;16000;36
54273;15106;867;16000;36
54281;15108;885;22000;12
54282;15108;885;22000;12
54283;15109;13;85000;42
54284;15109;418;2000;29
54302;15114;415;2000;38
54303;15115;962;37000;41
54308;15117;263;7000;4
54309;15117;543;10000;4
54310;15117;543;10000;4
54311;15117;112;130000;14
54321;15120;229;6000;26
54332;15123;834;5000;41
54333;15123;232;20000;31
54334;15124;512;19000;3
54335;15124;512;19000;3
54340;15126;902;100000;16
54341;15126;478;7000;6
54342;15126;478;7000;6
54363;15132;361;2000;26
54364;15132;243;19000;19
54365;15132;243;19000;19
54366;15132;325;4000;10
54367;15132;901;100000;13
54372;15134;199;13000;10
54396;15141;136;141000;4
54397;15141;5;99000;16
54414;15146;488;11000;8
54415;15147;340;3000;15
54416;15147;431;8000;30
54417;15147;711;80000;31
54418;15147;711;80000;31
54419;15147;763;11000;26
54570;15182;397;3000;33
54571;15183;327;2000;38
54572;15183;207;6000;17
54575;15185;613;7000;16
54596;15191;414;2000;24
54597;15192;603;50000;1
54598;15192;541;22000;35
54599;15192;950;4000;38
54600;15192;1046;22000;36
54607;15195;1143;35000;2
54608;15195;1143;35000;2
54609;15195;928;14000;9
54610;15195;483;21000;16
54627;15199;121;149000;14
54628;15199;121;149000;14
54629;15199;578;22000;30
54630;15199;524;11000;1
54632;15201;954;11000;23
54640;15204;121;149000;17
54641;15205;44;99000;23
54642;15205;821;7000;14
54656;15209;843;6000;42
54657;15209;843;6000;42
54658;15209;860;45000;12
54659;15209;65;23000;14
54684;15217;186;9000;37
54685;15217;478;7000;20
54686;15217;478;7000;20
54687;15217;50;125000;32
54700;15221;241;3000;1
54701;15221;735;41000;22
54797;15245;243;19000;30
54798;15245;826;4000;10
54911;15276;71;45000;2
54912;15276;1030;20000;40
54913;15276;276;11000;18
54940;15283;1080;111000;16
54944;15285;883;19000;27
54945;15285;437;13000;40
54946;15285;437;13000;40
54947;15285;1118;53000;33
54960;15291;984;48000;18
54961;15291;582;10000;21
54981;15296;854;6000;15
54982;15296;963;19000;3
54983;15296;963;19000;3
54984;15297;1105;8000;38
55019;15304;872;14000;18
55020;15304;872;14000;18
55031;15308;459;13000;35
55032;15308;208;11000;29
55033;15308;400;4000;29
55055;15313;838;5000;7
55056;15313;838;5000;7
55057;15313;786;7000;7
55065;15315;440;14000;12
55110;15330;695;104000;14
55111;15330;695;104000;14
55151;15340;249;9000;1
55162;15348;96;149000;7
55163;15348;96;149000;7
55164;15348;209;9000;14
55165;15348;945;28000;25
55168;15350;739;48000;26
55169;15350;865;14000;32
55170;15350;14;99000;20
55171;15350;14;99000;20
55182;15353;53;165000;37
55183;15353;53;165000;37
55184;15353;770;6000;36
55252;15372;715;110000;5
55262;15377;315;2000;25
55263;15378;562;10000;14
55338;15395;643;33000;37
55389;15408;832;6000;17
55413;15416;584;165000;33
55414;15416;1015;36000;23
55415;15416;1129;19000;5
55416;15416;584;165000;33
55417;15416;1015;36000;23
55418;15416;1129;19000;5
55430;15420;752;7000;6
55440;15424;975;17000;27
55441;15424;724;125000;39
55447;15428;687;30000;37
55448;15428;330;5000;22
55449;15428;330;5000;22
55450;15428;205;9000;28
55527;15445;504;16000;33
55528;15445;373;19000;16
55529;15445;373;19000;16
55530;15445;412;2000;20
55535;15447;1027;20000;35
55552;15451;836;5000;38
55579;15456;884;22000;23
55580;15456;884;22000;23
55648;15474;973;16000;22
55728;15497;218;25000;17
55729;15497;165;48000;1
55730;15497;170;132000;5
55731;15498;14;99000;23
55750;15502;453;22000;18
55751;15502;453;22000;18
55752;15502;743;7000;22
55778;15513;883;19000;20
55779;15513;1144;54000;34
55811;15521;723;125000;39
55812;15521;309;9000;29
55813;15521;723;125000;39
55814;15521;309;9000;29
55815;15521;263;7000;41
55817;15523;272;9000;26
55818;15523;272;9000;26
55835;15527;954;11000;23
55836;15527;954;11000;23
55837;15527;726;125000;4
55838;15528;1068;41000;28
55839;15528;973;16000;29
55840;15528;973;16000;29
55842;15530;697;54000;30
55864;15536;496;57000;2
55866;15538;185;3000;27
55867;15538;186;9000;27
55868;15538;186;9000;27
55869;15538;513;8000;29
55870;15538;392;4000;33
55874;15540;163;49000;41
55875;15540;104;75000;35
55876;15540;104;75000;35
55877;15540;245;7000;24
55878;15540;329;4000;10
55881;15542;545;10000;36
55882;15542;238;6000;31
55883;15542;1096;67000;4
55893;15548;767;5000;31
55945;15562;88;43000;18
55946;15563;915;19000;39
55947;15563;1066;10000;3
55957;15566;322;4000;18
55965;15568;191;12000;41
55987;15575;253;10000;34
56004;15579;1056;15000;38
56005;15579;1056;15000;38
56084;15598;103;130000;29
56085;15598;1014;15000;2
56086;15599;821;7000;9
56087;15599;42;99000;26
56088;15599;1094;99000;14
56089;15599;932;15000;10
56090;15599;932;15000;10
56093;15601;1050;62000;27
56094;15601;1050;62000;27
56095;15601;974;17000;31
56110;15606;45;99000;37
56111;15606;824;6000;5
56112;15606;421;2000;23
56128;15611;689;35000;40
56129;15612;962;37000;41
56130;15612;821;7000;33
56131;15612;239;6000;2
56132;15612;239;6000;2
56140;15614;824;6000;41
56156;15618;892;68000;16
56157;15619;959;12000;17
56158;15620;387;9000;38
56235;15644;952;98000;26
56236;15645;450;16000;21
56237;15645;1090;45000;20
56238;15645;1090;45000;20
56254;15651;387;9000;23
56255;15651;945;28000;39
56256;15651;360;2000;4
56339;15672;369;8000;26
56340;15673;632;130000;24
56345;15675;499;15000;27
56361;15682;152;63000;40
56362;15682;894;24000;41
56363;15682;1121;35000;37
56364;15682;179;10000;5
56379;15687;887;60000;31
56380;15687;1102;8000;13
56381;15687;1102;8000;13
56382;15687;77;35000;2
56436;15698;916;20000;37
56437;15698;916;20000;37
56480;15709;1114;38000;14
56481;15709;1038;11000;18
56482;15709;1038;11000;18
56485;15711;412;2000;22
56486;15711;412;2000;22
56487;15711;683;14000;14
56488;15711;1086;21000;30
56489;15711;823;13000;28
56490;15712;447;8000;31
56491;15712;447;8000;31
56501;15718;631;92000;1
56502;15718;631;92000;1
56503;15718;185;3000;16
56504;15718;694;45000;15
56505;15719;390;12000;32
56506;15719;390;12000;32
56527;15724;1056;15000;12
56528;15724;936;44000;22
56575;15736;1137;148000;12
56576;15736;1122;28000;37
56577;15736;380;7000;30
56578;15736;1122;28000;37
56579;15736;380;7000;30
56580;15736;449;9000;1
56581;15737;625;51000;15
56692;15767;543;10000;16
56693;15767;543;10000;16
56694;15767;954;11000;32
56695;15767;732;51000;25
56696;15767;162;54000;5
56708;15770;256;8000;32
56736;15780;108;120000;17
56737;15780;97;149000;1
56738;15780;518;27000;23
56752;15784;863;14000;18
56757;15787;128;132000;21
56758;15787;279;22000;1
56793;15796;877;40000;22
56824;15805;875;13000;1
56825;15805;1109;47000;4
56826;15805;875;13000;1
56827;15805;1109;47000;4
56832;15807;703;108000;27
56833;15807;1003;152000;11
56834;15807;1003;152000;11
56835;15808;463;91000;2
56836;15808;93;49000;23
56837;15808;93;49000;23
56838;15809;248;20000;41
56839;15809;210;4000;14
56898;15826;431;8000;4
56909;15831;76;45000;28
56910;15831;76;45000;28
56911;15831;76;45000;8
56921;15834;722;34000;24
56922;15834;722;34000;24
56923;15834;1020;36000;16
56928;15837;1103;9000;18
56929;15837;609;4000;34
56930;15838;964;19000;39
56931;15838;486;43000;34
56952;15843;176;69000;37
56953;15843;176;69000;37
56954;15843;176;69000;9
56969;15848;150;58000;31
56970;15848;522;11000;21
56988;15853;199;13000;13
56989;15853;723;125000;3
56997;15856;230;10000;36
57005;15860;440;14000;35
57006;15860;480;22000;14
57007;15860;657;87000;36
57008;15860;44;99000;28
57027;15865;345;3000;25
57119;15891;320;4000;25
57120;15891;352;3000;12
57121;15891;486;43000;6
57122;15891;486;43000;6
57123;15891;225;16000;38
57124;15891;84;44000;10
57125;15891;45;99000;12
57126;15891;412;2000;24
57134;15895;1110;36000;35
57147;15902;858;19000;29
57148;15902;332;2000;33
57149;15902;213;23000;41
57150;15902;332;2000;33
57151;15902;213;23000;41
57164;15907;109;139000;24
57188;15914;434;7000;16
57189;15914;427;3000;9
57203;15919;94;44000;2
57248;15933;789;6000;15
57249;15934;228;8000;9
57272;15939;633;92000;37
57273;15939;633;92000;37
57334;15952;309;9000;19
57346;15956;822;7000;13
57347;15956;961;27000;10
57348;15956;1;110000;29
57349;15956;172;131000;7
57350;15956;764;5000;11
57351;15957;1000;19000;10
57355;15959;1027;20000;30
57376;15966;557;8000;23
57394;15972;68;45000;26
57395;15972;362;25000;15
57396;15972;68;45000;26
57397;15972;362;25000;15
57398;15972;672;75000;13
57413;15975;979;24000;1
57414;15975;822;7000;26
57415;15975;961;27000;11
57423;15979;502;19000;15
57431;15983;763;11000;7
57432;15983;763;11000;7
57440;15986;861;9000;30
57507;16002;1053;36000;20
57508;16002;379;4000;20
57509;16002;415;2000;30
57510;16002;379;4000;20
57511;16002;415;2000;30
57512;16002;599;97000;29
57513;16002;88;43000;32
57514;16003;648;30000;10
57515;16003;113;159000;21
57562;16019;248;20000;8
57563;16019;1052;50000;3
57564;16019;266;6000;20
57577;16023;592;95000;24
57578;16023;592;95000;24
57579;16024;1092;30000;20
57608;16032;950;4000;24
57609;16032;999;43000;6
57610;16032;807;3000;22
57611;16032;988;30000;9
57612;16033;227;5000;39
57613;16033;227;5000;39
57629;16037;1122;28000;35
57652;16044;786;7000;30
57674;16050;345;3000;24
57675;16050;345;3000;24
57676;16051;673;41000;2
57677;16051;1105;8000;34
57678;16051;127;166000;41
57704;16056;172;131000;29
57731;16064;1043;20000;16
57749;16069;556;5000;35
57750;16069;652;41000;5
57780;16077;136;141000;18
57806;16084;211;64000;33
57807;16084;125;164000;28
57808;16084;204;9000;1
57870;16101;565;23000;32
57871;16101;565;23000;32
57872;16101;668;41000;34
57890;16105;312;2000;36
57891;16105;141;38000;5
57913;16112;325;4000;21
57914;16112;325;4000;21
57915;16112;91;70000;33
57991;16129;684;55000;2
57992;16129;684;55000;2
57993;16129;273;19000;33
57997;16132;937;11000;9
57998;16132;558;28000;5
57999;16132;84;44000;21
58000;16132;558;28000;5
58001;16132;84;44000;21
58002;16132;254;2000;36
58023;16138;967;19000;12
58024;16138;967;19000;12
58051;16145;844;4000;22
58052;16146;446;13000;40
58053;16146;240;6000;4
58054;16146;240;6000;4
58055;16146;416;2000;7
58056;16147;436;16000;30
58057;16147;436;16000;30
58058;16147;301;6000;31
58070;16151;1088;45000;12
58071;16151;1071;26000;21
58085;16155;619;21000;32
58100;16161;812;5000;25
58101;16161;812;5000;25
58102;16161;376;5000;28
58103;16161;902;100000;19
58116;16165;231;7000;19
58117;16165;823;13000;29
58118;16165;231;7000;19
58119;16165;823;13000;29
58146;16176;891;25000;23
58147;16176;891;25000;23
58148;16176;707;44000;22
58192;16187;156;42000;5
58193;16187;32;125000;18
58213;16192;979;24000;12
58214;16192;979;24000;12
58215;16192;66;2000;35
58234;16197;533;14000;2
58246;16201;509;28000;37
58291;16213;1076;63000;28
58292;16213;202;10000;28
58293;16214;976;28000;5
58294;16214;775;6000;7
58295;16214;567;27000;19
58296;16214;567;27000;19
58297;16214;877;40000;12
58307;16218;561;15000;12
58408;16245;352;3000;26
58465;16262;357;4000;21
58494;16270;701;47000;2
58495;16270;701;47000;2
58496;16270;703;108000;26
58497;16270;543;10000;36
58544;16285;564;38000;12
58545;16285;830;6000;7
58546;16285;830;6000;7
58547;16285;71;45000;41
58548;16285;638;92000;36
58549;16285;1026;20000;39
58550;16286;296;31000;25
58560;16289;753;4000;11
58561;16289;753;4000;11
58571;16292;194;30000;34
58623;16306;555;11000;42
58624;16306;220;24000;18
58625;16307;604;10000;21
58626;16307;802;3000;21
58627;16307;604;10000;21
58628;16307;802;3000;21
58734;16344;83;44000;22
58758;16354;404;20000;15
58761;16356;86;49000;18
58814;16369;34;125000;3
58815;16370;183;3000;22
58836;16374;722;34000;26
58837;16374;722;34000;26
58838;16374;612;7000;41
58921;16394;510;12000;32
58922;16395;344;4000;29
58936;16398;195;27000;4
58937;16398;77;35000;16
58938;16398;687;30000;37
58939;16398;707;44000;11
58958;16402;93;49000;37
58989;16411;681;37000;5
58990;16411;278;9000;23
59010;16418;83;44000;41
59027;16422;775;6000;18
59028;16422;975;17000;19
59092;16441;432;12000;15
59093;16441;432;12000;15
59094;16441;184;3000;17
59095;16442;667;68000;22
59096;16442;1010;18000;14
59097;16442;1010;18000;14
59098;16442;1092;30000;4
59099;16442;469;8000;29
59147;16455;313;2000;3
59148;16455;767;5000;9
59156;16459;409;3000;11
59216;16473;96;149000;5
59217;16473;981;54000;41
59218;16473;981;54000;41
59219;16473;726;125000;10
59263;16485;1042;19000;16
59264;16485;1042;19000;16
59265;16485;761;11000;40
59266;16486;308;2000;23
59293;16495;22;72000;12
59294;16495;22;72000;12
59295;16496;997;43000;6
59296;16496;992;14000;8
59368;16516;861;9000;23
59407;16527;506;11000;10
59426;16531;540;14000;30
59427;16531;854;6000;5
59428;16531;604;10000;1
59429;16531;599;97000;34
59430;16531;599;97000;34
59431;16531;166;71000;37
59435;16534;1033;32000;4
59436;16534;1145;40000;38
59437;16535;190;4000;30
59445;16538;491;10000;22
59446;16538;491;10000;22
59455;16541;785;6000;14
59461;16543;124;141000;27
59462;16543;124;141000;27
59463;16543;787;7000;27
59496;16553;954;11000;17
59497;16553;608;18000;19
59498;16553;608;18000;19
59503;16556;888;61000;37
59512;16560;1125;53000;22
59513;16560;1125;53000;22
59514;16560;1023;14000;29
59525;16564;602;41000;11
59526;16565;1046;22000;4
59527;16566;770;6000;23
59547;16572;179;10000;29
59548;16572;179;10000;29
59549;16572;1106;19000;13
59550;16572;750;5000;4
59551;16573;156;42000;37
59552;16573;525;35000;6
59553;16573;525;35000;6
59554;16573;1033;32000;33
59564;16576;923;9000;32
59565;16576;250;6000;17
59566;16576;250;6000;17
59567;16576;838;5000;1
59615;16587;692;5000;9
59616;16588;738;33000;28
59623;16591;483;21000;15
59624;16591;604;10000;15
59672;16601;791;6000;21
59684;16609;915;19000;17
59685;16609;710;150000;19
59686;16609;504;16000;42
59694;16615;501;13000;15
59695;16615;501;13000;15
59714;16623;17;120000;32
59753;16634;420;2000;30
59754;16634;683;14000;3
59779;16642;589;220000;25
59780;16642;589;220000;25
59823;16649;177;79000;41
59867;16661;431;8000;30
59883;16665;679;17000;16
59884;16666;332;2000;32
59885;16666;766;5000;40
59886;16666;675;44000;37
59887;16666;332;2000;32
59888;16666;766;5000;40
59889;16666;675;44000;37
59908;16672;395;4000;30
59909;16672;274;23000;27
59910;16672;395;4000;30
59911;16672;274;23000;27
59912;16672;354;5000;35
59919;16674;968;18000;16
59924;16677;299;4000;13
59925;16677;322;4000;11
59926;16677;799;6000;7
59927;16677;799;6000;7
59929;16679;34;125000;35
59930;16679;56;65000;32
59931;16679;1040;12000;8
59932;16680;27;72000;3
59933;16680;27;72000;3
59961;16687;411;3000;38
59962;16687;411;3000;38
60006;16697;645;39000;37
60007;16697;645;39000;37
60008;16697;450;16000;5
60009;16697;408;3000;33
60026;16703;601;20000;42
60027;16703;779;13000;19
60028;16704;429;2000;8
60057;16712;66;2000;9
60058;16712;797;4000;23
60059;16712;655;65000;6
60088;16721;610;8000;42
60099;16724;17;120000;5
60106;16727;432;12000;6
60107;16727;432;12000;6
60150;16738;659;59000;2
60151;16738;659;59000;2
60152;16738;651;41000;2
60156;16741;709;5000;34
60157;16741;709;5000;34
60158;16741;991;14000;12
60167;16744;823;13000;28
60168;16744;528;199000;27
60169;16744;409;3000;15
60208;16756;652;41000;19
60221;16760;13;85000;28
60227;16762;438;6000;38
60228;16762;483;21000;36
60229;16762;429;2000;12
60242;16766;1096;67000;5
60243;16766;546;20000;12
60244;16766;874;13000;42
60245;16766;1096;67000;5
60246;16766;546;20000;12
60247;16766;874;13000;42
60248;16766;1044;20000;24
60249;16766;407;22000;33
60316;16785;125;164000;38
60321;16787;915;19000;8
60322;16787;17;120000;13
60323;16787;915;19000;8
60324;16787;17;120000;13
60325;16787;398;3000;2
60326;16787;873;13000;23
60374;16800;235;7000;36
60375;16800;235;7000;36
60376;16800;303;2000;13
60385;16803;80;99000;2
60386;16803;80;99000;2
60399;16808;404;20000;21
60400;16808;325;4000;4
60412;16812;297;6000;32
60435;16821;750;5000;18
60444;16824;1100;51000;6
60459;16830;450;16000;33
60460;16830;713;58000;5
60461;16830;450;16000;33
60462;16830;713;58000;5
60479;16836;715;110000;16
60480;16836;715;110000;16
60483;16838;526;10000;21
60511;16847;1034;17000;13
60512;16847;1108;51000;13
60513;16847;174;79000;40
60514;16848;861;9000;6
60515;16848;211;64000;18
60541;16858;1073;15000;23
60542;16858;1073;15000;23
60543;16859;670;35000;1
60544;16859;67;7000;15
60545;16859;292;11000;39
60546;16859;670;35000;1
60547;16859;67;7000;15
60548;16859;292;11000;39
60549;16859;496;57000;12
60603;16877;603;50000;9
60604;16877;603;50000;9
60605;16877;893;68000;39
60606;16877;687;30000;42
60632;16885;661;69000;2
60633;16885;203;13000;20
60634;16885;128;132000;2
60635;16885;1077;13000;10
60636;16885;128;132000;2
60637;16885;1077;13000;10
60638;16885;442;16000;2
60643;16888;967;19000;41
60644;16888;730;26000;38
60655;16891;2;100000;27
60656;16891;134;147000;37
60657;16891;878;8000;27
60658;16891;405;22000;29
60665;16894;1079;53000;30
60666;16895;315;2000;34
60667;16895;315;2000;34
60675;16898;1031;10000;33
60676;16898;589;220000;18
60677;16898;1031;10000;33
60678;16898;589;220000;18
60679;16899;685;55000;4
60680;16899;556;5000;10
60701;16906;173;131000;7
60702;16906;735;41000;37
60703;16906;735;41000;37
60704;16907;504;16000;27
60705;16907;807;3000;32
60706;16907;908;26000;28
60714;16910;727;37000;20
60814;16939;104;75000;32
60815;16939;104;75000;32
60867;16950;1132;19000;36
60868;16950;1034;17000;37
60869;16950;1075;33000;25
60870;16950;1034;17000;37
60871;16950;1075;33000;25
60887;16955;693;60000;32
60888;16956;672;75000;36
60889;16957;74;35000;30
60894;16959;322;4000;31
60895;16959;901;100000;4
60896;16959;901;100000;4
60900;16961;39;225000;12
60901;16961;262;7000;13
60902;16961;114;130000;42
60903;16961;262;7000;13
60904;16961;114;130000;42
60905;16961;389;6000;15
60945;16973;1053;36000;31
60946;16973;762;11000;16
60968;16979;349;3000;28
60969;16979;1139;8000;18
60970;16979;130;164000;23
61081;17006;944;17000;17
61092;17009;577;5000;10
61093;17009;577;5000;10
61103;17012;754;4000;17
61142;17019;16;110000;20
61143;17019;618;21000;9
61144;17019;16;110000;20
61145;17019;618;21000;9
61270;17052;398;3000;24
61289;17059;93;49000;36
61299;17062;196;11000;40
61300;17062;196;11000;40
61316;17067;211;64000;15
61317;17067;201;26000;26
61318;17067;1072;10000;42
61319;17067;816;7000;40
61320;17067;73;45000;17
61378;17080;308;2000;3
61379;17080;308;2000;3
61390;17085;238;6000;6
61391;17085;217;14000;9
61392;17085;217;14000;9
61393;17085;795;4000;7
61403;17089;1079;53000;14
61404;17089;1127;22000;19
61405;17089;312;2000;21
61406;17089;989;15000;29
61417;17092;939;28000;13
61518;17119;297;6000;31
61519;17119;297;6000;31
61520;17119;85;44000;18
61582;17136;1142;6000;38
61601;17141;586;95000;6
61602;17141;1011;47000;27
61603;17141;1011;47000;27
61604;17141;584;165000;11
61605;17142;80;99000;39
61606;17142;651;41000;17
61607;17143;752;7000;9
61608;17143;1100;51000;23
61675;17159;230;10000;18
61676;17159;231;7000;7
61677;17159;234;14000;42
61678;17160;323;4000;40
61679;17160;1069;15000;33
61680;17160;225;16000;19
61688;17162;931;44000;42
61689;17162;318;2000;31
61690;17162;318;2000;31
61702;17165;635;30000;36
61716;17171;820;7000;8
61717;17171;615;7000;32
61718;17171;1099;51000;18
61748;17179;869;24000;40
61749;17179;869;24000;40
61750;17181;939;28000;23
61768;17187;142;53000;29
61769;17187;142;53000;29
61770;17187;18;85000;38
61771;17187;1066;10000;20
61778;17190;23;86000;33
61779;17191;69;45000;40
61780;17191;518;27000;42
61781;17191;518;27000;42
61831;17205;1050;62000;15
61832;17205;643;33000;40
61833;17205;587;125000;7
61834;17206;128;132000;7
61840;17208;123;147000;4
61851;17211;141;38000;26
61930;17233;200;7000;25
61957;17241;267;6000;42
61971;17245;355;2000;8
61972;17245;898;32000;19
62002;17252;178;141000;29
62011;17256;430;2000;23
62012;17256;699;101000;10
62013;17256;430;2000;23
62014;17256;699;101000;10
62015;17256;999;43000;29
62016;17256;951;9000;38
62023;17259;253;10000;33
62024;17259;273;19000;3
62072;17271;896;35000;23
62073;17271;242;7000;13
62074;17272;473;7000;8
62167;17293;813;5000;37
62168;17293;306;2000;37
62169;17293;813;5000;37
62170;17293;306;2000;37
62171;17293;385;6000;5
62172;17293;603;50000;42
62173;17294;932;15000;5
62174;17294;494;15000;32
62175;17294;960;27000;6
62184;17297;813;5000;38
62185;17297;813;5000;38
62198;17302;690;20000;30
62199;17302;690;20000;30
62200;17302;1025;7000;11
62201;17302;825;3000;38
62202;17302;662;63000;26
62234;17313;501;13000;2
62249;17317;231;7000;32
62250;17318;1065;62000;16
62253;17320;1052;50000;8
62254;17320;1052;50000;8
62255;17320;728;20000;25
62256;17320;480;22000;42
62269;17323;270;6000;23
62270;17323;1070;26000;17
62271;17323;442;16000;17
62272;17324;580;11000;16
62283;17327;603;50000;22
62307;17333;705;102000;12
62308;17333;705;102000;12
62314;17337;849;3000;29
62315;17337;849;3000;29
62316;17337;942;17000;29
62373;17353;589;220000;23
62418;17367;430;2000;28
62419;17367;369;8000;7
62420;17367;369;8000;7
62456;17377;388;6000;33
62457;17377;1029;7000;7
62461;17379;604;10000;17
62462;17379;494;15000;2
62502;17391;536;24000;21
62503;17392;323;4000;30
62504;17392;323;4000;30
62515;17397;430;2000;6
62516;17397;665;145000;22
62536;17403;584;165000;18
62537;17403;584;165000;18
62555;17409;108;120000;10
62556;17409;244;8000;26
62557;17409;522;11000;7
62558;17409;522;11000;7
62559;17410;112;130000;4
62560;17410;112;130000;4
62565;17413;302;7000;23
62566;17413;699;101000;17
62567;17413;699;101000;17
62570;17415;213;23000;25
62571;17415;213;23000;25
62572;17415;363;2000;37
62578;17417;636;33000;35
62579;17417;1071;26000;17
62580;17417;11;85000;20
62633;17432;798;6000;33
62634;17432;798;6000;33
62635;17432;815;5000;5
62636;17432;549;18000;3
62637;17433;383;6000;18
62638;17433;1060;18000;14
62649;17437;984;48000;1
62650;17437;881;14000;16
62651;17437;881;14000;16
62652;17437;487;43000;32
62653;17437;689;35000;3
62713;17451;257;4000;36
62714;17451;559;15000;5
62715;17451;564;38000;29
62716;17451;564;38000;29
62717;17451;502;19000;17
62731;17456;373;19000;20
62732;17457;1021;36000;33
62733;17457;416;2000;7
62734;17457;743;7000;29
62739;17459;193;10000;28
62746;17461;931;44000;1
62754;17464;129;131000;9
62755;17464;407;22000;20
62782;17473;504;16000;20
62783;17473;381;4000;24
62784;17473;413;3000;4
62787;17475;781;5000;22
62788;17475;397;3000;37
62802;17479;785;6000;28
62803;17480;868;21000;21
62804;17480;51;75000;38
62805;17482;789;6000;16
62806;17482;789;6000;16
62807;17482;414;2000;4
62808;17482;224;3000;13
62838;17490;1035;40000;38
62853;17493;1092;30000;26
62854;17493;40;200000;41
62855;17493;1133;20000;5
62856;17493;850;3000;22
62875;17498;691;5000;20
62878;17500;927;5000;22
62879;17501;768;5000;41
62880;17501;221;62000;14
62881;17501;827;3000;18
62882;17501;827;3000;18
62883;17501;620;40000;5
62896;17506;1056;15000;1
62926;17515;1068;41000;19
62961;17526;854;6000;12
62962;17526;854;6000;12
62963;17526;949;4000;38
62969;17529;438;6000;19
62970;17529;235;7000;10
62998;17536;590;305000;29
62999;17536;475;13000;9
63049;17546;1074;33000;16
63063;17552;553;33000;12
63074;17556;403;8000;8
63075;17556;403;8000;8
63116;17564;452;33000;15
63117;17564;452;33000;15
63118;17564;496;57000;25
63143;17570;1008;15000;2
63144;17570;83;44000;27
63145;17570;581;11000;17
63146;17570;581;11000;17
63157;17573;1092;30000;11
63158;17573;55;80000;34
63159;17573;730;26000;40
63160;17573;109;139000;17
63170;17576;59;105000;33
63171;17576;59;105000;33
63174;17578;644;36000;37
63229;17594;231;7000;26
63257;17600;992;14000;2
63258;17600;992;14000;2
63267;17604;227;5000;7
63311;17614;144;51000;39
63315;17618;169;133000;13
63330;17623;835;5000;25
63331;17623;707;44000;32
63332;17623;681;37000;38
63333;17623;707;44000;32
63334;17623;681;37000;38
63342;17627;587;125000;37
63416;17650;987;6000;25
63417;17650;1088;45000;22
63418;17650;987;6000;25
63419;17650;1088;45000;22
63420;17650;927;5000;42
63421;17650;405;22000;12
63422;17650;158;40000;14
63457;17662;1059;18000;41
63458;17662;1059;18000;41
63459;17662;704;94000;13
63460;17662;298;15000;26
63461;17662;644;36000;2
63470;17664;229;6000;25
63471;17664;229;6000;25
63484;17668;1114;38000;19
63485;17668;532;11000;5
63491;17670;917;18000;20
63492;17670;917;18000;20
63493;17670;669;37000;5
63494;17670;896;35000;7
63499;17673;87;44000;35
63500;17673;87;44000;35
63501;17673;122;148000;22
63502;17673;1142;6000;42
63532;17681;933;20000;2
63533;17682;295;22000;29
63534;17683;762;11000;39
63538;17685;919;26000;24
63539;17685;919;26000;24
63540;17685;466;152000;16
63574;17693;4;85000;30
63575;17693;845;7000;18
63576;17693;845;7000;18
63581;17695;1044;20000;33
63611;17703;243;19000;1
63612;17703;243;19000;1
63613;17704;874;13000;41
63614;17704;347;10000;9
63615;17704;434;7000;40
63616;17705;514;11000;25
63658;17715;886;22000;4
63659;17715;1139;8000;33
63660;17715;1139;8000;33
63661;17715;623;134000;28
63662;17715;445;12000;29
63689;17722;1127;22000;16
63690;17722;770;6000;25
63695;17724;337;11000;8
63702;17727;965;17000;32
63703;17727;512;19000;38
63704;17727;13;85000;29
63713;17730;611;20000;38
63742;17738;510;12000;17
63743;17738;1047;22000;34
63744;17738;1047;22000;34
63745;17738;397;3000;32
63746;17739;41;125000;30
63801;17753;424;3000;24
63857;17768;153;54000;4
63903;17780;75;55000;41
63904;17780;744;8000;35
63916;17784;697;54000;30
63917;17784;667;68000;5
63918;17784;667;68000;5
63919;17784;10;90000;2
63938;17790;242;7000;39
63939;17790;817;5000;37
63940;17790;1091;100000;18
63941;17790;1091;100000;18
63957;17796;624;12000;24
63958;17797;237;6000;40
63959;17797;1019;36000;28
63960;17797;676;39000;35
63961;17797;1019;36000;28
63962;17797;676;39000;35
63963;17797;248;20000;41
63964;17797;496;57000;22
63992;17805;136;141000;36
63993;17805;136;141000;36
63994;17805;264;6000;17
64013;17811;835;5000;41
64060;17821;395;4000;24
64061;17821;395;4000;24
64062;17821;150;58000;33
64063;17821;210;4000;38
64091;17828;863;14000;35
64132;17843;335;6000;27
64133;17843;247;6000;23
64134;17843;522;11000;22
64135;17843;522;11000;22
64197;17862;919;26000;4
64199;17864;1062;24000;22
64200;17864;745;19000;35
64201;17864;745;19000;35
64205;17866;744;8000;6
64206;17866;918;22000;4
64207;17866;681;37000;11
64217;17871;935;46000;33
64218;17871;953;20000;13
64219;17871;953;20000;13
64220;17871;567;27000;12
64231;17876;905;15000;6
64232;17876;883;19000;20
64233;17876;1001;19000;30
64234;17876;908;26000;15
64235;17876;908;26000;15
64236;17876;1101;51000;3
64237;17876;213;23000;17
64254;17880;323;4000;9
64268;17884;943;28000;20
64269;17884;943;28000;20
64270;17884;1025;7000;42
64271;17884;497;57000;5
64288;17890;527;39000;38
64310;17896;612;7000;24
64328;17901;928;14000;5
64329;17901;888;61000;33
64330;17901;928;14000;5
64331;17901;888;61000;33
64361;17909;1090;45000;23
64362;17909;671;33000;20
64383;17915;415;2000;29
64394;17920;902;100000;15
64440;17931;227;5000;25
64441;17931;227;5000;25
64462;17938;1007;62000;33
64463;17938;1007;62000;33
64464;17938;117;109000;38
64465;17939;719;325000;25
64466;17939;719;325000;25
64467;17939;801;13000;19
64468;17939;665;145000;23
64551;17960;801;13000;10
64552;17960;688;13000;26
64553;17960;801;13000;10
64554;17960;688;13000;26
64555;17961;864;17000;34
64574;17968;899;32000;40
64575;17968;706;52000;16
64576;17968;101;120000;14
64577;17968;336;8000;35
64578;17968;706;52000;16
64579;17968;101;120000;14
64580;17968;336;8000;35
64595;17972;844;4000;42
64612;17977;121;149000;11
64645;17986;860;45000;1
64646;17986;860;45000;1
64647;17986;406;18000;41
64687;17997;941;28000;28
64688;17997;456;9000;42
64689;17998;778;6000;24
64690;17998;1115;25000;1
64696;18001;1091;100000;35
64697;18001;1091;100000;35
64728;18008;179;10000;11
64729;18008;179;10000;11
64733;18010;736;23000;4
64734;18010;740;38000;11
64735;18011;600;30000;35
64804;18027;539;12000;36
64805;18027;539;12000;36
64806;18027;1142;6000;13
64809;18029;89;83000;5
64829;18033;457;16000;12
64830;18033;923;9000;29
64831;18033;541;22000;10
64832;18033;531;11000;21
64833;18033;402;8000;30
64834;18033;541;22000;10
64835;18033;531;11000;21
64836;18033;402;8000;30
64837;18033;258;9000;7
64842;18035;696;50000;25
64849;18038;27;72000;37
64850;18038;168;38000;3
64851;18038;536;24000;33
64885;18048;900;100000;26
64893;18051;634;72000;30
64894;18051;634;72000;30
64895;18051;366;2000;11
64896;18052;847;8000;7
64897;18052;847;8000;7
64898;18052;368;8000;38
64932;18064;630;30000;30
64933;18064;625;51000;13
64952;18072;561;15000;25
64963;18075;437;13000;20
64964;18075;548;34000;30
64979;18079;197;12000;3
64980;18079;424;3000;18
64981;18079;424;3000;18
64982;18079;12;85000;10
64996;18085;1026;20000;27
65007;18089;537;18000;4
65035;18099;746;41000;23
65112;18122;417;2000;20
65113;18122;26;72000;11
65128;18127;270;6000;39
65129;18127;412;2000;22
65160;18135;345;3000;8
65161;18135;983;28000;30
65162;18135;983;28000;30
65186;18140;838;5000;21
65220;18149;331;5000;21
65221;18149;1046;22000;24
65247;18156;1083;57000;38
65249;18158;1106;19000;10
65392;18194;574;12000;27
65393;18194;659;59000;32
65394;18194;659;59000;32
65395;18194;44;99000;34
65396;18194;1095;99000;16
65445;18206;364;12000;13
65446;18206;364;12000;13
65456;18211;874;13000;30
65457;18211;591;125000;4
65499;18223;57;67000;34
65500;18223;57;67000;34
65501;18223;9;80000;19
65502;18223;455;15000;20
65503;18223;844;4000;6
65522;18228;1040;12000;41
65523;18228;368;8000;23
65524;18228;368;8000;23
65525;18228;83;44000;22
65526;18228;467;152000;41
65565;18238;47;99000;13
65566;18238;47;99000;13
65567;18239;1115;25000;21
65579;18244;572;9000;34
65580;18244;386;6000;27
65581;18244;921;9000;14
65582;18244;1118;53000;14
65606;18253;30;72000;38
65629;18259;865;14000;35
65630;18259;998;43000;15
65640;18262;702;100000;11
65641;18262;725;125000;23
65642;18262;725;125000;23
65643;18262;889;61000;19
65644;18263;678;43000;28
65648;18265;724;125000;41
65649;18265;724;125000;41
65650;18265;144;51000;13
65651;18265;691;5000;28
65661;18269;1080;111000;34
65662;18270;54;75000;6
65663;18270;714;105000;27
65686;18277;41;125000;31
65687;18277;9;80000;7
65688;18277;284;13000;21
65701;18280;61;100000;29
65702;18280;61;100000;29
65703;18281;114;130000;1
65704;18281;706;52000;17
65705;18281;706;52000;17
65706;18281;128;132000;32
65714;18284;80;99000;9
65715;18284;214;23000;42
65736;18291;413;3000;34
65737;18291;267;6000;20
65738;18291;413;3000;34
65739;18291;267;6000;20
65740;18291;314;2000;7
65787;18302;727;37000;42
65788;18303;146;71000;22
65801;18307;101;120000;17
65817;18311;146;71000;22
65859;18319;927;5000;9
65894;18328;701;47000;22
65895;18328;411;3000;30
65896;18328;542;10000;29
65897;18328;261;10000;9
65898;18328;1084;148000;17
65899;18328;542;10000;29
65900;18328;261;10000;9
65901;18328;1084;148000;17
65962;18346;482;21000;4
65975;18350;407;22000;24
65976;18350;278;9000;17
65986;18353;87;44000;19
65987;18353;87;44000;19
65988;18353;173;131000;38
65989;18353;345;3000;11
65993;18355;47;99000;33
65994;18355;47;99000;33
66033;18367;231;7000;12
66034;18367;1120;35000;13
66054;18373;1078;47000;42
66055;18373;1048;59000;26
66056;18373;650;62000;42
66057;18373;1048;59000;26
66058;18373;650;62000;42
66073;18378;669;37000;7
66092;18382;614;55000;36
66093;18382;614;55000;36
66100;18384;1076;63000;30
66101;18384;79;55000;37
66102;18384;1076;63000;30
66103;18384;79;55000;37
66104;18385;3;85000;23
66105;18385;3;85000;23
66110;18387;1058;60000;34
66111;18387;1058;60000;34
66112;18387;509;28000;32
66206;18408;672;75000;24
66207;18408;186;9000;28
66208;18408;218;25000;37
66257;18423;448;16000;36
66258;18423;22;72000;33
66259;18423;951;9000;2
66260;18424;330;5000;25
66261;18424;362;25000;18
66262;18424;362;25000;18
66263;18425;414;2000;30
66264;18425;697;54000;18
66319;18438;1007;62000;7
66320;18438;1007;62000;7
66374;18456;243;19000;25
66375;18456;243;19000;25
66376;18456;245;7000;15
66389;18462;32;125000;24
66390;18462;384;6000;20
66394;18464;365;2000;15
66395;18464;841;6000;15
66399;18466;589;220000;25
66400;18466;203;13000;1
66401;18466;350;2000;26
66402;18466;53;165000;31
66403;18466;537;18000;21
66421;18471;889;61000;31
66422;18471;889;61000;31
66423;18471;769;5000;8
66455;18484;771;6000;23
66456;18484;771;6000;23
66492;18495;315;2000;31
66504;18500;304;2000;41
66505;18500;958;12000;34
66506;18500;1034;17000;8
66507;18500;1034;17000;8
66541;18509;337;11000;6
66542;18509;337;11000;6
66543;18509;760;15000;36
66544;18510;417;2000;35
66545;18510;877;40000;42
66550;18512;924;9000;25
66595;18527;352;3000;22
66598;18529;1055;57000;12
66599;18529;166;71000;39
66600;18529;467;152000;39
66601;18529;166;71000;39
66602;18529;467;152000;39
66603;18529;784;6000;23
66604;18529;1140;22000;24
66605;18529;981;54000;22
66679;18548;1134;20000;19
66705;18558;226;4000;33
66706;18558;271;6000;7
66723;18562;190;4000;31
66724;18562;631;92000;27
66736;18565;681;37000;12
66737;18565;574;12000;40
66738;18565;998;43000;17
66739;18565;968;18000;36
66740;18565;998;43000;17
66741;18565;968;18000;36
66742;18565;1128;20000;21
66743;18565;1144;54000;18
66744;18565;748;33000;7
66747;18567;626;48000;37
66748;18567;1045;20000;23
66802;18578;1073;15000;20
66807;18580;232;20000;21
66808;18580;232;20000;21
66834;18588;33;200000;18
66835;18589;217;14000;33
66843;18593;1078;47000;32
66844;18593;619;21000;7
66845;18593;511;18000;41
66850;18595;250;6000;34
66851;18595;250;6000;34
66852;18595;367;4000;16
66859;18598;766;5000;33
66860;18598;608;18000;23
66865;18600;1095;99000;18
66866;18600;1095;99000;18
66871;18602;858;19000;28
66872;18602;318;2000;9
66873;18602;318;2000;9
66874;18603;235;7000;17
66880;18605;653;49000;30
66881;18605;190;4000;27
66882;18605;238;6000;3
66883;18605;220;24000;19
66906;18609;398;3000;42
66907;18609;189;3000;18
66908;18609;189;3000;18
66909;18609;652;41000;34
66919;18612;495;57000;32
66920;18612;544;26000;24
66921;18612;544;26000;24
66922;18612;476;13000;22
66923;18612;525;35000;29
66934;18615;517;27000;22
66935;18615;812;5000;18
66936;18615;812;5000;18
66937;18615;709;5000;15
66960;18622;562;10000;15
66961;18622;379;4000;24
66962;18622;379;4000;24
66963;18622;142;53000;7
66986;18629;628;56000;3
66987;18629;102;70000;11
67008;18638;855;7000;10
67020;18641;477;16000;23
67048;18648;33;200000;25
67074;18656;749;33000;37
67075;18656;609;4000;2
67076;18656;523;15000;41
67089;18660;1048;59000;2
67090;18660;1103;9000;9
67117;18668;1022;23000;39
67118;18668;1022;23000;39
67180;18682;989;15000;40
67204;18690;1049;33000;19
67205;18691;737;33000;33
67206;18691;204;9000;11
67207;18691;204;9000;11
67208;18691;402;8000;29
67209;18692;684;55000;38
67217;18694;325;4000;18
67225;18697;958;12000;8
67226;18697;958;12000;8
67368;18730;573;25000;20
67369;18730;617;19000;14
67372;18734;624;12000;21
67373;18734;624;12000;21
67391;18742;521;15000;21
67392;18742;521;15000;21
67409;18749;510;12000;8
67438;18756;373;19000;22
67439;18756;373;19000;22
67443;18759;458;9000;21
67444;18759;109;139000;35
67488;18770;233;17000;2
67491;18772;843;6000;29
67492;18772;843;6000;29
67493;18772;1060;18000;13
67529;18782;585;365000;10
67530;18782;718;285000;1
67531;18782;718;285000;1
67537;18784;380;7000;32
67538;18784;7;120000;33
67548;18789;253;10000;29
67549;18789;253;10000;29
67572;18796;304;2000;4
67573;18796;304;2000;4
67582;18800;109;139000;17
67583;18800;672;75000;30
67584;18800;672;75000;30
67609;18807;967;19000;31
67632;18815;804;3000;20
67633;18815;798;6000;24
67634;18815;920;22000;21
67635;18815;798;6000;24
67636;18815;920;22000;21
67648;18819;502;19000;18
67649;18819;750;5000;37
67650;18819;635;30000;5
67651;18820;319;2000;32
67652;18820;319;2000;32
67653;18820;796;4000;37
67663;18824;112;130000;13
67664;18824;160;61000;5
67665;18824;1089;45000;17
67676;18827;625;51000;16
67677;18827;868;21000;24
67697;18834;441;11000;36
67726;18843;594;263000;40
67763;18853;223;4000;6
67764;18853;223;4000;6
67780;18862;160;61000;4
67781;18862;160;61000;4
67782;18862;447;8000;22
67815;18874;833;3000;34
67816;18874;833;3000;34
67817;18875;429;2000;14
67818;18875;429;2000;14
67824;18877;504;16000;15
67825;18877;504;16000;15
67888;18898;18;85000;25
67889;18898;116;75000;3
67890;18898;18;85000;25
67891;18898;116;75000;3
67906;18903;441;11000;24
67907;18903;441;11000;24
67908;18904;969;15000;14
67977;18925;663;55000;37
67978;18925;932;15000;5
67979;18925;932;15000;5
67980;18925;260;5000;17
68017;18935;832;6000;18
68018;18935;458;9000;31
68041;18942;709;5000;19
68072;18950;1006;152000;38
68124;18964;33;200000;33
68130;18967;343;4000;20
68131;18967;343;4000;20
68160;18976;919;26000;4
68199;18985;1141;22000;24
68200;18985;385;6000;21
68201;18985;385;6000;21
68202;18985;19;85000;29
68218;18993;1094;99000;29
68219;18993;898;32000;25
68220;18994;689;35000;4
68221;18994;689;35000;4
68222;18994;131;132000;37
68223;18994;264;6000;14
68259;19006;803;20000;38
68283;19013;1102;8000;37
68284;19013;830;6000;8
68285;19013;1102;8000;37
68286;19013;830;6000;8
68287;19013;848;3000;15
68288;19014;465;15000;15
68289;19014;759;5000;9
68290;19014;759;5000;9
68291;19015;1;110000;21
68292;19015;972;16000;10
68293;19016;252;5000;17
68306;19021;663;55000;42
68307;19021;663;55000;42
68320;19026;425;3000;10
68321;19026;645;39000;23
68322;19026;868;21000;38
68323;19026;868;21000;38
68324;19026;1056;15000;19
68384;19040;443;14000;2
68389;19043;543;10000;26
68390;19043;1048;59000;26
68391;19043;1136;107000;38
68398;19046;586;95000;2
68399;19046;377;7000;36
68460;19060;633;92000;25
68472;19064;467;152000;19
68473;19064;987;6000;6
68474;19064;949;4000;3
68532;19077;219;24000;39
68533;19077;219;24000;39
68534;19077;667;68000;14
68535;19077;848;3000;5
68544;19082;590;305000;41
68565;19087;88;43000;2
68589;19095;465;15000;16
68611;19102;1086;21000;37
68613;19104;706;52000;6
68630;19109;432;12000;22
68668;19121;670;35000;6
68669;19121;670;35000;6
68670;19121;973;16000;19
68671;19122;248;20000;18
68672;19122;799;6000;40
68673;19122;799;6000;40
68674;19122;974;17000;29
68675;19122;128;132000;39
68676;19123;81;47000;36
68691;19128;1144;54000;13
68692;19128;465;15000;16
68693;19129;1073;15000;19
68700;19132;223;4000;7
68701;19132;223;4000;7
68702;19132;833;3000;36
68703;19132;256;8000;37
68724;19138;1049;33000;38
68725;19138;983;28000;26
68846;19165;674;26000;1
68882;19174;976;28000;5
68883;19174;201;26000;33
68884;19174;235;7000;8
68885;19174;2;100000;11
68886;19174;201;26000;33
68887;19174;235;7000;8
68888;19174;2;100000;11
68889;19174;144;51000;22
68890;19174;610;8000;16
68891;19175;367;4000;36
68892;19175;1043;20000;13
68893;19175;367;4000;36
68894;19175;1043;20000;13
69077;19226;1064;126000;32
69078;19226;501;13000;39
69079;19226;170;132000;27
69080;19226;501;13000;39
69081;19226;170;132000;27
69082;19226;773;4000;11
69141;19242;906;22000;2
69145;19244;117;109000;33
69146;19244;770;6000;25
69147;19244;73;45000;5
69148;19245;155;79000;10
69149;19245;754;4000;27
69150;19245;754;4000;27
69151;19245;852;6000;32
69181;19253;815;5000;25
69239;19272;482;21000;34
69240;19272;851;3000;12
69247;19276;499;15000;22
69248;19276;499;15000;22
69249;19276;579;7000;40
69250;19277;1065;62000;2
69251;19278;271;6000;19
69265;19284;697;54000;28
69268;19286;445;12000;10
69269;19286;51;75000;6
69270;19286;870;14000;8
69271;19286;339;8000;15
69272;19286;306;2000;27
69274;19288;672;75000;30
69275;19288;672;75000;30
69276;19288;543;10000;12
69277;19288;1129;19000;4
69278;19288;851;3000;17
69289;19291;1062;24000;39
69290;19291;6;120000;17
69291;19291;62;105000;41
69292;19291;62;105000;41
69300;19295;271;6000;37
69301;19295;669;37000;4
69302;19295;306;2000;34
69303;19295;306;2000;34
69304;19295;869;24000;34
69341;19307;89;83000;25
69346;19309;198;13000;34
69367;19314;157;65000;9
69368;19314;432;12000;28
69369;19315;365;2000;29
69370;19315;365;2000;29
69371;19315;10;90000;8
69435;19331;158;40000;39
69436;19331;691;5000;41
69437;19331;158;40000;39
69438;19331;691;5000;41
69439;19331;425;3000;33
69447;19333;715;110000;19
69470;19338;869;24000;34
69471;19338;684;55000;8
69472;19339;303;2000;22
69482;19342;518;27000;39
69506;19349;445;12000;42
69522;19356;351;3000;1
69523;19356;211;64000;31
69541;19361;344;4000;19
69542;19362;424;3000;14
69543;19363;105;70000;8
69544;19363;202;10000;35
69545;19363;178;141000;30
69546;19363;731;26000;27
69549;19365;289;19000;23
69550;19365;289;19000;23
69562;19370;624;12000;26
69661;19391;495;57000;5
69662;19391;604;10000;27
69663;19391;861;9000;10
69664;19391;861;9000;10
69665;19391;338;11000;26
69709;19400;873;13000;35
69710;19400;992;14000;12
69711;19400;992;14000;12
69714;19402;404;20000;7
69715;19402;325;4000;5
69716;19402;325;4000;5
69717;19402;942;17000;32
69718;19402;120;120000;20
69719;19403;72;35000;3
69720;19403;72;35000;3
69745;19411;83;44000;29
69763;19418;599;97000;8
69764;19418;576;31000;12
69765;19418;19;85000;14
69766;19418;5;99000;10
69775;19420;500;23000;2
69820;19430;975;17000;17
69851;19439;554;6000;31
69852;19439;554;6000;31
69853;19440;202;10000;14
69854;19440;287;22000;16
69855;19440;287;22000;16
69870;19444;299;4000;25
69887;19449;902;100000;40
69888;19450;145;48000;7
69889;19450;488;11000;20
69890;19451;603;50000;35
69891;19451;603;50000;35
69915;19456;698;54000;39
69916;19456;1115;25000;42
69931;19462;361;2000;25
69932;19462;361;2000;25
69945;19465;748;33000;25
69981;19475;374;15000;28
69982;19475;374;15000;28
69983;19475;1019;36000;16
69984;19475;746;41000;39
70079;19501;758;3000;25
70080;19501;890;22000;15
70081;19502;550;12000;17
70117;19510;835;5000;26
70118;19510;558;28000;18
70119;19510;337;11000;13
70120;19510;558;28000;18
70121;19510;337;11000;13
70170;19521;1037;39000;3
70171;19521;1037;39000;3
70172;19521;147;40000;22
70217;19532;465;15000;38
70218;19532;782;5000;26
70219;19532;620;40000;14
70220;19532;620;40000;14
70245;19541;371;8000;34
70251;19544;975;17000;38
70252;19545;1121;35000;41
70253;19545;474;17000;6
70254;19545;502;19000;10
70255;19545;502;19000;10
70263;19547;832;6000;26
70324;19562;167;82000;5
70365;19572;224;3000;19
70366;19572;224;3000;19
70367;19572;187;9000;13
70368;19572;634;72000;42
70377;19576;972;16000;7
70408;19587;1032;10000;7
70409;19587;525;35000;33
70410;19587;525;35000;33
70411;19587;509;28000;20
70423;19591;734;40000;23
70424;19591;734;40000;23
70443;19600;895;16000;34
70444;19600;895;16000;34
70445;19601;149;63000;30
70448;19604;503;19000;12
70449;19604;389;6000;1
70469;19608;638;92000;13
70495;19614;337;11000;30
70496;19614;651;41000;21
70518;19619;349;3000;34
70519;19619;944;17000;40
70520;19619;944;17000;40
70521;19619;961;27000;37
70580;19634;309;9000;10
70581;19634;500;23000;1
70582;19634;500;23000;1
70583;19634;1006;152000;3
70584;19634;89;83000;37
70585;19634;195;27000;5
70608;19641;149;63000;16
70609;19641;1127;22000;1
70610;19641;804;3000;4
70611;19642;1030;20000;13
70612;19642;72;35000;12
70613;19642;551;25000;27
70636;19648;856;245000;14
70637;19648;856;245000;14
70638;19648;615;7000;36
70652;19654;668;41000;36
70653;19654;668;41000;36
70672;19659;118;120000;11
70673;19659;118;120000;11
70674;19659;103;130000;18
70675;19659;290;8000;9
70684;19662;951;9000;22
70685;19662;951;9000;22
70690;19664;142;53000;17
70691;19664;701;47000;5
70727;19672;623;134000;6
70728;19672;623;134000;6
70729;19672;359;2000;19
70753;19680;234;14000;5
70754;19680;491;10000;2
70776;19685;1051;30000;35
70777;19685;1069;15000;11
70778;19685;759;5000;8
70790;19689;227;5000;26
70791;19689;451;28000;26
70838;19699;918;22000;37
70839;19699;356;4000;4
70857;19706;68;45000;34
70858;19706;180;10000;17
70909;19724;693;60000;18
70923;19730;52;60000;12
70924;19730;968;18000;37
70930;19732;1109;47000;5
70931;19732;1109;47000;5
71000;19750;227;5000;17
71009;19753;874;13000;41
71010;19753;650;62000;34
71011;19753;874;13000;41
71012;19753;650;62000;34
71013;19753;334;4000;21
71014;19753;509;28000;18
71015;19753;619;21000;34
71043;19760;943;28000;36
71044;19760;943;28000;36
71045;19760;456;9000;4
71067;19767;1038;11000;13
71068;19767;182;13000;41
71069;19767;484;16000;22
71163;19786;1129;19000;23
71164;19786;778;6000;6
71165;19786;809;3000;29
71166;19786;138;24000;22
71274;19814;239;6000;6
71275;19814;239;6000;6
71276;19814;849;3000;3
71277;19815;148;54000;13
71278;19815;832;6000;19
71279;19815;771;6000;32
71280;19815;832;6000;19
71281;19815;771;6000;32
71282;19815;532;11000;19
71283;19816;323;4000;32
71284;19816;323;4000;32
71285;19816;380;7000;40
71298;19819;231;7000;28
71299;19819;772;4000;37
71333;19828;782;5000;16
71353;19834;374;15000;16
71354;19834;374;15000;16
71359;19837;932;15000;4
71360;19837;828;7000;30
71402;19848;306;2000;5
71403;19848;306;2000;5
71404;19848;1091;100000;30
71424;19856;456;9000;21
71425;19856;456;9000;21
71426;19856;764;5000;30
71427;19856;574;12000;40
71428;19857;491;10000;25
71429;19857;1118;53000;9
71430;19857;1118;53000;9
71431;19857;594;263000;17
71432;19857;1109;47000;19
71461;19864;198;13000;39
71462;19864;198;13000;39
71463;19864;240;6000;9
71510;19871;642;72000;41
71511;19872;521;15000;21
71512;19872;171;131000;32
71513;19872;549;18000;32
71514;19873;903;22000;11
71515;19873;903;22000;11
71516;19874;46;99000;3
71517;19874;259;4000;10
71518;19874;746;41000;8
71538;19879;956;27000;7
71539;19881;988;30000;5
71540;19881;988;30000;5
71541;19881;1065;62000;34
71553;19884;848;3000;5
71561;19886;199;13000;40
71562;19886;199;13000;40
71604;19897;1035;40000;38
71605;19897;1035;40000;38
71606;19897;339;8000;13
71614;19901;1009;20000;13
71615;19901;405;22000;16
71616;19901;1009;20000;13
71617;19901;405;22000;16
71618;19901;525;35000;18
71708;19924;461;13000;33
71709;19924;461;13000;33
71721;19928;23;86000;18
71824;19953;386;6000;2
71825;19953;386;6000;2
71826;19953;243;19000;4
71843;19957;164;38000;2
71844;19957;573;25000;18
71845;19957;573;25000;18
71846;19957;671;33000;31
71853;19959;697;54000;26
71854;19959;905;15000;39
71855;19959;163;49000;21
71856;19959;905;15000;39
71857;19959;163;49000;21
71894;19968;963;19000;42
71895;19968;963;19000;42
71896;19968;517;27000;4
71910;19972;824;6000;26
71911;19972;766;5000;13
71912;19972;824;6000;26
71913;19972;766;5000;13
71934;19978;707;44000;18
71935;19978;938;17000;40
71951;19984;870;14000;35
71952;19984;870;14000;35
71996;19996;854;6000;29
71997;19997;979;24000;2
71998;19997;120;120000;9
72020;20004;1133;20000;34
72021;20004;1133;20000;34
72022;20004;373;19000;42
72039;20009;96;149000;32
72103;20026;32;125000;18
72104;20026;32;125000;18
72105;20026;494;15000;35
72148;20036;427;3000;28
72149;20036;466;152000;3
72150;20036;466;152000;3
72162;20040;746;41000;4
72163;20040;662;63000;39
72182;20045;552;93000;2
72183;20045;27;72000;41
72184;20045;27;72000;41
72185;20045;424;3000;42
72186;20045;133;150000;23
72259;20063;777;6000;2
72274;20068;326;4000;39
72275;20068;842;23000;9
72284;20071;284;13000;4
72285;20072;972;16000;7
72294;20074;423;5000;33
72321;20085;255;2000;27
72322;20085;255;2000;27
72340;20090;599;97000;23
72341;20090;408;3000;38
72342;20090;22;72000;15
72388;20102;184;3000;7
72421;20111;711;80000;15
72435;20117;319;2000;8
72436;20117;319;2000;8
72449;20123;42;99000;19
72450;20123;737;33000;2
72484;20131;546;20000;13
72485;20131;546;20000;13
72486;20131;53;165000;17
72487;20131;268;6000;37
72507;20136;599;97000;4
72508;20136;599;97000;4
72509;20137;1066;10000;21
72542;20149;838;5000;42
72543;20149;838;5000;42
72654;20178;139;24000;17
72655;20178;157;65000;30
72656;20178;805;20000;21
72696;20189;237;6000;33
72697;20189;170;132000;34
72720;20198;29;43000;38
72740;20205;1080;111000;42
72741;20205;1034;17000;35
72742;20205;1034;17000;35
72743;20205;522;11000;26
72783;20217;632;130000;9
72817;20225;317;2000;37
72818;20225;266;6000;36
72856;20236;635;30000;38
72857;20236;403;8000;41
72858;20236;110;75000;38
72859;20236;688;13000;40
72860;20236;110;75000;38
72861;20236;688;13000;40
72867;20240;641;130000;23
72868;20240;124;141000;30
72869;20240;173;131000;32
72870;20240;985;28000;17
72884;20248;539;12000;7
72901;20253;312;2000;34
72902;20253;917;18000;27
72903;20253;917;18000;27
72904;20253;1050;62000;37
72905;20253;8;100000;30
72906;20253;333;2000;35
72907;20253;644;36000;31
72914;20255;883;19000;5
72915;20255;150;58000;38
72916;20255;883;19000;5
72917;20255;150;58000;38
72918;20255;847;8000;5
72919;20256;204;9000;23
72920;20256;1101;51000;31
72934;20259;612;7000;34
72935;20259;39;225000;8
72943;20263;366;2000;7
72944;20263;1130;19000;18
72948;20265;22;72000;13
72958;20267;788;7000;21
72959;20267;788;7000;21
72964;20269;742;19000;4
72965;20269;227;5000;41
73008;20278;272;9000;40
73009;20278;217;14000;32
73010;20279;626;48000;33
73011;20279;459;13000;26
73012;20279;1132;19000;21
73013;20279;930;10000;30
73014;20279;459;13000;26
73015;20279;1132;19000;21
73016;20279;930;10000;30
73017;20279;512;19000;41
73018;20280;1088;45000;16
73019;20280;713;58000;12
73020;20280;713;58000;12
73117;20303;717;230000;30
73170;20317;766;5000;13
73171;20317;766;5000;13
73175;20319;566;11000;10
73176;20319;972;16000;10
73203;20329;1054;36000;13
73204;20329;1054;36000;13
73205;20329;126;134000;3
73206;20330;349;3000;30
73207;20330;583;10000;25
73208;20330;114;130000;5
73209;20331;908;26000;36
73219;20335;500;23000;19
73220;20335;500;23000;19
73236;20340;17;120000;33
73237;20340;969;15000;28
73238;20340;969;15000;28
73271;20352;873;13000;9
73272;20353;52;60000;10
73310;20361;957;27000;40
73337;20369;417;2000;14
73340;20371;1105;8000;38
73341;20371;324;4000;5
73342;20371;26;72000;32
73343;20371;105;70000;30
73353;20374;530;9000;11
73354;20374;530;9000;11
73361;20377;972;16000;23
73362;20377;603;50000;25
73385;20382;760;15000;26
73386;20382;1138;20000;15
73387;20382;810;6000;42
73391;20384;544;26000;1
73418;20391;626;48000;38
73419;20391;626;48000;38
73420;20391;1124;25000;11
73421;20391;190;4000;10
73436;20395;543;10000;9
73437;20395;543;10000;9
73438;20395;570;15000;22
73450;20399;144;51000;23
73502;20411;645;39000;26
73503;20411;627;58000;31
73504;20411;847;8000;20
73622;20439;338;11000;13
73623;20439;403;8000;2
73643;20445;1125;53000;31
73644;20445;1125;53000;31
73645;20445;395;4000;30
73646;20445;198;13000;23
73647;20445;849;3000;26
73648;20445;368;8000;36
73678;20451;873;13000;37
73679;20451;1056;15000;11
73680;20451;1056;15000;11
73681;20451;859;19000;9
73682;20452;901;100000;21
73723;20462;509;28000;23
73773;20475;271;6000;25
73793;20481;112;130000;36
73807;20485;843;6000;25
73808;20485;843;6000;25
73809;20485;830;6000;22
73810;20486;541;22000;26
73811;20486;186;9000;34
73812;20487;478;7000;42
73825;20490;76;45000;33
73846;20497;863;14000;31
73847;20498;679;17000;25
73848;20498;551;25000;5
73849;20498;814;5000;4
73854;20502;442;16000;16
73855;20502;159;80000;28
73856;20502;159;80000;28
73870;20506;1123;34000;35
73871;20506;1123;34000;35
73882;20510;72;35000;13
73883;20510;72;35000;13
73884;20510;1063;13000;6
73909;20515;561;15000;7
73910;20516;892;68000;16
73952;20527;1130;19000;1
73953;20527;24;72000;11
73954;20527;1130;19000;1
73955;20527;24;72000;11
73986;20534;202;10000;24
74002;20539;306;2000;9
74003;20539;318;2000;14
74004;20539;771;6000;6
74005;20539;365;2000;1
74017;20545;354;5000;12
74018;20545;354;5000;12
74036;20549;405;22000;27
74037;20550;840;4000;28
74038;20550;40;200000;32
74039;20550;351;3000;32
74040;20550;525;35000;24
74058;20556;678;43000;3
74059;20556;51;75000;40
74075;20561;477;16000;37
74076;20561;303;2000;26
74077;20561;303;2000;26
74078;20561;356;4000;18
74079;20561;478;7000;11
74113;20570;410;3000;29
74198;20593;23;86000;42
74213;20598;1029;7000;42
74214;20598;425;3000;27
74215;20598;1029;7000;42
74216;20598;425;3000;27
74399;20643;756;5000;8
74400;20643;756;5000;8
74405;20645;612;7000;19
74413;20647;247;6000;28
74419;20650;420;2000;11
74436;20655;503;19000;4
74437;20655;1005;152000;8
74438;20655;160;61000;23
74439;20655;741;38000;31
74440;20655;160;61000;23
74441;20655;741;38000;31
74442;20655;999;43000;28
74443;20655;8;100000;10
74478;20662;378;7000;37
74498;20668;93;49000;19
74499;20668;93;49000;19
74506;20672;123;147000;1
74507;20672;123;147000;1
74546;20684;743;7000;28
74547;20684;743;7000;28
74556;20689;333;2000;6
74557;20689;368;8000;21
74558;20689;939;28000;3
74559;20689;939;28000;3
74560;20689;928;14000;27
74561;20689;910;28000;15
74577;20695;189;3000;22
74581;20698;198;13000;32
74582;20698;475;13000;9
74587;20700;1054;36000;19
74588;20700;1042;19000;37
74589;20700;1054;36000;19
74590;20700;1042;19000;37
74591;20700;968;18000;29
74592;20700;520;23000;38
74636;20713;615;7000;23
74637;20714;80;99000;35
74638;20714;584;165000;30
74639;20714;584;165000;30
74671;20723;762;11000;22
74687;20727;880;8000;22
74725;20737;987;6000;21
74726;20737;987;6000;21
74807;20758;1046;22000;34
74813;20761;1121;35000;30
74814;20761;1121;35000;30
74815;20761;992;14000;11
74816;20761;1131;19000;19
74824;20765;1083;57000;1
74825;20765;218;25000;4
74826;20765;929;17000;39
74834;20769;784;6000;20
74835;20769;710;150000;26
74836;20769;655;65000;39
74865;20776;354;5000;1
74866;20776;785;6000;7
74891;20784;8;100000;37
74892;20784;480;22000;40
74919;20792;1007;62000;6
74920;20792;147;40000;36
74921;20792;147;40000;36
74922;20792;317;2000;7
74923;20792;804;3000;29
74924;20792;401;21000;25
74925;20792;1090;45000;27
74926;20792;1058;60000;35
74941;20798;1031;10000;12
74996;20814;206;13000;9
74997;20814;302;7000;4
74998;20814;206;13000;9
74999;20814;302;7000;4
75000;20815;998;43000;21
75001;20815;272;9000;34
75002;20815;608;18000;29
75003;20815;935;46000;34
75004;20816;1053;36000;3
75005;20816;265;6000;21
75006;20816;762;11000;37
75007;20816;265;6000;21
75008;20816;762;11000;37
75009;20816;1000;19000;2
75010;20816;281;22000;36
75020;20820;5;99000;41
75021;20820;1019;36000;15
75080;20835;1140;22000;34
75135;20856;84;44000;12
75136;20856;84;44000;12
75181;20874;941;28000;32
75182;20874;941;28000;32
75183;20874;814;5000;29
75184;20874;272;9000;19
75199;20879;283;13000;32
75200;20879;836;5000;17
75231;20886;251;5000;41
75232;20887;550;12000;17
75233;20887;909;22000;9
75261;20896;313;2000;14
75262;20896;313;2000;14
75263;20896;983;28000;13
75295;20905;557;8000;12
75296;20905;33;200000;34
75297;20905;155;79000;19
75299;20907;489;11000;8
75303;20909;782;5000;41
75304;20910;1143;35000;17
75305;20910;1143;35000;17
75306;20910;661;69000;28
75307;20910;386;6000;29
75320;20915;189;3000;29
75321;20915;1022;23000;35
75322;20915;1022;23000;35
75323;20916;71;45000;31
75329;20918;1039;11000;37
75330;20918;1039;11000;37
75331;20918;1132;19000;24
75332;20919;380;7000;34
75333;20919;722;34000;20
75334;20919;592;95000;3
75335;20919;722;34000;20
75336;20919;592;95000;3
75337;20919;610;8000;29
75338;20919;1069;15000;2
75345;20924;836;5000;13
75348;20926;628;56000;14
75349;20926;628;56000;14
75362;20931;166;71000;17
75363;20931;147;40000;36
75404;20942;204;9000;35
75405;20942;912;32000;36
75511;20973;940;30000;28
75512;20973;940;30000;28
75513;20973;547;7000;15
75538;20980;130;164000;21
75539;20980;1129;19000;34
75540;20981;559;15000;10
75543;20983;918;22000;35
75544;20983;732;51000;1
75545;20983;246;6000;27
75546;20983;743;7000;1
75547;20983;246;6000;27
75548;20983;743;7000;1
75574;20992;327;2000;5
75575;20992;275;8000;23
75576;20992;275;8000;23
75616;21002;1026;20000;16
75625;21006;547;7000;34
75650;21018;377;7000;31
75651;21018;759;5000;24
75652;21018;160;61000;31
75655;21021;766;5000;19
75690;21030;451;28000;26
75741;21041;1074;33000;18
75746;21043;586;95000;6
75751;21045;100;139000;15
75752;21045;584;165000;38
75821;21070;589;220000;12
75822;21070;589;220000;12
75823;21070;548;34000;17
75882;21085;492;5000;18
75883;21086;581;11000;37
75884;21086;556;5000;21
75899;21091;47;99000;30
75900;21091;1088;45000;42
75939;21104;987;6000;18
75940;21104;987;6000;18
75941;21104;572;9000;27
75945;21106;613;7000;24
75946;21106;968;18000;21
75947;21106;267;6000;10
75948;21106;613;7000;24
75949;21106;968;18000;21
75950;21106;267;6000;10
75951;21106;236;6000;3
75952;21106;999;43000;1
75953;21107;481;15000;34
75954;21107;481;15000;34
75955;21107;559;15000;24
75956;21108;466;152000;30
75957;21108;314;2000;12
75958;21108;314;2000;12
75959;21108;97;149000;36
75960;21108;8;100000;20
75985;21115;245;7000;6
75991;21117;198;13000;12
76004;21121;119;75000;28
76005;21121;119;75000;28
76006;21122;899;32000;5
76007;21122;820;7000;2
76009;21124;211;64000;29
76015;21128;1009;20000;17
76016;21128;709;5000;36
76047;21136;659;59000;34
76048;21136;74;35000;41
76049;21136;74;35000;41
76089;21147;348;3000;16
76090;21147;348;3000;16
76091;21147;77;35000;3
76092;21147;241;3000;38
76093;21147;383;6000;21
76094;21147;496;57000;28
76127;21157;442;16000;32
76128;21157;696;50000;7
76143;21162;769;5000;41
76144;21162;769;5000;41
76153;21165;753;4000;20
76154;21165;753;4000;20
76166;21168;978;29000;6
76167;21168;14;99000;33
76168;21168;996;170000;10
76169;21168;996;170000;10
76170;21168;276;11000;9
76171;21168;769;5000;26
76172;21168;624;12000;21
76185;21171;528;199000;9
76186;21171;55;80000;38
76187;21171;753;4000;18
76200;21175;69;45000;3
76201;21176;205;9000;40
76202;21176;49;99000;40
76203;21176;106;75000;31
76204;21176;106;75000;31
76286;21202;533;14000;20
76287;21203;86;49000;2
76288;21203;86;49000;2
76289;21203;398;3000;16
76290;21203;996;170000;15
76305;21209;494;15000;21
76306;21209;928;14000;27
76307;21209;442;16000;27
76320;21212;992;14000;30
76325;21214;305;2000;11
76326;21214;1076;63000;13
76332;21216;538;14000;3
76343;21220;816;7000;21
76344;21220;394;3000;28
76345;21220;394;3000;28
76346;21220;470;8000;6
76347;21220;594;263000;30
76399;21233;743;7000;13
76427;21240;680;22000;23
76428;21240;374;15000;21
76429;21240;680;22000;23
76430;21240;374;15000;21
76431;21240;94;44000;8
76432;21240;20;60000;20
76454;21246;1084;148000;1
76488;21254;414;2000;18
76489;21254;468;10000;18
76547;21268;546;20000;24
76548;21268;419;2000;33
76549;21268;114;130000;11
76550;21268;808;3000;36
76551;21268;444;4000;33
76552;21269;63;23000;27
76553;21269;373;19000;42
76554;21269;305;2000;17
76555;21269;305;2000;17
76569;21273;286;9000;31
76573;21276;510;12000;38
76574;21276;449;9000;24
76575;21276;717;230000;17
76578;21278;383;6000;40
76579;21278;677;39000;10
76580;21278;21;60000;21
76601;21283;372;5000;25
76609;21286;1143;35000;2
76610;21286;1143;35000;2
76642;21295;155;79000;8
76648;21298;690;20000;1
76678;21306;412;2000;7
76731;21322;1145;40000;21
76732;21322;1145;40000;21
76733;21324;659;59000;33
76734;21324;659;59000;33
76735;21324;223;4000;14
76736;21324;352;3000;17
76737;21324;181;10000;10
76758;21329;1047;22000;34
76806;21340;1021;36000;27
76807;21341;48;99000;37
76840;21350;705;102000;14
76841;21350;544;26000;36
76862;21354;796;4000;34
76863;21354;796;4000;34
76881;21359;39;225000;4
76882;21359;39;225000;4
76883;21359;361;2000;39
76901;21364;983;28000;5
76918;21369;711;80000;25
76986;21386;377;7000;25
76987;21386;256;8000;5
76988;21386;645;39000;36
76996;21389;373;19000;42
77000;21391;652;41000;10
77001;21391;652;41000;10
77002;21391;901;100000;6
77018;21396;898;32000;33
77032;21401;4;85000;33
77033;21401;816;7000;28
77034;21401;4;85000;33
77035;21401;816;7000;28
77036;21401;684;55000;42
77037;21402;814;5000;40
77038;21402;342;3000;41
77053;21406;151;71000;24
77054;21406;604;10000;7
77055;21406;626;48000;40
77056;21406;260;5000;6
77064;21409;726;125000;40
77065;21409;1080;111000;1
77066;21409;426;4000;11
77067;21409;426;4000;11
77111;21419;925;17000;5
77112;21419;661;69000;3
77113;21419;925;17000;5
77114;21419;661;69000;3
77115;21419;508;28000;8
77188;21436;370;4000;37
77211;21443;990;62000;16
77212;21443;848;3000;36
77213;21443;848;3000;36
77214;21443;291;21000;5
77242;21450;529;10000;5
77383;21486;652;41000;28
77384;21486;652;41000;28
77407;21494;711;80000;37
77408;21494;711;80000;37
77409;21494;62;105000;19
77410;21495;73;45000;1
77411;21495;73;45000;1
77439;21503;683;14000;21
77440;21503;683;14000;21
77446;21505;504;16000;30
77447;21505;504;16000;30
77448;21505;317;2000;12
77449;21505;201;26000;33
77450;21505;841;6000;29
77461;21509;219;24000;28
77462;21509;861;9000;8
77463;21509;861;9000;8
77464;21509;1077;13000;32
77465;21509;471;17000;37
77486;21515;785;6000;11
77487;21515;785;6000;11
77488;21515;1110;36000;3
77498;21518;317;2000;36
77531;21528;991;14000;34
77588;21545;972;16000;31
77626;21558;483;21000;12
77627;21558;227;5000;5
77633;21560;109;139000;37
77634;21560;790;6000;34
77670;21572;31;43000;40
77671;21572;546;20000;4
77683;21578;570;15000;3
77684;21578;570;15000;3
77687;21580;878;8000;39
77688;21580;878;8000;39
77689;21580;933;20000;10
77717;21589;334;4000;24
77718;21590;865;14000;12
77719;21590;492;5000;19
77720;21590;657;87000;41
77725;21592;84;44000;26
77817;21617;8;100000;19
77818;21617;531;11000;7
77819;21618;453;22000;28
78071;21692;664;140000;31
78072;21692;195;27000;15
78073;21692;578;22000;11
78074;21692;1013;18000;17
78084;21695;132;263000;20
78085;21695;574;12000;3
78086;21695;574;12000;3
78087;21695;119;75000;8
78088;21695;249;9000;3
78126;21705;1080;111000;15
78127;21706;156;42000;9
78128;21706;156;42000;9
78129;21706;1044;20000;38
78155;21712;1053;36000;11
78156;21712;1053;36000;11
78157;21712;1090;45000;38
78158;21713;554;6000;34
78195;21723;558;28000;21
78196;21723;558;28000;21
78197;21723;13;85000;15
78203;21725;304;2000;18
78204;21726;160;61000;27
78235;21736;623;134000;8
78236;21736;623;134000;8
78251;21740;1073;15000;37
78252;21740;1073;15000;37
78261;21742;798;6000;42
78267;21744;371;8000;19
78286;21752;584;165000;9
78287;21752;279;22000;29
78288;21752;279;22000;29
78365;21773;27;72000;25
78366;21773;27;72000;25
78367;21773;536;24000;10
78378;21778;384;6000;25
78379;21781;47;99000;4
78380;21781;47;99000;4
78381;21781;180;10000;22
78438;21794;672;75000;5
78439;21794;377;7000;42
78440;21794;754;4000;28
78441;21794;377;7000;42
78442;21794;754;4000;28
78443;21794;612;7000;41
78444;21794;737;33000;13
78471;21802;645;39000;31
78472;21802;744;8000;14
78473;21802;82;49000;33
78487;21807;46;99000;25
78488;21807;46;99000;25
78494;21810;316;2000;11
78504;21813;219;24000;34
78514;21816;880;8000;38
78515;21816;953;20000;27
78516;21816;660;65000;12
78537;21823;836;5000;34
78551;21828;500;23000;9
78566;21835;1006;152000;37
78567;21835;224;3000;37
78568;21835;224;3000;37
78569;21835;1;110000;13
78570;21835;1049;33000;23
78571;21835;896;35000;42
78584;21838;147;40000;3
78590;21841;719;325000;23
78643;21856;803;20000;19
78671;21862;763;11000;9
78672;21862;844;4000;37
78678;21864;1142;6000;5
78679;21865;1047;22000;1
78680;21865;1047;22000;1
78733;21882;222;23000;17
78734;21882;222;23000;17
78763;21893;539;12000;13
78779;21899;1112;49000;17
78790;21905;547;7000;29
78791;21905;342;3000;14
78792;21906;1038;11000;2
78793;21906;1038;11000;2
78818;21917;98;130000;42
78819;21917;98;130000;42
78830;21923;162;54000;20
78831;21923;887;60000;9
78836;21925;400;4000;14
78837;21925;200;7000;31
78838;21925;1065;62000;8
78839;21925;1021;36000;34
78840;21925;612;7000;9
78950;21955;747;22000;42
78951;21955;747;22000;42
78958;21957;889;61000;5
78959;21957;905;15000;22
78960;21957;1065;62000;2
78961;21957;1065;62000;2
78962;21957;868;21000;41
78963;21957;27;72000;38
78974;21960;319;2000;29
78975;21960;111;75000;42
78976;21960;117;109000;25
78977;21960;387;9000;9
78990;21963;205;9000;31
78991;21963;368;8000;20
78992;21963;228;8000;18
78993;21963;198;13000;18
79041;21978;226;4000;2
79047;21981;379;4000;15
79048;21981;379;4000;15
79049;21981;652;41000;6
79050;21981;896;35000;40
79120;21999;644;36000;9
79121;21999;644;36000;9
79122;21999;253;10000;9
79174;22010;11;85000;13
79175;22010;896;35000;7
79188;22013;233;17000;28
79189;22013;896;35000;26
79190;22013;702;100000;26
79191;22013;702;100000;26
79192;22013;1127;22000;24
79205;22019;622;41000;31
79239;22028;686;39000;8
79240;22028;804;3000;30
79261;22037;662;63000;28
79262;22037;178;141000;28
79271;22041;75;55000;29
79388;22068;1111;49000;22
79433;22081;271;6000;24
79448;22087;938;17000;11
79524;22106;178;141000;28
79525;22106;350;2000;36
79548;22113;130;164000;12
79549;22113;418;2000;23
79553;22115;418;2000;16
79554;22115;418;2000;16
79555;22115;225;16000;2
79556;22115;365;2000;35
79557;22116;946;11000;41
79558;22116;356;4000;6
79559;22116;356;4000;6
79560;22116;858;19000;6
79599;22128;583;10000;39
79600;22128;222;23000;5
79624;22136;182;13000;22
79625;22136;318;2000;26
79630;22138;1035;40000;38
79631;22138;1035;40000;38
79632;22138;606;41000;2
79665;22148;854;6000;22
79666;22148;426;4000;41
79679;22156;1004;152000;38
79680;22156;1042;19000;14
79681;22156;1004;152000;38
79682;22156;1042;19000;14
79683;22156;425;3000;11
79684;22156;841;6000;19
79696;22162;535;19000;33
79697;22162;535;19000;33
79698;22162;43;99000;40
79699;22162;1078;47000;32
79700;22162;907;25000;37
79732;22170;660;65000;8
79733;22170;1133;20000;19
79734;22170;1133;20000;19
79735;22170;1022;23000;26
79798;22186;1063;13000;20
79799;22186;675;44000;35
79800;22186;675;44000;35
79801;22186;421;2000;42
79802;22186;1016;36000;31
79803;22186;958;12000;32
79804;22187;560;15000;12
79825;22193;287;22000;6
79879;22211;228;8000;27
79880;22211;107;130000;21
79881;22211;228;8000;27
79882;22211;107;130000;21
79905;22219;466;152000;37
79906;22219;672;75000;12
79912;22221;475;13000;9
79913;22221;475;13000;9
79968;22238;820;7000;2
79969;22239;232;20000;25
79970;22239;387;9000;15
79983;22243;644;36000;11
79994;22247;731;26000;22
79995;22247;731;26000;22
80028;22258;273;19000;28
80029;22258;480;22000;24
80033;22261;87;44000;15
80034;22261;38;200000;18
80035;22261;38;200000;18
80036;22261;704;94000;10
80105;22278;702;100000;15
80110;22280;1010;18000;24
80111;22280;812;5000;25
80112;22280;305;2000;25
80113;22280;523;15000;17
80114;22280;959;12000;35
80122;22284;873;13000;24
80123;22285;121;149000;1
80124;22285;451;28000;7
80125;22285;121;149000;1
80126;22285;451;28000;7
80147;22290;308;2000;17
80148;22290;1027;20000;41
80176;22299;701;47000;20
80177;22299;701;47000;20
80178;22299;620;40000;41
80281;22323;205;9000;12
80282;22323;991;14000;37
80283;22323;991;14000;37
80284;22323;933;20000;29
80285;22324;534;12000;2
80309;22332;780;5000;25
80310;22332;338;11000;4
80311;22332;598;152000;30
80312;22332;1091;100000;24
80315;22334;417;2000;36
80316;22334;232;20000;1
80326;22338;617;19000;17
80327;22338;617;19000;17
80328;22338;1118;53000;28
80331;22340;322;4000;22
80332;22341;565;23000;15
80333;22341;789;6000;26
80334;22341;932;15000;5
80335;22341;789;6000;26
80336;22341;932;15000;5
80337;22341;709;5000;37
80344;22345;34;125000;17
80397;22365;511;18000;37
80398;22365;486;43000;8
80399;22365;511;18000;37
80400;22365;486;43000;8
80401;22365;590;305000;28
80442;22377;1081;57000;26
80443;22377;513;8000;35
80444;22377;513;8000;35
80453;22382;1120;35000;27
80454;22382;471;17000;13
80455;22382;348;3000;42
80456;22382;471;17000;13
80457;22382;348;3000;42
80458;22383;763;11000;25
80484;22390;523;15000;24
80485;22390;439;7000;26
80486;22390;325;4000;40
80491;22392;1103;9000;18
80492;22392;1103;9000;18
80493;22392;427;3000;38
80494;22392;492;5000;34
80495;22392;155;79000;13
80500;22394;179;10000;17
80501;22394;1114;38000;11
80502;22394;179;10000;17
80503;22394;1114;38000;11
80504;22394;164;38000;26
80505;22394;1145;40000;13
80506;22394;195;27000;21
80507;22394;255;2000;3
80515;22396;41;125000;29
80516;22396;41;125000;29
80517;22396;167;82000;42
80518;22396;682;20000;6
80558;22406;612;7000;22
80559;22406;872;14000;5
80560;22406;872;14000;5
80561;22406;319;2000;27
80562;22406;528;199000;7
80610;22418;983;28000;25
80611;22418;823;13000;10
80667;22436;599;97000;35
80668;22436;599;97000;35
80720;22451;30;72000;42
80733;22454;606;41000;20
80734;22454;189;3000;25
80771;22464;583;10000;35
80772;22464;583;10000;35
80832;22480;947;4000;11
80833;22480;947;4000;11
80862;22490;1043;20000;38
80863;22490;719;325000;26
80864;22490;1043;20000;38
80865;22490;719;325000;26
80866;22490;529;10000;20
80867;22490;662;63000;29
80892;22500;1096;67000;3
80893;22501;378;7000;40
80896;22503;688;13000;10
80897;22503;983;28000;39
80898;22503;1129;19000;34
80899;22503;1011;47000;5
80900;22503;688;13000;10
80901;22503;983;28000;39
80902;22503;1129;19000;34
80903;22503;1011;47000;5
80904;22503;436;16000;39
80905;22504;41;125000;26
80906;22505;826;4000;14
80942;22516;916;20000;8
80943;22516;916;20000;8
80972;22526;481;15000;27
80973;22526;481;15000;27
80979;22529;831;6000;2
80980;22529;124;141000;16
80981;22529;124;141000;16
80982;22529;1047;22000;33
80987;22533;263;7000;39
80988;22533;129;131000;32
80989;22533;129;131000;32
81000;22536;685;55000;21
81014;22542;169;133000;35
81015;22542;579;7000;26
81016;22542;579;7000;26
81017;22542;39;225000;1
81040;22548;121;149000;3
81041;22548;121;149000;3
81042;22548;909;22000;42
81043;22548;164;38000;33
81049;22550;384;6000;35
81050;22550;779;13000;15
81051;22550;779;13000;15
81052;22551;332;2000;26
81053;22551;915;19000;27
81054;22551;915;19000;27
81055;22551;184;3000;32
81056;22551;835;5000;9
81057;22551;364;12000;9
81108;22563;1069;15000;4
81126;22570;1074;33000;3
81127;22570;904;22000;40
81128;22570;827;3000;17
81129;22570;827;3000;17
81134;22573;1093;67000;18
81146;22579;951;9000;19
81147;22579;646;30000;12
81148;22579;614;55000;20
81149;22579;20;60000;2
81154;22581;632;130000;18
81155;22581;524;11000;21
81156;22581;976;28000;14
81157;22581;524;11000;21
81158;22581;976;28000;14
81159;22581;911;2000;19
81160;22581;131;132000;2
81186;22588;232;20000;8
81187;22588;860;45000;34
81192;22590;657;87000;27
81208;22599;464;91000;15
81234;22604;744;8000;1
81241;22607;1139;8000;10
81242;22607;298;15000;7
81243;22607;648;30000;18
81244;22607;17;120000;17
81245;22607;17;120000;17
81276;22618;560;15000;3
81277;22618;560;15000;3
81283;22620;588;125000;3
81284;22620;298;15000;28
81381;22649;289;19000;25
81382;22649;1110;36000;35
81383;22649;1110;36000;35
81384;22649;770;6000;21
81402;22655;388;6000;42
81403;22655;694;45000;12
81404;22655;889;61000;40
81407;22657;280;22000;6
81423;22661;257;4000;35
81424;22661;257;4000;35
81425;22661;1072;10000;22
81426;22661;524;11000;12
81470;22670;780;5000;33
81471;22670;130;164000;15
81472;22670;130;164000;15
81504;22679;102;70000;36
81522;22688;1132;19000;18
81550;22696;61;100000;2
81551;22696;61;100000;2
81572;22703;1067;20000;5
81573;22703;1067;20000;5
81579;22707;5;99000;19
81594;22712;909;22000;13
81595;22712;798;6000;11
81637;22723;672;75000;25
81638;22723;672;75000;25
81671;22732;476;13000;20
81695;22741;634;72000;33
81696;22741;327;2000;36
81697;22741;808;3000;8
81698;22741;808;3000;8
81715;22747;88;43000;19
81716;22747;373;19000;15
81722;22749;109;139000;10
81723;22749;1125;53000;35
81724;22749;1125;53000;35
81725;22749;597;165000;16
81726;22749;1069;15000;7
81745;22756;1135;45000;22
81746;22756;1107;65000;41
81747;22756;273;19000;40
81752;22759;805;20000;33
81753;22759;1001;19000;15
81754;22759;1001;19000;15
81755;22759;144;51000;26
81756;22759;264;6000;36
81777;22766;840;4000;29
81778;22767;641;130000;19
81779;22767;360;2000;13
81780;22767;360;2000;13
81805;22777;52;60000;24
81806;22777;84;44000;16
81807;22777;551;25000;38
81808;22777;551;25000;38
81814;22781;540;14000;20
81815;22781;540;14000;20
81816;22781;462;11000;19
81817;22781;824;6000;30
81823;22784;522;11000;42
81824;22784;522;11000;42
81825;22784;1009;20000;31
81826;22784;338;11000;29
81827;22785;1110;36000;29
81894;22804;322;4000;40
81905;22809;1056;15000;5
81906;22809;630;30000;23
81907;22809;630;30000;23
81908;22809;541;22000;5
81940;22816;188;11000;22
81944;22818;416;2000;2
82004;22834;799;6000;10
82005;22834;794;6000;29
82006;22834;438;6000;40
82007;22834;676;39000;34
82008;22834;522;11000;29
82009;22834;1026;20000;31
82010;22834;522;11000;29
82011;22834;1026;20000;31
82047;22843;144;51000;40
82069;22851;11;85000;12
82184;22875;434;7000;17
82185;22875;1029;7000;6
82186;22875;434;7000;17
82187;22875;1029;7000;6
82188;22875;990;62000;38
82212;22883;690;20000;37
82213;22883;494;15000;22
82214;22883;1051;30000;14
82215;22883;494;15000;22
82216;22883;1051;30000;14
82225;22886;758;3000;41
82262;22897;604;10000;39
82274;22901;276;11000;8
82275;22901;276;11000;8
82276;22901;773;4000;15
82277;22901;378;7000;9
82278;22901;522;11000;9
82279;22901;509;28000;4
82288;22903;574;12000;5
82316;22909;204;9000;3
82321;22911;245;7000;23
82328;22915;1133;20000;23
82352;22923;500;23000;16
82363;22928;112;130000;7
82364;22928;665;145000;17
82365;22928;28;43000;24
82366;22928;1129;19000;28
82367;22928;28;43000;24
82368;22928;1129;19000;28
82369;22928;553;33000;41
82370;22928;278;9000;1
82403;22936;559;15000;4
82404;22936;595;57000;3
82405;22936;857;14000;4
82412;22939;133;150000;31
82413;22939;460;9000;34
82414;22939;133;150000;31
82415;22939;460;9000;34
82416;22939;303;2000;9
82447;22949;567;27000;8
82448;22949;686;39000;6
82449;22949;1090;45000;26
82455;22953;416;2000;30
82456;22953;603;50000;29
82511;22967;990;62000;12
82512;22967;620;40000;8
82513;22967;428;3000;25
82514;22967;990;62000;12
82515;22967;620;40000;8
82516;22967;428;3000;25
82517;22967;394;3000;41
82518;22968;434;7000;41
82546;22977;847;8000;3
82547;22977;847;8000;3
82570;22983;565;23000;10
82571;22983;345;3000;24
82572;22983;345;3000;24
82585;22987;439;7000;1
82586;22987;177;79000;36
82632;23004;236;6000;5
82652;23011;576;31000;40
82653;23011;576;31000;40
82654;23011;634;72000;38
82664;23014;715;110000;35
82665;23015;935;46000;1
82666;23015;534;12000;26
82686;23020;13;85000;29
82731;23030;818;6000;18
82732;23030;999;43000;9
82733;23030;45;99000;31
82734;23031;1008;15000;37
82735;23031;141;38000;35
82769;23043;364;12000;12
82770;23044;983;28000;35
82771;23044;983;28000;35
82772;23044;862;27000;41
82773;23044;180;10000;26
82840;23065;85;44000;31
82841;23065;377;7000;38
82921;23085;30;72000;37
82922;23085;981;54000;3
82954;23093;1076;63000;37
82975;23099;126;134000;30
82980;23101;302;7000;16
82981;23101;375;8000;7
82982;23101;1018;69000;22
82983;23101;375;8000;7
82984;23101;1018;69000;22
83048;23115;613;7000;5
83049;23115;613;7000;5
83095;23128;159;80000;17
83096;23128;1099;51000;15
83097;23128;1099;51000;15
83098;23128;721;89000;25
83099;23128;571;9000;18
83128;23136;907;25000;23
83129;23136;907;25000;23
83130;23136;692;5000;12
83142;23141;797;4000;6
83143;23141;882;14000;22
83144;23141;882;14000;22
83163;23145;64;23000;21
83190;23154;38;200000;19
83196;23156;171;131000;5
83205;23160;941;28000;6
83206;23160;941;28000;6
83238;23171;1024;44000;14
83287;23186;354;5000;29
83288;23186;354;5000;29
83308;23194;832;6000;28
83317;23197;272;9000;26
83322;23199;381;4000;18
83323;23199;1064;126000;35
83324;23199;841;6000;25
83334;23202;488;11000;17
83335;23202;488;11000;17
83336;23202;652;41000;33
83388;23214;1007;62000;11
83404;23218;684;55000;36
83410;23220;968;18000;8
83413;23223;1138;20000;40
83414;23223;881;14000;11
83415;23223;100;139000;15
83416;23223;425;3000;3
83417;23223;1043;20000;19
83418;23223;425;3000;3
83419;23223;1043;20000;19
83420;23223;1083;57000;22
83425;23225;131;132000;4
83426;23225;990;62000;25
83432;23229;273;19000;38
83433;23229;222;23000;31
83434;23229;837;5000;14
83435;23229;222;23000;31
83436;23229;837;5000;14
83437;23229;521;15000;39
83442;23231;518;27000;20
83443;23231;1128;20000;34
83444;23231;1128;20000;34
83445;23231;1073;15000;37
83455;23235;906;22000;1
83456;23235;950;4000;13
83457;23236;355;2000;1
83476;23243;627;58000;10
83477;23244;259;4000;5
83478;23244;252;5000;29
83479;23244;1127;22000;29
83522;23257;489;11000;31
83525;23259;634;72000;42
83526;23259;354;5000;42
83527;23259;354;5000;42
83528;23259;318;2000;42
83529;23259;106;75000;29
83530;23259;537;18000;3
83531;23259;402;8000;24
83535;23261;66;2000;18
83536;23261;798;6000;37
83537;23263;639;130000;1
83547;23269;40;200000;31
83548;23269;978;29000;35
83549;23270;724;125000;9
83560;23273;232;20000;19
83577;23279;558;28000;1
83578;23279;401;21000;27
83587;23284;545;10000;3
83588;23284;1129;19000;6
83589;23284;595;57000;14
83590;23284;545;10000;3
83591;23284;1129;19000;6
83592;23284;595;57000;14
83593;23284;716;185000;14
83594;23284;62;105000;11
83595;23285;915;19000;38
83596;23285;940;30000;5
83597;23285;915;19000;38
83598;23285;940;30000;5
83599;23285;366;2000;30
83600;23285;908;26000;20
83601;23285;593;139000;31
83602;23285;1024;44000;2
83612;23287;1019;36000;1
83613;23287;974;17000;24
83614;23288;927;5000;16
83615;23288;614;55000;24
83616;23288;614;55000;24
83623;23292;869;24000;25
83624;23292;278;9000;17
83625;23292;278;9000;17
83640;23295;897;32000;7
83641;23295;646;30000;21
83647;23297;397;3000;27
83648;23297;372;5000;11
83649;23297;372;5000;11
83650;23297;1066;10000;33
83653;23299;694;45000;25
83654;23299;634;72000;32
83655;23299;634;72000;32
83656;23300;123;147000;10
83657;23300;238;6000;7
83658;23300;123;147000;10
83659;23300;238;6000;7
83660;23300;846;5000;23
83661;23301;677;39000;28
83662;23301;677;39000;28
83663;23301;614;55000;22
83833;23350;752;7000;23
83834;23351;798;6000;7
83846;23356;111;75000;23
83906;23372;713;58000;10
83907;23372;713;58000;10
83908;23372;109;139000;27
83909;23372;670;35000;34
83951;23381;259;4000;27
83952;23381;259;4000;27
83993;23393;425;3000;40
84007;23397;478;7000;26
84036;23404;446;13000;25
84037;23404;453;22000;37
84038;23404;942;17000;26
84065;23412;488;11000;7
84066;23412;96;149000;31
84073;23415;210;4000;32
84074;23415;210;4000;32
84075;23415;437;13000;18
84097;23423;450;16000;5
84098;23423;827;3000;30
84099;23423;63;23000;32
84100;23423;63;23000;32
84147;23438;378;7000;12
84148;23438;857;14000;36
84149;23438;857;14000;36
84194;23448;31;43000;5
84195;23448;939;28000;2
84204;23451;166;71000;11
84205;23451;760;15000;16
84212;23454;44;99000;35
84213;23454;380;7000;22
84214;23454;380;7000;22
84232;23458;12;85000;19
84233;23459;200;7000;12
84234;23459;482;21000;6
84306;23479;672;75000;24
84307;23479;1072;10000;40
84318;23482;1014;15000;35
84319;23482;1131;19000;4
84342;23487;598;152000;14
84343;23487;677;39000;17
84344;23487;598;152000;14
84345;23487;677;39000;17
84360;23491;544;26000;40
84361;23491;544;26000;40
84366;23493;818;6000;11
84373;23497;496;57000;26
84393;23504;353;2000;1
84427;23513;1034;17000;19
84428;23513;1034;17000;19
84469;23526;359;2000;39
84474;23528;1026;20000;42
84475;23528;1026;20000;42
84476;23529;820;7000;2
84602;23557;506;11000;29
84603;23557;227;5000;5
84604;23557;427;3000;31
84605;23557;227;5000;5
84606;23557;427;3000;31
84607;23557;318;2000;3
84608;23558;636;33000;41
84609;23558;99;85000;20
84686;23579;583;10000;14
84687;23579;496;57000;41
84731;23590;819;6000;9
84751;23597;156;42000;35
84752;23597;411;3000;15
84753;23597;411;3000;15
84791;23605;681;37000;18
84792;23605;681;37000;18
84803;23609;38;200000;41
84804;23609;38;200000;41
84871;23626;130;164000;17
84872;23626;111;75000;3
84879;23629;712;38000;24
84880;23629;567;27000;19
84893;23632;821;7000;11
84894;23632;167;82000;25
84901;23635;212;9000;18
84915;23638;776;6000;3
84932;23643;1135;45000;16
84933;23643;508;28000;23
84960;23650;383;6000;32
84961;23650;383;6000;32
84962;23650;955;48000;31
84985;23658;624;12000;17
84986;23658;624;12000;17
84987;23658;1010;18000;10
84988;23659;230;10000;22
84989;23659;951;9000;41
84990;23659;951;9000;41
84991;23659;125;164000;22
84992;23659;1029;7000;11
85030;23669;199;13000;32
85031;23669;862;27000;26
85036;23672;502;19000;2
85037;23672;502;19000;2
85038;23672;583;10000;4
85054;23677;487;43000;2
85055;23677;487;43000;2
85056;23677;230;10000;7
85057;23678;337;11000;26
85058;23678;1024;44000;20
85059;23678;337;11000;26
85060;23678;1024;44000;20
85078;23685;56;65000;27
85079;23685;56;65000;27
85080;23685;889;61000;40
85099;23692;1026;20000;38
85100;23692;612;7000;22
85101;23692;649;30000;25
85102;23692;367;4000;27
85103;23692;367;4000;27
85104;23692;564;38000;42
85105;23694;698;54000;29
85130;23701;1123;34000;9
85131;23701;820;7000;9
85132;23701;820;7000;9
85133;23701;483;21000;9
85172;23710;455;15000;38
85173;23710;1094;99000;9
85174;23710;1126;31000;17
85175;23710;1126;31000;17
85176;23710;389;6000;35
85177;23710;1048;59000;34
85179;23712;769;5000;40
85180;23712;894;24000;30
85181;23712;654;63000;29
85182;23712;894;24000;30
85183;23712;654;63000;29
85184;23712;1144;54000;9
85185;23712;791;6000;2
85200;23716;1139;8000;22
85201;23716;1139;8000;22
85208;23718;963;19000;11
85216;23721;744;8000;26
85217;23721;913;20000;21
85219;23723;452;33000;38
85243;23731;704;94000;18
85244;23731;704;94000;18
85245;23731;979;24000;2
85246;23731;275;8000;24
85247;23731;728;20000;10
85262;23736;427;3000;39
85300;23749;950;4000;33
85301;23749;950;4000;33
85302;23749;1060;18000;1
85303;23749;126;134000;40
85304;23749;483;21000;15
85365;23761;724;125000;20
85366;23761;724;125000;20
85367;23761;250;6000;40
85395;23770;752;7000;28
85396;23770;335;6000;19
85399;23772;538;14000;26
85400;23772;743;7000;9
85401;23772;531;11000;2
85441;23780;444;4000;1
85442;23780;711;80000;22
85443;23781;247;6000;14
85445;23783;676;39000;12
85446;23783;310;12000;34
85452;23786;45;99000;16
85453;23786;45;99000;16
85565;23813;807;3000;25
85566;23813;807;3000;25
85634;23828;255;2000;28
85670;23841;366;2000;23
85671;23841;366;2000;23
85672;23841;625;51000;1
85721;23856;270;6000;29
85722;23856;270;6000;29
85723;23856;991;14000;34
85724;23857;369;8000;22
85725;23857;648;30000;7
85726;23857;369;8000;22
85727;23857;648;30000;7
85761;23870;705;102000;17
85762;23870;666;92000;7
85763;23870;203;13000;38
85764;23870;562;10000;1
85787;23877;80;99000;27
85788;23877;792;9000;37
85789;23877;80;99000;27
85790;23877;792;9000;37
85791;23877;361;2000;36
85851;23890;784;6000;27
85852;23890;313;2000;14
85853;23890;943;28000;1
85854;23890;313;2000;14
85855;23890;943;28000;1
85890;23899;791;6000;20
85891;23899;1004;152000;21
85932;23911;987;6000;21
85933;23911;987;6000;21
85934;23912;746;41000;11
85992;23926;1126;31000;28
85993;23926;299;4000;29
85994;23926;421;2000;4
85995;23926;76;45000;16
85996;23926;1115;25000;38
85997;23926;421;2000;4
85998;23926;76;45000;16
85999;23926;1115;25000;38
86000;23926;1135;45000;39
86001;23926;476;13000;36
86073;23943;609;4000;36
86074;23943;10;90000;19
86097;23950;418;2000;37
86147;23960;843;6000;4
86148;23960;871;14000;25
86149;23961;136;141000;4
86150;23961;136;141000;4
86229;23982;787;7000;39
86230;23982;318;2000;3
86231;23982;318;2000;3
86232;23982;430;2000;42
86233;23982;903;22000;13
86234;23982;296;31000;13
86245;23987;748;33000;41
86246;23987;276;11000;17
86293;23997;480;22000;35
86294;23997;559;15000;40
86299;24000;1007;62000;18
86300;24000;1007;62000;18
86301;24000;1010;18000;5
86302;24000;1075;33000;26
86362;24014;947;4000;15
86363;24014;122;148000;4
86364;24014;947;4000;15
86365;24014;122;148000;4
86366;24014;1097;68000;12
86367;24014;1047;22000;26
86368;24014;977;15000;3
86389;24019;699;101000;41
86390;24019;699;101000;41
86391;24019;979;24000;28
86392;24019;72;35000;5
86421;24024;483;21000;21
86578;24069;311;12000;37
86587;24072;170;132000;30
86679;24093;1032;10000;33
86680;24093;1032;10000;33
86681;24093;335;6000;13
86686;24095;622;41000;25
86744;24115;1063;13000;42
86770;24123;1063;13000;28
86773;24125;590;305000;7
86774;24125;958;12000;16
86775;24125;226;4000;30
86818;24138;873;13000;24
86819;24138;624;12000;8
86878;24155;1145;40000;24
86879;24155;1145;40000;24
86880;24155;877;40000;17
86881;24155;408;3000;24
86882;24155;219;24000;33
86889;24158;359;2000;5
86890;24158;268;6000;3
86930;24169;663;55000;27
86931;24169;663;55000;27
86973;24180;1099;51000;2
86974;24180;924;9000;8
86975;24180;34;125000;42
86976;24180;435;15000;33
86980;24182;347;10000;35
86981;24183;896;35000;42
87029;24197;1087;20000;22
87030;24197;66;2000;13
87031;24197;1102;8000;28
87065;24209;485;43000;22
87066;24209;485;43000;22
87067;24209;136;141000;37
87091;24215;950;4000;9
87092;24215;608;18000;10
87111;24222;518;27000;20
87112;24222;390;12000;2
87119;24226;442;16000;29
87120;24226;111;75000;40
87121;24226;111;75000;40
87201;24248;529;10000;28
87202;24248;529;10000;28
87203;24248;422;5000;29
87208;24250;278;9000;35
87209;24250;845;7000;7
87210;24250;278;9000;35
87211;24250;845;7000;7
87257;24263;365;2000;41
87268;24267;442;16000;14
87276;24270;1011;47000;34
87277;24270;1011;47000;34
87297;24276;636;33000;30
87298;24276;636;33000;30
87323;24283;916;20000;29
87324;24283;948;9000;3
87334;24286;202;10000;19
87335;24286;123;147000;9
87336;24286;202;10000;19
87337;24286;123;147000;9
87417;24312;727;37000;25
87418;24312;590;305000;22
87419;24312;1025;7000;5
87427;24317;707;44000;11
87428;24317;475;13000;27
87429;24317;707;44000;11
87430;24317;475;13000;27
87431;24317;770;6000;27
87441;24321;29;43000;5
87442;24321;325;4000;9
87443;24321;1002;19000;10
87459;24325;696;50000;18
87460;24325;1074;33000;28
87461;24325;696;50000;18
87462;24325;1074;33000;28
87463;24325;960;27000;41
87464;24325;992;14000;17
87465;24326;1029;7000;1
87466;24326;754;4000;7
87467;24326;964;19000;37
87468;24326;385;6000;13
87490;24333;672;75000;28
87491;24333;672;75000;28
87492;24333;1059;18000;7
87526;24342;340;3000;23
87527;24342;459;13000;18
87528;24342;438;6000;30
87529;24342;36;200000;5
87530;24342;1017;36000;39
87550;24350;704;94000;29
87551;24350;704;94000;29
87552;24350;562;10000;38
87556;24352;285;32000;14
87557;24352;285;32000;14
87569;24358;574;12000;14
87582;24362;482;21000;38
87583;24362;630;30000;38
87589;24364;64;23000;18
87634;24377;459;13000;25
87635;24377;459;13000;25
87636;24377;726;125000;14
87688;24391;525;35000;21
87689;24391;575;7000;33
87690;24391;471;17000;31
87691;24391;575;7000;33
87692;24391;471;17000;31
87693;24391;910;28000;20
87694;24391;1005;152000;36
87695;24391;1042;19000;11
87747;24408;268;6000;4
87748;24408;507;13000;7
87793;24422;435;15000;13
87794;24422;1006;152000;18
87795;24422;1006;152000;18
87796;24422;1089;45000;33
87797;24423;896;35000;25
87813;24427;847;8000;42
87814;24427;616;121000;32
87815;24427;616;121000;32
87827;24430;813;5000;11
87828;24430;340;3000;38
87829;24430;556;5000;38
87835;24432;804;3000;6
87836;24432;1108;51000;37
87861;24442;348;3000;17
87862;24442;348;3000;17
87882;24448;996;170000;35
87883;24448;639;130000;40
87884;24448;687;30000;12
87885;24448;687;30000;12
87886;24448;651;41000;27
87892;24451;201;26000;29
87893;24451;896;35000;26
87894;24451;648;30000;37
87895;24451;722;34000;32
87896;24451;722;34000;32
87897;24451;125;164000;35
87898;24451;289;19000;31
87919;24455;947;4000;25
87968;24470;167;82000;1
87989;24475;297;6000;6
87990;24476;805;20000;32
87991;24476;805;20000;32
87992;24476;1009;20000;33
87998;24479;682;20000;16
88010;24486;88;43000;33
88011;24486;417;2000;38
88033;24492;492;5000;13
88034;24492;1131;19000;1
88051;24496;245;7000;39
88052;24496;36;200000;23
88053;24496;264;6000;22
88079;24505;292;11000;14
88080;24506;1125;53000;16
88084;24509;969;15000;26
88085;24509;986;27000;42
88086;24509;287;22000;13
88121;24521;992;14000;38
88122;24521;444;4000;23
88123;24521;444;4000;23
88124;24522;1120;35000;16
88125;24522;1120;35000;16
88145;24528;627;58000;13
88146;24528;38;200000;7
88147;24528;38;200000;7
88148;24529;1016;36000;3
88149;24530;2;100000;40
88171;24535;862;27000;40
88172;24535;862;27000;40
88194;24542;409;3000;37
88195;24542;109;139000;13
88196;24542;409;3000;37
88197;24542;109;139000;13
88260;24559;1123;34000;8
88261;24559;1123;34000;8
88262;24559;1034;17000;17
88367;24591;278;9000;9
88411;24605;856;245000;41
88412;24605;856;245000;41
88427;24611;997;43000;25
88428;24611;498;8000;11
88429;24612;38;200000;38
88458;24621;185;3000;20
88459;24621;185;3000;20
88460;24621;797;4000;19
88464;24623;27;72000;15
88465;24623;1;110000;31
88481;24626;91;70000;33
88490;24630;604;10000;24
88491;24630;604;10000;24
88604;24660;719;325000;13
88605;24660;491;10000;33
88606;24661;378;7000;15
88610;24663;432;12000;20
88611;24663;432;12000;20
88719;24687;355;2000;33
88720;24687;454;15000;12
88721;24688;902;100000;23
88722;24688;318;2000;21
88723;24688;93;49000;3
88724;24688;899;32000;8
88725;24688;318;2000;21
88726;24688;93;49000;3
88727;24688;899;32000;8
88793;24708;867;16000;4
88794;24708;867;16000;4
88802;24711;403;8000;14
88803;24711;1068;41000;2
88804;24711;782;5000;31
88805;24711;1068;41000;2
88806;24711;782;5000;31
88812;24713;815;5000;20
88820;24718;853;6000;26
88821;24718;431;8000;36
88835;24724;738;33000;14
88836;24724;105;70000;23
88837;24724;105;70000;23
88838;24724;726;125000;41
88877;24738;771;6000;39
88878;24738;1135;45000;28
88954;24754;652;41000;14
88955;24755;608;18000;2
88956;24755;685;55000;36
88957;24755;608;18000;2
88958;24755;685;55000;36
88959;24755;505;19000;19
88960;24755;4;85000;10
88963;24757;559;15000;19
88968;24760;350;2000;20
88969;24760;350;2000;20
88970;24760;664;140000;19
88971;24760;197;12000;22
89034;24777;1122;28000;30
89035;24777;1122;28000;30
89076;24791;1;110000;7
89077;24791;1;110000;7
89094;24796;324;4000;8
89095;24796;69;45000;41
89096;24796;762;11000;40
89120;24801;429;2000;41
89125;24804;618;21000;12
89126;24804;459;13000;4
89138;24808;286;9000;7
89139;24808;286;9000;7
89197;24823;776;6000;13
89198;24823;776;6000;13
89206;24827;554;6000;37
89222;24832;2;100000;37
89223;24832;966;17000;20
89298;24851;852;6000;26
89299;24851;32;125000;8
89300;24851;852;6000;26
89301;24851;32;125000;8
89311;24856;1010;18000;28
89379;24872;164;38000;17
89385;24874;151;71000;40
89565;24913;814;5000;22
89566;24913;579;7000;14
89634;24932;61;100000;10
89637;24934;142;53000;33
89660;24942;735;41000;4
89661;24942;1100;51000;7
89662;24942;613;7000;14
89663;24942;1109;47000;34
89664;24942;29;43000;9
89676;24945;275;8000;31
89677;24945;251;5000;13
89678;24946;995;63000;39
89679;24946;236;6000;2
89680;24946;1113;49000;37
89681;24946;542;10000;12
89706;24954;1062;24000;6
89707;24954;1039;11000;26
89736;24963;1108;51000;10
89737;24963;713;58000;36
89757;24969;1019;36000;9
89758;24969;1019;36000;9
89759;24969;707;44000;9
89772;24973;926;5000;40
89773;24973;926;5000;40
89774;24973;577;5000;25
89775;24973;904;22000;23
89776;24974;745;19000;38
89779;24976;442;16000;25
89780;24976;756;5000;4
89781;24976;196;11000;33
89782;24976;756;5000;4
89783;24976;196;11000;33
89784;24976;302;7000;6
89785;24976;701;47000;22
89836;24992;685;55000;39
89837;24992;1047;22000;4
89867;25002;1007;62000;8
89868;25002;659;59000;24
89869;25003;612;7000;15
89870;25003;222;23000;26
89950;25027;690;20000;27
89951;25028;521;15000;2
89965;25034;145;48000;26
89966;25034;582;10000;10
89967;25034;582;10000;10
89969;25036;133;150000;18
89983;25042;136;141000;11
89984;25042;136;141000;11
89997;25046;218;25000;11
90039;25059;898;32000;13
90058;25068;1079;53000;25
90059;25068;1079;53000;25
90060;25068;324;4000;2
90091;25077;629;30000;11
90092;25077;1122;28000;20
90093;25077;775;6000;28
90094;25078;1073;15000;3
90170;25099;159;80000;1
90173;25101;496;57000;18
90174;25102;286;9000;7
90175;25102;587;125000;28
90203;25111;582;10000;40
90204;25111;582;10000;40
90233;25120;502;19000;1
90242;25125;251;5000;10
90245;25127;426;4000;12
90246;25127;582;10000;25
90247;25127;268;6000;12
90269;25133;208;11000;33
90285;25137;224;3000;13
90286;25137;224;3000;13
90289;25139;141;38000;2
90290;25139;884;22000;40
90326;25149;307;2000;6
90327;25149;711;80000;22
90328;25149;940;30000;23
90329;25149;711;80000;22
90330;25149;940;30000;23
90333;25151;55;80000;27
90334;25151;1130;19000;31
90335;25151;1130;19000;31
90336;25152;166;71000;37
90343;25156;693;60000;10
90344;25156;609;4000;11
90345;25156;609;4000;11
90346;25156;247;6000;18
90356;25159;60;100000;27
90363;25163;814;5000;3
90364;25163;744;8000;24
90365;25163;715;110000;10
90405;25173;365;2000;12
90406;25173;365;2000;12
90407;25173;455;15000;8
90412;25175;121;149000;24
90413;25175;121;149000;24
90419;25177;87;44000;2
90420;25177;649;30000;33
90443;25182;409;3000;13
90444;25182;559;15000;32
90445;25182;564;38000;10
90446;25182;409;3000;13
90447;25182;559;15000;32
90448;25182;564;38000;10
90449;25182;542;10000;27
90450;25182;631;92000;4
90454;25184;474;17000;42
90455;25184;382;6000;29
90509;25199;273;19000;10
90510;25199;792;9000;24
90594;25223;174;79000;27
90595;25223;805;20000;42
90596;25223;630;30000;32
90597;25223;805;20000;42
90598;25223;630;30000;32
90623;25231;758;3000;24
90624;25231;758;3000;24
90656;25242;1058;60000;30
90657;25242;966;17000;16
90658;25242;966;17000;16
90659;25242;1079;53000;28
90660;25242;1060;18000;41
90690;25248;421;2000;32
90717;25258;5;99000;5
90718;25258;1065;62000;21
90719;25258;792;9000;11
90720;25259;532;11000;23
90721;25259;556;5000;13
90744;25269;586;95000;36
90812;25285;947;4000;6
90813;25285;947;4000;6
90824;25290;392;4000;19
90825;25290;124;141000;20
90905;25309;332;2000;3
90925;25316;997;43000;39
90926;25316;327;2000;18
90927;25316;1115;25000;9
90928;25317;412;2000;24
90929;25317;1015;36000;21
90930;25317;412;2000;24
90931;25317;1015;36000;21
90932;25317;941;28000;27
90945;25322;200;7000;6
90947;25324;1133;20000;14
90948;25325;214;23000;6
90949;25325;1143;35000;7
90950;25325;333;2000;31
90958;25329;753;4000;32
90959;25329;753;4000;32
90961;25332;821;7000;7
90962;25332;744;8000;29
90963;25332;744;8000;29
90964;25332;397;3000;18
90967;25334;664;140000;7
90983;25339;1145;40000;22
90984;25339;1145;40000;22
90985;25339;1064;126000;29
91025;25352;1126;31000;9
91026;25352;707;44000;34
91062;25368;85;44000;12
91063;25368;66;2000;39
91064;25368;175;79000;15
91080;25374;307;2000;18
91085;25377;429;2000;5
91110;25389;27;72000;32
91111;25389;491;10000;35
91112;25389;491;10000;35
91123;25392;297;6000;8
91124;25392;834;5000;26
91151;25399;624;12000;38
91154;25401;19;85000;29
91155;25401;19;85000;29
91156;25401;1037;39000;11
91157;25401;1069;15000;4
91167;25405;943;28000;2
91237;25421;752;7000;14
91242;25423;702;100000;37
91258;25427;823;13000;37
91259;25427;766;5000;10
91268;25431;301;6000;39
91269;25431;1085;75000;12
91301;25438;874;13000;8
91326;25446;12;85000;2
91327;25446;1050;62000;38
91328;25446;1050;62000;38
91332;25449;714;105000;24
91334;25451;944;17000;38
91353;25457;221;62000;38
91354;25457;59;105000;2
91355;25457;14;99000;24
91356;25457;59;105000;2
91357;25457;14;99000;24
91429;25478;130;164000;31
91430;25478;130;164000;31
91431;25478;752;7000;10
91451;25483;847;8000;6
91452;25483;847;8000;6
91483;25493;62;105000;31
91484;25493;618;21000;1
91485;25493;62;105000;31
91486;25493;618;21000;1
91487;25493;1122;28000;34
91488;25494;227;5000;8
91489;25494;227;5000;8
91527;25504;775;6000;32
91528;25505;369;8000;38
91529;25505;272;9000;6
91543;25511;288;21000;17
91544;25511;288;21000;17
91545;25511;409;3000;20
91556;25515;500;23000;23
91557;25515;357;4000;4
91560;25517;955;48000;22
91563;25519;147;40000;42
91564;25519;147;40000;42
91565;25519;505;19000;13
91566;25520;114;130000;23
91589;25526;840;4000;18
91590;25526;1035;40000;32
91614;25534;1051;30000;19
91620;25536;166;71000;14
91621;25538;224;3000;9
91627;25540;509;28000;35
91628;25540;529;10000;14
91634;25543;771;6000;38
91635;25543;958;12000;26
91636;25543;958;12000;26
91637;25543;232;20000;7
91643;25546;746;41000;29
91644;25547;640;92000;34
91720;25567;82;49000;21
91721;25567;82;49000;21
91724;25569;673;41000;30
91725;25570;1036;40000;26
91726;25570;1036;40000;26
91795;25587;192;12000;30
91811;25590;14;99000;23
91812;25590;14;99000;23
91862;25602;719;325000;39
91863;25602;719;325000;39
91966;25627;307;2000;29
91972;25629;69;45000;11
91973;25629;69;45000;11
91974;25629;597;165000;8
91975;25629;81;47000;14
92039;25649;854;6000;42
92040;25649;5;99000;14
92055;25655;454;15000;27
92076;25660;708;5000;29
92077;25660;708;5000;29
92078;25660;968;18000;11
92079;25660;228;8000;1
92080;25660;1121;35000;11
92109;25668;297;6000;20
92110;25668;297;6000;20
92111;25668;518;27000;35
92129;25674;538;14000;4
92130;25674;538;14000;4
92131;25674;1134;20000;8
92132;25674;624;12000;40
92133;25674;716;185000;2
92195;25697;992;14000;2
92196;25697;584;165000;6
92214;25702;718;285000;26
92229;25708;830;6000;4
92230;25708;570;15000;30
92231;25708;830;6000;4
92232;25708;570;15000;30
92233;25708;978;29000;41
92242;25711;276;11000;1
92243;25712;488;11000;36
92244;25712;1046;22000;38
92245;25712;920;22000;22
92246;25712;920;22000;22
92247;25712;278;9000;30
92248;25712;806;8000;37
92249;25713;59;105000;1
92250;25714;822;7000;1
92251;25714;121;149000;12
92252;25714;691;5000;1
92270;25720;778;6000;28
92271;25720;307;2000;28
92272;25720;718;285000;16
92273;25720;843;6000;5
92274;25720;718;285000;16
92275;25720;843;6000;5
92276;25720;500;23000;24
92277;25720;680;22000;1
92278;25720;56;65000;6
92279;25721;487;43000;6
92280;25721;766;5000;20
92281;25721;766;5000;20
92313;25728;126;134000;26
92314;25728;114;130000;5
92315;25728;215;23000;6
92316;25728;417;2000;16
92317;25728;114;130000;5
92318;25728;215;23000;6
92319;25728;417;2000;16
92320;25728;248;20000;28
92397;25747;589;220000;3
92399;25749;972;16000;19
92400;25749;363;2000;41
92409;25752;698;54000;3
92410;25752;698;54000;3
92427;25757;389;6000;41
92436;25759;861;9000;10
92438;25761;373;19000;40
92446;25764;523;15000;11
92447;25764;653;49000;24
92489;25776;613;7000;24
92498;25779;984;48000;9
92499;25779;984;48000;9
92500;25779;1021;36000;38
92529;25788;574;12000;27
92530;25788;243;19000;39
92531;25788;243;19000;39
92532;25788;457;16000;25
92547;25792;397;3000;31
92553;25794;299;4000;39
92554;25794;1033;32000;20
92558;25796;1129;19000;10
92559;25796;1038;11000;37
92585;25803;994;6000;41
92586;25803;994;6000;41
92592;25805;213;23000;37
92593;25805;159;80000;19
92613;25811;1132;19000;12
92622;25814;217;14000;37
92623;25814;217;14000;37
92624;25814;307;2000;39
92641;25819;809;3000;4
92642;25819;369;8000;27
92649;25822;208;11000;12
92650;25824;896;35000;39
92651;25824;286;9000;19
92652;25824;286;9000;19
92653;25824;1136;107000;30
92654;25824;624;12000;27
92661;25827;762;11000;23
92667;25829;970;27000;31
92668;25829;970;27000;31
92669;25829;1111;49000;20
92670;25830;986;27000;14
92671;25830;629;30000;39
92702;25837;296;31000;41
92703;25837;522;11000;11
92714;25841;1081;57000;40
92734;25846;368;8000;40
92755;25851;245;7000;9
92812;25867;557;8000;10
92813;25867;268;6000;32
92814;25867;1078;47000;39
92815;25867;1078;47000;39
92816;25867;548;34000;35
92848;25877;1001;19000;21
92849;25877;480;22000;17
92850;25877;1001;19000;21
92851;25877;480;22000;17
92852;25877;964;19000;39
92853;25877;53;165000;34
92854;25877;117;109000;24
92864;25883;287;22000;30
92872;25886;1019;36000;18
92873;25886;1019;36000;18
92882;25890;514;11000;4
92883;25890;514;11000;4
92886;25892;177;79000;8
92887;25892;177;79000;8
92914;25900;218;25000;24
92915;25900;218;25000;24
92937;25910;15;89000;27
92938;25910;728;20000;11
92939;25910;852;6000;12
92956;25915;456;9000;36
92957;25915;633;92000;41
92960;25917;717;230000;42
92961;25917;717;230000;42
92962;25917;43;99000;9
92963;25917;228;8000;39
92975;25921;719;325000;11
92976;25921;719;325000;11
92977;25921;233;17000;38
93008;25929;139;24000;13
93009;25929;487;43000;25
93030;25935;1106;19000;2
93031;25935;504;16000;8
93032;25935;504;16000;8
93050;25941;582;10000;11
93051;25941;759;5000;23
93052;25941;759;5000;23
93053;25942;335;6000;5
93064;25945;599;97000;17
93065;25945;435;15000;11
93069;25947;198;13000;33
93070;25947;612;7000;3
93071;25947;612;7000;3
93072;25947;1028;7000;25
93120;25957;762;11000;22
93121;25957;42;99000;14
93122;25957;32;125000;36
93123;25958;1053;36000;38
93124;25958;631;92000;15
93125;25958;631;92000;15
93126;25958;118;120000;8
93161;25964;874;13000;11
93168;25967;10;90000;36
93186;25973;886;22000;18
93207;25980;923;9000;38
93275;25997;1062;24000;35
93276;25997;398;3000;13
93305;26004;169;133000;4
93314;26007;11;85000;40
93315;26007;633;92000;7
93316;26007;196;11000;3
93317;26007;424;3000;26
93340;26014;1144;54000;27
93341;26014;58;100000;35
93342;26014;58;100000;35
93343;26014;523;15000;38
93360;26020;631;92000;11
93361;26020;170;132000;8
93362;26020;170;132000;8
93420;26036;653;49000;38
93421;26036;643;33000;30
93476;26052;693;60000;32
93477;26052;185;3000;16
93478;26053;677;39000;15
93488;26057;434;7000;28
93522;26067;416;2000;37
93523;26067;564;38000;14
93524;26067;985;28000;29
93525;26067;564;38000;14
93526;26067;985;28000;29
93527;26067;855;7000;9
93528;26067;711;80000;34
93529;26067;1130;19000;41
93561;26077;732;51000;14
93623;26100;20;60000;4
93624;26100;678;43000;33
93625;26100;954;11000;28
93653;26110;1066;10000;9
93654;26110;361;2000;26
93655;26111;503;19000;36
93656;26111;94;44000;34
93657;26111;819;6000;15
93658;26111;379;4000;14
93659;26111;1003;152000;35
93696;26125;992;14000;37
93732;26139;17;120000;32
93733;26139;17;120000;32
93734;26139;679;17000;11
93763;26147;1020;36000;15
93764;26147;806;8000;24
93770;26149;793;5000;14
93771;26149;793;5000;14
93772;26149;627;58000;30
93803;26158;1134;20000;5
93804;26158;1070;26000;15
93805;26158;185;3000;32
93848;26171;797;4000;21
93849;26171;1111;49000;17
93850;26171;797;4000;21
93851;26171;1111;49000;17
93870;26176;150;58000;18
93871;26176;56;65000;39
93907;26185;1023;14000;2
93912;26187;832;6000;5
93924;26192;1054;36000;8
93931;26194;1084;148000;25
93952;26199;795;4000;13
93953;26199;896;35000;16
93954;26199;795;4000;13
93955;26199;896;35000;16
93956;26200;689;35000;33
93979;26207;226;4000;19
93980;26207;848;3000;8
93981;26207;848;3000;8
94005;26215;384;6000;6
94006;26215;368;8000;10
94007;26215;618;21000;22
94008;26215;609;4000;5
94036;26223;391;12000;34
94068;26233;753;4000;28
94069;26233;753;4000;28
94070;26233;631;92000;17
94071;26233;1024;44000;14
94072;26233;592;95000;22
94073;26234;335;6000;22
94137;26249;702;100000;38
94138;26249;702;100000;38
94139;26249;407;22000;27
94140;26249;837;5000;15
94145;26251;180;10000;26
94146;26251;180;10000;26
94241;26272;187;9000;24
94280;26287;762;11000;14
94281;26287;894;24000;12
94282;26287;762;11000;14
94283;26287;894;24000;12
94288;26289;538;14000;13
94289;26289;1030;20000;27
94327;26302;1102;8000;8
94328;26302;642;72000;8
94329;26302;642;72000;8
94330;26302;372;5000;21
94397;26320;57;67000;9
94440;26331;964;19000;42
94441;26331;964;19000;42
94442;26332;381;4000;12
94448;26334;177;79000;17
94449;26335;233;17000;27
94450;26335;926;5000;12
94451;26335;233;17000;27
94452;26335;926;5000;12
94453;26335;701;47000;21
94476;26343;682;20000;38
94479;26345;213;23000;15
94480;26345;213;23000;15
94481;26345;1105;8000;13
94493;26349;78;35000;4
94494;26349;271;6000;8
94503;26353;1107;65000;34
94510;26358;943;28000;42
94511;26358;412;2000;15
94512;26358;129;131000;26
94600;26383;1068;41000;27
94643;26393;387;9000;24
94644;26393;382;6000;35
94645;26393;884;22000;3
94646;26393;387;9000;24
94647;26393;382;6000;35
94648;26393;884;22000;3
94649;26393;282;16000;32
94655;26396;171;131000;25
94656;26396;1064;126000;27
94657;26396;433;10000;36
94662;26398;273;19000;10
94684;26406;218;25000;14
94694;26409;23;86000;30
94753;26424;226;4000;24
94754;26424;226;4000;24
94755;26424;104;75000;2
94756;26425;1014;15000;3
94757;26425;1120;35000;2
94758;26425;1014;15000;3
94759;26425;1120;35000;2
94760;26425;629;30000;9
94761;26425;821;7000;27
94779;26432;366;2000;35
94780;26432;366;2000;35
94781;26432;1058;60000;22
94783;26435;1141;22000;23
94784;26435;1141;22000;23
94787;26437;515;4000;31
94788;26437;515;4000;31
94815;26444;742;19000;7
94816;26444;742;19000;7
94817;26444;850;3000;33
94818;26444;332;2000;22
94846;26454;663;55000;14
94879;26462;208;11000;13
94888;26464;4;85000;18
94889;26464;216;59000;3
94890;26464;140;24000;15
94891;26464;161;43000;30
94892;26464;4;85000;18
94893;26464;216;59000;3
94894;26464;140;24000;15
94895;26464;161;43000;30
94913;26468;940;30000;20
94914;26468;940;30000;20
94926;26474;136;141000;8
94927;26474;136;141000;8
95012;26500;1139;8000;41
95013;26500;1139;8000;41
95014;26500;347;10000;3
95077;26520;625;51000;27
95078;26520;625;51000;27
95079;26520;1025;7000;6
95089;26523;983;28000;2
95111;26528;715;110000;20
95112;26528;715;110000;20
95113;26528;400;4000;33
95218;26556;333;2000;26
95234;26560;1137;148000;25
95235;26560;687;30000;16
95236;26560;369;8000;39
95261;26567;1;110000;22
95272;26571;1024;44000;19
95273;26572;171;131000;15
95274;26572;171;131000;15
95281;26576;768;5000;27
95282;26576;404;20000;39
95283;26579;345;3000;1
95284;26579;14;99000;21
95285;26579;14;99000;21
95286;26579;35;200000;33
95326;26591;518;27000;11
95327;26591;849;3000;7
95328;26592;654;63000;38
95343;26596;264;6000;32
95344;26596;558;28000;24
95373;26606;690;20000;5
95374;26606;493;6000;31
95375;26607;1076;63000;32
95396;26611;668;41000;8
95397;26611;668;41000;8
95398;26611;156;42000;42
95399;26611;767;5000;7
95459;26626;360;2000;10
95460;26626;601;20000;32
95461;26626;601;20000;32
95462;26626;77;35000;3
95497;26635;886;22000;28
95498;26635;886;22000;28
95499;26636;449;9000;33
95500;26636;790;6000;6
95507;26638;1021;36000;25
95521;26644;1048;59000;8
95522;26644;1048;59000;8
95523;26644;949;4000;16
95562;26654;931;44000;17
95563;26654;704;94000;7
95564;26655;70;35000;14
95565;26656;950;4000;12
95566;26656;1028;7000;18
95567;26656;630;30000;16
95595;26664;898;32000;33
95596;26664;485;43000;4
95597;26664;211;64000;33
95608;26668;781;5000;18
95609;26668;771;6000;5
95627;26674;297;6000;9
95639;26677;673;41000;25
95646;26680;798;6000;12
95647;26680;921;9000;15
95648;26680;745;19000;37
95649;26680;798;6000;12
95650;26680;921;9000;15
95651;26680;745;19000;37
95694;26694;1018;69000;41
95695;26694;109;139000;20
95716;26699;603;50000;30
95717;26699;603;50000;30
95718;26699;146;71000;9
95770;26711;939;28000;19
95771;26711;304;2000;40
95802;26720;229;6000;14
95829;26729;453;22000;27
95830;26729;226;4000;38
95831;26729;453;22000;27
95832;26729;226;4000;38
95833;26729;889;61000;35
95862;26739;543;10000;33
95874;26743;1045;20000;32
95875;26743;30;72000;35
95876;26743;141;38000;16
95877;26743;141;38000;16
95878;26743;484;16000;34
95879;26743;240;6000;18
95880;26744;837;5000;17
95881;26744;918;22000;13
95882;26744;498;8000;6
95884;26746;684;55000;28
95885;26746;1104;24000;20
95893;26748;636;33000;35
95894;26748;636;33000;35
95895;26748;462;11000;38
95910;26752;109;139000;6
95928;26755;337;11000;24
95929;26756;794;6000;21
95982;26772;1104;24000;10
95983;26772;1104;24000;10
95984;26772;84;44000;20
96021;26786;1059;18000;37
96037;26791;105;70000;40
96038;26791;493;6000;29
96039;26791;105;70000;40
96040;26791;493;6000;29
96041;26791;221;62000;14
96042;26791;493;6000;42
96043;26791;862;27000;1
96146;26815;1122;28000;31
96147;26815;1122;28000;31
96153;26818;590;305000;40
96154;26818;655;65000;2
96155;26818;704;94000;30
96156;26818;704;94000;30
96157;26818;719;325000;15
96171;26821;291;21000;33
96172;26821;893;68000;10
96266;26843;1036;40000;42
96267;26843;251;5000;2
96268;26843;251;5000;2
96269;26844;1123;34000;22
96270;26844;210;4000;19
96271;26844;458;9000;21
96274;26846;693;60000;5
96275;26846;655;65000;9
96290;26851;398;3000;40
96291;26851;686;39000;11
96292;26851;686;39000;11
96293;26851;362;25000;27
96360;26871;684;55000;5
96380;26877;522;11000;34
96386;26879;758;3000;36
96387;26880;990;62000;21
96401;26885;747;22000;22
96402;26885;350;2000;22
96403;26885;350;2000;22
96413;26889;770;6000;14
96414;26889;770;6000;14
96415;26889;774;4000;32
96416;26889;358;2000;38
96417;26890;648;30000;14
96418;26890;648;30000;14
96419;26890;651;41000;1
96420;26890;627;58000;14
96421;26890;657;87000;31
96453;26898;959;12000;22
96454;26898;193;10000;15
96455;26898;249;9000;27
96456;26898;959;12000;22
96457;26898;193;10000;15
96458;26898;249;9000;27
96459;26898;501;13000;6
96488;26905;477;16000;31
96506;26911;210;4000;23
96507;26911;691;5000;22
96594;26938;961;27000;36
96595;26938;47;99000;16
96596;26938;961;27000;36
96597;26938;47;99000;16
96598;26938;479;15000;2
96608;26941;49;99000;8
96609;26941;981;54000;36
96610;26941;750;5000;11
96611;26941;981;54000;36
96612;26941;750;5000;11
96613;26942;731;26000;27
96614;26942;75;55000;12
96615;26942;1095;99000;41
96616;26942;985;28000;20
96641;26950;1130;19000;13
96662;26956;677;39000;9
96663;26956;677;39000;9
96704;26967;8;100000;21
96705;26967;8;100000;21
96706;26967;1139;8000;38
96730;26972;607;6000;35
96731;26972;54;75000;24
96867;27009;640;92000;21
96868;27009;358;2000;20
96869;27009;695;104000;6
96884;27014;551;25000;2
96885;27014;551;25000;2
96978;27038;443;14000;8
96979;27038;702;100000;37
96980;27038;702;100000;37
96981;27038;13;85000;18
97075;27066;745;19000;32
97102;27075;1145;40000;26
97120;27081;286;9000;32
97140;27089;331;5000;31
97155;27093;124;141000;27
97156;27093;1038;11000;39
97166;27098;52;60000;30
97167;27098;52;60000;30
97168;27098;138;24000;13
97175;27101;167;82000;12
97182;27103;53;165000;28
97183;27104;207;6000;32
97184;27104;574;12000;13
97185;27104;1051;30000;33
97186;27104;1051;30000;33
97187;27104;92;70000;21
97188;27104;389;6000;38
97189;27105;1140;22000;27
97205;27110;1014;15000;17
97206;27110;1014;15000;17
97207;27110;757;17000;3
97208;27110;812;5000;39
97264;27124;684;55000;34
97265;27125;1029;7000;5
97266;27125;1029;7000;5
97269;27127;87;44000;7
97277;27129;333;2000;8
97278;27129;297;6000;19
97279;27129;970;27000;25
97287;27132;527;39000;3
97288;27132;527;39000;3
97333;27144;801;13000;29
97362;27153;847;8000;38
97363;27153;271;6000;21
97364;27153;895;16000;7
97365;27153;895;16000;7
97366;27153;210;4000;29
97377;27156;351;3000;10
97398;27164;343;4000;27
97400;27166;901;100000;3
97401;27166;13;85000;27
97404;27168;556;5000;41
97411;27172;683;14000;15
97412;27172;515;4000;42
97413;27172;683;14000;15
97414;27172;515;4000;42
97415;27172;930;10000;29
97466;27185;907;25000;11
97480;27188;556;5000;17
97481;27188;556;5000;17
97486;27190;100;139000;33
97487;27190;759;5000;27
97488;27190;415;2000;12
97577;27210;277;24000;1
97578;27210;883;19000;2
97579;27210;277;24000;1
97580;27210;883;19000;2
97581;27210;265;6000;23
97582;27210;543;10000;23
97583;27210;627;58000;28
97588;27212;441;11000;16
97589;27212;441;11000;16
97590;27214;80;99000;22
97595;27216;1136;107000;26
97596;27216;1136;107000;26
97597;27216;587;125000;7
97598;27216;349;3000;21
97616;27222;1080;111000;12
97617;27222;786;7000;16
97618;27222;786;7000;16
97619;27222;612;7000;11
97642;27228;809;3000;29
97682;27242;376;5000;3
97715;27249;344;4000;24
97716;27249;8;100000;30
97728;27254;1102;8000;6
97729;27254;233;17000;1
97730;27254;876;19000;29
97731;27254;1040;12000;33
97732;27254;876;19000;29
97733;27254;1040;12000;33
97734;27254;1123;34000;40
97735;27255;1139;8000;25
97736;27255;1139;8000;25
97737;27255;78;35000;5
97738;27256;816;7000;4
97739;27256;245;7000;28
97740;27257;135;139000;4
97741;27257;134;147000;7
97762;27263;223;4000;18
97763;27263;253;10000;42
97771;27266;131;132000;15
97772;27266;131;132000;15
97821;27279;12;85000;39
97822;27279;12;85000;39
97823;27279;735;41000;6
97830;27282;50;125000;7
97914;27304;518;27000;12
97915;27304;676;39000;27
97916;27304;310;12000;10
97917;27304;41;125000;34
97925;27307;587;125000;17
97926;27307;587;125000;17
98072;27343;851;3000;42
98073;27343;119;75000;14
98125;27355;305;2000;3
98126;27355;68;45000;36
98127;27355;68;45000;36
98128;27356;801;13000;32
98129;27356;801;13000;32
98138;27361;377;7000;6
98166;27368;801;13000;39
98167;27368;801;13000;39
98168;27368;1139;8000;12
98169;27368;707;44000;14
98174;27371;214;23000;36
98190;27375;863;14000;34
98191;27375;1101;51000;9
98192;27375;989;15000;29
98193;27375;989;15000;29
98194;27375;726;125000;35
98195;27375;1025;7000;1
98220;27387;1084;148000;9
98221;27387;1084;148000;9
98222;27387;123;147000;12
98278;27400;781;5000;30
98279;27400;628;56000;25
98302;27406;924;9000;32
98303;27406;365;2000;19
98304;27406;222;23000;9
98305;27406;222;23000;9
98306;27406;514;11000;21
98322;27410;1099;51000;20
98323;27410;1088;45000;37
98324;27410;657;87000;5
98325;27410;787;7000;2
98326;27410;1125;53000;16
98327;27411;147;40000;7
98328;27411;643;33000;42
98329;27411;854;6000;18
98371;27422;997;43000;2
98372;27422;202;10000;11
98389;27426;1111;49000;24
98390;27427;265;6000;25
98448;27443;188;11000;19
98449;27443;313;2000;6
98538;27470;11;85000;18
98559;27476;411;3000;25
98560;27476;411;3000;25
98581;27482;890;22000;9
98605;27488;464;91000;29
98634;27499;387;9000;19
98635;27499;387;9000;19
98636;27499;597;165000;37
98647;27503;906;22000;31
98680;27512;1068;41000;35
98692;27516;408;3000;12
98693;27517;985;28000;16
98723;27525;492;5000;18
98724;27525;569;23000;36
98725;27525;506;11000;37
98726;27525;569;23000;36
98727;27525;506;11000;37
98728;27525;491;10000;13
98729;27525;799;6000;5
98763;27533;1111;49000;31
98764;27533;199;13000;1
98765;27533;1111;49000;31
98766;27533;199;13000;1
98767;27533;407;22000;19
98791;27542;1020;36000;24
98792;27542;937;11000;40
98813;27550;552;93000;7
98827;27556;681;37000;14
98828;27556;89;83000;9
98954;27594;432;12000;24
98955;27594;432;12000;24
98956;27594;1085;75000;13
98957;27594;962;37000;26
98966;27597;247;6000;41
98981;27602;1100;51000;37
98982;27602;1075;33000;37
98983;27602;977;15000;15
98984;27602;1042;19000;27
98990;27605;902;100000;5
98991;27605;335;6000;19
98992;27605;532;11000;34
98993;27606;783;6000;19
98994;27606;1142;6000;41
99000;27608;253;10000;19
99001;27608;253;10000;19
99002;27608;35;200000;34
99004;27610;1085;75000;23
99005;27612;849;3000;19
99006;27612;18;85000;28
99007;27612;18;85000;28
99012;27614;80;99000;26
99045;27626;1115;25000;42
99046;27626;1132;19000;33
99047;27626;831;6000;35
99048;27626;731;26000;9
99049;27626;831;6000;35
99050;27626;731;26000;9
99068;27631;762;11000;39
99069;27631;1035;40000;1
99070;27631;82;49000;35
99101;27644;543;10000;27
99102;27644;272;9000;40
99113;27647;633;92000;8
99114;27647;633;92000;8
99134;27656;1010;18000;17
99135;27656;754;4000;34
99141;27658;626;48000;19
99142;27658;979;24000;6
99148;27661;449;9000;35
99171;27666;83;44000;42
99176;27669;685;55000;8
99177;27669;399;5000;40
99206;27677;70;35000;35
99207;27677;30;72000;37
99208;27677;1119;35000;41
99209;27677;30;72000;37
99210;27677;1119;35000;41
99211;27677;323;4000;41
99212;27677;256;8000;20
99213;27677;367;4000;36
99227;27681;1100;51000;19
99228;27681;665;145000;18
99278;27696;770;6000;18
99279;27696;238;6000;14
99288;27699;1021;36000;23
99289;27699;1021;36000;23
99329;27713;234;14000;15
99340;27716;12;85000;29
99341;27716;323;4000;41
99342;27716;611;20000;10
99392;27731;1033;32000;15
99393;27731;1033;32000;15
99394;27731;526;10000;21
99395;27732;609;4000;5
99408;27736;852;6000;19
99451;27750;757;17000;21
99452;27750;731;26000;40
99453;27750;757;17000;21
99454;27750;731;26000;40
99493;27764;583;10000;39
99494;27764;583;10000;39
99495;27764;1021;36000;39
99526;27771;725;125000;21
99527;27771;725;125000;21
99531;27773;1018;69000;9
99559;27783;560;15000;20
99560;27783;938;17000;20
99561;27783;560;15000;20
99562;27783;938;17000;20
99563;27783;691;5000;25
99564;27783;1111;49000;39
99567;27785;93;49000;18
99568;27785;54;75000;6
99577;27788;370;4000;41
99578;27788;432;12000;9
99592;27791;987;6000;30
99593;27791;524;11000;18
99612;27798;754;4000;10
99613;27798;72;35000;12
99614;27798;72;35000;12
99615;27798;410;3000;11
99675;27816;1054;36000;36
99676;27816;884;22000;11
99677;27816;695;104000;30
99685;27819;986;27000;12
99686;27820;989;15000;27
99687;27820;308;2000;17
99688;27820;228;8000;42
99765;27838;895;16000;16
99766;27838;1046;22000;23
99767;27838;222;23000;7
99768;27838;12;85000;37
99774;27840;899;32000;42
99775;27840;899;32000;42
99776;27840;390;12000;23
99777;27842;613;7000;41
99814;27850;8;100000;41
99815;27850;8;100000;41
99848;27860;278;9000;28
99849;27860;701;47000;5
99850;27860;278;9000;28
99851;27860;701;47000;5
99852;27860;349;3000;17
99887;27874;1131;19000;17
99888;27875;850;3000;35
99897;27879;997;43000;4
99898;27879;997;43000;4
99899;27879;1124;25000;19
99905;27881;565;23000;28
99921;27887;974;17000;4
99945;27896;186;9000;19
99946;27896;288;21000;11
99947;27896;283;13000;41
99951;27898;722;34000;9
99952;27898;722;34000;9
99965;27903;1143;35000;3
99970;27905;675;44000;29
99971;27905;345;3000;15
99972;27905;345;3000;15
99973;27905;511;18000;5
99974;27905;283;13000;42
99981;27908;697;54000;32
100004;27914;1051;30000;16
100005;27915;881;14000;19
100006;27915;543;10000;31
100011;27917;844;4000;41
100022;27922;1014;15000;16
100023;27922;1014;15000;16
100024;27923;388;6000;21
100025;27923;317;2000;20
100036;27926;260;5000;41
100037;27926;531;11000;11
100043;27931;170;132000;9
100044;27931;436;16000;5
100045;27931;170;132000;9
100046;27931;436;16000;5
100052;27934;579;7000;5
100082;27941;1078;47000;15
100115;27951;1144;54000;11
100147;27959;530;9000;5
100148;27959;530;9000;5
100169;27967;696;50000;39
100170;27967;23;86000;9
100181;27971;291;21000;15
100182;27971;339;8000;42
100183;27971;599;97000;40
100184;27971;332;2000;26
100202;27977;444;4000;16
100203;27977;444;4000;16
100204;27977;1124;25000;26
100206;27979;516;28000;4
100207;27979;516;28000;4
100208;27979;743;7000;12
100261;27997;583;10000;22
100262;27997;583;10000;22
100263;27997;263;7000;6
100264;27997;166;71000;3
100265;27997;441;11000;13
100284;28002;160;61000;23
100314;28010;678;43000;7
100315;28010;654;63000;35
100352;28020;555;11000;18
100353;28020;299;4000;16
100354;28020;42;99000;37
100365;28023;923;9000;35
100366;28023;683;14000;17
100381;28028;665;145000;13
100390;28030;762;11000;16
100391;28030;762;11000;16
100392;28030;852;6000;40
100409;28035;253;10000;33
100410;28035;253;10000;33
100411;28036;906;22000;42
100412;28036;623;134000;4
100413;28036;906;22000;42
100414;28036;623;134000;4
100415;28036;711;80000;40
100416;28036;561;15000;20
100448;28044;438;6000;40
100449;28044;438;6000;40
100450;28046;805;20000;3
100451;28046;1093;67000;38
100504;28060;1029;7000;8
100542;28072;382;6000;17
100543;28072;382;6000;17
100591;28084;402;8000;23
100592;28085;362;25000;9
100593;28085;207;6000;1
100604;28088;666;92000;10
100625;28094;865;14000;18
100648;28103;808;3000;17
100649;28103;808;3000;17
100666;28109;911;2000;36
100667;28110;540;14000;38
100676;28112;999;43000;5
100677;28113;167;82000;13
100683;28116;534;12000;35
100684;28116;534;12000;35
100698;28123;583;10000;32
100699;28123;690;20000;19
100700;28123;690;20000;19
100750;28137;958;12000;33
100779;28146;645;39000;24
100784;28148;1027;20000;16
100785;28150;447;8000;22
100786;28150;26;72000;18
100787;28150;415;2000;17
100788;28150;753;4000;3
100796;28154;1083;57000;29
100832;28163;577;5000;13
100850;28167;240;6000;18
100851;28167;685;55000;3
100864;28171;518;27000;35
100865;28171;848;3000;9
100866;28171;594;263000;38
100925;28188;86;49000;28
100926;28188;3;85000;23
100927;28189;767;5000;9
100928;28189;434;7000;34
100935;28192;276;11000;5
100944;28196;728;20000;42
100945;28196;728;20000;42
100946;28196;811;6000;15
100979;28206;894;24000;8
100980;28207;852;6000;37
100981;28207;175;79000;1
100982;28208;819;6000;13
100995;28212;488;11000;32
100996;28213;179;10000;18
100997;28213;949;4000;7
100998;28214;387;9000;19
101011;28221;154;38000;28
101012;28221;186;9000;9
101013;28221;186;9000;9
101084;28242;1145;40000;7
101085;28242;1145;40000;7
101123;28253;728;20000;29
101124;28253;323;4000;17
101159;28264;92;70000;27
101160;28265;681;37000;42
101181;28269;695;104000;30
101182;28269;695;104000;30
101183;28269;10;90000;19
101184;28269;633;92000;28
101185;28269;233;17000;42
101194;28273;396;5000;16
101237;28282;356;4000;26
101268;28292;1011;47000;23
101269;28292;667;68000;39
101276;28297;1080;111000;11
101277;28297;823;13000;24
101278;28297;823;13000;24
101326;28312;266;6000;26
101327;28312;351;3000;23
101328;28312;337;11000;42
101329;28312;337;11000;42
101330;28312;41;125000;14
101335;28314;464;91000;39
101392;28328;275;8000;23
101393;28328;845;7000;25
101394;28328;275;8000;23
101395;28328;845;7000;25
101396;28329;48;99000;22
101397;28329;592;95000;28
101398;28329;592;95000;28
101406;28331;1059;18000;33
101407;28331;631;92000;40
101408;28331;1059;18000;33
101409;28331;631;92000;40
101410;28332;352;3000;22
101411;28332;352;3000;22
101412;28333;437;13000;8
101413;28333;437;13000;8
101418;28336;686;39000;10
101419;28336;761;11000;8
101448;28343;1127;22000;20
101449;28343;116;75000;28
101450;28343;876;19000;27
101480;28350;45;99000;9
101481;28350;698;54000;19
101509;28358;44;99000;25
101510;28358;760;15000;29
101511;28358;877;40000;42
101582;28377;985;28000;3
101583;28377;985;28000;3
101644;28390;691;5000;22
101645;28390;904;22000;33
101666;28395;370;4000;16
101667;28396;226;4000;1
101668;28396;364;12000;32
101702;28407;29;43000;28
101703;28407;1100;51000;4
101704;28407;713;58000;22
101705;28407;713;58000;22
101767;28421;1039;11000;14
101768;28421;350;2000;5
101769;28421;84;44000;38
101770;28421;969;15000;14
101772;28423;380;7000;7
101789;28428;139;24000;41
101790;28428;829;7000;19
101791;28428;829;7000;19
101811;28435;796;4000;34
101812;28435;796;4000;34
101818;28437;819;6000;14
101819;28437;973;16000;14
101820;28437;516;28000;6
101821;28437;110;75000;25
101822;28438;71;45000;30
101823;28438;71;45000;30
101824;28438;14;99000;8
101842;28447;342;3000;29
101843;28447;1141;22000;30
101844;28447;1141;22000;30
101989;28479;453;22000;34
101990;28479;590;305000;37
101991;28479;322;4000;37
102000;28482;530;9000;27
102001;28482;530;9000;27
102002;28482;198;13000;36
102096;28506;356;4000;12
102097;28506;356;4000;12
102098;28506;567;27000;22
102107;28509;908;26000;13
102108;28509;243;19000;9
102151;28524;280;22000;32
102152;28524;634;72000;11
102171;28529;786;7000;9
102172;28529;261;10000;32
102225;28549;397;3000;7
102226;28549;1087;20000;20
102227;28549;157;65000;35
102228;28549;143;63000;38
102229;28549;157;65000;35
102230;28549;143;63000;38
102256;28558;260;5000;11
102257;28558;451;28000;20
102265;28561;534;12000;24
102266;28562;774;4000;1
102322;28580;279;22000;27
102323;28580;279;22000;27
102324;28581;739;48000;28
102325;28581;826;4000;30
102333;28583;505;19000;3
102334;28583;1011;47000;30
102335;28583;597;165000;31
102345;28587;682;20000;26
102346;28587;1065;62000;14
102347;28587;492;5000;20
102348;28587;1065;62000;14
102349;28587;492;5000;20
102350;28587;236;6000;33
102351;28587;918;22000;16
102359;28591;105;70000;42
102379;28598;1125;53000;2
102380;28598;1125;53000;2
102381;28598;899;32000;27
102412;28605;465;15000;41
102413;28605;1008;15000;1
102414;28605;566;11000;42
102454;28614;373;19000;1
102455;28614;188;11000;33
102476;28620;129;131000;12
102477;28620;129;131000;12
102478;28620;1087;20000;1
102483;28622;189;3000;11
102484;28622;824;6000;9
102485;28622;771;6000;33
102667;28667;534;12000;15
102668;28667;788;7000;24
102669;28667;24;72000;34
102670;28667;706;52000;25
102671;28667;788;7000;24
102672;28667;24;72000;34
102673;28667;706;52000;25
102674;28668;775;6000;42
102693;28673;991;14000;16
102694;28673;526;10000;3
102695;28673;1069;15000;37
102696;28673;1007;62000;4
102721;28680;1117;73000;23
102722;28680;530;9000;27
102723;28680;1117;73000;23
102724;28680;530;9000;27
102725;28680;262;7000;24
102764;28692;449;9000;19
102773;28696;358;2000;25
102802;28706;683;14000;27
102803;28706;683;14000;27
102804;28706;119;75000;26
102805;28707;893;68000;12
102806;28707;802;3000;29
102829;28714;782;5000;34
102830;28714;782;5000;34
102831;28714;708;5000;28
102839;28718;1075;33000;8
102840;28718;83;44000;34
102841;28718;1085;75000;10
102842;28718;622;41000;5
102843;28718;622;41000;5
102844;28718;783;6000;35
102845;28718;116;75000;10
102846;28719;828;7000;30
102847;28719;124;141000;24
102855;28723;119;75000;10
102856;28723;119;75000;10
102857;28723;220;24000;1
102858;28723;449;9000;16
102863;28725;69;45000;40
102912;28737;753;4000;23
102920;28739;303;2000;40
102978;28755;275;8000;1
102979;28756;119;75000;1
102980;28756;119;75000;1
103031;28767;1122;28000;40
103040;28769;44;99000;4
103078;28782;67;7000;31
103079;28782;67;7000;31
103089;28786;912;32000;41
103090;28786;912;32000;41
103123;28795;367;4000;30
103124;28795;1129;19000;35
103125;28795;355;2000;28
103144;28800;638;92000;25
103145;28800;994;6000;25
103146;28800;309;9000;26
103147;28801;108;120000;12
103148;28801;108;120000;12
103149;28801;558;28000;18
103150;28801;1145;40000;33
103151;28803;1078;47000;25
103152;28803;482;21000;23
103153;28803;942;17000;21
103154;28803;482;21000;23
103155;28803;942;17000;21
103156;28803;678;43000;34
103162;28805;884;22000;1
103163;28805;884;22000;1
103172;28809;32;125000;30
103173;28809;32;125000;30
103174;28809;331;5000;33
103175;28809;1029;7000;6
103181;28811;1031;10000;34
103187;28813;465;15000;5
103190;28815;752;7000;31
103195;28817;314;2000;21
103196;28817;314;2000;21
103197;28817;445;12000;18
103198;28817;1059;18000;16
103222;28826;546;20000;42
103223;28827;547;7000;10
103224;28827;423;5000;18
103235;28831;610;8000;29
103236;28831;527;39000;38
103237;28831;226;4000;29
103238;28831;625;51000;36
103290;28847;336;8000;4
103291;28847;690;20000;16
103292;28847;825;3000;12
103293;28847;825;3000;12
103294;28847;742;19000;36
103315;28854;440;14000;24
103316;28854;440;14000;24
103352;28863;922;17000;6
103383;28871;372;5000;21
103387;28874;625;51000;18
103393;28877;919;26000;31
103394;28877;1029;7000;29
103395;28878;716;185000;32
103396;28878;589;220000;26
103397;28878;460;9000;34
103398;28878;716;185000;32
103399;28878;589;220000;26
103400;28878;460;9000;34
103412;28881;733;25000;37
103413;28881;5;99000;33
103472;28897;52;60000;20
103473;28897;52;60000;20
103503;28905;400;4000;9
103526;28914;719;325000;30
103527;28914;719;325000;30
103528;28914;335;6000;37
103529;28914;810;6000;25
103596;28928;929;17000;12
103597;28928;134;147000;29
103598;28928;929;17000;12
103599;28928;134;147000;29
103600;28928;979;24000;19
103614;28933;678;43000;31
103615;28933;133;150000;20
103616;28933;678;43000;31
103617;28933;133;150000;20
103618;28934;301;6000;4
103626;28937;236;6000;25
103652;28945;787;7000;8
103653;28945;342;3000;28
103676;28952;351;3000;30
103677;28952;421;2000;26
103678;28952;421;2000;26
103679;28954;500;23000;38
103680;28954;81;47000;35
103681;28954;81;47000;35
103682;28954;932;15000;12
103691;28957;556;5000;17
103692;28957;199;13000;16
103693;28957;502;19000;29
103694;28957;199;13000;16
103695;28957;502;19000;29
103696;28957;402;8000;2
103697;28958;657;87000;8
103700;28960;511;18000;17
103728;28969;931;44000;26
103729;28969;901;100000;30
103730;28969;648;30000;36
103731;28969;1045;20000;20
103736;28972;962;37000;9
103737;28972;81;47000;25
103755;28977;74;35000;25
103756;28977;675;44000;29
103787;28985;1082;111000;6
103788;28985;1053;36000;34
103789;28985;1053;36000;34
103861;29004;726;125000;15
103866;29007;943;28000;35
103867;29007;943;28000;35
103868;29007;894;24000;29
103869;29008;114;130000;33
103870;29008;764;5000;20
103871;29009;598;152000;4
103872;29009;598;152000;4
103873;29009;999;43000;13
103874;29009;868;21000;36
103875;29010;1031;10000;12
103876;29010;1031;10000;12
103877;29011;154;38000;15
103924;29027;572;9000;19
103925;29027;932;15000;41
103926;29027;390;12000;19
103927;29027;932;15000;41
103928;29027;390;12000;19
103929;29027;369;8000;15
103940;29031;926;5000;21
103941;29031;926;5000;21
103942;29031;1019;36000;37
103949;29035;755;4000;15
103962;29042;377;7000;42
103963;29042;377;7000;42
103964;29042;818;6000;30
103965;29042;1004;152000;9
103966;29042;1114;38000;22
103971;29044;770;6000;2
103986;29048;481;15000;28
103987;29048;481;15000;28
104035;29064;428;3000;1
104036;29064;382;6000;41
104037;29064;382;6000;41
104038;29064;707;44000;16
104039;29064;647;30000;8
104052;29068;702;100000;16
104085;29078;713;58000;26
104086;29078;713;58000;26
104099;29083;645;39000;19
104100;29083;645;39000;19
104101;29083;22;72000;9
104102;29084;203;13000;30
104133;29093;1077;13000;15
104134;29093;262;7000;36
104144;29096;445;12000;31
104145;29096;944;17000;3
104146;29096;944;17000;3
104147;29096;231;7000;28
104152;29098;562;10000;21
104182;29108;962;37000;8
104183;29108;911;2000;12
104188;29111;469;8000;38
104189;29111;226;4000;38
104190;29111;864;17000;1
104191;29111;864;17000;1
104192;29111;1144;54000;17
104200;29115;1081;57000;21
104201;29115;458;9000;3
104205;29117;889;61000;2
104206;29118;223;4000;31
104207;29118;674;26000;32
104211;29120;37;125000;6
104268;29134;571;9000;22
104269;29135;401;21000;7
104270;29135;401;21000;7
104271;29135;273;19000;37
104272;29136;691;5000;18
104273;29136;1009;20000;35
104294;29144;551;25000;22
104295;29144;204;9000;34
104303;29147;679;17000;42
104304;29147;1045;20000;9
104350;29158;130;164000;7
104351;29158;1014;15000;10
104352;29158;1034;17000;41
104403;29170;2;100000;4
104412;29173;241;3000;40
104413;29173;241;3000;40
104422;29178;792;9000;25
104423;29178;419;2000;33
104424;29178;419;2000;33
104425;29178;603;50000;26
104458;29189;569;23000;2
104459;29189;391;12000;26
104460;29189;173;131000;38
104461;29189;391;12000;26
104462;29189;173;131000;38
104463;29189;483;21000;25
104487;29197;937;11000;9
104513;29205;955;48000;24
104514;29205;955;48000;24
104515;29205;631;92000;14
104531;29212;122;148000;18
104532;29212;122;148000;18
104568;29221;386;6000;15
104569;29221;477;16000;3
104572;29223;747;22000;19
104573;29223;747;22000;19
104574;29223;976;28000;42
104600;29230;642;72000;29
104606;29232;594;263000;19
104607;29232;890;22000;20
104608;29232;717;230000;36
104634;29238;839;8000;4
104635;29238;894;24000;17
104636;29238;860;45000;22
104637;29238;894;24000;17
104638;29238;860;45000;22
104639;29238;1047;22000;28
104659;29245;9;80000;36
104660;29245;813;5000;30
104661;29245;12;85000;1
104662;29245;813;5000;30
104663;29245;12;85000;1
104677;29250;425;3000;37
104678;29250;200;7000;33
104679;29250;200;7000;33
104691;29255;262;7000;2
104705;29260;404;20000;20
104706;29260;705;102000;13
104707;29261;663;55000;22
104708;29261;690;20000;6
104709;29261;577;5000;19
104710;29262;281;22000;16
104711;29262;684;55000;3
104712;29262;281;22000;16
104713;29262;684;55000;3
104714;29262;660;65000;39
104715;29262;47;99000;32
104814;29287;1088;45000;36
104815;29287;911;2000;30
104832;29294;650;62000;39
104833;29294;650;62000;39
104834;29294;1095;99000;26
104835;29294;817;5000;9
104836;29294;458;9000;37
104907;29314;766;5000;22
104908;29314;766;5000;22
104909;29314;856;245000;5
104938;29321;708;5000;24
104939;29321;708;5000;24
104940;29321;518;27000;13
104941;29321;338;11000;27
104966;29332;59;105000;19
104967;29332;568;27000;36
104968;29332;568;27000;36
104969;29332;528;199000;6
104978;29335;791;6000;28
104979;29335;791;6000;28
104980;29335;743;7000;39
104993;29339;559;15000;22
105032;29347;814;5000;31
105054;29353;779;13000;15
105055;29353;233;17000;30
105056;29353;779;13000;15
105057;29353;233;17000;30
105058;29353;288;21000;14
105059;29353;1079;53000;19
105068;29356;703;108000;31
105069;29356;567;27000;1
105082;29360;326;4000;17
105083;29360;746;41000;36
105084;29361;1105;8000;13
105085;29361;365;2000;2
105096;29368;916;20000;16
105097;29368;916;20000;16
105098;29368;371;8000;36
105146;29384;250;6000;31
105147;29384;728;20000;26
105148;29384;250;6000;31
105149;29384;728;20000;26
105150;29384;542;10000;22
105177;29393;944;17000;30
105178;29393;476;13000;10
105179;29393;476;13000;10
105183;29396;371;8000;29
105184;29396;529;10000;41
105185;29396;1110;36000;21
105246;29407;64;23000;5
105247;29407;766;5000;35
105259;29411;884;22000;29
105260;29411;884;22000;29
105261;29411;280;22000;33
105270;29414;91;70000;40
105290;29421;92;70000;34
105291;29421;371;8000;27
105292;29421;164;38000;19
105293;29421;827;3000;1
105294;29421;957;27000;13
105295;29421;1138;20000;40
105305;29427;961;27000;4
105315;29429;782;5000;39
105329;29433;810;6000;20
105330;29433;275;8000;15
105331;29433;275;8000;15
105332;29433;471;17000;12
105333;29433;953;20000;27
105355;29440;186;9000;17
105356;29440;671;33000;3
105359;29442;925;17000;22
105360;29442;925;17000;22
105361;29442;619;21000;16
105415;29459;368;8000;31
105416;29459;87;44000;2
105443;29466;381;4000;34
105444;29466;691;5000;4
105480;29476;80;99000;21
105519;29485;130;164000;33
105520;29485;16;110000;2
105521;29485;16;110000;2
105522;29485;634;72000;15
105523;29485;1058;60000;36
105534;29490;914;19000;40
105535;29490;914;19000;40
105536;29491;818;6000;11
105547;29495;825;3000;3
105559;29501;666;92000;23
105560;29501;666;92000;23
105561;29501;974;17000;27
105584;29508;957;27000;15
105585;29509;758;3000;20
105634;29524;709;5000;6
105635;29524;709;5000;6
105636;29524;787;7000;32
105650;29527;745;19000;32
105651;29527;42;99000;34
105717;29544;1037;39000;38
105729;29547;609;4000;37
105730;29547;581;11000;10
105763;29557;97;149000;28
105764;29557;957;27000;38
105765;29557;97;149000;28
105766;29557;957;27000;38
105767;29557;222;23000;24
105768;29557;189;3000;4
105769;29557;860;45000;22
105770;29557;704;94000;2
105788;29564;708;5000;31
105789;29564;708;5000;31
105790;29564;1106;19000;25
105822;29574;53;165000;8
105823;29574;53;165000;8
105824;29574;701;47000;8
105825;29574;761;11000;2
105826;29574;84;44000;15
105836;29578;226;4000;17
105871;29587;495;57000;32
105872;29587;503;19000;19
105908;29597;421;2000;23
105909;29597;1054;36000;21
105912;29600;667;68000;31
105945;29613;293;8000;4
106001;29628;332;2000;7
106018;29633;789;6000;39
106031;29639;77;35000;17
106032;29639;833;3000;30
106033;29639;222;23000;24
106034;29639;833;3000;30
106035;29639;222;23000;24
106036;29640;807;3000;2
106037;29640;807;3000;2
106038;29640;595;57000;23
106080;29651;337;11000;25
106081;29652;883;19000;15
106082;29652;883;19000;15
106083;29652;204;9000;35
106144;29668;864;17000;1
106145;29668;864;17000;1
106166;29674;786;7000;10
106167;29674;786;7000;10
106168;29675;139;24000;27
106169;29675;150;58000;33
106170;29675;150;58000;33
106171;29675;1100;51000;5
106196;29681;429;2000;17
106197;29681;568;27000;3
106198;29681;1058;60000;40
106199;29681;378;7000;21
106200;29681;961;27000;14
106212;29685;342;3000;41
106213;29685;809;3000;36
106214;29685;1126;31000;18
106215;29685;1126;31000;18
106243;29693;885;22000;4
106244;29693;885;22000;4
106327;29713;335;6000;41
106350;29721;502;19000;38
106385;29731;675;44000;42
106386;29732;872;14000;34
106387;29732;52;60000;13
106398;29735;687;30000;40
106399;29735;498;8000;14
106400;29735;941;28000;10
106401;29735;941;28000;10
106415;29739;132;263000;42
106416;29739;1112;49000;23
106417;29739;533;14000;29
106418;29739;400;4000;2
106426;29742;879;8000;38
106427;29743;876;19000;41
106428;29743;789;6000;24
106429;29743;1058;60000;25
106440;29747;612;7000;42
106466;29753;677;39000;12
106502;29764;912;32000;16
106503;29764;28;43000;39
106561;29778;277;24000;9
106562;29778;720;71000;37
106563;29778;720;71000;37
106564;29778;738;33000;13
106567;29780;1091;100000;31
106570;29782;795;4000;6
106571;29782;795;4000;6
106572;29782;378;7000;20
106604;29791;379;4000;35
106605;29791;379;4000;35
106647;29803;709;5000;9
106648;29804;225;16000;18
106649;29804;225;16000;18
106671;29811;619;21000;25
106672;29812;447;8000;41
106706;29819;684;55000;24
106707;29819;684;55000;24
106708;29820;805;20000;19
106722;29826;202;10000;42
106723;29826;202;10000;42
106724;29826;561;15000;4
106725;29826;630;30000;34
106726;29826;372;5000;33
106727;29827;162;54000;13
106735;29830;17;120000;8
106736;29830;17;120000;8
106753;29834;389;6000;30
106754;29834;972;16000;22
106834;29855;492;5000;24
106835;29855;492;5000;24
106836;29855;750;5000;11
106884;29866;805;20000;2
106894;29870;346;2000;9
106895;29870;346;2000;9
106917;29874;694;45000;24
106932;29877;91;70000;35
106933;29877;477;16000;13
106934;29878;309;9000;27
106935;29878;309;9000;27
106936;29878;146;71000;41
106987;29892;942;17000;10
106988;29892;813;5000;13
106989;29892;1100;51000;29
107037;29904;297;6000;18
107038;29904;297;6000;18
107062;29909;627;58000;40
107063;29909;1090;45000;4
107096;29921;44;99000;23
107097;29921;147;40000;30
107098;29921;550;12000;25
107099;29921;147;40000;30
107100;29921;550;12000;25
107101;29921;1003;152000;2
107132;29929;835;5000;17
107133;29929;835;5000;17
107134;29929;23;86000;6
107135;29930;554;6000;28
107136;29930;52;60000;23
107214;29955;711;80000;37
107215;29956;943;28000;29
107228;29960;218;25000;35
107229;29960;218;25000;35
107286;29972;843;6000;16
107287;29972;843;6000;16
107288;29972;26;72000;2
107340;29986;767;5000;11
107341;29986;1031;10000;22
107342;29986;1031;10000;22
107343;29986;968;18000;25
107344;29986;863;14000;28
107360;29991;85;44000;30
107361;29991;85;44000;30
107362;29991;598;152000;13
107430;30009;405;22000;23
107459;30016;747;22000;40
107518;30027;718;285000;8
107628;30053;142;53000;18
107629;30053;798;6000;17
107636;30055;148;54000;11
107637;30055;790;6000;3
107638;30055;790;6000;3
107639;30055;269;6000;14
107661;30064;231;7000;1
107670;30068;59;105000;13
107671;30068;59;105000;13
107702;30076;471;17000;4
107703;30076;86;49000;19
107704;30076;86;49000;19
107705;30076;116;75000;3
107728;30082;1145;40000;25
107729;30082;1145;40000;25
107741;30086;85;44000;11
107742;30086;85;44000;11
107743;30086;677;39000;5
107744;30086;1085;75000;1
107756;30089;440;14000;37
107757;30089;440;14000;37
107758;30089;714;105000;36
107759;30089;1133;20000;11
107760;30089;329;4000;25
107779;30095;967;19000;26
107780;30096;724;125000;20
107781;30096;724;125000;20
107808;30108;174;79000;35
107809;30108;245;7000;30
107810;30108;52;60000;21
107837;30117;564;38000;7
107838;30117;410;3000;9
107860;30127;798;6000;16
107861;30127;854;6000;2
107881;30132;1053;36000;36
107906;30138;584;165000;4
107917;30142;480;22000;35
107918;30142;847;8000;21
107919;30142;775;6000;28
107920;30142;493;6000;15
107921;30142;775;6000;28
107922;30142;493;6000;15
107923;30142;696;50000;8
107924;30142;635;30000;21
107925;30142;230;10000;42
107976;30155;819;6000;21
107977;30155;227;5000;26
107991;30158;1018;69000;41
108048;30174;805;20000;9
108049;30174;805;20000;9
108050;30175;507;13000;31
108089;30184;232;20000;33
108090;30184;285;32000;33
108097;30186;770;6000;38
108100;30188;342;3000;9
108118;30193;204;9000;25
108119;30193;503;19000;10
108120;30193;204;9000;25
108121;30193;503;19000;10
108122;30193;35;200000;23
108123;30193;868;21000;24
108129;30195;728;20000;3
108130;30195;780;5000;6
108131;30196;592;95000;6
108132;30196;592;95000;6
108171;30209;691;5000;35
108182;30212;1029;7000;14
108190;30214;171;131000;38
108194;30216;835;5000;40
108208;30219;105;70000;26
108246;30231;598;152000;37
108283;30244;1054;36000;36
108329;30253;825;3000;2
108379;30265;663;55000;11
108380;30265;567;27000;22
108381;30265;393;4000;29
108382;30265;751;5000;14
108383;30265;751;5000;14
108463;30294;692;5000;27
108491;30303;264;6000;19
108498;30305;601;20000;17
108505;30308;425;3000;33
108506;30308;425;3000;33
108507;30308;833;3000;12
108508;30308;665;145000;2
108530;30312;474;17000;10
108572;30323;632;130000;42
108573;30323;870;14000;12
108574;30323;564;38000;2
108575;30323;564;38000;2
108576;30323;74;35000;17
108585;30325;230;10000;8
108606;30331;916;20000;17
108607;30331;933;20000;6
108608;30331;816;7000;21
108629;30335;601;20000;33
108630;30335;601;20000;33
108638;30339;862;27000;36
108639;30339;465;15000;20
108667;30350;142;53000;31
108668;30350;744;8000;28
108722;30365;431;8000;18
108723;30365;431;8000;18
108724;30365;980;23000;3
108725;30365;674;26000;21
108783;30380;995;63000;6
108793;30384;227;5000;39
108794;30384;227;5000;39
108832;30394;238;6000;3
108833;30394;105;70000;11
108834;30395;404;20000;4
108881;30411;712;38000;37
108882;30411;583;10000;3
108887;30413;268;6000;23
108888;30413;268;6000;23
108937;30426;784;6000;37
108938;30426;784;6000;37
108975;30437;859;19000;27
108976;30437;413;3000;40
108977;30437;413;3000;40
108978;30437;652;41000;1
108979;30437;192;12000;35
108980;30437;747;22000;18
109011;30444;871;14000;19
109012;30444;1019;36000;42
109013;30446;526;10000;14
109014;30446;1009;20000;9
109048;30456;1097;68000;38
109049;30456;38;200000;6
109050;30456;733;25000;41
109051;30456;38;200000;6
109052;30456;733;25000;41
109060;30458;315;2000;6
109061;30458;998;43000;7
109062;30458;998;43000;7
109075;30462;196;11000;26
109076;30462;930;10000;20
109077;30462;186;9000;23
109078;30462;930;10000;20
109079;30462;186;9000;23
109087;30465;642;72000;27
109088;30465;150;58000;24
109107;30469;168;38000;34
109108;30469;168;38000;34
109112;30471;570;15000;33
109113;30471;45;99000;18
109114;30471;45;99000;18
109120;30474;280;22000;5
109121;30474;568;27000;4
109141;30481;488;11000;34
109161;30486;520;23000;8
109162;30486;345;3000;26
109163;30486;345;3000;26
109212;30501;1144;54000;1
109220;30506;55;80000;17
109241;30511;269;6000;35
109274;30520;816;7000;2
109275;30520;816;7000;2
109315;30530;1103;9000;5
109316;30530;1103;9000;5
109317;30530;234;14000;4
109345;30536;97;149000;22
109352;30540;1068;41000;7
109353;30540;1067;20000;2
109354;30541;317;2000;37
109355;30541;455;15000;27
109356;30541;709;5000;27
109357;30541;709;5000;27
109358;30541;316;2000;33
109359;30541;531;11000;19
109374;30548;129;131000;28
109400;30555;391;12000;35
109401;30555;323;4000;5
109497;30582;111;75000;39
109511;30587;1082;111000;18
109518;30591;232;20000;15
109594;30609;522;11000;40
109595;30610;989;15000;3
109637;30621;986;27000;37
109638;30621;301;6000;37
109639;30621;301;6000;37
109640;30621;1073;15000;35
109641;30622;761;11000;23
109663;30629;932;15000;23
109664;30629;253;10000;24
109665;30629;253;10000;24
109679;30633;621;11000;30
109680;30633;1120;35000;20
109681;30633;621;11000;30
109682;30633;1120;35000;20
109694;30637;843;6000;7
109695;30637;843;6000;7
109696;30637;390;12000;23
109697;30637;417;2000;31
109726;30645;1052;50000;14
109727;30646;326;4000;42
109767;30657;278;9000;37
109768;30657;278;9000;41
109769;30657;278;9000;41
109770;30657;868;21000;41
109778;30661;363;2000;4
109823;30673;930;10000;21
109824;30673;658;59000;9
109825;30673;930;10000;21
109826;30673;658;59000;9
109827;30673;992;14000;31
109836;30677;208;11000;32
109837;30677;977;15000;30
109882;30687;513;8000;40
109893;30691;530;9000;11
109911;30694;1043;20000;12
109912;30694;44;99000;23
109913;30694;1055;57000;12
109914;30694;44;99000;23
109915;30694;1055;57000;12
109945;30702;1008;15000;39
109946;30702;1075;33000;6
109947;30702;1008;15000;39
109948;30702;1075;33000;6
109982;30710;208;11000;19
109983;30710;400;4000;42
110035;30728;224;3000;30
110036;30728;944;17000;17
110037;30729;230;10000;41
110038;30729;356;4000;6
110039;30729;869;24000;32
110070;30736;552;93000;3
110071;30736;552;93000;3
110072;30736;522;11000;25
110099;30747;603;50000;28
110100;30747;603;50000;28
110102;30749;680;22000;31
110103;30750;59;105000;1
110132;30760;803;20000;4
110164;30770;797;4000;28
110216;30785;499;15000;12
110217;30785;499;15000;12
110218;30785;592;95000;5
110226;30788;492;5000;29
110270;30798;269;6000;28
110315;30806;724;125000;29
110351;30815;650;62000;23
110352;30815;650;62000;23
110353;30815;278;9000;3
110413;30831;151;71000;4
110414;30831;551;25000;37
110415;30831;679;17000;13
110416;30831;588;125000;27
110417;30831;211;64000;33
110429;30835;1145;40000;6
110430;30835;735;41000;12
110434;30837;606;41000;2
110435;30837;606;41000;2
110436;30837;678;43000;37
110474;30848;463;91000;41
110475;30848;255;2000;26
110476;30848;255;2000;26
110477;30848;426;4000;35
110478;30848;682;20000;9
110487;30851;1077;13000;6
110504;30857;1144;54000;38
110505;30857;1144;54000;38
110523;30865;87;44000;3
110524;30865;820;7000;25
110525;30865;820;7000;25
110526;30865;314;2000;29
110527;30865;720;71000;25
110552;30869;220;24000;23
110553;30869;220;24000;23
110554;30869;442;16000;9
110555;30869;450;16000;9
110571;30875;537;18000;29
110572;30875;104;75000;23
110573;30875;104;75000;23
110586;30880;338;11000;1
110587;30880;762;11000;14
110608;30887;856;245000;13
110609;30889;637;36000;31
110610;30890;759;5000;5
110611;30890;792;9000;11
110612;30891;782;5000;42
110613;30891;782;5000;42
110614;30891;841;6000;31
110615;30891;247;6000;14
110617;30893;403;8000;32
110621;30896;170;132000;20
110622;30896;855;7000;4
110623;30896;1126;31000;4
110635;30902;151;71000;19
110636;30902;150;58000;39
110648;30906;908;26000;17
110654;30911;1076;63000;40
110655;30911;1076;63000;40
110656;30911;112;130000;11
110724;30932;697;54000;24
110725;30932;746;41000;13
110738;30935;574;12000;34
110739;30936;236;6000;3
110769;30945;77;35000;23
110843;30965;670;35000;41
110873;30973;133;150000;23
110874;30973;1006;152000;20
110879;30975;608;18000;6
110880;30975;608;18000;6
110881;30975;789;6000;23
110904;30984;841;6000;20
110920;30989;1050;62000;14
110921;30989;1050;62000;14
110922;30989;112;130000;27
110929;30991;36;200000;39
110930;30991;211;64000;8
110931;30991;211;64000;8
110955;30997;337;11000;25
110956;30997;245;7000;1
110957;30997;474;17000;17
110963;30999;214;23000;5
110964;31000;531;11000;40
110965;31000;502;19000;37
110966;31000;711;80000;22
110967;31000;1045;20000;42
110968;31000;8;100000;25
110969;31001;1083;57000;2
110970;31001;1083;57000;2
110971;31002;187;9000;9
111035;31019;438;6000;23
111036;31019;801;13000;28
111055;31026;934;46000;28
111056;31026;934;46000;28
111105;31037;932;15000;35
111139;31044;57;67000;37
111140;31044;1124;25000;22
111149;31047;535;19000;39
111150;31047;11;85000;32
111151;31047;39;225000;3
111158;31050;515;4000;39
111159;31050;1132;19000;31
111160;31050;1132;19000;31
111205;31065;214;23000;14
111206;31065;395;4000;4
111222;31070;1069;15000;33
111223;31070;42;99000;19
111224;31070;209;9000;7
111225;31070;132;263000;18
111226;31070;209;9000;7
111227;31070;132;263000;18
111228;31070;986;27000;10
111229;31071;123;147000;12
111230;31071;123;147000;12
111231;31071;889;61000;34
111232;31071;588;125000;2
111246;31075;809;3000;22
111247;31075;441;11000;7
111248;31076;175;79000;28
111249;31076;1131;19000;38
111361;31101;842;23000;42
111362;31101;842;23000;42
111394;31110;843;6000;33
111400;31113;1118;53000;30
111401;31113;909;22000;25
111402;31113;909;22000;25
111454;31129;1005;152000;41
111455;31129;1005;152000;41
111456;31129;225;16000;28
111488;31137;964;19000;11
111489;31137;826;4000;23
111490;31137;826;4000;23
111588;31166;948;9000;30
111589;31166;948;9000;30
111590;31167;889;61000;42
111591;31167;889;61000;42
111602;31170;225;16000;25
111603;31170;225;16000;25
111604;31170;1001;19000;6
111605;31170;130;164000;31
111623;31174;969;15000;10
111624;31174;969;15000;10
111625;31174;1110;36000;42
111642;31181;1071;26000;40
111748;31208;677;39000;2
111749;31208;677;39000;2
111764;31212;864;17000;22
111765;31212;864;17000;22
111766;31213;570;15000;1
111767;31213;570;15000;1
111810;31225;1038;11000;1
111811;31225;1038;11000;1
111829;31229;162;54000;12
111830;31229;702;100000;39
111880;31244;903;22000;6
111881;31244;152;63000;29
111896;31249;998;43000;42
111920;31256;261;10000;7
111921;31256;261;10000;7
111922;31257;276;11000;19
111995;31274;247;6000;34
111996;31275;663;55000;20
111997;31275;663;55000;20
111998;31275;188;11000;37
111999;31275;730;26000;7
112000;31275;215;23000;11
112021;31282;716;185000;39
112032;31286;372;5000;34
112033;31286;372;5000;34
112034;31286;740;38000;10
112048;31290;402;8000;1
112049;31290;633;92000;16
112050;31290;503;19000;40
112051;31290;835;5000;15
112052;31290;275;8000;21
112109;31304;578;22000;25
112110;31304;578;22000;25
112120;31307;691;5000;27
112121;31307;465;15000;31
112127;31310;1088;45000;20
112128;31310;1088;45000;20
112129;31310;670;35000;25
112159;31319;554;6000;22
112160;31319;630;30000;4
112161;31319;630;30000;4
112166;31321;529;10000;40
112167;31321;708;5000;20
112168;31321;57;67000;9
112169;31321;31;43000;12
112170;31321;57;67000;9
112171;31321;31;43000;12
112196;31326;192;12000;24
112197;31326;338;11000;8
112215;31331;200;7000;12
112216;31331;200;7000;12
112217;31331;1107;65000;10
112218;31331;848;3000;9
112232;31336;6;120000;18
112303;31355;380;7000;5
112304;31355;174;79000;26
112308;31358;727;37000;35
112309;31358;237;6000;20
112312;31360;425;3000;22
112313;31360;500;23000;34
112314;31361;730;26000;6
112315;31362;3;85000;21
112316;31362;305;2000;31
112317;31362;386;6000;30
112378;31380;141;38000;9
112379;31380;141;38000;9
112380;31380;538;14000;36
112410;31387;503;19000;3
112412;31390;1016;36000;40
112413;31390;979;24000;21
112422;31394;871;14000;39
112423;31394;548;34000;10
112424;31394;689;35000;26
112425;31395;724;125000;27
112426;31395;724;125000;27
112427;31395;367;4000;34
112428;31396;1008;15000;1
112429;31396;343;4000;19
112430;31396;343;4000;19
112457;31405;28;43000;27
112461;31407;565;23000;6
112475;31410;1063;13000;30
112476;31410;1063;13000;30
112477;31410;611;20000;11
112478;31410;679;17000;36
112479;31411;593;139000;17
112480;31411;362;25000;36
112485;31414;1130;19000;40
112538;31433;130;164000;38
112539;31433;60;100000;12
112552;31437;757;17000;41
112553;31437;643;33000;5
112554;31437;333;2000;23
112579;31443;761;11000;17
112580;31443;761;11000;17
112660;31465;622;41000;40
112661;31465;418;2000;18
112662;31466;1021;36000;34
112663;31466;1021;36000;34
112697;31477;1068;41000;38
112698;31477;1068;41000;38
112699;31477;1136;107000;20
112708;31480;701;47000;31
112709;31480;511;18000;17
112717;31483;1053;36000;31
112718;31483;397;3000;15
112719;31483;914;19000;38
112720;31483;646;30000;40
112728;31486;429;2000;19
112729;31486;429;2000;19
112730;31486;69;45000;4
112744;31491;225;16000;31
112745;31491;225;16000;31
112747;31494;483;21000;19
112748;31494;323;4000;27
112749;31494;323;4000;27
112750;31494;1048;59000;30
112751;31494;741;38000;9
112752;31494;682;20000;28
112787;31504;536;24000;19
112812;31512;661;69000;34
112850;31522;975;17000;24
112887;31531;768;5000;9
112925;31543;894;24000;6
112926;31543;778;6000;20
112953;31551;657;87000;42
112954;31551;792;9000;35
112955;31551;792;9000;35
112956;31551;378;7000;23
112997;31563;64;23000;34
113027;31572;729;28000;35
113028;31572;707;44000;38
113029;31573;453;22000;29
113030;31573;715;110000;6
113031;31573;453;22000;29
113032;31573;715;110000;6
113044;31577;1099;51000;5
113045;31577;1099;51000;5
113046;31577;59;105000;28
113047;31578;2;100000;1
113057;31581;383;6000;31
113058;31581;383;6000;31
113103;31593;33;200000;2
113106;31595;371;8000;39
113107;31595;719;325000;32
113123;31602;705;102000;3
113124;31603;48;99000;7
113128;31605;1005;152000;6
113139;31608;184;3000;41
113140;31608;643;33000;6
113141;31608;137;150000;18
113142;31608;651;41000;39
113189;31621;1129;19000;18
113190;31621;1129;19000;18
113199;31623;782;5000;15
113200;31623;623;134000;1
113218;31628;1009;20000;37
113219;31628;1009;20000;37
113249;31636;756;5000;25
113250;31636;756;5000;25
113275;31644;781;5000;31
113280;31646;738;33000;9
113281;31646;94;44000;21
113282;31646;738;33000;9
113283;31646;94;44000;21
113289;31649;728;20000;14
113290;31649;728;20000;14
113370;31672;1145;40000;10
113371;31672;897;32000;19
113372;31672;654;63000;9
113410;31680;1053;36000;6
113411;31680;691;5000;14
113426;31684;584;165000;2
113427;31684;584;165000;2
113443;31689;268;6000;29
113458;31693;1138;20000;27
113459;31693;595;57000;41
113481;31699;817;5000;16
113482;31699;817;5000;16
113483;31699;242;7000;36
113495;31704;231;7000;34
113496;31704;241;3000;39
113497;31704;241;3000;39
113498;31705;448;16000;1
113553;31717;142;53000;31
113554;31717;1047;22000;5
113555;31717;1047;22000;5
113558;31719;542;10000;14
113576;31724;572;9000;13
113577;31724;572;9000;13
113578;31725;724;125000;16
113579;31725;930;10000;40
113597;31731;460;9000;33
113603;31733;761;11000;5
113604;31734;1034;17000;18
113605;31734;1008;15000;34
113606;31735;95;105000;17
113607;31735;95;105000;17
113622;31740;1001;19000;36
113623;31740;1001;19000;36
113629;31743;452;33000;31
113649;31750;579;7000;25
113650;31751;469;8000;32
113666;31758;1064;126000;16
113667;31758;181;10000;5
113668;31758;181;10000;5
113669;31758;1117;73000;42
113678;31762;302;7000;29
113679;31762;302;7000;29
113680;31762;982;37000;12
113691;31765;163;49000;33
113692;31765;163;49000;33
113719;31774;964;19000;21
113720;31774;964;19000;21
113721;31774;180;10000;18
113722;31775;701;47000;18
113745;31782;49;99000;6
113746;31782;49;99000;6
113747;31782;1059;18000;12
113751;31785;1073;15000;17
113752;31785;95;105000;42
113753;31785;990;62000;22
113797;31798;676;39000;40
113809;31803;301;6000;24
113817;31807;130;164000;4
113834;31813;699;101000;20
113835;31813;670;35000;17
113836;31813;670;35000;17
113851;31818;627;58000;11
113852;31818;1127;22000;31
113853;31818;761;11000;29
113866;31825;678;43000;23
113867;31825;932;15000;10
113868;31825;61;100000;22
113900;31835;203;13000;5
113913;31840;1135;45000;2
113943;31849;1100;51000;10
113951;31852;999;43000;27
113952;31852;999;43000;27
113958;31854;1123;34000;3
113959;31854;1123;34000;3
113960;31854;177;79000;3
113983;31862;810;6000;29
113984;31862;773;4000;27
114010;31868;283;13000;42
114116;31893;257;4000;4
114139;31901;775;6000;11
114255;31928;662;63000;41
114256;31928;712;38000;5
114257;31928;736;23000;11
114258;31928;712;38000;5
114259;31928;736;23000;11
114283;31935;413;3000;13
114284;31935;409;3000;4
114287;31937;367;4000;24
114288;31937;367;4000;24
114289;31938;1061;10000;35
114344;31951;879;8000;12
114345;31951;879;8000;12
114346;31951;855;7000;17
114416;31966;697;54000;27
114441;31975;775;6000;33
114442;31976;915;19000;28
114443;31976;175;79000;34
114444;31976;915;19000;28
114445;31976;175;79000;34
114446;31976;384;6000;21
114447;31976;826;4000;41
114471;31982;1000;19000;32
114472;31982;971;10000;30
114473;31982;149;63000;9
114474;31983;182;13000;25
114475;31983;344;4000;8
114476;31983;344;4000;8
114477;31983;757;17000;11
114478;31983;634;72000;13
114493;31991;918;22000;20
114494;31991;918;22000;20
114495;31991;327;2000;39
114503;31993;423;5000;36
114518;31999;704;94000;26
114519;31999;704;94000;26
114523;32001;152;63000;27
114524;32001;266;6000;22
114527;32003;1077;13000;12
114550;32011;796;4000;11
114556;32015;724;125000;28
114557;32015;724;125000;28
114558;32015;341;3000;17
114586;32023;1033;32000;27
114587;32024;530;9000;30
114588;32024;639;130000;2
114589;32024;564;38000;4
114590;32025;245;7000;7
114591;32025;369;8000;34
114592;32025;369;8000;34
114593;32025;95;105000;42
114637;32038;667;68000;33
114638;32038;667;68000;33
114639;32038;670;35000;20
114693;32053;634;72000;2
114694;32053;634;72000;2
114722;32062;573;25000;40
114723;32062;189;3000;38
114724;32062;753;4000;28
114725;32062;753;4000;28
114726;32062;700;51000;6
114766;32075;977;15000;6
114767;32076;484;16000;21
114768;32077;154;38000;1
114813;32090;1062;24000;21
114926;32122;83;44000;13
114927;32122;83;44000;13
114928;32122;301;6000;9
114988;32137;737;33000;40
114994;32140;136;141000;36
115003;32143;1039;11000;34
115004;32143;367;4000;26
115016;32147;551;25000;34
115023;32149;953;20000;40
115024;32149;858;19000;11
115025;32149;953;20000;40
115026;32149;858;19000;11
115027;32149;938;17000;32
115088;32167;1061;10000;4
115089;32167;356;4000;10
115090;32167;451;28000;11
115095;32169;325;4000;42
115096;32170;22;72000;28
115097;32170;775;6000;5
115098;32170;192;12000;39
115099;32170;1121;35000;36
115108;32172;1075;33000;22
115118;32174;271;6000;39
115119;32174;499;15000;25
115120;32174;239;6000;2
115121;32174;499;15000;25
115122;32174;239;6000;2
115123;32174;269;6000;34
115167;32183;431;8000;7
115168;32183;262;7000;14
115171;32185;668;41000;10
115184;32192;10;90000;23
115185;32192;772;4000;12
115186;32192;538;14000;34
115187;32192;541;22000;29
115198;32196;89;83000;3
115199;32197;146;71000;23
115200;32197;465;15000;8
115230;32206;73;45000;21
115231;32206;73;45000;21
115232;32206;66;2000;36
115271;32217;977;15000;6
115300;32225;253;10000;41
115301;32225;253;10000;41
115302;32226;985;28000;16
115303;32226;298;15000;39
115304;32226;985;28000;16
115305;32226;298;15000;39
115313;32229;197;12000;41
115314;32229;360;2000;34
115315;32229;197;12000;41
115316;32229;360;2000;34
115317;32229;585;365000;12
115412;32252;81;47000;2
115413;32252;518;27000;34
115414;32252;1145;40000;24
115415;32252;412;2000;37
115464;32265;259;4000;3
115486;32273;246;6000;21
115487;32273;1090;45000;42
115494;32275;1072;10000;32
115495;32275;1072;10000;32
115496;32275;265;6000;23
115497;32275;207;6000;9
115524;32283;1085;75000;17
115545;32288;79;55000;20
115546;32288;169;133000;20
115547;32288;79;55000;20
115548;32288;169;133000;20
115552;32290;837;5000;10
115576;32299;150;58000;34
115577;32299;1034;17000;33
115578;32299;1034;17000;33
115579;32299;954;11000;32
115621;32311;894;24000;35
115636;32315;973;16000;34
115666;32324;20;60000;17
115667;32324;280;22000;38
115668;32324;280;22000;38
115669;32324;1117;73000;5
115670;32324;697;54000;3
115677;32327;905;15000;12
115678;32327;4;85000;20
115708;32335;1087;20000;38
115709;32335;470;8000;9
115710;32335;1118;53000;9
115711;32335;407;22000;41
115714;32337;308;2000;8
115781;32353;779;13000;36
115782;32353;109;139000;24
115790;32356;360;2000;31
115839;32365;973;16000;18
115850;32370;767;5000;42
115851;32370;267;6000;25
115852;32370;267;6000;25
115856;32372;52;60000;33
115862;32374;1115;25000;39
115863;32374;266;6000;17
115864;32374;266;6000;17
115885;32381;657;87000;10
115886;32381;788;7000;1
115902;32386;1087;20000;17
115903;32386;276;11000;27
115935;32393;391;12000;35
115936;32393;391;12000;35
115958;32400;1066;10000;7
115959;32400;283;13000;34
115981;32403;417;2000;20
115982;32403;191;12000;41
116011;32410;74;35000;29
116025;32413;1070;26000;31
116026;32413;622;41000;14
116036;32416;1008;15000;11
116037;32416;41;125000;32
116038;32416;565;23000;8
116042;32419;157;65000;11
116043;32419;364;12000;38
116086;32430;417;2000;10
116087;32430;69;45000;22
116088;32430;761;11000;7
116089;32430;417;2000;10
116090;32430;69;45000;22
116091;32430;761;11000;7
116092;32430;1;110000;38
116116;32437;202;10000;30
116142;32448;1044;20000;15
116143;32448;619;21000;23
116177;32457;912;32000;1
116178;32457;912;32000;1
116179;32457;1043;20000;6
116190;32461;189;3000;36
116191;32461;919;26000;23
116192;32461;149;63000;40
116193;32461;569;23000;22
116194;32461;86;49000;15
116208;32465;788;7000;2
116209;32465;788;7000;2
116252;32475;429;2000;20
116253;32475;429;2000;20
116254;32475;791;6000;7
116255;32475;449;9000;40
116256;32475;695;104000;20
116285;32482;266;6000;35
116307;32489;798;6000;30
116360;32502;1013;18000;42
116361;32502;781;5000;11
116392;32510;273;19000;37
116393;32510;444;4000;23
116394;32511;1101;51000;30
116400;32513;180;10000;19
116401;32514;66;2000;7
116402;32514;104;75000;21
116403;32514;496;57000;27
116412;32516;725;125000;37
116413;32516;494;15000;29
116414;32517;565;23000;7
116415;32517;821;7000;27
116438;32528;281;22000;3
116439;32528;281;22000;3
116455;32532;459;13000;2
116498;32545;461;13000;32
116499;32545;330;5000;36
116500;32545;417;2000;13
116501;32546;532;11000;36
116502;32546;684;55000;28
116503;32546;532;11000;36
116504;32546;684;55000;28
116538;32553;124;141000;1
116539;32553;1143;35000;17
116540;32553;827;3000;28
116541;32553;1143;35000;17
116542;32553;827;3000;28
116566;32561;514;11000;3
116567;32561;457;16000;17
116568;32561;457;16000;17
116569;32562;214;23000;24
116593;32568;228;8000;26
116594;32569;853;6000;31
116595;32569;1030;20000;23
116596;32569;1030;20000;23
116597;32569;298;15000;28
116632;32578;1122;28000;40
116633;32578;1122;28000;40
116634;32578;1019;36000;5
116635;32578;5;99000;33
116656;32584;317;2000;42
116657;32584;1018;69000;9
116658;32584;380;7000;6
116663;32587;162;54000;35
116704;32598;96;149000;14
116705;32598;148;54000;39
116706;32598;1001;19000;25
116707;32598;1001;19000;25
116708;32598;254;2000;33
116709;32598;780;5000;24
116710;32598;922;17000;40
116711;32598;473;7000;16
116712;32599;824;6000;3
116713;32599;1084;148000;9
116734;32607;367;4000;35
116735;32607;367;4000;35
116808;32627;619;21000;3
116896;32651;102;70000;23
116897;32651;102;70000;23
116955;32668;564;38000;21
116984;32677;780;5000;15
117003;32683;1144;54000;1
117004;32683;1144;54000;1
117005;32683;69;45000;9
117006;32683;24;72000;16
117024;32687;348;3000;37
117058;32694;445;12000;7
117068;32698;275;8000;41
117069;32698;894;24000;19
117070;32698;894;24000;19
117104;32706;1080;111000;24
117105;32706;680;22000;13
117106;32706;680;22000;13
117107;32706;28;43000;30
117147;32718;415;2000;1
117148;32719;398;3000;35
117172;32727;524;11000;13
117181;32730;1082;111000;31
117182;32730;1082;111000;31
117231;32743;315;2000;2
117232;32743;315;2000;2
117233;32743;196;11000;14
117234;32743;200;7000;7
117235;32743;462;11000;39
117236;32743;32;125000;28
117271;32754;162;54000;9
117272;32754;460;9000;20
117273;32754;460;9000;20
117274;32755;428;3000;37
117275;32755;147;40000;16
117276;32755;130;164000;42
117339;32770;1007;62000;8
117340;32770;102;70000;31
117341;32771;1059;18000;7
117342;32771;1059;18000;7
117343;32771;946;11000;10
117344;32771;631;92000;7
117346;32773;1068;41000;6
117351;32776;1036;40000;4
117352;32776;478;7000;32
117353;32776;819;6000;4
117363;32779;249;9000;14
117364;32779;232;20000;38
117404;32789;165;48000;28
117405;32789;165;48000;28
117406;32789;93;49000;36
117407;32789;299;4000;42
117416;32793;568;27000;30
117417;32794;848;3000;19
117433;32799;886;22000;21
117434;32799;886;22000;21
117435;32799;1037;39000;31
117436;32800;1122;28000;41
117437;32800;1122;28000;41
117443;32802;678;43000;32
117444;32802;717;230000;23
117445;32802;717;230000;23
117446;32802;1021;36000;33
117452;32805;848;3000;17
117453;32805;848;3000;17
117454;32805;650;62000;33
117462;32808;1125;53000;28
117493;32818;195;27000;40
117494;32818;818;6000;37
117495;32818;988;30000;29
117496;32818;988;30000;29
117513;32822;935;46000;13
117549;32831;1003;152000;42
117550;32831;1003;152000;42
117597;32844;184;3000;15
117598;32844;184;3000;15
117599;32844;646;30000;41
117664;32866;1029;7000;1
117665;32866;1029;7000;1
117682;32870;698;54000;36
117683;32870;645;39000;29
117684;32870;663;55000;1
117701;32876;528;199000;5
117702;32876;528;199000;5
117703;32876;792;9000;14
117704;32877;1115;25000;41
117705;32877;531;11000;40
117706;32877;213;23000;37
117707;32879;502;19000;10
117708;32879;513;8000;10
117709;32879;513;8000;10
117710;32879;618;21000;7
117714;32881;130;164000;39
117715;32881;130;164000;39
117725;32884;228;8000;18
117729;32887;482;21000;28
117730;32887;759;5000;41
117731;32887;283;13000;5
117732;32887;494;15000;13
117749;32892;472;12000;21
117750;32892;472;12000;21
117751;32892;615;7000;7
117752;32892;532;11000;41
117822;32908;677;39000;6
117823;32909;608;18000;24
117826;32911;1100;51000;36
117827;32911;1046;22000;3
117865;32921;28;43000;11
117866;32921;205;9000;42
117867;32921;271;6000;13
117868;32921;504;16000;40
117904;32932;904;22000;3
117905;32932;122;148000;28
117906;32932;122;148000;28
117924;32938;1014;15000;16
117925;32938;1014;15000;16
117926;32938;373;19000;8
117927;32938;679;17000;5
117928;32938;206;13000;33
117936;32941;416;2000;6
117937;32941;416;2000;6
117938;32941;159;80000;1
117939;32941;756;5000;16
117940;32941;321;4000;1
117946;32944;797;4000;17
117958;32950;707;44000;4
117959;32950;707;44000;4
117960;32951;662;63000;18
117961;32951;479;15000;31
117962;32952;921;9000;40
117963;32952;921;9000;40
117964;32952;774;4000;24
117965;32952;86;49000;36
117966;32952;217;14000;30
117967;32952;484;16000;20
117968;32953;551;25000;15
117981;32957;501;13000;4
117982;32957;951;9000;21
117983;32957;951;9000;21
117984;32957;1145;40000;36
117985;32958;825;3000;6
117986;32958;987;6000;40
118005;32964;583;10000;35
118006;32964;583;10000;35
118007;32964;634;72000;28
118079;32985;624;12000;22
118080;32985;955;48000;33
118081;32985;624;12000;22
118082;32985;955;48000;33
118083;32985;977;15000;15
118103;32990;1105;8000;29
118197;33018;887;60000;23
118199;33021;1057;60000;38
118200;33021;492;5000;5
118201;33021;492;5000;5
118206;33023;1077;13000;21
118212;33026;751;5000;33
118219;33029;495;57000;2
118220;33029;796;4000;32
118235;33033;289;19000;28
118236;33033;1096;67000;39
118237;33033;240;6000;27
118238;33033;1084;148000;20
118239;33033;1084;148000;20
118240;33033;612;7000;16
118242;33035;504;16000;15
118243;33035;746;41000;25
118244;33035;746;41000;25
118245;33035;959;12000;19
118246;33035;215;23000;9
118247;33036;664;140000;37
118256;33038;882;14000;15
118257;33038;539;12000;6
118258;33038;539;12000;6
118259;33038;607;6000;18
118323;33053;585;365000;16
118403;33074;817;5000;21
118404;33075;701;47000;33
118405;33075;161;43000;39
118406;33075;722;34000;31
118407;33075;805;20000;12
118429;33080;1013;18000;26
118435;33082;354;5000;39
118436;33082;354;5000;39
118449;33088;86;49000;31
118450;33088;86;49000;31
118451;33088;382;6000;8
118462;33092;918;22000;41
118476;33096;576;31000;41
118477;33096;576;31000;41
118521;33109;283;13000;26
118522;33109;1018;69000;36
118523;33109;676;39000;1
118524;33109;676;39000;1
118525;33109;705;102000;14
118547;33114;319;2000;2
118548;33114;702;100000;24
118566;33122;680;22000;36
118583;33128;725;125000;37
118584;33128;725;125000;37
118585;33128;637;36000;15
118586;33128;736;23000;24
118621;33139;170;132000;13
118622;33139;864;17000;8
118623;33139;170;132000;13
118624;33139;864;17000;8
118654;33147;995;63000;5
118655;33147;762;11000;2
118656;33148;985;28000;1
118679;33155;1012;89000;32
118680;33155;1122;28000;18
118681;33155;1012;89000;32
118682;33155;1122;28000;18
118683;33155;949;4000;10
118684;33155;505;19000;41
118685;33155;406;18000;19
118686;33155;56;65000;31
118698;33160;912;32000;22
118699;33160;872;14000;41
118700;33160;872;14000;41
118723;33167;743;7000;18
118724;33167;368;8000;21
118725;33168;709;5000;34
118726;33168;574;12000;15
118727;33168;746;41000;34
118728;33168;576;31000;23
118729;33168;746;41000;34
118730;33168;576;31000;23
118739;33171;623;134000;15
118740;33172;396;5000;16
118741;33172;581;11000;37
118742;33172;229;6000;7
118743;33172;229;6000;7
118744;33172;933;20000;6
118745;33172;1115;25000;12
118841;33199;450;16000;42
118842;33199;485;43000;25
118843;33199;1057;60000;9
118847;33202;692;5000;11
118848;33202;1129;19000;6
118879;33211;185;3000;4
118880;33211;185;3000;4
118889;33214;939;28000;26
118899;33221;840;4000;16
118900;33221;22;72000;20
118901;33221;22;72000;20
118958;33235;475;13000;23
118959;33235;475;13000;23
119041;33258;826;4000;38
119042;33258;78;35000;7
119043;33258;78;35000;7
119044;33258;403;8000;27
119066;33265;299;4000;19
119067;33265;81;47000;5
119068;33266;686;39000;29
119069;33266;409;3000;2
119070;33266;409;3000;2
119071;33266;544;26000;28
119072;33266;1124;25000;19
119175;33290;519;13000;18
119176;33290;466;152000;25
119177;33290;818;6000;2
119218;33301;338;11000;8
119219;33301;338;11000;8
119222;33303;280;22000;24
119223;33303;247;6000;32
119224;33303;247;6000;32
119278;33316;1086;21000;13
119279;33316;1086;21000;13
119284;33318;1097;68000;8
119285;33318;94;44000;10
119286;33318;94;44000;10
119296;33321;930;10000;6
119297;33321;398;3000;2
119298;33321;432;12000;2
119299;33322;449;9000;34
119309;33325;12;85000;13
119310;33326;986;27000;15
119311;33326;262;7000;28
119312;33326;262;7000;28
119313;33326;225;16000;40
119314;33327;530;9000;16
119315;33327;530;9000;16
119316;33327;210;4000;41
119317;33327;572;9000;14
119324;33329;98;130000;1
119325;33329;98;130000;1
119326;33329;630;30000;25
119327;33329;913;20000;35
119328;33329;138;24000;36
119372;33343;273;19000;37
119373;33343;306;2000;7
119374;33343;306;2000;7
119375;33343;553;33000;2
119388;33346;730;26000;14
119389;33346;531;11000;31
119402;33349;1061;10000;35
119443;33360;512;19000;39
119444;33360;512;19000;39
119445;33360;224;3000;32
119446;33360;432;12000;10
119490;33371;402;8000;2
119491;33371;112;130000;25
119524;33380;676;39000;16
119544;33385;172;131000;34
119545;33385;871;14000;31
119546;33385;1029;7000;9
119553;33389;249;9000;1
119560;33392;879;8000;38
119561;33392;879;8000;38
119639;33409;326;4000;34
119640;33410;815;5000;40
119641;33411;479;15000;36
119642;33411;867;16000;2
119643;33411;999;43000;36
119649;33413;4;85000;40
119650;33413;4;85000;40
119651;33413;519;13000;31
119665;33418;601;20000;14
119666;33418;601;20000;14
119667;33418;1056;15000;22
119668;33419;1061;10000;36
119669;33419;1061;10000;36
119680;33423;936;44000;20
119681;33423;133;150000;1
119682;33423;133;150000;1
119683;33423;962;37000;38
119691;33425;438;6000;37
119692;33425;900;100000;7
119693;33425;396;5000;19
119708;33430;89;83000;29
119709;33430;559;15000;27
119710;33430;879;8000;14
119748;33441;353;2000;18
119749;33441;867;16000;33
119750;33441;867;16000;33
119811;33458;1015;36000;2
119812;33458;262;7000;20
119824;33461;827;3000;6
119825;33461;827;3000;6
119891;33479;711;80000;36
119892;33479;711;80000;36
119909;33484;1023;14000;39
119910;33484;784;6000;33
119911;33484;134;147000;39
119912;33484;319;2000;9
119913;33484;784;6000;33
119914;33484;134;147000;39
119915;33484;319;2000;9
119916;33484;333;2000;10
119917;33484;1120;35000;3
119918;33484;454;15000;15
119921;33486;605;29000;11
119993;33509;966;17000;4
119994;33509;515;4000;15
119995;33509;84;44000;13
119996;33509;515;4000;15
119997;33509;84;44000;13
119998;33509;1056;15000;25
119999;33509;544;26000;7
120001;33512;1105;8000;24
120002;33513;1024;44000;5
120011;33517;1006;152000;24
120012;33517;2;100000;24
120013;33517;139;24000;35
120014;33517;139;24000;35
120015;33517;288;21000;24
120016;33517;972;16000;24
120084;33538;853;6000;11
120085;33538;853;6000;11
120094;33541;159;80000;16
120118;33549;610;8000;19
120119;33549;727;37000;33
120120;33549;711;80000;35
120146;33556;1089;45000;9
120147;33556;1089;45000;9
120148;33556;262;7000;8
120153;33558;567;27000;31
120154;33559;973;16000;11
120155;33559;1012;89000;40
120157;33561;478;7000;17
120158;33561;1037;39000;33
120159;33561;455;15000;19
120248;33587;710;150000;23
120268;33592;1082;111000;11
120269;33594;64;23000;10
120270;33594;868;21000;8
120410;33638;925;17000;13
120411;33638;925;17000;13
120412;33638;759;5000;32
120413;33638;662;63000;13
120433;33643;909;22000;41
120434;33643;764;5000;9
120435;33643;1137;148000;25
120468;33652;271;6000;21
120469;33652;271;6000;21
120470;33652;558;28000;3
120471;33652;730;26000;9
120502;33662;842;23000;1
120503;33663;677;39000;12
120647;33698;1000;19000;15
120679;33708;837;5000;3
120680;33708;269;6000;33
120681;33708;533;14000;22
120724;33720;480;22000;37
120725;33720;480;22000;37
120731;33722;787;7000;34
120771;33731;195;27000;13
120772;33731;195;27000;13
120773;33731;973;16000;7
120811;33737;766;5000;32
120812;33737;766;5000;32
120830;33742;535;19000;23
120831;33742;1014;15000;1
120832;33742;535;19000;23
120833;33742;1014;15000;1
120858;33747;786;7000;36
120878;33753;445;12000;21
120879;33753;434;7000;3
120880;33753;434;7000;3
120881;33753;45;99000;7
121039;33796;683;14000;12
121040;33796;26;72000;32
121041;33796;634;72000;16
121042;33796;634;72000;16
121047;33800;798;6000;6
121048;33800;798;6000;6
121073;33804;32;125000;14
121203;33842;529;10000;30
121204;33842;595;57000;12
121233;33852;391;12000;23
121297;33868;690;20000;4
121298;33868;690;20000;4
121312;33874;966;17000;40
121313;33874;966;17000;40
121325;33877;752;7000;8
121419;33904;613;7000;37
121550;33941;682;20000;14
121551;33941;74;35000;40
121593;33953;712;38000;5
121594;33953;712;38000;5
121595;33953;90;39000;23
121618;33959;816;7000;18
121628;33961;1051;30000;11
121629;33962;819;6000;31
121668;33973;1093;67000;15
121673;33977;984;48000;13
121674;33977;1011;47000;30
121691;33980;288;21000;19
121692;33980;288;21000;19
121712;33988;588;125000;37
121743;33995;962;37000;31
121744;33995;962;37000;31
121745;33995;781;5000;7
121753;33999;214;23000;7
121754;33999;277;24000;23
121755;33999;1024;44000;42
121756;33999;277;24000;23
121757;33999;1024;44000;42
121758;33999;490;14000;10
121774;34005;918;22000;29
121775;34005;918;22000;29
121789;34009;250;6000;21
121790;34009;530;9000;5
121791;34009;689;35000;5
121804;34013;1073;15000;26
121805;34013;76;45000;1
121806;34013;695;104000;19
121807;34013;679;17000;35
121808;34013;695;104000;19
121809;34013;679;17000;35
121810;34013;1090;45000;13
121811;34013;261;10000;13
121840;34023;5;99000;14
121864;34030;889;61000;39
121865;34030;530;9000;19
121866;34030;818;6000;18
121867;34030;818;6000;18
121868;34030;936;44000;25
121869;34032;415;2000;41
121875;34036;1057;60000;42
121876;34036;65;23000;17
121877;34036;1100;51000;39
121882;34038;576;31000;14
121889;34040;39;225000;8
121890;34040;1130;19000;25
121937;34053;670;35000;11
121938;34053;836;5000;6
121939;34053;397;3000;31
121940;34053;670;35000;11
121941;34053;836;5000;6
121942;34053;397;3000;31
121943;34053;683;14000;20
121947;34055;1084;148000;32
121948;34055;110;75000;12
121949;34056;852;6000;22
121950;34056;105;70000;12
121951;34056;604;10000;21
121952;34056;405;22000;36
121955;34058;736;23000;14
121956;34058;736;23000;14
121957;34058;995;63000;14
121976;34064;78;35000;39
121977;34064;932;15000;36
122020;34074;899;32000;26
122021;34074;899;32000;26
122065;34085;551;25000;22
122066;34085;1091;100000;13
122076;34089;447;8000;8
122077;34089;447;8000;8
122078;34089;221;62000;29
122165;34113;201;26000;11
122166;34113;936;44000;16
122167;34113;936;44000;16
122168;34113;908;26000;37
122185;34118;103;130000;25
122186;34118;103;130000;25
122187;34119;529;10000;12
122188;34119;693;60000;18
122201;34125;794;6000;29
122202;34126;241;3000;7
122203;34126;241;3000;7
122204;34127;142;53000;39
122205;34127;690;20000;7
122206;34127;216;59000;35
122207;34127;405;22000;14
122208;34128;1137;148000;12
122209;34128;166;71000;33
122210;34128;80;99000;42
122262;34144;159;80000;30
122263;34144;159;80000;30
122301;34158;83;44000;6
122302;34158;195;27000;18
122359;34172;412;2000;35
122360;34172;711;80000;23
122367;34174;436;16000;10
122368;34174;436;16000;10
122369;34174;18;85000;17
122389;34179;382;6000;24
122390;34180;966;17000;10
122391;34180;558;28000;4
122392;34180;966;17000;10
122393;34180;558;28000;4
122394;34180;369;8000;35
122397;34183;647;30000;26
122437;34196;85;44000;29
122438;34196;626;48000;14
122439;34196;103;130000;18
122440;34196;841;6000;27
122441;34197;74;35000;29
122442;34197;1121;35000;36
122443;34197;666;92000;11
122444;34197;291;21000;23
122445;34197;223;4000;29
122455;34200;382;6000;40
122456;34200;382;6000;40
122457;34200;345;3000;35
122465;34203;904;22000;12
122466;34203;748;33000;13
122490;34209;204;9000;16
122535;34222;627;58000;33
122536;34222;627;58000;33
122543;34224;1054;36000;19
122580;34237;551;25000;33
122581;34237;551;25000;33
122582;34237;819;6000;6
122628;34252;347;10000;6
122634;34255;172;131000;33
122635;34255;172;131000;33
122636;34255;38;200000;29
122658;34262;963;19000;38
122659;34262;839;8000;38
122660;34262;271;6000;30
122661;34262;333;2000;32
122737;34286;932;15000;33
122738;34286;589;220000;22
122778;34296;101;120000;1
122779;34296;101;120000;1
122780;34296;721;89000;11
122793;34304;499;15000;34
122794;34304;251;5000;23
122802;34307;278;9000;34
122803;34307;278;9000;34
122804;34307;247;6000;40
122820;34313;186;9000;31
122829;34316;474;17000;17
122830;34316;474;17000;17
122831;34316;855;7000;35
122849;34322;556;5000;7
122850;34322;746;41000;4
122851;34322;853;6000;40
122852;34322;746;41000;4
122853;34322;853;6000;40
122869;34328;382;6000;23
122870;34328;382;6000;23
122871;34328;180;10000;22
122914;34344;698;54000;22
122915;34344;528;199000;12
122916;34344;528;199000;12
122917;34344;894;24000;6
122918;34345;437;13000;16
122919;34345;582;10000;8
122920;34345;644;36000;26
122942;34351;818;6000;30
122943;34351;227;5000;23
122944;34351;818;6000;30
122945;34351;227;5000;23
122949;34353;512;19000;1
122950;34353;785;6000;7
122951;34353;530;9000;33
122952;34353;580;11000;32
122988;34362;31;43000;28
122989;34362;545;10000;11
122990;34362;890;22000;42
123027;34374;617;19000;5
123028;34375;771;6000;16
123029;34375;654;63000;13
123034;34377;944;17000;41
123035;34377;944;17000;41
123076;34389;305;2000;42
123077;34389;305;2000;42
123078;34389;626;48000;10
123099;34397;858;19000;39
123100;34397;102;70000;25
123125;34405;85;44000;40
123126;34405;85;44000;40
123127;34406;645;39000;26
123128;34406;1144;54000;40
123129;34406;645;39000;26
123130;34406;1144;54000;40
123131;34406;218;25000;38
123152;34415;334;4000;16
123153;34415;573;25000;32
123183;34424;502;19000;39
123184;34424;502;19000;39
123198;34428;367;4000;39
123199;34428;538;14000;18
123222;34437;493;6000;24
123223;34437;493;6000;24
123234;34440;627;58000;40
123235;34440;627;58000;40
123236;34440;1049;33000;12
123239;34442;82;49000;21
123240;34442;82;49000;21
123252;34446;1006;152000;19
123253;34446;953;20000;6
123254;34446;1006;152000;19
123255;34446;953;20000;6
123256;34446;868;21000;23
123257;34446;986;27000;10
123311;34458;862;27000;1
123312;34458;251;5000;24
123313;34458;247;6000;24
123314;34458;297;6000;16
123315;34458;297;6000;16
123316;34458;624;12000;41
123355;34468;673;41000;32
123356;34468;1123;34000;26
123373;34473;803;20000;25
123444;34495;906;22000;35
123445;34495;267;6000;26
123452;34499;1130;19000;19
123453;34499;881;14000;20
123454;34499;784;6000;29
123455;34499;1130;19000;19
123456;34499;881;14000;20
123457;34499;784;6000;29
123458;34499;136;141000;7
123459;34499;793;5000;12
123460;34500;1017;36000;12
123461;34500;969;15000;27
123462;34500;967;19000;40
123463;34500;969;15000;27
123464;34500;967;19000;40
123474;34503;614;55000;6
123492;34509;456;9000;23
123493;34509;762;11000;8
123509;34514;332;2000;21
123510;34514;332;2000;21
123511;34514;1026;20000;12
123514;34516;70;35000;5
123515;34516;1123;34000;33
123516;34516;1123;34000;33
123517;34516;159;80000;33
123561;34525;1100;51000;15
123562;34525;881;14000;4
123563;34525;317;2000;23
123640;34545;87;44000;13
123674;34553;822;7000;35
123675;34553;828;7000;7
123676;34553;842;23000;14
123677;34553;666;92000;1
123683;34555;792;9000;11
123684;34555;352;3000;12
123685;34555;352;3000;12
123686;34555;91;70000;29
123692;34557;749;33000;8
123693;34557;749;33000;8
123694;34557;71;45000;10
123695;34557;625;51000;21
123696;34557;304;2000;34
123708;34560;150;58000;5
123719;34564;659;59000;31
123720;34564;565;23000;23
123721;34565;575;7000;2
123722;34565;719;325000;10
123723;34565;36;200000;21
123724;34565;512;19000;2
123729;34568;678;43000;3
123730;34568;650;62000;22
123747;34572;1083;57000;14
123748;34572;753;4000;16
123774;34578;913;20000;9
123775;34578;913;20000;9
123776;34578;317;2000;14
123824;34591;556;5000;32
123825;34591;556;5000;32
123826;34591;461;13000;27
123827;34591;237;6000;10
123838;34597;248;20000;4
123839;34597;1108;51000;39
123872;34607;1095;99000;36
123891;34612;294;19000;38
123976;34639;358;2000;35
123977;34639;358;2000;35
123983;34641;964;19000;10
123984;34641;964;19000;10
124027;34655;361;2000;16
124028;34655;474;17000;26
124029;34655;474;17000;26
124030;34656;678;43000;30
124084;34671;762;11000;42
124087;34675;498;8000;21
124154;34695;293;8000;15
124163;34697;327;2000;3
124164;34697;661;69000;12
124165;34697;661;69000;12
124189;34703;525;35000;18
124190;34703;597;165000;7
124217;34711;1103;9000;39
124218;34711;128;132000;38
124219;34711;128;132000;38
124221;34713;351;3000;1
124222;34713;143;63000;4
124223;34713;741;38000;36
124224;34713;143;63000;4
124225;34713;741;38000;36
124226;34714;168;38000;12
124227;34714;168;38000;12
124228;34714;934;46000;42
124272;34727;797;4000;28
124273;34727;797;4000;28
124274;34727;833;3000;14
124294;34732;571;9000;11
124295;34732;847;8000;21
124296;34732;847;8000;21
124297;34732;606;41000;33
124310;34736;330;5000;6
124311;34736;330;5000;6
124321;34740;71;45000;27
124322;34740;71;45000;27
124333;34744;247;6000;3
124334;34744;854;6000;36
124449;34768;153;54000;28
124450;34768;221;62000;28
124451;34768;186;9000;21
124475;34775;471;17000;5
124476;34776;82;49000;9
124486;34778;832;6000;37
124494;34782;93;49000;4
124495;34782;473;7000;9
124496;34782;279;22000;9
124497;34782;279;22000;9
124498;34782;898;32000;17
124526;34791;972;16000;18
124527;34791;317;2000;25
124589;34808;1085;75000;26
124590;34808;697;54000;15
124603;34812;898;32000;9
124641;34824;747;22000;24
124642;34824;550;12000;30
124672;34833;711;80000;1
124673;34833;808;3000;20
124674;34833;711;80000;1
124675;34833;808;3000;20
124676;34833;1102;8000;39
124690;34838;164;38000;38
124691;34839;139;24000;10
124692;34839;137;150000;3
124755;34855;15;89000;12
124756;34855;15;89000;12
124757;34855;50;125000;16
124785;34864;457;16000;8
124786;34864;375;8000;40
124787;34864;375;8000;40
124788;34864;819;6000;39
124833;34876;324;4000;16
124841;34878;506;11000;24
124842;34878;506;11000;24
124843;34878;287;22000;33
124844;34878;839;8000;5
124845;34878;424;3000;34
124852;34880;971;10000;8
124853;34880;971;10000;8
124854;34881;951;9000;33
124885;34892;516;28000;39
124886;34892;791;6000;6
124887;34892;954;11000;4
124888;34892;791;6000;6
124889;34892;954;11000;4
124890;34892;138;24000;30
124891;34893;3;85000;10
124898;34895;91;70000;11
124899;34895;271;6000;28
124900;34895;271;6000;28
124914;34900;145;48000;37
124920;34902;1107;65000;1
124936;34905;812;5000;29
124937;34905;575;7000;15
124956;34912;1063;13000;7
124957;34912;88;43000;22
124962;34914;381;4000;1
124963;34914;381;4000;1
124969;34917;221;62000;22
124970;34917;1127;22000;2
124971;34917;45;99000;30
124972;34917;45;99000;30
124973;34917;429;2000;37
125001;34924;701;47000;31
125002;34924;701;47000;31
125075;34938;738;33000;2
125116;34948;1082;111000;19
125117;34948;982;37000;27
125118;34948;724;125000;36
125124;34951;333;2000;35
125125;34951;333;2000;35
125153;34960;552;93000;15
125194;34973;124;141000;33
125195;34973;124;141000;33
125196;34973;571;9000;12
125207;34976;169;133000;31
125212;34978;1062;24000;25
125213;34978;873;13000;1
125214;34978;263;7000;11
125215;34978;524;11000;23
125216;34978;351;3000;15
125217;34978;263;7000;11
125218;34978;524;11000;23
125219;34978;351;3000;15
125234;34983;211;64000;16
125257;34990;775;6000;12
125278;34997;149;63000;23
125279;34997;803;20000;14
125299;35001;398;3000;1
125300;35001;279;22000;34
125301;35001;279;22000;34
125303;35003;1076;63000;39
125304;35004;669;37000;37
125387;35023;603;50000;42
125388;35023;107;130000;17
125389;35024;351;3000;23
125394;35026;439;7000;41
125420;35032;26;72000;7
125421;35032;156;42000;34
125422;35032;717;230000;42
125438;35039;872;14000;18
125439;35039;475;13000;7
125440;35039;475;13000;7
125484;35051;409;3000;20
125485;35052;719;325000;1
125486;35052;291;21000;13
125487;35052;383;6000;34
125488;35053;805;20000;31
125489;35053;991;14000;18
125498;35057;947;4000;25
125499;35057;350;2000;4
125500;35057;350;2000;4
125550;35072;1061;10000;22
125551;35072;835;5000;37
125552;35072;511;18000;3
125553;35073;150;58000;30
125584;35085;33;200000;26
125601;35089;1018;69000;33
125602;35089;1018;69000;33
125603;35089;498;8000;20
125604;35089;217;14000;34
125605;35089;144;51000;32
125623;35095;18;85000;7
125624;35095;589;220000;4
125625;35096;300;6000;31
125639;35099;947;4000;19
125640;35099;73;45000;40
125641;35099;6;120000;12
125642;35100;703;108000;19
125643;35100;703;108000;19
125656;35103;842;23000;4
125657;35103;842;23000;4
125658;35103;456;9000;31
125659;35104;756;5000;38
125660;35104;756;5000;38
125661;35104;609;4000;31
125662;35104;803;20000;18
125663;35104;253;10000;25
125726;35120;430;2000;28
125727;35120;108;120000;39
125728;35120;650;62000;40
125742;35124;651;41000;29
125743;35124;894;24000;1
125744;35124;894;24000;1
125800;35140;300;6000;25
125844;35150;233;17000;37
125845;35150;233;17000;37
125891;35164;141;38000;33
125892;35164;812;5000;23
125893;35165;83;44000;14
125894;35165;861;9000;30
125895;35165;464;91000;32
125896;35165;861;9000;30
125897;35165;464;91000;32
125915;35170;288;21000;25
125916;35170;288;21000;25
125917;35170;938;17000;9
125918;35170;370;4000;39
125930;35174;35;200000;6
126049;35205;1099;51000;15
126091;35217;935;46000;15
126092;35217;344;4000;28
126093;35217;344;4000;28
126094;35217;121;149000;19
126110;35225;443;14000;11
126115;35229;445;12000;22
126133;35233;944;17000;17
126134;35233;613;7000;1
126135;35233;613;7000;1
126136;35233;1064;126000;21
126137;35233;1133;20000;3
126143;35235;327;2000;20
126144;35235;925;17000;1
126145;35235;925;17000;1
126146;35235;836;5000;11
126149;35237;668;41000;25
126165;35242;808;3000;5
126166;35242;319;2000;1
126167;35242;319;2000;1
126168;35242;712;38000;11
126178;35246;855;7000;11
126179;35246;777;6000;21
126180;35246;777;6000;21
126181;35248;955;48000;10
126182;35248;1123;34000;31
126183;35248;1123;34000;31
126184;35248;180;10000;10
126199;35252;893;68000;41
126200;35252;1073;15000;25
126224;35257;532;11000;40
126228;35259;649;30000;3
126284;35278;1021;36000;29
126285;35279;97;149000;39
126286;35279;266;6000;20
126287;35279;206;13000;41
126288;35279;97;149000;39
126289;35279;266;6000;20
126290;35279;206;13000;41
126299;35283;688;13000;32
126339;35292;1030;20000;36
126340;35292;868;21000;4
126341;35292;868;21000;4
126379;35302;889;61000;8
126398;35306;988;30000;21
126399;35306;988;30000;21
126403;35310;1089;45000;19
126404;35310;92;70000;7
126414;35314;114;130000;30
126415;35314;662;63000;13
126416;35314;1038;11000;7
126440;35320;930;10000;21
126441;35320;736;23000;27
126442;35320;689;35000;4
126443;35320;947;4000;27
126444;35320;954;11000;29
126475;35328;676;39000;32
126476;35329;179;10000;4
126477;35329;924;9000;1
126478;35329;1073;15000;36
126493;35332;934;46000;11
126494;35332;934;46000;11
126511;35337;736;23000;2
126512;35337;879;8000;8
126513;35337;12;85000;22
126520;35339;916;20000;29
126521;35339;916;20000;29
126534;35344;539;12000;25
126535;35344;539;12000;25
126648;35371;852;6000;16
126649;35371;852;6000;16
126650;35371;429;2000;12
126665;35375;637;36000;33
126676;35380;1051;30000;37
126689;35384;32;125000;28
126690;35384;242;7000;42
126727;35394;356;4000;37
126728;35394;405;22000;18
126784;35410;441;11000;39
126785;35410;963;19000;17
126805;35416;630;30000;30
126806;35416;728;20000;32
126818;35419;36;200000;18
126819;35419;201;26000;19
126820;35419;344;4000;36
126821;35419;133;150000;41
126822;35419;904;22000;30
126823;35419;133;150000;41
126824;35419;904;22000;30
126825;35419;833;3000;12
126826;35419;973;16000;1
126879;35436;155;79000;9
126880;35437;981;54000;6
126883;35439;350;2000;12
126905;35445;1104;24000;38
126906;35445;580;11000;3
126907;35445;117;109000;5
126908;35446;627;58000;14
126909;35446;627;58000;14
126915;35448;475;13000;22
126920;35450;852;6000;3
126921;35450;788;7000;12
126922;35450;788;7000;12
126923;35450;194;30000;40
126924;35451;1131;19000;20
126925;35451;746;41000;4
126926;35451;228;8000;25
127018;35473;452;33000;20
127019;35473;452;33000;20
127020;35473;447;8000;36
127068;35489;684;55000;41
127076;35493;876;19000;14
127091;35497;713;58000;32
127092;35497;713;58000;32
127093;35497;669;37000;5
127115;35505;707;44000;2
127116;35505;690;20000;30
127117;35505;690;20000;30
127118;35505;1045;20000;12
127173;35522;833;3000;31
127180;35524;628;56000;27
127181;35524;89;83000;6
127182;35525;1;110000;5
127183;35525;1120;35000;29
127184;35525;726;125000;29
127223;35536;686;39000;25
127224;35536;838;5000;23
127225;35536;503;19000;3
127226;35536;503;19000;3
127227;35537;461;13000;28
127228;35537;250;6000;19
127260;35545;1024;44000;15
127261;35545;453;22000;14
127262;35545;413;3000;41
127286;35552;157;65000;40
127287;35552;557;8000;35
127288;35552;557;8000;35
127289;35552;540;14000;22
127304;35557;1005;152000;3
127305;35557;269;6000;7
127324;35560;24;72000;2
127325;35560;261;10000;13
127333;35563;342;3000;14
127334;35563;896;35000;16
127335;35563;896;35000;16
127336;35563;518;27000;25
127346;35567;1020;36000;7
127371;35574;544;26000;15
127372;35575;169;133000;33
127373;35575;169;133000;33
127457;35596;425;3000;12
127458;35596;756;5000;25
127459;35596;1097;68000;13
127467;35598;202;10000;14
127483;35604;481;15000;12
127484;35604;599;97000;23
127485;35604;481;15000;12
127486;35604;599;97000;23
127487;35604;26;72000;13
127523;35614;639;130000;8
127524;35614;974;17000;16
127525;35614;425;3000;22
127526;35614;425;3000;22
127527;35614;808;3000;2
127528;35615;1036;40000;9
127529;35615;1036;40000;9
127620;35641;1059;18000;19
127631;35644;1076;63000;4
127632;35644;1076;63000;4
127633;35644;241;3000;24
127634;35645;308;2000;3
127635;35645;308;2000;3
127636;35645;523;15000;38
127671;35658;586;95000;39
127672;35658;971;10000;34
127673;35658;837;5000;29
127674;35658;78;35000;23
127675;35659;173;131000;30
127738;35677;812;5000;4
127739;35677;812;5000;16
127749;35683;219;24000;33
127750;35683;219;24000;33
127798;35697;511;18000;23
127799;35697;674;26000;2
127844;35707;363;2000;42
127845;35707;363;2000;42
127846;35707;301;6000;7
127847;35707;1129;19000;39
127848;35707;370;4000;24
127849;35709;471;17000;12
127894;35721;316;2000;11
127895;35721;316;2000;11
128049;35755;273;19000;10
128061;35759;1001;19000;14
128062;35759;1001;19000;14
128063;35759;241;3000;7
128068;35761;986;27000;31
128069;35761;986;27000;31
128070;35761;110;75000;22
128113;35773;498;8000;21
128114;35774;692;5000;2
128115;35774;692;5000;2
128116;35775;223;4000;7
128117;35775;529;10000;5
128118;35776;915;19000;39
128124;35778;734;40000;2
128133;35781;738;33000;7
128134;35781;738;33000;7
128135;35781;332;2000;15
128136;35781;412;2000;5
128156;35786;668;41000;34
128161;35789;456;9000;19
128162;35789;932;15000;16
128167;35792;47;99000;20
128168;35792;724;125000;2
128221;35806;601;20000;16
128222;35807;599;97000;29
128226;35810;61;100000;37
128235;35813;406;18000;24
128248;35816;1024;44000;4
128249;35816;357;4000;40
128257;35818;871;14000;37
128258;35818;231;7000;41
128259;35818;231;7000;41
128275;35826;346;2000;1
128302;35835;169;133000;31
128303;35835;169;133000;31
128304;35836;603;50000;34
128320;35842;79;55000;10
128321;35842;79;55000;10
128322;35842;478;7000;41
128323;35842;950;4000;35
128324;35842;721;89000;23
128390;35854;271;6000;3
128398;35857;681;37000;41
128399;35857;681;37000;41
128409;35864;312;2000;30
128410;35864;255;2000;2
128411;35864;255;2000;2
128412;35865;522;11000;30
128416;35867;436;16000;21
128417;35867;280;22000;37
128418;35868;87;44000;42
128419;35868;680;22000;13
128420;35868;487;43000;41
128421;35868;487;43000;41
128422;35868;589;220000;20
128432;35871;101;120000;13
128433;35871;101;120000;13
128461;35879;602;41000;17
128496;35888;79;55000;31
128497;35888;79;55000;31
128518;35894;159;80000;22
128618;35922;843;6000;11
128619;35922;440;14000;9
128620;35922;448;16000;6
128621;35922;440;14000;9
128622;35922;448;16000;6
128623;35922;45;99000;24
128635;35925;584;165000;10
128636;35925;8;100000;7
128637;35925;8;100000;7
128638;35925;269;6000;11
128639;35925;225;16000;15
128640;35925;620;40000;40
128646;35928;181;10000;14
128647;35928;348;3000;34
128648;35928;181;10000;14
128649;35928;348;3000;34
128650;35928;811;6000;33
128655;35930;565;23000;2
128656;35930;103;130000;11
128657;35930;398;3000;29
128658;35930;531;11000;30
128733;35950;582;10000;26
128734;35951;250;6000;37
128735;35951;250;6000;37
128749;35956;370;4000;37
128750;35956;662;63000;22
128780;35963;611;20000;31
128781;35963;724;125000;28
128841;35979;1047;22000;38
128842;35979;1047;22000;38
128854;35983;635;30000;34
128855;35983;949;4000;5
128856;35983;761;11000;40
128857;35983;786;7000;4
128858;35983;687;30000;3
128876;35989;643;33000;31
128877;35989;528;199000;31
128878;35989;152;63000;20
128879;35989;562;10000;20
128880;35989;267;6000;13
128908;35997;770;6000;2
128909;35997;770;6000;2
129014;36026;860;45000;41
129019;36029;427;3000;40
129028;36032;703;108000;18
129029;36033;601;20000;15
129037;36037;961;27000;27
129038;36037;1037;39000;13
129039;36037;1037;39000;13
129106;36054;241;3000;40
129107;36054;241;3000;40
129124;36061;678;43000;3
129125;36061;494;15000;39
129126;36061;731;26000;15
129151;36068;528;199000;37
129152;36068;689;35000;11
129153;36068;650;62000;21
129169;36073;465;15000;33
129170;36073;465;15000;33
129196;36080;552;93000;35
129197;36080;954;11000;41
129198;36080;954;11000;41
129199;36080;1139;8000;12
129200;36080;69;45000;4
129201;36080;363;2000;25
129226;36090;78;35000;30
129235;36092;423;5000;6
129236;36092;496;57000;7
129244;36096;118;120000;13
129245;36096;462;11000;39
129246;36096;810;6000;2
129247;36096;1115;25000;27
129266;36101;927;5000;12
129267;36101;927;5000;12
129270;36104;271;6000;1
129271;36104;457;16000;19
129274;36106;934;46000;41
129275;36106;986;27000;9
129276;36107;883;19000;35
129277;36107;883;19000;35
129290;36113;861;9000;3
129291;36113;61;100000;23
129317;36122;536;24000;5
129318;36122;483;21000;29
129319;36122;483;21000;29
129351;36134;304;2000;22
129352;36134;579;7000;10
129353;36134;587;125000;20
129354;36134;304;2000;22
129355;36134;579;7000;10
129356;36134;587;125000;20
129357;36134;1068;41000;10
129358;36134;989;15000;1
129427;36151;771;6000;15
129428;36151;51;75000;39
129465;36160;1059;18000;40
129466;36160;323;4000;5
129483;36165;163;49000;15
129484;36165;163;49000;15
129516;36175;383;6000;7
129517;36176;76;45000;2
129527;36180;143;63000;29
129528;36180;143;63000;29
129529;36180;273;19000;41
129530;36181;582;10000;22
129531;36181;582;10000;22
129553;36185;375;8000;13
129554;36186;434;7000;39
129570;36191;977;15000;13
129625;36203;472;12000;16
129626;36203;472;12000;16
129627;36206;271;6000;32
129648;36212;472;12000;22
129656;36215;121;149000;7
129657;36215;529;10000;15
129658;36215;687;30000;16
129666;36217;628;56000;42
129667;36217;628;56000;42
129727;36236;1029;7000;12
129740;36242;546;20000;5
129741;36242;405;22000;1
129742;36242;126;134000;24
129743;36242;584;165000;35
129744;36242;126;134000;24
129745;36242;584;165000;35
129765;36248;1011;47000;2
129792;36257;1099;51000;38
129793;36257;1099;51000;38
129799;36259;413;3000;15
129800;36259;629;30000;30
129801;36259;413;3000;15
129802;36259;629;30000;30
129803;36259;550;12000;1
129804;36259;433;10000;40
129850;36274;654;63000;37
129851;36274;893;68000;28
129852;36274;893;68000;28
129853;36274;1116;53000;41
129854;36275;283;13000;5
129855;36275;3;85000;10
129856;36275;316;2000;4
129857;36275;3;85000;10
129858;36275;316;2000;4
129859;36275;700;51000;25
129883;36283;516;28000;32
129884;36283;418;2000;28
129885;36284;84;44000;35
129886;36284;207;6000;10
129887;36284;605;29000;20
129936;36297;562;10000;25
129937;36297;927;5000;41
129945;36299;830;6000;16
129958;36302;562;10000;2
129959;36302;1048;59000;19
129960;36302;692;5000;9
129979;36307;620;40000;38
129980;36307;726;125000;21
129981;36307;77;35000;38
130023;36318;792;9000;13
130024;36318;177;79000;11
130025;36318;177;79000;11
130026;36318;914;19000;19
130068;36332;467;152000;33
130069;36332;467;152000;33
130070;36332;957;27000;23
130071;36333;469;8000;30
130072;36333;583;10000;11
130073;36333;583;10000;11
130128;36344;362;25000;17
130129;36344;362;25000;17
130146;36350;967;19000;32
130147;36350;170;132000;38
130148;36350;170;132000;38
130180;36358;102;70000;36
130181;36358;186;9000;35
130190;36361;405;22000;3
130191;36361;703;108000;33
130192;36361;703;108000;33
130233;36373;1047;22000;23
130236;36375;271;6000;38
130237;36375;271;6000;38
130238;36375;881;14000;2
130292;36393;649;30000;3
130295;36395;311;12000;37
130296;36396;321;4000;30
130297;36396;851;3000;25
130305;36399;411;3000;28
130306;36399;270;6000;8
130307;36399;270;6000;8
130364;36413;1019;36000;14
130366;36415;1066;10000;4
130367;36416;241;3000;28
130368;36416;347;10000;7
130369;36416;347;10000;7
130370;36416;783;6000;29
130383;36420;767;5000;4
130392;36424;49;99000;11
130393;36424;234;14000;24
130394;36424;230;10000;39
130395;36424;1053;36000;8
130426;36433;1104;24000;17
130434;36437;432;12000;24
130435;36437;698;54000;20
130436;36437;335;6000;42
130451;36441;505;19000;1
130452;36441;505;19000;1
130489;36449;174;79000;33
130490;36449;518;27000;9
130491;36450;420;2000;10
130530;36461;546;20000;30
130531;36461;1123;34000;19
130539;36464;265;6000;22
130541;36466;715;110000;39
130542;36467;170;132000;18
130543;36467;170;132000;18
130563;36472;1065;62000;41
130564;36472;558;28000;9
130565;36472;558;28000;9
130580;36478;636;33000;1
130581;36478;196;11000;40
130582;36478;196;11000;40
130583;36478;18;85000;8
130584;36478;505;19000;16
130585;36478;335;6000;16
130615;36488;798;6000;8
130619;36490;111;75000;9
130620;36490;111;75000;9
130621;36490;761;11000;19
130626;36493;528;199000;4
130627;36493;528;199000;4
130628;36493;383;6000;36
130659;36500;55;80000;28
130694;36509;24;72000;19
130695;36511;632;130000;5
130696;36511;912;32000;2
130697;36511;779;13000;24
130698;36511;942;17000;36
130699;36511;519;13000;19
130700;36512;3;85000;28
130701;36512;732;51000;24
130702;36512;732;51000;24
130706;36514;41;125000;9
130707;36514;524;11000;32
130708;36514;41;125000;9
130709;36514;524;11000;32
130710;36515;837;5000;35
130754;36527;296;31000;30
130755;36527;296;31000;30
130769;36533;876;19000;5
130791;36538;152;63000;16
130792;36538;482;21000;3
130793;36538;119;75000;9
130794;36538;482;21000;3
130795;36538;119;75000;9
130796;36538;429;2000;37
130797;36538;634;72000;25
130806;36542;65;23000;30
130807;36542;1007;62000;15
130820;36547;952;98000;12
130821;36547;534;12000;4
130822;36547;534;12000;4
130823;36547;962;37000;7
130841;36552;926;5000;35
130842;36552;926;5000;35
130843;36552;464;91000;14
130845;36554;562;10000;30
130854;36557;824;6000;3
130855;36557;338;11000;38
130856;36557;338;11000;38
130895;36567;586;95000;40
130904;36570;169;133000;16
130905;36570;96;149000;4
130906;36570;516;28000;10
130907;36571;1082;111000;9
130908;36571;413;3000;7
130909;36571;1082;111000;9
130910;36571;413;3000;7
130914;36574;830;6000;2
130915;36574;830;6000;2
130916;36575;961;27000;17
130917;36575;961;27000;17
130923;36579;449;9000;8
130924;36579;805;20000;28
130925;36579;247;6000;28
130926;36579;805;20000;28
130927;36579;247;6000;28
130928;36579;550;12000;28
130936;36583;383;6000;27
130937;36583;383;6000;27
130938;36584;604;10000;24
130939;36584;1099;51000;8
130940;36584;1116;53000;26
130941;36584;824;6000;37
130942;36584;824;6000;37
130943;36584;500;23000;22
130944;36584;547;7000;26
130961;36589;856;245000;7
131068;36618;686;39000;41
131080;36622;174;79000;16
131081;36622;158;40000;28
131082;36622;174;79000;16
131083;36622;158;40000;28
131084;36622;1088;45000;42
131085;36622;294;19000;40
131116;36631;347;10000;33
131117;36631;597;165000;40
131118;36631;597;165000;40
131119;36631;501;13000;10
131147;36636;14;99000;5
131148;36636;1099;51000;20
131149;36636;41;125000;25
131150;36636;1099;51000;20
131151;36636;41;125000;25
131152;36636;263;7000;9
131153;36636;282;16000;31
131154;36637;161;43000;10
131155;36637;907;25000;7
131156;36637;907;25000;7
131157;36637;1101;51000;18
131197;36648;687;30000;8
131215;36654;1111;49000;23
131216;36654;1111;49000;23
131217;36654;770;6000;20
131236;36660;101;120000;13
131237;36660;101;120000;13
131238;36660;526;10000;18
131255;36664;398;3000;16
131256;36664;1111;49000;2
131257;36664;1019;36000;20
131309;36680;546;20000;14
131310;36680;887;60000;4
131419;36709;741;38000;2
131420;36709;826;4000;37
131421;36709;741;38000;2
131422;36709;826;4000;37
131423;36711;538;14000;37
131424;36711;533;14000;16
131425;36711;938;17000;33
131490;36730;330;5000;24
131507;36736;330;5000;13
131508;36736;531;11000;37
131509;36736;330;5000;13
131510;36736;531;11000;37
131548;36745;555;11000;16
131549;36745;405;22000;5
131582;36753;632;130000;13
131583;36753;404;20000;36
131591;36755;744;8000;27
131594;36757;63;23000;38
131595;36757;900;100000;7
131596;36757;900;100000;7
131597;36757;8;100000;18
131606;36761;312;2000;9
131607;36761;312;2000;9
131608;36762;20;60000;10
131609;36762;20;60000;10
131618;36766;1004;152000;9
131619;36766;1004;152000;9
131673;36781;330;5000;28
131674;36781;98;130000;27
131675;36781;330;5000;28
131676;36781;98;130000;27
131677;36781;146;71000;9
131695;36786;452;33000;37
131696;36786;60;100000;37
131731;36794;178;141000;29
131770;36804;669;37000;42
131771;36805;954;11000;25
131793;36810;372;5000;28
131830;36821;612;7000;8
131831;36821;710;150000;34
131843;36825;594;263000;10
131851;36827;436;16000;23
131865;36830;890;22000;33
131866;36830;772;4000;39
131867;36830;63;23000;26
131868;36831;807;3000;16
131871;36833;249;9000;29
131878;36836;1115;25000;22
131895;36842;357;4000;17
131896;36842;842;23000;9
131897;36842;286;9000;26
131920;36849;605;29000;25
131921;36849;605;29000;25
131956;36858;952;98000;27
131957;36858;1007;62000;8
131958;36858;154;38000;13
131959;36858;154;38000;13
131965;36860;202;10000;26
131983;36864;586;95000;8
131984;36864;582;10000;42
132023;36873;1140;22000;37
132024;36873;753;4000;19
132025;36873;1140;22000;37
132026;36873;753;4000;19
132057;36881;262;7000;18
132058;36881;373;19000;23
132059;36881;373;19000;23
132060;36881;193;10000;38
132061;36881;489;11000;18
132062;36881;394;3000;6
132072;36884;259;4000;9
132073;36884;261;10000;26
132074;36884;261;10000;26
132075;36884;625;51000;6
132076;36884;442;16000;5
132087;36887;982;37000;4
132088;36888;866;25000;23
132093;36891;226;4000;42
132094;36891;226;4000;42
132095;36891;552;93000;12
132096;36892;80;99000;39
132097;36892;80;99000;39
132101;36894;16;110000;15
132102;36894;119;75000;17
132135;36904;7;120000;3
132141;36908;270;6000;1
132145;36910;754;4000;36
132146;36910;669;37000;8
132147;36910;393;4000;38
132148;36910;717;230000;41
132149;36910;119;75000;17
132150;36910;717;230000;41
132151;36910;119;75000;17
132152;36910;480;22000;28
132153;36910;398;3000;7
132200;36921;687;30000;26
132201;36921;291;21000;18
132202;36921;757;17000;12
132208;36925;1035;40000;4
132209;36928;231;7000;19
132210;36928;2;100000;29
132211;36928;231;7000;19
132212;36928;2;100000;29
132213;36928;226;4000;11
132214;36928;787;7000;2
132227;36931;1014;15000;8
132228;36931;1014;15000;8
132238;36934;670;35000;14
132276;36943;124;141000;33
132277;36943;348;3000;38
132278;36943;135;139000;16
132307;36955;1056;15000;34
132401;36979;910;28000;20
132402;36979;910;28000;20
132403;36979;62;105000;39
132501;37005;224;3000;38
132514;37010;715;110000;2
132515;37010;483;21000;10
132516;37011;299;4000;36
132521;37013;249;9000;36
132522;37013;249;9000;36
132529;37015;917;18000;32
132530;37015;917;18000;32
132531;37015;159;80000;28
132546;37019;899;32000;21
132564;37025;720;71000;26
132590;37032;992;14000;29
132591;37032;992;14000;29
132592;37032;26;72000;36
132593;37033;899;32000;31
132594;37033;576;31000;16
132595;37034;823;13000;11
132596;37034;823;13000;11
132623;37041;390;12000;19
132659;37051;517;27000;12
132660;37051;54;75000;39
132661;37051;947;4000;42
132662;37051;372;5000;26
132663;37051;372;5000;26
132664;37051;162;54000;25
132665;37051;650;62000;38
132669;37053;305;2000;7
132670;37053;868;21000;27
132671;37053;749;33000;23
132682;37058;668;41000;23
132739;37077;719;325000;19
132740;37077;719;325000;19
132785;37090;24;72000;7
132789;37093;89;83000;10
132790;37093;89;83000;10
132791;37093;945;28000;27
132831;37103;319;2000;26
132832;37103;319;2000;26
132849;37108;592;95000;27
132893;37116;720;71000;40
132894;37116;720;71000;40
132960;37140;812;5000;18
132961;37141;641;130000;38
132962;37141;641;130000;38
132969;37144;915;19000;29
132995;37154;1031;10000;24
132996;37154;70;35000;40
132997;37154;1031;10000;24
132998;37154;70;35000;40
132999;37155;144;51000;6
133017;37161;893;68000;32
133020;37165;227;5000;28
133021;37165;227;5000;28
133022;37165;898;32000;35
133036;37170;1107;65000;9
133037;37170;988;30000;37
133038;37170;963;19000;33
133047;37177;815;5000;25
133048;37177;442;16000;33
133049;37177;154;38000;23
133050;37177;938;17000;22
133054;37179;655;65000;7
133055;37179;655;65000;7
133059;37182;187;9000;24
133060;37183;1051;30000;16
133061;37183;767;5000;4
133069;37186;686;39000;37
133070;37186;686;39000;37
133102;37197;974;17000;32
133103;37197;974;17000;32
133104;37197;460;9000;39
133105;37198;273;19000;16
133122;37205;170;132000;12
133198;37222;895;16000;13
133199;37222;895;16000;13
133210;37226;185;3000;30
133211;37226;185;3000;30
133212;37226;960;27000;27
133245;37238;660;65000;19
133246;37238;213;23000;37
133247;37238;213;23000;37
133254;37241;970;27000;32
133255;37241;970;27000;32
133270;37246;993;24000;27
133271;37246;1022;23000;33
133272;37246;793;5000;13
133273;37246;793;5000;13
133310;37255;581;11000;29
133319;37257;553;33000;10
133320;37257;154;38000;12
133321;37257;553;33000;10
133322;37257;154;38000;12
133366;37269;1028;7000;2
133367;37269;222;23000;33
133368;37269;53;165000;18
133392;37274;814;5000;38
133393;37274;637;36000;41
133394;37274;637;36000;41
133395;37274;643;33000;17
133396;37274;663;55000;4
133438;37285;893;68000;18
133439;37285;893;68000;18
133469;37291;1076;63000;15
133470;37291;545;10000;4
133483;37296;529;10000;30
133484;37296;529;10000;30
133485;37296;354;5000;35
133486;37296;544;26000;11
133487;37296;1090;45000;12
133492;37298;200;7000;37
133493;37298;647;30000;25
133498;37300;302;7000;27
133499;37301;680;22000;19
133500;37301;680;22000;19
133501;37301;693;60000;28
133503;37303;760;15000;21
133504;37303;873;13000;35
133505;37303;873;13000;35
133506;37304;433;10000;2
133507;37304;433;10000;2
133508;37304;114;130000;39
133509;37304;738;33000;2
133510;37304;330;5000;11
133519;37307;5;99000;7
133522;37309;104;75000;29
133523;37309;184;3000;28
133584;37324;526;10000;2
133585;37324;526;10000;2
133596;37326;447;8000;26
133597;37326;843;6000;34
133642;37341;446;13000;14
133643;37341;259;4000;35
133644;37341;734;40000;4
133645;37341;259;4000;35
133646;37341;734;40000;4
133651;37343;1066;10000;28
133652;37343;1066;10000;28
133653;37343;289;19000;28
133654;37343;739;48000;10
133661;37345;849;3000;12
133662;37345;849;3000;12
133663;37345;647;30000;13
133664;37345;1029;7000;2
133712;37359;345;3000;33
133713;37359;876;19000;24
133714;37359;742;19000;37
133715;37359;435;15000;34
133740;37367;888;61000;27
133787;37381;713;58000;11
133788;37381;713;58000;11
133799;37386;852;6000;38
133863;37401;969;15000;22
133869;37404;847;8000;33
133870;37404;442;16000;11
133871;37404;442;16000;11
133872;37404;24;72000;1
133873;37404;498;8000;10
133884;37407;676;39000;15
133885;37408;1139;8000;2
133919;37421;29;43000;3
133920;37421;188;11000;11
133924;37424;759;5000;40
133925;37424;759;5000;40
133926;37424;961;27000;37
133927;37424;1035;40000;15
133928;37424;836;5000;12
133962;37436;860;45000;39
133963;37436;755;4000;20
133964;37437;173;131000;20
133994;37449;144;51000;27
133995;37449;185;3000;42
133996;37449;762;11000;36
134012;37453;304;2000;21
134027;37461;828;7000;31
134028;37461;939;28000;25
134029;37461;603;50000;10
134030;37462;665;145000;5
134031;37464;162;54000;25
134032;37465;262;7000;21
134033;37465;849;3000;5
134085;37477;91;70000;39
134086;37477;73;45000;28
134087;37477;73;45000;28
134088;37477;815;5000;24
134101;37481;594;263000;8
134102;37482;1054;36000;32
134105;37484;931;44000;27
134128;37491;845;7000;27
134129;37491;174;79000;14
134130;37491;845;7000;27
134131;37491;174;79000;14
134132;37491;1118;53000;2
134155;37498;786;7000;30
134180;37505;679;17000;9
134181;37505;766;5000;42
134182;37505;766;5000;42
134183;37505;34;125000;28
134184;37505;155;79000;38
134210;37513;142;53000;24
134211;37513;102;70000;10
134212;37513;102;70000;10
134236;37518;782;5000;6
134237;37518;44;99000;21
134238;37518;680;22000;41
134239;37519;631;92000;4
134240;37519;158;40000;10
134303;37534;253;10000;24
134304;37534;357;4000;34
134305;37534;848;3000;9
134306;37534;6;120000;22
134329;37542;43;99000;11
134330;37542;191;12000;8
134352;37548;973;16000;18
134353;37549;1143;35000;6
134354;37549;64;23000;1
134355;37549;160;61000;21
134356;37549;860;45000;12
134357;37549;64;23000;1
134358;37549;160;61000;21
134359;37549;860;45000;12
134360;37549;719;325000;8
134428;37567;711;80000;17
134429;37567;707;44000;25
134435;37569;239;6000;35
134477;37575;716;185000;33
134478;37575;716;185000;33
134479;37575;640;92000;10
134486;37577;995;63000;1
134487;37577;729;28000;3
134488;37577;764;5000;25
134489;37577;764;5000;25
134490;37578;201;26000;29
134491;37578;201;26000;29
134503;37582;51;75000;15
134512;37585;529;10000;36
134532;37591;505;19000;39
134551;37596;680;22000;42
134552;37596;342;3000;42
134553;37596;1048;59000;16
134554;37596;1048;59000;16
134555;37596;777;6000;25
134556;37596;681;37000;39
134592;37604;483;21000;29
134593;37604;1041;30000;38
134600;37608;184;3000;6
134604;37610;790;6000;29
134605;37610;790;6000;29
134606;37611;848;3000;21
134607;37611;848;3000;21
134608;37611;332;2000;31
134682;37634;332;2000;26
134683;37634;332;2000;26
134686;37636;552;93000;18
134687;37636;427;3000;16
134688;37636;552;93000;18
134689;37636;427;3000;16
134690;37636;229;6000;19
134714;37644;71;45000;42
134715;37645;61;100000;18
134716;37645;165;48000;32
134717;37645;165;48000;32
134727;37649;1143;35000;13
134753;37656;630;30000;9
134754;37656;702;100000;15
134769;37659;935;46000;14
134816;37677;516;28000;22
134817;37677;738;33000;33
134818;37677;963;19000;13
134819;37677;963;19000;13
134820;37677;678;43000;30
134821;37677;290;8000;19
134822;37677;633;92000;37
134900;37696;625;51000;6
134910;37702;363;2000;36
134911;37703;982;37000;26
134930;37708;502;19000;2
134931;37708;171;131000;31
134953;37712;469;8000;21
134965;37715;722;34000;23
134993;37723;772;4000;8
134994;37723;1133;20000;12
134995;37723;1133;20000;12
135006;37727;943;28000;15
135007;37727;943;28000;15
135008;37727;934;46000;27
135058;37739;40;200000;1
135059;37739;810;6000;28
135069;37741;465;15000;38
135070;37741;205;9000;33
135071;37741;294;19000;26
135072;37742;999;43000;38
135073;37742;999;43000;38
135102;37748;259;4000;12
135224;37783;24;72000;4
135225;37783;302;7000;3
135226;37783;314;2000;11
135227;37783;23;86000;41
135261;37792;838;5000;10
135262;37792;838;5000;10
135263;37792;685;55000;14
135285;37799;622;41000;41
135286;37799;622;41000;41
135296;37802;478;7000;9
135297;37802;364;12000;38
135298;37802;542;10000;10
135299;37802;295;22000;27
135300;37802;1110;36000;31
135301;37802;1110;36000;31
135302;37802;752;7000;33
135315;37806;840;4000;2
135316;37806;840;4000;2
135317;37806;991;14000;40
135318;37806;999;43000;40
135409;37831;928;14000;13
135410;37831;928;14000;13
135421;37834;429;2000;3
135422;37834;892;68000;13
135443;37839;165;48000;40
135444;37839;889;61000;1
135451;37843;297;6000;30
135452;37843;192;12000;24
135453;37843;546;20000;14
135454;37844;933;20000;26
135455;37844;749;33000;31
135456;37844;749;33000;31
135457;37844;981;54000;21
135471;37850;709;5000;14
135484;37856;377;7000;8
135485;37856;870;14000;33
135570;37881;1092;30000;3
135571;37881;187;9000;15
135572;37882;293;8000;3
135573;37882;609;4000;10
135574;37882;848;3000;9
135575;37883;380;7000;42
135576;37883;1052;50000;27
135577;37883;1052;50000;27
135595;37888;814;5000;41
135647;37901;904;22000;39
135675;37908;725;125000;13
135676;37908;868;21000;39
135691;37912;1080;111000;14
135692;37912;449;9000;24
135693;37912;11;85000;10
135731;37923;160;61000;5
135766;37934;610;8000;11
135807;37943;722;34000;28
135808;37943;90;39000;38
135814;37945;141;38000;2
135815;37945;141;38000;2
135816;37945;1134;20000;36
135817;37946;320;4000;25
135818;37946;1101;51000;15
135819;37946;1042;19000;25
135820;37946;1042;19000;25
135836;37950;402;8000;3
135877;37960;1036;40000;39
135878;37960;129;131000;27
135911;37969;431;8000;12
135912;37969;777;6000;28
135913;37970;997;43000;41
135929;37975;413;3000;17
135940;37978;867;16000;14
135941;37978;770;6000;16
135942;37978;770;6000;16
135943;37978;529;10000;2
135956;37982;945;28000;35
135957;37982;282;16000;3
136018;38000;532;11000;22
136019;38000;287;22000;26
136020;38000;442;16000;5
136080;38015;1092;30000;30
136085;38017;267;6000;24
136086;38017;267;6000;24
136087;38017;70;35000;21
136091;38020;1139;8000;3
136095;38022;1087;20000;19
136096;38022;17;120000;41
136097;38022;17;120000;41
136098;38022;518;27000;21
136099;38022;986;27000;24
136107;38025;582;10000;41
136108;38025;55;80000;35
136124;38031;149;63000;37
136125;38031;562;10000;17
136168;38042;95;105000;41
136169;38042;95;105000;41
136170;38043;962;37000;30
136222;38054;743;7000;15
136223;38054;743;7000;15
136224;38055;1101;51000;7
136225;38055;799;6000;27
136227;38057;10;90000;38
136228;38057;586;95000;42
136266;38067;1096;67000;8
136267;38067;961;27000;32
136268;38067;961;27000;32
136346;38089;832;6000;1
136347;38089;740;38000;9
136348;38089;1066;10000;30
136349;38089;1066;10000;30
136350;38089;451;28000;41
136351;38089;645;39000;28
136352;38089;17;120000;33
136353;38089;269;6000;39
136354;38089;50;125000;36
136355;38089;38;200000;39
136417;38104;474;17000;39
136473;38121;1119;35000;4
136474;38121;603;50000;25
136475;38121;1119;35000;4
136476;38121;603;50000;25
136481;38123;312;2000;35
136485;38126;900;100000;8
136504;38131;804;3000;38
136537;38140;405;22000;17
136538;38140;459;13000;9
136552;38144;495;57000;7
136553;38144;495;57000;7
136554;38144;325;4000;36
136560;38147;71;45000;21
136564;38149;263;7000;42
136565;38149;874;13000;17
136572;38152;288;21000;38
136573;38152;288;21000;38
136577;38155;625;51000;13
136581;38157;562;10000;41
136591;38160;31;43000;3
136592;38160;1130;19000;37
136593;38160;750;5000;11
136622;38168;451;28000;19
136623;38168;451;28000;19
136653;38176;408;3000;4
136654;38176;14;99000;29
136667;38179;983;28000;6
136668;38179;351;3000;16
136669;38179;351;3000;16
136670;38179;321;4000;32
136673;38182;824;6000;24
136674;38182;505;19000;16
136686;38185;18;85000;34
136693;38188;34;125000;15
136694;38188;377;7000;39
136695;38188;931;44000;18
136696;38188;696;50000;14
136697;38189;440;14000;17
136698;38189;102;70000;21
136699;38189;440;14000;17
136700;38189;102;70000;21
136701;38189;361;2000;7
136773;38210;139;24000;36
136774;38210;869;24000;35
136833;38227;861;9000;36
136834;38227;861;9000;36
136887;38241;460;9000;7
136888;38241;460;9000;7
136901;38245;20;60000;38
136902;38245;20;60000;38
136903;38245;363;2000;25
136925;38250;771;6000;3
136926;38250;470;8000;38
136927;38250;762;11000;23
136940;38253;531;11000;30
136941;38253;412;2000;11
136955;38258;736;23000;21
136978;38268;31;43000;41
136979;38268;122;148000;36
136980;38268;122;148000;36
137008;38277;1038;11000;16
137009;38277;1038;11000;16
137010;38277;213;23000;8
137018;38281;807;3000;38
137019;38282;708;5000;7
137020;38282;1037;39000;4
137021;38282;988;30000;27
137022;38282;839;8000;25
137023;38283;798;6000;34
137038;38287;709;5000;7
137039;38287;31;43000;27
137072;38295;723;125000;10
137073;38295;723;125000;10
137162;38316;32;125000;29
137163;38316;32;125000;29
137184;38323;845;7000;22
137185;38323;845;7000;22
137213;38331;592;95000;36
137214;38331;467;152000;4
137215;38331;262;7000;34
137216;38331;101;120000;1
137236;38336;304;2000;31
137237;38336;421;2000;8
137238;38336;304;2000;31
137239;38336;421;2000;8
137240;38336;606;41000;29
137257;38339;418;2000;27
137258;38339;750;5000;19
137259;38339;408;3000;18
137260;38340;603;50000;34
137261;38340;1097;68000;39
137266;38343;716;185000;7
137267;38343;8;100000;29
137268;38345;631;92000;16
137269;38345;664;140000;17
137270;38345;631;92000;16
137271;38345;664;140000;17
137272;38345;725;125000;42
137285;38349;667;68000;6
137300;38355;714;105000;31
137301;38355;1031;10000;35
137302;38356;1024;44000;31
137303;38356;184;3000;15
137304;38356;470;8000;17
137305;38356;1026;20000;21
137349;38365;660;65000;32
137350;38365;43;99000;32
137351;38365;194;30000;2
137355;38367;134;147000;33
137369;38372;911;2000;14
137370;38372;911;2000;14
137371;38372;84;44000;2
137372;38372;1107;65000;12
137389;38378;704;94000;20
137402;38381;251;5000;33
137403;38381;379;4000;8
137404;38381;850;3000;5
137438;38391;1000;19000;15
137439;38391;910;28000;7
137440;38391;433;10000;1
137441;38391;433;10000;1
137442;38391;343;4000;23
137443;38391;967;19000;33
137455;38395;265;6000;23
137473;38401;1072;10000;32
137474;38402;81;47000;24
137475;38402;81;47000;24
137476;38402;707;44000;33
137478;38404;388;6000;3
137479;38404;464;91000;7
137480;38404;464;91000;7
137495;38409;1053;36000;37
137504;38412;228;8000;39
137505;38412;653;49000;20
137512;38414;49;99000;36
137558;38423;1001;19000;29
137559;38423;1001;19000;29
137560;38423;770;6000;3
137561;38423;819;6000;41
137562;38424;129;131000;26
137563;38424;129;131000;26
137569;38427;238;6000;25
137570;38427;238;6000;25
137591;38432;655;65000;36
137592;38432;380;7000;4
137593;38432;504;16000;10
137596;38434;98;130000;24
137597;38434;138;24000;22
137619;38440;886;22000;22
137667;38451;954;11000;35
137687;38458;542;10000;20
137688;38459;730;26000;26
137689;38459;84;44000;36
137690;38459;439;7000;7
137711;38466;1056;15000;15
137712;38466;1056;15000;15
137725;38469;969;15000;16
137726;38469;969;15000;16
137727;38469;919;26000;25
137748;38474;1022;23000;4
137749;38474;1022;23000;4
137756;38476;975;17000;17
137757;38476;296;31000;42
137758;38476;966;17000;11
137791;38487;199;13000;13
137792;38487;631;92000;24
137793;38487;631;92000;24
137794;38487;431;8000;23
137801;38489;355;2000;1
137802;38489;355;2000;1
137803;38489;267;6000;30
137809;38491;761;11000;12
137810;38491;761;11000;12
137826;38496;64;23000;12
137827;38497;358;2000;32
137828;38497;123;147000;22
137829;38497;123;147000;22
137853;38504;232;20000;35
137854;38505;295;22000;28
137855;38505;750;5000;12
137884;38514;816;7000;24
137885;38514;679;17000;6
137886;38514;679;17000;6
137887;38514;358;2000;7
137907;38522;969;15000;26
137908;38522;969;15000;26
137909;38522;238;6000;11
137914;38524;87;44000;36
137915;38524;369;8000;37
137984;38547;303;2000;42
137990;38549;232;20000;16
137991;38549;232;20000;16
137992;38549;258;9000;38
137993;38549;1097;68000;25
138006;38552;925;17000;29
138007;38553;1071;26000;6
138008;38553;141;38000;29
138009;38553;1071;26000;6
138010;38553;141;38000;29
138113;38581;405;22000;7
138114;38581;405;22000;7
138116;38583;195;27000;14
138129;38587;130;164000;20
138136;38589;868;21000;13
138137;38589;868;21000;13
138138;38589;245;7000;1
138177;38601;769;5000;26
138178;38601;514;11000;23
138179;38601;1020;36000;6
138180;38601;514;11000;23
138181;38601;1020;36000;6
138182;38601;54;75000;17
138192;38606;372;5000;13
138211;38612;22;72000;25
138212;38612;423;5000;9
138273;38628;188;11000;34
138274;38628;1033;32000;17
138275;38628;955;48000;24
138276;38628;955;48000;24
138282;38631;886;22000;39
138283;38631;639;130000;14
138299;38637;638;92000;37
138341;38650;1111;49000;32
138387;38659;1080;111000;9
138388;38659;239;6000;7
138389;38659;239;6000;7
138407;38666;581;11000;8
138459;38677;368;8000;13
138460;38678;808;3000;32
138476;38683;873;13000;6
138477;38683;651;41000;35
138482;38685;506;11000;29
138498;38690;973;16000;13
138499;38690;542;10000;1
138500;38690;496;57000;13
138516;38695;726;125000;24
138517;38695;133;150000;27
138518;38695;917;18000;3
138519;38695;133;150000;27
138520;38695;917;18000;3
138521;38695;489;11000;25
138552;38702;301;6000;42
138553;38702;593;139000;10
138567;38706;680;22000;5
138619;38722;785;6000;31
138637;38727;628;56000;5
138638;38727;763;11000;38
138639;38727;51;75000;4
138640;38727;51;75000;4
138660;38732;734;40000;38
138661;38732;734;40000;38
138693;38740;954;11000;7
138694;38740;954;11000;7
138711;38746;775;6000;42
138736;38751;349;3000;32
138737;38751;349;3000;32
138738;38752;55;80000;9
138755;38757;137;150000;34
138786;38765;194;30000;26
138787;38765;194;30000;26
138788;38765;224;3000;41
138789;38765;229;6000;1
138790;38765;693;60000;11
138810;38771;950;4000;20
138832;38776;3;85000;20
138839;38778;561;15000;7
138840;38778;98;130000;17
138863;38784;356;4000;26
138864;38784;356;4000;26
138865;38784;781;5000;28
138868;38787;1020;36000;36
138888;38791;496;57000;19
138889;38791;378;7000;25
138890;38791;496;57000;19
138891;38791;378;7000;25
138892;38791;595;57000;9
138893;38791;1052;50000;6
138925;38800;784;6000;6
138926;38800;162;54000;18
138927;38800;638;92000;7
138988;38819;912;32000;26
138989;38819;912;32000;26
139056;38835;52;60000;6
139057;38836;855;7000;14
139058;38836;855;7000;14
139059;38836;752;7000;22
139098;38845;998;43000;22
139099;38845;455;15000;13
139100;38845;454;15000;33
139118;38851;316;2000;30
139119;38851;1052;50000;26
139120;38851;749;33000;8
139121;38851;1052;50000;26
139122;38851;749;33000;8
139123;38851;798;6000;37
139124;38851;288;21000;37
139186;38866;211;64000;26
139233;38877;738;33000;28
139234;38877;738;33000;28
139237;38879;481;15000;40
139250;38882;55;80000;41
139251;38882;355;2000;32
139260;38885;868;21000;19
139261;38885;952;98000;37
139262;38885;970;27000;34
139263;38885;952;98000;37
139264;38885;970;27000;34
139282;38891;947;4000;5
139283;38891;947;4000;5
139284;38891;650;62000;24
139285;38891;366;2000;40
139286;38891;82;49000;39
139357;38905;38;200000;14
139358;38905;38;200000;14
139373;38910;623;134000;5
139374;38910;420;2000;38
139403;38920;949;4000;30
139428;38927;441;11000;6
139429;38927;295;22000;8
139470;38938;829;7000;27
139471;38938;1055;57000;23
139472;38938;386;6000;32
139473;38938;1055;57000;23
139474;38938;386;6000;32
139484;38941;395;4000;3
139492;38943;1100;51000;20
139493;38943;59;105000;25
139494;38943;332;2000;1
139498;38945;860;45000;38
139499;38945;860;45000;38
139500;38945;351;3000;8
139542;38954;189;3000;18
139543;38954;777;6000;7
139544;38954;912;32000;14
139557;38958;982;37000;24
139558;38958;168;38000;7
139559;38958;700;51000;16
139587;38966;894;24000;26
139588;38966;87;44000;27
139589;38966;87;44000;27
139617;38976;204;9000;32
139623;38981;868;21000;22
139671;38994;724;125000;37
139672;38994;770;6000;35
139673;38994;1074;33000;16
139674;38994;724;125000;37
139675;38994;770;6000;35
139676;38994;1074;33000;16
139697;38999;47;99000;21
139698;38999;47;99000;21
139699;39000;467;152000;29
139700;39000;467;152000;29
139701;39000;213;23000;34
139740;39010;367;4000;40
139741;39010;71;45000;15
139742;39010;71;45000;15
139743;39010;256;8000;29
139744;39010;447;8000;33
139756;39015;229;6000;40
139816;39034;511;18000;26
139817;39034;113;159000;16
139818;39035;291;21000;32
139819;39035;834;5000;1
139842;39041;967;19000;35
139843;39041;357;4000;11
139844;39041;143;63000;38
139845;39041;846;5000;6
139846;39041;1132;19000;37
139879;39051;746;41000;31
139880;39051;1109;47000;27
139904;39057;279;22000;7
139905;39057;927;5000;8
139906;39057;716;185000;18
139924;39061;142;53000;33
140002;39076;707;44000;17
140003;39076;217;14000;8
140004;39076;911;2000;14
140029;39081;991;14000;30
140107;39103;628;56000;1
140108;39104;1026;20000;18
140109;39104;217;14000;14
140110;39104;217;14000;14
140111;39104;576;31000;16
140112;39104;590;305000;42
140148;39114;69;45000;42
140154;39116;206;13000;33
140155;39116;835;5000;3
140156;39116;835;5000;3
140157;39116;718;285000;16
140158;39116;2;100000;7
140159;39116;1069;15000;12
140161;39118;186;9000;17
140169;39121;753;4000;5
140170;39121;753;4000;5
140197;39130;59;105000;11
140198;39130;59;105000;11
140199;39130;155;79000;40
140200;39130;485;43000;6
140201;39130;881;14000;2
140202;39130;80;99000;24
140230;39137;169;133000;18
140231;39137;169;133000;18
140232;39137;1133;20000;3
140245;39141;612;7000;33
140246;39141;268;6000;29
140259;39145;967;19000;8
140260;39145;967;19000;8
140261;39145;999;43000;28
140262;39145;289;19000;33
140338;39168;146;71000;23
140339;39168;146;71000;23
140340;39169;405;22000;34
140341;39169;885;22000;19
140342;39169;405;22000;34
140343;39169;885;22000;19
140344;39169;179;10000;4
140349;39171;1083;57000;23
140350;39171;1083;57000;23
140415;39188;524;11000;38
140416;39188;524;11000;38
140446;39196;343;4000;33
140447;39196;343;4000;33
140448;39196;287;22000;1
140449;39196;538;14000;1
140450;39196;187;9000;1
140456;39199;982;37000;17
140475;39205;111;75000;36
140476;39205;111;75000;36
140504;39213;121;149000;16
140505;39213;121;149000;16
140534;39222;589;220000;7
140564;39229;1033;32000;20
140565;39229;903;22000;11
140566;39229;86;49000;15
140581;39234;655;65000;42
140614;39243;817;5000;3
140615;39243;63;23000;10
140616;39243;378;7000;41
140617;39243;453;22000;11
140639;39250;873;13000;5
140640;39250;325;4000;34
140641;39250;1120;35000;5
140642;39250;784;6000;42
140670;39261;506;11000;28
140695;39268;544;26000;22
140696;39268;80;99000;26
140697;39268;335;6000;26
140698;39269;146;71000;29
140699;39269;146;71000;29
140700;39269;655;65000;6
140701;39269;1133;20000;20
140702;39270;488;11000;17
140746;39282;410;3000;23
140747;39282;282;16000;20
140748;39282;110;75000;16
140749;39282;701;47000;24
140765;39287;684;55000;14
140766;39287;129;131000;7
140767;39287;959;12000;25
140784;39292;11;85000;29
140785;39293;898;32000;24
140786;39293;97;149000;22
140787;39293;433;10000;26
140826;39306;152;63000;35
140827;39306;973;16000;27
140856;39312;360;2000;14
140857;39312;360;2000;14
140858;39312;487;43000;8
140862;39314;654;63000;14
140863;39314;159;80000;1
140873;39318;593;139000;28
140874;39318;145;48000;17
140875;39318;145;48000;17
140898;39324;77;35000;3
140899;39324;974;17000;5
140900;39324;259;4000;33
140908;39327;83;44000;40
140909;39327;611;20000;37
140930;39335;271;6000;25
140931;39335;496;57000;3
140932;39335;1100;51000;2
140947;39339;1089;45000;2
141041;39362;599;97000;23
141042;39362;257;4000;38
141043;39362;599;97000;23
141044;39362;257;4000;38
141069;39369;1053;36000;8
141072;39371;1013;18000;28
141073;39371;792;9000;15
141074;39371;1142;6000;16
141127;39382;1008;15000;22
141128;39382;1008;15000;22
141129;39382;240;6000;38
141130;39382;462;11000;9
141131;39383;597;165000;14
141132;39384;688;13000;15
141133;39384;312;2000;30
141134;39384;71;45000;11
141135;39384;312;2000;30
141136;39384;71;45000;11
141137;39385;581;11000;13
141138;39385;1041;30000;5
141139;39385;392;4000;26
141140;39385;78;35000;8
141165;39392;1070;26000;8
141166;39392;919;26000;27
141167;39392;919;26000;27
141168;39392;1031;10000;2
141184;39397;847;8000;10
141185;39397;847;8000;10
141188;39401;797;4000;30
141189;39402;869;24000;6
141190;39402;869;24000;6
141275;39425;1100;51000;2
141276;39425;664;140000;15
141277;39425;771;6000;38
141278;39425;1100;51000;2
141279;39425;664;140000;15
141280;39425;771;6000;38
141294;39431;1122;28000;3
141295;39431;1122;28000;3
141296;39431;386;6000;3
141297;39431;7;120000;38
141303;39434;279;22000;26
141335;39440;64;23000;4
141336;39440;228;8000;36
141337;39440;64;23000;4
141338;39440;228;8000;36
141365;39450;382;6000;7
141366;39450;382;6000;7
141406;39460;1126;31000;2
141407;39460;524;11000;11
141408;39460;1034;17000;14
141409;39460;1126;31000;2
141410;39460;524;11000;11
141411;39460;1034;17000;14
141412;39460;538;14000;11
141443;39468;973;16000;18
141444;39468;973;16000;18
141447;39470;103;130000;24
141448;39470;35;200000;36
141449;39470;402;8000;11
141450;39471;255;2000;35
141455;39474;419;2000;31
141456;39474;772;4000;39
141457;39474;419;2000;31
141458;39474;772;4000;39
141459;39474;779;13000;9
141472;39477;675;44000;11
141473;39477;675;44000;11
141479;39479;173;131000;2
141480;39479;613;7000;23
141493;39482;238;6000;3
141494;39482;238;6000;3
141495;39482;8;100000;36
141537;39493;437;13000;14
141538;39493;37;125000;9
141539;39493;626;48000;41
141540;39493;811;6000;33
141586;39504;498;8000;33
141587;39504;498;8000;33
141601;39508;289;19000;13
141602;39508;566;11000;13
141603;39508;878;8000;25
141604;39508;681;37000;41
141646;39521;1004;152000;16
141647;39521;1004;152000;16
141681;39530;940;30000;19
141682;39530;778;6000;1
141693;39537;216;59000;38
141694;39537;216;59000;38
141695;39537;193;10000;9
141721;39545;316;2000;14
141780;39558;137;150000;22
141781;39558;1066;10000;8
141782;39558;1066;10000;8
141793;39561;148;54000;34
141794;39561;148;54000;41
141795;39561;167;82000;6
141796;39561;867;16000;40
141835;39574;1092;30000;7
141836;39574;158;40000;7
141837;39574;158;40000;7
141846;39578;799;6000;4
141847;39578;141;38000;10
141848;39579;955;48000;28
141849;39579;395;4000;33
141850;39579;955;48000;28
141851;39579;395;4000;33
141852;39579;428;3000;2
141879;39586;1041;30000;28
141880;39586;381;4000;4
141905;39595;595;57000;2
141906;39595;214;23000;3
141913;39597;758;3000;27
141914;39597;1090;45000;40
141915;39597;758;3000;27
141916;39597;1090;45000;40
141917;39597;877;40000;38
141918;39597;847;8000;1
141964;39611;211;64000;17
141965;39611;961;27000;14
141994;39619;359;2000;34
142002;39622;350;2000;17
142033;39632;547;7000;35
142059;39641;334;4000;29
142060;39641;157;65000;13
142077;39646;1110;36000;42
142078;39646;1110;36000;42
142079;39646;262;7000;18
142082;39648;827;3000;18
142083;39648;827;3000;18
142133;39661;912;32000;1
142134;39662;860;45000;31
142158;39675;443;14000;42
142159;39676;445;12000;2
142199;39688;782;5000;5
142200;39688;408;3000;30
142201;39688;959;12000;14
142208;39691;559;15000;24
142209;39691;559;15000;24
142242;39700;916;20000;28
142243;39700;188;11000;41
142244;39700;188;11000;41
142245;39701;111;75000;36
142246;39701;385;6000;21
142291;39713;680;22000;34
142292;39713;541;22000;3
142293;39713;541;22000;3
142294;39713;440;14000;27
142305;39718;779;13000;28
142306;39718;1026;20000;26
142331;39724;702;100000;25
142385;39740;595;57000;14
142386;39740;900;100000;40
142387;39740;202;10000;7
142451;39755;264;6000;9
142454;39757;655;65000;4
142481;39763;905;15000;2
142482;39763;698;54000;6
142483;39763;26;72000;41
142508;39769;457;16000;12
142509;39769;1107;65000;16
142516;39772;124;141000;21
142517;39772;799;6000;12
142518;39772;124;141000;21
142519;39772;799;6000;12
142528;39777;784;6000;34
142532;39779;910;28000;13
142533;39779;719;325000;12
142534;39779;44;99000;22
142570;39790;532;11000;14
142571;39790;305;2000;4
142572;39790;584;165000;26
142573;39791;632;130000;19
142574;39791;661;69000;39
142575;39791;1089;45000;12
142576;39791;1089;45000;12
142577;39791;805;20000;41
142609;39799;1117;73000;39
142675;39822;1013;18000;30
142676;39822;928;14000;36
142677;39822;928;14000;36
142678;39823;704;94000;40
142681;39825;458;9000;11
142682;39825;600;30000;18
142683;39825;737;33000;41
142709;39832;195;27000;9
142760;39843;104;75000;7
142761;39843;841;6000;10
142762;39843;343;4000;22
142763;39843;343;4000;22
142764;39843;494;15000;39
142765;39843;30;72000;1
142766;39844;1044;20000;20
142768;39846;47;99000;32
142769;39846;247;6000;11
142839;39867;474;17000;29
142840;39867;219;24000;14
142841;39867;219;24000;14
142842;39867;42;99000;11
142855;39871;559;15000;40
142856;39871;475;13000;32
142857;39871;475;13000;32
142858;39871;71;45000;18
142862;39873;740;38000;28
142867;39876;744;8000;24
142877;39880;875;13000;39
142878;39880;1113;49000;40
142879;39880;1113;49000;40
142880;39880;162;54000;21
142884;39882;1114;38000;2
142885;39882;1114;38000;2
142888;39884;1000;19000;33
142889;39884;366;2000;11
142890;39884;366;2000;11
142891;39884;945;28000;37
142892;39884;986;27000;1
142904;39889;544;26000;34
142905;39889;440;14000;33
142908;39891;641;130000;33
142909;39891;641;130000;33
142910;39891;120;120000;29
142911;39891;366;2000;39
142932;39898;770;6000;38
142955;39906;186;9000;13
142956;39906;186;9000;13
142994;39922;589;220000;16
142995;39922;5;99000;4
142996;39922;5;99000;4
143105;39951;570;15000;18
143106;39951;570;15000;18
143107;39951;1005;152000;15
143108;39952;455;15000;4
143109;39952;554;6000;22
143183;39973;611;20000;35
143184;39973;611;20000;35
143185;39973;497;57000;21
143186;39974;646;30000;9
143196;39978;717;230000;8
143208;39982;795;4000;5
143209;39982;71;45000;34
143210;39982;71;45000;34
143211;39982;520;23000;20
143212;39982;331;5000;20
143277;40001;1087;20000;39
143278;40001;1087;20000;39
143287;40007;1125;53000;38
143309;40013;838;5000;5
143310;40013;275;8000;1
143311;40013;453;22000;39
143312;40013;227;5000;21
143323;40017;417;2000;15
143324;40017;417;2000;15
143360;40029;583;10000;2
143361;40029;535;19000;39
143362;40029;652;41000;11
143363;40029;652;41000;11
143364;40029;1063;13000;17
143365;40029;135;139000;2
143397;40037;169;133000;11
143398;40037;169;133000;11
143399;40037;126;134000;29
143400;40037;963;19000;7
143434;40049;269;6000;1
143442;40052;412;2000;41
143449;40055;828;7000;37
143471;40062;553;33000;14
143476;40064;147;40000;2
143477;40064;462;11000;13
143478;40064;1136;107000;3
143506;40070;739;48000;3
143507;40070;1013;18000;12
143508;40070;739;48000;3
143509;40070;1013;18000;12
143510;40070;276;11000;39
143513;40072;616;121000;28
143514;40072;359;2000;7
143515;40072;418;2000;18
143525;40078;629;30000;37
143526;40078;1044;20000;21
143527;40078;1107;65000;18
143560;40086;1001;19000;3
143602;40097;972;16000;36
143603;40097;972;16000;36
143604;40097;812;5000;35
143605;40097;500;23000;17
143618;40100;157;65000;36
143619;40100;157;65000;36
143620;40100;490;14000;4
143642;40108;7;120000;5
143643;40108;1052;50000;24
143644;40108;606;41000;26
143645;40108;698;54000;11
143722;40130;198;13000;17
143739;40135;984;48000;18
143776;40144;1;110000;42
143815;40153;812;5000;33
143832;40157;427;3000;28
143842;40162;1064;126000;25
143843;40163;452;33000;30
143844;40163;563;23000;33
143856;40167;613;7000;1
143857;40167;164;38000;25
143858;40167;114;130000;37
143906;40177;583;10000;24
143907;40177;583;10000;24
143937;40186;483;21000;14
143938;40186;610;8000;41
143939;40186;544;26000;21
143940;40186;544;26000;21
143941;40186;378;7000;19
143960;40195;371;8000;33
144065;40222;812;5000;14
144139;40240;863;14000;16
144143;40242;264;6000;27
144144;40242;550;12000;2
144154;40246;679;17000;21
144155;40246;679;17000;21
144205;40258;552;93000;26
144206;40258;639;130000;23
144210;40260;577;5000;25
144211;40260;44;99000;6
144212;40260;356;4000;19
144213;40260;248;20000;33
144252;40272;842;23000;38
144253;40272;365;2000;22
144256;40274;901;100000;20
144257;40274;832;6000;36
144258;40274;901;100000;20
144259;40274;832;6000;36
144260;40274;443;14000;36
144261;40275;81;47000;10
144262;40275;957;27000;39
144263;40275;81;47000;10
144264;40275;957;27000;39
144265;40275;903;22000;1
144269;40277;118;120000;15
144270;40277;293;8000;10
144271;40277;293;8000;10
144272;40277;205;9000;7
144306;40285;1019;36000;1
144307;40286;319;2000;26
144308;40286;319;2000;26
144309;40286;642;72000;21
144321;40289;880;8000;37
144379;40307;299;4000;12
144380;40307;211;64000;4
144381;40307;211;64000;4
144395;40310;792;9000;28
144396;40310;861;9000;29
144397;40310;1002;19000;28
144398;40310;831;6000;35
144399;40310;1002;19000;28
144400;40310;831;6000;35
144401;40310;633;92000;4
144410;40313;409;3000;15
144411;40313;9;80000;19
144431;40319;437;13000;39
144432;40319;293;8000;10
144469;40329;227;5000;14
144470;40329;227;5000;14
144487;40334;903;22000;12
144488;40334;903;22000;12
144489;40334;1001;19000;41
144490;40334;623;134000;19
144491;40334;1069;15000;20
144499;40336;860;45000;41
144500;40336;1059;18000;18
144501;40336;1059;18000;18
144502;40336;1069;15000;31
144503;40336;1027;20000;14
144551;40347;851;3000;39
144574;40356;323;4000;28
144575;40356;323;4000;28
144576;40356;214;23000;4
144577;40357;843;6000;34
144578;40357;843;6000;34
144593;40360;98;130000;25
144594;40360;98;130000;25
144595;40360;642;72000;5
144711;40387;190;4000;25
144725;40391;784;6000;26
144774;40406;490;14000;3
144775;40406;490;14000;3
144776;40406;761;11000;42
144777;40406;703;108000;30
144820;40420;153;54000;21
144841;40425;21;60000;29
144842;40425;252;5000;38
144843;40425;568;27000;17
144844;40425;252;5000;38
144845;40425;568;27000;17
144846;40425;801;13000;20
144851;40427;893;68000;33
144852;40427;992;14000;36
144853;40427;992;14000;36
144857;40429;827;3000;2
144899;40438;276;11000;29
144900;40438;276;11000;29
144901;40438;393;4000;32
144902;40438;323;4000;20
144951;40450;1060;18000;35
144952;40450;154;38000;28
144953;40450;220;24000;6
144954;40450;415;2000;24
144961;40453;100;139000;10
144962;40453;679;17000;36
144963;40453;394;3000;27
144964;40453;427;3000;23
144965;40453;394;3000;27
144966;40453;427;3000;23
144967;40453;65;23000;42
144968;40453;802;3000;30
144992;40459;465;15000;5
144993;40459;439;7000;4
145005;40464;1011;47000;37
145006;40464;1011;47000;37
145007;40464;171;131000;36
145008;40464;1080;111000;8
145009;40464;686;39000;36
145048;40475;776;6000;36
145049;40475;776;6000;36
145050;40475;1051;30000;35
145059;40480;1069;15000;23
145065;40483;201;26000;35
145066;40483;876;19000;20
145067;40483;1090;45000;10
145068;40483;390;12000;2
145075;40487;298;15000;18
145076;40487;758;3000;20
145082;40489;71;45000;36
145091;40492;1010;18000;23
145092;40492;229;6000;11
145093;40493;710;150000;3
145094;40493;378;7000;2
145095;40493;378;7000;2
145168;40514;482;21000;18
145183;40519;1100;51000;42
145184;40519;1137;148000;6
145196;40525;914;19000;12
145197;40525;914;19000;12
145218;40530;987;6000;40
145224;40532;789;6000;18
145225;40532;57;67000;26
145230;40534;495;57000;29
145231;40534;495;57000;29
145232;40534;107;130000;34
145233;40534;654;63000;6
145236;40536;414;2000;36
145237;40536;770;6000;11
145238;40536;689;35000;2
145239;40536;689;35000;2
145244;40538;1065;62000;21
145250;40540;102;70000;10
145251;40540;887;60000;25
145260;40544;455;15000;29
145261;40544;748;33000;15
145262;40544;455;15000;29
145263;40544;748;33000;15
145287;40551;530;9000;13
145288;40551;530;9000;13
145297;40554;9;80000;36
145298;40554;1080;111000;30
145299;40554;1080;111000;30
145300;40555;271;6000;38
145347;40567;390;12000;14
145363;40572;1046;22000;12
145365;40575;31;43000;32
145366;40575;1047;22000;28
145371;40577;232;20000;37
145413;40589;577;5000;22
145414;40589;577;5000;22
145426;40592;1006;152000;42
145432;40595;72;35000;26
145433;40595;13;85000;8
145434;40595;72;35000;26
145435;40595;13;85000;8
145436;40595;320;4000;36
145437;40595;886;22000;24
145438;40596;207;6000;42
145439;40596;24;72000;27
145488;40605;575;7000;38
145489;40605;373;19000;27
145490;40605;322;4000;34
145551;40620;1083;57000;23
145552;40621;598;152000;16
145553;40621;598;152000;16
145554;40621;395;4000;32
145559;40624;877;40000;18
145560;40624;277;24000;13
145561;40624;1;110000;5
145562;40624;624;12000;25
145565;40626;469;8000;6
145566;40626;1013;18000;11
145567;40626;313;2000;38
145584;40629;472;12000;31
145585;40629;952;98000;12
145586;40629;333;2000;7
145598;40633;165;48000;36
145599;40633;165;48000;36
145621;40640;928;14000;15
145622;40640;928;14000;15
145637;40644;1061;10000;42
145652;40648;252;5000;13
145653;40648;252;5000;13
145779;40680;932;15000;1
145780;40680;1137;148000;42
145781;40680;1137;148000;42
145782;40680;573;25000;18
145800;40686;34;125000;23
145801;40686;117;109000;42
145805;40688;38;200000;19
145806;40688;38;200000;19
145813;40691;421;2000;27
145814;40692;173;131000;32
145870;40707;256;8000;22
145885;40710;1030;20000;10
145886;40710;1030;20000;10
145887;40710;1020;36000;7
145888;40711;153;54000;6
145895;40714;320;4000;7
145905;40718;306;2000;39
145906;40718;746;41000;13
145907;40718;306;2000;39
145908;40718;746;41000;13
145909;40718;1045;20000;7
145910;40718;470;8000;6
145946;40728;265;6000;24
145947;40728;199;13000;9
145948;40728;199;13000;9
145949;40728;1096;67000;29
145950;40728;853;6000;11
145958;40731;910;28000;38
146013;40746;89;83000;35
146014;40746;433;10000;15
146015;40746;663;55000;16
146016;40746;795;4000;6
146039;40754;152;63000;18
146040;40754;152;63000;18
146041;40754;740;38000;8
146042;40754;189;3000;14
146047;40756;252;5000;12
146048;40756;252;5000;12
146051;40758;727;37000;3
146070;40763;336;8000;16
146099;40776;700;51000;21
146125;40785;898;32000;40
146126;40785;898;32000;40
146127;40785;816;7000;12
146146;40791;827;3000;11
146147;40791;51;75000;6
146231;40813;263;7000;19
146232;40813;111;75000;36
146272;40825;790;6000;34
146273;40825;605;29000;20
146274;40825;955;48000;22
146275;40825;930;10000;31
146280;40827;1115;25000;11
146281;40827;583;10000;19
146327;40840;941;28000;25
146328;40841;829;7000;13
146342;40845;326;4000;10
146384;40855;956;27000;5
146385;40855;229;6000;36
146412;40863;1029;7000;23
146413;40863;1029;7000;23
146436;40870;123;147000;39
146447;40872;598;152000;9
146448;40872;598;152000;9
146449;40872;1104;24000;22
146480;40880;558;28000;8
146481;40880;690;20000;3
146482;40880;558;28000;8
146483;40880;690;20000;3
146494;40884;1110;36000;4
146495;40884;1110;36000;4
146496;40884;262;7000;1
146497;40884;843;6000;21
146498;40885;933;20000;32
146499;40885;221;62000;19
146500;40885;73;45000;38
146501;40885;221;62000;19
146502;40885;73;45000;38
146503;40885;796;4000;15
146504;40885;115;130000;3
146515;40890;348;3000;16
146554;40901;792;9000;9
146555;40901;590;305000;11
146556;40901;1111;49000;28
146557;40901;737;33000;5
146558;40901;652;41000;28
146559;40902;1001;19000;12
146560;40902;124;141000;21
146565;40904;982;37000;17
146619;40922;895;16000;35
146620;40922;895;16000;35
146623;40924;449;9000;30
146624;40924;680;22000;14
146625;40924;496;57000;22
146650;40931;837;5000;14
146678;40937;271;6000;19
146679;40937;916;20000;36
146680;40937;432;12000;20
146697;40941;34;125000;39
146698;40941;534;12000;20
146699;40941;534;12000;20
146700;40941;3;85000;2
146715;40944;185;3000;39
146740;40950;14;99000;26
146741;40950;566;11000;26
146755;40955;1083;57000;36
146756;40955;1083;57000;36
146757;40955;372;5000;23
146762;40957;638;92000;33
146763;40957;377;7000;34
146764;40957;1065;62000;21
146765;40957;1129;19000;7
146766;40958;975;17000;17
146767;40958;9;80000;37
146768;40959;409;3000;16
146769;40959;1139;8000;42
146788;40964;344;4000;25
146789;40964;344;4000;25
146808;40970;962;37000;15
146901;40994;479;15000;2
146902;40995;529;10000;16
146903;40995;1143;35000;22
146904;40995;1143;35000;22
146905;40995;797;4000;22
146946;41008;744;8000;2
146947;41008;624;12000;22
146948;41008;225;16000;13
146960;41012;971;10000;9
146961;41012;27;72000;15
146962;41012;1002;19000;24
146963;41012;1083;57000;5
146964;41012;27;72000;15
146965;41012;1002;19000;24
146966;41012;1083;57000;5
146967;41012;387;9000;11
147034;41029;360;2000;8
147035;41030;4;85000;33
147036;41030;201;26000;23
147037;41030;201;26000;23
147038;41030;476;13000;38
147039;41030;262;7000;13
147069;41039;166;71000;2
147070;41039;166;71000;2
147071;41039;274;23000;14
147072;41039;1090;45000;25
147073;41039;68;45000;27
147074;41040;8;100000;38
147075;41040;66;2000;27
147116;41051;9;80000;30
147121;41053;975;17000;29
147122;41053;981;54000;2
147167;41067;956;27000;1
147168;41067;574;12000;28
147199;41074;1145;40000;32
147200;41074;1145;40000;32
147201;41074;123;147000;41
147202;41075;639;130000;37
147229;41082;455;15000;26
147242;41086;398;3000;42
147243;41086;621;11000;24
147244;41086;621;11000;24
147245;41086;131;132000;5
147260;41091;49;99000;31
147261;41091;48;99000;2
147262;41091;49;99000;31
147263;41091;48;99000;2
147264;41091;680;22000;9
147265;41091;1136;107000;41
147266;41091;343;4000;37
147267;41091;303;2000;22
147356;41117;768;5000;18
147357;41117;768;5000;18
147365;41120;80;99000;4
147366;41120;530;9000;13
147402;41134;149;63000;42
147403;41134;149;63000;42
147404;41135;1088;45000;30
147405;41136;69;45000;41
147406;41136;69;45000;41
147414;41139;205;9000;15
147427;41143;1125;53000;24
147484;41160;84;44000;3
147532;41171;10;90000;17
147533;41171;416;2000;16
147543;41174;517;27000;15
147544;41174;517;27000;15
147545;41174;20;60000;33
147559;41178;10;90000;14
147586;41187;634;72000;11
147587;41187;834;5000;3
147588;41187;240;6000;33
147610;41194;1068;41000;39
147612;41197;932;15000;1
147660;41211;55;80000;39
147664;41213;887;60000;28
147665;41213;887;60000;28
147698;41222;597;165000;9
147699;41222;779;13000;42
147736;41231;1122;28000;19
147737;41231;1122;28000;19
147738;41231;124;141000;11
147739;41231;299;4000;31
147774;41243;715;110000;37
147775;41243;1039;11000;35
147776;41243;533;14000;11
147777;41243;454;15000;20
147784;41245;548;34000;2
147785;41245;410;3000;2
147865;41268;503;19000;31
147866;41268;503;19000;31
147874;41271;578;22000;31
147900;41281;13;85000;41
147901;41281;304;2000;11
147902;41281;645;39000;15
147903;41281;1133;20000;7
147920;41286;160;61000;37
147921;41286;160;61000;37
147922;41286;747;22000;32
147954;41296;1111;49000;35
147955;41296;182;13000;12
148008;41310;117;109000;19
148009;41312;460;9000;7
148010;41312;460;9000;7
148011;41312;368;8000;41
148047;41323;497;57000;2
148048;41323;976;28000;39
148049;41323;1009;20000;3
148146;41347;606;41000;10
148147;41348;44;99000;19
148148;41348;563;23000;9
148149;41348;754;4000;28
148150;41348;563;23000;9
148151;41348;754;4000;28
148152;41348;886;22000;29
148159;41350;621;11000;30
148160;41350;1138;20000;15
148161;41350;29;43000;27
148162;41350;642;72000;30
148169;41354;281;22000;1
148170;41354;580;11000;19
148192;41359;148;54000;31
148193;41359;362;25000;27
148194;41359;757;17000;5
148195;41359;827;3000;11
148196;41359;908;26000;27
148197;41359;164;38000;14
148206;41362;343;4000;15
148207;41362;343;4000;15
148214;41364;42;99000;28
148215;41364;608;18000;36
148216;41364;351;3000;28
148217;41364;490;14000;23
148218;41364;429;2000;26
148219;41364;52;60000;26
148220;41364;6;120000;13
148221;41364;393;4000;5
148222;41364;509;28000;30
148236;41367;696;50000;22
148237;41367;870;14000;12
148245;41372;864;17000;3
148246;41372;321;4000;2
148247;41372;757;17000;19
148255;41375;524;11000;20
148256;41375;524;11000;20
148257;41375;398;3000;4
148258;41375;219;24000;39
148259;41376;344;4000;42
148260;41376;344;4000;42
148261;41376;257;4000;40
148279;41380;265;6000;21
148289;41383;244;8000;35
148290;41383;1026;20000;22
148291;41384;701;47000;27
148292;41384;929;17000;26
148293;41384;395;4000;25
148324;41393;567;27000;38
148325;41393;525;35000;20
148416;41415;287;22000;16
148417;41415;559;15000;26
148418;41415;559;15000;26
148419;41415;155;79000;6
148420;41415;218;25000;15
148421;41415;781;5000;21
148423;41417;700;51000;17
148459;41425;832;6000;20
148460;41425;1021;36000;4
148461;41426;303;2000;12
148462;41427;593;139000;39
148463;41427;226;4000;41
148464;41427;226;4000;41
148564;41456;657;87000;4
148676;41485;1030;20000;10
148698;41492;95;105000;27
148699;41492;95;105000;27
148724;41498;856;245000;7
148725;41498;856;245000;7
148726;41498;283;13000;35
148727;41499;73;45000;14
148734;41502;946;11000;7
148785;41513;40;200000;37
148786;41513;40;200000;37
148795;41516;875;13000;40
148796;41516;625;51000;5
148797;41516;39;225000;20
148798;41516;875;13000;40
148799;41516;625;51000;5
148800;41516;39;225000;20
148833;41523;493;6000;36
148834;41523;1122;28000;42
148845;41526;192;12000;22
148846;41526;452;33000;6
148847;41526;248;20000;22
148848;41526;248;20000;22
148849;41526;512;19000;42
148850;41526;520;23000;17
148860;41531;858;19000;19
148861;41531;1038;11000;6
148862;41531;1038;11000;6
148904;41544;318;2000;25
148905;41545;687;30000;34
148906;41545;687;30000;34
148920;41549;785;6000;24
148921;41549;413;3000;28
148924;41551;324;4000;31
148940;41557;741;38000;22
148956;41562;897;32000;3
148957;41562;897;32000;3
148958;41562;618;21000;42
149042;41582;701;47000;40
149043;41582;701;47000;40
149044;41582;722;34000;18
149136;41606;380;7000;33
149165;41612;364;12000;32
149166;41613;173;131000;26
149167;41613;502;19000;35
149171;41615;853;6000;29
149174;41617;1011;47000;13
149194;41624;496;57000;23
149195;41625;629;30000;40
149205;41628;840;4000;29
149206;41628;970;27000;18
149230;41635;199;13000;4
149231;41635;199;13000;4
149243;41641;218;25000;1
149244;41641;474;17000;27
149292;41655;1121;35000;24
149377;41678;358;2000;37
149401;41687;826;4000;13
149410;41690;1079;53000;5
149419;41692;781;5000;25
149420;41692;737;33000;28
149443;41697;768;5000;28
149444;41698;934;46000;22
149445;41698;742;19000;41
149446;41698;764;5000;22
149447;41698;742;19000;41
149448;41698;764;5000;22
149449;41698;127;166000;30
149454;41701;1096;67000;3
149455;41701;727;37000;40
149456;41701;1096;67000;3
149457;41701;727;37000;40
149467;41704;1035;40000;17
149483;41708;151;71000;32
149484;41709;513;8000;18
149485;41709;513;8000;18
149501;41715;750;5000;5
149547;41727;443;14000;41
149548;41727;229;6000;38
149549;41727;1105;8000;14
149550;41727;1105;8000;14
149576;41733;313;2000;28
149577;41733;313;2000;28
149578;41733;1054;36000;25
149588;41736;515;4000;28
149589;41736;134;147000;6
149703;41765;15;89000;15
149704;41765;15;89000;15
149722;41770;865;14000;21
149723;41770;690;20000;14
149755;41779;772;4000;40
149756;41780;308;2000;14
149757;41781;987;6000;28
149758;41782;468;10000;2
149759;41782;657;87000;16
149760;41782;355;2000;27
149761;41782;468;10000;2
149762;41782;657;87000;16
149763;41782;355;2000;27
149764;41782;594;263000;40
149765;41782;622;41000;25
149766;41782;166;71000;11
149786;41787;786;7000;25
149787;41788;13;85000;40
149853;41812;502;19000;23
149854;41812;334;4000;3
149855;41812;778;6000;11
149905;41828;628;56000;20
149937;41837;620;40000;4
149938;41837;1136;107000;10
149969;41844;852;6000;24
149970;41844;435;15000;3
149971;41844;798;6000;35
149972;41844;798;6000;35
149973;41844;722;34000;24
150001;41854;122;148000;17
150002;41854;573;25000;34
150003;41854;122;148000;17
150004;41854;573;25000;34
150005;41854;789;6000;12
150025;41861;548;34000;26
150026;41861;692;5000;10
150035;41864;121;149000;24
150036;41864;909;22000;17
150052;41870;744;8000;29
150062;41873;565;23000;39
150063;41873;565;23000;39
150076;41878;570;15000;13
150077;41878;570;15000;13
150078;41878;375;8000;13
150079;41878;716;185000;27
150103;41884;562;10000;36
150104;41884;263;7000;32
150105;41884;672;75000;19
150127;41891;193;10000;13
150128;41891;193;10000;13
150129;41891;618;21000;38
150130;41891;161;43000;9
150187;41907;873;13000;34
150188;41907;161;43000;28
150189;41907;55;80000;1
150190;41907;409;3000;16
150191;41907;453;22000;2
150198;41909;1107;65000;13
150199;41909;265;6000;39
150200;41909;830;6000;3
150216;41915;685;55000;1
150228;41918;31;43000;30
150229;41918;15;89000;19
150230;41918;15;89000;19
150231;41918;986;27000;8
150249;41923;653;49000;33
150250;41923;653;49000;33
150254;41926;106;75000;37
150260;41928;7;120000;1
150261;41929;44;99000;35
150303;41943;24;72000;13
150304;41943;665;145000;15
150305;41944;885;22000;18
150311;41947;446;13000;36
150312;41947;7;120000;40
150313;41947;1021;36000;42
150319;41949;377;7000;6
150320;41949;377;7000;6
150321;41949;66;2000;42
150375;41964;288;21000;34
150376;41964;612;7000;18
150377;41964;612;7000;18
150416;41973;999;43000;26
150417;41973;255;2000;8
150418;41973;999;43000;26
150419;41973;255;2000;8
150420;41973;16;110000;12
150421;41973;703;108000;12
150422;41975;275;8000;23
150445;41983;398;3000;13
150446;41983;977;15000;8
150447;41983;788;7000;21
150448;41983;788;7000;21
150449;41984;249;9000;31
150450;41984;249;9000;31
150451;41984;236;6000;36
150461;41989;1133;20000;24
150476;41993;443;14000;23
150498;42002;91;70000;18
150499;42002;356;4000;25
150500;42002;120;120000;39
150588;42023;625;51000;8
150589;42023;152;63000;13
150590;42023;51;75000;10
150591;42023;640;92000;25
150609;42031;262;7000;35
150610;42031;262;7000;35
150611;42031;793;5000;18
150622;42036;1122;28000;7
150668;42047;128;132000;16
150754;42067;172;131000;28
150755;42067;172;131000;28
150756;42067;838;5000;38
150757;42067;869;24000;6
150758;42067;446;13000;5
150759;42067;1111;49000;22
150770;42071;327;2000;35
150862;42093;915;19000;2
150872;42098;294;19000;7
150916;42109;52;60000;27
150934;42114;242;7000;34
150935;42114;29;43000;38
150982;42125;498;8000;10
150983;42125;512;19000;31
150984;42125;498;8000;10
150985;42125;512;19000;31
151042;42137;989;15000;29
151056;42141;566;11000;17
151057;42141;386;6000;36
151058;42142;611;20000;20
151059;42143;288;21000;11
151062;42145;101;120000;21
151063;42145;101;120000;21
151064;42145;700;51000;35
151065;42145;611;20000;15
151102;42161;393;4000;6
151167;42179;893;68000;18
151168;42179;893;68000;18
151171;42182;659;59000;23
151172;42182;659;59000;23
151187;42187;375;8000;8
151188;42187;375;8000;8
151189;42187;361;2000;34
151190;42187;523;15000;13
151191;42187;1019;36000;3
151199;42189;345;3000;13
151200;42189;345;3000;13
151219;42197;541;22000;24
151220;42197;119;75000;13
151221;42197;119;75000;13
151235;42203;971;10000;5
151236;42203;1094;99000;25
151237;42203;971;10000;5
151238;42203;1094;99000;25
151239;42203;905;15000;16
151240;42203;106;75000;20
151247;42206;827;3000;17
151248;42206;827;3000;17
151249;42206;838;5000;36
151250;42206;87;44000;13
151251;42206;1075;33000;10
151278;42214;722;34000;24
151290;42219;857;14000;40
151291;42219;857;14000;40
151292;42219;656;59000;42
151293;42220;270;6000;25
151294;42220;419;2000;26
151295;42220;797;4000;40
151327;42228;611;20000;13
151328;42228;612;7000;21
151332;42230;449;9000;23
151342;42233;889;61000;35
151351;42236;208;11000;6
151352;42236;208;11000;6
151353;42236;996;170000;11
151354;42236;618;21000;14
151355;42236;704;94000;14
151356;42236;708;5000;8
151357;42237;859;19000;4
151358;42237;100;139000;31
151359;42237;327;2000;12
151360;42237;874;13000;9
151361;42237;874;13000;9
151362;42237;282;16000;32
151363;42237;427;3000;31
151368;42240;434;7000;34
151369;42240;818;6000;23
151370;42240;434;7000;34
151371;42240;818;6000;23
151372;42240;620;40000;20
151403;42250;15;89000;2
151404;42250;15;89000;2
151405;42250;407;22000;28
151406;42250;819;6000;14
151414;42254;511;18000;15
151415;42254;1026;20000;32
151416;42254;1026;20000;32
151417;42254;494;15000;28
151418;42255;452;33000;26
151419;42256;983;28000;40
151420;42256;983;28000;40
151454;42266;585;365000;39
151460;42269;164;38000;37
151461;42269;550;12000;5
151462;42269;550;12000;5
151463;42269;711;80000;16
151472;42271;79;55000;20
151473;42271;79;55000;20
151474;42271;293;8000;11
151475;42271;650;62000;34
151529;42285;835;5000;40
151530;42285;231;7000;36
151531;42285;835;5000;40
151532;42285;231;7000;36
151533;42285;1044;20000;27
151534;42285;114;130000;1
151557;42290;22;72000;12
151590;42298;954;11000;2
151591;42298;272;9000;5
151600;42301;358;2000;20
151601;42301;358;2000;20
151602;42301;497;57000;19
151617;42307;114;130000;7
151618;42307;1115;25000;28
151619;42307;1115;25000;28
151620;42307;656;59000;9
151621;42307;736;23000;12
151654;42314;991;14000;16
151655;42314;657;87000;3
151676;42319;250;6000;34
151677;42319;1086;21000;8
151678;42319;359;2000;26
151679;42319;919;26000;38
151680;42319;359;2000;26
151681;42319;919;26000;38
151682;42319;16;110000;5
151683;42320;362;25000;19
151684;42320;362;25000;19
151685;42320;690;20000;18
151708;42327;29;43000;4
151709;42327;168;38000;24
151751;42337;786;7000;4
151752;42337;786;7000;4
151858;42364;219;24000;28
151867;42367;355;2000;34
151868;42367;387;9000;35
151869;42367;387;9000;35
151870;42367;764;5000;22
151871;42367;785;6000;14
151891;42376;380;7000;38
151892;42376;793;5000;26
151893;42376;793;5000;26
151944;42390;162;54000;21
151945;42390;559;15000;26
152003;42404;37;125000;34
152004;42404;421;2000;19
152005;42404;572;9000;8
152006;42405;632;130000;16
152064;42416;482;21000;14
152068;42418;175;79000;5
152069;42418;477;16000;24
152070;42418;175;79000;5
152071;42418;477;16000;24
152114;42428;2;100000;36
152122;42432;926;5000;12
152123;42432;926;5000;12
152124;42432;88;43000;24
152125;42432;1138;20000;2
152147;42440;183;3000;19
152148;42440;1032;10000;36
152155;42442;628;56000;24
152156;42443;106;75000;16
152157;42443;379;4000;26
152158;42443;606;41000;29
152159;42443;379;4000;26
152160;42443;606;41000;29
152161;42443;226;4000;33
152162;42443;919;26000;7
152163;42443;922;17000;6
152223;42463;1023;14000;38
152224;42463;1023;14000;38
152237;42467;46;99000;2
152238;42467;17;120000;9
152253;42471;1115;25000;29
152254;42471;912;32000;7
152255;42471;595;57000;31
152256;42472;805;20000;20
152257;42472;805;20000;20
152268;42476;71;45000;36
152278;42480;496;57000;11
152283;42483;301;6000;17
152284;42484;901;100000;20
152288;42486;41;125000;5
152289;42486;1139;8000;29
152306;42490;489;11000;28
152307;42490;489;11000;28
152335;42499;198;13000;9
152413;42521;738;33000;25
152414;42521;867;16000;35
152415;42521;310;12000;16
152438;42529;219;24000;4
152439;42529;18;85000;33
152440;42529;1024;44000;19
152441;42529;612;7000;30
152478;42536;257;4000;35
152479;42536;873;13000;18
152486;42539;779;13000;38
152563;42557;39;225000;20
152564;42557;39;225000;20
152565;42557;851;3000;3
152593;42564;783;6000;6
152594;42564;798;6000;29
152615;42569;575;7000;21
152649;42576;995;63000;8
152650;42576;1065;62000;25
152651;42576;1065;62000;25
152652;42576;1060;18000;6
152674;42583;529;10000;36
152675;42583;857;14000;18
152715;42593;1098;68000;3
152716;42593;1063;13000;40
152730;42599;547;7000;22
152754;42609;790;6000;3
152755;42609;322;4000;19
152756;42609;322;4000;19
152757;42609;847;8000;25
152758;42610;1074;33000;12
152759;42610;1074;33000;12
152773;42615;820;7000;32
152827;42629;147;40000;22
152886;42643;805;20000;21
152904;42647;450;16000;14
152905;42647;570;15000;23
152906;42647;570;15000;23
152936;42658;827;3000;4
152937;42658;26;72000;24
152938;42658;267;6000;32
152952;42663;967;19000;9
152953;42663;820;7000;6
152958;42665;678;43000;16
152959;42665;676;39000;13
152960;42665;479;15000;18
152961;42665;964;19000;2
152962;42666;541;22000;22
152963;42666;637;36000;32
152964;42666;541;22000;22
152965;42666;637;36000;32
152966;42666;798;6000;20
153038;42687;471;17000;4
153064;42697;827;3000;20
153065;42697;453;22000;36
153066;42697;565;23000;35
153083;42704;227;5000;27
153084;42704;1016;36000;21
153120;42714;541;22000;1
153139;42720;1103;9000;7
153140;42720;834;5000;2
153141;42720;201;26000;27
153142;42721;217;14000;2
153143;42721;552;93000;10
153149;42723;241;3000;40
153150;42723;1124;25000;40
153182;42730;125;164000;11
153183;42730;912;32000;26
153187;42732;707;44000;14
153188;42733;522;11000;37
153226;42743;677;39000;1
153227;42743;398;3000;34
153228;42743;394;3000;17
153229;42743;394;3000;17
153230;42743;271;6000;16
153250;42749;515;4000;34
153251;42749;515;4000;34
153252;42749;324;4000;22
153263;42754;204;9000;4
153264;42754;204;9000;4
153265;42755;429;2000;40
153266;42755;384;6000;35
153267;42755;379;4000;41
153268;42755;379;4000;41
153269;42755;865;14000;11
153270;42755;62;105000;41
153292;42763;919;26000;31
153293;42764;616;121000;27
153294;42764;616;121000;27
153367;42781;860;45000;21
153368;42781;860;45000;21
153369;42781;1137;148000;40
153389;42787;675;44000;36
153390;42787;979;24000;36
153391;42787;595;57000;5
153392;42787;202;10000;19
153393;42787;802;3000;14
153394;42788;1008;15000;29
153395;42788;773;4000;38
153405;42791;1013;18000;7
153406;42791;601;20000;15
153416;42795;225;16000;23
153417;42795;225;16000;23
153418;42795;756;5000;15
153430;42798;377;7000;36
153470;42811;852;6000;30
153471;42811;852;6000;30
153472;42811;342;3000;32
153473;42811;363;2000;25
153510;42820;771;6000;36
153511;42820;771;6000;36
153512;42820;194;30000;20
153542;42828;183;3000;41
153543;42828;171;131000;21
153551;42831;1099;51000;26
153552;42831;1099;51000;26
153553;42831;928;14000;33
153586;42838;116;75000;9
153623;42849;925;17000;20
153624;42849;925;17000;20
153646;42856;457;16000;38
153647;42856;93;49000;18
153648;42856;343;4000;15
153649;42856;756;5000;12
153650;42856;466;152000;38
153651;42856;343;4000;15
153652;42856;756;5000;12
153653;42856;466;152000;38
153654;42857;1008;15000;14
153655;42857;318;2000;39
153656;42857;318;2000;39
153657;42857;161;43000;14
153665;42860;897;32000;26
153666;42860;459;13000;18
153729;42875;279;22000;21
153730;42875;793;5000;22
153731;42875;179;10000;23
153735;42877;146;71000;23
153736;42877;146;71000;23
153849;42905;87;44000;4
153850;42905;694;45000;32
153851;42906;925;17000;16
153852;42906;1014;15000;11
153853;42907;752;7000;39
153854;42907;639;130000;11
153855;42907;457;16000;1
153856;42907;239;6000;42
153857;42907;661;69000;18
153876;42911;658;59000;34
153877;42911;658;59000;34
153893;42915;942;17000;15
153894;42915;364;12000;21
153895;42915;360;2000;31
153896;42915;183;3000;28
153897;42915;305;2000;20
153898;42915;305;2000;20
153934;42926;542;10000;11
153969;42935;1024;44000;10
153994;42943;285;32000;8
153995;42943;870;14000;5
154025;42952;55;80000;21
154034;42956;937;11000;27
154035;42956;337;11000;24
154036;42956;352;3000;3
154037;42956;337;11000;24
154038;42956;352;3000;3
154065;42967;28;43000;9
154066;42967;454;15000;21
154075;42971;42;99000;10
154076;42971;87;44000;3
154077;42971;42;99000;10
154078;42971;87;44000;3
154079;42971;157;65000;5
154080;42971;321;4000;31
154088;42974;325;4000;38
154089;42974;171;131000;25
154094;42977;44;99000;23
154095;42977;44;99000;23
154096;42977;1024;4400Г╝8Войв╛╒h╜╣ГLлM▄M█L▌Nм▄нMNнNм▄LлMB▄M█L▌Nм▄нNлNнлллнB▄M█L▌Lм▄нNмл▄нлL█LлN▄M█L▌LNм▄нNм██лMм▄M█L▌█▌м▄▌л█л▌нLллб▄M█L▌█нм▄▌нNLNлMл▄▄M█L▌▌м▄▌м▄Nл▄л▌▄M█L▌▌Nм▄▌нNLNлMл▄▄M█L▌лм▄▌м▄Nл▄л▌▄M█L▌нм▄▌м▄ллллMB▄M█L▌м▄▌млMNлLLм▄M█L▌Nм▄▌лLNмMлл▌B▄M█L▌Lм▄▌лLNмMлл▌B▄M█L▌LNм▄▌м█▌л▄л▄▄M█L▌Lнм▄NлLLммLлм┌▄M█L▌Lм▄LнM█нлNLл▄▄M█L▌LNм▄Lн▌л▄LмB▄M█L▌LNм▄L▌мMмлL▄лл▄M█L▌LLм▄L▌лM█лнл▄▄M█L▌LLNм▄L▌лM█лнл▄▄M█L▌LL▌м▄LнмNNл▄▄лнB▄M█L▌LLнм▄LнмMNмMлл▄┌▄M█L▌LMм▄MNмNNл▄л█б▄M█L▌LMNм▄MNлLлLLLлNB▄M█L▌Mм▄█Nлл█▌млM▄M█L▌MNм▄█Nлл█▌млM▄M█L▌M▌м▄█Nлллнл▄лL┌▄M█L▌Mнм▄█Nл▌M▌ллLлMб▄M█L▌MLнм▄█нлL▌лLл▄лL▄M█L▌N▌м▄мм▄NNл▄LлB▄M█L▌Nнм▄мл▄мнм▄м┌▄M█L▌Nм▄ммммNм▄лл┌▄M█L▌NMм▄м▌м▄LNл▄л▄▄M█Lл▌м▄нLлнл▄м┌▄M█Lлнм▄лLLLNмLлL▄M█Lлм▄нNллл▌▄M█LлNм▄лмNлллмб▄M█LлLм▄нL▄NнLлн▄M█Lлм▄ннлл▄M█LлNм▄м▄NлLлллB▄M█Lл▌м▄лMLNмлLлнB▄M█Lлнм▄лMLNмлLлнB▄M█LлM▌м▄LннMLнл▄м┌▄M█LлMнм▄LннMLнл▄м┌▄M█LлNм▄LнлL▌мллм┌▄M█LлL▄нм▄▌ммлмб▄M█LлLлм▄лн▄нлLллнB▄M█LлLлNм▄лNмм▌лNLлL▄M█Lл▄мNм▄M▌н▄нлLллLB▄M█Lл▄м▌м▄M▌н▄нлLллLB▄M█Lл▄мнм▄M▌ммNмMLлL▄M█Lл█м▌м▄L▌лLL█л█Lлн▄M█Lл█мнм▄L▌ллNл▄л█▄M█Lл█нм▄L▌мM▌м█Lл▄▄M█Lл█нNм▄L▌лLL█л█Lлн▄M█Lл▌м▄L▌ллNл▄л█▄M█Lл▌Nм▄L▌мM▌м█Lл▄▄M█Lл▌▌м▄LнлмлнлNLлLб▄M█Lл▌нм▄LнлнMллллB▄M█Lл▌м▄LнлмлнлNLлLб▄M█Lл▌Nм▄LнлнMллллB▄M█Lл▌▌м▄Lнл▄▌нм▄M█Lл▌нм▄Lнлмл▌мLлм▄M█Lл▌м▄LннMмнлMLлLб▄M█Lлл▄м▄LNмM▄лMLл▌▄M█Lлл▄Nм▄LNм▄▄нлLмм┌▄M█LлмNм▄LлNмнNмMLлл▄M█LлмNNм▄LлNмнNмMLлл▄M█Lлм▄м▄LлNнL▄л▄▄мB▄M█LлмлNм▄Lм▌нLNл▄▄лL┌▄M█Lлнм▄MнNNл▌л▄б▄M█LлнNм▄Mн▌ллл█┌▄M█Lлн▌м▄MнNNл▌л▄б▄M█Lлннм▄Mн▌ллл█┌▄M█Lм▌м▄M▌мммNм▄лL▄M█Lмм▄MM▌млнNмл▄б▄M█LмMнм▄M▄лM▌лLLлб▄M█LмNм▄M▄лM▌лLLлб▄M█LмNNм▄M▄Nмлм▌л▄ллMB▄M█Lм▄м▄M▄Nмлм▌л▄ллMB▄M█Lм▄Nм▄M▄Nм▌NнлLB▄M█Lм▄▌м▄M▄Nл▄нм▄лм┌▄M█Lм█▌м▄M▄нлNMнлL▄лLб▄M█Lм█нм▄M▄нл▌лLлL┌▄M█Lм▌м▄M▄ннмл█б▄M█Lм▌м▄M▌NмлL▌лнлл┌▄M█Lмнм▄M▌NмлL▌лнлл┌▄M█Lмм▄Mлммнл▄▄л█б▄M█LмNм▄Mлмлнмллб▄M█Lм▌м▄Mлмлнмллб▄M█LмLм▌м▄Nл█нмл▄лнB▄M█LмM▄нм▄NLNлLLMNл█Lмб▄M█LмNNм▄NNNнMMнл█ллMб▄M█LмNNNм▄NNNлNлллмB▄M█Lм▄м▄NNNлNлллмB▄M█Lм▄нм▄L▌м▄Lнл▄B▄M█Lм▄м▄L▌нL▄ннLлNB▄M█Lм▄Nм▄L▌млNNлл█LлB▄M█Lм▄Lм▄L▌млNNлл█LлB▄M█Lм▄LNм▄L▌м█▌лML▄лм┌▄M█Lм▄L▌м▄L▌нM▌л█Lм┌▄M█Lм▄Lнм▄L▌л█нмл▄ллB▄M█Lм█▄Nм▄LMмнLнмLлM┌▄M█Lм█▄▌м▄LMлн▌м▄мB▄M█Lм█▄нм▄LMлн▌м▄мB▄M█Lм██м▄LMNнмлLлл█б▄M█Lм██Nм▄LMNм█▄▌м▄ллB▄M█Lм▌Nм▄L█▌м▌LNмLм▄M█Lм▌NNм▄L█▌м█лллNB▄M█Lмлм▄L█▌м█лллNB▄M█Lмлнм▄L▌Nнмл▄▄M█Lмлм▄L▌Nмм▄нлLLллб▄M█LмлNм▄L▌NмнNм▄лNB▄M█LмлLм▄Lллмл▌мLлмB▄M█LмлLNм▄LлNм█нLLл█┌▄M█LмлL▌м▄LлNм▄█NмLLм┌▄M█LмлLнм▄LлNлMнлMLлл▄M█LммNм▄Lлнм▄лмб▄M█LммлNм▄LнлLлл▄лнB▄M█Lммл▌м▄LнлLлл▄лнB▄M█Lммлнм▄LннNMм▄л▄▄M█LммнNм▄LNмNлллн▄M█LмнL▌м▄LLннMNлM▄лLб▄M█LмнLнм▄LMмNлLLлл▄M█LмнMм▄LMмNлLLлл▄M█LмнMNм▄LMмL█NлмLл▄┌▄M█Lнлнм▄L█Nн█нллнB▄M█Lнмм▄L█▌лLLNNлмLмB▄M█LнмNм▄L█▌лLнл█лн▄M█Lнм▌м▄L█▌мLм▌л█лM▄M█LнLMNм▄LнлMMNмнLлL┌▄M█LнMнм▄LL▌мLNл█ллL▄M█LнMм▄LL▌м▌мLлмB▄M█LнMNм▄LL▌м▌мLлмB▄M█LнM▌м▄LL▌ммLнмм┌▄M█LнML▌м▄LMм▄▄NлLLлM┌▄M█LнMLнм▄LMм▄▄NлLLлM┌▄M█M▄Nм▄LLNлLмNлллн▄M█Mм▌м▄LL▄▌нNм▄л█▄M█Mмнм▄LL▄▌нNм▄л█▄M█Mнм▄LL▄▌м▄лLлB▄M█Mм▄LLмNм▌мLлMB▄M█MLM▌м▄LMмMNл▌лM┌▄M█MLMнм▄LMмMNл▌лM┌▄M█MLNм▄LMм▌л▄▄мB▄M█MLNNм▄LMлNM▌лLLм▄M█ML▄м▄LMлL▄нлMллNB▄M█ML▌м▄LMLл█нлNLлмб▄M█ML▌Nм▄LMLмнM▌млMB▄M█MLлм▄LMLл█нлNLлмб▄M█MLлNм▄LMLмнM▌млMB▄M█MLл▌м▄LMLм█нллмB▄M█MLлнм▄LMLNмM▄нл▄ллMB▄M█MMM▌м▄LMMнллнл▄лM┌▄M█MMMнм▄LMNл▄м▌м▄лLб▄M█MMNм▄LMNNл█MNл▄лLб▄M█MMм▌м▄LM█Nннл▄л▄┌▄M█MMмнм▄LM█NмNнLмB▄M█MMнм▄LM█NмNл▄▄нB▄M█MMнNм▄LM█NмNнл▌▄M█MNL▌м▄LM▌Nн█▌мм┌▄M█MNLнм▄LM▌Nн█▌мм┌▄M█MNMм▄LM▌NлLм▌лMLлм▄M█M▄M▌м▄LMммм▌лLллб▄M█M█▌м▄LNнлнLнмм┌▄M█M█мNм▄LNLNнMNлM▄ллб▄M█M█м▌м▄LNLNн▌мLлб▄M█M█мнм▄LNL▌мNлL█Lмб▄M█M█нм▄LNL▌лмLл▄мB▄M█M█нNм▄LNLнм█Mм▄лл█┌▄M█M▌м▄LNLннMLмл█б▄M█M▌Nм▄LNLнлLлнлл▄л▄б▄M█M▌▌м▄LNLнлLлнлл▄л▄б▄M█M▌нм▄LNLнм▌мMLн▄M█MNм▄L▄█NмM▄лMLлNB▄M█M▌м▄L▄█NмM▄лMLлNB▄M█Mнм▄L▄█Nм█NлнLл█▄M█MнNм▄L▄мнMмNлMлмB▄M█Mм▄L▄ммLлL█LлнB▄M█ML▄нм▄L█Mл▌л▄LлL┌▄M█ML█м▄L█MлL▌мллм┌▄M█MLлм▄L█M▌лмллмб▄M█MLлNм▄L█M▌нL▌лLм┌▄M█MLлнм▄L█Nммнл▄▄н▄M█MLмм▄L█NлLMлMLлLB▄M█MLмNм▄L█Nм▄Lнмллм┌▄M█MLм▌м▄L█Nллм▄м┌▄M█MLмнм▄L█Nн█нлM▄лб▄M█MMNм▄L█▄нлM▄м▄LнB▄M█MMNNм▄L█▄нлM▄м▄LнB▄M█MM▄м▄L██лLMлм▄м┌▄M█MNL▌м▄L█лнм▌нNLлMб▄M█MNLнм▄L█лнм▌нNLлMб▄M█MNMм▄L█мнMнмм▄M█MNMNм▄L█мнMлMлл▄┌▄M█MNM▌м▄L█мNмM▌мMлл█┌▄M█M▄LNм▄L▌▌ммл▌мллб▄M█M▄L▌м▄L▌▌ммл▌мллб▄M█M▄Lнм▄L▌▌мMMм▄мB▄M█M▄мм▄L▌Lл█▌мл▄ллб▄M█M▄мNм▄L▌LлL▄▌лMлMб▄M█M█нм▄L▌MлLнл▄м┌▄M█M█м▄L▌MлNMнлL▄лMB▄M█M█Nм▄L▌MлNMнлL▄лMB▄M█M█Lм▄L▌MнNм▄лNB▄M█M█Mнм▄L▌NNлN▌лLллL▄M█M█Nм▄L▌NNлN▌лLллL▄M█M█мм▄LлNмNNлм█Lлн▄M█M█мNм▄LлNлнNмлм▄M█M█м▌м▄LлNнLMлNLллB▄M█M█мнм▄LлNлнNмлм▄M█M█нм▄LлNнLMлNLллB▄M█M█нNм▄LлNнML▌нNлMб▄M█M▌м▄LлNммM▌мLл█▄M█Mлм▄LлL▌нMнNл█лм▄M█MлNм▄LлL▌млMлLLм┌▄M█MлMм▄LлMNм▄▄NлLLм┌▄M█MлMNм▄LлMNмм▄▌лLLлN▄M█MлM▌м▄LлMNм▄▄NлLLм┌▄M█MлMнм▄LлMNмм▄▌лLLлN▄M█MлNм▄LлMNмNлL▄лмB▄M█Mл▄Nм▄LлMнмлMнл▄лл▄▄M█MмNм▄Lл█л▌Mнм▄мB▄M█MNм▄Lм▌ллмнлLLллб▄M█MLм▄Lм▌нNлMлLB▄M█MLNм▄Lм▌нNлLлл▌B▄M█ML▌м▄LмнлLлL▄лNB▄M█MLнм▄LмнлLлML▄ллб▄M█M█Nм▄Lм▌лLм▌м▄лл▄B▄M█M█▌м▄Lм▌лLм▌м▄лл▄B▄M█M█нм▄Lм▌нNмллB▄M█M▌м▄LмннMлнлM▄лMB▄M█M▌Nм▄LмннMлнлM▄лMB▄M█Mлм▄LммLNл█лмб▄M█Mлм▄LмNNм▄█лL▄лм┌▄M█MлNм▄LмNNнL█нмLмB▄M█Mл▌м▄LмNNм▄█лL▄лм┌▄M█Mлнм▄LмNNнL█нмLмB▄M█Mмм▄LмNNллм▄лM┌▄M█M▌м▄Lм▄ннM▌л█Lл▄B▄M█MMнм▄Lм█▌нM▌NлMLнB▄M█MNм▄Lм█▌лLл▌лLлN▄M█MNNм▄Lм█нм▄лLнB▄M█MLLNм▄LмлNлNлLLл▄┌▄M█MLL▌м▄LмлNлL▄нлLллб▄M█MLLнм▄LмлNнL▄NнLлб▄M█MLMм▄LмлNнNлLллLB▄M█MLMNм▄LмлNлL▄нлLллб▄M█MLM▌м▄LмлNнL▄NнLлб▄M█MLMнм▄LмлNнNлLллLB▄M█MLNм▄LмлNл▄▌нл▄▄M█MLNNм▄LмлNнMNл▌лMб▄M█ML▄м▄Lмл▌лNNллл▌B▄M█ML▄Nм▄Lмл▌нMмNлMлмB▄M█MLмNм▄LмнлLLNмLLм▄M█MLм▌м▄LмнлммNнл▄B▄M█MLмнм▄LмнлммNнл▄B▄M█MLнм▄LмннLмNм▄лм▄M█ML█Nм▄LнNNл▌MNл▄▄мB▄M█MLлм▄MNлNM▌лLLл█B▄M█MLлNм▄MNм▌NнлLB▄M█MLл▌м▄MNм▌NнлLB▄M█MLм▄MлMNNнлн▄M█MLNм▄MмнLлл▄M█ML▌м▄MNлLLмнлMн▄M█MLнм▄M▌мл▌лL▄лм┌▄M█MLMнм▄MNм▌MмLл▄▄M█MLMNм▄MNNм▄▄▌мLлN▄M█MLM▌м▄MNNм▄лNлл▄M█MLMнм▄MNNм▄▄▌мLлN▄M█MLNм▄MNNм▄лNлл▄M█MLNNм▄MNNлл▄мл▌▄M█MLLL▌м▄M▄нлLлнлMLлл▄M█MLLLнм▄M▄нмLнлNLл▄б▄M█MLLMм▄M▄нмLнлNLл▄б▄M█MLLMNм▄M▄нм▌MнмMлм▄M█MLLM▌м▄M▄нмL▌NлLллб▄M█MLMм▄MлнмлM▌лNLлл▄M█MLMNм▄MлнмлM▌лNLлл▄M█MLM▌м▄MлннмнмLлM┌▄M█MLNNNм▄M▌мLлM▄ллб▄M█ML▄м▄MнмнMнмллб▄M█ML▄Nм▄MнмнMнмллб▄M█ML▄█м▄MLнмLнлM█LлнB▄M█ML▄█Nм▄MLнмLнлM█LлнB▄M█ML▄█▌м▄MLнлNMллнB▄M█ML▄█нм▄MLнм▄нмLл▄▄M█ML▄▌м▄MMлLнLмб▄M█ML▄м▌м▄MMнм▌MнмMлмб▄M█ML▄мнм▄MNллNм▄лл┌▄M█ML▄нм▄MNNмM▄NлMLлмб▄M█ML▄нNм▄MNNмM▄NлMLлмб▄M█ML█м▄MNNл█л▌нLлMб▄M█ML█м▄M▄▌мм█нмLл▌B▄M█ML█Nм▄M▄▌лл█▌млмб▄M█ML█Lм▄M▄▌лл█▌млLB▄M█ML█LNм▄M▄▌м▄лNм▄M█ML█мNм▄MлNлм▄Nл▄ллб▄M█ML█м▌м▄MлNмMнмMллLб▄M█MMм▄MLNнNмлмB▄M█MMNм▄MLNнNмлмB▄M█MM▌м▄MLNмннлNB▄M█MMнм▄MLнл▄▌мл▄м┌▄M█MMм▄MLнл▄▌мл▄м┌▄M█MMNм▄MLнлм█лL▄мB▄M█MM▌м▄MLнм▄ммл▄л█┌▄M█MMнм▄MLнмNллл█┌▄M█MM▄Nм▄MLLNмMлMLл┌▄M█MM▄▌м▄MLLNмMлMLл┌▄M█MM▄нм▄MLL▌лL▌л▄Lл█B▄M█MM█м▄MLL▌л█Mл▄мB▄M█MM█Nм▄MLL▌л█Mл▄мB▄M█MM█▌м▄MLL▌л▌нлLлл▌B▄M█MMнм▄MLNмлLLлмB▄M█MMм▄MLNм█ллмLм▄M█MMNм▄MLNм█ллмLм▄M█MMLм▄MLNм▌л▄Lл▄B▄M█MML▌м▄MLл▌лмлнлNLлL▄M█MMLлнм▄MLнNлNNллм┌▄M█MMLмм▄MLнNлNNллм┌▄M█MMLмNм▄MLнNмMл▌нLлL┌▄M█MMLнNм▄MMNлM▄▌мMлM┌▄M█MMMм▄MMNлM▄▌мMлM┌▄M█MMMNм▄MMNлLL▌NлNLм┌▄M█MMM▌м▄MM▌мNNлм█Lллб▄M█MMMнм▄MM▌мNNлм█Lллб▄M█MMNM▌м▄MMLнлнLнмн▄M█MMNMнм▄MMLнмM▌м█LлLB▄M█MM█▌м▄MM█▌лNNлLмб▄M█MM█нм▄MM█▌ммLнмл▌B▄M█MM█м▄MM█нмMнNмлл▄б▄M█MM█Nм▄MM█нмMнNмлл▄б▄M█MM█Lм▄MM█нлLлNлLл▄лM▄M█MM█▄Nм▄MMл▌лL▌лNLллб▄M█MM█▄▌м▄MMл▌лL▌лNLллб▄M█MM█мм▄MMм▌нNнлмB▄M█MM█мNм▄MMмнм█лллб▄M█MM█м▌м▄MMмнм█лм▄л█▄M█MM█мнм▄MMмнм█лм▄л█▄M█MM█нм▄MMмнлнннLмB▄M█MMл▌м▄MNNмнNм▄н▄M█MMлLNм▄MNнм▄NлLллLб▄M█MMлL▌м▄MNнм▄NлLллLб▄M█MN▌м▄M▄MмMлнл█Lлм┌▄M█MNнм▄M▄Mм▄нмLл█б▄M█MNм▄M▄MлLнлLллLб▄M█MNNм▄M▄MлLнлLллLб▄M█MNMм▄M▄▌NмLNлLллнB▄M█MNMNм▄M▄▌Nм█нллллL▄M█MNM▌м▄M▄▌Nл▌NлNLллб▄M█MNMнм▄M▄▌NммнNлLллNB▄M█MNNм▄M▄▌Nмлнлллм▄M█MNNNм▄M▄▌NлLLнм█Lл█┌▄M█MNLMNм▄M█Nл▄лLLлм┌▄M█MNLM▌м▄M█NнLллLлM▄M█MNL█▌м▄M█л▄мNмллNB▄M█MNL█нм▄M█мL▄NлMLлLб▄M█MNL▌м▄M█л▄мNмллNB▄M█MNL▌Nм▄M█мL▄NлMLлLб▄M█MNLлм▄M█мLNл█ллл┌▄M█MNMнм▄M█L▌м▄▄ммB▄M█MNMм▄M█L▌м▄▄ммB▄M█MNML▌м▄M█MNн█м▄лм▄M█MNMLнм▄M█MNл▄лLLл┌▄M█MNMMм▄M█MNнMMNмнB▄M█MNMMNм▄M█MNн█м▄лм▄M█MNMM▌м▄M█MNл▄лLLл┌▄M█MNMMнм▄M█MNнMMNмнB▄M█MNNL▌м▄M██NмNлM█Lм┌▄M█MNNLнм▄M██NмNлM█Lм┌▄M█MNNMм▄M██▌л▄ллLмб▄M█MNNMNм▄M██▌лLLнлMNLм┌▄M█M▄M▌м▄M▌лLл▌лLл▄┌▄M█M▄▌м▄M▌м▄█лL▄лл┌▄M█M▄нм▄M▌Nм▄ннL▄л█▄M█M▄м▄M▌Nм▄ннL▄л█▄M█M▄Nм▄M▌Nм▄▄мм▄M█M▄LNм▄M▌Mл▄м▄м▄M█M▄L▌м▄M▌Mл▄м▄м▄M█M▄Lнм▄M▌MмлмLлл┌▄M█M▄LL▌м▄M▌M▌нM█NлMлл▄б▄M█M▄L▌Nм▄MлNм▌л▄▄м▄M█M▄Lм▌м▄Mлм██нм▌лL┌▄M█M▄Lмнм▄Mлм██нм▌лL┌▄M█M▄Lнм▄MлNмMNлNлл┌▄M█M▄LнNм▄MлNл█Lм▄нB▄M█M▄MNм▄MлNл▌нл▄▄н▄M█M▄MLм▄MлNл▌нл▄▄н▄M█M▄MлNм▄MлMмL▌лLLн▄M█M▄Mл▌м▄MлMннNLл▄б▄M█M▄NNм▄MлNмLнлLллNB▄M█M▄N▌м▄MлNлннLл▌B▄M█M▄Nнм▄MлNмM▄лMLнB▄M█M▄█лNм▄Mлмнмл▌лL▄лL┌▄M█M▄█л▌м▄Mлмнм█▄м█LмB▄M█M▄▌Mм▄MмнмMMм▄ллб▄M█M▄▌MNм▄Mмнмм▄NлLLлB▄M█M▄▌M▌м▄Mмнмм▄NлLLлB▄M█M▄▌Nм▄MмNлMNнLлL┌▄M█M▄▌NNм▄MмNлM▌мLлллB▄M█M▄лм▄MмNлM▌мLлллB▄M█M▄лNм▄MмNмLNл█лл█▄M█M▄лLNм▄MмNмм▌мLмB▄M█M▄лL▌м▄MмNмм▌мLмB▄M█M▄лLнм▄MмNммNллл█┌▄M█M▄м▌м▄MмMн▌нлмB▄M█M▄мнм▄MмMNм▄LNл▄лMB▄M█M▄мнм▄MмNллM▌л▄л█┌▄M█M▄нL▌м▄MмлNл▌л▄▄лL┌▄M█M▄нM▌м▄MмлнлнLлL▄лB▄M█M▄нMнм▄MмлнлнLлL▄лB▄M█M█▌м▄MнMнлLмнлMLлB▄M█M█нм▄MнMнмM▌нLлм▄M█M█м▄MнMнм▄ммл▄ллB▄M█M█LNм▄MнNNнNмллм▄M█M█L▌м▄MнNNнNмллм▄M█M█Lнм▄MнNNнLNл▄▄лмб▄M█M█LNм▄N▌мMMNлLLлL┌▄M█M█L▌м▄N▌ллм▌нлм▄M█M█L▄м▄NNнMлMллмB▄M█M█LмNм▄NMм▄нмLл▄б▄M█M█Lм▌м▄NMм▄нмLл▄б▄M█M█MLнм▄N▄▌л▌лLлллB▄M█M█MMм▄N▄▌мMнл▄▄нB▄M█M█M▄м▄N█н█нлM▄м┌▄M█M█M▄Nм▄N█н█Nллллб▄M█M█M▄▌м▄N█н█Nллллб▄M█M█M▄нм▄N█ннл▄л█▄M█M█N▌м▄N▌NлLлнлMLл▄▄M█M█▄Nм▄Nнл▄лLLм┌▄M█M█▄мм▄NннL▌млл█┌▄M█M█▄мNм▄NнмMлMLл▄┌▄M█M█▄м▌м▄Nнм█▌млLB▄M█M█▄мнм▄NннLMNлNLлB▄M█M█▄нм▄NнмMлMLл▄┌▄M█M█▄нNм▄Nнм█▌млLB▄M█M██м▄NннLMNлNLлB▄M█M██Nм▄Nнн█м▄лNB▄M█M██▌м▄NннMмнлMLмB▄M█M██LNм▄NнмM▌мMлм┌▄M█M█▌Mм▄NNнNMм▄м▄M█M█▌MNм▄NNлLL▌л▄л▄┌▄M█M█▌M▌м▄NNлLLLNмLлл┌▄M█M█▌Mнм▄NNл▌нлLллMб▄M█M█лм▌м▄N▌Nм█л▄ллн▄M█M█лмнм▄N▌Nм█л▄ллн▄M█M█лнм▄N▌Nл█▄мLл█▄M█M█лнNм▄N▌NмнNм▄лB▄M█M▌Nм▄NMлLMнм▄лLб▄M█M▌Lм▄NMм▄л▌лLллMB▄M█M▌мNм▄NL▌мнLм▄л▄▄M█M▌м▌м▄NL▌мнLм▄л▄▄M█M▌LNм▄NLNлLM▌ммLлMB▄M█M▌M▄Nм▄NL▄▌ммнлM▄лM▄M█M▌M▄▌м▄NL▄▌мLNлNLл█B▄M█M▌M▄нм▄NL▄▌ммнлM▄лM▄M█M▌M█м▄NL▄▌мLNлNLл█B▄M█M▌M█Nм▄NL▄▌л▄▌лLллB▄M█M▌Mмнм▄NL█NмLNл▌л█б▄M█Mл▌м▄NLл▌нM▄нлNLлM┌▄M█Mлнм▄NLл▌нM▄нлNLлM┌▄M█MлL▌м▄NLмнм▌мLм┌▄M█MлLнм▄NLмнм▌мLм┌▄M█Mллнм▄NMMм▄LнмллNB▄M█Mлнм▄NMNм▄▄▌мLл▄B▄M█MлLLм▄NM█▌лL▌лLLLмB▄M█MлLLNм▄NM█▌лмнлL█LлM▄M█MлM█▌м▄NNл▄LNм█лLб▄M█MлM█нм▄NNл▌▌нLлнB▄M█MлM▌м▄NNл▄M▌мNLмB▄M█MлM▌Nм▄NNл▄M▌мNLмB▄M█MлMлм▄NNнMл█ллб▄M█MлMл▌м▄NN▌млнлL▄M█MлMлнм▄NN▌мNнNLлмб▄M█MлMмм▄NN▌м█нLLлмб▄M█MлMмNм▄NN▌м█нLLлмб▄M█MлMм▌м▄NN▌м▄нмLн▄M█MлMмнм▄NN▌м▄█NмLLлл▄M█MлNL▌м▄NNLм▄Nл▄LлNB▄M█MлNLнм▄NNL▌лMммнLн▄M█MлNMм▄NNL▌лMммнLн▄M█Mл▄Lм▄NNM▌лL▌лLл▄лл▄M█Mл▄▄нм▄NNNNл▄млл█┌▄M█Mл▄█м▄NNNNл▄млл█┌▄M█Mл▄лм▄▄NлLLмLLл▌▄M█Mл▄м▌м▄▄нмм▌мLл▄б▄M█Mл█▌м▄▄L▌млNл▌Lлл┌▄M█Mл█мнм▄▄MNнмнмLлL┌▄M█Mл█нм▄▄MNл▄█▌млл┌▄M█MммNм▄▄MNллнлLLл▌B▄M█Mмм▌м▄▄MNмNл▄Lл▌B▄M█Mммнм▄▄M▌нLNл█LмB▄M█Mмнм▄▄M▌ннм▄лMB▄M█MмнNм▄▄M▌нLNл█LмB▄M█Mмм▄▄M▌ннм▄лMB▄M█MмNм▄▄M▌л▌MNл▄▄лнB▄M█Mм▌м▄▄M▌мм█▌мLл█B▄M█Mмнм▄▄MннNлNLл█б▄M█MмлNм▄▄█лLNммLл▄▄M█Mмл▌м▄▄█лLNммLл▄▄M█Mмлнм▄▄█ллнл▄ллB▄M█Mмм▌м▄▄█▌лмMнмлMб▄M█MмNм▄▄▌лLнмMллL▄M█Mм▌м▄▄▌мнмLллB▄M█MмMNм▄▄ммнм┌▄M█MмMNм▄▄м▄Lнл█б▄M█MмMNNм▄▄л▄лнлMлл▌▄M█MмM▄м▄▄л▄лнлMлл▌▄M█MмM▄Nм▄▄нNNмMлLб▄M█MмM▄▌м▄▄мNNNнMллнB▄M█MмM▄нм▄▄лл█млм▄M█MмNNNм▄▄NNнLNлMLлB▄M█Mм▄м▄▄NNлLLNлллMб▄M█Mм▄Nм▄▄NNнMNмLлб▄M█Mм█Lм▄▄LMмMLNл█Lл█┌▄M█Mм█LNм▄▄LMнLнмLл▄▄M█Mм█L▌м▄▄LMнLлLлн▄M█Mм█Lнм▄▄LMлL▄лм▄л▌▄M█Mм█Mм▄▄LMлллнл▄л▄▄M█Mм█Mнм▄▄LM▌лм▌нлмб▄M█Mм█Nм▄▄LM▌л██м▄мB▄M█Mм█NNм▄▄LM▌мннмлл▄▄M█Mм█▄м▄▄LM▌мннмлл▄▄M█Mм█▄Nм▄▄LM▌лL▄лм▄л▄▄M█Mм▌Nм▄▄L▄ннMNмлллB▄M█Mм▌▌м▄▄L▄нлMмNмнLл█▄M█Mм▌нм▄▄L▄нмM▌м█Lл▄B▄M█Mм▌м▄▄L▄нлMмNмнLл█▄M█Mм▌Nм▄▄L▄нмM▌м█Lл▄B▄M█Mмл▌м▄▄Lмм█▄Nм▌Lн▄M█Mмл▌Nм▄▄Lмм█▄Nм▌Lн▄M█Mмллм▄▄LмннNнл▄B▄M█Mмлнм▄▄Lм▌м█NлMLмB▄M█Mммм▄▄LнлMм▌м▌Lл█┌▄M█MммNм▄▄LнлMм▌м▌Lл█┌▄M█Mмм▌м▄▄LнмNнлLн▄M█MммL▌м▄▄MNмлL▌лнлMB▄M█Mн▌м▄▄MM▌мNNлLLлн▄M█MнLNм▄▄MNлнMллмB▄M█Mн█нм▄▄M▄нм▌лNлмб▄M█Mн▌м▄▄M█м▌нлMм┌▄M█Mн▌Nм▄▄M█м▌нлMм┌▄M█MнлNм▄▄Mмнмл▌лмLлл┌▄M█Mнл▌м▄▄Mмнмл▌лмLлл┌▄M█Mнлнм▄▄MмнлнL▌млL┌▄M█MнNм▄▄NнлLMнм▌лл┌▄M█MнNм▄▄Nнм▌лLлллб▄M█MнNNм▄▄NнлLлл▄лнB▄M█MнLм▄▄NннMнлMLлL▄M█MнLNм▄▄NнлLлл▄лнB▄M█MнL▌м▄▄NннMнлMLлL▄M█MнLнм▄▄NнллNм▄лмB▄M█MнL▄нм▄▄NL▌лLMнNLм┌▄M█MнL█м▄▄NL▌лллмLлL▄M█MнL█Nм▄▄NL▌лLMнNLм┌▄M█MнL█▌м▄▄NL▌лллмLлL▄M█MнLнNм▄▄NM▌лLMNлм▄лм┌▄M█MнMм▄▄NM▌л▄лNмлмB▄M█MнMмм▄▄▄▌л█▌м▄ллB▄M█MнMмNм▄▄▄▌лNNлLллмб▄M█MнMм▌м▄▄▄▌лMMнм█LлB▄M█MнMмнм▄▄▄▌лNNлLллмб▄M█MнMнм▄▄▄▌лMMнм█LлB▄M█MнMнNм▄▄▄▌нMнл▌Lлл┌▄M█MнNм▄▄▄▌лмлмл█б▄M█MнNNм▄▄▄▌нLнл▄▄лB▄M█MнN▌м▄▄▄▌нLлLлM▄M█MнNнм▄▄▄▌нлNм▄лмб▄M█MнNм▄▄▄▌лLLнл▄л▄B▄M█MнNL▌м▄▄▄NлLмNлLнLмб▄M█MнNLнм▄▄▄NмLлM▄мB▄M█MнNMм▄▄▄Nм▄нNлLллLб▄M█MнNMNм▄▄▄NлLммLллб▄M█MнNM▌м▄▄▄NлLммLллб▄M█MнNMнм▄▄▄Nл█Nллл▄B▄M█Nл▌м▄▄▄▄NлLLNмлм┌▄M█Nлнм▄▄▄▄NлMNммB▄M█Nмм▄▄▄▄NлMNммB▄M█NмNм▄▄▄▄NлL▄▌л█лNB▄M█Nм▌м▄▄▄▄▌нLNNл█▄л▄▄M█Nмнм▄▄▄▄▌л█NNммB▄M█Nнм▄▄▄▄нлL▄Nлм▄лл┌▄M█NMнм▄▄▄лммл█▄M█NнNм▄▄▄м▌млNмLл▌▄M█Nм▄▄▄м▌млNмLл▌▄M█NNм▄▄▄м▌м▄лLл█▄M█N▌м▄▄▄м▌м█LNмLлMб▄M█NMNм▄▄█л▌Lннмб▄M█NM▌м▄▄█мL▌л▄н▄M█NMнм▄▄█мL▌л▄н▄M█NNм▄▄█лLNммLл▌B▄M█NLмNм▄▄█Nл▌M▌ллLлMб▄M█NM█Nм▄▄█Nм▌NмMLмB▄M█NMл▌м▄▄█▄м▌L▌мLм▄M█NMлнм▄▄█▄м▌L▌мLм▄M█NMмм▄▄█▄м▄нNлLллм┌▄M█NNм▄▄█▄нлLлLLLллB▄M█NNм▄▄██ннмлL▄M█NNNм▄▄██ннL▌мLл▄B▄M█NN▌м▄▄██нмMнмMлм┌▄M█N▄▌Nм▄▄▌нл▄Nл█▄л▌▄M█N▄лм▄▄▌нмMл█▄лM▄M█N▄лNм▄▄▌нм▌MмLлнB▄M█N█лм▄▄▌LнлммNнл█▄M█N█лNм▄▄▌Lнм█нмлл▄б▄M█N█нNм▄▄▌M▌м▌MнмMм▄M█N▌м▄▄▌M▌м▄л▌лLлм┌▄M█Nлнм▄▄ллLLNммLм▄M█NLм▄▄лл▌л▄Lнл▄ллл┌▄M█N▄м▄▄мнмNнLлб▄M█N▄Nм▄▄мнлLMлм▄л▌B▄M█N▄▌м▄▄мнлMNлннB▄M█N▄нм▄▄мнлLнм▄▄лM┌▄M█N█м▄▄мнлLMлм▄л▌B▄M█N█Nм▄▄мнлMNлннB▄M█N█▌м▄▄мнлLнм▄▄лM┌▄M█Nл▌м▄▄мNл█LнлLл┌▄M█NLMNм▄▄м▄▌м▌лL▄л▄┌▄M█NLлNм▄▄м█нлLLNмLLл▄B▄M█NLл▌м▄▄м█нлLLNмLLл▄B▄M█NLлнм▄▄м█нл▄NNл█лNB▄M█NLмм▄▄м█нмл▄▌лмлNB▄M█NMNNм▄▄мл▌лL▄▌л▄ллB▄M█NM▄м▄▄мл▌м██лMл▄B▄M█NMл▌м▄▄мм▌мMм▌ллLм▄M█NMлнм▄▄мм▌мMм▌ллLм▄M█NMмм▄▄мм▌л▄▌Nм▄лб▄M█NNNм▄▄мнNнмNмLмB▄M█NNMнм▄▄нннмм▄M█NNNм▄▄нннмм▄M█NNNNм▄▄нннLMNлNLмB▄M█N█Mм▄▄нMNлM▄нмLм▄M█N█MNм▄▄нMNммммл▄б▄M█N█▄нм▄▄нNнM▌л█LмB▄M█N██м▄▄нNмM▌м█Lмб▄M█N██Nм▄█м█нмллL┌▄M█N██▌м▄█лNMнлL▄ллб▄M█N██нм▄█лNMнлL▄ллб▄M█N█▌м▄█NмML▌нLлм┌▄M█N█нNм▄█NлLлнлMLм┌▄M█NлнNм▄█▄NммлNм▄лн▄M█Nмм▄█▄Nмл▄лл┌▄M█NмNм▄█▄NмнL▌нLллб▄M█Nм▌м▄█▄Nмл▄лл┌▄M█Nмнм▄█▄NмнL▌нLллб▄M█Nмм▄█▄NмLлнлMн▄M█N▌Nм▄█нм▄лLлL┌▄M█Nмм▄█NлллмLлмB▄M█NмNм▄█NмM▌м█Lл▌B▄M█Nм▌м▄█NлллмLлмB▄M█Nмнм▄█NмM▌м█Lл▌B▄M█NLNм▄█нMLмм▄M█NL▌м▄█▄нMлнлM▄л█б▄M█NLнм▄█▄л▄▄нммB▄M█NLм▄█▄л▄▄нммB▄M█NLнм▄█▄▌нннллб▄M█NL▄м▄██Nл▌▌лM▄лмб▄M█NL▄Nм▄██Nл▌▌лM▄лмб▄M█NL▄▌м▄██NннмLлмб▄M█NMм▄█лннлнлллMб▄M█NMNм▄█лннлнлллMб▄M█NMLм▄█лнм█MNм█Lлн▄M█NMLNм▄█лнмL▄▌лLLлLB▄M█NM▌м▄█Nм█л▌ммLм┌▄M█NM▌Nм▄█NмNнNLлMб▄M█NMлм▄█Nл▌▌нLлM┌▄M█NMлNм▄█NнLнл▄▄лмб▄M█NMл▌м▄█▌лм▌лллLB▄M█NMмNм▄█лL█▌л▄ллB▄M█NNм▄█▌нLNл▄▄л▌B▄M█NNNм▄█▌нLNл▄▄л▌B▄M█NLLнм▄█MнлLмлMллL▄M█NLMм▄█Mнмлл▄лMB▄M█NLMNм▄█Mнн▌млм▄M█NLM▌м▄█MнмM▌нLмб▄M█NLMнм▄█MнмM▌Nл▄лл█б▄M█NLMм▄█LNнMMлLLл▌B▄M█NL▄нм▄█Lлл█▌млN▄M█NLLнм▄█LM▌млNмLл█б▄M█NLMм▄█LM▌млNмлллб▄M█NLMNм▄█LM▌млNмлллб▄M█NLM▌м▄█LMнмннмлл▄┌▄M█NLL▄нм▄█L▄нмMммLлн▄M█NL▄LNм▄█MнлмL▌лллL┌▄M█NL█▄Nм▄█MMNлLNл▄м┌▄M█NL█▄▌м▄█MMNл█л▌нLлнB▄M█NL█▄нм▄█MMNлLNл▄м┌▄M█NL██м▄█MMNл█л▌нLлнB▄M█NL▌M▌м▄█M▄нллм▌нлN▄M█NLлLнм▄█M▌лL▌млл▄┌▄M█NLлNNм▄█Mллнм▄мB▄M█NLл▄м▄█Mлмлм▌л▄лмб▄M█NLл▄Nм▄█Mл▌млNмLл┌▄M█NLмм▄█NлLL▌лNLм▄M█NLмNм▄█NлLнл▄лM┌▄M█NLмL▌м▄█N▌лмнмллL▄M█NLмLнм▄█N▌мл▄▄н▄M█NLмMм▄█N▌ннм▄л▌B▄M█NMм▄█▄м▄▌лLLлM┌▄M█NMNм▄█▄м▌Nнл█B▄M█NMLм▄█▄м▄▌лLLлM┌▄M█NMLNм▄█▄м▌Nнл█B▄M█NM▄м▄█▄L▌нлнлLллLб▄M█NM▄Nм▄█▄L▌нлнлLллLб▄M█NM▄▌м▄█▄L▌нNL▌лMмб▄M█NMнм▄█▄M▌ллнл▄лм┌▄M█NMLмNм▄█▄мммNллллMB▄M█NMLм▌м▄█▄мммNллллMB▄M█NMMM▌м▄██NлLмNLм┌▄M█NMMMнм▄██Nм█LнмLнB▄M█NMMNм▄██Nм█LнмLнB▄M█NMMNNм▄██Nм▄█▌млMB▄M█NMM▄м▄██▌мMMм▄л▄┌▄M█NMM▄Nм▄██▌мMMм▄л▄┌▄M█NMM▄▌м▄██▌л▌нлLллл┌▄M█NMM▄нм▄██▌лLM▌лм▄лм┌▄M█NMM▌м▄██м▌Lл▄лл┌▄M█NMNLнм▄██LNмMлнл█LмB▄M█NM▄MNм▄██NNмM▌мMллл▄M█NM▄M▌м▄██▄л█м▄нB▄M█NM▄Nм▄██▄▌мнLм▄л┌▄M█NM▄NNм▄██▄▌мнLм▄л┌▄M█NM█▌Nм▄██лнмлL▌лнлмб▄M█NM█лм▄██млLMNлм▄мB▄M█NM█лNм▄██млм▌нм▄M█NM█л▌м▄██млNннLм┌▄M█NMммNм▄█лмMLлL▄лб▄M█NMмм▌м▄█лллл▌л▄мб▄M█NMммнм▄█лн▌Nл█лL▄M█NMмнм▄█лн▌Nл█лL▄M█NMннм▄█л▌лмNл▄м▄M█NNMм▄█лLNмм▌NмLлл▄M█NNм▌м▄█лNнM█NлMлм▄M█NNLLм▄█мнL█нмLл▄B▄M█NNMNм▄█мNмLNл▌лLб▄M█NNMм▄█мL▌ммлм▄л▄▄M█NNMNм▄█мL▌ммлм▄л▄▄M█NNMLм▄█мL▌нL▌мLлM▄M█NNM▄▌м▄█мNNмннл▄┌▄M█NNM▄нм▄█мNNлL█▌лLлм▄M█NNM█м▄█мNNлL█▌лLлм▄M█NNM█Nм▄█мNNмл▄млLлм▄M█NNN▌м▄█м█▌лLL▄NлмLм▄M█NNNнм▄█м█▌нNл▄лл▄▄M█NNNм▄█м█▌лLL▄NлмLм▄M█NNNNм▄█м█▌нNл▄лл▄▄M█▄нм▄█ннм█нмллм▄M█▄м▄█ннм█нмллм▄M█▄Nм▄█нн▌л▄ллL▄M█▄м▄█н▌мнM▌мл█B▄M█▄Nм▄█н▌мNMл█▄лл▄┌▄M█▄Lм▄█н▌лLмNмл▄▄M█▄LNм▄█н▌л▄NNл█л▌▄M█▄L▌м▄█ннмL▌лLLл▄┌▄M█▄Lнм▄█ннмL▌лLLл▄┌▄M█▄Mнм▄█нNмLлNлLLлл▄M█▄Lм▄█нNммнл▄▄м▄M█▄LNм▄█нNNм▌лLл┌▄M█▄L▄нм▄▌нLмнлLLлM┌▄M█▄L█м▄▌нLмнлLLлM┌▄M█▄L█Nм▄▌ллмл▄лл▄M█▄L█▌м▄▌млмNмLл▄┌▄M█▄M█▌м▄▌M▌мLнл▄▄лMб▄M█▄M█нм▄▌M▌мLнл▄▄лMб▄M█▄M▌м▄▌M▌лмлL█LлN▄M█▄M▌Nм▄▌MнмнNм▄н▄M█▄NNм▄▌▄лмMнмл█┌▄M█▄N▌м▄▌▄л▄Lмм▄M█▄Nнм▄▌▄л▄Lмм▄M█▄Nм▄▌▄лNнLм┌▄M█▄▄нм▄▌м▌лмнлLлL▄M█▄▄нNм▄▌м▌мMмлL▄лMб▄M█▄█м▄▌м▌лмнлLлL▄M█▄█Nм▄▌м▌мMмлL▄лMб▄M█▄█▌м▄▌м▌лL▄лм▄мB▄M█▄█нм▄▌мннLNл▄▄лM┌▄M█▄█м▄▌мннM▌лLLлL┌▄M█▄█Nм▄▌мнмм▌мLн▄M█▄█▌м▄▌мнмм▌мLн▄M█▄█Nм▄▌нNл▌Nмлл┌▄M█▄█Lм▄▌нNмM█▌лLLл▄B▄M█▄█LNм▄▌нNмM█▌лLLл▄B▄M█▄█L▌м▄▌нNм█ллнB▄M█▄█▄м▄▌▌мNлLLм┌▄M█▄█▄Nм▄▌▌мNлLLм┌▄M█▄█▄▌м▄▌нлл█нл▄л▄B▄M█▄█▄нм▄▌лLLмNмLлб▄M█▄██м▄▌мл▌л▄лMб▄M█▄██Nм▄▌лL▌NлLлLллB▄M█▄██▌м▄▌Nм▄лNнL▄л▄▄M█▄██нм▄▌Nм▄лNнL▄л▄▄M█▄█▌м▄▌▌м█м▌лнLлM▄M█▄█▌Nм▄▌▌м█м▌лнLлM▄M█▄█лм▄▌▌мMл▌нLмB▄M█▄█лNм▄▌нлLлLLLлN▄M█▄█л▌м▄▌нмMNлLл▌▄M█▄█лнм▄▌нмMNлLл▌▄M█▄▌NNм▄▌MNлLMNл▄▄м▄M█▄лм▄▌MNлLMNл▄▄м▄M█▄лMNм▄▌▄NмMл▌нLм┌▄M█▄лM▌м▄▌▄Nм▄ннL▄л┌▄M█▄лMнм▄▌▄NмлNлL▄лM┌▄M█▄лNм▄▌▄NмлNлL▄лM┌▄M█▄лNNм▄▌▄▌ммMNммб▄M█▄▌м▄▌мMNл▌лLб▄M█▄Nм▄▌лLнл▄лл┌▄M█▄NNм▄▌м▄▄NлLLлNB▄M█▄▄м▄▌м▄▄NлLLлNB▄M█▄мNм▄▌L▌млMNлLLл█┌▄M█▄м▌м▄▌L▌нL▌лLлM▄M█▄мнм▄▌L▌м▌нNLл▌▄M█▄Nм▄▌MNнLNNл█▄лмб▄M█▄Lм▄▌MNнLNNл█▄лмб▄M█▄LNм▄▌MNммNлнлб▄M█▄NNм▄▌LNммMнлMллLб▄M█▄L█Nм▄▌LNлLNлNLлмB▄M█▄NNм▄▌LнNнNм▄л▌B▄M█▄NNNм▄▌LнNмM▄NлMLлнB▄M█▄▄нм▄▌M▌лммлн▄M█▄▄м▄▌M▌лммлн▄M█▄▄█Nм▄▌M▌нL▌NлMлн▄M█▄▄█▌м▄▌M▌млнмллB▄M█▄▄█нм▄▌M▌млнмллB▄M█▄▄▌м▄▌M▌лннLлL┌▄M█▄▄▌Nм▄▌M▌м▄нмLл▌▄M█▄█м▄▌MNл▄нLлнB▄M█▄█▄Nм▄▌MLнлL█NлM█л█┌▄M█▄▌Lнм▄▌M▄▌нNл▄ллM▄M█▄▌Mм▄▌M▄▌нNл▄ллM▄M█▄▌MNм▄▌M▄▌лL▌NлLлLлLB▄M█▄лNм▄▌M█нллмл▄лM▄M█▄лLм▄▌M█нмMнмMлл▌B▄M█▄лLNм▄▌M█ннLнлMлмB▄M█▄лL▌м▄▌M█нмMнмMлл▌B▄M█▄лLнм▄▌M█ннLнлMлмB▄M█▄лMм▄▌M█нмнNмMLлмB▄M█▄млнм▄▌NлLLL▌мLлLB▄M█▄▄▌м▄▌NMнлMMнм█LмB▄M█▄▄нм▄▌NMнн▄мллл▄M█▄█м▄▌NMнн▄мллл▄M█▄L▌м▄лнлNлLLлB▄M█▄Mнм▄лNлLлLLLл▄б▄M█▄NNм▄лнлLлLLLлM▄M█▄▄м▄лнлLLннLлб▄M█▄▄Nм▄лнлLLннLлб▄M█▄м▌м▄лLлNNлLлнB▄M█▄мнм▄лLNмLлL█Lл▌▄M█▄нм▄лLNл▄▌мл▄нB▄M█▄MNм▄л▌NнNмлM▄M█▄MLм▄л▌NлMM▌м▄л▄▄M█▄LMNм▄лMNннмLлмб▄M█▄Lл▌м▄л▄NлNNNлLлллб▄M█▄Lлнм▄л▄NлL▄нлLллл┌▄M█▄Lмм▄л▄NлL▄нлLллл┌▄M█▄LмNм▄л▄NлLл▌лLлл▄M█▄Lм▌м▄л▄NлLNл▄лNB▄M█▄LLмм▄лмлLNNмLLлM┌▄M█▄LLмNм▄лмлLNNмLLлM┌▄M█▄LMLNм▄лнNлLлML▄лL┌▄M█▄LML▌м▄лнNмLNл█лл▄б▄M█▄LMл▌м▄лмнлмLлNB▄M█▄LMлнм▄ллLл▌лLллб▄M█▄LMмм▄лл█мNнл▄▄M█▄L▄Nм▄лMNл▄MнлMлMB▄M█▄L▄Lм▄лMNмнNLлN▄M█▄L▄LNм▄лMNлLL▄нлмнB▄M█▄L▄L▌м▄лMNмNнLлL▄M█▄L▄Lнм▄лMNмNнLлL▄M█▄L▄Mм▄лMNмM▄NлMLм▄M█▄L▄█м▄лLлL▄нлMлLб▄M█▄L▄█Nм▄лLNмLлNлLLлMб▄M█▄L▄█▌м▄лLNлM▌NлLллл▌▄M█▄L▄█нм▄лLNмLлNлLLлMб▄M█▄L▄▌м▄лLNлM▌NлLллл▌▄M█▄L▌M▌м▄лL▄NмM▌нLллб▄M█▄L▌Mнм▄лL▄NллмнлLLлл┌▄M█▄LлNм▄лL█ннMнлMл▄B▄M█▄LлNNм▄лL█нм█LнмLлм▄M█▄Lл▌Nм▄лLлNнмлNB▄M█▄Lллм▄лLлNл▄нм▄лN▄M█▄LллNм▄лLлNл▄нм▄лN▄M█▄Lн▌м▄лMнмMMм▄м▄M█▄Lннм▄лMнм█NNмNLлл▄M█▄Lнм▄лMнм█NNмNLлл▄M█▄LнNм▄лMнннн▄M█▄Lн▌м▄лMл▄нм▄лM┌▄M█▄Lннм▄лMмMNлLмб▄M█▄M█Nм▄лM▄м█▌мLлLб▄M█▄M▌м▄лM▄▌лLMлMLл▄B▄M█▄M▌Nм▄лM▄▌мMнл▄л█B▄M█▄Mнм▄лM█▌мLлнLл█▄M█▄ML▄▌м▄лNнм▄LNл▄лмB▄M█▄ML▄нм▄лNнлLLлNлNLл█┌▄M█▄ML█м▄лNнм▄LNл▄лмB▄M█▄ML█Nм▄лNнлLLлNлNLл█┌▄M█▄ML█▌м▄лNнмM▄лMLм┌▄M█▄ML█нм▄лNнлL█лMLлMб▄M█▄M▄Lм▄л▄нм▄▌лLLм┌▄M█▄M▄LNм▄л▄нм▄▌лLLм┌▄M█▄M▄L▌м▄л▄ннL▌м▄лб▄M█▄M▄Lнм▄л▄нм▌л▄▄л█▄M█▄M▄NNм▄л▄NлL█млLб▄M█▄M▄▄м▄л▄Nл▄NNл█лмB▄M█▄M▄▄Nм▄л▄Nл█м▄мб▄M█▄M▄▄▌м▄л▄NмммNм▄лLб▄M█▄M▄▄нм▄л▄NмNLNлL█LмB▄M█▄M▄лнм▄л▄Lнлмлмн▄M█▄M▄мм▄л▄Lнл▄▌Nм▄л█B▄M█▄M▄мNм▄л▄Lнмл█▌лL█Lлб▄M█▄M█м▄л▄Mнмнм▄м┌▄M█▄M█мнм▄л▄█NмлNмлмB▄M█▄M█нм▄л▄█NмL▌мLл┌▄M█▄M█нNм▄л▄█NлL▄Nлм▄лм▄M█▄M▌м▄л▄█NлLмллллLб▄M█▄MмL▌м▄л█Lл█нмл▄л▄б▄M█▄MмLнм▄л█Lл█нмл▄л▄б▄M█▄MмMм▄л█LмLлNлLLлL▄M█▄MмNNм▄л█LнннмLл▄▄M█▄Mм▄м▄л█LнмML▌нLлл┌▄M█▄Mм▄Nм▄л█Lнммнм▄л▄B▄M█▄Mмнм▄л█NNлLL▄лмLлN▄M█▄MнNм▄л█▄нмLлллм┌▄M█▄Mн▌м▄л█▄нлLMNмм▄M█▄MнLнм▄л██Nлнм▄л█б▄M█▄MнMм▄л██NмммNм▄л█B▄M█▄MнMNм▄л██NмммNм▄л█B▄M█▄N▌м▄л▌LнлN▌нLлM▄M█▄Nнм▄л▌LнлN▌нLлM▄M█▄Nм▄л▌Lнм▄█▌млл┌▄M█▄NLнм▄л▌MNлNM▌лLLлмб▄M█▄NMм▄л▌MNлNM▌лLLлмб▄M█▄NLнм▄л▌MнмNлLLл█▄M█▄NLм▄л▌MннL█нLл▌▄M█▄NL█м▄лл▌лLNм▌Lн▄M█▄NL█Nм▄лл▌н▌мLлMB▄M█▄NL█▌м▄лл▌лLNм▌Lн▄M█▄NL█нм▄лл▌н▌мLлMB▄M█▄NLмнм▄ллNлL▌мLл▄B▄M█▄NLнм▄ллNлмнлLл█▄M█▄NLнNм▄ллNлL▌мLл▄B▄M█▄NMм▄ллNлмнлLл█▄M█▄NMNм▄ллNмм▌мLлM┌▄M█▄NM▌м▄ллNнMMNмл█┌▄M█▄NMNNм▄ллLNнL▌лMм┌▄M█▄NNм▄ллMнмM█▌лLLлмB▄M█▄NNNм▄ллMнм▄нмLл▄б▄M█▄NN▌м▄ллMнм▄нмLл▄б▄M█▄NNMNм▄лл▄▌ммLNмLлб▄M█▄▄M▌м▄лл▌лLLнNнлMB▄M█▄▄м▄ллнлLMмMлн▄M█▄▄Nм▄ллнлLMмMлн▄M█▄▄M▄▌м▄лм▌NлLM▌ммLм▄M█▄▄M▄нм▄лм▌NнMллл▌B▄M█▄▄M█м▄лм▌NмMлнл█Lлм┌▄M█▄▄NMNм▄лмнNнNмлL▄M█▄▄NM▌м▄лмнNм█л▌ммLлB▄M█▄▄NMнм▄лмнNм█л▌ммLлB▄M█▄▄NNм▄лнмMнмлл┌▄M█▄▄NNNм▄лнмнM▌млLB▄M█▄▄▄м▄лнммнлM▄лмB▄M█▄▄▄Nм▄лнмнM▌млLB▄M█▄▄▄▌м▄лнммнлM▄лмB▄M█▄▄▄нм▄лнммM▌мLл▌B▄M█▄▄▄м▄лнмNLNлL█Lлм▄M█▄▄▄Nм▄лнм▄L▌млм┌▄M█▄▄▄нм▄лннллнл▄лн▄M█▄▄█Nм▄лнLNлLLннLл█▄M█▄▄█▌м▄лнLNлLLннLл█▄M█▄▄█Lм▄лнMнM▌л█Lлн▄M█▄▄█LNм▄лнMнM▌л█Lлн▄M█▄▄█L▌м▄лнMлL▄▌лMл█б▄M█▄▄█Lнм▄лнMл▄▄Nм▄▄лM▄M█▄▄█▄▌м▄лнNн▄▌млмB▄M█▄▄█▄нм▄лнNNлMNлнлL┌▄M█▄▄█лNм▄м▌лLLNNлмLл█▄M█▄▄лм▄мNлл▌л▄м▄M█▄▄лNм▄мNнмл┌▄M█▄▄л▌м▄мNнмл┌▄M█▄▄лMнм▄мLнлмнлL█Lлн▄M█▄▄лNм▄мLнмM█нл█ллMб▄M█▄▄лNNм▄мLнн▌л▄лллB▄M█▄▄л▄м▄мLнмM█нл█ллMб▄M█▄▄л▄Nм▄мLнн▌л▄лллB▄M█▄▄мм▄мNNл▌NмлллB▄M█▄▄мNм▄мNNлLL▌лLллNB▄M█▄▄м▌м▄мNNмNL▌нMLм▄M█▄▄мLNм▄м▄нмл█нлмллб▄M█▄▄мL▌м▄м▄нмл█нлмллб▄M█▄▄мLнм▄м▄ннM▄нлNLмб▄M█▄█Nм▄ммNнLнлMлм┌▄M█▄█Lм▄ммNлLNлNLллB▄M█▄█LNм▄ммNлLNммLлN▄M█▄█L▌м▄ммNлLNлNLллB▄M█▄█Lнм▄ммNлLNммLлN▄M█▄█Mм▄ммNнL▌мллMB▄M█▄█Mнм▄ммнлNMNл█ллMB▄M█▄█▄нм▄ммл▄млLл█┌▄M█▄██м▄мллNм▄лL▄M█▄█лм▄мMNн█нлллN▄M█▄█мнм▄мMннмNмLлмB▄M█▄█LNм▄м▄нLнNл▌мB▄M█▄█L▌м▄м▄мMM▌мLлB▄M█▄█Lнм▄м▄лLлML▄лмB▄M█▄█Mм▄м▄мM▌м█Lл▌▄M█▄█MNм▄м▄лLлML▄лмB▄M█▄█M▌м▄м▄мM▌м█Lл▌▄M█▄█Mнм▄м▄мMнNмлл▌▄M█▄█LNм▄м▄▌лLL█▌ллLл▄▄M█▄█L▌м▄м█NмMнлLлL▄M█▄█Lнм▄м█Nл▄Nл█LлNB▄M█▄█L▄нм▄млNмл▌лLлл┌▄M█▄█L█м▄млNмнлмLлLB▄M█▄█LнNм▄ммнн▄нлMл▌B▄M█▄█Mм▄ммнм█NлнLл▄B▄M█▄█M▄Nм▄мнм▄█▌млмб▄M█▄█▄м▄мLннлNлMл▄▄M█▄█▄Nм▄мLнм▄MнлNLлL┌▄M█▄█▄▌м▄мLнмLNл▌мB▄M█▄█▄▄м▄мMнммMнлMллB▄M█▄█▄▄Nм▄мMнммMнлMллB▄M█▄█▄▄▌м▄мNл▌LннлLB▄M█▄███м▄мLлLLLNмLл▄б▄M█▄███Nм▄мLнNлMлMб▄M█▄███▌м▄мLм▌MмLлMб▄M█▄███нм▄мLнNлMлMб▄M█▄██▌м▄мLм▌MмLлMб▄M█▄██▌Nм▄мLм█нLLлB▄M█▄██лм▄мLммлллнB▄M█▄██л▌м▄мLLмLL▌лNLл█▄M█▄█▌Lнм▄мLM▌лмMнмл▄б▄M█▄█лмнм▄мLмNлл▌NмллB▄M█▄█лнм▄мLмNмлNмлм▄M█▄█мнм▄мLмнлLMлLлм┌▄M█▄█мм▄мLмннNм▄LлMб▄M█▄█мNм▄мLмнлLMлLлм┌▄M█▄█м▌м▄мLмннNм▄LлMб▄M█▄█ммм▄мMNнLлLлL┌▄M█▄█ммNм▄мMNнLлLлL┌▄M█▄█мм▌м▄мMNлLнлLлл▌▄M█▄█ммнм▄мMNмл▄NнLм┌▄M█▄▌MNм▄мMMл▄MNл▄ллLб▄M█▄▌M▌м▄мMMл▄MNл▄ллLб▄M█▄▌Mнм▄мMMлLLлNл▄▄M█▄▌Nм▄мMMNлLлл▄л▄B▄M█▄▌NNм▄мMMNлLлл▄л▄B▄M█▄▌▄м▄мMMNлL█млL┌▄M█▄▌LNм▄мM█ммLнмл▄б▄M█▄▌▄нм▄мM▌лLмNLм▄M█▄▌█м▄мM▌нLLнл▄мб▄M█▄▌мNм▄мMл▌мнмLм▄M█▄▌м▌м▄мMл▌мнмLм▄M█▄▌мнм▄мMл▌лLллM█лNB▄M█▄▌нм▄мMл▌нлнлLллM┌▄M█▄▌нNм▄мMлнм▄нмLл█B▄M█▄▌м▄мMлнм▄нмLл█B▄M█▄▌Lнм▄мMмнлмMнмм▄M█▄▌MNм▄мMнNлLL▄NлмLлL┌▄M█▄▌M▌м▄мMнNм▄M▌лL▄LлLB▄M█▄▌Mнм▄мMнNлмллмб▄M█▄▌Nм▄мMнNм▄M▌лL▄LлLB▄M█▄▌NNм▄мMнNлмллмб▄M█▄▌Lм▄мMнNн█нллл▄▄M█▄▌LM▌м▄мNнмL▌л▄л▌▄M█▄▌NLм▄м▄нлм▄ллб▄M█▄▌NLNм▄м▄нлм▄ллб▄M█▄▌NL▌м▄м▄нMнл▌лмб▄M█▄лNм▄м▄M▌н█лMлмB▄M█▄лLм▄м▄ллMнлMLлL▄M█▄лLNм▄м▄лмлнлллмB▄M█▄лL▌м▄м▄лNммлнлнB▄M█▄лLнм▄м▄лNмLNлNLм┌▄M█▄лLм▄м▄лNм█▌мLлнB▄M█▄лM▄Nм▄м█ннLм▌млн▄M█▄лM▄▌м▄м█нмMMм▄л█B▄M█▄лM▄нм▄м█ннLм▌млн▄M█▄лM█м▄м█нмMMм▄л█B▄M█▄лMлнм▄м█LнлллL┌▄M█▄лMмм▄м█LлLнNмLллм▄M█▄лMмNм▄м█LлLнNмLллм▄M█▄лN▌м▄м█Mлн▌м▄мB▄M█▄л▄л▌м▄м█▌Nм█LнмLлм┌▄M█▄л▄лнм▄м█▌Nл▄▌лLллMб▄M█▄л▄мм▄м█▌NнMNмллM▄M█▄л▄мNм▄м█▌NнмнмлNB▄M█▄л██м▄м█мнмNNл▄▄м▄M█▄л██Nм▄м█мнл█м▌лLLл▄B▄M█▄л██▌м▄м█мннлLлM▄M█▄л█лм▄м█нNмм▄▌лLLлLB▄M█▄л█лNм▄м█нNмлмLLм▄M█▄л█л▌м▄м█нNмлнмл▄┌▄M█▄л▌L▌м▄м▌лм█нмл▌B▄M█▄л▌Mнм▄м▌▌лLлL▄л▄б▄M█▄л▌Nм▄м▌▌лNнLлмб▄M█▄л▌NNм▄м▌▌нMMлLLм▄M█▄лл█нм▄м▌LннMNлM▄нB▄M█▄лл▌м▄м▌LннMNлM▄нB▄M█▄ллл▌м▄м▌MNмл▌мL▄л┌▄M█▄лллнм▄м▌MNм█▌мLл▄B▄M█▄ллмм▄м▌MNнлллB▄M█▄ллмNм▄м▌MNм█▌мLл▄B▄M█▄ллм▌м▄м▌MNнлллB▄M█▄ллмнм▄м▌MNнMмNлMлллб▄M█▄лмлм▄млнммлLB▄M█▄лнMм▄млLмл█NлL█Lл█б▄M█▄лнMNм▄млLмл█NлL█Lл█б▄M█▄лнM▌м▄млLNм█LNмLллб▄M█▄лнMнм▄млLNлL▌Nмлмб▄M█▄лнNм▄млLNлL▌Nмлмб▄M█▄лнNNм▄млLNмнмLлм▄M█▄мL▌м▄мл█▌ммл▌млL┌▄M█▄мNNм▄мл▌нN▌лмлнB▄M█▄м▄м▄мл▌мM▌лLлнB▄M█▄м▄Nм▄мл▌нNм▄лNB▄M█▄мм▌м▄млл▌лм█нмлB▄M█▄ммнм▄млл▌лLLнлм▄л█▄M█▄мнм▄млл▌лм█нмлB▄M█▄мнNм▄млл▌лLLнлм▄л█▄M█▄мм▄млл▌м▄мнлм▄лм▄M█▄мNм▄млл▌мннмлллб▄M█▄мL▌Nм▄мм▌мнлмLлB▄M█▄мLлм▄мм▌мнлмLлB▄M█▄мLлNм▄мм▌н▄NнLлн▄M█▄мLл▌м▄мм▌лмNлллн▄M█▄мLлнм▄мм▌л█▌мл▄лM▄M█▄мLмм▄мм▌л█▌Nм▄лл▄M█▄мMмNм▄ммMNмMNлLллб▄M█▄мMнм▄ммMнмNNл▄л▄▄M█▄мMнNм▄ммMнлL▌лNLл▄B▄M█▄мNм▄ммMннM█NлMллм▄M█▄мNNм▄ммNмнNм▄лB▄M█▄мN▌м▄ммNNл█▌мллB▄M█▄мNнм▄ммNNмл▄м┌▄M█▄м█▄м▄мммNлMLмNл▄B▄M█▄м█▄Nм▄мммNллM▌л▄ллB▄M█▄м█▄▌м▄мммNллM▌л▄ллB▄M█▄м█▄нм▄мммNм▄нмLллб▄M█▄м▌м▄мнм█нлллмб▄M█▄м▌Nм▄мнллMNл▄л█┌▄M█▄ммNм▄мнNмнLNм▄л▌▄M█▄мм▌м▄мнNмллл█▄лнB▄M█▄ммнм▄мнNмнLNм▄л▌▄M█▄ммм▄мнNмллл█▄лнB▄M█▄ммNм▄мнNм▌л▄Lл▄┌▄M█▄мм▌м▄мнNмNнлL█Lл█▄M█▄ммнм▄мнNмннNLл█▄M█▄ммм▄мнNлNлLл█B▄M█▄ммм▌м▄нNмMLNл█LлL┌▄M█▄мннм▄нL▌лL▄NлMLлл┌▄M█▄н▌м▄нNNмLNл▌лм┌▄M█▄нLNм▄н▄NлLм▌млмб▄M█▄нмнм▄нлнNм▄ллб▄M█▄н▌Nм▄ннлLMNлLлмB▄M█▄нлм▄ннLм▌млMб▄M█▄нмNм▄н▌лLлNл█▄лN▄M█▄нм▌м▄н▌нNмлмб▄M█▄нмнм▄н▌лм▄Nл▄л█▄M█▄ннм▄нмнмллнB▄M█▄нм▄нмнмллнB▄M█▄нNм▄нмлM▌лNLлM┌▄M█▄н▌м▄нлMнлMLлл┌▄M█▄ннм▄нл▌л▄▄л█┌▄M█▄нM█▌м▄н▌мL▌м▄лмB▄M█▄нM█нм▄н▌мL▌м▄лмB▄M█▄нNLнм▄нм▌лмNлллM▄M█▄нNMм▄нм▌нMLмлLб▄M█▄нNMNм▄нм▌нMLмлLб▄M█▄нNM▌м▄нмнмM▄▌лLл▄B▄M██Nм▄ннNммлнммб▄M██▌м▄ннNммлнммб▄M██LNм▄нLнлм▌лллл┌▄M██L▌м▄нLнмL▌л▄м▄M██Lнм▄нLнмL▌л▄м▄M██Mнм▄нLMNмL▌л▄м┌▄M██Mм▄нLMNмL▌л▄м┌▄M██MNм▄нLMNл█нмл▄м▄M██Nнм▄нL█нлм▄л▄лNB▄M██Nм▄нL█нлм▄л▄лNB▄M██NNм▄нL▌нMлнлM▄л▌B▄M██N▌м▄нL▌лLMNмл▄б▄M██Nнм▄нL▌NмMлMLл█B▄M██Nм▄нL▌NмMлMLл█B▄M██NNм▄нL▌NлLNллллмб▄M██▄█▌м▄нM▌лLнмMллMB▄M██▄м▌м▄нM▌лLLNммLнB▄M███нм▄нMм█▌млнB▄M███м▄нMм█▌млнB▄M███Nм▄нMлLLLNмLл█┌▄M███▌м▄нMмLнNлL▄л▌▄M███нм▄нMллм▄лMб▄M███м▄нMмлMNлLLл█B▄M██▌Nм▄нMM▌нLMNлNLлмB▄M██▌▌м▄нMM▌нLMNлNLлмB▄M██▌M▌м▄нM▄лLмLлL┌▄M██мNм▄нNлLL▌л▄л█б▄M██м▌м▄нNмм▌мLл█▄M██мнм▄нNммнлLлм┌▄M██мм▄нNмнNNм▄л▌▄M██мNм▄нNммнлLлм┌▄M██мLм▄нNмнNNм▄л▌▄M██мLNм▄нNлLNнLл█┌▄M██ннм▄нNLNлLL▌лNLлм┌▄M██нм▄нNLNлLLмNмLлм┌▄M██нNм▄нNLNлMлNлLлLлл▄M██н▌м▄нNLNлLLмNмLлм┌▄M██ннм▄нNLNлMлNлLлLлл▄M██нM▌м▄нNMNмнм▄м┌▄M██нMнм▄нNMNмMмнмLлM┌▄M██м█NлLNл▄лLб▄M██Nм█NмM▄нл▄ллм▄M██Lм█▌лLннLл█B▄M██LNм█нлL▄▌л█л▌B▄M██L▌м█нмм▌NмLлмб▄M██Lнм█нмL▄▌лLLлL┌▄M██Mм█ннLл▄▄лб▄M██MNм█нNмл█▄M██M▌м█л▌млл█B▄M██Mнм█лM▌лLLлб▄M██Nм█нNмл█▄M██NNм█л▌млл█B▄M██▄м█лM▌лLLлб▄M██▄Nм█л█нNл▄▄ллB▄M███нм█▌м█ллм┌▄M██▌м█▌м█ллм┌▄M██лNм█нLлLмб▄M██л▌м█мм▌мLмб▄M██лнм█нLлLмб▄M██мм█мм▌мLмб▄M██▄нм█MNмMNл▄лн▄M███м█MNмMNл▄лн▄M██лм█Mнлм▄Nл▄м┌▄M██лNм█MнмлNмLлM▄M██л▌м█MннNнл▌л█б▄M██L▄м██Nл█лм▄мB▄M██L▄Nм██NнNмлллб▄M██L▄▌м██Nл█лм▄мB▄M██L▄нм██NнNмлллб▄M██L█м██Nм▄лNлB▄M██L█Nм██Nл▄м▌м▄н▄M██Lл▌м█▌м▌нNLм┌▄M██Lлнм█▌млMлLLн▄M██Lмм█▌млMлLLн▄M██LмNм█▌ммLмLн▄M██Lнм█лмL▄л▄ллB▄M██LнNм█лннлллB▄M██M▄Nм█нмL█лLLл█б▄M██Mм▌м█NмLLлL▄лнB▄M██Mмнм█NмLNлLл█┌▄M██▄нм█LNллмл▄лNB▄M██▄м█LNллмл▄лNB▄M██лLнм█лннM▌лMLл▄б▄M██лMм█лнлнNл▄█LлB▄M██лMNм█лннM▌лMLл▄б▄M██лM▌м█лнлнNл▄█LлB▄M██лMнм█лнмLнлллм▄M██лNм█млMнлMLм▄M██лNNм█млMнлMLм▄M██л▄м█мм██нм▌л▄▄M██мL▌м█нм▄нмLллB▄M██мLнм█нм▄▌NлллN▄M██мMм█нм▄▌NлллN▄M██млнм█LNлLNNлм▄лM▄M██ммм█L▌л█▄NлLлNB▄M██ммNм█L▌млл▄л▄▄M██мм▌м█L▌л█▄NлLлNB▄M██ммнм█L▌млл▄л▄▄M██▄нм█L▌л█▌м▄мB▄M███м█L▌мL▌м▄лнB▄M███Nм█L▌мL▌м▄лнB▄M██L█м█L█Nм█▌NлмллLB▄M██MNм█LлNм█м▌лнLлмB▄M██MLм█Lмлмм▌мLлмб▄M██MLNм█LмNлLMл▄▄лнB▄M██ML▌м█LмNл▄█▌мн▄M██Lм█MNлLнл▄▄л█┌▄M██LNм█MNлLммLлLB▄M██L▌м█MNмNNлм█Lл█б▄M██LLмм█MнNмнм▄л┌▄M██LLмNм█MнNлMNлнмб▄M██LLм▌м█MнNлMNлнмб▄M██LLмнм█MнNнLм▄л█▄M██LLнм█MнNмM▌м█Lлмб▄M██LLнNм█MнNлм▌NнлLB▄M██LM▌Nм█N▌млLLл█┌▄M██LMлм█N▌мNNлLLл▄B▄M██LMмNм█NмL▄▌лLLл┌▄M██L█Mнм█▄LNнLнм▌м┌▄M██L█▄▌м█▄LнмнмLлнB▄M██L▌Mм█▄█мNNлLLл┌▄M██L▌MNм█▄█мNNлLLл┌▄M██L▌M▌м█▄█лM▄м▄Lн▄M██Lл▌м█▄█▌лL▌NмллLB▄M██Lлнм█▄█▌лL▌NмллLB▄M██Lлм█▄█▌ллMнл▄л▄┌▄M██LлNм█▄█▌ммNлллMB▄M██LмнNм██нMнлMлLB▄M██Lнм██NлLLмNмLлL▄M██LнNм██NлL▄лм▄лN▄M██M▄Nм██MNл▌NNмлл┌▄M██M▄▌м██MNммлллнB▄M██Mлм██▌NллммлN▄M██MлNм██▌NлLM▌лм▄лL▄M██Mнм██лнмнMнмлLб▄M██MNNм██нNмM▌Nл▄ллM▄M██MLмNм█▌нмM▌м█LнB▄M██MLм▌м█▌нмMлMм▄M██MLмнм█▌н█м▄л┌▄M██MLнм█▌нLлнLлмб▄M██MMнм█▌L▌мLNлNLлB▄M██MMм█▌L▌мLNлNLлB▄M██MMNм█▌L▌лнм▄лM▄M██MMLм█▌LнмM▌л▄мB▄M██MMLNм█▌LнмM▌л▄мB▄M██MML▌м█▌LннллMллб▄M██MMMNм█▌MNм█▌мLл█▄M██MMNNм█▌Mнл█▌млл█┌▄M██MM▄м█▌NлL▌лLLLлNB▄M██M█▄нм█л█нM▌лмLмB▄M██MлLм█лм▌мнлL▄лM▄M██MлLNм█лм▌м█нLLллB▄M██MлL▌м█лм▌мнлL▄лM▄M██MлLнм█лм▌м█нLLллB▄M██Mл█▌м█ммLNлLл▄┌▄M██Mл█нм█ммNLллLллб▄M██Mл▌м█ммNLллLллб▄M██Mммм█мLNнмлLллл┌▄M██Mн▌м█мLнмнNмMLл▄┌▄M██Mннм█мLннL▌лMл█┌▄M██N█нм█м█лмNл▄н▄M██NNм█м▌м▌M▌мLллб▄M██N▌м█м▌ммлм▄мб▄M██Nнм█м▌нлм▄л▄B▄M██Nм█м▌мMNл▄▄л▌B▄M██NNм█м▌ммлм▄мб▄M██N▌м█м▌нлм▄л▄B▄M██Nнм█м▌мMNл▄▄л▌B▄M██Nм█м▌мMMм▄м▄M██NNм█м▌мLнлNLлMB▄M██NLм█м▌NмLлM▄лмб▄M██NLNм█млNм█L▌мLллB▄M██NL▌м█млNмлнл▌B▄M██NLнм█млNм█L▌мLллB▄M██NMм█млNмлнл▌B▄M██NNм█ннмл▄млLл▄B▄M██NNNм█ннмNL▌нMLлм┌▄M██NLм█нмM▌л▄л▌▄M██NLNм█нлмLл▄лLB▄M██NLLм█нмM▌л▄л▌▄M██NLLNм█нлмLл▄лLB▄M██NLлнм█нM▌л▄▌лLлл▌▄M██NLмм█нM▌нNмл█▄M██NLмNм█нM▌ммLNмLл█▄M██NLм▌м█нM▌мл▌лL▄лн▄M██NLмнм█нMннMмлMлл▄B▄M██NLнм█нNNн▌NмлллB▄M██NLнNм█нNNн▌NмлллB▄M██NMм█нNNнLл▄▄н▄M██▄Mм█M▌мL▌м▄лM┌▄M██▄MNм█Mнм█▄нмMLлLб▄M██▄M▌м█MнлмLл▄лм┌▄M██▄▄нм█лн▌Nмлл█┌▄M██▄█м█лн▌Nмлл█┌▄M██▄█Nм█ллLLNнл▌▄M██▄лNм█лнмл▌лLлMB▄M██▄л▌м█лнмлнлллнB▄M██▄лнм█лнмлнлллнB▄M██▄мм█лнлLNлNLлN▄M██▄L▌м█нM▌NлMLл┌▄M██▄Lнм█мNллл█б▄M██▄Mм█мMлмлл┌▄M██▄MNм█нNNнLлм▄M██▄M▌м█лLнмMлл█┌▄M██▄Mнм█NлL▄Nлм▄лL▄M██▄L▄▌м█ннMлллNB▄M██▄L▄нм█ннMлллNB▄M██▄MLнм█M▌ммнм▄л▄B▄M██▄M▌Nм█▄ннLLл▌лмб▄M██▄Mлм█▄нлLNм▄лNB▄M██▄MлNм██мнNLлMB▄M██▄▄нм█лнлм▄Nл▄н▄M██▄▄м█лнмNнNLлM▄M██▄▄Nм█лнмлл▄лB▄M██▄▄Nм█мNмMLлL▄м▄M██▄▄Lм█мNлNMллл▄б▄M██▄▄LNм█мNмл▄млLм▄M██▄▄L▌м█мNнNNмMмB▄M██▄█лNм█L▌л▌Lннлл┌▄M██▄█л▌м█LннNNл▌лмб▄M██▄█лнм█Lнл█нлNLмб▄M██▄█мм█LнлL█▌л▄л▄B▄M██▄лм█NNмL▌лLLл▄B▄M██▄лMнм█LмMMNлLLл█▄M██▄лNм█LNнNлMн▄M██▄лNNм█LNнNлMн▄M██▄нNм█L▄ннM▄нлNLл▄▄M██▄нLм█L▄ннM▄нлNLл▄▄M██▄нLNм█L▄ннM▌лMLлMб▄M███Lнм█LлNнMлл█лм┌▄M███Mм█Lл▌нMнNл█л▄▄M███нNм█MнLLл▌лL▄M███м▌м█MNллм▄лл▄M███мнм█MLмл▌Nл▌л▌▄M███нм█MLммнмлмB▄M███нNм█MLлл▄мл█┌▄M███Mм█MMNм█нллл┌▄M███MNм█MM▌ллмнлLLм┌▄M███M▌м█MM▌лм▄л▄л▄б▄M███Mнм█MM▌лм▄л▄л▄б▄M███Nм█MM▌мL▌м▄лMб▄M███M▌м█M▌NмLM▌л▌л█▄M███Mнм█M▌NмLM▌л▌л█▄M███Mм█M▌NммL▌мллLB▄M███M▌Nм█MмNлLмлMллB▄M███Mлм█MмNлLмлMллB▄M███▄▌м█NLлLннLл█B▄M███▄▌Nм█NLллNмлл█б▄M████▌м█NMлLмлMлмB▄M████нм█NMлLмлMлмB▄M████м█NMNллLнл▄лмB▄M████Nм█NMNм▄▄NлLLлмб▄M████▌м█NM▌лLлнлMLл▄▄M████нм█NM▌лN▌лLлм▄M████м█NM▌лLлнлMLл▄▄M████Nм█NM▌лN▌лLлм▄M████Lм█NM▌лл▄▌мл▄▄M████LNм█NM▌млL▌лнлм┌▄M████L▌м█NM▌м█NлMLлM┌▄M████лнм█▄▌лнMNмлL┌▄M████мм█▄нмM▄лMLм┌▄M████мNм█▄нмM▄лMLм┌▄M███▌MNм█▄нL█нLлл▄M███▌M▌м█▄нL▌лMм▄M███▌Mнм█▄нL▌лMм▄M███м▄▌м█▄█▌м▄▄нлLммб▄M███м▄нм█▄█▌м▄▄нлLммб▄M███м█м█▄█▌лмNлллл┌▄M██▌Nм██M▌лL▌ммLллб▄M██▌M▄Nм██нн▌мLл█B▄M██▌M▄▌м██нн▌мLл█B▄M██▌M▄нм██ннLнл▄▄лл▄M██▌NMм█▌нлMMNмнLл█┌▄M██лм█▌NлLMNмлн▄M██лNм█▌NнNлNLлB▄M██л▌м█▌NлнннLлмб▄M██л▄м█▌LнмлNNлл█Lл█B▄M██л▄Nм█▌LнмMNлMLл█б▄M██л▄▌м█▌LнмнNLм┌▄M██л▄нм█▌LннLнNл▌лн▄M██л█м█▌LннLнNл▌лн▄M██л█Nм█▌Lнлннм▄ллб▄M██л█нм█▌MNм██NлMLлмб▄M██л▌м█▌MNлLLNммLлб▄M██лмнм█▌Nм▄ммл▄лM┌▄M██лнм█▌Nм▄ммл▄лM┌▄M██лнNм█▌NнL▌NлMлмB▄M██л▄Nм█лNнм▌мLлB▄M██л▄▌м█лннм▌лNLлб▄M██л▄нм█лнм▄мнлм▄л▌B▄M██л█м█лнм▄мнлм▄л▌B▄M██л█Nм█лнлмLNлллMб▄M██лNм█лн▄нлLлл▌B▄M██л▌м█ллLLм▌лLллб▄M██лMм█лL▌лMNмлMB▄M██лNм█лMнNMм▄лNB▄M██лL█▌м█л▄Nм▌L▌мLлNB▄M██лNMм█лнNн▌мLм┌▄M██лNMNм█лнNн▌мLм┌▄M██лNM▌м█лнNнLлнл▄ллB▄M██л▄Lм█млммнмлл▌B▄M██л▄LNм█млLMнлм▄лм▄M██л▄L▌м█мNлLMнм▌лM▄M██л▄Lнм█мNлLMнм▌лM▄M██л▄Mм█мNнNлLллнB▄M██л▄▄Nм█мл██нм▄л█B▄M██л▄▄▌м█мммM▌мLлл▄M██л▄▄нм█мнMLмллб▄M██л▄█м█мл▄NNл█л▌B▄M██л▄л▌м█мLмлNлL▄лB▄M██л▄лнм█мLмнNм▄лн▄M██л█м█мLнлLлL▄лм▄M██л█Nм█мLнлLLнм█лмб▄M██л█▌м█мLнм▄LнлNB▄M██л█NNм█мMнлNM▌лLLл▄┌▄M██л█▄м█мMнл▄█NлM▄м┌▄M██л█▄Nм█мNлLNNлм▄л▄B▄M██л█▄▌м█мNлLNNлм▄л▄B▄M██л█▄нм█мNм█▌Nлмллл┌▄M██л▌L▌м█м█NлмлNнл▄┌▄M██л▌Lнм█м█Nн▌л▄Lм┌▄M██л▌Mм█м█Nлн▌м▄л█б▄M██л▌M▌м█м█ннL▄ннLлL▄M██ллL▌м█млнNL▌лMлM┌▄M██ллLнм█млнNL▌лMлM┌▄M██ллMм█млнNM▌лMлн▄M██лм▌м█нNлMNм▄ллN▄M██лмнм█н▌ннмл▄┌▄M██лмм█н▌лLлнлMLл▄┌▄M██лмL▌м█нмNMл█▄ллмб▄M██лмLнм█нмNMл█▄ллмб▄M██лн▌м█нLNмM▌нLлм┌▄M██лннм█нL▌лмMмLл▌B▄M██лнм█нL▌м▌мMLл█б▄M██лнNм█нL▌нL▄л▄▄л▄┌▄M██лнLм█нL▌мнNмLлл▄M██м█нм█NлLллM█л▄┌▄M██м█Nм█NнLNмллLб▄M██м█▌м█Nм▄NлLлLб▄M██мLмNм█▌нM▌лмLлLB▄M██мLм▌м█▌нM▌лмLлLB▄M██мLмнм█▌нNNNмлл█┌▄M██мLнм█▌мнM▌мн▄M██мLнNм█▌лL▄▌л█л█┌▄M██мMм█▌лMNлнм▄M██мM▄▌м█лннLнNл▌лл▄M██м▄м█нмлMNлLLлL┌▄M██м▄Nм█нмлMNлLLлL┌▄M██м█▄▌м█NнNLNлMл█б▄M██мл▄м█лнмллNл█▄лMB▄M██мл▄Nм█лнлLL█нл▄▄лб▄M██млнNм█ннM█▌лMллн▄M██ммLм█NмлNнлNB▄M██ммLNм█Nм▌нNLл▄▄M██ммNNм█нл█▄NлLмб▄M██ммл▌м█нмNнлL█LлMб▄M██ммлнм█нмNнлL█LлMб▄M██мммм█нм▄MмMLн▄M██мммNм█нлнMNмлмб▄M██ммм▌м█лLM▌лм▄лM┌▄M██мммнм█лLM▌лм▄лM┌▄M██ммнм█мNнNLлB▄M██ммнNм█л█л▌нLлLб▄M██мнм█Nлл▄▌мл▄B▄M██мнLнм█L▌мннм▄л▄▄M██мнMм█L▌лLMлм▄лLб▄M██мнMNм█L▌ммнлLб▄M██н▌м█LNлLннLллб▄M██ннм█LNл▄NNл█м▄M██нм█LNл▌Lннллб▄M██нMNм█LLннMлллм▄M██нM▌м█LLннLLнл▄лL┌▄M██нMнм█LLннMлллм▄M██нNм█LLннLLнл▄лL┌▄M██нNNм█LLнлнNмл▄б▄M██н▄м█LLнмлNнм┌▄M██н▄Nм█LMлM▌мLлллб▄M██нмNм█LNнNNмлл█┌▄M██нм▌м█LNнL▌NлMллLB▄M██нмнм█LNлнNNмLлб▄M██ннм█LNл▌▌нLл▄б▄M██ннNм█LNлнNNмLлб▄M██нм█LNл▌▌нLл▄б▄M██нNм█LNнMллмB▄M██н▌м█LNллнл▄л▄B▄M██нLLм█L▌млMлLLлL▄M██нLLNм█L▌лнMNммB▄M██нLL▌м█L▌лнMNммB▄M██нL█нм█Lм▌нMNл▌лMB▄M██нMNм█MNмNмллм▄M██нM▌м█M▌нL▌мLмB▄M██нMнм█M▌л▄MнлMлнB▄M██нMм█M▌л▄MнлMлнB▄M██нMNм█M▌м█MNм█Lм┌▄M██нM▌м█M▌нM▌NлMLллб▄M██нM▄м█M▌лLннLлмB▄M██нM▄Nм█M▌лLннLлмB▄M██нM▄▌м█M▌лLLм▌лLллLб▄M██нM▄нм█M▌млLлMLлL┌▄M██нM█м█M▌н▄▌л█ллL┌▄M██нN▌м█ML▌лMMнм█Lл▄▄M██нNнм█ML▌мLлMмB▄M██нNLм█MMнNмллн▄M██нNLNм█MMNмл▄▌лмл█б▄M█▌нм█MмнлL█нлM█▄лNB▄M█▌нNм█MмнмлNмлл▄┌▄M█▌м█MмнмLNммLмB▄M█▌Nм█Mмнлммнмллмб▄M█▌▌м█Mмнлммнмллмб▄M█▌нм█Mмннллм┌▄M█▌нм█MнNм▌Nл▄м┌▄M█▌м█MнNлLLNмлл▌B▄M█▌Lм█N▌ммнлM▄л█б▄M█▌LNм█N▌лMнмллB▄M█▌L█Nм█NLмлмнллллM▄M█▌L█▌м█NLмлл▄лм┌▄M█▌L█нм█NLмNмллн▄M█▌L▌м█NLмлл▄лм┌▄M█▌L▌Nм█NLмNмллн▄M█▌Lлм█NLлмнмлN▄M█▌LлNм█NLммнл▄▄л▌▄M█▌Lл▌м█NLмл█лL█Lлн▄M█▌M▄м█LннL▌лMлL▄M█▌Nм█LLNм▌нNLл┌▄M█▌NNм█LL▌н▌мLл▄B▄M█▌N▌м█LL▌н▌мLл▄B▄M█▌▄м▌м█L█Nл▄▄▌л▄лллб▄M█▌▄мнм█L█▌мнм▄м┌▄M█▌▄нм█L█▌л▄▌Nм▄л█B▄M█▌▄нNм█L█▌лLM▌м▄м┌▄M█▌█м█L█▌л▌LннлMB▄M█▌█м▌м█LмNнL█нмLнB▄M█▌█мнм█LмNлмл▌мLл┌▄M█▌█нм█LмNлмл▌мLл┌▄M█▌лL▌м█LнлLMлMLл▄B▄M█▌лLнм█LнлM█▌млLмB▄M█▌лMм█LннмNлLлмб▄M█▌лMNм█LннлNлMмб▄M█▌лM▌м█LннмNлLлмб▄M█▌лMнм█LннлNлMмб▄M█▌л█Nм█LNлLMнлм▄лм▄M█▌л█▌м█LNл▌▌лM▄м▄M█▌лмNм█LMмLл▄лл█▄M█▌мM▌м█L▄л█м▌лLLл█┌▄M█▌ннм█LлмлNмLлнB▄M█▌нм█LллL▌лNLлб▄M█▌нNм█LллмнлL█LлMб▄M█▌н▌м█LлмлNмLлнB▄M█▌ннм█LллL▌лNLлб▄M█▌нм█LллмнлL█LлMб▄M█▌нNм█LлмM▌м█LлL▄M█▌нLм█LлмM█▌лLLл█б▄M█▌нLNм█LлNмLNлLлL▄M█▌нL▌м█LлNмLNлLлL▄M█▌нLнм█LлNм█нмлл┌▄M█▌нMм█Lл▌л██▌м▄лM┌▄M█▌нMNм█Lл▌нNмлмB▄M█▌L▌м█Lм▄▄NлLLл▄б▄M█▌Lнм█LмMMNлLLл█б▄M█▌Mм█L▌млNл▌LлM▄M█▌мNм█LNлM▌NлLллмB▄M█▌м▌м█LLлLL▄NлмLллб▄M█▌мнм█LLм██лMлMб▄M█▌▌м█LL▌мM▌Nл▄лл▌B▄M█▌▄нм█LNлллNмLл█▄M█▌█м█LNлллNмLл█▄M█▌█Nм█LNмMлMLлMB▄M█▌Lм█LLлмлллб▄M█▌LNм█LLнNLNлMл▌B▄M█▌L▌м█LLлM▄м▄LллB▄M█▌LM▌м█LLLNллL▌л▄м▄M█▌LMнм█LLLNнLNлLл▄B▄M█▌LNм█LLLNлLнLм┌▄M█▌LNNм█LLLNлLнLм┌▄M█▌L▄м█LLLNмM▌мMлмб▄M█▌L▄Nм█LLLNлLлNл█▄лл▄M█▌M▄нм█LL█лNлLлNB▄M█▌M█м█LL█л█▄▌млм┌▄M█▌Nм█LL▌лLмNлллл▄б▄M█▌▄Mнм█LMлLнNл█л▌B▄M█▌л▌м█LM▄мнMNмлNB▄M█▌лнм█LM▄мнMNмлNB▄M█▌л▌Nм█LM█NннлллB▄M█▌ллм█LM█NннлллB▄M█▌ллNм█LM█Nл▄Nл█LмB▄M█▌лл▌м█LM█Nм▄█лL▄лLб▄M█▌лмнм█LM█нлLMнлм▄лNB▄M█▌лнм█LM█нллL▌л▄ллб▄M█▌лнNм█LM█нллL▌л▄ллб▄M█▌мMнм█LMл▌л█лм▄лMB▄M█▌мNм█LMл▌мнMNмл▄б▄M█▌мNNм█LMл▌мнMNмл▄б▄M█▌м▄м█LMл▌мMMннм┌▄M█▌м█Nм█LMмнл▄лLLл█б▄M█▌м█▌м█LMмнл▄лLLл█б▄M█▌MMм█L▄ллLNллл▌B▄M█▌L▌м█L█NнLNллмB▄M█▌L▌Nм█L█Nл▄█нмLл┌▄M█▌Lм█L█▄нл▄NнLлнB▄M█▌LNм█L█▄нмNнNLлM┌▄M█▌LLм█L██NлL▌мллLб▄M█▌LLNм█L██NлL▌мллLб▄M█▌LL▌м█L██NмнLнмLлL▄M█▌LLнм█L██▌ллNл▄л▌▄M█▌LMм█L██▌лMMнм█Lлм▄M█▌LMNм█L██▌лMMнм█Lлм▄M█▌LM▌м█L██▌лLLмLLл█▄M█▌LMнм█L██нм▄ннL▄л▄┌▄M█▌LNм█L██нм▄ннL▄л▄┌▄M█▌LLNм█L█лNллLлL▄м┌▄M█▌LLLм█L█лNллLлL▄м┌▄M█▌LLLNм█L█лNл█мNнл█б▄M█▌LLL▌м█L█лNлм▄Nл▄мB▄M█▌LLLнм█L█л▌м▄Nл▄мB▄M█▌LM▄Nм█L▌нмNNлLLл▄▄M█▌LM▄▌м█L▌нм▄Nл▄мB▄M█▌LNMNм█L▌Nл▄Mл▄ллмб▄M█▌L▄м█LлNлNлLLлM▄M█▌L▄▌м█LлнлL▌лML▄лMB▄M█▌L▄нм█LлнлM▄▌мMлL┌▄M█▌L▄Nм█Lл▌н▌л▄лл▌▄M█▌L▄NNм█Lл▌н▌л▄лл▌▄M█▌L▄▄м█Lл▌нNM▌лMллн▄M█▌L█Nм█LлL▌нMнлл▄н▄M█▌L█▌м█LлLнлMнмлLB▄M█▌L█нм█LлLнлMнмлLB▄M█▌L█м█LлLнлLL▌лLллM┌▄M█▌L█Nм█LлLнммнлLлл▄б▄M█▌L█▌м█LлLнмнNLлл┌▄M█▌L█нм█LлLнмMнNмллMб▄M█▌L█▄м█LлM▌м▄лLл▌▄M█▌L█▄Nм█LлM▌м█мнлнLлмB▄M█▌L█▄▌м█LлM▌м█мнлнLлмB▄M█▌L█▄нм█LлM▌мNл▄лMB▄M█▌L█мм█LлNNлLMмMмб▄M█▌L█нNм█Lл▄Nн▄мLмб▄M█▌Lл▌м█Lл█нм█▌Nлмлм┌▄M█▌Lлнм█Lл█ннм▌мLл▄┌▄M█▌LлNм█Lл▌Nлм▄л▄лм▄M█▌Lл▄м█LллнмNл▄LлB▄M█▌Lл▄Nм█LллнлLнл▄мб▄M█▌Lл▄▌м█Lллнллнл▄л▄B▄M█▌Lл▄нм█LллнлнLнмллб▄M█▌Lл█м█LллнлнLнмллб▄M█▌Lл█Nм█LллнммлNм▄м┌▄M█▌Lл█▌м█LллннM▌NлMLм┌▄M█▌M▌м█LмMнл█Nллллб▄M█▌Mнм█LмMнл█Nллллб▄M█▌Mм█LмMнмMNлNлB▄M█▌MмNм█Lм█NмLллл▄┌▄M█▌Mм▌м█Lм█NмMл█▄мB▄M█▌Mмнм█Lм█NнLMлNLл▌▄M█▌Mнм█Lм█NмMл█▄мB▄M█▌MнNм█Lм█NнLMлNLл▌▄M█▌Mм█Lм█NлLLнлMNLлмб▄M█▌MNм█Lм█NлLнлLллл┌▄M█▌MLLнм█LммNннллмB▄M█▌MLMм█LммNл▄█нмLл▄▄M█▌ML█нм█LмнNлNMнлL▄лM┌▄M█▌MMм█Lн▌нлLлN▄M█▌MMNм█Lн▌мLл▄ллл┌▄M█▌MM▌м█Lн▌мLл▄ллл┌▄M█▌MMнм█Lн▌нNMнмлм┌▄M█▌MMм█Lн▌мMNл▄▄мB▄M█▌MM▄Nм█LнLNнMлNлLлL┌▄M█▌MM▄▌м█LнLNлL█мл▄▄M█▌MM▄нм█LнLNлллNмLлB▄M█▌MM█м█LнLNлллNмLлB▄M█▌MM█Nм█LнLNммMNмлм▄M█▌MMнм█LнMNмMнл▄лM┌▄M█▌MNMнм█Mл▄ллLллB▄M█▌MNNм█MмMM▌мLлMб▄M█▌M▄мNм█MLNмлNлL▄л▄▄M█▌M▄м▌м█MLNл▌лLллм┌▄M█▌M█▌м█MLнлмNлллл┌▄M█▌M█лм█M▄м█NNмNLллB▄M█▌M█лNм█M▄м█NNмNLллB▄M█▌M▌Mм█M█нмнмллLB▄M█▌M▌MNм█M█нм▌нNLл▄б▄M█▌M▌M▌м█M█нмнмллLB▄M█▌M▌Mнм█M█нм▌нNLл▄б▄M█▌MлMм█MлннMлNлLлLB▄M█▌MлNNм█MмNм█NлLллB▄M█▌Mл▄м█MмNм█NлLллB▄M█▌Mл▄Nм█MмNмнNм▄л▄B▄M█▌Mл▄▌м█MмNм▄лNлM▄M█▌MллNм█MнNлL▌мLл█б▄M█▌MнNм█MMлLL▌лNLмб▄M█▌Mн▌м█MMнм▄ллB▄M█▌Mннм█MMнм▄ллB▄M█▌Mнм█MMлLMNлLлнB▄M█▌MнNм█MMм█нлллл▌▄M█▌Mн▌м█MMммнмллм▄M█▌N▄▌м█M█н▄мLлM▄M█▌N▄нм█M█л▄MNл▄лм▄M█▌NM▌м█MлNлLLмNмLл█B▄M█▌NMнм█MлNлLLмNмLл█B▄M█▌NNм█MлNлNлLLллб▄M█▌N█нм█MмлннLлNB▄M█▌N▌м█MмлннLлNB▄M█▌N▌Nм█Mмм█L▌мLмB▄M█▌Nлм█Mмм█мнлнLлNB▄M█▌NмNм█MмнмL▌ллллб▄M█▌NLнм█MнлMLнмMлNB▄M█▌NLнм█MLнмм▌NмLн▄M█▌NLнNм█MLнмм▌NмLн▄M█▌NMм█MLнлмнNмлLB▄M█▌NMNм█MLнм▄нмLл┌▄M█▌NMMнм█MNмNLллLмB▄M█▌NMNм█MNмлLNнлMB▄M█▌NMNNм█MNлLлL▄лNB▄M█▌NM▌м█MLнлL█Nм▄▄лб▄M█▌NM▌Nм█MLнммнмлл▄б▄M█▌NMлм█MLнлL█Nм▄▄лб▄M█▌NMлNм█MLнммнмлл▄б▄M█▌NMл▌м█MLнлMнлMLл┌▄M█▌NMлнм█MLнммл▌мм▄M█лNм█MLLл▄▄нмллб▄M█л▌м█MLLмMNлLл▌B▄M█лнм█MLLл▄▄нмллб▄M█лм█MLLмMNлLл▌B▄M█лNм█MLLмM▄▌лLлMб▄M█лLм█MLLнлNм▄лнB▄M█лмнм█ML█нмM▌Nл▄лм▄M█лнм█ML█нмнлмLллб▄M█лнNм█ML█нмNнлLл▌▄M█лм█ML█нмNнлLл▌▄M█лL▄▌м█MLмнлMнNLлмб▄M█лL▄нм█MLмнлL▌лML▄мб▄M█лL█м█MLмнлL▌лML▄мб▄M█лL█Nм█MLмнлм▄Nл▄лмб▄M█лMLм█MMлL▄лL▄лмб▄M█лM▄нм█MMлNлLLл█┌▄M█лMл▌м█MMLNл█м▌лLLм▄M█лMлнм█MMLNл█м▌лLLм▄M█лMмм█MMLNлLмлMллM▄M█лMмNм█MMLNм█▌Nлмлм┌▄M█лMнм█MMMл▌Lннн▄M█лMнNм█MMMнNNNмлллB▄M█лNм█MMMмMMм▄л█┌▄M█лNNм█MMMм▌LNмLллб▄M█лN▌м█MMMNн▄нлMл█▄M█лNнм█MMMNн▄нлMл█▄M█лNм█MMMNмNнлLм▄M█лNнм█MMMнлLL▄▌л▌лл▄M█лNм█MMNнMм▄л▄B▄M█лNNм█MMNнмл┌▄M█лNLм█MMNлLммLм┌▄M█лNLNм█MMNлLLNнмB▄M█лNMм█MM▄мNNNнMллM┌▄M█лNMNм█MM▄лл▄▌млM┌▄M█лNM▌м█MM▄л▄млMм▄M█лNMнм█MM▄мMммLлLб▄M█ллLм█MNLлMLнмMлн▄M█ллLNм█MNLммNлLллмB▄M█ллL▌м█MNLл▄нNм▄мB▄M█ллLнм█MNLмнNмллн▄M█ллMм█MNLNм█нмллMб▄M█лл▄Nм█MNLнммл▌B▄M█лмнNм█M▄LмNMнлM█Lл█б▄M█лнм█M▄LмNMнлM█Lл█б▄M█лнNм█M▄LнNмл▄┌▄M█лн▌м█M▄LмM▌л█лл▄б▄M█лMнм█M▄▄NлLNл▄лL▄M█лNм█M▄▄Nм▄M▌лL▄LлL▄M█лNNм█M▄▄NнLнNл▌л▌▄M█л▄м█M▄▄NмM▌л▄лB▄M█л▄Nм█M▄▄NнLнNл▌л▌▄M█л▄▌м█M▄▄NмM▌л▄лB▄M█л▄нм█M▄▄NмнNм▄л┌▄M█л▄▌м█M▄ллNLнлLл▌B▄M█лL▄Nм█M█Nл█нNл▄▄ллB▄M█лL▄▌м█M█▌ммMммб▄M█лMMNм█M█MNмLNлLлллб▄M█лMM▌м█M█MNлLннLлм▄M█лMMнм█M█MNлLннLлм▄M█лMNм█M█MNмллл█B▄M█лMNNм█M█MNмNNлм█Lл█B▄M█лMмм█M█▄нM▌лмLлL┌▄M█лMмNм█M█▄н▄мLлл┌▄M█лMм▌м█M█▄н▄мLлл┌▄M█лMмнм█M█▄нMMнл█ллN▄M█лMнм█M█▄л▌Nлл▄лL┌▄M█лMнNм█M█▄мM▌лLлн▄M█л▄▄м█M█л▌мNлM█LлMB▄M█л▄█м█M█ммL▄▌лLLмB▄M█л▄█Nм█M█млLLм▌лLлл▄▄M█л█нNм█M▌нлLнмMлм┌▄M█л▌м█M▌нмнNмLлб▄M█л▌Nм█M▌нл▌NлMLлNB▄M█л▌Nм█M▌NмлNмLлм┌▄M█л▌▌м█M▌NмлNмLлм┌▄M█л▌Lнм█M▌мL▌мLлM┌▄M█л▌Mм█M▌мL▌мLлM┌▄M█ллмм█M▌M▌л▄▌лLлM┌▄M█ллмNм█M▌M▌лL█Nм▄▄л▄▄M█лм▌м█Mл▌л█M▌нлLб▄M█лмнм█Mл▌лL▌NлLлLм┌▄M█лмм█Mл▌лL▄нлMм▄M█лм▌м█MллLMлMLм┌▄M█л█▌м█Mл█м▄лннL▄л▄B▄M█л█нм█Mл█мм▌мLлM┌▄M█л▌м█Mл█нMл▌лM▄лNB▄M█л▌Nм█Mл█лL█Nмлл▄B▄M█ллм█Mл█NмMнлM▄л▌▄M█лнм█Mл▌лLMNлм▄лNB▄M█лнNм█Mл▌мнмллл▄M█ллм█MлмннMм▄мб▄M█ллNм█Mлмнл██Nм▄лLб▄M█лл▌м█MлмнммлмLл█б▄M█ллнм█MлмнмL█нлнLлл▄M█лLм█Mмнл█NNмлLб▄M█лLNм█Mмнл█NNмлLб▄M█лLLм█MмнмLнм▄л┌▄M█лLнNм█MмMNл▌лLллб▄M█лMNм█MмNм▄ннLLм▄M█лMLм█MмNм▄ннLLм▄M█лMNNм█Mм▄▌лLLммLл█▄M█лM▄м█Mм▄▌м▌NмMнB▄M█лMлNм█Mм█нмннм▄лMб▄M█лMм▌м█Mмлн▄нлMл█б▄M█лMмнм█Mмлм▄нл▄лллб▄M█лMнм█MмллLL▌лLлл┌▄M█лMнNм█MмлнLл▄▄л▌B▄M█лLнNм█Mннммл▌млл┌▄M█лLL▌м█MнLNл█Mнмлм┌▄M█лLLнм█MнLNм▄ллллLб▄M█лL█▌м█MнMNм▄LнлLб▄M█лL█нм█MнM▌мMNлNмб▄M█лLMLм█NNNмл▌мL▄нB▄M█лL▄█▌м█NнNлмNл▄лB▄M█лL▄█нм█NнNмMLNл█Lм┌▄M█лL█нм█N▌мннм▄M█лL██▌м█NL▌м▌Lнм▄м▄M█лL██нм█NL▌м▌Lнм▄м▄M█лL█м▌м█NMNм█▌Nлмллб▄M█лL▌Lнм█NNNм▄нNлLлм▄M█лLлNм█N▄нл█Lм▄л▄B▄M█лLл▌м█N▄нл▌лLлл▄M█лLлнм█N▄нлLM▌ммLллB▄M█лLлм█N█ллNм▄лM┌▄M█лLлл▌м█NллNNNлLлллB▄M█лLммNм█Nл▌л▄LлMб▄M█лLнLм█Nм▄нNлLллн▄M█лLнLNм█Nм▄нNлLллн▄M█лLнL▌м█NнN▌лмллм▄M█лMNMнм█NMLммммн▄M█лM▄█м█NMNнLNлLлNB▄M█лM▄нNм█NM▄▌лM▄нмLл█▄M█лM█м█NM▄▌лM▄нмLл█▄M█лM█Nм█NM▄▌нLLNл▄л▄B▄M█лM█L▌м█NMлнM█▌лMллLB▄M█лM█Lнм█NMлNлLLмLл█▄M█лMл█Nм█NNLNн▌млмB▄M█лMмм█NNM▌л▌M▌ллLм▄M█лMмNм█NNM▌лNнLл▄б▄M█лMмлм█▄л▄ллLл▄▄M█лMмлNм█▄лLлNлLл▄лнB▄M█лMмл▌м█▄м█LнмLлн▄M█лMмлнм█▄лLлNлLл▄лнB▄M█лMммм█▄м█LнмLлн▄M█лMммNм█▄л▌Mнм▄ллб▄M█лNнм█▄▄▌мм▌NмLмб▄M█лNм█▄▄▌нNNлл▄л▄┌▄M█лNNм█▄▄▌нлнлллм┌▄M█лN▌м█▄▄▌м▌Nнл▌B▄M█лNнм█▄▄▌лL▌мLл▄┌▄M█лNм█▄▄▌нNNлл▄л▄┌▄M█лNNм█▄▄▌нлнлллм┌▄M█лNLм█▄▄▌м▌Nнл▌B▄M█лNLNм█▄▄▌лL▌мLл▄┌▄M█лNL▌м█▄▄▌м█нL▄лн▄M█лNLнм█▄▄▌м▄Nл▌Lл┌▄M█лNMм█▄▄▌м▌нм┌▄M█лNM█нм█▄MнмNNлML▄лM┌▄M█лNM▌м█▄MнлLMлLллL┌▄M█лNM▌Nм█▄NнLллLлMб▄M█лNMлм█▄Nлмнмлллб▄M█лNMлNм█▄NмлL▌лнлB▄M█л▄мнм█▄м▌л█▌м▄лN▄M█л▄нм█▄м▌лMмNмнLлL┌▄M█л▄▌м█▄нNл█▌млм┌▄M█л▄нм█▄нNлMл█лл┌▄M█л▄м█▄нNлMл█лл┌▄M█л▄Nм█▄м▌▌л▄лLB▄M█л▄▌м█▄л▄Nл█Lн▄M█л▄нм█▄л▄Nл█Lн▄M█л▄м█▄лLLLлм▄лл┌▄M█л▄Nм█▄м█NNмNLл█▄M█л▄Mм█▄нмMнл▄лм┌▄M█л▄MNм█▄нмMнл▄лм┌▄M█л▄M▌м█▄мMнмллNB▄M█л▄Mнм█▄мMнмллNB▄M█л▄Nм█▄лл█▌ммB▄M█л▄NNм█▄лLнNлLLлMб▄M█л▄▄м█▄лMмнмнLл▄б▄M█л▄▄Nм█▄ммл▌млM┌▄M█л▄мNм█▄нNMнмллNB▄M█л▄м▌м█▄нMNл▌лл┌▄M█л▄мнм█▄нMNл▌лл┌▄M█л▄нм█▄лмL▌ллллб▄M█л▄нм█▄LлLлл█▄л▌B▄M█л▄м█▄LмLNммLллB▄M█л▄Nм█▄LлLлл█▄л▌B▄M█л▄▌м█▄LмLNммLллB▄M█л▄нм█▄Lм█нллм▄M█л▄м█▄Lм▌лM▄лN▄M█л▄Nм█▄LмнлL▄м┌▄M█л▄Lм█▄LNн█NлллL┌▄M█л▄LNм█▄LNм▄MмMLлLб▄M█л▄L▌м█▄L▌мNMнлM█Lлл┌▄M█л▄Lнм█▄L▌нNм▄Lл█▄M█л▄L▄Nм█▄LNмлLNнлL┌▄M█л▄L▄▌м█▄LNмлLNнлL┌▄M█л▄L█Nм█▄Lнммлм▄M█л▄L█▌м█▄Lнммлм▄M█л▄Lлнм█▄LNмNлL▄л▄▄M█л▄Lмм█▄LNнM▌мллM┌▄M█л▄LмNм█▄LNмNNлML▄л┌▄M█л▄Lм▌м█▄LNнN▌лмллмб▄M█л▄MNм█▄Lнл█LNмLлLB▄M█л▄MNм█▄LLNллл▌л▄лL▄M█л▄MNNм█▄LLNллл▌л▄лL▄M█л▄MнNм█▄LMнлLLнлNлб▄M█л▄NM▌м█▄L▄▌м█Mм▄ллM┌▄M█л▄NMнм█▄L▄▌л█MNл▄лл▄M█л▄NNм█▄L▄▌лмнлL█Lллб▄M█л▄NNNм█▄L▄▌м█Mм▄ллM┌▄M█л▄▄м█▄L▄▌л█MNл▄лл▄M█л▄▄Nм█▄L▄▌лмнлL█Lллб▄M█л▄лNм█▄M▌мLNлLллN▄M█л▄л▌м█▄M▌мLNлLллN▄M█л▄лнм█▄M▌нLнмLл█б▄M█л▄лмNм█▄MLNмMMнннB▄M█л▄лм▌м█▄MLNмMMнннB▄M█л▄лмнм█▄MLNмNNлLлл▄б▄M█л▄лнм█▄MLNлL█NлM█лб▄M█л▄лнNм█▄MLNм▄█NмLLл█┌▄M█л▄м█▌м█▄MMнм▄ннL▄л▄B▄M█л▄ммNм█▄MNNнNмлLB▄M█л█м█▄M█▌нMл█лмB▄M█л█NNм█▄Mлнн▌л▄▄лмб▄M█л█▄м█▄MлннM█▌лMлл▄B▄M█л█▌Nм█▄Mм▌мMмнмLл█┌▄M█л█лм█▄Mм▌мMмнмLл█┌▄M█л█лNм█▄Mм▌нM█лNLл▄B▄M█л█нм█▄NLл▄м▄лб▄M█л█нNм█▄NLл▄м▄лб▄M█л█Lм█▄▄▌м█м▌лнLм┌▄M█л█LNм█▄▄▌м█м▌лнLм┌▄M█л█L▄Nм█▄▄▌млнлLм▄M█л█L█▌м█▄▄ммNлллн▄M█л█MLNм█▄▄MNлLLмNмLл▌B▄M█л█ML▌м█▄▄MNмлл▌мLLл▄▄M█л█Nнм█▄▄▄ннL▄ннLмб▄M█л█Nм█▄▄▄нм█ллмб▄M█л█NNм█▄▄▄нм█ллмб▄M█л█NLм█▄▄▄нлL█лL█▄м┌▄M█л█NL▌м█▄▄█Nл▄▌Nм▄м▄M█л█▄м█▄▄▌л▄MнлMм▄M█л█▄м█▄▄ллNNллл┌▄M█л█▄Nм█▄▄лнNлLллл┌▄M█л█▄▌м█▄▄лнNлLллл┌▄M█л█▄Nм█▄▄лннмNлLллLB▄M█л█▄NNм█▄▄лннмNлLллLB▄M█л██MNм█▄█л█NNмлMб▄M█л██M▌м█▄█ммNлNLллB▄M█л██Mнм█▄█л█NNмлMб▄M█л██Nм█▄█ммNлNLллB▄M█л█▌M▌м█▄█LNлLNлллB▄M█л█л█▌м█▄█NлLLл█м┌▄M█л█л█нм█▄█NлLLл█м┌▄M█л█л▌м█▄█NмM█нл█лм▄M█л█лл▌м█▄█▄нMM▌л█лм┌▄M█л█ллнм█▄█▄лLлMLн▄M█л█лмм█▄█▄мL▄NлMLл█B▄M█л█лмNм█▄█▄мL▄NлMLл█B▄M█л█лм▌м█▄█▄ннNLлм▄M█л█лмнм█▄█▄лL█нл▄лнB▄M█л█м▌м█▄█▄нннм▄ллб▄M█л█мнм█▄█▄нннм▄ллб▄M█л█мLнм█▄██нлLNм▌LлB▄M█л█мMм█▄██нлLNм▌LлB▄M█л▌Nм█▄▌LNмLNлNLл█┌▄M█л▌NNм█▄▌LNл██Nм▄лB▄M█л▌▄м█▄▌LNл██Nм▄лB▄M█л▌▄Nм█▄▌LNнMл▌лM▄лнB▄M█л▌▄▌м█▄▌LNлNNллл▄▄M█л▌▄нм█▄▌L▌лнNлллб▄M█л▌█м█▄▌L▌лLM▌лм▄м┌▄M█л▌Lм█▄▌Nм▄нNлLллл▄M█л▌LNм█▄▌NмNMл█▄ллMB▄M█л▌L▌м█▄▌Nмлм▌л▄лнB▄M█л▌Lнм█▄▌NнMLNнLлL▄M█л▌NNм█▄лNлMNм▄лл▌B▄M█л▌LMNм█▄лнмLLNлNл█▄M█л▌MNм█▄лMнлLлNLм┌▄M█л▌M▌м█▄лMнл▄нм▄лл┌▄M█л▌MMNм█▄л█лMLнмMлN▄M█л▌MM▌м█▄л█лMLнмMлN▄M█л▌Mлм█▄л▌NлLлнлMLлн▄M█л▌MлNм█▄л▌NмMнNмлм▄M█л▌Mл▌м█▄л▌NмNнNLмб▄M█л▌Mнм█▄лл▌лLмлMлн▄M█л▌MнNм█▄лл▌лLмлMлн▄M█л▌Nм█▄лл▌мнм▄л┌▄M█л▌NNм█▄лл▌лLLммLллB▄M█ллNNм█▄м▌н▄NнLл▄B▄M█лл▄нм█▄мNнMLNнLлLB▄M█лл█м█▄мNлNLнлLл▄┌▄M█лл█Nм█▄мNнL▌лLл█▄M█лл█▌м█▄мNлNLнлLл▄┌▄M█лл█нм█▄мNнL▌лLл█▄M█лл▌м█▄мNм▄▄мм┌▄M█лл▌Nм█▄мNлLM▌лMLл▄▄M█ллнм█▄мNлL▌млл█┌▄M█ллм█▄мNнLMNлNLл█┌▄M█ллNм█▄мLнм▌ллмб▄M█лл▄▌м█▄мNмLNл▌лL┌▄M█лл▄нм█▄мNмLNл▌лL┌▄M█лл█м█▄мNмM▌мMлл▄┌▄M█лл█Nм█▄мNлMмNмнLлL▄M█лл█▌м█▄мNл▌MNл▄▄л█▄M█ллNм█▄м█нлL▌ммLмб▄M█ллNNм█▄м█нл█ннLл▄б▄M█ллL█Nм█▄ммNмMнNмлнB▄M█ллL█▌м█▄ммNлL▌млл█▄M█ллL█нм█▄ммNммлнл▄▄M█ллL▌м█▄ммNллнл▄ллB▄M█ллLлнм█▄ммнм█л▄ллLB▄M█ллLмм█▄ммнм█л▄ллLB▄M█ллMNм█▄ннм▌▌л▄л▄▄M█ллMM▌м█▄н▌ллнл▄лб▄M█ллMMнм█▄ннм█ллмб▄M█ллNм█▄нLнлLLLNмLлLб▄M█лл▄M▌м██▌м▌Nл▄лл┌▄M█лл█л▌м██MлLLNмлмB▄M█лл▌M▌м██▄м▄█NмLLл█┌▄M█ллл▌Nм██лмнмлмB▄M█ллмNм██ммLNлLлм┌▄M█ллм▌м██млм█Nл▄л▄б▄M█ллмнм██мNм█лллMб▄M█ллмLм██мнмнNм▄лнB▄M█лмNм██Lнннллл█б▄M█лм▄Nм██MннLлNмлLB▄M█лм▄▌м██MннLлNмлLB▄M█лм▄нм██MнмNNл▄лL┌▄M█лм█м██Mнм▌мMLл█б▄M█лмLнм███л▌л▄Lлн▄M█лмMм███лLLнлм▄нB▄M█лмлNм██лнMNлLLлLB▄M█лмл▌м██лмLLлL▄лB▄M█лмлнм██лмLLлL▄лB▄M█лммм██лмL▌л▄л█б▄M█лммнм██л▌мл▌лL▄л▌▄M█лмнм██л▌мл▌лL▄л▌▄M█лмMнм██NммнлL┌▄M█лмMнм██NнLLл▌лмб▄M█лмMнNм██Nмм▄▌лLLл█▄M█лмNм██NмL▌лллм▄M█лмNLнм██Lнмнм▄л▄б▄M█лмNMм██Lнмнм▄л▄б▄M█лмNMNм██LннLнлMлм▄M█лмNM▌м██LнлL█лL█▄лLB▄M█лмNMнм██LнмLмNлNLл▄B▄M█лм▄▄▌м██LLмM█нл█ллMB▄M█лм█▌м██LNмлNмLлN▄M█лм█нм██LNмлNмLлN▄M█лм█м██LNлмNNл▄м┌▄M█лм█мNм██L█NлLNлллл▄┌▄M█лм█м▌м██L█▌лMлNлLлLлM┌▄M█лм█мнм██L█нлL█▌лLмб▄M█лм█нм██L█ннMNмлMб▄M█лм█нNм██L█нлLмнлLллL┌▄M█лм▌м██L▌ллл▄лNB▄M█лмлнм██LнлLNммLм▄M█лмлм██LнлмNллл▄б▄M█лмлNм██LнлмNллл▄б▄M█лмл▄м██MNллM▌л▄л▄┌▄M█лмл▄Nм██MNмммNм▄л▄▄M█лмл▄▌м██MNм▄нмLлMб▄M█лмл▄нм██MNлL█нлM█▄лнB▄M█лмл█м██MNм▄нмLлMб▄M█лмл█Nм██MNлL█нлM█▄лнB▄M█лмл█▌м██MNммNлLлм▄M█лмл█нм██MNм▄NмнB▄M█лмммм██ML▌лLLMNл█LллB▄M█лмммNм██ML▌мл█▌лL█LлLB▄M█лмнLнм██MM▌лLнмMлмб▄M█лмнMм██MM▌м▄█нмNл█▄M█лмнMNм██MM▌лLнмMлмб▄M█лмнM▌м██MM▌м▄█нмNл█▄M█лмнMнм██MM▌лLнмMллM▄M█лмнNм██MM▌лLNNмLLл▌B▄M█лмнNNм██MMнлM▄Nмлл▄B▄M█лнм██MMнл▌нл▄▄лLB▄M█лнM▌м██M▄▌нлNлMлл▄M█лн█нм██M█▌млL▌лнлнB▄M█лн▌м██M█▌лллмLн▄M█лнMм██Mмл▌LннлNB▄M█лнMNм██Mмннмл▄┌▄M█лнм▌м██N▌нMл█л┌▄M█лнмнм██N▌м▌▌л▄лн▄M█лннм██N▌нMл█л┌▄M█лннNм██N▌м▌▌л▄лн▄M█лнм██N▌мNлM█Lм┌▄M█лнNм██Nнл█M▌нлL┌▄M█лнм██N▌лLMлм▄лNB▄M█лнNм██N▌лLLл▌лNLл▄▄M█лнNм██NLNнNл▄▄л█▄M█лнL█Nм██NNнLмм▄лB▄M█лнL█▌м██NNнNMNм▄лм▄M█лнL█нм██NNмлNнлLб▄M█лнL▌м██NNNмNлM█LлмB▄M█лнL▌Nм██▄лLнLлL┌▄M█лнLлм██▄м▌LNмLлN▄M█лнLм▌м██▄нлLLнл▄л█б▄M█лнMнм██▄ннMмнлMLлL▄M█лнMм██▄ннMмнлMLлL▄M█лнMNм██▄мMнNмллLб▄M█лнMLм██▄мM▌л█ллLB▄M█лнMLNм██▄мм█мLлNB▄M█лнML▌м██▄лNнлллл┌▄M█лнMLнм██▄Nн█нлллM▄M█лнMMм██▄NлLNNмLLлб▄M█лнMлNм██▄Mм▄л▄л█B▄M█лнNLнм██▄NNмM▌м█Lлл▄M█лнNMм██▄NNмM▌м█Lлл▄M█лнNMNм██▄NNлLMнлмLлB▄M█мMнм██▄лNл█ннLлм▄M█мNм██▄лNлLMNмMлл▄B▄M█мNNм██▄лNн▌мLлмб▄M█м▄м██▄лNмL▌NлLл▌▄M█млNм██▄мм█нмлм┌▄M█мл▌м██▄мNмм▌мLл█┌▄M█мм███NмMNлNл┌▄M█мNм███NмNNлLLл█▄M█мLм███NнLл▄▄л▄▄M█мLNм███LNллNм▄лMB▄M█мLLм███LNм█▌лллL▄M█мLLнм███LннMмлмб▄M█мLMм███Lнн▌л▄лн▄M█мL█Nм███M▌л█LNмLл█B▄M█мL█▌м███M▌л█LNмLл█B▄M█мM▌м███▄нллнл▄мB▄M█мMнм███▄ннNMNм▄лл▄▄M█мML▌м████нмNLNлL█Lмб▄M█мMLнм████нлмм▌мLл▌B▄M█м▄нм███нNлллмLм▄M█м▄м███нNмл█лL█LлN▄M█м▄Mм██▌▌л█л▄лMб▄M█м▄MNм██▌▌млMлнB▄M█м▄M▌м██▌▌лм▄Nл▄лл┌▄M█м▄█▌м██▌▌лLLMNл█LлM┌▄M█м█▄нм██лнл▌м▄лLб▄M█м██м██лнLNлMLлнB▄M█м██Nм██лнл▌м▄лLб▄M█м██▌м██лнLNлMLлнB▄M█млMнм██лMлLLлNмB▄M█млNм██лMлLL▌лLлл█▄M█млNNм██лMлLL▌лLлл█▄M█мл▄м██лMнNNлл▄л█┌▄M█мллNм██лNлн▌м▄лLB▄M█млл▌м██лNл▌нлLллB▄M█мллнм██лNл▌нлLллB▄M█млмм██лNлм▌Nнлм┌▄M█млмNм██лNмNлL█Lлн▄M█ммнм██л▄▌мM█Nл▄лл▄б▄M█ммм██л▄▌мнл▄Lлб▄M█ммNм██л▄▌мM█Nл▄лл▄б▄M█мм▌м██л▄▌мнл▄Lлб▄M█ммL▌м██л█лNMлллб▄M█мнMNм██лмнм█NлMLлл┌▄M█м▌Nм██мнлL▌NмллL┌▄M█мNм██мLNм▌NлмLлл┌▄M█м▌м██мLNм▄лNнL▄л█▄M█мнм██мLNм▄лNнL▄л█▄M█м▌м██мLннNл▄лб▄M█мнм██мLннNл▄лб▄M█мL▌м██мMNн▌л▄LлL▄M█мLнм██мMNн▌л▄LлL▄M█мMнм██мNмM▄NлMLл┌▄M█м█м██м▄нLл█▄лм┌▄M█м█Nм██м▄нMNлLLм▄M█м█▌м██м▄мл▄▌лмм┌▄M█м█нм██м▄нMNлLLм▄M█м▌м██м▄мл▄▌лмм┌▄M█мLм██м█нмLл▄лллB▄M█мLNм██м█нмLл▄лллB▄M█мL▌м██м█нм▄ммл▄л┌▄M█мLнм██м█нлNлLLлл┌▄M█м▄нм██нNмнNм▄л█B▄M█м▄м██нNл▄▌нл█▄M█м▄Mм█▌лLLл▌лNLм▄M█м█м█▌Nм▄Nл▌Lл┌▄M█м█Nм█▌Nм▄Nл▌Lл┌▄M█м█LNм█▌L▌м▄лннL▄л█┌▄M█м█L▌м█▌L▌л▄▌Nм▄м▄M█м█Lнм█▌L▌м▄лннL▄л█┌▄M█м█Mм█▌L▌л▄▌Nм▄м▄M█м▌м█▌▄нл█мнл█ллB▄M█м▌Nм█▌▄нлLLLNмLлM▄M█м▌▌м█▌▄нлLLLNмLлM▄M█м▌нм█▌▄нлNнллллб▄M█м▌м█▌▄нлLLнм█ллLб▄M█м▌Nм█▌█▌лLM▌лMLлLB▄M█м▌NNм█▌█▌лмMNл▄л█B▄M█мл█▌м█▌млL▄▌л█лл▄M█мл█нм█▌млL▄▌л█лл▄M█мл▌м█▌мнMLNнLлнB▄M█мл▌Nм█▌млLLмнлMлM▄M█мллм█▌мNл▄Nл█Lм┌▄M█мллNм█▌мNл▄Nл█Lм┌▄M█мм█▌м█▌NнNнл▌мB▄M█мм█нм█▌NлM▄▌мMл█┌▄M█мм▌м█▌NнNнл▌мB▄M█мм▌Nм█▌NлM▄▌мMл█┌▄M█ммлм█▌NлL▄лL▄лM▄M█мм█▌L▌м▄█NмLLмB▄M█мNм█▌L▌лLMNлм▄лл┌▄M█ммм█▌▄NлLнл▄▄лM┌▄M█ммNм█▌▄NлLнл▄▄лM┌▄M█мм▌м█▌▄NлллмLлм▄M█м█▌м█▌лNнMнл▌л▄б▄M█м█нм█▌лNнMнл▌л▄б▄M█м▌м█▌лNл▄нм▄лN▄M█млNм█▌лнлLMлLллLB▄M█мл▌м█▌лнл▄▄нмм┌▄M█млнм█▌лнл█мл▄ллнB▄M█ммм█▌лнл▄▄нмм┌▄M█ммNм█▌лнл█мл▄ллнB▄M█мм▌м█▌лнм▌Nл▄лл▄M█мLм█▌Nл██м▄л▌B▄M█мL█нм█▌NнM█NлMлл▄б▄M█мLмнм█▌MмлнмлMB▄M█мLнм█▌MмлнмлMB▄M█мMLNм█▌NNлNMNл█ллMб▄M█мML▌м█▌NNлNMNл█ллMб▄M█мMLнм█▌Lм█MNм█Lмб▄M█мL▌м█▌LлмнLNм▄м▄M█мL▌Nм█▌LлNлLL▌лNLнB▄M█мLLMм█▌MNмл█NлL█LмB▄M█мLLMNм█▌MNмMл▌нLлMB▄M█мLMMNм█▌MNмн▌мLл▄B▄M█мLMM▌м█▌MNнN▌л█лмB▄M█мLMMнм█▌MLмNNлLLлLб▄M█мLMNм█▌MLNм▄▌мLлM▄M█мLMNNм█▌MLNлL▌лNLмб▄M█мL▄Nм█▌M█лнм▄лLB▄M█мL▄▌м█▌M█NмлнлLлLб▄M█мL▄Lнм█▌M▌мLмNлNLм▄M█мL▄Mм█▌M▌мLмNлNLм▄M█мL▄▄Nм█▌Mл▌н▄нлMлл▄M█мL▄▄▌м█▌Mл▌н▄нлMлл▄M█мL▄▄нм█▌Mл▌нM▄▌лмллL┌▄M█мL█л▌м█▌N▌мNл▄л▄┌▄M█мLл█▌м█▌NNмMNл▄▄лл┌▄M█мLл█нм█▌NNлLLLлм▄лM▄M█мLл▌м█▌NNлLLNлLлм▄M█мLл▌Nм█▌NNмMNл▄▄лл┌▄M█мLллм█▌NNлLLLлм▄лM▄M█мLллNм█▌NNлLLNлLлм▄M█мLлл▌м█▌NNлмNл▄л█▄M█мLллнм█▌NNл██нм▄нB▄M█мLмL▌м█лннNмлмб▄M█мLмLнм█лнм█NNмNLлл▄M█мLмMм█лнлL█NлM█лMB▄M█мLмMNм█лнм█NNмNLлл▄M█мLмM▌м█лнлL█NлM█лMB▄M█мLннм█лMмLнл▄▄лM┌▄M█мLнм█лMмлнлLл▄б▄M█мLнNм█лMмL▌лLLлL┌▄M█мMмм█л█▌м▌мMLллб▄M█мMмNм█л█▌лNLнлLн▄M█мMмNм█лнмлM▄л▌▄M█мM▌м█лннLNNл█▄нB▄M█мMнм█лннLNNл█▄нB▄M█мMм█лл█мл▄лMB▄M█мMNм█лн▌мLмб▄M█мMLм█лнMнNл█лLB▄M█мMLNм█лнMнNл█лLB▄M█мML▌м█лннллм┌▄M█мMLнм█лмммNм▄лN▄M█мMMм█ллLM▌ммLлMB▄M█мML▌м█лNнллмB▄M█мML▌Nм█лNнллмB▄M█мMLлм█лNмL█▌лLлL┌▄M█мMLлNм█лNлLL▌ллл▄▄M█мMNNм█л▌Nннм▄лмB▄M█мMN▌м█л▌Nннм▄лмB▄M█мMNнм█ллмNL▌нMLл▄┌▄M█мMNм█ллнMмNлMллм┌▄M█мMNNм█ллмL▌м▄л▌▄M█мM▄Mм█лм▌мл▌л▄л▄B▄M█мM▄MNм█лннNMнмллB▄M█мM▄M▌м█лнл▌Mнм▄лл┌▄M█мM▄Mнм█лнл▌Mнм▄лл┌▄M█мM▄л▌м█лннMнлMлм┌▄M█мM▄лнм█лнмNMл█▄ллмб▄M█мM▄мм█лнм▌NлмLлл┌▄M█мM▄мNм█лнм▌NлмLлл┌▄M█мM█▌м█лL▌ммL▌мллM┌▄M█мM█▌Nм█лL▌ммL▌мллM┌▄M█мM█мнм█лM▌л▌л▄▄л▄B▄M█мM█нм█лM▌л▌л▄▄л▄B▄M█мM▌м█лNмм▌лLллMB▄M█мM▌Nм█лNмм▌лLллMB▄M█мMлм█лLNмл█нлмллMB▄M█мMлмнм█лLLнмнNм▄м┌▄M█мMлнм█лLLнмMмлL▄л┌▄M█мMлнNм█лLLнмнNм▄м┌▄M█мMмм█лLLнмMмлL▄л┌▄M█мMм▄Nм█лL▄NллL▌л▄лN▄M█мMм▄▌м█лL▄Nм▌Lнм▄лл┌▄M█мMм▄нм█лL▄NллLнл▄лM▄M█мMм█м█лL▄NллLнл▄лM▄M█мNNм█лLмлL▄нлMл█B▄M█мNNNм█лLмлL▌NлMLл▌▄M█мN▄м█лLмлмнмлLб▄M█мN▄Nм█лLмлл▌NммB▄M█мNнм█лLнNнL▌л▄▄л▄б▄M█мN▌Nм█лMл█лнлNLл┌▄M█мNлм█лMл█лнлNLл┌▄M█мNлNм█лMнNл▄лM┌▄M█мNл▌м█лMNмNLнлLнLн▄M█мNлнм█лMNмNLнлLнLн▄M█мNмм█лMNл█LNмLл▄б▄M█мNMнм█лMлллл▄лMб▄M█мNMм█лMллLL▌NлNLл▄▄M█мNMNм█лMлмNNNнMлмB▄M█мNNнм█лMнNмMмNмлллб▄M█мNNм█лMнNлNLмлмб▄M█м▄Lм█лN▌нLл▌лMLн▄M█м▄LNм█лN▌лL▌NлMLлM▄M█м▄L▌м█лN▌мM▄нл▄ллнB▄M█м▄нNм█лNMм▄█▌млLB▄M█м▄MNм█л▄▌нNL▌лMлб▄M█м▄M▌м█л▄▌нNL▌лMлб▄M█м▄Mнм█л▄▌лнMNмлLB▄M█м▄L▌м█л▄L▌нMMлLLл▄B▄M█м▄Lнм█л▄L▌нMMлLLл▄B▄M█м▄Mм█л▄L▌млл▌мLLлNB▄M█м▄Lнм█л▄MнлLNNмLLн▄M█м▄Lм█л▄MнннNнмб▄M█м▄L▄м█л▄▄▌м▌мMLлл▄M█м▄L▄Nм█л▄▄▌мM▌Nл▄ллLB▄M█м▄Mмм█л▄нлMNм▄лл▄б▄M█м▄MмNм█л▄ннNнлб▄M█м▄Mм▌м█л▄нNл▄█NлM▄лMб▄M█м▄Mмнм█л▄нNл▄█NлM▄лMб▄M█м▄NNм█л█Nм█▌мл▄л█▄M█м▄N▌м█л█Nм█▌мл▄л█▄M█м▄Nнм█л█Nллммлм┌▄M█м▄NLм█л█ннLл▄▄л▄▄M█м▄NMнм█л█▌нL▌м▄л█б▄M█м▄▄L▌м█л█Lнм█мнлнLм┌▄M█м▄▄Lнм█л█Lнм█мнлнLм┌▄M█м▄▄Mм█л█LнлLлNл█▄лл▄M█м▄▄NNм█л█M▌лL█нл▄ллB▄M█м▄▄▄м█л█M▌лL█нл▄ллB▄M█м▄█мм█л█мNнNл▄ллн▄M█м▄█мNм█л█мNммNлNLлNB▄M█м▄▌нм█л▌лL▌лML▄лн▄M█м▄▌Nм█л▌нмл▄▄лMб▄M█м▄л█▌м█л▌Lллл▄лнB▄M█м▄м█▌м█ллм▌нлMлMб▄M█м█м█ллNмL▌мLлм▄M█м█лм█ллNNл█нм▄м▄M█м█лNм█ллNNл▄Nл█LлL▄M█м█м█лл▄▌мнм▄лM┌▄M█м█Nм█лл▄▌нL▄ннLм┌▄M█м█▌м█лл▄▌л▌л▄LлB▄M█м█Mм█ллм▌млмLLллб▄M█м█M█Nм█лмM▌м█нлллLб▄M█м█M█▌м█лмMнммлллмб▄M█м█M█нм█лмMннN▌л█лл█▄M█м█M▌м█лмMннммLллб▄M█м█NMнм█лм█Nл█▌м▄мB▄M█м█NNм█лм█NнMNмллM┌▄M█м█▄м█лм█нл▌лLл█┌▄M█м█▄Nм█лм█нлмM▌млл▄M█м█▌MNм█лнLнлMммнLл▄б▄M█м█▌M▌м█лнLнмNлLLлL┌▄M█м█▌Mнм█лнLнлL▌мLлMB▄M█м█лMнм█м▌ннлNLм▄M█м█лNм█м▌ннлNLм▄M█м█м▌м█мLмнNLм▄M█м█мMNм█мMлLMлMLлн▄M█м█мM▌м█мMнLMлNLмB▄M█м█нNм█м▄Nм▄▌мLм┌▄M█м▌NNм█м▌ннNLл▄б▄M█м▌▄м█м▌нMLNнLлмб▄M█м▌MNNм█м▄▌мL▌лNNLмб▄M█м▌M▄м█м▄▌мL▌лNNLмб▄M█м▌M▄Nм█м▄нлнNм▄н▄M█м▌M▄▌м█м▄ннLM▌л▄м┌▄M█м▌M▄нм█м▄нлMнмлL▄M█м▌M█м█м▄нлнNм▄н▄M█м▌M█Nм█м▄ннLM▌л▄м┌▄M█м▌M█▌м█м▄нлMнмлL▄M█м▌M█нм█м▄нм▄лннL▄л▌B▄M█м▌Mлм█м█NмM▄лMLлL┌▄M█м▌MлNм█м█Nлммнмллмб▄M█м▌Mл▌м█м█NмMMм▄лM▄M█м▌NM▌м█мл▌лллNмLлLб▄M█м▌NMнм█мл▌млLLллб▄M█м▌NNм█мл▌мLмнлNл▄┌▄M█млMнм█ммNнM▄нлNLл▌B▄M█млNм█ммNл█нмл▄лN▄M█млNNм█ммNмL█NлмLлл┌▄M█мл▄м█ммNмL█NлмLлл┌▄M█млнм█мLNмMLлL▄м┌▄M█млм█мLNм█▄Nм▌LлмB▄M█млNм█мLNм█▄Nм▌LлмB▄M█мл▌м█мLNм▄▄мн▄M█млL▌м█мM▌ллNм▄нB▄M█млLмм█мLмммнм▄л▌▄M█млMMнм█мLLл██Nм▄н▄M█млMнNм█мLMNл▄Mл▄лллB▄M█млNMнм█мL▄мM▄NлMLлм┌▄M█млNNм█мL▄мM▌л▄л█┌▄M█млNNNм█мL▄мM▄NлMLлм┌▄M█мл▄м█мL▄мM▌л▄л█┌▄M█мл▄█Nм█мL█▌м█мNмлN▄M█мл█м█мLллмнмллL▄M█мл█Nм█мLлмлLнмNлнB▄M█мл▌Mм█мMнл▌LннлNB▄M█мл▌MNм█мMнмLMлLLлMб▄M█мл▌M▌м█мMннMнмLллB▄M█мл▌Mнм█мMнлLNлLнLлн▄M█млл▄нм█мMM▌л█мл▄лмB▄M█млл█м█мMM▌л█мл▄лмB▄M█млл█Nм█мMM▌м▄▄▌мLл▄б▄M█млмм█мM█мNлллMB▄M█млмNм█мM█лLM▌м█лмB▄M█млмLм█мM█Nм▄█NмLLл┌▄M█млмLNм█мM█NнMNлM▄лN▄M█млмL▌м█мM█NмM▌нLл▄B▄M█млмLнм█мM█Nм▄▌лLLм┌▄M█млм█нм█мM▌NмллNл█▄лм▄M█млм▌м█мM▌NмллNл█▄лм▄M█млм▌Nм█мM▌NлLNмллL┌▄M█мм▌Nм█мNNнLл▄▄лLB▄M█ммL▌м█мNLNм█л▌ммLл█▄M█мм█м█мNMNмл▄▄лB▄M█ммMLм█м▄▄лNMNл█лл█B▄M█ммMLNм█м▄▄л█ннLл▌▄M█ммML▌м█м▄▄л█ннLл▌▄M█ммMLнм█м▄▄ннNLл┌▄M█ммM█м█м▄█Nл▄млн▄M█ммM█Nм█м▄█Nл▄млн▄M█ммMлнм█м▄▌л▄NнLл▌B▄M█ммMмм█м▄▌н▄мLлмB▄M█ммMмNм█м▄▌н▄мLлмB▄M█мм▄м█м▄мл█LNмLмб▄M█мм▄Nм█м▄млNNнLлL▄M█мм▄▌м█м▄ммM▌м█Lл▌B▄M█мм▄нм█м▄млNNнLлL▄M█мм▄м█м▄ммM▌м█Lл▌B▄M█мм▄нNм█м█нлL▌Nмлл▌▄M█мм█м█м█нлM▄нмLн▄M█мм█Nм█м█нлL▌Nмлл▌▄M█мм█▌м█м█нлM▄нмLн▄M█мм▌Nм█м█Nмм▄лMLм▄M█ммлNм█м██лLLM▌мLллнB▄M█ммлNNм█м██лLLM▌мLллнB▄M█ммл▄м█м██мL▄▌лLLлM┌▄M█ммл▄▌м█м██▌лMLмNм┌▄M█ммл▄нм█м██▌мMмнмLлL┌▄M█ммл█м█м██▌мMмнмLлL┌▄M█ммл█Nм█м██▌лL▄лL▄лмб▄M█ммл█▌м█м██нмн▌мLм▄M█ммл█нм█м██нмллнл█Lм┌▄M█ммл▌м█м██нмллнл█Lм┌▄M█ммл▌Nм█м██нммлнмн▄M█мммнм█м▌▌лмнмллмB▄M█мммнNм█м▌▌нNмлм┌▄M█ммнм█м▌▌мл▌лL▄л▄B▄M█ммнNм█м▌▌н▌Nл█ллB▄M█ммн▌м█м▌▌лмнмллмB▄M█ммннм█м▌▌нNмлм┌▄M█ммнм█м▌▌мл▌лL▄л▄B▄M█ммнNм█м▌▌н▌Nл█ллB▄M█ммн▌м█м▌▌мм▄нлLLл█┌▄M█ммннм█м▌▌нл▌м▄лл▄M█мнм█м▌NлLLLлм▄лм▄M█мнNм█м▌NнM█нлNLллб▄M█мн▄м█м▌MлLмнлMLл▄б▄M█мнLм█млNлNNлLлNB▄M█мнNм█млNнNнл▌л▌▄M█мн▌м█млNнMMNмл▄┌▄M█мннм█млNнNнл▌л▌▄M█мнм█млNнMMNмл▄┌▄M█мнLNм█млMNлL▌мллB▄M█мнL▌м█млMNллMNл▄лNB▄M█мнLнм█млMNнL▌м▄л█▄M█мнLм█млMNл█▌мл▄лNB▄M█мнLNм█млMNл█▌мл▄лNB▄M█мнLLм█млMNнл▌м▄л▄▄M█мнMм█мл█нLм▌млMB▄M█мнMNм█мл█Nннм▄л█B▄M█мнMMNм█мл▌лммлMLнB▄M█мнMM▌м█мл▌лммлMLнB▄M█мнMMнм█мл▌м▄NмллB▄M█мнMNм█мл▌лм█лL▄лLB▄M█мнNNм█млмлM█▌млLн▄M█мнN▌м█млмNлL▌ммLлL┌▄M█мнNнм█млмNммлмLлNB▄M█мнNм█млмNлL▌ммLлL┌▄M█мнNNм█млмNммлмLлNB▄M█мнN▌м█млм▌лLNлллм▄M█мнNнм█млм▌мл▄ллб▄M█нм█ммM▌л▌лLлл█┌▄M█нNм█ммM▌мLнлLллл▄M█ннNм█мм█NмнNлMLл█▄M█нм█мм█NмнNлMLл█▄M█нNм█мм█нм▄NлLл█B▄M█н▌м█мм█нм▄NлLл█B▄M█нLнм█мммл█м▌лLLм┌▄M█нLм█мммнL▌млллб▄M█нLNм█мммлMмNмнLл▄▄M█нL▌м█ммммMNл▌лб▄M█нLнм█мммлMмNмнLл▄▄M█нLм█ммммMNл▌лб▄M█нLNм█мммммлнмл▄б▄M█нLNм█ммм▌нLнл▄▄л▄B▄M█нLNNм█ммм▌нLнл▄▄л▄B▄M█нLмнм█мнNлLмнлLлллб▄M█нM▌м█мннNNнLлLб▄M█нMнм█мннL▌NлMлл▄▄M█нMм█мннL▌NлMлл▄▄M█нMNм█мнлNNлLллL▄M█нM█нм█мнLNлL▄лNлб▄M█нM▌м█мнLNлMMNмнLл▌▄M█нM▌Nм█мнL▌мнLм▄л▄б▄M█нMлм█мнL▌ммлнм┌▄M█нMлNм█мнL▌лн▌м▄лмб▄M█нMл▌м█мнL▌лмNNл▄м┌▄M█нMлнм█мнL▌мн▌мLлмб▄M█нNNNм█мнNлMLнмMл┌▄M█н▄м█мнNмл▄л█B▄M█н▄Nм█мнNмMлMLлL┌▄M█н█▄Nм█нLнлL▌л▄▄ллб▄M█н█▄▌м█нLнлL▌л▄▄ллб▄M█н█▄нм█нLнмнMнмм┌▄M█н▌M▌м█н▄мм▌лM▄л▌▄M█н▌Mнм█н▄мл▌лL▄лл┌▄M█нлнм█н▄нлLNлL▄ллB▄M█нлм█н▄нлMнNлLмB▄M█нлLм█н█NнNNл▌лн▄M█нмлм█нннLNл▄▄л┌▄M█нмлNм█нннLNл▄▄л┌▄M█нмм▌м█нNмл▌лL▄лм▄M█нммнм█ннл█NнLлLB▄M█нмнм█ннл█NнLлLB▄M█нмнNм█ннлнмллMB▄M█ннNм█нLлLMмMм┌▄M█ннLм█нLлLMмMм┌▄M█ннLNм█нLнMMлLLлб▄M█ннм█нMNм█л▄ллм▄M█нм█нMNм█л▄ллм▄M█нNм█нMNл▄лNмллл┌▄M█н▌м█нMNл██нм▄лмB▄M█ннм█нMNм▄▄▌мLмB▄M█нм█нMNнLMNлNLлMB▄M█нNм█нMNм▄нл▄ллN▄M█нNм█н▄нм▄Nмм┌▄M█н▌м█н▄нм▄Nмм┌▄M█ннм█нлNмлнмл▄┌▄M█нм█нлNмнNм▄л▄B▄M█нL▌м█нмнлNлMл▌B▄M█нLNNм█ннм▄лб▄M█нL▄м█нм█LнмLлLб▄M█нL█нм█н▌мм█▌мLм┌▄M█нL▌м█н▌мLлM▄лмб▄M█нLмNм█нNлм▄▌л█Lлл┌▄M█нLм▌м█нNлL█▌л▄мб▄M█нLмнм█нNлм▄▌л█Lлл┌▄M█нLнм█нNлL█▌л▄мб▄M█нMNNм█нLнмлNмлл▌B▄M█нM▄м█нLнмNNлм█LлмB▄M█нM▄Nм█нLнмлNмлл▌B▄M█нM▄▌м█нLнмNNлм█LлмB▄M█нM▄нм█нLнмNнNLлLB▄M█нMл▌м█нM▌нNнмб▄M█нMлнм█нM▌нNнмб▄M█нMмм█нM▌нMNмлл█┌▄M█нNMм█нL▌мммNм▄м┌▄M█нNMNм█нL▌мммNм▄м┌▄M█нNM▌м█нL▌мNлллLB▄M█нNMнм█нL▌л▄Lнл▄ллLB▄M█н▄L▌м█нL▌млNнлб▄M█н▄Lнм█нL▌нLNл▄▄мB▄M█н▄Mм█нL▌нLNл▄▄мB▄M█н▄MNм█нL▌л▄л▌л▄лMб▄M█н▄M▌м█нL▌млNлL▄м▄M█н▄▄▌м█нLмннлб▄M█н▄лм█нLLннNLлм▄M█н▄лNм█нLLл█лнлNLлNB▄M█н▄л▌м█нLLнл▄▄л▌▄M█н▄мм█нLLнлMMлнлл┌▄M█н▄мNм█нLLнм█нмлм┌▄M█н██нм█нL█NнLNмллм┌▄M█н█▌м█нL█Nнллл█B▄M█н█▌Nм█нL█Nн█NлMл▄B▄M█н█лм█нL█Nн█NлMл▄B▄M█н█лNм█нL█Nм▄нмLлл┌▄M█н▌Mнм█нLл▌м▌LNмLлL┌▄M█н▌Nм█нLл▌лллмLлB▄M█н▌NNм█нLл▌м▌LNмLллB▄M█нлм█нLл▌м▌LNмLлL┌▄M█нлNм█нLл▌лллмLлB▄M█нл▌м█нLл▌м▌LNмLллB▄M█нл▄Nм█нLмнл▄NNл█лMB▄M█нл▄▌м█нLмнмNNл▄▄лмб▄M█нл▄нм█нLмнл▄NNл█лMB▄M█нл█м█нLмнмNNл▄▄лмб▄M█нм█Nм█нMNл▄█нмLллB▄M█нм█▌м█нMNл▄█нмLллB▄M█нLм█нM▄ммнлLлл▄B▄M█нLNм█нM▄ммнлLлл▄B▄M█нL▌м█нM▄мLMнл█лм▄M█нLнм█нM▄лL█млM┌▄M█нMм█нM▄м█NмNLлMб▄M█н▄Nм█нM▄▌м█нLLлLб▄M█н▄▌м█нM▄нмNNл▄л▄б▄M█н▄нм█нM▄нмNNл▄л▄б▄M█н█м█нM▄нлMNNнлM▄M█н█Nм█нM▄нлLLмNмLлM▄M█нмм█нM█ннM▌NлMLлнB▄M█нLнм█нN▌л█Nлллл┌▄M█нM▌м█нN▌мммлл█B▄M█нMнм█нN▌мммлл█B▄M█нNм█нNнмMмлL▄мб▄M█нLнм█нNLмMмнмLм▄M█нLм█нNLлLлLLLлн▄M█нLлнм▌лLLMNл█Lлл▄M█нLмм▌лLLMNл█Lлл▄M█нLмNм▌млM▌лNLл█┌▄M█нLм▌м▌лMнлL▄л█B▄M█нLмнм▌л█LнлLм┌▄M█нMнм▌L▌лнNм▄м┌▄M█нNнм▌MнL▌л▄▄лL▄M█нNм▌Mм▌▌л▄л▄B▄M█нNNм▌MнL▌л▄▄лL▄M█нN▌м▌Mм▌▌л▄л▄B▄M█нNнм▌Mм▄L▌млл▄B▄M█нNм▌MнMмNлMллLб▄M█нNNм▌MмMнлM▄лмб▄M█нNL▌м▌M▌ллNмлл█B▄M█нNLнм▌M▌нл▌лMм┌▄M█нNMм▌M▌нл▌лMм┌▄M█нNMNм▌MнмнNмLн▄M█нNM▌м▌MнмL▌лNLлN▄M█нNMнм▌MнмL▌лNLлN▄M█нNNм▌MннM█NлMлл▌▄M█нL▌м▌NNн▄млм▄M█нLнм▌NNлLлNлLмB▄M█нLм▌▄лLM▌лм▄лL▄M█нLNм▌▄нM▄▌лмллL▄M█нLнм▌▌NмLлL█LлN▄M█нLм▌▌NмLлL█LлN▄M█нLм▌▌л█▌млн▄M█нLNм▌▌лмLл▄л▄B▄M█нLLм▌▌лмLл▄л▄B▄M█нLLNм▌▌м▄лNнL▄лNB▄M█нLL▌м▌▌н▄мLлM┌▄M█нLL▄Nм▌M▌мM▌нLлмб▄M█нLL█нм▌NNмл█NлL█LлмB▄M█нLL▌м▌NNнMNмLм▄M█нLL▌Nм▌NNлLM▌м█ллLB▄M█нLLл▌м▌▄NмлNмLм┌▄M█нLLлнм▌▄NмLM▌л▌лн▄M█нLLмм▌▄Nл▌Nлл▄л█B▄M█нLLмNм▌▄Nм▌нлL▄M█нLLм▌м▌▄Nм▌нлL▄M█нLLмнм▌▄Nлн▌м▄л┌▄M█нLMм▌█мM█Nл▄ллмB▄M█нLMNм▌█мM█Nл▄ллмB▄M█нLMLм▌█NлLLнNнлB▄M█нLNнм▌мнлмнмллB▄M█нLNм▌мнлмнмллB▄M█нLNNм▌мнм▄Lнмлн▄M█нLNL▌м▌нNмлнл▄┌▄M█нLNLнм▌нNмлнл▄┌▄M█нLNMм▌нNммнмллMB▄M█нLNMNм▌нNмм▌мLл█B▄M█нLNM▌м▌л█Mнмн▄M█нLNMнм▌мнNмMLм▄M█нL▄Mм▌нлLM▌лм▄лл┌▄M█нL▄MNм▌нмL▄л▄лл█B▄M█нL▄M▌м▌нлLM▌лм▄лл┌▄M█нL▄Mнм▌нмL▄л▄лл█B▄M█нLл▌м▌LLNнLNлллMб▄M█нLм▌м▌L▄ннM▌лMLлMб▄M█нLмNNм▌L█нл▌нлLллB▄M█нMNм▌M▄NнNл▄▄н▄M█нMLMNм▌MлмM▌нLн▄M█нMLM▌м▌MлнLNлллB▄M█нMNM▌м▌NL▌лл▌лL█LлNB▄M█нMNMнм▌NL▌млNмLлм┌▄M█нMNNм▌NL▌лл▌лL█LлNB▄M█нMNNNм▌NL▌млNмLлм┌▄M█нM▄м▌NL▌мLллл█▄M█нM▄Nм▌NMNмLлнLл┌▄M█нM▄Lм▌NMнлMмMл█▄M█нM▄LNм▌NMнл▄█▌млM▄M█нM▄L▌м▌NMнлLл▌лLмB▄M█нM▄Lнм▌NNм█▄нмMLлMб▄M█нM▄Mм▌NNмMMNлLLлнB▄M█нM▄MNм▌NNм▄▌мLлл▄M█нM▄M▌м▌NNNмнNм▄лб▄M█нM█▄нм▌▄LNлMммнLм▄M█нM██м▌▄LNлMммнLм▄M█нM██Nм▌▄LNл█M▌нмB▄M█нM▌▌м▌▄MNмL▌NлLлм┌▄M█нM▌нм▌▄MNмLлM▄л█┌▄M█нM▌M▌м▌▄▄лL█NлM█л▄б▄M█нMлNNм▌▄█нмм█▌мLлб▄M█нMлнNм▌▄ммLлMл▄б▄M█нMмм▌▄мл█LнлLлл┌▄M█нMмNм▌▄мл█LнлLлл┌▄M█нMмNм▌▄нNм█нлML▄л█B▄M█нMмNNм▌▄нNлмлNнлB▄M█нMм▄м▌▄нNлмлNнлB▄M█нMм▄Nм▌▄нNлмM▌млл▄M█нMмлNм▌█▌л▌LNл▄LлM▄M█нMмл▌м▌█▌мNлL█Lлб▄M█нMмлнм▌█▌м█нL▄л█┌▄M█нMммм▌█▌нNл▄нB▄M█нMнMнм▌█Nл▄нлLлл▄B▄M█нMнNм▌█NлL█▌л▄лн▄M█нMнNNм▌█Nл▄нлLлл▄B▄M█нNм▌█NлL█▌л▄лн▄M█нNNм▌█Nм█нлML▄л┌▄M█нNнм▌█▄мL▌ллллMB▄M█нNL▌м▌█лнл▄Nм▄лб▄M█нNLнм▌█лнлLнл▄▄лнB▄M█нNMм▌█лнмLмлL▄л▄┌▄M█нNMNм▌█лнмM█лнлMB▄M█нNM▌м▌█лнмM█лнлMB▄M█нNMнм▌█лнммлнмл▌B▄M█нNNм▌█лнмNлLмB▄M█нNLNм▌█мNнMм▄лMB▄M█нNLLм▌█мNмM▌м█Lл█B▄M█нNMм▌▌NнлLлн▄M█нNMNм▌▌NлLLмNмLлMB▄M█нNM▌м▌▌NлмM▌мл▄B▄M█нNM█нм▌▌Nм█нлML▄л▌▄M█нNM▌м▌▌NNмMнмлл▌▄M▌Nм▌лLм▄лNлнB▄M▌▌м▌лLмMлнл█LлM┌▄M▌нм▌лLлNнллм┌▄M▌▄Nм▌лMNлL▌NлMLлNB▄M▌мнм▌лNNнMнл▌м▄M▌нм▌лNNллMл▄м┌▄M▌нNм▌лNNллMл▄м┌▄M▌м▌лNNм█нмллм▄M▌м▌л▄▌лLмNмм▄M▌Nм▌л▄▌лNNллмB▄M▌Lм▌л▄▌л▄млллB▄M▌LNм▌л▄▌м█лм▄л█B▄M▌лнм▌лллLMнлLLл┌▄M▌мм▌лллM█лнлL┌▄M▌мNм▌ллм▌NлмLл┌▄M▌Lнм▌мнLNNл█▄лLB▄M▌LнNм▌мNм█мнлнLм▄M▌Mм▌мNнNнл▌лN▄M▌MNм▌мNм█мнлнLм▄M▌M▌м▌мNнNнл▌лN▄M▌Nм▌м▄ннлллM┌▄M▌NNм▌м▄нлL▌NлMLлNB▄M▌Nм▌м█Nм▄█лL▄л▄б▄M▌▄Mнм▌ммлLNлNLм┌▄M▌▄▄▌м▌мнмлLлMLлN▄M▌▄▄нм▌мннLLнл▄л█B▄M▌▄█м▌мнмлLNнл█б▄M▌▄█Nм▌мннмл█┌▄M▌▄█▌м▌мнNллл▄лLб▄M▌▄█нм▌мнNлLMNлLллL▄M▌▄▌м▌мнNмлмLлнB▄M▌█▌м▌нмL▌лNNLл▄б▄M▌█нм▌нмMNнлL┌▄M▌█LNм▌нNлмл▌мLлн▄M▌█L▌м▌нNлLLNммLнB▄M▌█Lнм▌нNнMNлL▄мB▄M▌█Mнм▌нLNлL▌л▄▄лM┌▄M▌нм▌█мMM▌мLлLB▄M▌LNм▌лнлL▌мLлм▄M▌L▌м▌лнлL▌мLлм▄M▌Lнм▌лнлл▌мл█б▄M▌Mнм▌мNмнмлл█B▄M▌Nм▌мNммнлмLм▄M▌▄нм▌мнлмнмлл▄M▌█м▌мннлм▄л▌▄M▌█Nм▌мнлмнмлл▄M▌█▌м▌мннлм▄л▌▄M▌█нм▌мнмлнлLл▄▄M▌Nм▌нлL█▌л▄мB▄M▌▌м▌нллNнLл█б▄M▌▌Nм▌LлM█лнм┌▄M▌Nм▌LнлM█Nмл▄B▄M▌▌м▌LнмлMNлLLлмб▄M▌Nм▌NмMллMLлL▄M▌NNм▌NннмLм▄M▌Lм▌Nмммлл█б▄M▌MNм▌▌NммMмлб▄M▌M▌м▌▌NннNнлMб▄M▌Mнм▌ллмллм┌▄M▌Mм▌ллмллм┌▄M▌MNм▌лнMNмлллб▄M▌M▌м▌ллмлллMB▄M▌NMнм▌NмлLлMLмB▄M▌NNм▌▌л▌л▄Lм┌▄M▌▄Nм▌Nм▌лLлллб▄M▌▄▌Nм▌MNлL▌ммLлмб▄M▌▄лм▌MNлL▌ммLлмб▄M▌▄лNм▌MNлMмLLл█б▄M▌▄нNм▌Nн▄мLллб▄M▌█Mм▌LнлLлLLLлN▄M▌█MNм▌LннLL▌лл▄лмб▄M▌▌Nм▌LLмLлM▄лнB▄M▌▌▌м▌LLнMлл█ллм┌▄M▌▌нм▌LLнMлл█ллм┌▄M▌▌м▌LLлмнлL█LлM┌▄M▌▌Nм▌LL▌мм▄▌лLLлл▄M▌▌▌м▌LL▌мм▄▌лLLлл▄M▌▌нм▌LL▌лмллл█▄M▌лнм▌LMнн▄NнLлLB▄M▌лм▌LMнн▄NнLлLB▄M▌лNм▌LMнмM▌л▄лM┌▄M▌лLм▌LMнлNNлLлL┌▄M▌лмм▌L█▌лл▌Nмлн▄M▌мLNм▌LлNлLнл▄л▌▄M▌мL▌м▌LлNлMнм▄ллм┌▄M▌мLнм▌LлNл█M▌нлMB▄M▌мMм▌LлNм█▄▌м▄ллMб▄M▌мMNм▌LлNлNNлллMб▄M▌мнNм▌MNнNнллLб▄M▌нм▌M▌л▄▌лLллл┌▄M▌нNм▌M▌м█нмллMб▄M▌Nм▌MмNл▄Lм┌▄M▌▌м▌MмL█NлмLлM▄M▌нм▌MмL█NлмLлM▄M▌м▌Mн█лMллM▄M▌Nм▌MлLL▌лLллмB▄M▌▌м▌MNл█NнLмб▄M▌Nм▌ML▌лL█▌лLл▄┌▄M▌Lм▌M▄▌лNNлLллNB▄M▌LNм▌M▄▌лNNлLллNB▄M▌L▌м▌M▄▌мнMнмллб▄M▌M▌м▌M█нL▄▌лMлл┌▄M▌▄м▌M█▌лL▄Nлм▄л┌▄M▌▄Nм▌M█▌нM▌лMLл▄B▄M▌▄▌м▌M█▌нM▌лMLл▄B▄M▌л▌м▌Mлм▄нл▄ллл┌▄M▌лнм▌Mллмл▌мLлм┌▄M▌нм▌Mл▌мLлL█Lмб▄M▌Lнм▌Mнл▌л▄▄лнB▄M▌Lм▌Mнм▄ллллM┌▄M▌M▌м▌NNлLM▌лMLлмB▄M▌Mнм▌NNлLM▌лMLлмB▄M▌Mм▌NNлMнNлLлMб▄M▌MLнм▌NLNнMMNмлнB▄M▌MMм▌NLNлL▌мллL┌▄M▌Lм▌▄NлLL█▌ллLлL▄M▌LLNм▌▄NлLнм▄▄л█B▄M▌LNм▌▄нм▄л▄л█┌▄M▌LNNм▌▄нллMнл▄лл▄M▌L▄м▌▄нлм█Nл▄лM▄M▌LNм▌▄Mлн▌м▄нB▄M▌LM█Nм▌█нлLлл▄лL▄M▌LM█▌м▌█нмлнмлм┌▄M▌LM█нм▌█мL▌NлLлL▄M▌LM▌м▌█мL▌NлLлL▄M▌LNм▌█LNмл▄NнLл█B▄M▌L▄▌м▌█▄▌м▄лLл▄B▄M▌L▄▌Nм▌█▄▌м▌млл█B▄M▌L▄лм▌█▄▌мнMNммB▄M▌L█м▌██NлLMнм▌лMб▄M▌L█Nм▌██NлLMнм▌лMб▄M▌L█▌м▌██NмM▌л▄ллб▄M▌Lл▄Nм▌▌▌млMNлLLлLб▄M▌Lл▄▌м▌▌▌мNNлм█Lм┌▄M▌Lл▄нм▌▌▌мNNлм█Lм┌▄M▌Lннм▌▌MNлMLнмMл▄б▄M▌Lнм▌▌MNм██▌нL▄лL▄M▌M▄▌м▌лннMнмм▄M▌M▄нм▌лнл█мNнлLб▄M▌M█м▌лнмLL▌лNLн▄M▌M█Nм▌лнм█лнмLлмб▄M▌M█▌м▌лнлLLлNлLB▄M▌MLNNм▌л█нлмллл█B▄M▌ML▄м▌л█нлNлLLл▌▄M▌ML▄Nм▌л█нм▌нлMлLб▄M▌ML▄▌м▌л█нлNлLLл▌▄M▌ML▄нм▌л█нм▌нлMлLб▄M▌ML█м▌л▌лLм▌м▄ллнB▄M▌MMNм▌лм▌нMNмнB▄M▌MMLм▌лм▌лLNлLнLлMB▄M▌MM▄Nм▌мNн▄▌л█ллL▄M▌MM█м▌мнмNNл▄▄лM┌▄M▌M▄Lм▌мMнл█л▌нLл▌B▄M▌M▄LNм▌мMннLNлллн▄M▌M▄Lнм▌мNNл█Nмлм┌▄M▌M▄▄▌м▌м▄▌нLнм▄лб▄M▌M▄▄нм▌м▄▌нLнм▄лб▄M▌M▄█м▌м▄ннMммB▄M▌M▄█Nм▌м▄нмнNмлм┌▄M▌M█м▌м▌NмMл▄л▄б▄M▌M█лм▌ммнлLнм▄▄лLб▄M▌M█лNм▌ммнм▄нмLлнB▄M▌Mлм▌ннннм▄лл┌▄M▌MлNм▌ннмMнмллLб▄M▌Mл▌м▌ннм█лллB▄M▌MлM▌м▌нLм█▌мLлнB▄M▌MлMнм▌нLлLлLнLлб▄M▌MлNм▌нLл▌LнмB▄M▌Mл█Nм▌нLннL▌NлMллM┌▄M▌Mл█▌м▌нLнлмMнмлLб▄M▌Mл█нм▌нLнлмMнмлLб▄M▌MлнNм▌нNлмLнл▄лл▄M▌Mмм▌нNнM▌лMLл▄┌▄M▌MмNм▌нNл▄лнлMлнB▄M▌Mм▌м▌нNл▄лнлMлнB▄M▌Mм▌м▌лMMNмнLлм▄M▌Mмнм▌мнMнмлM▄M▌Mмм▌лLLMлнлN▄M▌NLNм▌█▌лмNллл▌B▄M▌NL▌м▌█▌млммм▄M▌NLнм▌█▌мNMнлM█Lл▄▄M▌NMм▌█▌млммм▄M▌NMNм▌█▌мNMнлM█Lл▄▄M▌Nл▌м▌лнм▌MмLл▄B▄M▌Nнм▌м▌нL▌м▄н▄M▌NнNм▌м▌нL▌м▄н▄M▌NLлм▌нMмNлMлл█б▄M▌NLлNм▌н█NлллM▄M▌NLл▌м▌н█NлллM▄M▌NLлнм▌м▄▄▌мLлB▄M▌NLмм▌нMM▌л█ллб▄M▌NLмNм▌м█мнлнLлB▄M▌NLм▌м▌мнL▌нLм▄M▌NNNм▌▄нл▄мллл┌▄M▌▄LNм▌мннм▄л▌B▄M▌▄м▌L▌лл▄нмллб▄M▌▄M▌м▌M▌мм█нмLлмб▄M▌▄LL▌м▌LлLнл▄▄мB▄M▌▄LLнм▌LлLнл▄▄мB▄M▌▄LлNм▌LнлLMлм▄мб▄M▌▄Lл▌м▌Lнм█▌лML▄лMB▄M▌▄Lлнм▌Lнм█▌лML▄лMB▄M▌▄M█нм▌LNNлLMнлм▄лл┌▄M▌▄M▌м▌LNNмлл▌мLLлб▄M▌▄M▌Nм▌LNNлLMнлм▄лл┌▄M▌▄Mлм▌LNNмлл▌мLLлб▄M▌▄▄м▌L█нмLл▄ллM┌▄M▌▄▄Nм▌L█нлнM▌мLлM┌▄M▌▄▄LNм▌Lлмм▌мLлLб▄M▌▄▄L▌м▌LлнмллB▄M▌▄▄Nм▌Lл▌лL▄▌лMллб▄M▌▄▄NNм▌Lл▌лL▄▌лMллб▄M▌▄▄лнм▌Lм▌м▌нлB▄M▌▄▄мм▌Lм▌мMлмл┌▄M▌▄▄нм▌LнлLL▌лллLб▄M▌▄█мнм▌Mл█NNмлL┌▄M▌▄▌▌м▌MLNл▄█▌млл▄M▌▄▌нм▌MLнммлнллб▄M▌▄л█нм▌M█Nм▄Nл▄мB▄M▌▄л▌м▌M█NлмлнлNLмB▄M▌▄л▌Nм▌M█Nм▌нлMлмб▄M▌▄ллм▌M█NлмлнлNLмB▄M▌▄ллNм▌M█Nм▌нлMлмб▄M▌▄мнм▌M█нмMнм█ллмB▄M▌▄мм▌M█нмMнм█ллмB▄M▌▄мNм▌M█нмлM▌лNLм┌▄M▌▄мLнм▌M▌Nмн▌млмB▄M▌▄мMм▌M▌Nмн▌млмB▄M▌▄мMNм▌M▌Nлл█▌млб▄M▌▄мM▌м▌M▌NмMлMLлн▄M▌█Nм▌NNNмNNлLLлNB▄M▌█Lм▌NNNл▄млMл▌▄M▌█LNм▌NNNмNNлLLлNB▄M▌█L▌м▌NNNл▄млMл▌▄M▌█Mнм▌LNлм▄нл▄лл┌▄M▌█Nм▌L▌лLMNнNLлм▄M▌█NNм▌L▌мLM▌л▌лмB▄M▌█▄м▌L▌лL▄нлLлл█▄M▌█нм▌LнмLлнLлмB▄M▌█нNм▌LнмLлнLлмB▄M▌█м▌Lнл▄Lнл▄ллм▄M▌█L▄нм▌L▄Nн█Nллл▌▄M▌█L█м▌L▄Nн█Nллл▌▄M▌█MNNм▌L▌лLNлL▄л▄B▄M▌█M▄м▌L▌мм▌лNLмб▄M▌█M▄Nм▌L▌лLNлL▄л▄B▄M▌█M▄▌м▌L▌мм▌лNLмб▄M▌█Mл▌м▌LлNл█LNмLлн▄M▌█MнNм▌Lмл▄L▌нLлMб▄M▌█Nм▌Lмлл▄мл█▄M▌█NNNм▌LнNлLмлллм▄M▌█▄м▌LнNллMл▄л┌▄M▌█▄Nм▌LнNллMл▄л┌▄M▌██▌м▌LNмMNNлMLл┌▄M▌██нм▌LNлLNл▄лмB▄M▌██Mм▌LLннNлллLб▄M▌██MNм▌LLнлM█лнлLB▄M▌██M▌м▌LLнл▌нл▄▄лB▄M▌██Mнм▌LLнм█нлллллб▄M▌███м▌LMнм▄л▄лм▄M▌███Nм▌LMнлLм▌мм┌▄M▌███▌м▌LMннLNлLлл┌▄M▌███нм▌LMнлLнмMлн▄M▌██▌м▌LMнлLнмMлн▄M▌██▌Nм▌LNлLмNLлNB▄M▌█▌м▌L▄нл▌LNл▄LлL┌▄M▌█мнм▌LNлLмнлLллM┌▄M▌█мм▌LNмMмNмллB▄M▌█млNм▌LL▌л▌нл▄▄лмб▄M▌█мл▌м▌LL▌л▌нл▄▄лмб▄M▌█мнм▌LMNм▌MNлLлм▄M▌█мнNм▌LMNм▌MNлLлм▄M▌█нMм▌LNNмNLNлL█LнB▄M▌▌Lнм▌LLлLM▌лм▄лб▄M▌▌Mм▌LLмлNл▌LллB▄M▌▌MNм▌LLлLNллллмB▄M▌▌M▌м▌LLм▄лLл▌▄M▌▌L▌м▌LLMмMNнл█б▄M▌▌Lнм▌LLMNлNLNлL▄нB▄M▌▌Mм▌LLMNлM▌лнлнB▄M▌▌MNм▌LLMNм▌лM▄м┌▄M▌▌мм▌LL▄Nл▌Mнм▄л▄б▄M▌▌нм▌LL█NлLMNлLлл▄б▄M▌▌м▌LL█Nл█л▌нLмб▄M▌▌LNм▌LL▌NнMллмб▄M▌▌L█м▌LLмNлL▄NлMLлM▄M▌▌MнNм▌LMNн█Nллл▌B▄M▌▌Nм▌LMNн█Nллл▌B▄M▌▌NNм▌LMNнLнм▌мB▄M▌лм▌LMмлMнNLлм▄M▌лNм▌LMмн▌л▄Lл▌▄M▌л▌м▌LMмн▌л▄Lл▌▄M▌лLNм▌LNNлнLнммB▄M▌лL▌м▌LNNлнLнммB▄M▌лLнм▌LNNлLLL▌мLлл▄M▌лLм▌LNNм█NлMLлл▄M▌лLNм▌LNNммL▌мллл▄M▌лLLм▌LN▌лM█Nммб▄M▌лLLNм▌LN▌лLM▌лMLл▄┌▄M▌лNNм▌L▄м▄Nл▌LлMб▄M▌лNNNм▌L▄лнLнмлнB▄M▌л▄м▌L▄лLL▄нлмн▄M▌л▄Nм▌L▄м▄Nл▌LлMб▄M▌л▄▌м▌L▄лнLнмлнB▄M▌л▄нм▌L▄лLL▄нлмн▄M▌л▄Nм▌L▄лLNм▌ллB▄M▌л▄NNм▌L▄NмнNлMLлмб▄M▌л▄▄м▌L▄▌лLNмMллмб▄M▌л▄▄Nм▌L▄нм▌Lл▄л▄B▄M▌л▄лNм▌L▄LNммлнмлм┌▄M▌л▄л▌м▌L▄LNлL▄нлMлMB▄M▌л▄лнм▌L▄LNммлнмлм┌▄M▌л▄мм▌L▄LNлL▄нлMлMB▄M▌л▄мNм▌L▄LNл█лNм▄лл┌▄M▌л█мм▌L▄▄лLLNмллMб▄M▌л█мNм▌L▄▄н▌нл▌B▄M▌л█м▌м▌L▄▄лLM▌лм▄лб▄M▌л▌Lм▌L▄█лмм▌мLлмб▄M▌л▌LNм▌L▄█NмMнл▄л▌▄M▌л▌L▌м▌L▄█Nм▄▌мLлMB▄M▌л▌Lнм▌L▄█Nм▄▌мLлMB▄M▌л▌Mм▌L▄█NлLMл▄▄м▄M▌л▌MNм▌L▄█NмMмлL▄лмб▄M▌л▌M▌м▌L▄█NнNл▄лN▄M▌л▌Mнм▌L▄█NмL▄нлMLлMB▄M▌лмLм▌L▄нNмLнллл█┌▄M▌лмLNм▌L▄нNмLнллл█┌▄M▌лмL▌м▌L▄нNмL▌мLллб▄M▌лмLнм▌L▄нNмM▄NлMLллB▄M▌лм▄▌м▌L█▌лLлMл▌B▄M▌лм▄нм▌L█▌л▄MнлMл▄▄M▌лм█м▌L█нлMLнмMл▌▄M▌млнм▌L█MнлLNллл▄б▄M▌ммм▌L█MнлLм▌лMLмB▄M▌мNм▌L██NммLнмм┌▄M▌мNNм▌L██NммLнмм┌▄M▌м█нм▌L██нлL▌лLл▄лм▄M▌м▌м▌L█▌NмнLнмLл█▄M▌мнNм▌L█л▌лNM▌лLLл█B▄M▌мMM▌м▌L▌MмнNм▄лмB▄M▌мMл▌м▌L▌NNнMNл▌л▄B▄M▌мMнм▌Lл▌лLNм▌LлB▄M▌мMнNм▌Lл▌мLLннлнB▄M▌мNм▌LлмLнлM█Lллб▄M▌м▄Mнм▌LлMл▄нн▄лм┌▄M▌м▄Nм▌LлMл▄нн▄лм┌▄M▌м▄NNм▌LлMлLLнлMNLл█B▄M▌м▄▄нм▌LлM▌мM█▌лLLл▌B▄M▌ммLNм▌LмLNмM█Nл▄лллб▄M▌ммL▌м▌LмLNл▄▌лLлмб▄M▌ммLнм▌LмLNл██Nм▄л█B▄M▌ммMм▌LмLNллL▌л▄л▄б▄M▌мм▄▌м▌LмMнмнмлL┌▄M▌мнMнм▌Lм▄ннL▌м▄н▄M▌мнNм▌Lм▄нлL█лMLл█B▄M▌ннм▌Lм▌нNMNм▄лм┌▄M▌нм▌Lм▌мMнл▄мB▄M▌нNм▌Lм▌лм█Nл▄лм▄M▌нL█нм▌MNм█нлллMB▄M▌нL▌м▌MNлL▌NлMLл▄┌▄M▌нL▌Nм▌MNл█лNм▄лM┌▄M▌нLлм▌MNл█лNм▄лM┌▄M▌нLлNм▌MNл▄нм▄л▌B▄M▌LNм▌M▄нMлл█лл█б▄M▌L▌м▌M▄нMлл█лл█б▄M▌Lнм▌M▄лLNлллллб▄M▌Nм▌MннMMнл█лм┌▄M▌▌м▌MннM█NлMллнB▄M▌Mм▌MNнLNллн▄M▌MNм▌MNлм▄Nл▄лн▄M▌M▄нм▌M▄▌мMNNлMLм▄M▌M█м▌M▄▌мнл▄Lмб▄M▌N▌м▌M█▌мм▄▌лLLлL▄M▌Nнм▌M█▌м▌Nнлмб▄M▌Nм▌M█▌мм▄▌лLLлL▄M▌NNм▌M█▌м▌Nнлмб▄M▌▄▄м▌MммMнлLм┌▄M▌▄лNм▌MмннMмлMллL▄M▌▄л▌м▌MннNл▄лл▄┌▄M▌▄лнм▌Mнм█MNм█LлM▄M▌▄мм▌MнNмLNллм▄M▌▄мNм▌MнNмLNллм▄M▌▄м▌м▌MнNм▄лNл█┌▄M▌█▌м▌MнлMLмNл█┌▄M▌█нм▌MннM▄▌лмллм▄M▌█▄▌м▌MнлLм▌м▄ллLб▄M▌█▄нм▌MнлLм▌м▄ллLб▄M▌██м▌MнлмлнлNLлMб▄M▌██Nм▌MнмнлмLл▄б▄M▌█мNм▌MLNлLLNлLллб▄M▌█м▌м▌MLNлLLNлLллб▄M▌█мнм▌MLNммлнмлм┌▄M▌█нм▌MLNлLMл▄▄м▄M▌█нNм▌MLNнL▌л▄▄лLб▄M▌мм▌MLNлL▄лм▄л▄▄M▌мNм▌MLNлL▄NлMLлLб▄M▌мLм▌ML▌ммнлLлм┌▄M▌мM▌м▌MLNлLLнлNлM▄M▌мMнм▌MLNмL▌NлLмб▄M▌мNм▌MLNлL▄нлMмб▄M▌мNNм▌MLNмL▌NлLмб▄M▌м▄м▌MLNлL▄нлMмб▄M▌м▄Nм▌MLNмнмлм┌▄M▌м▄▌м▌MLNм▌нлMл▄┌▄M▌м▄нм▌MLNлLNм▄л▌▄M▌нNм▌MLMнMмлл▄M▌нLм▌MLMнMмлл▄M▌нм▌MLлммMNмл▌B▄M▌м▌MLлммMNмл▌B▄M▌нм▌MLнм▌мMLлл┌▄M▌м▌MLнлLLм▌лLлм┌▄M▌N▌м▌MM█лNлLLлмB▄M▌Nнм▌MM█лNлLLлмB▄M▌▄▌м▌MM▌лLNNммLл▌B▄M▌▄нм▌MM▌лLNNммLл▌B▄M▌▄м▌MM▌л█Mнмл█B▄M▌▄Nм▌MM▌мL█NлмLл┌▄M▌▄Lм▌MMлNлLлнлMLлм▄M▌▄█Nм▌MMм▌мLLннлMб▄M▌▄█▌м▌MMм▌ммлмLл█┌▄M▌▄█нм▌MMм▌ммлмLл█┌▄M▌█Lнм▌MNNмл▌лLлл▄M▌█Mм▌MNNм█л▄лмB▄M▌█MNм▌MNNлNNнLлLб▄M▌█M▌м▌MNNмнNм▄лM▄M▌█Mнм▌MNNмнNм▄лM▄M▌█Nм▌MNNлLMмMлLб▄M▌█лнм▌MNLNм▌ллл█б▄M▌█мм▌MNLNлмNллм┌▄M▌█мNм▌MNLNнL▄ннLмB▄M▌▌Nм▌MNMмNлLLлнB▄M▌▌▌м▌MNMлLM▌лм▄мB▄M▌▌нм▌MNMм▄ннLLлLB▄M▌▌м▌MNMм██NлMLлLб▄M▌лNм▌M▄▌лLLлNлNLлL┌▄M▌л▌м▌M▄▌лLLлNлNLлL┌▄M▌лL▌м▌M▄ллл▄лнB▄M▌лLнм▌M▄лLLм▌лLлм▄M▌лMм▌M▄мл▄млLллB▄M▌лмнм▌M▄LлLLм▌лLллL▄M▌лнм▌M▄LлLLм▌лLллL▄M▌лнNм▌M▄LмNнNLлB▄M▌мм▌M▄Lм▌Lл▄л█B▄M▌мNм▌M▄LлLнл▄▄н▄M▌м▌м▌M▄Lлм█лL▄мB▄M▌мнм▌M▄LмнлмLм▄M▌мнм▌M▄L▌мLнм▄м▄M▌мLм▌M▄MмL▄NлMLл▄┌▄M▌мLNм▌M▄Mм▄ннLLл█▄M▌мL▌м▌M▄Mм▄ннLLл█▄M▌мLнм▌M▄Mм█NлMLлB▄M▌Nм▌M▄▌нNлLллл▄M▌▌м▌M▄▌нNлLллл▄M▌▄Nм▌M▄лнлLNлLнLл▌▄M▌м▌м▌M▄нлNMллл█┌▄M▌нм▌M█LмннлM▄M▌нNм▌M█LнммLлB▄M▌м▌M█Lмм▌мLлB▄M▌L█нм▌M█▌NлLLMNл█Lмб▄M▌L▌м▌M█▌NлLLMNл█Lмб▄M▌L▌Nм▌M█▌Nл█▌мл▄лB▄M▌Mлнм▌M█нллм▄л▌B▄M▌Mмм▌M█нл▌▌нLлB▄M▌MмNм▌M█нллм▄л▌B▄M▌Mм▌м▌M█нл▌▌нLлB▄M▌Mмнм▌M█ннм▄лм┌▄M▌NNм▌M▌▌нNл▄▄лN▄M▌NLм▌M▌▌лLнлML▄л┌▄M▌NLNм▌M▌▌нNл▄▄лN▄M▌NL▌м▌M▌▌лLнлML▄л┌▄M▌L▌Nм▌MлнлLм▌м▄лл█б▄M▌Lлм▌MлнмMNлMLмб▄M▌LлNм▌MлнлLм▌м▄лл█б▄M▌Lл▌м▌MлнмMNлMLмб▄M▌Lлнм▌MлннN▌лмллл▄M▌Lмм▌MлнлM▄NмллнB▄M▌LLMнм▌MлL▌мMлмм┌▄M▌LLNм▌MлL▌ннлNLлм▄M▌LLNNм▌MлL▌ннлNLлм▄M▌LL▄м▌MлL▌нM▌лNл▌B▄M▌LL█м▌MлMNмнNмллNB▄M▌LL█Nм▌MлMNмнNлMLмб▄M▌LL█▌м▌MлMNммлнмлLб▄M▌LMм▌Mл▄нNNлл▄мB▄M▌LMNм▌Mл▄нLMNлNLллB▄M▌LM▌м▌Mл▄нLMNлNLллB▄M▌LMнм▌Mл▄лL█▌лLмB▄M▌LMм▌Mл▄мм█▌мLм▄M▌LM▌м▌Mл█▌лL▄лL▄л▌▄M▌LM▌Nм▌Mл█▌м▄▌лLLлM┌▄M▌LMлм▌Mл█▌м▄нм▄нB▄M▌LNLнм▌Mлмм█▄м█LмB▄M▌LNMм▌MлмNмLNл▌л█┌▄M▌LNMNм▌MлмNлLL▄NлмLн▄M▌LNM▌м▌MлмNмLNл▌л█┌▄M▌LNMнм▌MлмNлLL▄NлмLн▄M▌LNNм▌MлмNлLмнлMLл┌▄M▌LNNNм▌MлмNмM▌л▄л▌▄M▌L▄MNм▌Mммлмнлллм┌▄M▌L▄M▌м▌MмлмNллмB▄M▌L▄Mнм▌MммM▌л▄лн▄M▌L▄▄Nм▌Mм▌нMнл▌мB▄M▌L▄▄▌м▌Mм▌лнMNмлLб▄M▌L▄▄нм▌Mм▌нMнл▌мB▄M▌L▄█м▌Mм▌лнMNмлLб▄M▌L▄нNм▌Mм▌лL▌млл█┌▄M▌L█м▌Mм▌лL▌млл█┌▄M▌L█Nм▌Mм▌нлNлMм▄M▌L█▌м▌Mмнлнм▄л█┌▄M▌L▌м▌Mм▄NнMLNнLл█┌▄M▌L▌Nм▌Mм▄NнMLNнLл█┌▄M▌LлNм▌Mм█NлLLNмллл┌▄M▌LмMNм▌MммнлLLLлм▄лL▄M▌LмM▌м▌MммнлLнNмLллN▄M▌LмMнм▌MммнлLM▌лMLлMб▄M▌LмNм▌Mммнлм▌Nнллб▄M▌Lм▄▌м▌MнNммL▌мллLB▄M▌Lм▄нм▌MнNн█▌млм▄M▌Lн▌м▌Mн▌лLLннLм▄M▌Lннм▌Mн▌лLLннLм▄M▌Lнм▌Mн▌лMл█л█▄M▌LнNм▌Mн▌лм█Nл▄л▄б▄M▌LнMм▌MнLNл▄Nл█Lм┌▄M▌LнMNм▌MнLNл▄Nл█Lм┌▄M▌LнM▌м▌MнLNнNмм▄M▌ML▌м▌MнMммлNм▄л▌▄M▌MLнм▌MнMммлNм▄л▌▄M▌MMм▌MнMм██нм▌лM▄M▌MMNм▌MнMм█Mннллм▄M▌Mлнм▌MнNнLнл█Lл█▄M▌MNм▌N▌нMнл▌LмB▄M▌M▌м▌N▌нMнл▌LмB▄M▌Mнм▌N▌лLм▌м▄ллм▄M▌Mм▌N▌м█Nлллл┌▄M▌MмNм▌NнLлнLл█▄M▌Mм▌м▌NнLлнLл█▄M▌Mмнм▌NммнмллN▄M▌Mнм▌NNл█лм▄ллб▄M▌MNм▌NM▌лLNNммLлB▄M▌MNNм▌NM▌лLNNммLлB▄M▌MLм▌NM▌ннмлн▄M▌MLNм▌NM▌ллнNнлнB▄M▌ML▌м▌NMнм▌Nнлм┌▄M▌MLнм▌NMнлмNл▄лм┌▄M▌MLм▌NMннMMлLLлмб▄M▌ML▄нм▌N▄ннLнNл▌лM┌▄M▌MMMнм▌Nл▌ммнлб▄M▌MMNм▌Nл▌ммнлб▄M▌MMNNм▌Nл▌ллммлн▄M▌MM▄▌м▌NмнмлMB▄M▌MM▄нм▌NмнмлMB▄M▌MM█м▌NмнMLNнLл┌▄M▌MNнм▌NNмлнмLлLб▄M▌M▄м▌NлLLнлNл▄B▄M▌M▄Nм▌NлLLLлм▄лB▄M▌M▄Lм▌NлLLLлм▄лB▄M▌M▄LNм▌Nлллнл▄л▄┌▄M▌M▄L▌м▌NмнлL▄л▄B▄M▌M▄Lнм▌NмнNмллB▄M▌M▄▄нм▌NLNнNNм▄лM▄M▌M▄█м▌NLNмNMнлM█Lл█б▄M▌M▄нм▌NMNмллнл█LлB▄M▌M▄нNм▌NMNл▄Nм▄лл▄M▌M█м▌NMNмллнл█LлB▄M▌M█Nм▌NMNл▄Nм▄лл▄M▌M█Mнм▌N▄млNнл▄▄M▌M█Nм▌N▄млNнл▄▄M▌M█NNм▌N▄лLMлMLлB▄M▌M▌Nм▌Nл▌ммммм┌▄M▌M▌▌м▌Nл▌ммммм┌▄M▌Mл█Nм▌NNлLNнLлM▄M▌Mл█▌м▌NNлмMмLл▄б▄M▌Mл▌Nм▌Nнм█▄▌м▄лл┌▄M▌Mм█Nм▌NM▌лнMнллл█B▄M▌Mм█▌м▌NM▌лмнмллLб▄M▌Mммнм▌NLлLMNмMллMб▄M▌Mмнм▌NLмн▌млл█┌▄M▌MмнNм▌NLм▄LнмB▄M▌Mнм▌NLNнLNлLлL┌▄M▌MнNм▌NLNнLнм▄лмB▄M▌Mн▌м▌NLNм█LNмLлB▄M▌NLм▌NLLлLNм▌LлB▄M▌NLNм▌NLLлLNм▌LлB▄M▌NM▌м▌NLLннLнNл▌лMB▄M▌NлNм▌NLNмNнNLм┌▄M▌NNм▌NL▄▌м█мнлнLл▌B▄M▌N▌м▌NL▄▌лмLл▄л▄▄M▌Nнм▌NL▄▌лл▄▌мл█▄M▌NMнм▌NL█нм▌мLллB▄M▌NNм▌NL█нм▌мLллB▄M▌NNNм▌NL▌NлMмNмнLлмб▄M▌N▄м▌NL▌NммлмLлн▄M▌NM▌м▌NMNммM▌мLлл┌▄M▌NMнм▌NMNл▄▌нлMB▄M▌NL█нм▌NMLнмLMнл█лм▄M▌NL▌м▌NMLнмннNLлл┌▄M▌NL▌Nм▌NMLнмннNLлл┌▄M▌NLл▌м▌NMM▌мнмллм▄M▌NLлнм▌NMM▌мML▌нLллB▄M▌NLмм▌NMM▌лLNлL▄лб▄M▌NLмNм▌NMM▌мнмллм▄M▌NLм▌м▌NMM▌мML▌нLллB▄M▌NLмнм▌NMM▌лLNлL▄лб▄M▌NLнм▌NMM▌л▄млMлмб▄M▌▄нм▌NMлнлLNNлм▄л█▄M▌▄м▌NMлнлLNNлм▄л█▄M▌▄Nм▌NMлннMMлLLлMб▄M▌▄▌м▌NMнNлMнм▄лм┌▄M▌▄▌Nм▌NMнNннмн▄M▌▄лм▌NMнNлMнм▄лм┌▄M▌▄лNм▌NMнNннмн▄M▌▄л▌м▌NMнNнLNмлм┌▄M▌▄Nм▌NNнл█Nлллмб▄M▌▄▌м▌NNнмл█NлL█Lлл┌▄M▌▄нм▌NNнмM█▌лLLл▌▄M▌▄LмлнMнNл█лMB▄M▌▄L█NмлмNNлLллMб▄M▌▄MLмлM▌лLNNлNлL▄M▌▄Mнмл▄нлNNNлLлл█б▄M▌▄MнNмл▄нм▄мнлм▄лмб▄M▌▄Nмл▄нлNNNлLлл█б▄M▌▄NNмл▄нм▄мнлм▄лмб▄M▌▄N▌мл▄нл▄млллB▄M▌▄▄▄▌млмNмMNNлMLлм▄M▌▄█м▌мл▌лLL▌NлNLл█┌▄M▌▄▌▌млLнMлNлLлL┌▄M▌▄▌нмлLнMNмл▌▄M▌▄▌LNмлMлм█нмл█▄M▌▄▌L▌млMмMнлM▄л▌▄M▌▄▌MмлM▌нNмллB▄M▌▄▌MNмлM▌мMнлLлнB▄M▌▄▌M▌млM▌лMммнLнB▄M▌▄▌MнмлM▌м█л▌ммLлM▄M▌▄▌NмлM▌мMнлLлнB▄M▌▄▌NNмлM▌лMммнLнB▄M▌▄лмлM▌м█л▌ммLлM▄M▌▄лNмлM▌лMммнLл▄B▄M▌▄лнмл▄мNлLлм▄M▌▄лмл▄мNлLлм▄M▌▄лмNмллммNNмLл▌B▄M▌▄лм▌мллммNNмLл▌B▄M▌▄лмнмллмнмллнB▄M▌▄млмлнNмллл█▄лл┌▄M▌▄млNмлнNм▄█▌мллB▄M▌▄мл▌млл▄Lнл▄лл█┌▄M▌█NNмлMнл█NNмл▄┌▄M▌█мNмлL▌лмллл┌▄M▌█м▌млLнл▄млMлNB▄M▌█мнмлLнлL▌лLLLлL┌▄M▌█нмлLнл▄млMлNB▄M▌█нNмлLнлL▌лLLLлL┌▄M▌█NмлL▌м▄▌мLм┌▄M▌█▄нмлLLNлм▄л▄л┌▄M▌█нмлLMNлллNмLлб▄M▌█нNмлLMNмлнмлм▄M▌█млLMNлммNнлмB▄M▌█NмлLMNмлл▌мLLмб▄M▌█▌млLMNмнлмLмб▄M▌█нмлLMNлLлMлмб▄M▌█LнмлL▄NмнLм▄м▄M▌█LмлL▄NлMмLLлM┌▄M▌█LNмлL▄NмнLм▄м▄M▌█L▌млL▄NлMмLLлM┌▄M▌█LнмлL▄▌л▄NNл█л█B▄M▌█LмлL▄▌нMMлLLл┌▄M▌█LNмлL▄▌м▄л▌лLллб▄M▌█LLмлL▄▌лмNNл▄л▌▄M▌█MмлLлNлммNнл▄б▄M▌█MNмлLлNм▄█нмNм┌▄M▌█M▌млLлNм▄█нмNм┌▄M▌█NнмлMNлнLнмнB▄M▌█NмлMNл▄нLлм┌▄M▌█NNмлMNннм▄л▌▄M▌█N▌млMNннм▄л▌▄M▌█NнмлMNл▄лнлMлмB▄M▌█▄млM▌н▄Nмллл▄M▌█▄L▌млMNнM█нлNLл▄б▄M▌█▄LнмлMNл█Mл▄л▌▄M▌█▄NNмлML▌мLнлMлл┌▄M▌█▄▄млML▌лNлLLлNB▄M▌█▄▄NмлML▌м▄Nл▄л┌▄M▌█▄█млMMм▄NмлB▄M▌█▄лмлMM▌м▌нлллл▄M▌█▄лNмлMM▌л█м▄лNB▄M▌██нNмлM▌NмLMнл█ллн▄M▌█▌▌млMлNлLNллллл┌▄M▌█▌нмлMлNлLNллллл┌▄M▌█▌млMл▌млм▌л▄лм┌▄M▌█▌NмлMл▌нMлнлM▄м┌▄M▌█▌MнмлMмNн▌л▄ллNB▄M▌█▌NмлMмNл▄м▄мB▄M▌█▌NNмлMмNнLмм▄лM▄M▌█лмлMмNлLMNл▄▄л█┌▄M▌█лNмлMмNлLMNл▄▄л█┌▄M▌█л▌млMмNлNMлллN▄M▌█лнмлMмNнLллLллB▄M▌█лмлMмнлLMлLлмB▄M▌█лNмлMмнл█▄NлLл█┌▄M▌█л▌млMмнлLMлLлмB▄M▌█лнмлMмнл█▄NлLл█┌▄M▌█лмлMнлмLл▄м▄M▌█лNмлMннLнNл▌л▄б▄M▌█лLмлMнл▄мNмлм▄M▌█лLNмлMнл▄мNмлм▄M▌█лL▌млMнмLлллB▄M▌█л█NмлN▌м▌нNLлMB▄M▌█мMнмлNLNл▌млм▄M▌█мммлNMннL▌млм▄M▌█ммNмлNMнлмNллмB▄M▌█мм▌млNMнлмNллмB▄M▌█нLNмл▄NммлMлм▄M▌█нL▌мл▄Nм▌лLлл█б▄M▌▌мл▄MнлNNлLлл▄▄M▌▌Nмл▄NмнмллM┌▄M▌▌L▌мл▄▄нLнл█Lлм▄M▌▌█Nмл▄█NлLнм▄▄л█б▄M▌▌м▌мл▄▌NлLнNмLллN▄M▌▌мнмл▄▌NлL▌мLл▌▄M▌▌Nмл▄лнлмнлL█Lл▌▄M▌▌▌мл▄мнLлнLл█б▄M▌▌нмл▄мнLлнLл█б▄M▌▌мл▄млм▄Nл▄лм┌▄M▌▌MNмл█▌л█л▌нLлл┌▄M▌▌M▌мл█▌л█л▌нLлл┌▄M▌лнмл█▄млмLLл▄B▄M▌лмл█▄лллNмLлNB▄M▌ллмл██нмNLNлL█LлNB▄M▌ллNмл██нмLLннл█б▄M▌лл▌мл██нлLL▄NлмLлM▄M▌лнмл█л▌мм▌лLлл█B▄M▌лмл█нNл█MнмлB▄M▌лNмл█нNнMмлMлмB▄M▌л▌мл█нNнMNлM▄лмб▄M▌лнмл█нNнMNлM▄лмб▄M▌лмл█нNмLLлL▄лл┌▄M▌лLLNмл▌нл█лнлNLм▄M▌лLL▌мл▌нлMнлL▄м▄M▌лLM▌мл▌Nл▌LннллB▄M▌лLMнмл▌Nл▌LннллB▄M▌лLNмл▌NлM█▌млLлм┌▄M▌лLNNмл▌LNлмNл▄лб▄M▌лL▄мл▌LNлLM▌м█лл▄▄M▌лL▄Nмл▌LNм█▄м█LлL▄M▌лL▄▌мл▌LNмM▌л▄л▄б▄M▌лL▄нмл▌LNм█▄м█LлL▄M▌лL█мл▌LNмM▌л▄л▄б▄M▌лL█Nмл▌LNлLL▌нLллб▄M▌лL█▌мл▌LNлмл▌мLл▌B▄M▌лLмNмл▌MлмMнммB▄M▌лLм▌мл▌Mл▌▌лM▄м┌▄M▌лLмнмл▌MлNLнлLл▄┌▄M▌лMNмл▌Mнмлнмллмб▄M▌лM▌мл▌MнлLLNнлб▄M▌лMлNмллнл██нм▄лл┌▄M▌лMл▌мллнмNNNнMллл┌▄M▌л▄▌млл▄▌л█нNл▄▄л▄B▄M▌л▄лнмлл█мнмллмб▄M▌л▄ммлл█млнмLлN▄M▌л▄мNмлл█мNл▄▄лL┌▄M▌л▄м▌млл█мNл▄▄лL┌▄M▌л▄мнмлл█лNMNл█лм▄M▌л█мNмллмNмNнNLл█B▄M▌лл▌млмLлннм▄л█┌▄M▌лл▌NмлмLлннм▄л█┌▄M▌ллнNмлмLнлмNлллMB▄M▌лммлмLнл▌NNмлN▄M▌лмNмлмM▌л▄▌лLлMб▄M▌лмLмлмM▌л█нм▄м┌▄M▌лмLNмлмM▌нM█нлNLлм▄M▌лмL▌млмM▌лNнллл┌▄M▌лмNмлмNNмнлL▄л▄б▄M▌лмNNмлмNNл▄█NлM▄лN▄M▌лмл▌млм█▌мLлллL▄M▌лнLNмлмлнмM▌мMллN▄M▌лнL▌млмлнммм┌▄M▌лнLнмлмлнллнл▄лMб▄M▌лнMмлммлL▄лм▄лл┌▄M▌лнMNмлммNнNNNмлл┌▄M▌лнM▌млммNнNNNмлл┌▄M▌м▌млммнллNNл▄лMB▄M▌мнмлммнл▄█нмLлм▄M▌ммлммнм█L▌мLмб▄M▌мNмлммнмMNлMLм┌▄M▌м▌млммнмMNлMLм┌▄M▌мнмлммнм█▄м█Lл█B▄M▌м█Nмлн▌лм▌Nнл┌▄M▌м█▌млн▌мNлLLлLб▄M▌м█нмлн▌мNлLLлLб▄M▌м▌млн▌нM▄л█лл┌▄M▌м▌Nмлн▌нNнлллB▄M▌мL▄▌млNм█нNлMлмB▄M▌мL▄нмлNмMмнмLмB▄M▌мL█млNмMмнмLмB▄M▌мNNмл█NмMл▌нLлL┌▄M▌м▄LNмл▌Nм▌NлмLлн▄M▌м▄L▌мл▌NнMNлL▄л▄B▄M▌м▄Lнмл▌Nл██▌м▄м┌▄M▌м▄Mмл▌Nл▄ллLлмб▄M▌м▄MNмл▌NнM▄Nл█лм┌▄M▌м▄M▌мл▌NлLлML▄мB▄M▌м▄▄Nмлл▌л▄M▌мNLмB▄M▌м▄█нмлмн▄мллL▄M▌м▄▌млмн▄мллL▄M▌м▄▌NмлммнMм▄нB▄M▌м█▄млнлLмNLл┌▄M▌м▌▌мллLL▌мLлL┌▄M▌м▌▌млLл▄ллLлмB▄M▌м▌нмлLмм▄▌лLLнB▄M▌м▌млLNлмNллллб▄M▌м▌NмлLNл█лNм▄лMB▄M▌м▌MнмлMммNмMLлL▄M▌м▌NмлMмлMNлLLлM┌▄M▌м▌NNмлMмлMNлLLлM┌▄M▌млмлMмLмлL▄лB▄M▌мнмлмннNмлнB▄M▌мнNмлмнлLмNлллл█▄M▌мнLмлмнл█нмл▄л▄б▄M▌мнLNмлмнлLмNлллл█▄M▌мнL▌млмнл█нмл▄л▄б▄M▌нMNмл▌нM▌лMлм▄M▌нM▌мл▌мLL▌лNLлLB▄M▌нлнмлMммл▌млN▄M▌нммлMммл▌млN▄M▌нмNмлMмMнлLлл┌▄M▌нм▌млMм▄Nл▄Lл▄┌▄M▌нмнмлMNлL█млMб▄M▌ннмлMNлL█млMб▄M▌ннNмлMNлNллл▄┌▄M▌нмлMNмLNNлLлл▌B▄M▌нLмлLлLLмLLл▌▄M▌нLNмлLл██м▄мB▄M▌нMмлL▌лNNлLлл█▄M▌нMNмлL▌мLMлLLмб▄M▌н▄NмлLнNнл▌ллб▄M▌н▄▌млLNмMлMл┌▄M▌н▄нмлLNмл▄млLм▄M▌н█млLNмMлMл┌▄M▌н█NмлLNмл▄млLм▄M▌нLNмлLLнм▄▄NлLLлл┌▄M▌нL▌млLLнм▄▄NлLLлл┌▄M▌нLнмлLLннLNм▄л█б▄M▌нNNмлLM▌лммнмлл▄б▄M▌нMлмлLмнлмлNнл▌▄M▌нNLNмлMнN▌л█лллб▄M▌нNL▌млMнN▌л█лллб▄M▌млMNн▌л▄Lлн▄M▌NмлMNнNнлLB▄M▌▌млMNлн▌м▄л┌▄M▌▄NмлMMNнLнл▄▄м┌▄M▌▄▌млMMNнLнл▄▄м┌▄M▌л▌млMNлLлNл█▄лнB▄M▌лнмлMNмMNлMLллб▄M▌ммлMNмMNлMLллб▄M▌мNмлMNм▄▄мм┌▄M▌нмлM▄▌лLлнлл▄мб▄M▌млM▄▌лLлнлл▄мб▄M▌M▌млM█NлLL█л█Lм┌▄M▌▄▌млM▌Nл▄█▌млL▄M▌▄нмлM▌Nммнл▌▄M▌█млM▌Nннмл▄┌▄M▌NNNмл▄LNл▌▌нLлл┌▄M▌▄мл▄LNл▌▌нLлл┌▄M▌▄Nмл▄LNл▌M▌ллLмб▄M▌█мл▄▄Nм█▄нмMLл▄B▄M▌█Nмл▄▄Nм█▄нмMLл▄B▄M▌█▌мл▄▄NлLLMлнм▄M▌█нмл▄▄NнLLNл▄лб▄M▌█мл▄▄▌нL▌NлMллNB▄M▌█Nмл▄▄▌мM▌нLлL▄M▌▌LNмл▄л▌лLLнNннB▄M▌л▌мл█▌л▄M▌мNLллB▄M▌л▌Nмл█▌лLлNл█▄н▄M▌ллмл█▌лMл█лм┌▄M▌мNмл█нлммNнл▄б▄M▌м▌мл█ннм▌лNLлMB▄M▌мнмл█ннм▌лNLлMB▄M▌ммл█мн▌мLлм▄M▌мNмл█мн▌мLлм▄M▌мNмл█LNмммллLB▄M▌нLнмл█NNл█нмл▄лм┌▄M▌нNмл█▄Nм▄л▄л█B▄M▌нNNмл█▄NмнM▌млL┌▄M▌мл█▄NлLMнNLл▄┌▄M▌Nмл█▄NлLMнNLл▄┌▄M▌▌мл█▄NнNM▌лMлмB▄M▌нмл█▄▌мн▌млллB▄M▌мл██NмM█Nл▄лм┌▄M▌Nмл██NлMнлL▄лLB▄M▌▄мл█лм█NллллB▄M▌▄Nмл█ллмнмлм▄M▌▄▌мл█ллмнмлм▄M▌▄нмл█лнл▄▄лL▄M▌▌мл█мнмл█▄M▌нмл█ммнLл▌▄M▌мл█ммнLл▌▄M▌Nмл█мн▌ллмб▄M▌█▌мл█нNлл▌мллM▄M▌█нмл█нNмнLлB▄M▌▌мл█нNлл▌мллM▄M▌▌Nмл█нNмнLлB▄M▌MнNмлл▌лLлNлLл█B▄M▌N▌мллнMнлMLл▌B▄M▌Nнмллм▌нлMлM▄M▌NмллNмлл▄л▌▄M▌NNмллNмлл▄л▌▄M▌NLмллNлNLнлLм▄M▌▄NмллL▌нLLл▌лLB▄M▌▄▌мллL▌м▄лллL▄M▌▄нмллL▌нNNм▄лL┌▄M▌▄мллL▌лLл▄лнB▄M▌▄LмллMлLNл▄лM▄M▌▄LNмллMммлнмлб▄M▌▄L▌мллMлLNл▄лM▄M▌▄LнмллMммлнмлб▄M▌▄MмллMнLл▄▄л█▄M▌▄▌NмллNNммлмLлмб▄M▌▄лмллNNммлмLлмб▄M▌▄лNмллNNм▄мнлм▄лLB▄M▌мMNмлмMNлLлMLмB▄M▌мM▌млмMNн█нлM▄л▄B▄M▌мMнмлмMNнLNNл█▄мB▄M▌мNмлмM▌лLNнLмб▄M▌мNNмлмM▌лLLNмLLл█┌▄M▌м▄млмM▌лLLNмLLл█┌▄M▌м▄NмлмM▌лллNмLл█▄M▌мнNмлм▄Nлл▄нмлLB▄M▌нL▌млм█Nм█нмлл▄┌▄M▌мNмлн▌м▄лNнL▄лMB▄M▌мнмлнмMNNлMLлмб▄M▌LMмлNмLл▌лLLл┌▄M▌LMNмл▌лLL▌NлNLллB▄M▌LM▌мл▌лLL▌NлNLллB▄M▌L▄NмллLLNмлм▄M▌L▄▌млнLNм▄м▄M▌MLNмлLNлLMнлмLлMб▄M▌ML▌млLNлLMнлмLлMб▄M▌M▄нмлMнлмллллB▄M▌M█млMнлмллллB▄M▌Mмнмл▄NлнNл▄█Lл▄б▄M▌Mнмл▄NлнNл▄█Lл▄б▄M▌Nмл█мMмNмлм▄M▌NNмл█мLLлL▄л█B▄M▌N▌мл█NлLNNммLлLб▄M▌Nнмл█NмLNл▌м┌▄M▌Nмл█NллNл▄лмб▄M▌NNмл█NллNл▄лмб▄M▌NLмл█NлLLммLлл┌▄M▌Lмл▌NнNL▌лMлM▄M▌LNмл▌NлM▄▌мMлб▄M▌L▌NмллLLMNл█Lл▄B▄M▌LNмлмM▌мMлл▄┌▄M▌L▌млмннNLлм┌▄M▌LнмллMнNлLлM┌▄M▌LNмлMл█▌м▄ллб▄M▌LмлM▌лL▌Nмлл▄▄M▌LNмлM▌м▄лNнL▄м┌▄M▌L▌млM▌лL▌Nмлл▄▄M▌LнмлM▌м▄лNнL▄м┌▄M▌LмлM▌нMNлM▄лLб▄M▌LLмл▄▌нNлLллMB▄M▌LLNмл█NлNNлллм┌▄M▌LLNNмл█NмлMнл▄лн▄M▌LL▄мл█NмлMнл▄лн▄M▌LLлнмл▌нM▌лLLл█B▄M▌LLммл▌нM▌лLLл█B▄M▌LM▄нмлммMмлL▄лNB▄M▌LM█млммMмлL▄лNB▄M▌LM█NмлмнMлнлM▄м▄M▌LNM▌млл▌нл▄▄мб▄M▌LNMнмллLLмLLлмB▄M▌L▄L▌млнммнмлллб▄M▌L▄LнмлмM▄нл▄ллMB▄M▌L▄MмлмM▄нл▄ллMB▄M▌L▄MNмлнNMм▄л▄▄M▌L▄M▌млмLнлLлл█▄M▌L▄лNмлLнмM▌мMллмB▄M▌L▄л▌млLнлLLNNлмLлB▄M▌L▄лнмлLннмнмлмб▄M▌L█нмлMнллм▌нл┌▄M▌L█L▌млNNм█нлллл▄┌▄M▌L█▄NмлLнммMмлB▄M▌L▌нмлLLNнLMNлNLл▄┌▄M▌L▌NмлLLнмL▄нлMLлб▄M▌LллнмлL█нм█LнмLллB▄M▌LлммлL█нм▌л▄LлL┌▄M▌LлмNмлL█нлLм▌м▄лл█┌▄M▌Lм▌млLлNнMлнлM▄л▄▄M▌LмнмлLлNмнмлл┌▄M▌MмлMнмлнллб▄M▌MMмлMмLLNлNлMB▄M▌MMNмлMмLLNлNлMB▄M▌MM▌млMмл▌Nл▌лл▄M▌MMмлMMнм█▌лML▄мб▄M▌MмнмлM▄ннL█нмLм▄M▌MнмлM▄ннL█нмLм▄M▌MнNмлM█мNNл▄лN▄M▌MмлM█нлллM▄M▌MNмлM█млнлLл▌B▄M▌M▌млM█Nл▄NNл█л▄B▄M▌MMнмлN▌лл█нл▄мб▄M▌MMмлN▌нLнмLл█┌▄M▌MMNмлN▌нMнлMлм▄M▌MMLмлN▌лл▄нмлM▄M▌MMLNмлNнммLнмлNB▄M▌MML▌млNнммLнмлNB▄M▌MMLнмлNлLNлL▄л▌B▄M▌MMMмлNм▄▄нлLмлб▄M▌MMMNмлNлн▌м▄лNB▄M▌MMM▌млNмLмNлNLм┌▄M▌MMMнмлNм▄▄нлLмлб▄M▌MMNмлNлн▌м▄лNB▄M▌MMNNмлNмLмNлNLм┌▄M▌MM▄млNлнннLл▌▄M▌MMнмлNNмлMлNB▄M▌MMнNмлNNмлMлNB▄M▌M▄MнмлNM▌лNлLл▄B▄M▌M▄NмлNM▌мMM▌мLлнB▄M▌M█LмлLнлл▄▌ммB▄M▌M█LNмлLнмMLлL▄л█┌▄M▌M█L▌млLнмMLлL▄л█┌▄M▌M█▄NмлLнлмLл▄л█┌▄M▌M█▄▌млLнмMMNлLLм▄M▌M█нNмлLLNл▄лнлMллм┌▄M▌Mл█▌млL▄Nм▄мNлллб▄M▌Mл█нмлL▄Nл▄█лллLB▄M▌MмLмлL█нмлLNнлLб▄M▌MмLNмлL█нмлLNнлLб▄M▌MмL▌млL█ннл▌лMлL▄M▌Mм█▌млLлNмM█лнлмB▄M▌Mм█нмлLлNлллмLлм▄M▌Mм▌млLлNмM█лнлмB▄M▌Mм▌NмлLлNлллмLлм▄M▌N▄NмлL▌м█Nлллл┌▄M▌N▄▌млL▌м█Nлллл┌▄M▌N▄нмлL▌мнлMлLB▄M▌N█млLнлмл▌мLл▄б▄M▌N█NмлLннм▄LлMб▄M▌N█▌млLмNнNLлB▄M▌N█нмлLнNLNлMлм┌▄M▌N▌NмлLLнLMNлNLлM▄M▌NлмлLLмMм▌ллLл█▄M▌NлNмлLLNлNлллмB▄M▌NмлLM▌мLLннл▄┌▄M▌NNмлLM▌ннмл█▄M▌NмнмлL█нллL▌л▄л▄┌▄M▌NнмлL█нм██NлMLл▄б▄M▌NL▄▌млLллLNлL▄л▄▄M▌NL▄нмлLмнM▌млLб▄M▌NLм▌млLNнннл▌▄M▌NM▌млLл█нмл▄мB▄M▌NM▄▌млLMNмLNNлLлл▌B▄M▌NM▄нмлLMNнм▄Lл▄б▄M▌NM█млLMNмLNNлLлл▌B▄M▌NM█NмлLMNнм▄Lл▄б▄M▌NMммлLNлLNNлм▄лмB▄M▌NMмNмлLNнM▌млм▄M▌NNM▌млLLнл▌лLлL┌▄M▌NNMнмлLLннMммB▄M▌LмлLLNмнNм▄лмб▄M▌LмлLLлллNмLлM▄M▌LLмлLLLлM▌мLллн▄M▌LLNмлLLLнMнлMм┌▄M▌LL▌млLLLнMNл▌лмB▄M▌L▄NмлLLL▌мL▌ллллл▄M▌L▄▌млLLLнлLLNмллL┌▄M▌L▄нмлLLLнмNNлMLлм▄M▌L█млLLLнлLLNмллL┌▄M▌L█NмлLLLнмNNлMLлм▄M▌L█▌млLLLнннNнм┌▄M▌L█нмлLLLнллмNм▄лм▄M▌Lл▌млLLM▌мLнлMлL┌▄M▌LлнмлLLM▌мнм▄лM▄M▌LNмлLL▄NмNнлL█Lл▌B▄M▌L█▌млLL█NммNллллM┌▄M▌L█нмлLL█NлL▌мLн▄M▌LмлLLлл█мл▄лл▄▄M▌LNмлLLлллнNннB▄M▌L▌млLLлм▄Nл▌LлM┌▄M▌LнмлLLлNмнлMл▌▄M▌LмлLLлNллм▄лB▄M▌LNмлLLлNнNм▄LлMб▄M▌LNмлLLлнлммNнлN▄M▌LLмлLLлнм▄MнлNLм┌▄M▌LMмлLMNл▄MнлMм▄M▌L▄▄▌млLM▌мM▌мMллM▄M▌L▄мNмлLMлнлLNлL▄л▌B▄M▌L▄м▌млLMлнлннм▄мб▄M▌L▄мнмлLMлнлLNлL▄л▌B▄M▌L▄нмлLMлнлннм▄мб▄M▌L▄нNмлLMлнм█▄Nм▌LлL▄M▌L█▌млLMмNн▌мLм▄M▌L█нмлLMмNл▄NNл█л┌▄M▌LлмлLNнллл▄л█б▄M▌LлNмлLNнллл▄л█б▄M▌Lл▌млLNнлLM▌ммLмB▄M▌Lл▌NмлLNMNнMMлLLл▌B▄M▌LллмлLNMNнL█нLлN▄M▌Lм▌млL▄нлллNB▄M▌LмнмлL▄нMMлLLл▌B▄M▌LммлL▄нMMлLLл▌B▄M▌LмNмлL▄нNNмMлB▄M▌LмммлL▄▌м█▌мLлLб▄M▌LммNмлL▄▌м█▌мLлLб▄M▌L█NмлL▄NNлLNллллн▄M▌L█▌млL▄NNмMл█▄м▄M▌LNмлL▄▌л▄▌мл▄лM▄M▌LNNмлL▄▌л▄▌мл▄лM▄M▌L█▌млL▄лNнM▄нлNLл█б▄M▌L█нмлL▄лNллNNл▄лN▄M▌L▌млL▄лNллNNл▄лN▄M▌L▌NмлL▄л▌нLнNл▌лм▄M▌LлмлL▄л▌нLнNл▌лм▄M▌LлNмлL▄л▌лLL█NмLллM┌▄M▌Lл▌млL▄л▌мNл▄LмB▄M▌LлнмлL▄лнмLNл▌м┌▄M▌LммлL▄лнлMнм▄ллB▄M▌LмNмлL▄лнлм▄л▄л▄▄M▌Lм▌млL▄лнмLнлMл┌▄M▌LмнмлL▄мм█нмлл▄B▄M▌LнмлL▄млLMл▄▄лL▄M▌LнNмлL▄млLMл▄▄лL▄M▌LмлL▄ммлMнл▄лм▄M▌LNмлL▄ммNнлмB▄M▌L▌млL▄ммMмнмLлм┌▄M▌LLлNмлL█нлLL█л█LлM┌▄M▌LLл▌млL█нлLL█л█LлM┌▄M▌LLлнмлL█нмл▌Nл▌лLб▄M▌LML▌млL█MNмнLNм▄л█B▄M▌LMMмлL█MнлL▌лNLлл▄M▌LMMNмлL█MнлLLмнлMнB▄M▌LMM▌млL█Nм█Nллм▄M▌LMMнмлL█NлLNлML▄л▄▄M▌LMNмлL█Nм█Nллм▄M▌LMNNмлL█NлLNлML▄л▄▄M▌L▄млL█▌лMнNлLл▄б▄M▌L▄NмлL█▌лLLM▌мLллNB▄M▌L▄▌млL█▌лLнлLLлл▄M▌L▄нмлL█▌лLнлLLлл▄M▌L▄ммлL█мнм▄ллл▄▄M▌L▄мNмлL█нмл▌лL▄л▄▄M▌L▄м▌млL█нлLMл▄▄лL┌▄M▌L▄мнмлL█нлLMл▄▄лL┌▄M▌L▄нмлL█нл▄LNм█м▄M▌L█млL▌▌ллNл▄л▄B▄M▌L█NмлL▌▌мнл▄▄лM┌▄M▌L█LмлL▌нлL▌лLл▄лMб▄M▌L██нмлL▌нмм┌▄M▌L█м▌млL▌LNм█▄Nм▌LлнB▄M▌L█мнмлL▌LNн▌мллLб▄M▌L█нмлL▌LNм█▄Nм▌LлнB▄M▌L█нNмлL▌LNн▌мллLб▄M▌L▌млL▌L▌м▄▄нлLмлнB▄M▌L▌NмлL▌L▌нMл█л▌B▄M▌L▌▌млL▌L▌мMнмMлл▌B▄M▌L▌нмлL▌L▌нмм┌▄M▌L▌млL▌L▌мMнNмлл┌▄M▌Lм▌NмлLлNннл▄м▄M▌LмлмлLлNлм█Nл▄нB▄M▌LнмлLл▄NмMл█▄лн▄M▌LнNмлLл▄NлL▄NлMLн▄M▌Lн▌млLл▄NлL▄NлMLн▄M▌L█▌млLлммNл▄▄лNB▄M▌L█нмлLлммNл▄▄лNB▄M▌LнмлLлнлл█мл▄┌▄M▌LNNмлLм▌л█▌мл▄л█B▄M▌L▄млLм▌лLмлMлл▌B▄M▌L▄NмлLм▌м▄мNлллмB▄M▌L▄▌млLм▌нLмNм▄мб▄M▌LммлLмNннNнлL▄M▌LмNмлLмNлLмлMллL┌▄M▌Lм▌млLмNннNнлL▄M▌LмнмлLмNлLмлMллL┌▄M▌LнмлLмNнM█▌лMллмB▄M▌LнNмлLмNммL▌мллм▄M▌LмлLмNнMMNмлм▄M▌LLLнмлLмNлLл▄лм▄M▌LLMнмлLм▄нMNлL▄лL┌▄M▌LLNмлLм▄лLL▌нлM▄M▌LLлмлLм█NмлM▌лNLм┌▄M▌LM▌млLм▌м█нллллN▄M▌LMнмлLм▌лM▄нмLл█▄M▌LMмлLм▌м█нллллN▄M▌LMNмлLм▌лM▄нмLл█▄M▌LM▌млLм▌нлнллм▄M▌LMммлLммNнLлLлMB▄M▌LMмNмлLммNмл▌мL▄лL▄M▌LMм▌млLмм▌л█Lм▄лLб▄M▌LMмнмлLмм▌нMлллLб▄M▌LMнмлLмм▌мNлM█LлLб▄M▌LMнNмлLмм▌л█Lм▄лLб▄M▌LNмлLмм▌нMлллLб▄M▌LNNмлLмм▌мNлM█LлLб▄M▌LN▌млLммнн▌л▄LлB▄M▌LNнмлLммннLл▌лMLлмB▄M▌LNLнмлLмнNлMMнм█LлMб▄M▌LNMмлLмнNлMMнм█LлMб▄M▌LNMNмлLмнNммлNм▄лN▄M▌LNM▌млLмнNллMNл▄лл▄M▌LLLNмлLнLNннм▄лN▄M▌LLL▌млLнLNлL█▌лLмб▄M▌LLLнмлLнLNмллнл█Lл▄B▄M▌LLMмлLнLNмл▄▌лмлN▄M▌LLMNмлLнLNмллнл█Lл▄B▄M▌LLM▌млLнLNмл▄▌лмлN▄M▌LLMнмлLнLNлLNлLнLлл▄M▌LLNмлLнNNл▌млм▄M▌LL▌млLнNNм▄Lнмллн▄M▌LLнмлLнNNм▄█лL▄л▄B▄M▌LLLNмлMннLNлMLлм▄M▌LLLNNмлMнLнм▌лMB▄M▌LLLнNмлML▌лL▌лLLLл█б▄M▌LLMмлML▌лLлнлл▄м┌▄M▌LLMNмлML▌л▌L▌лLLллб▄M▌LLM▌млML▌л▌L▌лLLллб▄M▌LL▄▌млMлNм▌M▌мLм┌▄M▌LL▄нмлMл▌мNMNмMлмB▄M▌LL▄млMл▌нLNл▄▄лMB▄M▌LL▄NмлMл▌нLNл▄▄лMB▄M▌LLлмлM▄лллNмLлMб▄M▌LLлNмлM▄лLLNммLлL▄M▌LLлNNмлM▄нмL█нлнLм▄M▌LLл▄млM▄ннL▌м▄л█▄M▌LLл▄NмлM▄ннL▌м▄л█▄M▌LLл▄▌млM▄нмл█NлL█Lллб▄M▌LLл▄нмлM█нMMNмлл┌▄M▌LLл█млM█лLл▌лLллб▄M▌LLл█NмлM█нL▌лMл▄б▄M▌LLмNмлMлNм█▄нмMLл▄б▄M▌LLмлнмлMлLL▌NлNLлн▄M▌LLмммлMлLL▌NлNLлн▄M▌LLнMмлMNлLMнм▌мB▄M▌LMнмлMNм██нм▌м┌▄M▌LMмлMNлLлнлл▄л▄▄M▌LMM█NмлML▌NллнлLLлм▄M▌LMM█▌млMLлмннNLлNB▄M▌LMM█нмлMLлNлLLLнмLл▄▄M▌LMM▌млMLлNлNлLLлMб▄M▌LMM▌NмлMLлNнMMлLLлб▄M▌LMMлмлMLлNнMMлLLлб▄M▌LMMлNмлMLлNлM▄▌мMл█┌▄M▌LM▄нмлMMлLM▌лм▄л█┌▄M▌LM▄млMMмL▌NлLмB▄M▌LM▄NмлMMлMLнмMлM┌▄M▌LM▄LмлMMмL▌NлLмB▄M▌LM▄LNмлMMлMLнмMлM┌▄M▌LM▄L▌млMMл▄▌мл▄л▌B▄M▌LM▄▄нмлMMнлL▄▌лMл█B▄M▌LM▄█млMMнлL▄▌лMл█B▄M▌LMлNмлMM█NлLL▄нлмл▄B▄M▌LMл▌млMM█Nлл▄нмлм┌▄M▌LMлнмлMM█Nлл▄нмлм┌▄M▌LMл█NмлMMл▌лLMнм▌мB▄M▌LMл█▌млMMл▌лMмLLлB▄M▌LMллNмлMMмлLнл▄▄лM┌▄M▌LMлл▌млMMмммMмл█B▄M▌LMллнмлMMмлллNмLлм▄M▌LMлммлMMмлллNмLлм▄M▌LNмлMNNлNNлллLб▄M▌LNNмлMNNNлLнNл█м┌▄M▌LN█нмлM▄Nм█ллл▌▄M▌LN▌млM▄Nм▌LNмLлмB▄M▌LN▌NмлM▄Nм▌LNмLлмB▄M▌LNLмлM▄Lл▌нлLллL▄M▌LNLNмлM▄LлL▌NлMLл▄B▄M▌LNL▌млM▄Lлммнмллн▄M▌LNмNмлM▄MNннлNLл█▄M▌LNмлM▄Nл▌л▄Lл▌B▄M▌LNNмлM▄Nн▌л▄ллL▄M▌LNLLнмлM▄█нн█нлллмB▄M▌LNLMмлM▄█нн█нлллмB▄M▌LNLMNмлM▄█нл▌нлLлм▄M▌LNLM▌млM▄█нмMлмл▄▄M▌LNMNмлM▄мNлLнм▄▄лN▄M▌LNMMNмлM▄нл▄▌лLлB▄M▌LNMM▌млM▄нлLL▄нлмл┌▄M▌LNMMнмлM▄нл▄▌лLлB▄M▌LNMNмлM▄нлLL▄нлмл┌▄M▌LNMNNмлM▄нм█L▌мLлLб▄M▌LNM▄NмлM█нLMNлNLлNB▄M▌LNM▄▌млM█нLMNлNLлNB▄M▌LNM▄нмлM█нL█нмLлб▄M▌LNN▌млM█нлLллM█мB▄M▌L▄▌NмлM█▄лM▄м▄Lлл▄M▌L▄лмлM█▄лмNл▄лMб▄M▌L▄лNмлM█▄лM▄м▄Lлл▄M▌L▄л▌млM█▄лмNл▄лMб▄M▌L▄лнмлM█▄лM▌лнлм┌▄M▌L▄ммлM█▄лLLNлLллб▄M▌L▄мNмлM█▄млнMл▄┌▄M▌L▄м▌млM█▄NлL▄лм▄л┌▄M▌L▄мнмлM█▄NммMмлм┌▄M▌L▄лNмлM█лл█▄нмлл┌▄M▌L▄LNмлM▌мNMл█▄ллL┌▄M▌L▄L▌млM▌мNMл█▄ллL┌▄M▌L▄LлнмлM▌л▌MлNLл▌▄M▌L▄LммлM▌лNнLл█▄M▌L▄LмNмлM▌Nм▄▄нлLмл▌▄M▌L▄Lм▌млM▌Nлммнмллл▄M▌L▄LмнмлM▌NлLнмMллн▄M▌L▄ML▌млM▌LнлLLнлм▄лLб▄M▌L▄MLнмлM▌LнмNNNнMллMB▄M▌L▄MMмлM▌LнмNNNнMллMB▄M▌L▄MMNмлM▌Lнл█▌Nм▄лM┌▄M▌L▄▄█▌млMлL▌мL█лLLлмб▄M▌L▄▄█нмлMлL▌мл█нлмлнB▄M▌L▄▄▌млMлLннMнмLл▌B▄M▌L▄█NмлMлNнмлLлл▌B▄M▌L▄█▌млMлNнL█нмLлл┌▄M▌L▄█нмлMлNлнMNмлнB▄M▌L▄█MмлMл▄NмлLLлM▄M▌L▄█MNмлMл▄NнLмNм▄лм▄M▌L▄█M▌млMл▄NнLмNм▄лм▄M▌L▄█нNмлMл▌ллм▌нмб▄M▌L▄▌млMл▌ллNм▄лнB▄M▌L▄▌NмлMллмLNлLллнB▄M▌L▄▌▌млMллл█NнLм▄M▌L▄л▌млMлнNнNнл▌лнB▄M▌L▄лмNмлMмнлLMнлм▄лм┌▄M▌L▄лм▌млMмнл█LнлLм▄M▌L▄ммнмлMмNNлL▄лL▄лLB▄M▌L▄нM▌млMм█лMлNлLлLл┌▄M▌L▄нMнмлMм█лLLL▌мLл█▄M▌L▄нNмлMм█лLLL▌мLл█▄M▌L▄нNNмлMм█млнлLлLB▄M▌L█NмлMм█нмлMNлLLлл┌▄M▌L█▌млMм█нм█▌NлмллB▄M▌L█MмлMмлмLнлM█LмB▄M▌L█MмлMн▌мNNлLLм┌▄M▌L█MNмлMн▌мNNлLLм┌▄M▌L█M▌млMн▌лLLмLLм▄M▌L█▌NмлMн▌лLллM█лм▄M▌L█лмлMннлл▌Nмн▄M▌L█лNмлMннм▄▄NлLLллб▄M▌L█л▌млMннм▄▄NлLLллб▄M▌L█лнмлMннм▄MнлNLлLб▄M▌L█LMмлMнMнлMнлL▄мб▄M▌L█LMNмлMнMнлMнлL▄мб▄M▌L█LM▌млMнNмлLлMLлB▄M▌L█LMнмлMнNмлLлMLлB▄M▌L█LNмлMнNмл▄лLB▄M▌L█MNмлNL▌мNнлLнB▄M▌L█MNNмлNL▌лLлNлLлмб▄M▌L█M▄млNL▌мNнлLнB▄M▌L█M▄NмлNL▌лLлNлLлмб▄M▌L█NMNмлN▄▌мML▌нLлм▄M▌L█NM▌млN▄▌мML▌нLлм▄M▌L█NMнмлN▄нм▌Nнлн▄M▌L█NNмлN▄нмLмнлNлMб▄M▌L█▄млN█Nл█нм▄л▌▄M▌L█▄NмлN█NмлM▌лNLм┌▄M▌L█▄▌млN█NмлM▌лNLм┌▄M▌L█▄нмлN█▌мNлL█LлL▄M▌L█лмNмлNNNмлNл▌Lлн▄M▌L█лм▌млNNNнM▌лмLл█б▄M▌L█ммлN█лLлL▄л▄▄M▌L█м█NмлN▌NлL▄NлMLлL┌▄M▌L█м█▌млN▌Nм▄█лL▄лL▄M▌L█мл▌млNлNмнмLлM▄M▌L█млнмлNлNмнмLлM▄M▌L█нM▌млNмнм▄м▌ллллл▄M▌L▌MмлNнммMнлMлл▄▄M▌L▌MNмлNнл▄лNмллLB▄M▌L▌M▌млNнммMнлMлл▄▄M▌L▌MнмлNнл▄лNмллLB▄M▌L▌м▌млNNNл▄нлLллн▄M▌L▌мнмлNNNл█NнLлN▄M▌L▌L█▌млNLL▌л█NлллL▄M▌L▌L█нмлNLL▌мMнмллм▄M▌L▌L▌млNLL▌л█NлллL▄M▌L▌L▌NмлNLL▌мMнмллм▄M▌L▌MM▌млNL▄м█л▌ммLлб▄M▌L▌MMнмлNL▄нMлл█ллM▄M▌L▌MNмлNL▄нNMнмллл▄M▌L▌MNNмлNL▄нMлл█ллM▄M▌L▌M▄млNL▄нNMнмллл▄M▌L▌M▄NмлNL▄NнM▄л█ллNB▄M▌L▌M▌млNL█м▄MNмллм▄M▌L▌M▌NмлNL█м▄MNмллм▄M▌L▌NMмлNLл▌лмлL█LллB▄M▌Lл█млNMлнMNмм┌▄M▌Lл█NмлNMмLнлNLн▄M▌LлLNмлNMMнм▄▄▌мLлб▄M▌LлL▌млNMMнм▄▄▌мLлб▄M▌LлLнмлNMMнлM▄NмллL▄M▌LлM█млNMм▌мNNлMLлM┌▄M▌LлN▌млNN▌лнNлллL┌▄M▌LлNнмлNN▌лLL▄нлмлN▄M▌LлNмлNN▌лLL▄нлмлN▄M▌Lл▄LнмлNNLмL▄▌лLLлLб▄M▌Lл▄MмлNNLлLL█л█LлNB▄M▌Lл▄MNмлNNLлLL█л█LлNB▄M▌Lл▄M▌млNNLнмллMB▄M▌Lл▄MнмлNNLнMнл▌м┌▄M▌Lл█Nмл▄NлMнлL▄лLB▄M▌Lл█NNмл▄▌ммM▌мLлL▄M▌Lл█▄мл▄▌м▌Nл▄лN▄M▌Lл█▄Nмл▄▌м█Nллл▌▄M▌Lл█▄▌мл▄▌м█Nллл▌▄M▌Lл█▄нмл▄▌лM█лнл█B▄M▌Lл██мл▄▌л▄LNм█ллB▄M▌Lл██Nмл▄▌м█▄нмMLлM▄M▌Lл█м▌мл▄NмнNNм▄лL▄M▌Lл█мнмл▄Nмм█▌мLлмB▄M▌Lл█нмл▄Nмм█▌мLлмB▄M▌Lл█нNмл▄Nм█нмлм▄M▌Lл▌мл▄Nл██▌м▄л█б▄M▌Lл▌Nмл▄L▌лLLNNлмLн▄M▌LллNмл▄▄мм▄нлLLлL▄M▌LллLмл▄▄Nлм▄Nл▄лL┌▄M▌LллLNмл▄▄Nм█нллмB▄M▌Lлллмл▄█▌м█NлллнB▄M▌LлллNмл▄█▌ммNлLлмB▄M▌LллнNмл▄▌м█▄Nм▌Lл█▄M▌Lлммл▄▌нM▌лLLм▄M▌LлмNмл▄▌м█▄Nм▌Lл█▄M▌Lлм▌мл▄▌нM▌лLLм▄M▌Lлммнмл▄нNммнл▄▄лLб▄M▌Lлмнмл▄нNмM▄NлMLнB▄M▌Lм▌мл▄LммNлллL▄M▌Lм▌Nмл▄LмлMлLLл▌B▄M▌Lмлмл▄LлLMнм▌м┌▄M▌LмлNмл▄LлL▌NлMLл▄┌▄M▌Lмл▌мл▄LлL▌NлMLл▄┌▄M▌Lмлнмл▄Lлмнмл█▄M▌Lммл▄▄NмMNлMLллб▄M▌LмNмл▄▄NмMNлMLллб▄M▌LмLнмл▄█мNмлмB▄M▌LмMмл▄█мNмлмB▄M▌LмL▌мл▄█ннMMнл█ллм▄M▌LмLнмл▄▌лLLM▌мLлн▄M▌LмLмл▄▌м▄▄мн▄M▌LмLLNмл▄лNнннлн▄M▌LмLнNмл▄м▄█нмNл█┌▄M▌LмMмл▄мNNлLLлNB▄M▌LмMNмл▄м▄█нмNл█┌▄M▌LмM▌мл▄мNNлLLлNB▄M▌LмM█Nмл▄нлL█▌лLмл▄▄M▌LмM█▌мл▄ннM▌лNм┌▄M▌LмM█нмл▄нлL█▌лLмл▄▄M▌LмM▌мл▄ннM▌лNм┌▄M▌LмNNмл▄LNм█нлллмб▄M▌LмN▌мл▄LNм▄LнмллMB▄M▌LмNNмл▄Lнмлл▄лMB▄M▌Lм▄▄мл▄L▌л▄нм▄лM▄M▌Lм█▌мл▄LннлнлLлмб▄M▌Lм██Nмл▄LMнл▌▌лM▄лLб▄M▌Lм██▌мл▄LMнмLнллнB▄M▌Lм▌▌мл▄L█н▄млн▄M▌Lм▌NNмл▄L▌Nм▌лLлм▄M▌Lмл▄▌мл▄LмнмлNмLлM▄M▌Lмл▄нмл▄LмннNм▄LлнB▄M▌Lмл█нмл▄LнNмML▌нLллмб▄M▌LмлмNмл▄MнлмNлллл┌▄M▌Lмлм▌мл▄MнлмNлллл┌▄M▌Lмлмнмл▄MннML▌нNл▄B▄M▌Lммнмл▄MMNм▄L▌мллл▄M▌LнNмл▄M█л▄NнLлNB▄M▌Lн▌мл▄M█лMNм▄ллл┌▄M▌Lннмл▄MмNм▌нлMм┌▄M▌Lнмл▄MмNм▌нлMм┌▄M▌LнLNмл▄Mнм█▄Nм▌Lлм┌▄M▌LнL▌мл▄MннLнNл▌л┌▄M▌LнLнмл▄MннLнNл▌л┌▄M▌LнMмл▄MннMMNммб▄M▌LнMнмл▄NNлL▄NлLлнB▄M▌LнNмл▄NNлN▌нLлм┌▄M▌LнNNмл▄NNмLлллл┌▄M▌Lн▄мл▄NNлLнлLллNB▄M▌Lн▄Nмл▄NNлL▄NлLлнB▄M▌Lн▄▌мл▄NNлN▌нLлм┌▄M▌Lн▄нмл▄NNмLлллл┌▄M▌Lн█мл▄NNлLнлLллNB▄M▌LннNмл▄N▌л▄нLм▄M▌LнL▌мл▄NNNнMмNлMллNB▄M▌LнLнмл▄▄▌лL█нл▄л┌▄M▌LнLнNмл▄▄▌л▄лнлMллM┌▄M▌LнMмл▄▄▌л▄лнлMллM┌▄M▌MLнмл▄▄▄NнLнмLмB▄M▌Mнмл▄▄▌NмMNNлMLл▄▄M▌Mмл▄▄лмM▄▌лLл█▄M▌MNмл▄▄ллннLллб▄M▌MLмл▄▄лNлNLнлLлмB▄M▌MLNмл▄█нNL▌лMмB▄M▌MLNмл▄█Nл▌Nмлм▄M▌MMлнмл▄█▄▌мм█нмLллб▄M▌M▄лNмл▄█м▌л▄нм▄лн▄M▌M▄л▌мл▄█мнмLMNмл▌▄M▌M▄лнмл▄█мнлLNмMллB▄M▌M█мл▄▌лл▌млн▄M▌M█нNмл▄▌лLLNлLлM▄M▌M▌мл▄▌лL█лMLм▄M▌M▌Nмл▄▌мннмлл┌▄M▌MмNмл▄ллM▌млLлм▄M▌Mм█▌мл▄лLнм▄нNлLлл▄б▄M▌Mм█нмл▄лLнмL█нлнLм┌▄M▌Mмлнмл▄лMNнMм▄м▄M▌Mмммл▄лMNнMм▄м▄M▌MммNмл▄лMNлLнмллн▄M▌M▌мл▄л▄лмнлL█Lл█▄M▌MLмл▄л▄ннNLм▄▄лмB▄M▌MLNмл▄л▄нмN▌нMLм▄M▌ML▌мл▄л▄нм▄█NмLLм┌▄M▌MLнмл▄л▄нлм▌лллNB▄M▌MMмл▄л▄нмMнлM▄л▄B▄M▌M▄нмл▄л█▌лмNNл▄лLб▄M▌M█мл▄л█▌нNм▄л▌▄M▌M█Nмл▄л█▌мLлL█LлM┌▄M▌M█▌мл▄л█ннNлл▄мб▄M▌M█нмл▄л█ннNлл▄мб▄M▌M▌мл▄л█нлL█NмллM┌▄M▌M▄Nмл▄лннLллLлN▄M▌M▄▌мл▄лнмL█▌лLлM▄M▌M▄нмл▄лнмL█▌лLлM▄M▌M█мл▄лнл█Nмллм┌▄M▌Mмл▄ммLLNлNлN▄M▌MNмл▄мнNлллN▄M▌MLмл▄мнNлллN▄M▌MLNмл▄мнLнлMллM▄M▌ML▌мл▄мNмL█▌лLлл┌▄M▌MLнмл▄мNнLлNмлл▄M▌MMмл▄мNмLNл▌л▌B▄M▌MMNмл▄мNлллмLм▄M▌MLMнмл▄мLNмлмNмLм┌▄M▌MLNмл▄мLнм█Lм▄▄мB▄M▌MM▌мл▄м▄▌л▌NлNLл▄B▄M▌MMнмл▄м█мнNLлнB▄M▌MMмл▄м█нNM▌лMлл▄б▄M▌MMNмл▄м█нNM▌лMлл▄б▄M▌MNMмл▄ммнлL▄нлLллмб▄M▌MNMNмл▄ммнлL▄нлLллмб▄M▌M█Lнмл▄нL▌лл▌л▄лMб▄M▌M█Mмл▄нL▌лM▄▌мMлмб▄M▌M█MNмл▄нL▌лM▄▌мMлмб▄M▌M█M▌мл▄нL▌лL▌лML▄лLб▄M▌M█Mнмл▄нL▌лмNл▄лNB▄M▌Mлмл█Nлм█▌л▄ллб▄M▌MлNмл█▌мNнLл█B▄M▌MлLмл█▌мNлL█Lл█B▄M▌MнL▌мл█▌нMNмллLB▄M▌MнLнмл█▌лLлнлл▄лл┌▄M▌MнMмл█▌мNнNLлл┌▄M▌MнMNмл█▌лLлнлл▄лл┌▄M▌MнM▌мл█▌мNнNLлл┌▄M▌MнMнмл█▌ллNнLл▄б▄M▌MLнмл█лнмML▌нLллB▄M▌MMмл█лнлLLNмллB▄M▌MM█нмл█лнн▌л▄лл▌B▄M▌MM▌мл█лнн▌л▄лл▌B▄M▌MMмNмл█м▌нM▄Nл█лм▄M▌MMм▌мл█м▌нNL▌лMм┌▄M▌MMмнмл█м▌мл▌лL▄лM▄M▌MNнмл█м▄л▌лLллLб▄M▌MNмл█лLлL▄лMB▄M▌ML█мл█лMLмNлN▄M▌MLMмл█NлMнлMLлм▄M▌MLMNмл█NлLL▄лмLлB▄M▌MLM▌мл█Nл▌NлNLллб▄M▌MLMнмл█NнNNNмллл┌▄M▌ML█нмл█L▌м█нмлллB▄M▌ML▌мл█L▌м█нмлллB▄M▌ML▌Nмл█L▌л█нм▄лм▄M▌MLLмл█LLNмллмLл▌B▄M▌MLLNмл█LLNнLлNмл▄▄M▌MLL▌мл█LLNл█лNм▄лM▄M▌MLLнмл█LLNм▄LNл▄лл▄M▌MLL▌мл█LLнм▄нNлLлм▄M▌MLLнмл█LLнллNм▄лN▄M▌MLLмл█LLнммMнлMллLB▄M▌MLLNмл█LLнммMнлMллLB▄M▌MLLLмл█LLнл█M▌нм▄M▌MLLLNмл█LLнлLMнм▌м┌▄M▌MLLL▌мл█LLнл▌л▄▄нB▄M▌MLL▄мл█LM▌нLNл▄▄ллб▄M▌MLL▌мл█LNмлллмб▄M▌MLL▌Nмл█LNмлллмб▄M▌MLMлNмл█Lлл▌лLлнB▄M▌MLMм▌мл█LлнлLMл▄▄лмB▄M▌MLMмнмл█LлнлLMнлм▄лн▄M▌ML▄█мл█Mм█LNмLл█B▄M▌ML▄█Nмл█MлLм▌лMLлмB▄M▌ML▄█▌мл█MлнNмл▌▄M▌ML█мл█MлL▄лL▄м┌▄M▌ML█Mнмл█ML▌лLL█NмLлллб▄M▌ML█Nмл█ML▌лм█Nл▄л█┌▄M▌ML█NNмл█ML▌лLL█NмLлллб▄M▌ML█▄мл█ML▌лм█Nл▄л█┌▄M▌ML█▄Nмл█ML▌лнMлллL▄M▌ML█▄▌мл█ML▌лммлл▄M▌ML▌мл█MMNмLM▌л▌лM┌▄M▌ML▌Nмл█MMNмLM▌л▌лM┌▄M▌MLлнмл█M▄нM▌мллL┌▄M▌MLлмл█M▄нM▌мллL┌▄M▌MLмNмл█MлNнLмNм▄лNB▄M▌MLмLмл█MлNмLлллM▄M▌MLмLNмл█MлNлLNлNLмB▄M▌MLммNмл█MнNнNMнмлл▄▄M▌MLмм▌мл█MнNлнNллмB▄M▌MLнM▌мл█NNмл▄м▄M▌MLнMнмл█NNмл▄м▄M▌MMм▌мл█NMнл█▌м▄л▄B▄M▌MMмнмл█NNнNнл▌лмB▄M▌MMнмл█▄NмNNлLLл┌▄M▌MMMнмл█▄▌лM█нн▄лм┌▄M▌MMNмл█▄▌мMNл▌м▄M▌MMNNмл█▄▌мMNл▌м▄M▌MM▄мл█▄нмL▌NлLл█б▄M▌MMLLмл█▄NNлмл▌мLмб▄M▌MMMLнмл█▄мNнMл█л▌B▄M▌MMMMмл█▄мNнLнм▌лл┌▄M▌MMMMNмл█▄мNл█мNнм┌▄M▌MMN▌мл██л▄▌Nм▄лNB▄M▌MMNнмл██л▄▌Nм▄лNB▄M▌MMNLмл██мLнлLллб▄M▌MMNLNмл██лLMлLллL┌▄M▌MM▄нмл██Lнмннлб▄M▌MM▄мл██LнмлнлLллB▄M▌MM▄Nмл██LннMMнл█ллб▄M▌MM▄Lмл██LнмлнлLллB▄M▌MM▄LNмл██LннMMнл█ллб▄M▌MM▄L▌мл██LннNNлMLл█B▄M▌MM▄▄▌мл██M▌лм█лL▄м┌▄M▌MM▄▄нмл██M▌л▄Lнл▄лл█┌▄M▌MM▄█Nмл██NнM▌лNм▄M▌MM▄█▌мл██NнNNмлл█▄M▌MM▄█нмл██NнM▌лNм▄M▌MM▄▌мл██NнNNмлл█▄M▌MM▄▌Nмл██NлLл▌лLлл▄M▌MM▄лмл██NмM▄▌лLлM▄M▌MM▄лNмл██Nм▄ннL▄лLб▄M▌MM▌Mнмл██ннMNл▌ллб▄M▌MM▌Nмл██нлLM▌лMLл▄б▄M▌MMлM▌мл█▌нмL▌лLLлм▄M▌MMлMнмл█▌нн█▌мл▄┌▄M▌MMммл█▌NллNмлл▌▄M▌MMмNмл█▌Nл▄лNмллн▄M▌MMм▌мл█▌Nл▄лNмллн▄M▌MMм▌Nмл█▌MNл█м▄л█┌▄M▌MMнNмл█лмм█▌мLлMб▄M▌MMнLмл█ллL▌лLл▄лLB▄M▌MMнLNмл█ллLMнм▌лN▄M▌MMнL▌мл█ллL▌лLл▄лLB▄M▌MMнLнмл█ллLMнм▌лN▄M▌MMнMмл█лм█Nлллб▄M▌MMнMNмл█лллл▌л▄л▌B▄M▌MNLмл█лм█лNллллL▄M▌MNLNмл█лмNнLл▌▄M▌MNL▌мл█лм█лNллллL▄M▌MNLнмл█лмNнLл▌▄M▌MNMмл█лл▌NNмм┌▄M▌MNMNмл█ллLL▄▌л▌лн▄M▌MNм▌мл█лLNмнNмMLлб▄M▌MNLнмл█л▄лML▌м▄лмB▄M▌MNMмл█л▄NмлNмллл┌▄M▌MN▄Nмл█л█ннNнмB▄M▌MN▄▌мл█л█ннNнмB▄M▌MN▄нмл█л█лLлл▄лб▄M▌MN█мл█л█нNнн▄M▌MNNмл█лл▌ммNNмLм┌▄M▌MNLмл█лл▌мLнм▄лм▄M▌MNLNмл█лл▌мLнм▄лм▄M▌MNLмл█лм▌нмNлLллнB▄M▌MNLNмл█лм▌лLLмLLл█B▄M▌MNLL▌мл█лнл█NNмл█▄M▌MNLLнмл█лнммNллллM┌▄M▌MNLMмл█лнл█NNмл█▄M▌MNLMNмл█лнммNллллM┌▄M▌MNLM▌мл█лнNмNлM█LлLб▄M▌MNLMнмл█лнNнM▌лMлмB▄M▌MNL▄мл█мNмлнмм▄M▌MNL▌мл█млLL▄▌л▌м┌▄M▌MNL▌Nмл█ммL▌лNNLл┌▄M▌MNLм▌мл█мнлLл▌лLлL┌▄M▌MNLмнмл█мнлLл▌лLлL┌▄M▌MNMLNмл█мL▌лLNлL▄лL┌▄M▌MNML▌мл█мL▌нN▌лмллLб▄M▌MNMLнмл█мL▌лLNлL▄лL┌▄M▌MNMMмл█мL▌нN▌лмллLб▄M▌MNMMNмл█мL▌мM▌Nл▄лл█B▄M▌MNMNмл█мMл█Lм▄лM▄M▌MNMлнмл█мNNлл▌л▄лM┌▄M▌MNMммл█м▄м▄LнлNB▄M▌MNMмNмл█м▄лLLнлMNLл▄B▄M▌MNN▌мл█м█нLNл▄▄мB▄M▌MNNнмл█м█мMлMLллB▄M▌MNNLмл█м█нмл█▌лL█Lл█▄M▌MNNLNмл█м█нлLмлMллн▄M▌MNNL▌мл█м█ннLNNл█▄лмB▄M▌MNNLнмл█м█нн▄▌мллмб▄M▌M▄▌мл█мл▌л██м▄ллб▄M▌M▄нмл█мл▌лL█▌лLмнB▄M▌M▄мл█мл▌лL█▌лLмнB▄M▌M▄Nмл█мл▌лLLNлллM▄M▌M▄▌мл█мл▌мM▌нLмб▄M▌M▄нмл█млнмNNлм█Lл▄▄M▌M▄мл█млннMNмлN▄M▌M▄Nмл█млнмлмLлL┌▄M▌M▄Lмл█ммнLлнLлLб▄M▌M▄LNмл█мммNнлLлM▄M▌M▄▄Nмл█мнNммнлLллм▄M▌M▄▄▌мл█мнNммнлLллм▄M▌M▄M▌мл█ннм▄ллллб▄M▌M▄Mнмл█ннм▄ллллб▄M▌M▄Nмл█ннл▄Nм▄л▄┌▄M▌M▄нмл█нMм▌L▌мLлNB▄M▌M▄MMмл▌M▌мLMлLLлL┌▄M▌M▄MNNмл▌NNм█▄Nм▌LлN▄M▌M▄M█▌мл▌▄▌м▌▌лнLл▄B▄M▌M▄NLмл▌▌нLлнLлM┌▄M▌M▄NLNмл▌▌нMлнлM▄лмB▄M▌M▄▄▌мл▌мнл▌NNмлм┌▄M▌M▄▄▌Nмл▌мнмлллл┌▄M▌M▄▌нмл▌M▌лM█нн▄л█┌▄M▌M▄▌мл▌M▌лM█нн▄л█┌▄M▌M▄лLмл▌▄▌мNNлLллM▄M▌M▄лLNмл▌▄▌нLмNм▄м┌▄M▌M▄лL▌мл▌▄▌нLNмллмB▄M▌M▄м▌мл▌мнл██м▄лN▄M▌M▄нмл▌▌нMлнлM▄лB▄M▌M▄нNмл▌▌лL█▌л▄л▄▄M▌M▄н▌мл▌▌лMLмNмB▄M▌M█л▌мл▌MNнN▌л█лм┌▄M▌M█лнмл▌MNлL█▌лLмлл┌▄M▌M█ммл▌MнлLMнNLлMB▄M▌M█мNмл▌Mнмл▌лL▄л▄б▄M▌M█м▌мл▌Mнм▌MмLлм▄M▌M█мнмл▌MннL▌лLн▄M▌M█Lмл▌LнL▌лLлMB▄M▌M█Nмл▌Lнл▄Nл█LлL┌▄M▌M█▌мл▌Lнл▄Nл█LлL┌▄M▌M█M▌Nмл▌L▌нNнллLб▄M▌M█Mлмл▌L▌мL█нлнLллB▄M▌M█MлNмл▌L▌нNнллLб▄M▌M█Mл▌мл▌L▌мL█нлнLллB▄M▌M█Nнмл▌Lл▌лLL▄нлмлм┌▄M▌M█Nмл▌Lл▌млNл▌LллB▄M▌M█▄Nмл▌Lм▌ллл▌л▄лмб▄M▌M█▄▌мл▌Lм▌ллл▌л▄лмб▄M▌M█▄нмл▌Lм▌млмNмLлM┌▄M▌M█▄мл▌Lм▌л█▄мLлн▄M▌M█▄Nмл▌Lм▌м▄MмMLнB▄M▌M█▄Mмл▌LнNммнл┌▄M▌M█▄MNмл▌LнNммнл┌▄M▌M██Mнмл▌Mл▌NNмлмB▄M▌M██Nмл▌MмлLлMLл▄б▄M▌M██NNмл▌MнMM▌л█ллнB▄M▌M██▄мл▌Mмм▌мLл▄┌▄M▌M██нNмл▌MMнLлLлM┌▄M▌M█▌мл▌MMнLлLлM┌▄M▌M█лмл▌M▄ллNл▄л█┌▄M▌M█лNмл▌M▄лмнмм┌▄M▌M█л▌мл▌M▄лLL█нл▄▄лл▄M▌M█ммнмл▌NнммNлллмб▄M▌M█мнмл▌NнммNлллмб▄M▌M█мнNмл▌NлLLннLлб▄M▌M█нмл▌NлLLннLлб▄M▌M█нNмл▌Nлнм▄лL┌▄M▌M█ннмл▌NнлLNнLлL┌▄M▌M█нмл▌NннLнмLл█B▄M▌M▌LNмл▌NLнлL▌мLн▄M▌M▌L▌мл▌NLнмMнл▄м┌▄M▌M▌Lнмл▌NLнмMнл▄м┌▄M▌M▌Nмл▌NMNнM▌лмLлLB▄M▌M▌NNмл▌NMNнM▌лмLлLB▄M▌M▌мNмллнML▌нNл▄б▄M▌M▌м▌мллмM▌лLмB▄M▌M▌▄▌мллннNнлнB▄M▌M▌▄нмллмNнлLнB▄M▌M▌█мллннNнлнB▄M▌M▌█NмллмNнлLнB▄M▌M▌█▌мллл█л▌нLл▄┌▄M▌M▌█нмллNм▄лLлB▄M▌M▌▌мллNмLLннл┌▄M▌M▌▌NмллNмL█▌лLн▄M▌M▌лмллNмLLннл┌▄M▌M▌лNмллNмL█▌лLн▄M▌M▌л▌мллNллмнлLLлN▄M▌M▌LнмллM▌нLLл▌м▄M▌M▌NмллNмM▄▌лLлM┌▄M▌M▌NNмллNNлмнNмл▄┌▄M▌M▌LмллNNлмнNмл▄┌▄M▌M▌Mнмллл▌нLлNмм▄M▌M▌Mмллл▌л▄▌лLллл▄M▌M▌MNмлллнмлNмLлмб▄M▌M▌NнмллннLнм▌м▄M▌M▌NмллнмлLLлLб▄M▌M▌NNмллннNлл▄лLB▄M▌M▌NLмллннLнм▌м▄M▌M▌NLNмллнмлLLлLб▄M▌M▌NL▌мллннNлл▄лLB▄M▌M▌NLнмллнлLLлNлNLл█б▄M▌M▌NMмллнм▄█нмNллB▄M▌MлL▌мллNнл▌лMлM▄M▌MлLнмллNмнNNм▄л▄б▄M▌MлMм▌мллL▌нL▌лMлM▄M▌MлMмнмллLнм▌лNл█┌▄M▌MлNNмллNNмллнл█Lл▄б▄M▌MлNNNмллNNмллнл█Lл▄б▄M▌Mл▄█▌мллLLNлL▌лNLм▄M▌Mл▄█нмллLLNлL▌лNLм▄M▌Mл█LнмллLNNм▄ллллM▄M▌Mл█MмллLNNл▄▌лLллн▄M▌Mл█MNмллLNNм█ллмLл█┌▄M▌Mл██мллL▄NнM▌лмLлM┌▄M▌Mл██NмллL▄NнM▌лмLлM┌▄M▌Mл██▌мллL▄NллLNлL▄м▄M▌Mл▌нмллL█нлM▌млLлL▄M▌Mл▌мллL█нл▌L▌лLLлM▄M▌Mл▌NмллL█нм▌лL▄нB▄M▌Mл▌LмллL█нлM▌млLлL▄M▌Mл▌LNмллL█нл▌L▌лLLлM▄M▌Mл▌L▌мллL█нм▌лL▄нB▄M▌Mл▌LнмллL▌лLLмнлMл▄┌▄M▌MллM▌мллLмNннм▄мB▄M▌Mлм▄▌мллMнмMллMLл▄б▄M▌Mлм▄нмллMнмMллMLл▄б▄M▌MлнMNмллMNнLNл▄▄лB▄M▌MлнM▌мллMNNлмллнB▄M▌MлнMнмллMNNлL▌ммLллB▄M▌MлнNмллMNNл█NлллN▄M▌MмнNмллMллNM▌лLLл▄┌▄M▌MммллMллL▌NлMLмB▄M▌MмNмллMллL▌NлMLмB▄M▌Mм▌мллMлл██▌м▄мB▄M▌MмнмллMлNнM█NлMлл▄┌▄M▌MммллMлNнMNл▌нB▄M▌MмNмллMлNлNлLл▄B▄M▌Mм▌мллMлNлNлLл▄B▄M▌MммллN▌лLNм▌Lлб▄M▌MмNмллN▌мLNлNLлм▄M▌Mм▌мллN▌м▄лNнL▄лM┌▄M▌MмнмллN▌н█NлMлмб▄M▌MммллN▌н█NлMлмб▄M▌MмLLнмллNL▌лLLNммLл▄б▄M▌MмLMмллNL▌мMMNлLLл█б▄M▌MмM▄нмлл▄ннMмлMлл█┌▄M▌MмM█млл▄нлLL▄▌л▌л▄б▄M▌MмMлNмлл▄NнNллл▄б▄M▌MмMл▌млл▄Nмл▌лL▄лN▄M▌MмMлнмлл▄NнNллл▄б▄M▌MмMммлл▄Nмл▌лL▄лN▄M▌MмMмNмлл▄NмNMнлM█Lм▄M▌MмNмлл▄нмлл▄м▄M▌Mм▄M▌млл▄MNмлLнмNл▌B▄M▌Mм▄Mнмлл▄MNмлLнмNл▌B▄M▌Mм▄▄Nмлл▄MнмнNм▄мB▄M▌Mм█Nмлл▄█NнLнNл▌н▄M▌Mм█▌млл▄█NнMл▌лM▄л▄б▄M▌Mм█Mмлл▄▌NнM▌мллмB▄M▌Mм█MNмлл▄лмLNл▌лLб▄M▌Mм█▌Nмлл▄м▌нNлNLл▌B▄M▌Mм▌Nмлл█▌мNNлMLлN▄M▌Mм▌▌млл█▌мNNлMLлN▄M▌MмлNмлл█нмнMм▄лN▄M▌MммLNмлл█NммLнмлL▄M▌MммL▌млл█NммLнмлL▄M▌MммLнмлл█NNнNмллнB▄M▌MммMмлл█NNнNмллнB▄M▌MммMNмлл█NNнNлLллNB▄M▌MммM▌млл█NNнM▌лMлм┌▄M▌MммMнмлл█NNлLмNLл█B▄M▌MммнNмлл██NннммB▄M▌Mмнмлл██NмNLллLл▌B▄M▌MмнNмлл██Nм▄▌мLл▄б▄M▌Mмн▌млл██NлLмнлMLлл▄M▌Mмннмлл██NлLлNLлM┌▄M▌Mмнмлл██NлмL▌ллмB▄M▌MмнNмлл██NлLлNLлM┌▄M▌Mмн▌млл██NлмL▌ллмB▄M▌Mн█▌млл█лнлLлNLмб▄M▌Mн▄нмлл▌▌ммлB▄M▌Mн▌млл▌мNнNLм┌▄M▌Mннмлл▌нм▄▌лLLлм┌▄M▌Mнмлл▌NлмLNлллMB▄M▌MнNмлл▌NнL▄▌лMлм▄M▌MнLмнмлллнNмллL┌▄M▌MнMлнмлллL▌м█нлллл▄M▌MнMммлллL▌нNNнLлMB▄M▌MнMмNмлллL▌лнннLлл┌▄M▌MнMм▌млллL▌мMнмMллнB▄M▌MнNNмлллMNнLNлллM▄M▌MнN▌млллMNмнNм▄ллB▄M▌MнNнмлллM▌нLNлLм┌▄M▌MнNM▌мллл▄нNL▌лMм▄M▌Nмллл▄нмнлмLл▌B▄M▌NNмллл█м▄мнлм▄л█┌▄M▌NLмллл█м▄мнлм▄л█┌▄M▌NLNмллл█лLLNннB▄M▌NMмллл█▌л▌LннлLб▄M▌N▄NмллллннмLлмB▄M▌N▄▌млллллLLлнл▄лNB▄M▌N▄нмлллллммлMLмB▄M▌N█млллллLLлнл▄лNB▄M▌N█NмлллллммлMLмB▄M▌N█▌мллллNн█NлMмB▄M▌N█нмллллNл▌MNл▄▄мB▄M▌NNмлллмннMMNмм┌▄M▌NLмлллмнллMнл▄л▌B▄M▌NLNмлллмнллMнл▄л▌B▄M▌NMмллмлMлNлLлLлN▄M▌NMNмллмлMлNлLлLлN▄M▌NM▌мллммл▄н▄M▌NMнмллмлLLнлMNLл█┌▄M▌N▌NмллмннLLнл▄м▄M▌NлмллмннLLнл▄м▄M▌NнмллмнллNнLлмB▄M▌NмллмнллNнLлмB▄M▌NNмллмнл█Nмлн▄M▌NмллмNлLL▄NлмLлN▄M▌NNмллмLлллмLлн▄M▌NMNмллмL▌лMNм▄лм┌▄M▌NLM▌мллмMнмм▌лLллнB▄M▌NLMнмллмMнмм▌лLллнB▄M▌NLNмллмMнмNLнлLнLлнB▄M▌NLNNмллмMннмллн▄M▌NNL▌мллммNнNм▄лB▄M▌N▄лNмллнн▌нл▄б▄M▌N▄л▌мллнлL▌мллN▄M▌N▄лнмллнлL▌мллN▄M▌N▄ммллнлLM▌м█лмB▄M▌N▄мнмллнLм▌Nлмллл┌▄M▌N▄нмллнLллнNнл█B▄M▌N▄нNмллнLлLMNл▄▄мб▄M▌N█мллнLм█▄м█LлMB▄M▌N█NмллнLн▄▌млл█б▄M▌N█мллнL▌ммMNмлNB▄M▌N█NмллнL▌л▌нл▄▄лн▄M▌N█л▌мллнM▌лL█▌лLлнB▄M▌N█лнмллнM▌лмMмLл┌▄M▌N█ммллнM▌л█м▌лLLл█▄M▌N█мNмллнM▌лмMмLл┌▄M▌N█м▌мллнM▌л█м▌лLLл█▄M▌NмNмлмLм█▌Nлмлн▄M▌NмNNмлмM▌мL█▌лLл▄▄M▌NнNмлм▄нмM▌лLлL▄M▌NнMмлм▌м█ллл┌▄M▌NнMNмлм▌м█ллл┌▄M▌NнM▌млм▌мLнллл█б▄M▌NнMнмлм▌NмMNлNлм▄M▌N█нмлммNнM▄Nл█лмB▄M▌N▌млммNмMнмлл█▄M▌N▌NмлммNмммNм▄м┌▄M▌NлмлммNмMнмлл▄▄M▌NлNмлммNнM▌NлMLл█┌▄M▌Nл▌млммNннммб▄M▌NLNмлмLнм▌LNмLлл▄M▌NMнмлмM▌лNнлллн▄M▌NL▌млм▄Nл▌M▌ллLлл▄M▌NLнмлм▄Nллл▄лL┌▄M▌NM█нмлмнлNNNлLллн▄M▌NNмлм▌лLLNлLлл┌▄M▌NNNмлм▌м▌NмLмB▄M▌N▄▌млмLNмM▄▌лLмB▄M▌N█млмNлмнмм▄M▌N█NмлмNн▄▌л█лллB▄M▌N█LмлмNн▄▌л█лллB▄M▌N█LNмлмNн▄нлMлл▄M▌N█L▌млмNлM▌лнлM┌▄M▌N█LнмлмNнMмлN▄M▌N█NмлмLлLLм▄▄л▌▄M▌N█NNмлмLлLLм▄▄л▌▄M▌NлнNмлмL▄▌н▄NнLмB▄M▌Nм▄▌млмL▌лLMлLлнB▄M▌Nм▄нмлмL▌л▄█▌мм┌▄M▌Nм█млмL▌Nл▄LNм█лм┌▄M▌N▌млмM▄нн█лMллмб▄M▌NнмлмM▄нмL▄нлMLм┌▄M▌NLNмлмM█▌лNнLлм▄M▌NL▌млмM█▌ллм▌нмB▄M▌NL▄NмлмMлNлMнлL▄лмB▄M▌NL▄▌млмMл▌мMл█▄лм▄M▌NL▄нмлмMл▌лмLNлллM▄M▌NL█млмMл▌лLLмLLлNB▄M▌NLлNмлмMмл█▌мл▄лNB▄M▌NLл▌млмMмл█▌мл▄лNB▄M▌NLлнмлмMмлLNNлм▄л▄▄M▌NLммлмMмNлMMнм█LлMB▄M▌NLмNмлмMмNнNNмлм┌▄M▌NMNмлмMнлM▌лLLлб▄M▌NM▌млмMнNмннмллл┌▄M▌NMнмлмMнNмннNLлL▄M▌NMмлмMнNм▌Lнм▄лмб▄M▌NMNмлмMнNлммлMLлб▄M▌NM▌млмMнNм▌Lнм▄лмб▄M▌NMнмлмMнNлммлMLлб▄M▌NMмлмNм█ллм▄M▌NMNмлмNлLл▌лLл▌▄M▌NMLмлмNлLл▌лLл▌▄M▌NLNмлмNMнмл█B▄M▌NL▌млмNMнNлMл┌▄M▌NLнмлмNMлLNмMллм┌▄M▌NLмлмNMм▄█лL▄л▄B▄M▌NLNмлмNMнNлMл┌▄M▌NL▌млмNMлLNмMллм┌▄M▌NLнмлмNMм▄█лL▄л▄B▄M▌NLMмлмNM▌м▄Nл▌LлM▄M▌NLMNмлмNM▌м▄Nл▌LлM▄M▌NLM▌млмNM▌нLл▄▄лл▄M▌NLMнмлмNMнллLнл▄мб▄M▌NLNмлмNMнлнNмлм┌▄M▌NLNNмлмNMнллLнл▄мб▄M▌NL▄млмNMнлнNмлм┌▄M▌NL▄NмлмNMнн▌л▄Lм┌▄M▌NLм▌млм▄нмлNмLл█B▄M▌NLмнмлм▄нмлNмLл█B▄M▌NLнмлм▄нл█▄мLн▄M▌NLмлм▄▌лLл▌лLлм┌▄M▌NLNмлм▄▌млл▄лN▄M▌NLLмлм▄▌нлнлLлллB▄M▌NLLNмлм▄▌л▌LNл▄LлLб▄M▌NL▄Nмлм▄L▌м▌NмMлNB▄M▌NL▄▌млм▄L▌м▌NмMлNB▄M▌NL▄нмлм▄L▌л▄▄нмн▄M▌NLмлм▄NмлNлL▄ллб▄M▌NLNмлм▄NнмNлLлн▄M▌NLLмлм▄Nм▄нLл▌B▄M▌NLLнмлм▄▄лL▄нлLллL┌▄M▌NLLнмлм▄л▌ммMNмм┌▄M▌NLLнNмлм▄л▌ммMNмм┌▄M▌NLN▌млм█нлнл▄м┌▄M▌NLNнмлм█ннLNл▄▄лб▄M▌NL▄Mнмлм█Lм▄█NмLLмB▄M▌NL█млм█NмMнмлмб▄M▌NL█Nмлм█Nлм█▌л▄лнB▄M▌NL█▌млм█Nмл▌мL▄лнB▄M▌NL█нмлм█NмMнмлмб▄M▌NL█млм█Nлм█▌л▄лнB▄M▌NL█Nмлм█Nмл▌мL▄лнB▄M▌NL█Lнмлм█▄Nл█NнLмB▄M▌NL█м▌млм█▌Nм▌LNмLлMB▄M▌NL█мнмлм█▌Nм▌LNмLлMB▄M▌NL█нмлм█▌NмNлL█Lлл▄M▌NLлMнмлм▌NмLлM▄л▄б▄M▌NLл▌млм▌NнLнм▄м▄M▌NLл▌Nмлм▌NнLнм▄м▄M▌NLнL▌млм▌NNмнмллMб▄M▌NLнLнмлм▌NNм▄нLл▄┌▄M▌NLнMмлм▌NNмнмллMб▄M▌NLнMNмлм▌NNм▄нLл▄┌▄M▌NM▌млмл▌нмNмLлмб▄M▌NM█млмл▌нLLл▌л█б▄M▌NMLм▌млмлм▌нNлMлNB▄M▌NMMлNмлммNлLLлNл▄┌▄M▌NMNNмлммL▌мM▄NлMLл█▄M▌NM▄NмлммMлL▄▌лMл▄B▄M▌NM▄▌млммMлL▄▌лMл▄B▄M▌NM▄нмлммM▌нML▌нNлMB▄M▌NM▄млммM▌млNлMллM┌▄M▌NM▄LмлммNммNлNLл▄B▄M▌NM▄LNмлммNмлнмл▄┌▄M▌NM▄L▌млммNнMллл▄B▄M▌NM▄LнмлммNнMллл▄B▄M▌NM▄MмлммNмлM▄лMб▄M▌NM▄MNмлммNлмL▌ллмB▄M▌NM▄▌млмм▄Nл▄Lнл▄лм▄M▌NM▄▌Nмлмм▄Nл▄Lнл▄лм▄M▌NM▄лмлмм▄▌мMм▌ллLлMB▄M▌NM▄лнмлмм█ммнлLлл▄▄M▌NM▄мнмлмм█нмLнлMл█B▄M▌NM▄нмлмм█нлLм▌млNB▄M▌NM▄нNмлмм█нлLм▌млNB▄M▌NM█млмм█ннMнLллб▄M▌NM█ммлммм▌лLмлMллмб▄M▌NM█мNмлммм▌нNLNлMл▄┌▄M▌NM▌нмлмнNл▄нм▄л▄▄M▌NM▌млмнNл██▌м▄лб▄M▌NM▌NмлмнNлLLммLм┌▄M▌NM▌LмлмнNллNл▄лл┌▄M▌NM▌LNмлмнNлLLммLм┌▄M▌NM▌L▌млмнNллNл▄лл┌▄M▌NMлNмлмнNмлнлLм▄M▌NMл▌млмнNл▄█нмLл▌▄M▌NMлнмлмнNлLMNл▄▄м▄M▌NMлмлмнNлLMNл▄▄м▄M▌NMлNмлмн▌л█L▌мLлM┌▄M▌NMлLмлмн▌л█L▌мLлM┌▄M▌NMлLNмлмн▌нM█лNLлм▄M▌NMлL▌млмннм██▌нL▄л█▄M▌NMлLнмлмннлLл▄мB▄M▌NMлMмлмннмLм▌л█лB▄M▌NMлNNмлмнNнM█▌лMлмB▄M▌NMл▄млмнNм▌мMLлм▄M▌NMлмнмлмнMлнм▄нB▄M▌NMлнмлмнMл▄▌лLллл┌▄M▌NMмNмлмнM▌млнмлл┌▄M▌NMм▌млмнM▌млNнлнB▄M▌NMмLмлмнNлнмллн▄M▌NMмMмлннNM▌лMлм▄M▌NMмMNмлннL█▌мLлM┌▄M▌NMмM▌млнл██нм▄н▄M▌NMмMнмлнммнл▄▄л▌▄M▌NMмNмлннMM▌л█лл█б▄M▌NMм▄▌млн▌м▌M▌мLл▄B▄M▌NMм█▌млнNнMLNнLлB▄M▌NMм█нмлнNлLMNмм┌▄M▌NMм▌млнNм▌л▄▄мб▄M▌NMннмлнLNл█нлNLлN▄M▌NMнмлнLNл█нлNLлN▄M▌NMнNмлнLNл▄нLмб▄M▌NNMнмлнNNммNлLлллб▄M▌NNNмлнNNммNлLлллб▄M▌NNNNмлнNNмNлLLлL┌▄M▌NN▄млнNNлNннLл█B▄M▌NN█▌млн▄Nл▄▌нл▌B▄M▌NN█нмлн▄Nмнм▄м▄M▌NN▌млн▄Nл▄мнм▄лMB▄M▌NNл▌млн▄нмммB▄M▌NNL▌млн█▌нMлMлл▌▄M▌NNLнмлн█нмMMм▄лмB▄M▌NNMмлн█ннLл█▄л▌▄M▌NNMNмлн█ннLл█▄л▌▄M▌NNMMмлнL▌лM█▌млLлнB▄M▌NNM█млнMNллнл▄лNB▄MлLмлнлл█Nллм┌▄MлLNмлнлл█Nллм┌▄MлNмлнлнм██▌нL▄мб▄MлNNмлнмнLNл▄▄лмB▄Mл▄млнмнLNл▄▄лмB▄Mл█млнм▌мнмлмб▄Mл█Nмлнм▌нM█лNLл▄б▄Mл█▌млнм▌лL▄Nлм▄лнB▄MлMNмлн▌нMлMлллб▄Mл▌NмлнннNNлл▄лM▄MллмлнннNNлл▄лM▄MлL▌млнMнлLмлMллMб▄MлL█NмлнL▌лLNл▄ллB▄MлL█▌млнL▌мNNл▄▄лMб▄MлM▄NмлнLLNл██▌м▄лM▄MлM▄▌млнLLNлLLNмлл█B▄MлM▄нмлнLLNл█Mл▄мB▄MлM█млнLLNл█Mл▄мB▄MлM█NмлнLLNлNлллмб▄MлM█▌млнLLNмMл█▄м┌▄MлMлNмлнLMмнMNмлLB▄MлMл▌млнLMмнMNмлLB▄MлNMмлнL▄Nмн▌мLлMб▄MлNMNмлнL▄Nл▄LNм█лм┌▄Mл█▌NмлнLмнлмMмLл▄B▄Mл▌NмлнMNмNNлLLлб▄Mл▌▌млнMNл█Mл▄л█б▄Mл▌L▌млнMнммMмм▄Mл▌LнмлнMнмннNLлб▄MллNмлнMNл▄лLLлл▄MллLмлнMNл▄▌лLлн▄MллLNмлнMNл▄лLLлл▄MллL▌млнMNл▄▌лLлн▄MллLнмлнMNмLMнл█ллB▄MллMмлнMNллл▄нB▄MллMNмлнMLл█▄мLл█B▄MлллнмлнMMлнMнллл█┌▄MллммлнMMлнMнллл█┌▄MллмNмлнMMлмNл▄м┌▄MлмNмлнM▄нн▄NнLмB▄MлмNNмлнM▄нн▄NнLмB▄Mлм▄млнM▄нм█NлнLл▄б▄Mлм▄NмлнM█л▌LNл▄LлM┌▄Mлм▄▌млнM█Nм█нллн▄MлLNмлнMмнлLL▌нLлM▄MлM▌млнNлMNм▄лллб▄MлNмлнN▌нMMNмл▄┌▄MлNNмлнN▌нMMNмл▄┌▄Mл▄млнNнм█LнмLлнB▄Mл▄NмлнNнм▄нLм┌▄Mл▄▌млнNнлмM▌мл▄B▄Mл▄нмлнNнн█▌мм┌▄Mл█млнNнннNLлLB▄MллмлнNMм▌LNмLл█┌▄MллNмлнNMм▌LNмLл█┌▄Mлл▌млнNMлмнмлл▌B▄MлмнмлнNMнм▄L▌мллм┌▄MлнмлнNMнмMнмллB▄MлнNмлнNMнмMнмллB▄MлмлнNNлLмNLм▄MлNмлнNNнMнNл█м┌▄Mл▌млнNNлLмNLм▄MлнмлнNNнMнNл█м┌▄MлмлнNNмл█NлL█Lм▄MлNмлнNNм█NлнLл▄┌▄MлL▌ммLлмLнл▄лL▄MлL▌NммLнM▌лMLл█б▄MлLлммLнM▌лMLл█б▄MлLлNммLNл█Lм▄л█B▄MлLл▌ммL▌мM▌л█лл▄б▄MлMNммMнлLLнм█лл█б▄MлM▌ммMнлLLнм█лл█б▄MлMнммMнм█нллмB▄MлMммMнм▌Lл▄лм▄MлML▌мм▄млнлLлLB▄MлMLнмм▄нLллLм▄MлMмнмм█нмLлнLлM▄MлMнмм█нмLлнLлM▄MлNмм▌NлLмLлN▄MллLмм█лLлнлл▄лM▄MллLNмм█мнм▄м▄MллM▌мм█▌нлм▄л▄б▄MллMнмм█▌нлм▄л▄б▄MллNмм█нл▄NNл█лM┌▄MллNNмм█нл▄NNл█лM┌▄Mлл▌NммлNмNNлML▄м┌▄MлллммлNмNNлML▄м┌▄MлллNммлNлL▄нлLлл█б▄Mлм▌NммNлM▌лнлNB▄MлмлммNлLннLлM▄MлнNмм▌лLнлLLм┌▄MлнLмм▌лLнлLLм┌▄MлнLNмм▌м██лMлLб▄MлNммLнлLлл█▄м▄MлмммLнLLнл▄лм▄MлмNммLл█м▄л█б▄Mлм▌ммLNлнNмл▄┌▄MлLNммLNл▄нм▄мб▄MлL▌ммLNнNLнл█л█B▄MлнNммLMллLлL▄лNB▄MлммLMл▄нLл▄б▄MлNммLMллLлL▄лNB▄Mл▌ммLMл▄нLл▄б▄MлнммLMл▌LннлL┌▄MлммLMлL█▌лLм┌▄MлммLM▌лLNNлм▄нB▄MлNммLM▌лLNNлм▄нB▄MлLммLM▌ннлNLлл┌▄MлLL▌ммL▄NнM█лNLн▄MлLLнммL▄NмммNм▄лл▄MлLMммL▄NлNMлллL┌▄MлLMNммL▄Nм▄M▌лL▄LлNB▄MлL▄NммL▄ннNNмMл▌▄MлL▄▌ммL▄нммMмлMB▄MлMммL▌Nллнл▄лM▄MлNLммMнм▌ллм┌▄MлNLNммMнм▄█NмLLлл▄MлNL▌ммMнм▄█NмLLлл▄MлNLнммMнмл▌л▄ллB▄MлNNммMNмлMлLLл▄B▄MлLнммM▄NмMнмлмB▄MлLLммM█NнLллмB▄MлLLNммM█NнLллмB▄MлLL▌ммM█NлнNм▄лL┌▄MлLMNммMмNлMл▌лLлLл▄б▄MлLM▌ммMмNнNLм▄▄лмB▄MлLMнммMмNмNнлL█Lл█б▄MлLMмнммNм▄нмLлB▄MлL▄▄NммNMNмLлM▄лб▄MлL▄▄▌ммNMNмMнNмлм┌▄MлL▄▄нммNMNнN▌лмллL┌▄MлL█мNмм▄Lмл▄лM▄MлL▌LNмм▄M▌л▄NNл█л▄B▄MлLл█Nмм▄▄нм█NлLлм▄MлLл█▌мм▄▄нмNлLLл▄▄MлLл█нмм▄▄нм█NлLлм▄MлLл▌мм▄▄нмNлLLл▄▄MлLл▌Nмм▄▄нммM▌мLлMб▄MлLллмм▄▄нмлLLл▄б▄MлLмLнмм▄лл█мл▄н▄MлLмMмм▄ллмM▌млL▄MлLмMNмм▄ллLLнлMNLлN▄MлLмM▌мм▄лNнM▌NлMLм┌▄MлLмMнмм▄л▌мNM▌л▌MLм▄MлM█мм█▄нL▌м▄лB▄MлML▌мм█▌Nл▌нлLллм▄MлMLнмм█▌Nммлм▄нB▄MлMMмм█лл█▌Nм▄л█B▄MлMMNмм█лмMLлL▄нB▄MлMLмм█л▌л▄л▌л▄н▄MлMLNмм█л▌л▄л▌л▄н▄MлML▌мм█м▌лLлл█▄лмб▄MлMLнмм█м▌лмNллл█B▄MлMLмм█м▌ммNлNLм▄MлMLNмм█м▌лмNллл█B▄MлMLLмм█м▌ммNлNLм▄MлMLLNмм█мннNмлн▄MлMLL▌мм█мнлLLл█лLб▄MлMNLNмм▌MнNлLлл▄▄MлM▄▌ммлNмнл▄▄ллб▄MлM▄▄ммллLLлNлNLн▄MлM▄лммлL▌лLLNммLл█б▄MлM▄лNммлL▌лLLNммLл█б▄MлM▄л▌ммлL▌лмMNл▄лл┌▄MлM▄лнммлL▌лм█лL▄л▄B▄MлM▄мммлLнмM▌нLлMб▄MлM█NммлNNл█лнлNLлм┌▄MлM█NNммлNNммлмLлн▄MлM█▄ммлNNммлмLлн▄MлM▌M▌ммлл▌мNMNмMлнB▄MлMмнммм▌м▌лL▄л▄б▄MлMмMнмммLNнLмнлLLлM▄MлMмNмммL▌лL█▌л▄л█B▄MлMнNмммNмлM▄мB▄MлMн▌мммNлM▄м▄Lлб▄MлNLнммм█NнM█лNLлнB▄MлNNммм▌NмнNLл█┌▄MлNNNмммлм▌лM▄лмб▄MлN█▌мммлнл▄LммB▄MлNлнмммм▌м▌нллл▌▄MлNммммм▌м▌нллл▌▄MлNLнммнNм▄MNмлм┌▄MлNMммнNм█Lм▄▄л█┌▄MлNMNммнNм█Lм▄▄л█┌▄MлNM▌ммнNл▄LммB▄MлN▄▌ммннм██NлMLлмB▄MлN▄нммннм██NлMLлмB▄MлN█ммннлмMмLлнB▄MлNMммнLннMнлMLлл▄MлNMNммнLнмLMлLLм▄MлNM▌ммнLнлLL▌ллмB▄MлNMнммнLнлLL▌ллмB▄MлNNммнLнмн▌мLлб▄MлNLL▌ммнM▌мM▌мMлл▄б▄MлNLLнммнM▌лLм▌лMLл█▄MлNLMммнM▌лLм▌лMLл█▄MлNLлNмм▌нLнNл▌лл▄MлNLл▌мм▌нLнNл▌лл▄MлNN▌ммNNлLL█NмLлм┌▄MлNNнммNNлLL█NмLлм┌▄MлNNммNNмMNнлм▄Mл▄ммл▌ммнлLллMB▄Mл▄мммнмл▄▄Mл▄NмммнLнм▄лL┌▄Mл▄LмммнLнм▄лL┌▄Mл▄LNмммлLLLNмLм▄Mл▄█нммнлLLNмLлм┌▄Mл▄▌ммнмнNLлMB▄Mл▄▌NммнNлм█нмллб▄Mл▄лммнNлL▌лLл▄лн▄Mл▄лNммнNл▄мллNB▄Mл▄LLммлмM▌млM┌▄Mл▄LLNммлLMнм▄л▄▄Mл▄LL▌ммл█л▌нLм▄Mл▄LMммLNлMнмл▄B▄Mл▄LMNммLNмNL▌нMLлMB▄Mл▄LнммM▌н▄NнLлб▄Mл▄LнNммM▌мл▄▌лмлB▄Mл▄MммM▌мл▄▌лмлB▄Mл▄MNммM▌нMмллб▄Mл▄M▌ммM▌лNлLLлM▄Mл▄M█Nмм▄Nн█NлMлB▄Mл▄M█▌мм▄NнM█NлMллLB▄Mл▄▄Mнмммнмнм▄лL▄Mл▄▄Nмммнм▄нмLмб▄Mл▄▄█NммнNнLм▄лL▄Mл▄▄█▌ммнNмL▌лLLмB▄Mл▄▄▌ммNл▄лнлMлм┌▄Mл▄▄▌NммNнNллм┌▄Mл▄▄лммNнNллм┌▄Mл▄▄лNмм▌мNNл▄▄мB▄Mл▄▄нNмм▌ллл▌л▄лмб▄Mл▄█мм▌ммNNмLлLB▄Mл▄█Nмм▌лL█NлM█мB▄Mл▄█▌мм▌лL█NлM█мB▄Mл▄█нмм▌нM█▌лMлл█┌▄Mл▄█мм▌лNM▌лLLл█б▄Mл▄██нммL▌нMлMлмB▄Mл▄▌ммNлLнл▄▄м▄Mл▄▌NммNлLнл▄▄м▄Mл▄лNммLнл▌м▄л█┌▄Mл▄лLммLм█лнмLлб▄Mл▄м▌ммLMм█▌млн▄Mл▄мнммLMм█▌млн▄Mл▄м▌ммL▄NнLнNл▌лM┌▄Mл▄м▌NммL▄Nммл▄B▄Mл▄млммL▄NнLнNл▌лM┌▄Mл▄млNммL▄Nммл▄B▄Mл▄мл▌ммL▄NнLмм▄лл┌▄Mл▄млнммL▄Nлм▌нм┌▄Mл▄нM▌ммL▌NмNнлL█Lл▄▄Mл█LммMM▌мм▌мLл█B▄Mл█LNммMM▌мм▌мLл█B▄Mл█LL▌ммMNNллLлL▄лM┌▄Mл█LNNммM▄Nл▄Lнл▄ллM▄Mл█L▄▌ммM▄нм▄нл▄ллNB▄Mл█L▄нммM▄нмлнлLл▄▄Mл█L█нммM█NннмLлб▄Mл█L▌ммM█NлMLнмMм┌▄Mл█M█NммMмNл▄нм▄лм▄Mл█M█▌ммMмNл▄нм▄лм▄Mл█M█нммMмNлNM▌лLLлM▄Mл█NMммNNмML▌нLллM┌▄Mл█NMNммNNмML▌нLллM┌▄Mл█NM▌ммNNлM▌лLLмб▄Mл█NMнммN▌л▄Nм▄лб▄Mл█NNммN▌л▄Nм▄лб▄Mл█▄▌ммNлMMнм█LлLB▄Mл█▄нммNлMMнм█LлLB▄Mл█▄ммNлмMмLлM▄Mл█▄NммNлLNмлллB▄Mл█▄лммNLм█Mм▄ллN▄Mл██▌ммNMNлLM▌лм▄л▌▄Mл██LNммNNлм▄Nл▄лн▄Mл██L▌ммNNNм▄Nмл▌▄Mл█▌L▌мм▄LмNNл▄м┌▄Mл█▌Lнмм▄LNнNL▌лMм┌▄Mл█▌Mмм▄LNмлNмлм▄Mл█лL▌мм▄M▌н█Nлллл┌▄Mл█лLнмм▄M▌н█Nлллл┌▄Mл█лMмм▄M▌л▌▌нLллB▄Mл█л▄нмм▄▄л▄мнм▄мб▄Mл█нмм▄мнлL▄▌л█м▄Mл█нLNмм▄нNмL▌ллллM┌▄Mл█нL▌мм▄нNлNNлLллMB▄Mл▌█Nмм█нн█нллл▌▄Mл▌мнмм█LлNLNлL▄лLB▄Mл▌нмм█Lмл█▌лL█LлM┌▄Mл▌нмм█L▌млLNнлб▄Mл▌▌мм█▄нмNM▌л▌MLл▌▄Mл▌Mнмм█нмMM▌мLм▄Mл▌Mмм█нмL▌мLл▄┌▄Mл▌MLнмм▌н█Nлллб▄Mл▌MMмм▌мL▌мLмB▄Mл▌MMNмм▌мLNл▌л▌▄Mл▌MM▌мм▌мL▌мLмB▄Mл▌MMнмм▌мLNл▌л▌▄Mл▌MNмм▌л█▌мл▄лм┌▄Mл▌MNNмм▌лLMнлмLлмб▄Mл▌M▄мм▌NлLMлм▄лл▄MллLNмм▌MмM█▌лLLмB▄MллL▌мм▌MллNл▄лB▄MллLнмм▌MмM█▌лLLмB▄MллMмм▌MллNл▄лB▄Mлл▄Nмм▌Mнлм▌ллл▄▄MллмNммлNм▄█NмLLл█B▄Mллм▌ммл▌лM▌лLLлNB▄Mллммл▌м▄ннL▄лMб▄MллNммл▌лNMнлL▄лMB▄Mлл▌ммл▌лNMнлL▄лMB▄MллнммлнлLLлNлNLл█┌▄MллммлннL█нLм┌▄MллNммлнм▄мнлм▄м▄Mлл█ммлLNм▌нлLB▄Mлл█NммлLNлLллM█ллB▄MллLLммлNлM▌лLLлмб▄MллLLNммлNлM▌лLLлмб▄MллLL▌ммлNлLLнлм▄лн▄MллM▌ммл█NнNLнл█л▌▄MллMнммл█NлLNлLнLлмB▄MллMлммллнм▄█NмLLл▄B▄MллMлNммллнл▄нм▄лM┌▄MллMл▌ммллнм█▄Nм▌Lлмб▄MллMлнммлмлнл▄лм┌▄Mлл▄█мммлMнммB▄Mлл█LмммM▌лL▌лML▄лLB▄Mлл█L▌мммNмM█лнм▄Mлл█▄Nммм▄▌м▌мMLл█б▄Mлл█▄▌ммм▄▌м▌мMLл█б▄Mлл█▄нммм▄▌лLNлLнLм▄Mлл█м▌ммм█Nм█нлллLB▄Mлл▌нмммлNлLлнлMLлB▄Mлл▌мммлNлLL▄лмLллб▄Mлл▌NммммнLNм▄лн▄Mлл▌NNммммлL█▌лLмлN▄MлллммммлNNнLлмб▄MлллMнмммнмNNлLLн▄MлллNмммнмнм▄л▌B▄MлллNNмммнмнм▄л▌B▄Mллм▌ммнлM▄нмLлм▄MллмнммннннмB▄MллмммннL▌лMл█▄MллмNммннннмB▄Mллм▌ммннL▌лMл█▄MллмL▌ммнLмNнLлB▄MллмLнммнLлллмLлл┌▄MллмMммнLлллмLлл┌▄MллмMNммнLнNмл▌B▄Mллм▌ммнM▌мнL▌нLлм┌▄Mллн▌ммнмL▄▌лLLмB▄MллннммнмL▄▌лLLмB▄MллнммлNлLлл┌▄MллнNммм▄█лL▄лб▄MллнLммлLLм▌лLллнB▄MллнLNммл█м▄лм┌▄MлмM▌ммL▌млMллб▄MлмMнммL▌млMллб▄MлмNммL▌лнмллM▄Mлм█▌ммM▌ммлMлл█┌▄Mлм█нммM▌нNнм▄л█▄Mлм▌ммM▌ммлMлл█┌▄Mлм▌NммM▌нNнм▄л█▄MлмлммM▌нм▌лNLл▌B▄MлмлNммM▌мм█нмLмB▄Mлмнмм▄NмMлMл▄┌▄Mлммм▄Nлнл▄л█▄MлмNмм▄Nлнл▄л█▄Mлм▄мм█Nмнм▄л▌B▄Mлм▄Nмм█NнMнмлнB▄Mлм▄▌мм█▌лLнNлLLл▄B▄Mлм▄нмм█▌лLнNлLLл▄B▄MлмMлNммMNмм█▌мLлнB▄MлмMл▌ммMNмNMнлM█Lл┌▄MлмNммNNм▄█нмNм▄Mлм▄Lнмм█нм▄█▌млл▄Mлм▄Mнмм▌NлллNмLлн▄Mлм▄█нммлNлмм▌мLллB▄Mлм▄▌ммлNннл▄B▄Mлм▄▌NммлNммNллллб▄Mлм▄лммл▌нNLм▄▄м▄Mлм▌ммLлMнNлLл▄▄Mлм▌NммLннллл▄┌▄Mлм▌▌ммLмMLNл█Lн▄Mлм▌нммLннллл▄┌▄Mлм▌ммLмMLNл█Lн▄Mлм▌NммLнMNлL▄лLб▄MлнммLлNлNLмл▌B▄MлнNммLл▌лн▌м▄л█┌▄Mлн▌ммLл▌лMMнм█Lлб▄MлнL▌NммMLNнNMнмллл┌▄MлнLлммML▌лLлMLл▌▄MлнLлNммML▌лLMNлLлллб▄MлнLл▌ммML▌лLMNлLлллб▄MлнLлнммML▌мLнлM█Lл█б▄MлнLмммML▌мMлMLм▄MлнMммMMNмMммLлNB▄MлнMNммMMNнNLм▄▄лNB▄MлнM▌ммMMNмнMм▄л▌▄MлнNммM▌ммл▌млLб▄MлнNNммM▌лM▌NлLллл█▄MлнNLммM▌лM▌NлLллл█▄Mл▌ммMмлNNNлLллM▄MлнммMмлNNNлLллM▄MлммMмл█NNмлL┌▄Mл█нммN▌лL▄нлLлл█B▄Mл▌ммN▌лL▄нлLлл█B▄Mл▌NммN▌мLллл█▄MллммNнлмнмллл┌▄MллNммNнл▄Nл█▄лLB▄MлмNммNNлM▌лнлмб▄Mлм▌ммNNмнмллл▄MлмнммNNмнмллл▄MлнммNNлLL█л█LмB▄MлнNммNNнLNллл█┌▄MлммNNл█▌Nм▄мб▄MлNммNNмL█нлнLллB▄MлнммNMNл▄▄нмл▄┌▄MлммNMNнN▌л█лл█B▄MлNммNMNнмллB▄Mл▌ммNMNл▌Nмлл▄▄MлнммNMNнмллB▄MлммNMNл▌Nмлл▄▄MлNммNMNн▄нлMмб▄MлLммNMNмM█▌лLLллб▄MлLNммNMNмLNNлLлл█б▄MлL▌ммNMNнл▌м▄м▄MлMнммNMннммLл┌▄MлNммNMнм▄█нмNл▄B▄MлLNммL▌лMNмм▄MлLNNммL▌мL▌лLLлL▄MлL▄ммL▌млNNлл█Lм▄Mл▄лNммLмNмнMнмл▌B▄Mл▄л▌ммLмNмнMнмл▌B▄Mл▄лнммLмNммлнмл█б▄Mл█ммLнмNлLLм┌▄Mл▌ммLм▄NлLллл┌▄Mл▌NммLмл▌лLл▌B▄Mл▌LммLл▌NлNLмB▄Mл▌LNммLмлMNлLLм▄Mл▌L▌ммLмлMNлLLм▄Mл▌LнммLм█▄м█Lл█B▄MллLммLMNлL▄Nлм▄м┌▄MллLNммLMNнMлнлM▄лм┌▄Mлм▄NммLлмNNлLLмB▄Mлм▄▌ммLлNллм▌нл█б▄Mлм▄нммLлNлMNмм┌▄Mлм█ммLлNмMLнлллм▄Mлм█NммLлNлMNмм┌▄Mлм█▌ммLлNмMLнлллм▄Mлм█нммLлNнMлнлM▄лб▄MлннммLм▌лNлLLмB▄MлнммLм▌лнLNлL▄лл┌▄MлнNммLм▌м█м▌лнLмB▄MлL▌ммLм▄лNнL▄лMб▄MлLнммLлNNллм┌▄MлMммLм▄лNнL▄лMб▄MлMNммLлNNллм┌▄MлM▌ммLл▄█NлM▄лM┌▄MлнNммLLNлLлNл█▄л█▄MлммLLNлLлNл█▄л█▄MлNммLLNм▄NлLлл▌▄Mл▌ммLLNммNмMLл█▄MлнммLLNм█ллмLм┌▄Mл▄NммLNNмMNнлм▄Mл▄▌ммLNNнM▄нлNLлM▄Mл▄нммLNNнNлл▄лл┌▄Mл█ммLLм▄Nл▄н▄Mл█NммLLмNNл▄м┌▄Mл█▌ммLLмNNл▄м┌▄Mл█нммLLммлнл█B▄MлмммLLнлLLллNLлM┌▄MлмNммLLнлLLллNLлM┌▄MлM▌ммLLNлмMмLл█б▄MлLMммLLMм▄лNнL▄л█┌▄MлLMNммLLMлмNл▄лл┌▄MлLM▌ммLLMнMNмлл▌B▄MлL█▌ммLLNм▌NнллB▄MлL█нммLLNмM▄нл▄ллLB▄MлL▌ммLLNлM▄нмLл▄б▄MлL▌NммLLNмLNлLллм▄MлLлммLLNл▌NNмллб▄MлLлNммLLNмл█NлL█Lл█б▄Mл▄█ммLMн▄мLлм┌▄Mл▄█NммLMнL▄л▄▄л▄▄Mл█нммLMLNн▌мLл▄б▄Mл█нNммLML▌нMNмллм▄Mл▌ммLMLнмNNлм█Lмб▄Mл▌NммLMLнмNNлм█Lмб▄Mл▌▌ммLMLнмлM▄лн▄Mл▌нммLMLнлл▄NмлL▄Mл▌ммLMLнмLNлNLлLб▄Mл▌NммLMMмLлнлMлMб▄Mл▌▌ммLMMлM▌лнмB▄Mл▌нммLMMлнNм▄лN▄Mлл▄нммLM▌Nл▄█NлM▄л█B▄Mлл█ммLM▌Nл▄█NлM▄л█B▄Mлл█NммLM▌Nл▌мллLB▄MлмM▌ммLMнмNNлLLлLб▄MлмMнммLMнмNNлLLлLб▄Mлм█NммLNлLнлLлм┌▄Mлм█▌ммLNнм▌лNLмB▄Mлм█нммLNнм▌лNLмB▄Mлм▌ммLNмлнмллB▄MлмнммLNлNлLLл▌B▄MлмнNммLNнM▌NлMLл█┌▄MлNммLNM▌мMMм▄лн▄Mл▌ммLNM▌лMMнм█LлN▄MлнммLNMнл█▌м▄лL┌▄MлнммLNNNллMнл▄лMб▄MлммLNNNллMнл▄лMб▄MлNммLNNNмNNлLLлLB▄MлL▌ммL▄NлL▌Nмллм▄MлLнммL▄NнNNл▌лM▄MлMнммL▄ннL▌лLл▌▄MлNммL▄нлLмнлLлл▄┌▄Mл▄нммL▄NлM█Nмл█б▄Mл█ммL▄NлM█Nмл█б▄MлMнммL▄M▌л▌MNл▄▄лм▄MлNммL▄M▌лMлнлLлLл█▄MлLлнммL█ммнл▄▄лб▄MлM▌ммL█ннLL▌лл▄л▄б▄MлMнммL█нлL▄▌л▄ллл┌▄MлMммL█нл▄лнлMлллB▄MлMлнммL█LнмLMнл█ллл┌▄MлMмммL█LнмLMнл█ллл┌▄MлMмNммL█Lнн▌л▄ллнB▄MлMм▌ммL█LнмMNлMLлNB▄MлN▌ммL█MNннNLм▄MлNнммL█MNннNLм▄MлLNммL█▄▌мм▄▌лLLл█┌▄MлL▌ммL█▄ннLл█▄лL┌▄MлLнммL█▄нмл▌мL▄ллB▄MлLNммL██Nл▌мллM▄MлLLммL██Nл▌мллM▄MлLLNммL██нмMNл▄▄лNB▄MлLL▌ммL██нлLLNлLлл┌▄MлLMнммL█▌NлLNл▄л▌B▄MлLNммL█▌NмLнNлL▄л▌▄MлLNNммL█▌NнNнл▄б▄MлLMнммL█мнлLмнлнLлл┌▄MлLNммL█мнм▌LNмLл▌▄MлLNNммL█мнлLмнлнLлл┌▄MлL▄ммL█мнм▌LNмLл▌▄MлLнNммL▌▌мнNм▄л▌▄MлLммL▌▌мLнNлL▄м┌▄MлLNммL▌▌мLнNлL▄м┌▄MлL▌ммL▌▌млL▌лнлL┌▄MлLнммL▌▌лLлNлLм┌▄MлLммL▌▌н▌NмллM┌▄MлLLлнммL▌NNмNLллLлн▄MлLLмммL▌NNм▄нNлLлллб▄MлLLмNммL▌NNмлнNмл█б▄MлLLм▌ммL▌NNл▌нл▄▄л▄┌▄MлLN▌ммLлLмL█нлнLлнB▄MлLNнммLлLлл█▌млL▄MлL▄▌ммLлNNмNлL█LлB▄MлL▄нммLл▄мNнLл█б▄MлL▄ммLл▄м▄лLм┌▄MлL▄NммLл▄NмLNл█ллмB▄MлL▄LммLл▄NмLмлL▄л▄▄MлL▄LNммLл▄NмLNл█ллмB▄MлL▄L▌ммLл▄NмLмлL▄л▄▄MлL▄LнммLл▄NлL▄▌л▄лм┌▄MлL▄█нммLл█л█LNмLлNB▄MлL▄▌ммLл█лL█▌л▄лLб▄MлL▄▌NммLл█лL█▌л▄лLб▄MлL▄лммLл█ллл▄м▄MлL█нммLл█нл▌мллM┌▄MлL█м▌ммLлмNлNлLLл┌▄MлLлнммLмNм█▄нмMLм▄MлLлммLмNмNL▌нMLнB▄MлLлNммLмNмNL▌нMLнB▄MлLлLммLмNм▌NлмлмB▄MлLлLNммLмNлLлMлм▄MлLлнммLмLмLл▌лLLлмB▄MлLнNммLмNлLLл▌лNLлL┌▄MлLн▌ммLмNлLNлллл▄MлML█▌ммLнMNлMLмNлMB▄MлML█нммLнMNмлнлллл┌▄MлML▌ммLнMNмнLм▄л▄B▄MлMM▄ммMнмннм┌▄MлMM█нммMNнM▌лмLмB▄MлMNNммMLнлмMнмлл▄MлMNLммMLнлмMнмлл▄MлMNLNммMLнлNNNлLллм▄MлMNL▌ммMLнл█L▌мLлнB▄MлMNLнммMMмм▌лLллM┌▄MлMNMммMMмм▌лLллM┌▄MлMNMNммMMнM█▌лMллLб▄MлM▄NммMM▌ллнл▄н▄MлM▄мммM█NнMмнлMLм┌▄MлM█мммMмNмм█нмLлM┌▄MлM█мNммMмNнMNмлм▄MлMлм▌ммMLм▄MNмлллB▄MлMлмнммMLл▄█ллллб▄MлMмMммMMNлM█▌млLм▄MлMмMNммMMNлM█▌млLм▄MлMмM▌ммMMNм██нм▌лM▄MлMмMнммMM▌лNNнLлMб▄MлMм▄▌ммMNнMнNл█ллB▄MлNNммMнмMлнл█LлN▄MлN█▌ммMнLM▌л▄л█б▄MлN█нммMнLM▌л▄л█б▄MлN▌ммMNм█нмллNB▄MлNнммMMннмнмлM┌▄MлNL▌ммMLнмнMнмл▄┌▄MлNLнммMLнм█мнлнLлм┌▄MлNL▄▌ммMLNнNлNLлл┌▄MлNL▄нммMLNнMM▌л█ллм┌▄MлNMMнммMLNнллл▄B▄MлNMNммMLNнLNNл█▄л▌B▄MлNMNNммMLNм▌л▄▄лN▄MлNN▌ммML█мLLлL▄л▄┌▄MлNNнммML█м▌NлмLллB▄Mл▄▄▌ммMLмNлNлллб▄Mл▄▄нммMLмNм▌▌лнLлLб▄Mл▄█ммMLмNм▌▌лнLлLб▄Mл▄█NммMLмNм▌NмMлMB▄Mл▄█▌ммMLмNмLнлNLлL┌▄Mл▄мNммMLнл█л▌нLл▄┌▄Mл▄м▌ммMLнмл█▌лL█Lлн▄Mл▄мнммMLнл█л▌нLл▄┌▄Mл▄нммMLнмл█▌лL█Lлн▄Mл▄нNммMLнм▄▌Nлллм▄Mл▄ммMLнNнNнм▄лнB▄Mл▄▌ммMM▌лMLмNнB▄Mл▄нммMM▌мMLNл█Lл┌▄Mл▄ммMM▌мMLNл█Lл┌▄Mл▄LнммMMлMл█ллб▄Mл▄MммMMлMллLл▄мB▄Mл▄█ммMMнлL█▌лLллB▄Mл▄█NммMMнлL█▌лLллB▄Mл▄█▌ммMMнлн▌м▄м┌▄Mл▄█нммMMнмлл▌мLLмB▄Mл▄▌ммMMнлLMлм▄л▄┌▄Mл▄нммMML▌м▌NлмLлл┌▄Mл▄MммMMMнLNлLл▌B▄Mл▄MNммMMMнNнлл▌B▄Mл▄M▌ммMMMнNнлл▌B▄Mл▄LM▌ммMM▄NнLMNлNLл█B▄Mл▄LMнммMM▄▌м▌Lнм▄лмб▄Mл▄NM▌ммMNNм▌L▌мLмB▄Mл▄NMнммMNNм▌L▌мLмB▄Mл▄▄▌NммMNLнлL█нл▄л▄┌▄Mл▄▄лммMNLнлL█нл▄л▄┌▄Mл▄▄лNммMNLнлM▄м▄Lлмб▄Mл▄█NммMNMнлL█▌лLмлб▄Mл▄█MнммM▄NмлмNмLл▌B▄Mл▄█▄нммM▄NмLLNлNм▄Mл▄██ммM▄NмLM▌л▌лLB▄Mл▄██NммM▄NмLM▌л▌лLB▄Mл▄██▌ммM▄NнNNм▄м┌▄Mл▄█лнммM▄Nл▄█ллллб▄Mл▄█мммM▄Nл▄█ллллб▄Mл▄█мNммM▄Nл█LNмLл▄B▄Mл▄█м▌ммM▄NлLLNмLLллB▄Mл▄▌MNммM▄LнлLNмLлмб▄Mл▄▌M▌ммM▄LнлLNмLлмб▄Mл▄▌MнммM▄MммлнммB▄Mл▄▌NммM▄MнLнл█Lлл┌▄Mл▄▌NNммM▄MммлнммB▄Mл▄лммM▄MнLнл█Lлл┌▄Mл▄лNммM▄MнLл█▄л▄B▄Mл▄л▌ммM▄MнMLмлB▄Mл▄лм▌ммM▄▄▌мнMм▄лMB▄Mл▄лмнммM▄▄▌м█лм▄лнB▄Mл▄лнммM▄▄▌м█лм▄лнB▄Mл▄лнNммM▄▄▌лLLMнмллл▌▄Mл▄мммM▄▄▌лм▄Nл▄л┌▄Mл▄мMNммM▄█нл▌▌лM▄мB▄Mл▄нNммM█▌м▌▌л▄л▄B▄Mл█MNммM█L▌ммNлLлм┌▄Mл█M▌ммM█L▌ммNлLлм┌▄Mл█MнммM█L▌мннн▄Mл█NммM█LнмлNмLн▄Mл█NNммM█LнлLM▌м▄лмB▄Mл█▄ммM█LнлLM▌м▄лмB▄Mл█лммM█MнлLмNLлл┌▄Mл█лNммM█MннNмлLB▄Mл█LммM█▄нмнLм▄н▄Mл█LNммM█▄ннлллл▄Mл█L▌ммM██лллмLл█б▄Mл█LнммM██NнNллл█▄Mл█MммM██NнNллл█▄Mл█MNммM██NлLммLллб▄Mл█M▌ммM██▌мNлL█Lл█B▄Mл█MнммM██▌ммнлмLмB▄Mл█▄ммM█▌нNNл▌лн▄Mл█▄NммM█▌м▄▌мLм┌▄Mл█▄▌ммM█▌мл▄▄лL▄Mл█▄нммM█▌нNNл▌лн▄Mл██ммM█▌м▄▌мLм┌▄Mл██NммM█▌мл▄▄лL▄Mл██▌ммM█▌л▄Mл▄ллл▄Mл██нммM█▌млнлLл▄┌▄Mл█л▌ммM█лмнNм▄лB▄Mл█лнммM█лм█Nлллм▄Mл█мммM█лл█л▄мB▄Mл█мNммM█лмMм▌ллLнB▄Mл█м▌ммM█лл▄█нмLлмб▄Mл█NммM█мллNл▄л█▄Mл█▌ммM█мнLнм▄лMB▄Mл█нммM█мнLнм▄лMB▄Mл█ммM█ммMлMлн▄Mл█M▄ммM▌M▌млмнлллл█б▄Mл█M▄NммM▌M▌м▌нлMлл▄Mл█M▄▌ммM▌M▌млмнлллл█б▄Mл█M▄нммM▌M▌м▌нлMлл▄Mл█M█ммM▌M▌мNMнлM█Lлм▄Mл█MнNммM▌NNнNлNLлм▄Mл█NммM▌NNмLл▌л▄б▄Mл█NNммMлнNллл▄B▄Mл█▄▌ммMллLL▄NлмLлм┌▄Mл█▄нммMлм▄MмMLлн▄Mл█▄м▌ммMлMнммлNм▄лLб▄Mл█▄мнммMлMнн▄NнLлM┌▄Mл█▄нммMлMнн▄NнLлM┌▄Mл██нммMл▄нмлмB▄Mл██ммMл▄нNNнLл▄┌▄Mл██NммMл▄лм█Nл▄лL▄Mл██▌ммMл▄ммнлLллL┌▄Mл██нммMл▄ммнлLллL┌▄Mл██ммMл▄NммNлллнB▄Mл██NммMл▄NммNлллнB▄Mл███нммMл█нлмL▌ллл█B▄Mл██▌ммMл█нм▄л▄лмB▄Mл█▌NммMлм▌ммл▌млM▄Mл█▌NNммMлм▌ммл▌млM▄Mл█лммMлм▌лLNNлNл┌▄Mл█лNммMлм▌м██▌нL▄лB▄Mл█л▌ммMлм▌лм█Nл▄лл┌▄Mл▌M▌ммMмлNлL█Nмлл█б▄Mл▌MнммMмлNлL█Nмлл█б▄Mл▌NммMмлNм▄▄▌мLлM▄Mл▌NNммMмлNм█NлнLлB▄Mл▌LNммMн▌нлллнB▄Mл▌L▌ммMн▌лм█Nл▄лб▄Mл▌LнммMн▌нLл▄▄лL┌▄Mл▌LмммMнM▌лL█нл▄н▄Mл▌LмNммMнM▌мннNLл█┌▄Mл▌M▄NммNNмLлM▄лL▄Mл▌M▄▌ммNNмм█мLл█▄Mл▌M▄нммNNнNлLллм▄Mл▌M█ммNNмм█мLл█▄Mл▌M█NммNNнNлLллм▄Mл▌M█▌ммNNлLLLнмLл█B▄Mл▌M█нммNNлLлL▄лб▄Mл▌M▌ммNнмNM▌л▌MLллB▄Mл▌M▌NммNннмллB▄Mл▌MлммNннL█▌мLллб▄Mл▌MлNммNннL█▌мLллб▄Mл▌Mл▌ммNннLNNл█▄лм┌▄MллLммNл▌м█л▌ммLлNB▄MллмммNм▄█▌млм┌▄MллмNммNлLMнлLLл█б▄MллнNммN▌мL▌лNNLллB▄MллммN▌нннл▌B▄MллNммN▌мL▌лNNLллB▄Mлл▌ммN▌нннл▌B▄MллнммNнлM▄нмLл█B▄MллммNнмлM▄л▄▄MллNммNнл█нм▄лл▄MллNммNнлLL▌л▄лл┌▄MллNNммNннNNNмлл▄▄MллLммNнмллнл█Lлн▄MллMммN▄нLMNлNLм▄MллMNммN▄нNнлLб▄MллMLммN▄нLMNлNLм▄MллMLNммN▄нNнлLб▄MллML▌ммN▄Nм█▌лML▄л▄┌▄MллMLнммN▄NмLнлM█Lл█▄MллN▌ммNлNмLNлNLлL▄MллNнммNлNмLNлNLлL▄MллNммNл▌мMLлL▄лм▄MллNNммNммM▌нLлNB▄MллNLммNммлNл▌LлM┌▄Mлл▄NммNNммнNлLлл█▄Mлл▄▌ммNNл█нлл▄Mлл▄▄NммNNлNлLLм▄Mлл▄лNммNLNл▄лNмлллB▄Mлл▄л▌ммNLNлM█нн▄м┌▄Mлл▄нммNLннLNл▄▄л▌B▄Mлл▄нNммNLнмMNлLн▄Mлл█ммNMмнNм▄м┌▄Mлл█NммNMлм▌нл▌▄Mлл█▌ммNMнMNлM▄лMб▄Mлл█нммNMнMNлM▄лMб▄Mлл█ммNMмлNнлN▄Mлл█NммNMнMM▌л█лн▄Mлл█▌ммNMNн█▌млнB▄Mлл█нммNMNмNнLл█▄Mлл▌▌ммNLNм█▄▌м▄ллм┌▄Mлл▌нммNLNм█▄▌м▄ллм┌▄MллмнNммNLл▌мLLннл▄┌▄MллнммNLл▌лнннLлM▄Mллн▌ммNLм▌м█▄▌м▄лл▄┌▄Mлм▌ммNMнм▄▌мLлM▄MлмL▌ммNMLнм▌лM▄лм▄MлмLнммNMLнлL█ммB▄MлмMммNMLнлL█ммB▄MлмMNммNMLнм▌L▌мLнB▄Mлм▌ммNM▄▌мLнл▄▄лмB▄MлмLM▌ммNMл▌лLLлNлNLлMB▄MлмLMнммNMл▌мMLнллллнB▄MлмLNммNMл▌мMLнллллнB▄MлмMLммNNмл▌Nл▌л▄┌▄MлмM█ммNNм▄MNмлл█B▄MлмM█NммNNм▄MNмлл█B▄MлмM█▌ммNNнN▌лмлмB▄MлмMмммNN▌лм▌Nнм▄MлмMмNммNN▌лLLнл▄л█┌▄MлмMм▌ммNN▌лLнм▄▄л┌▄MлмMмнммNN▌лLнм▄▄л┌▄MлмMнммNN▌лLMлMLл█▄MлмMнNммNN▌л█LNмLл▄б▄Mлм▄█Nмм▄▌лнLнмллB▄Mлм█▌мм▄M▌лL▄лL▄ллB▄Mлм▌Nмм▄▄нлнLNлL▄лб▄Mлмлмм▄█нлMллLл▄м┌▄MлмлNмм▄█нлMллLл▄м┌▄Mлмл▌мм▄█нлLL█▌ллLлл▄Mлмлнмм▄▌млM▌лNLлл▄Mлмлмм▄▌лLмнлLлнB▄MлмлNмм▄▌Nм▌MNлLл▌B▄MлмлнNмм▄м▌нлNлMл▄▄Mлмммм▄м▌лLMNл▄▄лLб▄MлммNмм▄м▌лLMNл▄▄лLб▄Mлмм▌Nмм▄Nмл▄лмб▄Mлммлмм▄Nмл█NлL█Lм▄MлнNмм▄▄ннL▌лLл┌▄MлнNNмм▄▄нлллмLмB▄Mлн▄мм▄▄нлллмLмB▄Mлн█нмм▄█▌л▌▌нLлб▄Mлн▌мм▄█▌мнннB▄MлнLлмм▄MнмLNл▌м▄MлнLлNмм▄MнмMнм█лм┌▄MлнLл▌мм▄Mнл█нм▄лL▄MлнLлнмм▄NнNлллм▄MлнLммм▄Nмлм▌л▄ллL▄MлнLмNмм▄Nмлм▌л▄ллL▄MлнLм▌мм▄Nм▌лLлм┌▄MлнLмнмм▄NмNлLLл▄B▄MлнNL▌мм▄LLннNL▌лMм▄MлнNLнмм▄LLннNL▌лMм▄MлнNMмм▄LLнмL▄NлMLлмB▄MлнNNмм▄LMNм█лм▄лн▄MлNмм▄LNмMнлM▄лл▄MлLмм▄LNлнннLмб▄MлLNмм▄LNлнMнлллL▄MлL▌мм▄LNмл█нлмллMб▄MлLнмм▄LNнмнмLмB▄MлM▌мм▄L▄м▌L▌мLлб▄MлMнмм▄L▄NлNL▌лL▄ллB▄MлнNмм▄L█▌лмNNл▄лMB▄MлмNмм▄Lм▌лмнмлл▄B▄Mлм▌мм▄Lм▌л█▄NлLл▌▄MлLнмм▄MNмNMл█▄ллNB▄MлMмм▄MNмNMл█▄ллNB▄MлLммм▄ML▌м█м▌лнLмB▄Mл▄Lмм▄M▌Nмм▌NмLлM▄Mл█LNмм▄NнмNлLLл▄B▄MллNNмм▄▄мNнл█б▄Mлммнмм▄▄MнмлнлLлб▄Mлмнмм▄▄MнлLNNммLлб▄MлMнмм▄▄█нммлмLл▄б▄MлNмм▄▄█нмлмнллллмB▄MлNNмм▄▄█нмлмнллллмB▄Mл▄мм▄▄█нн▌Nл█лмB▄Mл▄Nмм▄▄█нлLL█▌ллLн▄Mлнмм▄▄мNмлNлMлл▄┌▄Mлмм▄▄мNмм▌NмLл▌▄MлNмм▄▄мNл▄нLм┌▄MлLмм▄▄м▌м█▄м█Lл▄B▄Mл▄▌мм▄█▌лLм▌м▄ллM┌▄Mл▄нмм▄█▌лLм▌м▄ллM┌▄Mллмм▄█Nмлнмлл▌▄MлLлмм▄█▄▌нL▌лLмB▄MлLлNмм▄█▄нлмнлLлB▄MлLл▌мм▄█▄ннNLм▄▄л▄B▄MлLлнмм▄█▄нмMNл▌мB▄MлLммм▄█▄нмLNлLлMб▄MлLмNмм▄█▄нмLNлLлMб▄MлMM▌мм▄█ллML▌м▄лл▌▄MлMMнмм▄█лмнл▄LлL▄MлMNмм▄█лнMнл▌LмB▄MлMNNмм▄█лмнл▄LлL▄MлM▄мм▄█лнMнл▌LмB▄MлM▄Nмм▄█лл█M▌нл█B▄MлN▌мм▄█нм▌LNмLллB▄MлNLмм▄▌мM▄NлMLл▌B▄MлNLNмм▄▌мM▄NлMLл▌B▄Mл▄Mмм▄▌Nм▄ммл▄мB▄Mл▄MNмм▄▌Nм▄MмMLлB▄Mл▄M▌мм▄▌Nм▄MмMLлB▄Mл▄Mнмм▄▌Nм█лллнB▄Mл▄Nмм▄▌NмLл▌лLLлM┌▄Mл▄нмм▄▌MNлLL▌нLл▌▄Mл█▄мм▄л▌ннлNLм▄MллNмм▄лMNлL▌NлMLм▄MллNNмм▄лMNлмнмлм┌▄Mлл▄мм▄лMNлLNм▄лNB▄Mлмнмм▄л▄нлL▄нлLллм▄Mлммм▄л▄нлL▄нлLллм▄MлLмм▄мнм▄MNмллL┌▄MлLNмм▄мнм▄MNмллL┌▄MлL▌мм▄мнмLM▌л▌лM┌▄MлLнмм▄мнм█▄▌м▄ллл┌▄MлMмм▄мнмNлL▄лн▄Mл█мм▄мLNмнNмMLл█▄Mл█Nмм▄мLNмнNмMLл█▄Mл█▌мм▄мLNнлLлнB▄Mл▌мм▄мLнл█NмллMб▄Mл▌Nмм▄мLнлLNNмLLлLB▄Mллмм▄мLнлLNNмLLлLB▄Mлмнмм▄мNллLлL▄лнB▄Mлнмм▄мNм▌лLлм┌▄MлLнмм▄м▄нлMнNLм▄MлL█мм▄м█▌лLнNлLLлLб▄MлL█Nмм▄м█▌лLнNлLLлLб▄MлLлмм▄м▌м▄Nл▌Lл┌▄MлLлNмм▄м▌лLM▌лMLл█▄MлLл▌мм▄м▌л▌▌лM▄л▌▄MлMNмм▄млнммMнлMлл▄B▄MлMLмм▄млнлLлMLн▄MлMLNмм▄млнммMнлMлл▄B▄MлML▌мм▄млнлLлMLн▄MлLNмм▄н▌нLллLм▄MлL▌мм▄н▌м▄█NмLLл█б▄MлL█▌мм▄нL▌л▄лLLм┌▄MлL█нмм▄нL▌мнлMл▌B▄MлL▌мм▄нL▌л█▄NлLлNB▄MлL▌Nмм▄нL▌мнлMл▌B▄MлLлмм▄нL▌л█▄NлLлNB▄MлLлNмм▄нL▌нLл▌лMLлб▄MлLмнмм▄нMNлL▄▌лMлл┌▄MлLнмм▄нMNлLMлMLлM▄MлLMнмм█нлNNNлLллн▄MлLNмм█ннNNм▄л▄┌▄MлLнNмм█LмM▌л▄лN▄MлLмм█LлLлнлMLм┌▄MлLNмм█LлLлнлMLм┌▄MлL▌мм█LлM█▌млLлм┌▄MлLнмм█LлM▄NмллLB▄MлLLMнмм█NлLNNлNл█B▄MлLLNмм█NмLнлMл▌B▄MлLLNNмм█NнL▌м▄нB▄MлLMNмм██▌лMлNлLлLлмB▄MлLM▌мм██▌лMлNлLлLлмB▄MлLMнмм██▌ммLNмLл▄б▄MлLNLNмм█нNмM▌л█лл▌B▄MлLNL▌мм█нNлNNнLлл▄MлLNLнмм█нNлMлNлLлLл▄▄MлLNNмм█▌м█MннллN▄MлLNNNмм█▌н▌лMлм▄MлL▄мм█▌н▌лMлм▄MлL▄Nмм█▌ннл▄л█б▄MлL▄█Nмм█NмL▌мLл▄┌▄MлL▄█▌мм█Nн█NлMлMб▄MлL▄█нмм█Nн█NлMлMб▄MлL▄▌мм█NмлMNлLLмB▄MлL▄▌Nмм█NлLнл█лM┌▄MлL█Nмм█Mнм█нлллLб▄MлL█NNмм█MннNл▄лB▄MлL█нмм█▄нм▄нмLм▄MлLмMмм█млл▌мLLлMB▄MлLмMNмм█лLNлNLл█▄MлLмM▌мм█мMнNмллL▄MлLмMнмм█млл▌мLLлMB▄MлLмNмм█лLNлNLл█▄MлLмNNмм█мMнNмллL▄MлMммм█NNм▌▌л▄лLB▄MлMмNмм█NNлMNмл▌▄MлMMмм█LнNлNLлн▄MлMMнмм█LNлLLмLLлн▄MлMNмм█LNлLLмLLлн▄MлMNNмм█LNмлNмлл▄б▄MлMLмм█LNNмлNл▌Lл█б▄MлMM▄▌мм█LнNлмнлL█LлмB▄MлMM▄нмм█LнNнMмLнB▄MлMM█мм█MлLнNмLлн▄MлM▄нмм█ML▌мMLлL▄л█┌▄MлM▄мм█ML▌нNMнмлл█B▄MлM▄Nмм█ML▌мNLNлL█Lм▄MлM▄▌мм█MNмнмллMB▄MлM▄▌Nмм█MNлLмлMлмб▄MлM▄мNмм█M▄лMLмNлм┌▄MлM▄мнмм█M▄▌н▄Nмлл█▄MлM█лNмм█MлNм▄▌лLLлм┌▄MлM█л▌мм█MлNлнNм▄ллб▄MлM▌Lмм█MмнлмнлLн▄MлMлNNмм█NнNMNм▄ллнB▄MлMл▄мм█NмLM▌л▌л█б▄MлMл▄Nмм█NмLM▌л▌л█б▄MлMл▄▌мм█NлL█нл▄лNB▄MлMл▄нмм█NмLMнл█ллM▄MлMл█мм█NNм▄лLлм▄MлMл█Nмм█NNмнл▄LлL▄MлMл█▌мм█NNмнл▄LлL▄MлMм▌мм█NLм▌л▄Lм┌▄MлMмнмм█NLм█Lм▄▄л▄┌▄MлMммм█NLлLлMлм┌▄MлMмNмм█NLм█Lм▄▄л▄┌▄MлMмLмм█NLлLлMлм┌▄MлMмLNмм█NLм█LнмLлл▄MлNM▌мм█▄NнNNнLлмб▄MлNмм█▄█NлLLнлMNLллB▄MлNNмм█▄█Nмм▄лMLл█б▄MлN▌мм█▄█▌нL▄ннLл┌▄MлNL▌мм█▄▌Nмл█NлL█Lлмб▄MлNLнмм█▄▌NнLNл▄▄л▌B▄MлNMмм█▄▌NлLM▌м▄л▄┌▄MлNMNмм█▄лл█LNмLлL▄MлNM▌мм█▄лл█LNмLлL▄MлNMнмм█▄лNмNнLм┌▄MлNNмм█▄лNммнлмLлл▄MлNNNмм█▄лNлMLмNл▌▄MлNLмм█▄лNмLL▌лNLл┌▄MлNLNмм█▄лNм█Nллллб▄MлNL▌мм█▄нNнмлл█B▄MлNL▌Nмм█▄нNм▄MмMLлмб▄MлNMнмм██нMлллLб▄MлL▌мм██▄мLнлMлB▄MлLммм██▌м▌мMLллб▄MлLмNмм██▌млLNнл█B▄MлLм▌мм██▌нLнм▌лM▄MлLмнмм██▌млLNнл█B▄MлLнмм██▌нLнм▌лM▄MлLммм██мNнLл▄▄лMB▄MлLмNмм██мNнNлNLл▌B▄MлLLнNмм█▌MнмNл▄LлN▄MлLMмм█лм▄Nл▄нB▄MлLMNмм█ллNннLл▄б▄MлLM▌мм█лл▄лNмлл█б▄MлLMнмм█лмMLлL▄лN▄MлLMмм█лм▄ммл▄м┌▄MлLMNмм█ллMNм▄ллLб▄MлLMLнмм█лннNL▌лMлLB▄MлLMMмм█лннNL▌лMлLB▄MлLMMNмм█лнм▄л▌лLлл▄б▄MлLMM▌мм█лнмLлM▄лLB▄MлLMMнмм█лмNLнлLнLлL┌▄MлLMNмм█лмMм▌ллLмб▄MлLMNNмм█лмMм▌ллLмб▄MлLM▄мм█лмL█лLLлб▄MлLMммм█лNм▌NмLллб▄MлLMмNмм█лNм▌NмLллб▄MлLNмм█лLNнNл▄лB▄MлLNL▌мм█лMNнNLNлMл▄б▄MлLNLнмм█лMNл█нNл▄▄лN▄MлL▄MNмм█л▄м█м▌лнLм▄MлL▄M▌мм█л▄лNлLLн▄MлL▄Mнмм█л▄лNлLLн▄MлL█▄мм█лммнNLлмB▄MлL█мнмм█лнм▄LнмллнB▄MлL▌NNмм█мннннллб▄MлLлмм█мннннллб▄MлLлNмм█мнм█LнмLм▄MлLл▌мм█мнмLм▌л█л▄б▄MлLлмм█м▌м▌нл█▄MлLлNмм█м▌м▌нл█▄MлLлLмм█м▌л██м▄лLб▄MлLлLNмм█м▌л█NнLл▌▄MлLлL▌мм█м▌м▄▌мLмB▄MлLлM▌мм█мнNLм▄▄лм┌▄MлLлMнмм█мн▌л▄▄л█▄MлL▄Nмм█нм█M▌мNLм▄MлLмNмм█нL▌лNM▌лLLл▌B▄MлLLмNмм▌▌н▄▌млл▄б▄MлLMнNмм▌Mнлмллм┌▄MлLNмм▌MнлмMNл▄лл▄MлLNM▌мм▌▄NлL▌л▄▄л┌▄MлLNMнмм▌▄NмNMнлM█Lл█б▄MлL█Nмм▌м▌м█Mм▄ллMб▄MлL█▌мм▌м▌нLNмлмB▄MлL█нмм▌м▌м█Mм▄ллMб▄MлL█мм▌м▌нLNмлмB▄MлL█Nмм▌нмL▌мLм┌▄MлL█▄нмм▌н█нлллл┌▄MлL██мм▌NлNнLлLб▄MлLллNмм▌Nн▌мLлB▄MлLлл▌мм▌NмлM▌лNLл▄▄MлLллнмм▌Nн▌мLлB▄MлLлммм▌NмлM▌лNLл▄▄MлLлмNмм▌NмLлM▄лN▄MлLн▌мм▌лм█Nлллл┌▄MлLннмм▌лнлнлLллLB▄MлLнмм▌лнлнлLллLB▄MлLн▌мм▌л▌м▄L▌млмб▄MлLннмм▌л▌лM▄м▄Lл┌▄MлLнмм▌л▌л▄▄л█лM┌▄MлLнNмм▌л▌мL▌мLмб▄MлL▌мм▌м▌лL█лMLл█б▄MлLмнмм▌▌лм▄л▄лл┌▄MлLNмм▌L▌нLNл▄▄м▄MлLMLNмм▌L█лнNллл█▄MлLML▌мм▌L█лLMNл▄▄лн▄MлLMLнмм▌L█лLMNл▄▄лн▄MлLMMмм▌L█лL█нлM█▄ллB▄MлLMMNмм▌L█лLL▌лллNB▄MлLMM▌мм▌L█нMNл▌лл┌▄MлLMл▌мм▌L▌NлLLлнл▄лN▄MлLMлнмм▌L▌NлLLлнл▄лN▄MлLL▄▌мм▌MNмлM▄л▄▄MлLLлмм▌Mнмнм▄лмб▄MлLLлNмм▌Mнлм▌нл▌B▄MлLLл▌мм▌MнмNлLлнB▄MлLLлнмм▌Mнмл█NлL█LнB▄MлLLNмм▌MLлнмлл▄б▄MлLLMнмм▌MM▌лLмLлB▄MлLLмм▌M█лN▌нLлн▄MлLLNмм▌M█лм▄▌л█LлмB▄MлLLLLNмм▌Mлм█лнмLм┌▄MлLLLL▌мм▌Mлм▄MмMLлL┌▄MлLLLM▌мм▌Mл▌мL▌л▄м▄MлLLLMнмм▌Mл▌н▌млмB▄MлLLMнмм▌Mнл▌▌нLлMб▄MлLLMмм▌MннNм▄Lл█▄MлLLMNмм▌MнлмнлLл▄б▄MлLLMLмм▌MннNм▄Lл█▄MлLLMLNмм▌MнлмнлLл▄б▄MлLLML▌мм▌Mнмм▌лNLн▄MлLLMлнмм▌N▌нM▌лLLлMб▄MлLLMммм▌N▌нM▌лLLлMб▄MлLLMмNмм▌N▌мNлM█LлM┌▄MлLLMм▌мм▌N▌н█м▄лLб▄MлLLMмнмм▌N▌м█▄м█Lлмб▄MлLLMнмм▌N▌нNнлмB▄MлLL▄Nмм▌NлLLл█лл▄MлLL▄▌мм▌NNмNлM█Lм┌▄MлLL▄нмм▌NNл█MNл▄лMB▄MлLL▄мм▌NNм█лнмLнB▄MлLL▄▄нмм▌NMNмлLNнлмб▄MлLL█L▌ммл▌лLLNлLлмB▄MлLL█Lнммл▌мLNл▌лM┌▄MлLL█Mммлнл█м▄лмб▄MлLL▌LNммлMмн▌мLлн▄MлLLлNммл▄Nлл▌Nмлм┌▄MлLLмNNммллннLNллмB▄MлLLм▄ммллнлLлML▄н▄MлLLм▄NммллнлLлML▄н▄MлLLм▄▌ммллннNнлб▄MлLLм▄нммллнмNNлLLлм▄MлLLм█ммллнлL▌лML▄лм┌▄MлLLм█Nммллнм▄л▌лLллNB▄MлLLм█▌ммллнм▄MмMLлл┌▄MлLLмнNммлмнлMмLLлмб▄MлLLнммлмнмннNLнB▄MлLML▌ммлNм▄Nл▌LлLб▄MлLMLнммлNм▄Nл▌LлLб▄MлLMMммлNм▌▌л▄м▄MлLMMNммлNл█M▌нлмB▄MлLMMнммлMнм▌лNл█┌▄MлLMлммл▄Nнм▄нB▄MлLMлNммл▄Nнм▄нB▄MлLMл▌ммл▄NлNлLLл▄┌▄MлLMLлNммлнмл█▌лL█LлмB▄MлLMLл▌ммлнмнLNм▄лM▄MлLM▌нммлL█нMлнлM▄м▄MлLMл▌ммлLмNм▌NмMLлM┌▄MлLMл▌NммлLм▌н▌Nл█лмб▄MлLMллммлLм▌нлNм▄л▄▄MлLMмNNммлMнллNл▄м┌▄MлLMнL▌ммлMLнм▌л▄Lл┌▄MлLN█нммлM█л▄█▌мл█▄MлLN▌ммлM█л▄█▌мл█▄MлLN█ммлMмNлм▌л▄нB▄MлLN█NммлMмNлMлNлLлLлб▄MлLN█▌ммлMмNн▌мLлм┌▄MлLN█нммлMмNлMлNлLлLлб▄MлLN▌ммлMмNн▌мLлм┌▄MлLN▌NммлMм▌л▄▄▌л▄лнB▄MлLNлммлMм▌л▄▄▌л▄лнB▄MлLNLLнммлNн▌л▄▄ллB▄MлLNLMммлNн▌л▄▄ллB▄MлLNLMNммлNлLLнм█лл▄б▄MлLNLM▌ммлNм▌нлMлм┌▄MлLNLNNммлNLлLLNлллмB▄MлLNL▄ммлNLлLLNлллмB▄MлLNL▄NммлNLм▌лNлм┌▄MлLNNммл▄лL▄нлMлL┌▄MлLNNNммл▄лL▄нлMлL┌▄MлL▄Nммл▄L▌мнL▌нLл▌B▄MлL▄▌ммл▄L▌мнL▌нLл▌B▄MлL▄Lнммл▄MNм▄лллL┌▄MлL▄Mммл▄MNнNлLллл▄MлL▄лммл▄NNнMнлл▄лNB▄MлL▄лNммл▄NNм██▌нL▄ллб▄MлL▄л▌ммл▄NNм██▌нL▄ллб▄MлL▄нммл▄▄нмMнмлл█┌▄MлL▄ммл▄▄нмMнмлл█┌▄MлL▄Nммл▄█нмнмLлб▄MлL▄л▌ммл▄л▌лLLнм█Lл█▄MлL▄лнммл▄л▌лLLнм█Lл█▄MлL▄мммл▄л▌ммнлл▄MлL▄мNммл▄л▌нMMNмл▄B▄MлL▄нNммл▄млLL▄нлмллб▄MлL▄ммл▄мм█▌л▄лB▄MлL▄▌ммл▄мнл██м▄мB▄MлL▄нммл▄мнлллNмLм┌▄MлL▄ммл▄мнлL▌л▄Lлм┌▄MлL▄LLNммл█нл█лнлNLл▄б▄MлL▄LNммл█▌нLнNл▌лLB▄MлL▄LNNммл█▌нM▄Nл█ллM┌▄MлL▄Nммл██Nл▌Mнм▄лнB▄MлL▄NNммл██▌м▄NNл▄Lл▌▄MлL▄Nммл█▌м▌Lнм▄мб▄MлL▄NM▌ммл█лмлмNмLм▄MлL▄NMнммл█лмлмNмLм▄MлL▄▄лNммл█нм█NлMLлM┌▄MлL▄▄л▌ммл█нм█NлMLлM┌▄MлL▄▄лнммл█нлLм▌м▄ллмB▄MлL▄█мммл▌▌м█LнмLл▄б▄MлL▄█мNммл▌▌л▄NнLл▄┌▄MлL▄█м▌ммл▌▌л▄NнLл▄┌▄MлL▄л█ммл▌Mнл▌NNмлL▄MлL▄л█Nммл▌MнлNL▌лL▄лн▄MлL▄л█▌ммл▌NллLнл▄м┌▄MлL▄л█нммл▌NнM█лNLлNB▄MлL▄нMNммллMNнлLм┌▄MлL▄нM▌ммллMNмлл▌мLLл▌B▄MлL▄нMнммллMNлNнLл▌▄MлL█LNNммлмлLLNнлLB▄MлL█M█нммлмMмлнлллллB▄MлL█▄нммлммлLM▌ммLлм▄MлL█▄нNммлммлLM▌ммLлм▄MлL██ммлммл█м▌лLLл▌B▄MлL██NNммлмнNл█Lм▄ллб▄MлL██▄ммлмнNнLнмLлн▄MлL██▄NммлмнNнLнмLлн▄MлL█▌NммлннлLLMNл█LлнB▄MлL█▌Lммлннм██NлMLл▄┌▄MлL█▌LNммлннмMNл▄▄лM┌▄MлL█▌L▌ммлннмMNл▄▄лM┌▄MлL█▌LнммлннлLNмллмб▄MлL█лмNмммNмLнлMлл▄MлL█лм▌мммNлMLнмMлнB▄MлL█лмнмммNлMLнмMлнB▄MлL█лнмммNм▌Lл▄лNB▄MлL█мMммммл▌мL▄л┌▄MлL█м▌мммNм█Mм▄лл▄B▄MлL█м▌NмммNлLM▌лMLм▄MлL█млмммNлLM▌лMLм▄MлL█млNмммNн▌Nл█лл▄MлL█мл▌мммNнNл▄▄лL┌▄MлL▌MNммм▄NмлL▌лнн▄MлL▌M▌ммм▄Nм▄L▌мллLб▄MлL▌Mнммм▄Nл▄лнлMллLб▄MлL▌LNмммллллNмLнB▄MлL▌L▌мммллллNмLнB▄MлL▌▄нмммлнмл▌лL▄лM▄MлL▌█мммлнм▄▄нлLмн▄MлL▌█Nмммлнм▄▄нлLмн▄MлL▌█▌мммлнмM▌л▄ллB▄MлL▌лнмммм▌мл▄млLл▌▄MлL▌ммммм▌мл▄млLл▌▄MлL▌мNмммм▌нLнNл▌лнB▄MлL▌Nмммнлнмлм┌▄MлL▌LNмммL▌ммммлL┌▄MлL▌LLмммLнлLL▌лNLлнB▄MлL▌Lл▌мммNмNнлB▄MлL▌LлнмммNмNнлB▄MлL▌LммммNмнм▄л▄┌▄MлL▌LмNмммNмL█NлмLл┌▄MлL▌M▄ммм█▌ллмнлLLлм▄MлL▌M▄Nммм█▌мMлNнLллB▄MлL▌M▄▌ммм█▌мLлнLл┌▄MлL▌Mнмммл▌м▄нмLл▄┌▄MлL▌MнNмммлнл█NнLлб▄MлL▌Nмммлнл█NнLлб▄MлL▌NNмммлнл▄Lмлм▄MлL▌NLнммммнлLL▄лмLлMB▄MлL▌NMммммнлLL▄лмLлMB▄MлL▌NMNммммнлLнлML▄нB▄MлLлмммLNмн▌мLлL┌▄MлLлNмммLNмн▌мLлL┌▄MлLл▌мммLNмнNм▄лL┌▄MлLл▄нмммNннмл▄┌▄MлLлм▌мммLннNNнLлLB▄MлLлмнмммLнлмNллл▌▄MлLлL▄нмммLMNлNNнLл▌▄MлLлL█мммLMNлNNнLл▌▄MлLлL█NмммLMNлLлMLл█┌▄MлLлL█▌мммLMNмNNлLLм┌▄MлLлL█нмммLMNм█▄Nм▌Lм┌▄MлLлMнмммL▄м▌NмLл█B▄MлLлMNмммL█мMм▌ллLмб▄MлLлMLмммL█NлLLLлм▄м▄MлLлM▌мммL▌NнNNнLм▄MлLлM▌NмммL▌NлM▄▌мMл█┌▄MлLлMлмммL▌Nм▌Nнн▄MлLлMлNмммL▌Nм▌Nнн▄MлLлMл▌мммL▌Nмм▄лMLл▄б▄MлLлMлнмммL▌NмLMнл█лл▄б▄MлLл▄мммMNлM▄NмллNB▄MлLл▄MнмммMм▄л▌лLллб▄MлLл▄NмммMлLL▌нл▄б▄MлLл▄NNмммMлLL▌нл▄б▄MлLл█▌мммMMнлллмLл▌B▄MлLл█▌NмммMMнлL█мллB▄MлLл█лмммMMнл▄мллLB▄MлLл█лNмммMMнм▄Nл▄LлнB▄MлLл▌нмммM▄нлнM▌мLл┌▄MлLл▌мммM█мLл▄ллн▄MлLл▌NмммM█лLLNмллм▄MлLлмнмммNNнL▌мллN▄MлLлммммN▌лLM▌м█ллнB▄MлLлмL▌мммNмм█▌мLнB▄MлLлмLнмммNмм█▌мLнB▄MлLмнмммNM▌нMMнл█ллNB▄MлLммммNM▌нMMнл█ллNB▄MлLм▌Nммм▄▌мм▄▌лLLм▄MлLмлммм▄▌мм▄▌лLLм▄MлLмлNммм▄▌л██Nм▄лL▄MлLмл▌ммм▄нм█нллллб▄MлLмлнммм▄нлLMлм▄лнB▄MлLм▌ммм▄нмNнлл┌▄MлLмнммм▄нмLLлL▄лL┌▄MлLмммм▄нмLLлL▄лL┌▄MлLмнммм▄MнлмлL█LмB▄MлLмммм▄NлLLнм█лллб▄MлLмLнммм▄▄▌лMмMлM┌▄MлLмMммм▄▄▌л█нмл▄л█B▄MлLмLLммм▄█ннLMлNLл▄B▄MлLмLLNммм▄█ннLMлNLл▄B▄MлLмLL▌ммм▄█нм▌▌л▄м┌▄MлLмLLнммм▄█нлLL▌лллL┌▄MлLмLнNммм▄мнмнL▌нLлM▄MлLмMммм▄мнмнL▌нLлM▄MлLмM▄▌ммм█лмлллMB▄MлLмM▄нммм█лммNнлNB▄MлLмM█ммм█лмлллMB▄MлLмM█Nммм█лммNнлNB▄MлLмM█▌ммм█мл█▌лL█LлL▄MлLмM█нммм█лLNлLнLл▄б▄MлLмNMNммм█LNм█лм▄лм▄MлLмNM▌ммм█LNнNMм▄лM▄MлLм▄█Nммм█▄лLнл▄ллб▄MлLм▄█▌ммм█▄лLнл▄ллб▄MлLм█L▌ммм█лNм▄Nл▄л▌▄MлLм█л▌ммм█нм█Nлллл┌▄MлLм▌ммм▌нлLлл█▄м┌▄MлLмлнммм▌нм▄NNл▄LлM┌▄MлLмлммм▌нмNNлMLллб▄MлLмлNммм▌нлLLLNмLл▄б▄MлLмл▌ммм▌нмNNлMLллб▄MлLмлнммм▌нлLLLNмLл▄б▄MлLмлммм▌нл▌лLллB▄MлLмлNммм▌нммLнмлмб▄MлLмм▌ммм▌NмL█NлмLм▄MлLммнммм▌Nммлл▄MлLммммм▌NнLNлLмB▄MлLммMNмммлл█нмB▄MлLммM▌мммлн█Nлллб▄MлLммMнмммлн█Nлллб▄MлLмн▌мммл▌лммNнлб▄MлLнMNмммлмлN▌нLлMB▄MлLнLNмммлм▌мM▄нл▄лнB▄MлLнL▌мммлм▌нL█NлMлнB▄MлLнM▌ммммNнмNлLллLб▄MлLнMнммммNнмNлLллLб▄MлLнMммммNммлм▄лл┌▄MлMмммм▌м▌NлмллNB▄MлMLмммнммнлмLлM┌▄MлMLNмммнлLMNл▄▄ллB▄MлML▌мммнлLMNл▄▄ллB▄MлMLнмммнм▄LнмлнB▄MлMMмммнмNMнлM█Lллб▄MлMNмммн▌н█м▄м▄MлMNNмммн▌ммнлM▄нB▄MлM▄мммннмнл▄Lлм┌▄MлM▄NмммннлNMллл█б▄MлM▄▌мммннл█лнлNLл▌B▄MлMнмммнмм█нмLм┌▄MлMнNмммнммнл▄▄мB▄MлMмммнNмM▌Nл▄лл█B▄MлMNмммнLмNнNLм┌▄MлML▌мммнNмм▌мLлNB▄MлMLнмммнNNлLNм▄лL▄MлMLлммннлMнлL▄лл▄MлMMLммнLнм█нлML▄лL┌▄MлMMLNммнLнлLннLм▄MлMML▌ммнMлMнмм▄MлMMLнммнMмMнл▄лMб▄MлMMMммнMNм▄лNл▄┌▄MлMMMNммнMNм▄лNл▄┌▄MлMN▌ммн█лLLл▌лNLлмB▄MлMNнммн█мNNлLллл┌▄MлMNммн█лл█Nмн▄MлMNNммн█лл█Nмн▄MлMNммн█▌лLмLлнB▄MлMNNммн█▌л█M▌нлM┌▄MлMNNммн▌м█нлML▄мB▄MлMNNNммн▌м█NNмNLлM▄MлM▄ммн▌мLNммLлл▄MлM▄Nммн▌лLLнм█LлL┌▄MлM▄м▌ммнмнмNлL▄лб▄MлM█NммннNллм▌нн▄MлM█▌ммннNлLNммLл█б▄MлM█MнммнNлLм▌м▄ллм▄MлM█NммнNнM▄нлNLм▄MлM█NNммн▌л█▌м▄лM▄MлM█▄ммн▌нNLнл█ллб▄MлM▌нммнLннNнлн▄MлM▌ммнLннNнлн▄MлM▌MммнM▌н█NлMл▌▄MлM▌MNммнM▌л█нм▄лнB▄MлMлнммн▄мнNлMLнB▄MлMлммн▄лLM▌лм▄лмB▄MлMлNммн▄лLM▌лм▄лмB▄MлMлNммн█м▄▄▌мLлм┌▄MлMлNNммн█млNлMллB▄MлMл▌ммн▌нLMNлNLл█B▄MлMл▌Nммн▌нLMNлNLл█B▄MлMллммн▌лM▌лLLлл▄MлMллNммн▌NнNмллL┌▄MлMлл▌ммн▌NлLLлNлNLм┌▄MлMллнммн▌NлLLлNлNLм┌▄MлMмNммнлннLнNл▌м┌▄MлMм▌ммнлнмлL▌лнмB▄MлMмнммнлнмлL▌лнмB▄MлMмммнлннM▄л█ллMB▄MлMмNммнлнлмLнл▄лм┌▄MлMмM▌ммнм▌мLMNмлLб▄MлMмMнммнм▌мLMлLLмB▄MлMмNммнм▌л█▄нмллб▄MлMн▌ммннмLLннм┌▄MлMннммннмLLннм┌▄MлMнммнннLM▌л▄лLB▄MлMммнLLлллнл▄н▄MлMNммнLLл▄▄Nм▄▄л▌▄MлMM▌ммнL█▌мMл▌нLм┌▄MлMMнммнL█▌мм▌лNLл█┌▄MлMM▄нммнLмNнNL▌лMлL┌▄MлMMл▌ммнLнNм▄LнмB▄MлMN▌ммнMмNLллLлл▄MлMNнммнMмNLллLлл▄MлMNммнMмлM▌лNLлNB▄MлM▄M▌ммнMLмллNл█▄л▄┌▄MлM▄MнммнMLллл▄лB▄MлM▄NммнMLл▄Nм▄лмB▄MлM▄NNммнMLмллNл█▄л▄┌▄MлM▄▄ммнMLллл▄лB▄MлM▄▄NммнMLл▄Nм▄лмB▄MлM▄▄▌ммнMLнLнлMллл┌▄MлM█▄▌ммнM▄Nллм▌нлL┌▄MлM█▄нммнM▄NнNMм▄л█б▄MлMл▌ммнMл▌лLMNмMлн▄MлMмNNммнNNннNннB▄MлMм▄ммнNNнM▌лLLлNB▄MлMмнммнNнмнмLлн▄MлMмнNммнNмлMнл▄лмб▄MлMнммнNмлMнл▄лмб▄MлMнNммнNмN▌нMLллB▄MлMн▌ммнNм█лNлллл▌B▄MлMнLNммнNL▌лLлнлMLлL┌▄MлMнL▌ммнNL▌лL▌лLл▄лNB▄MлMнLнммнNL▌лLLнNнмB▄MлMнMммнNL▌лL▌лLл▄лNB▄MлMнMNммнNL▌лLLнNнмB▄MлMнM▌ммнNL▌ллнNнлM▄MлMNммнNMнлмнлL█LлмB▄MлM▌ммнNMнлм▄Nл▄л▌▄MлMLммнNNNлнLNлL▄лB▄MлMLNммнNNNлнLNлL▄лB▄MлML▌ммнNNNмM▄лMLллб▄MлMнмнMNлмNл▄л█б▄MлMLNмнNNммнмллLB▄MлML▌мн▄ллл▄л┌▄MлMLнмн▄ллл▄л┌▄MлMMмн▄м▌Nл▄лL┌▄MлMMNмн▄нLNлLм┌▄MлMLNмн█лLLNмллн▄MлML▌мн█лLLмLLл█┌▄MлMMнмнмн▄NнLлм▄MлMMнмннмLнлллм┌▄MлMMнNмннмLлнLл▌▄MлMNмнм▄Nл▄Lл▄б▄MлMNNмнм▄Nл▄Lл▄б▄MлMNмн▌лLNм▌м┌▄MлMNNмн▌мNNNнMллб▄MлMNMмнмNLллLлмб▄MлMNMNмнмNLллLлмб▄MлMNM▌мнмMмNмлл█▄MлMLL▌мнMлмнмлллB▄MлMLLнмнMлмнмлллB▄MлMLNмнM▌м▌▌лнLлLб▄MлMLNNмнM▌м▌▌лнLлLб▄MлML▄мнM▌нмлLллб▄MлMLмNмнмNнMлNлLл▄B▄MлMLм▌мнмNлNNлллл┌▄MлMLмнмнмNнMлNлLл▄B▄MлMLнмнмNлNNлллл┌▄MлMLмннNлL█нлM█▄лнB▄MлMLNмннNлL█нлM█▄лнB▄MлMLLмннNлл█млн▄MлMLLNмннNнN▌лмлл█┌▄MлMLLNNмннллммлн▄MлMLL▄мннллммлн▄MлMLL▄Nмннм█NNмNLлNB▄MлMLNL▌мнLNмн▌мLл█┌▄MлMLNLнмнLNлLлMLмB▄MлMLNNмнLLнлLMNмMлм┌▄MлML▄NмнLNм█▌мн▄MлML▄▌мнLNм█▌мн▄MлML▄LнмнL▄ллл▄м┌▄MлML█нмнLлNм█NNмNLмB▄MлML█мнLлNм█NNмNLмB▄MлML█LNмнLлнлLL▌ллл█B▄MлML█▄мнLм▌мL▌лллл▌B▄MлML█▄NмнLм▌лL▌ммLмB▄MлML▌мнMNнLнмLл▌▄MлML▌NмнMNл▄Lнл▄лл█б▄MлML▌LмнMNл▄Lнл▄лл█б▄MлMLлMNмнMLнм▄█NмLLм┌▄MлMLммнM▄ммNлллл█▄MлMLмNмнM▄ммNлллл█▄MлMLм▌мнM▄нL█нLлB▄MлMM▄NмнNNнNмллл┌▄MлMM▄▌мнNNнNмллл┌▄MлMMнмнNMнNмлмб▄MлMMнNмнNMм▄л▄л▄B▄MлMMмнNMмм▌лM▄лмB▄MлMMNмнNMмм▌лM▄лмB▄MлMM▌мнNM▌нNнм▄м┌▄MлMMнмнNM▌нNнм▄м┌▄MлMMмнNM▌нннл▄▄MлMMLнмнNNн█▌мл█B▄MлMMLLмн▄▌мLмнлNл▄B▄MлMMMнмн▄LNнNнлн▄MлMMMмн▄LNл█нмл▄лб▄MлMMMNмн▄LNнNнлн▄MлMMMLмн▄LNл█нмл▄лб▄MлMMMNNмн▄MNмL█лLLлM┌▄MлMM▄Nмн▄█нннм▄лнB▄MлMM▄▌мн▄█нм▄L▌млм▄MлMM▄Lмн▄▌NнLмNм▄лм▄MлMM█NNмн█▌лл▄▌мн▄MлMM█▄мн█▌л█Mнмлн▄MлMM█лмн█NмнмLм┌▄MлMM█лNмн█NмнмLм┌▄MлMM▌Lмн█LNм▄лннL▄лб▄MлMM▌LNмн█LNм▄▌мM▄лMб▄MлMM▌L▌мн█LNмлнлLл█б▄MлMM▌Lнмн█LNм▄▌мM▄лMб▄MлMM▌Mмн█LNмлнлLл█б▄MлMM▌MNмн█LNнл▄▄л█▄MлMM▌M▌мн█LNлNннLллб▄MлMM▌Mнмн█LNм█NмNLл█б▄MлMMлMNмн█Mнл▄▄Nм▄▄лб▄MлMMлM▌мн█Mнлмнмл█┌▄MлMMлMнмн█MнлLMNнNLм▄MлMMлNмн█MнлLMNнNLм▄MлMMлNNмн█MнмLлнLл▄▄MлMMлл▌мн█▄NмнNм▄л▌▄MлMMллнмн█▄NмLNл▌лLB▄MлMNMнмн▌M▌л▄Lнл▄лл▌B▄MлMNMNмнл▄▌м█L▌мLл▄B▄MлMNM▌мнл▄▌мLллллB▄MлMNMнмнл▄нмннNLл▄┌▄MлMNMмнл▄нмлLлMLл▄▄MлMNMNмнл▄нмннNLл▄┌▄MлMNM▌мнл▄нмлLлMLл▄▄MлMNMнмнл▄нл▄м▄л▌B▄MлMNNM▌мнллнмнMнмлмB▄MлM▄лNмнмнмнNмLл▄B▄MлM▄нмнмнлMмнмнLлNB▄MлM▄мнмнл▄▌мл▄л▄▄MлM▄Nмнмнм▌мLл▄B▄MлM▄мнм▄лMлнлLлLм▄MлM▄L▌мнм█NлмNлллN▄MлM▄L█нмнмлNлл▌млм▄MлM▄L▌мнмлNлл▌млм▄MлM▄L▌Nмнмл▌лLMмMлLB▄MлM▄Lлмнмл▌млнм▄MлM▄LлNмнмл▌м██нм▌лLб▄MлM▄Lл▌мнмл▌мMм▌ллLлMб▄MлM▄Lлнмнмл▌нMLнл▄л█▄MлM▄MммннNнNнлн▄MлM▄▄NмннLнм█▌лML▄лL┌▄MлM▄▄NмннM▌мNнLмB▄MлM▄▄NNмннMнл▄L▌нLлн▄MлM▄▄▄мннMннNм▄лLB▄MлM▄▄▄NмннMннLLл▌м▄MлM▄█LNмннMLмм┌▄MлM▄█L▌мнлLLNмллM▄MлM▄█LнмннмNлLллнB▄MлM▄█MмннMLмм┌▄MлM▄█MNмнлLLNмллM▄MлM▄█M▌мннмNлLллнB▄MлM▄лнмнMнмнNLлLB▄MлM▄лмнNл▄Lнл▄лм┌▄MлM▄ллнмн█NлLLNллл█┌▄MлM▄лммн█NлLLNллл█┌▄MлM▄лмNмн█▌нLллLм▄MлM▄лм▌мн█▌нL█нмLм┌▄MлM▄лмнмн█▌л▄█лллL┌▄MлM▄лнмн█▌нMNлL▄лMб▄MлM▄лнNмн█▌лMLмNм┌▄MлM▄ммн█▌мMлмл█┌▄MлM▄м▄нмнмнNлл▄лмб▄MлM▄млнмннлLнмлл█B▄MлM▄мммнннNл▄лм▄MлM▄ммNмнннNл▄лм▄MлM█▌мн▌мLнлMлN▄MлM█нмн▌ннмLлM┌▄MлM█мн▌ннмLлM┌▄MлM█Nмн▌мNNлLLлм▄MлM█мнмнMнмлнмлл▄MлM█нмнMнмлнмлл▄MлM█нNмнNмлл▄л┌▄MлM█мнNлM▄нмLмB▄MлM█▌мн▄NмMнм█ллB▄MлM█нмн▄NмMнм█ллB▄MлM█мн▄NмлNнл█б▄MлM█LNмнмNнNнллL┌▄MлM█L▌мнмNмL█NлмLм┌▄MлM█LнмнмNнNнллL┌▄MлM█MмнмNмL█NлмLм┌▄MлM█M▄NмнL▌ллMнл▄м▄MлM█M▄▌мнL▌лLL▄лмLлм▄MлM█▄мнLNл▌л▄▄лн▄MлM█▄NмнL▌л▌л▄Lл▌B▄MлM█▄MнмнLнLнмLл█B▄MлM█▄NмнLнLнмLл█B▄MлM██NмнLNNмLлNлLLл█б▄MлM██NNмнLNNмLнNлL▄лн▄MлM██▌NмнL▄нллмл▄мб▄MлM█▌мнL▌мNL▌нMLл▌B▄MлM█▌NмнLлNллл▄лнB▄MлM█▌LмнLлNм▌Nлмлл▄б▄MлM█▌LNмнLлNллл▄лнB▄MлM█▌L▌мнLлNм▌Nлмлл▄б▄MлM█▌LнмнLлNлLLнл▄лл┌▄MлM█▌MмнLлNн▄Nмлл┌▄MлM█▌MNмнLлNмNNNнMллб▄MлM█л▌мнLмнL▌м▌нB▄MлM█лнмнLмллNм▄лб▄MлM█лM▌мнLнлLлнлMLлN▄MлM█ллнмнMнм█▌лML▄м┌▄MлM█лнNмнMNнNLм▄▄лл▄MлM█ммнMNлмллм▄MлM█мNмнMNлмлнлNLн▄MлM█м▌мнMNнNLм▄▄лл▄MлM█мнмнMNлмллм▄MлM█ммнMNлмлнлNLн▄MлM█мNмнMNл▌LнлL▄MлM█м▌мнMNл▌мллM▄MлM█мLNмнMнлMLмNлMB▄MлM█мL▌мнMнлнMнллл▌B▄MлM█мLнмнMнлнMнллл▌B▄MлM█мMмнMнмNMNмMллN▄MлM█м█нмнMLNм▌нNLлмB▄MлM█м▌мнMLNм▌нNLлмB▄MлM█ммнмнMMмLлM▄л▌B▄MлM█мнмнMMмLлM▄л▌B▄MлM█мнNмнMMмлNмлл▌▄MлM█нLNмнMMнл▄нNм▄лмB▄MлM█нL▌мнMMннNм▄Lл┌▄MлM█нLнмнMMнлнм▄лб▄MлM▌NмнM▄NлLLMNл█Lлм┌▄MлM▌▌мнM▄▌мL▄▌лLLл█B▄MлM▌нмнM▄▌мL▄▌лLLл█B▄MлM▌MнмнM█Nл██▌м▄лNB▄MлM▌нмнMмм▄мNллл▌▄MлM▌л▌мнNNлм▄нл▄м▄MлM▌L█нмнNMNлммл█┌▄MлM▌L▌мнNMNлммл█┌▄MлM▌MM▌мн▄ннLм▌млм▄MлM▌Mм▌мн▄лLLмNмLл▌B▄MлMлMNмн▄▄лNNNлLлм▄MлMлM▌мн▄▄лMллLл▄мB▄MлMл█мн▄█лLLNнл▄б▄MлMл█Nмн▄█м▌▌лнLлM▄MлMл█▌мн▄█мNNлLLм▄MлMллNмн▄мннM▌лMллLб▄MлMлл▌мн▄мннM▌лMллLб▄MлMллнмн▄мнмлNлMлм▄MлMлммн▄мнлL▄▌лMлN▄MлMлNмн█NлLлнлл▄лL▄MлMлLмн█NнNMнмлл█┌▄MлMлL▄Nмн█нмNLNлL█Lл▌▄MлMлL▄▌мн█нн▌Nл█лл▄MлMлL▄нмн█нннNнлмб▄MлMлL█мн█нлл▌млл┌▄MлMлL█Nмн█нлл▌млл┌▄MлMлL█▌мн█ннMнлMм▄MлMлL█нмн█нм▌лM▄лMб▄MлMлL▌мн█нллнлLLл▌B▄MлMлMLNмн█MNм█▌мл▄м┌▄MлMлML▌мн█MNм█▌мл▄м┌▄MлMлNнмн██NмMмлL▄л█б▄MлMлNмн██NмMмлL▄л█б▄MлMл▄M▌мн█ммNлLLл█б▄MлMл▄Mнмн█мммM▌мLлб▄MлMл▄Nмн█мммM▌мLлб▄MлMл▄NNмн█млLNм▌Lмб▄MлMл▄█нмн█ннMNлLLлб▄MлMл▄▌мн█ннLнм▌лB▄MлMл▄▌Nмн█нлLлNлLл▄лм▄MлMл█▌мн▌▌лмлNнм┌▄MлMл█нмн▌▌лLмлMлл█┌▄MлMл█мн▌нлL█нл▄лLB▄MлMл█Nмн▌нмMLNл█LлMб▄MлMл█▌мн▌нлNLмлб▄MлMл█нмн▌нм▄мнлм▄мб▄MлMл█мн▌нм▄мнлм▄мб▄MлMл█Nмн▌нL▌л▄▄м┌▄MлMл█Lмн▌ллNнLл▌▄MлMл▌Mнмн▌M▌лLнмллн▄MлMл▌Nмн▌M▌лLLL▌мLлнB▄MлMл▌NNмн▌M▌мнмлл▌▄MлMллмн▌M▌лLлнлMLл█б▄MлMллNмн▌M▌мнмлл▌▄MлMлл▌мн▌M▌лLлнлMLл█б▄MлMлл█▌мнлммл█▄MлMлл█нмнлмL▌лLLл█B▄MлMлл▌мнлнL▌мLллб▄MлMлл▌NмнлNмNLллLлб▄MлMлллмнлNлLM▌лMLнB▄MлMллм▌мнллLMнлLLлмб▄MлMллмнмнлмлл▌мLLлL┌▄MлMллнмнлмлл▌мLLлL┌▄MлMлмNмнлLллNмлм┌▄MлMлм▌мнлLлL█нл▄мB▄MлMлмMмнлL▌м▌лLллM▄MлMмLнмнллмллNл█▄лнB▄MлMмMмнллмллNл█▄лнB▄MлMм▌NмнлмNлLM▌лм▄лмб▄MлMмлмнлмNлLлнлMLнB▄MлMмлNмнлмNмNлL█LлмB▄MлMмNNмнмLллNм▄мб▄MлMмLмнмLм▌лLллб▄MлMмLNмнмLллNм▄мб▄MлMмL▌мнмLм▌лLллб▄MлMмLнмнмLлLL▌нл▄б▄MлMмLлмнмNлLL█NмLлллB▄MлMмLлNмнмNлLL█NмLлллB▄MлMмLл▌мнмNм█нлML▄лл▄MлMмMмнм▄NлLнLлLб▄MлMмMнNмнмлNмNнNLлMB▄MлMмNмнмлNл█нлNLл▄б▄MлMмNLмнммлL▄нлMллб▄MлMм▄▄мннл▄MNл▄лм▄MлMм▄▄NмннлLNм▄лб▄MлMм▄▄▌мннмNлллB▄MлMм▄▄нмннмNлллB▄MлMм█мннм█лм▄лMB▄MлMм█лнмннL▌нNмл█▄MлMм█ммннL▌нM▌лLLм┌▄MлMм█мNмннL▌нM▌лLLм┌▄MлMм█м▌мннL▌л▄м▌м▄ллB▄MлMм█мнмннL▌лLLNмлл▄┌▄MлMм▌▌мннMнлллнл▄лл▄MлMмлL▌мнлLмнлнLлн▄MлMмлNмнLммNллллм▄MлMмлмNмнM▌лNMнлL▄лм┌▄MлMмлм▌мнM▌лNMнлL▄лм┌▄MлMмлмнмнMнм▄NNл▄LлMB▄MлMмлнмнMнм▄NNл▄LлMB▄MлMмлнNмнMнлм▌нл█┌▄MлMмммнMнлMLнмMн▄MлMммMнмн█лNNлллMб▄MлMммNмн█л▌▌нLлм▄MлMммNNмн█л▌▌нLлм▄MлMн▄нмнллнл▄мB▄MлMнLнмнNм▄Nл▄Lлн▄MлMнNмнNлл▌млл▄MлMнL▌мн▄NлнLNлL▄л█┌▄MлMнLмнмнлNлммлMLлм▄MлMнLнмнлNнLнл▄▄л▌▄MлMнLнNмнлNлммлMLлм▄MлMнMмнлNнLнл▄▄л▌▄MлMнNнмн▌лL▄Nлм▄мB▄MлMнNLмнNнNNл▌м┌▄MлMнNMNмннм▌Lл▄л▄┌▄MлMнNM▌мннм▌Lл▄л▄┌▄MлMнNMнмнм█Mм▄ллMB▄MлMнNNмнNлNNнLл█▄MлMнNNNмнNмM▌л█лм┌▄MлN▌мнLNмлнлLлнB▄MлNнмнLNм█NлнLлLб▄MлNмнLNмлнлLлнB▄MлNNмнLNм█NлнLлLб▄MлNLмнLNнLл█▄лм▄MлNMнмнMмлл▄лM▄MлNмнLNллнNнл▌B▄MлNNмнLNлнLNлL▄лLB▄MлN▌мнLNлнLNлL▄лLB▄MлNнмнLNлMмMл█┌▄MлNмнLнм▌нNLллB▄MлN█▌мнLLNнNнлN▄MлN█нмнLLNнNнлN▄MлN▌мнLLNмл▌лмLлм▄MлN▌NмнLLNм▄MNмллM▄MлNлмнLLNнллMлN▄MлNMмнL▌лLNм▌лM┌▄MлNMNмнL▌лL▌NлMLл▄┌▄MлNM▌мнL▌лL▌NлMLл▄┌▄MлNMнмнL▌м▌MNлLлн▄MлNMмнL▌л▄LNм█м▄MлNMMнмнLл▌л▄нм▄л┌▄MлNMNмнLл▌л▄нм▄л┌▄MлNM▌NмнLмнлм█нмл▄B▄MлNMлмнLмнлм█нмл▄B▄MлNMлNмнLмнлл█нл▄л▄б▄MлN▄▄▌мнMLнлLлл█▄нB▄MлN▄▄нмнMLнлMMNмнLл▄┌▄MлN▄█мнMLнлMнмнB▄MлN▄█NмнMMм█▌лML▄лM▄MлN█NмнMNмMм▌ллLл▌▄MлN█▌мнMNн▄нлMлм┌▄MлN█нмнMNн▄нлMлм┌▄MлN█мнMNнM▄нлNLмB▄MлN█NмнMNм▌Nнлл┌▄MлN█NNмнM▄NнMнNл█м┌▄MлN█▄мнM▄Nл▄▌нлмB▄MлN█▄NмнM▄Nл▄▌нлмB▄MлN█м▌мнM█NмммммB▄MлN█мнмнM█NмммммB▄MлNлM▌мнMммлNлMллM▄MлNлMнмнMммлNлMллM▄MлNмLнмнNм▄нл▄ллн▄MлNмMмнNм▌мMLлнB▄MлNмMNмнNлM█нн▄мB▄MлNмM▌мнNлM█нн▄мB▄MлNм▌мнLNлNNNлLлл▄▄MлNмнмнLNнм▄LлMб▄MлNнмнLNнм▄LлMб▄MлNнNмнLNлл█▌млLB▄MлNLLмнL▄▌н▌млнB▄MлNLLNмнL▄ннM▌мллн▄MлNLL▌мнL▄нл▌MлNLлM▄MлNNL▌мнLм█NNмNLм┌▄MлNNLнмнLм█лллM┌▄MлNNMмнLм█лллM┌▄MлNNMNмнLмл▌лмLлN▄MлNNM▌мнLмMнмMлл█б▄MлNNMнмнLлNLнлLн▄MлNNNмнLмнлL▄м▄MлN▄лнмнLMмNл▄▄мб▄MлN▄ммнLMмNл▄▄мб▄MлN█LнмнLNNнL▌мLл█б▄MлN█MмнLNNмMLNл█LлN▄MлN█MNмнL▄мMNлMLм▄MлNлLNмнLммNMNмMллLб▄MлNлL▌мнLммNMNмMллLб▄MлNмL▌мнL▌л▄NнLл▌B▄MлNмLнмнL▌н▌л▄Lмб▄MлNнмнLL▄мNнNLлн▄MлNнNмнLL▄мNнNLлн▄MлNмнLL▄лLMл▄▄л█▄MлNнмнLL▄▌лLм▌млмб▄MлN▌мнLL█м██лMлмб▄MлNнмнLL█ллнл▄н▄MлNмнLL█ллнл▄н▄MлNL▄▌мнLLл▌лм▌NнлN▄MлNL▄нмнLLл▌мл▌лL▄лмB▄MлNL█мнLLл▌мл▌лL▄лмB▄MлNL▌NмнLLмNлLнл▄▄лM┌▄MлNMMNмнLMнмл▄▌лмлB▄MлNNMNмнLMMнL▄ннLл▄B▄MлNLнNмнLM█▌ммнлM▄лм▄MлNLмнLM█▌лнNл▄█LлнB▄MлNLNмнLM█▌ннмLлл┌▄MлNL█NмнLMлNлнNл▄█Lллб▄MлNL█▌мнLMлNмлLлMLл█┌▄MлNLLM▌мнLNм▄▌лLLл▌B▄MлNLLMнмнLNм▄▌лLLл▌B▄MлNLLNмнLNмLнлллLб▄MлNLM▌мнLNLNлм▄Nл▄л█▄MлNLMнмнLNLNл▌MNл▄▄лл▄MлNLM█NмнLNNм▄нNлLлм▄MлNLNNмнL▄ммNлнлл┌▄MлNLN▌мнL▄ммNлнлл┌▄MлNL▄нмнL▄Lм█нLLл▌▄MлNL▄▄мнL▄MNм▄LнлLб▄MлNL▄▄NмнL▄MNм▄LнлLб▄MлNL▄▄▌мнL▄MNнNллм┌▄MлNL▄▄нмнL▄M▌нмлLлмб▄MлNL▄█мнL▄M▌нM▌лLLм▄MлNL▄нмнL▄NNлLNммLл█▄MлNL▄нNмнL▄NNлLNммLл█▄MлNL█мнL▄NNмMнлM▄лмB▄MлNL█▌мнL▄▄▌лLл▄мб▄MлNL█нмнL▄▄▌нMNлM▄лB▄MлNL█LнмнL▄█нLлллNB▄MлNL█MмнL▄█мNлLLл▌▄MлNL█MNмнL▄█нLлллNB▄MлNL█M▌мнL▄█мNлLLл▌▄MлNL▌NмнL▄лннMNлLLл▌▄MлNL▌LмнL▄лнмлнNмлм┌▄MлNLлнмнL▄нNнNнл▌л▄▄MлNLлмнL▄нNнNнл▌л▄▄MлNLлNмнL▄нNлл█мл▌B▄MлNLлLмнL▄нNнMм▌л▌лл▄MлNLмNмнL█Lм▄м▌лллн▄MлNLм▌мнL█LнNл▄н▄MлNLн▌мнL█▄NнLнмLлм▄MлNLннмнL█▄NнLнмLлм▄MлNLнмнL█▄NмлMNлLLлн▄MлNLнNмнL█▄▌нLлнLлNB▄MлNLнLмнL█▄ннL▌NлMллм┌▄MлNLнLNмнL█▄нм█нлML▄л█▄MлNLнL▌мнL█▄нм█нлML▄л█▄MлNM█▌мнL█мNнNNNмллм▄MлNMNмнL▌NмлLнмNлMB▄MлNMLмнL▌NмлLнмNлMB▄MлNMнNмнL▌LнлмнлL█Lлл▄MлNMLMNмнLлммлллл█B▄MлNMLM▌мнLлNмлLNнлL┌▄MлNMLMнмнLлNмллл█▄л▌▄MлNMLNмнLл▌мMLNл█Lл▄б▄MлNMLNNмнLл▌мMLNл█Lл▄б▄MлNMLмNмнLлLмNL▌нMLлмB▄MлNMMNNмнLлMнлN▌лLллM▄MлNMM▄мнLлMннM▄нлNLлN▄MлNMM▄NмнLлMнлN▌лLллM▄MлNMM▄▌мнLлMннM▄нлNLлN▄MлNMM▄нмнLлMнммлллмB▄MлNMM█мнLлMннML▌нNл▌B▄MлNM█MнмнLмNммнлMб▄MлNM█нNмнLмнмннм┌▄MлNM▌MнмнLмL▌млл▌мLLл▌▄MлNM▌NмнLмL▌нLL▌лл▄лM┌▄MлNM▌NNмнLмL▌нLL▌лл▄лM┌▄MлNMлмнLмL▌нNмлм┌▄MлNMлNмнLмL▌л▌лLм┌▄MлNMл▌мнLмLнллл▄м▄MлNMлMнмнLмNNм█мл█▄лM▄MлNMлNмнLмNNнMм▌л▌лN▄MлNMлNNмнLмNNмMM▌мLм┌▄MлNMл▌мнLм▄нлMммнLм▄MлNMл▌NмнLм▄нлMммнLм▄MлNMллмнLм▄нл▌NлMLнB▄MлNMмNмнLмлнлLMнлLLл▌B▄MлNNнмнLнNлL▄лNм┌▄MлNNMNмнLнLNннмн▄MлNNM▌мнLнLNннмн▄MлNN█мнLнLнлNLнлLл▄▄MлNN█NмнLнLнмLLлL▄нB▄MлNN█▌мнLнLнмLLлL▄нB▄MлNN█нмнLнLнм▄ннL▄ллB▄MлNNнNмнLнM▌нLлLмB▄MлNNмнLнMнм▄ллллMб▄MлNNNмнLнMнлM█NмлB▄MлNN▌мнLнMнлLнл▄лM▄MлNNнмнLнMнм▄ллллMб▄MлNNмнLнMнлM█NмлB▄MлNNNмнLнMнлLнл▄лM▄MлNN▌мнLнMнннлллM▄MлNNнмнLнMнлмнNмллб▄MлNNL█нмнMM▌мMM▌мLлL▄MлNNL▌мнMM▌мммлл┌▄MлNNL▌NмнMM▌мммлл┌▄MлNNLлмнMM▌ммлм▄ллб▄MлNNLлнмнMNнLм▄м┌▄MлNNLммнMNнLм▄м┌▄Mл▄MнмнMмнм▄Nл▄лN▄Mл▄NмнMмнм▄нм▄л▄▄Mл▄NNмнMнмMNмMллл▄Mл▄▄мнMнлLнм▄▄лб▄Mл▄▄NмнMнллммлн▄Mл▄▄▌мнMнлLнм▄▄лб▄Mл▄▄нмнMнллммлн▄Mл▄█мнMнлM▄м▄Lл█▄Mл▄LнмнM▌нлллB▄Mл▄MмнM▌мM▌лLлN▄Mл▄MнмнMлMMлнл█б▄Mл▄NмнMмL▄NлMLл█┌▄Mл▄NNмнMм▌лM▄лн▄Mл▄▄мнMм▌лM▄лн▄Mл▄▄NмнMмMлмлB▄Mл▄▌мнMLнлNNллл█б▄Mл▄нмнMLнлNNллл█б▄Mл▄мнMLнлLLл▌лNLлMB▄Mл▄LNмнM▄▌лMNлнлм▄Mл▄L▌мнM▄▌ллLNлL▄лмB▄Mл▄LLNмнM█л██▌м▄лMB▄Mл▄LL▌мнM█м██▌нL▄лLB▄Mл▄LLнмнM█мL▌NлLллB▄Mл▄LMнмнM█▌мNнNLлм▄Mл▄M▌мнMлнлLнл▄лм▄Mл▄MмнмнM▌л▌нл▄▄лн▄Mл▄MнмнM▌л▌нл▄▄лн▄Mл▄MнNмнM▌лLнLлM┌▄Mл▄NмнM▌л▄нм▄н▄Mл▄NMмнM▌м▌▌лнLмB▄Mл▄NMNмнM▌м▌▌лнLмB▄Mл▄NM▌мнM▌л██нм▄л█б▄Mл▄NMнмнM▌лLLNмLLнB▄Mл▄▄л▌мнMMNлмMNл▄лмб▄Mл▄▄лнмнMM▌лLNмLл▌B▄Mл▄▄ммнMM▌лLNмLл▌B▄Mл▄▄нNмнMNлLLм▄▄мB▄Mл▄█мнMNлLLм▄▄мB▄Mл▄█лнмнMLNмлнлLлMB▄Mл▄▌мнMLLннLLNл▄лLб▄Mл▄▌NмнMLMлMнNLлL┌▄Mл▄лMмнML▄Nл▄LмлLB▄Mл▄лMNмнML▄Nл▄LмлLB▄Mл▄лM▌мнML▄NлLлL▄лLб▄Mл▄лMнмнML▄NнMлл█лл█б▄Mл▄мнмнMLлмнм▄лB▄Mл▄мM▌мнMLмн█нллл█▄Mл▄мMнмнMLмн█нллл█▄Mл▄м█▌мнMLнл▌NNмлB▄Mл▄м█нмнMLнNнMNлM▄лл▄Mл▄ммNмнMMнл█м▄м▄Mл▄мм▌мнMMнNмлл█б▄Mл▄ммнмнMMмнм▄лLб▄Mл▄мнмнMMмнм▄лLб▄Mл▄мнNмнMMм▌мMLнB▄Mл▄нмнMMм▄NNл▄LлL▄Mл▄нNмнMMмMнмллNB▄Mл▄н▌мнMMNнM▌лмLл▄▄Mл▄ннмнMMNнM▌лмLл▄▄Mл▄нL▌мнMMNмнNм▄лб▄Mл▄нLнмнMMNмнNм▄лб▄Mл▄нM▌мнMMLNнL▌мллм▄Mл▄нMнмнMMLNллм▄нB▄Mл▄нNмнMMLннNL▌лMн▄Mл▄нNNмнMMLнлм█▌л▄лл▄Mл▄нмнMMM▌млNлL▄л▄┌▄Mл▄мнMMM▌лLNNмLLл█┌▄Mл▄NмнMMM▌лLNNмLLл█┌▄Mл▄LмнMMMнмллNл█▄л▌▄Mл▄LNмнMMMнмллNл█▄л▌▄Mл▄L▌мнMMNнNNнLлл▄Mл▄LнмнMMNл▄л▌л▄лB▄Mл▄MмнMMNмL█нлнLл█б▄Mл▄MNмнMMNл▄л▌л▄лB▄Mл▄M▌мнMMNмL█нлнLл█б▄Mл▄MнмнMMNлLлнлMLлL┌▄Mл▄NмнMMNл█NNммB▄Mл▄ммнMM█ммNлNLл█▄Mл▄LмнMMлл▄лнлMлл┌▄Mл▄LNмнMMлмL▄нлMLмB▄Mл▄L▌мнMMллмLл▄лб▄Mл▄NNмнMMмлNMNл█ллм▄Mл▄▄мнMMммMнм█ллб▄Mл▄▄NмнMMммнл▄LмB▄Mл▄мнмнMMнммнм▄лнB▄Mл▄нмнMMнммнм▄лнB▄Mл▄нNмнMMнNмн▌мLлMб▄Mл▄ML▌мнMNMNллNNл▄лMB▄Mл▄M▄NмнMNNнNм▄Lм┌▄Mл▄M▄▌мнMNNлLнл█н▄Mл▄Mл▌мнM▄нм▄нмLмб▄Mл▄MлнмнM▄нм▄нмLмб▄Mл▄MммнM▄нлLLмLллB▄Mл▄MмNмнM▄ннMмллB▄Mл▄▄NмнM▄LNм▌лLлнB▄Mл▄▄▌мнM▄LNм▌MNлLл▄б▄Mл▄▄нмнM▄LNм▌лLлнB▄Mл▄▄мнM▄LNм▌MNлLл▄б▄Mл▄▄нмнM▄Lнмн▌млл┌▄Mл▄█мNмнM▄ллLLлнл▄ллб▄Mл▄█м▌мнM▄ллLLлнл▄ллб▄Mл▄лмнмнM█ннNлNLл▄B▄Mл▄лнмнM█нм▌мLм▄Mл▄лнNмнM█нм▌мLм▄Mл▄ммнM█нм▄Nл▄LлMб▄Mл▄мNмнM█нмлMнл▄ллNB▄Mл▄█▌мнM█лм▄лLлMB▄Mл▄█нмнM█лмLмлL▄м┌▄Mл▄мнM█мнмлнлллм┌▄Mл▄NмнM█мнм▄▌лLLлL┌▄Mл▄▄нмнM▌▌мLлнлMл█б▄Mл▄█нмнM▌лнл▄лM▄Mл▄LMнмнM▌NNмнMм▄лнB▄Mл▄L▄мнMл▌мнNмллB▄Mл▄L▄NмнMл▌л▌L▌лLLлB▄Mл▄L▄▌мнMл▌мMMм▄ллB▄Mл▄LммнMллмNл▄н▄Mл▄LмNмнMллмNл▄н▄Mл▄Lм▌мнMлмллл█▄мб▄Mл▄LмнмнMлNнLнл█Lл▌▄Mл▄LнмнMлNн▄▌л█лл┌▄Mл▄L▄мнMллNлнL▌млN▄Mл▄L▄NмнMллNм▄Nл▄лL┌▄Mл▄L▄▌мнMллNм█мнлнLмб▄Mл▄L▄нмнMллNлмMмLл█B▄Mл▄L█мнMллNнMNлM▄л┌▄Mл▄L█NмнMллNм█мнлнLмб▄Mл▄L█▌мнMллNлмMмLл█B▄Mл▄L█нмнMллNнMNлM▄л┌▄Mл▄L▌мнMллNлLNл▄лNB▄Mл▄Lл▌мнMллнмLNлNLмB▄Mл▄LMмнMлнмMнNмллMб▄Mл▄L█NмнMмннNMм▄л▄┌▄Mл▄LнмнMмнмMMм▄мB▄Mл▄LмнMмнLM▌л▄м▄Mл▄LNмнMмм▄лллм▄Mл▄LLмнMмнLM▌л▄м▄Mл▄LLNмнMмм▄лллм▄Mл▄LL▌мнMмNлLNм▌Lл█B▄Mл▄LLнмнMмNнмм┌▄Mл▄LMмнMмNнмм┌▄Mл▄LMNмнMмNлн▌м▄лл┌▄Mл▄LMнмнMм▄NлL▌мллм┌▄Mл▄LMмнMм▄NнMмлMб▄Mл▄LMNмнMм▄▌м▄▌мLл█B▄Mл▄LM▌мнMм▄нл█ннB▄Mл▄LMнмнMм▄нлл█мм┌▄Mл▄LMNмнMм▌лM▌лнлL▄Mл▄LMNNмнMм▌лM▌лнлL▄Mл▄LM▄мнMм▌ммлмLмB▄Mл▄LM▄NмнMм▌н▌мLлL▄Mл▄LMнмнMммллнл▄лн▄Mл▄LMнNмнMммлл▌Nмм┌▄Mл▄LNNмнMммнл▌мллNB▄Mл▄L▄NмнMннлLLллNLлMB▄Mл▄L▄LмнMннлLLллNLлMB▄Mл▄L▄лнмнMнNнLл▌лMLл▄B▄Mл▄L█мнMнMмLмлL▄л▄б▄Mл▄L█мNмнNл▄█лллMб▄Mл▄L█м▌мнNл▄█лллMб▄Mл▄L▌NмнN▌нM▄Nл█лмб▄Mл▄L▌▌мнN▌нM▄Nл█лмб▄Mл▄LмNмнN█нм▄л▄мб▄Mл▄LмLмнN▌лNлLLл▄б▄Mл▄LмLNмнN▌лNлLLл▄б▄Mл▄LмMмнNллLлLнLм▄Mл▄LмMNмнNллNMNл█лл▄б▄Mл▄LмM▌мнNллNMNл█лл▄б▄Mл▄LмMнмнNлNн█нлM▄лM▄Mл▄LмNмнNлNммNмMLлNB▄Mл▄LмNNмнNлNммл▌млм┌▄Mл▄LннмнNнлLM▌лMLлмб▄Mл▄LнмнNнлLL▄▌л▌л█B▄Mл▄LнNмнNнмл▄▌лмлмB▄Mл▄Lн▌мнNнNлMNм▄лм┌▄Mл▄LннмнNнNлNннLлмб▄Mл▄M▄NмнNNмNлL█Lм▄Mл▄M▄▌мнNNм▄ллл▄▄Mл▄M▄нмнNNмNлL█Lм▄Mл▄M█мнNNм▄ллл▄▄Mл▄M█NмнNNмнLл█┌▄Mл▄MмNмнNLннNNлл▄лN▄Mл▄Mм▌мнNLннNNлл▄лN▄Mл▄MмнN▄нML▌нNл█▄Mл▄ML▌мнN▄▌м▄MнлNLм▄Mл▄MLнмнN▄▌ммL▌млл▄┌▄Mл▄MML▌мнNллл▄лM▄Mл▄MMLнмнNнLллLм┌▄Mл▄MM▄NмнNLлNNNлLллN▄Mл▄MMнмнNMнлNNлLлNB▄Mл▄MMнNмнNNммNлNLлM┌▄Mл▄M▄нмнNLннмлLллLB▄Mл▄M▄▄NмнNLNмллмLл▄б▄Mл▄M▄мнмнNLMNлMMNмнLлB▄Mл▄M▄нмнNLM▌н█м▄мб▄Mл▄M▄нNмнNLM▌ммнлM▄лLB▄Mл▄M█мнNLM▌лLLлNлнB▄Mл▄M█NмнNLM▌лLLлNлнB▄Mл▄M█▌мнNLM▌лLLмNмLл┌▄Mл▄M█нмнNLM▌м█NлллM┌▄Mл▄M█мнNLM▌мNлLLл▄B▄Mл▄M▌нмнNL▌лNNлLллн▄Mл▄M▌MNмнNLл▌лL▌NмллMб▄Mл▄Mл█NмнNM▌лLNлNLллб▄Mл▄Mл█▌мнNM▌м██NлMLлл▄Mл▄MмM▌мнNMLнлL▌лNLм┌▄Mл▄MмMнмнNMLнлL▌лNLм┌▄Mл▄MмNмнNMLнмL▌лNNLм┌▄Mл▄MмммнNMMнмMNлLлMB▄Mл▄MммNмнNMMнм█NлнLлLB▄Mл▄Mмм▌мнNMMнл▄NнLллб▄Mл▄MммнмнNMMннлнлLлн▄Mл▄MмнмнNMMнл█Lм▄лLB▄Mл▄MнLмнNM▄млNлL▄лMб▄Mл▄MнLNмнNM▄млNлL▄лMб▄Mл▄MнL▌мнNM▄мм▄нлLLллб▄Mл▄MнLнмнNM▄м▄лллл▌▄Mл▄MнMмнNM▄Nл█NнLлнB▄Mл▄MнMNмнNM▄Nл█мнл█лNB▄Mл▄MнM▌мнNM▄Nл█мнл█лNB▄Mл▄MнMнмнNM▄NмNLNлL█Lл█B▄Mл▄MнNмнNM▄NнLNмлл▄б▄Mл▄N▌NмнNMлмн▌мллN▄Mл▄NлмнNMлмн▌мллN▄Mл▄NлNмнNMлмNлL█LлB▄Mл▄Nл▌мнNMлмNлллNB▄Mл▄NлнмнNMлNм▄▄NлLLлLB▄Mл▄NммнNMлNм▄▄NлLLлLB▄Mл▄NмNмнNMлNнLнм▄лN▄Mл▄Nм▌мнNMлNлLLLлм▄л█B▄Mл▄NмнмнNMлNмMLNл█Lн▄Mл▄NмнNMлнл█нмл▄л█▄Mл▄NNмнNMлнмMNNлMLм▄Mл▄NNмнNMмNлM█Nмл█┌▄Mл▄N▌мнNMмNлM█Nмл█┌▄Mл▄NнмнNMмNмNNNнMллM┌▄Mл▄NмнNNнм▄ннL▄лN▄Mл▄NMNмнNNLNмл▄нлL█Lм▄Mл▄NM▌мнNNLNмл▄нлL█Lм▄Mл▄NL▄▌м▌л▄█нмLллб▄Mл▄NL▄нм▌л▄█нмLллб▄Mл▄NMммM▌лLNнLлNB▄Mл▄NNMнм▄▌м▄нNлLлл█▄Mл▄▄мнммнлNм▄лм┌▄Mл▄▄нммнлNм▄лм┌▄Mл▄▄нNммнNл▄лL▄Mл▄▄MммлL▌лнл▌B▄Mл▄▄MNммлL▌лнл▌B▄Mл▄▄LмLнл▄лLLлM┌▄Mл▄▄MMм█нлML▌м▄ллLB▄Mл▄▄MMNм█нлLнл▄▄лLб▄Mл▄▄MM▌м▌л█лNм▄л▄B▄Mл▄▄MMнм▌нNLNлMмB▄Mл▄▄M█Nмл▌млнмллб▄Mл▄▄M█▌мл▌нMнмллб▄Mл▄▄M█нмл▌млнмллб▄Mл▄▄M▌мл▌нMнмллб▄Mл▄▄NнмнллMNл▄лL┌▄Mл▄▄NмнмL▄л▄лл▄B▄Mл▄▄NNмнлMммнLлл▄Mл▄▄█нмLNм▄мNллн▄Mл▄▄█▌мNл▄▄▌л▄лл▌▄Mл▄▄█▌NмNнMLмлL┌▄Mл▄▄лMмLNннм▄лLб▄Mл▄▄лMNмLNлL█▌л▄лнB▄Mл▄▄нLнмL▌NнMмнлMLлL┌▄Mл▄▄нMмL▌Nм██▌нL▄лн▄Mл▄▄нMNмLллLNNлм▄л▄▄Mл▄▄нM▌мLллLNNлм▄л▄▄Mл▄▄нMнмLлм█Nллм▄Mл▄█▌мLл▌л▌нлLлл▄B▄Mл▄█нмMNмлл▌мLLмб▄Mл▄█нNмMNм█нлML▄н▄Mл▄█мMNм█нлML▄н▄Mл▄█▌мMмл█лL█LлLB▄Mл▄█нмMлLLлнл▄лб▄Mл▄█M▌мMлнлLмнлнLл█┌▄Mл▄█MнмMлнмNнлLлнB▄Mл▄█MмMлнмNнлLлнB▄Mл▄█MNмMлнлнMNмлл▄Mл▄█▄NмNMNнMмлMлл█б▄Mл▄█▄▌мNMNмнM▌млMB▄Mл▄█▄нмNMNнMмлMлл█б▄Mл▄█▄мNMNмнM▌млMB▄Mл▄█▄NмNM▌мммнм▄л┌▄Mл▄█▄LмNM▌мMнлLлM┌▄Mл▄█▄LNмNM▌мMнлLлM┌▄Mл▄█▄L▌мNM▌лLNм▄л┌▄Mл▄██L▌м▄NлM▄▌мMл▌B▄Mл▄██Lнм▄Nм▌нNLн▄Mл▄██Mм▄NмNлLLлNB▄Mл▄██MNм▄Nм▌нNLн▄Mл▄██M▌м▄NмNлLLлNB▄Mл▄██Mнм▄▌м█мNмл▄▄Mл▄█ллм▄█▌нNMм▄лB▄Mл▄█ллNм▄█▌лл▌NмлнB▄Mл▄█лмнм▄▌мLNл█лл█▄Mл▄█лнм▄▌NллмNм▄м┌▄Mл▄█лнNм▄▌NлL▄нлMллб▄Mл▄█мм▄▌Nл▄лLLл█б▄Mл▄█мнм▄лNлLLмLмB▄Mл▄█мм▄лNл▌NмллNB▄Mл▄█мNм▄лNнLлNммб▄Mл▄█нM▌м█▌м▄NлLллB▄Mл▄▌Lм█NлN▌нLм▄Mл▄▌LNм█NлN▌нLм▄Mл▄▌L▌м█Nм█LNмLл┌▄Mл▄▌Lнм█NмLнNлL▄л▄┌▄Mл▄▌лм█Lн▄NнLлмб▄Mл▄▌Nм█M▌ннмLл█▄Mл▄▌Lм█M▌млмNмLлмб▄Mл▄▌LNм█M▌лLннLлл┌▄Mл▄▌мNм█▄нм▌лNмB▄Mл▄▌м▌м█▄нн▄нлLлнB▄Mл▄▌мнм██млLNнн▄Mл▄▌нм██млNлMлл┌▄Mл▄▌нNм██мNMл█▄лл▄▄Mл▄▌LLнм█мммнн▄Mл▄▌LMм█млMмнмнLлM▄Mл▄▌Lнм▌NлLM▌лм▄лм▄Mл▄▌MNм▌мNлLLлB▄Mл▄▌M▄м▌мLлнLл▄▄Mл▄▌M▄Nм▌мLлнLл▄▄Mл▄▌M▄▌м▌Nл▌нлLллмB▄Mл▄▌M▄нм▌Nл▌нлLллмB▄Mл▄▌Nм▌LнлLMнм▄лн▄Mл▄▌NNм▌LннLMнлNлN▄Mл▄▌N▌м▌LнмMлMLлMб▄Mл▄▌NMNм▌MнлLL▄нлмм┌▄Mл▄▌NM▌м▌MнлLL▄нлмм┌▄Mл▄л█▌мл▌нL▄ннLл█B▄Mл▄л█нмлMнм▄NлLллMб▄Mл▄л▌млMнн▌л▄▄л█B▄Mл▄л▌NмлMннлLл▄▄Mл▄ллмлNнLNмлл▄б▄Mл▄ллNмлNNл▄Nл█LлNB▄Mл▄лл▌млNNннмл▄B▄Mл▄ллнмлNNмNлL█Lм▄Mл▄лммлNNлLнмлмB▄Mл▄лNмл█нл█▄▌млл▄б▄Mл▄лNNмл▌н▄мллL▄Mл▄лLмл▌лLNллллб▄Mл▄лLнмллNм█Nллм▄Mл▄лLNNмлмнмL▌лNNLл█B▄Mл▄лL▄млмнлLMнм▌лL┌▄Mл▄лL▄NмлмнлLMнм▌лL┌▄Mл▄лL▄▌млнм▄нLлл▄Mл▄лL▄нмлнNм▄MмMLлLб▄Mл▄лL█млнNнNMNм▄лл█б▄Mл▄лLнммнммнNлLллNB▄Mл▄лLнNммннмлLлл┌▄Mл▄лMммнмNнл▌▄Mл▄лM▄NммNмм▌мLлN▄Mл▄лM▄▌ммNнMNл▌л▌▄Mл▄лM▄нммNлLнNлLLлн▄Mл▄лM█ммNнMNл▌л▌▄Mл▄лM█NммNлLнNлLLлн▄Mл▄л▄Mнмм▄NлLмллллL┌▄Mл▄л▄Nмм▄NлмNл▄лл▄Mл▄л▄NNмм▄NлмNл▄лл▄Mл▄л▄▄мм▄NнNм▄Lлмб▄Mл▄л▄█Nмм█мнLм▄мб▄Mл▄л▄█▌мм█мнLм▄мб▄Mл▄л▄█нмм█лLлL▄мB▄Mл▄л▄▌мм█Nм█▌л▄мб▄Mл▄л█мм▌Nмл▌лL▄мB▄Mл▄л█Nмм▌Nмл▌лL▄мB▄Mл▄л█м▌ммнNмM█Nл▄ллL▄Mл▄л█мнммнNмM█Nл▄ллL▄Mл▄лл▌мннмMLнлллмB▄Mл▄ллнмнлLнNмLлм┌▄Mл▄ллмннM▌NлMLл▄B▄Mл▄лмнмлLMNмMлл█B▄Mл▄лммлMNNнмB▄Mл▄лмNмнMнмLлLB▄Mл▄лмNNмнMнмLлLB▄Mл▄лм▄мNлLL▌лLллл┌▄Mл▄лм▄Nм▌лнLнмл█B▄Mл▄лм▄▌м▌лнLнмл█B▄Mл▄лм▄нмнмNMнлM█Lллб▄Mл▄лм█мнмMLNл█Lл┌▄Mл▄мL▌м▄NмL▌лNNLл▌▄Mл▄мLнм▄▌л▌Mнм▄лL┌▄Mл▄мMм▄▌нNNлNLлм┌▄Mл▄м█▌м█Nл▌лLл▄┌▄Mл▄м█нм█Nмл▄лM▄Mл▄м▌м█Nмл▄лM▄Mл▄м▌Nм█NмLLлL▄мB▄Mл▄м▌ммNнLмNм▄лл┌▄Mл▄мнммNлл▌лL█Lл┌▄Mл▄мLMNмNмL▌мLлм▄Mл▄мLM▌мNмL▌мLлм▄Mл▄мMмMлMмMлмB▄Mл▄мMнмMннллмB▄Mл▄мMмMннллмB▄Mл▄мMNмMнлл█Nмн▄Mл▄мM▌мNм▄█▌ммB▄Mл▄мMнмNм▄█▌ммB▄Mл▄мNMнм▌NлL▌лNLлл▄Mл▄мNNм▌NлL▌лNLлл▄Mл▄мNNNм▌NмнмллN▄Mл▄м▄▄ммNлNM▌лLLлнB▄Mл▄м▄▄NммNлNM▌лLLлнB▄Mл▄м▄▄▌мм▌нM▌мллM┌▄Mл▄м▄▄нмм▌мN▌лLм┌▄Mл▄м▄█ммнмлнMм┌▄Mл▄м▄█NммнмлнMм┌▄Mл▄м▄█▌ммнл█▌мл▄лM┌▄Mл▄м▄█нммнм▌NмLл▄┌▄Mл▄м█ммLNн▌мллнB▄Mл▄млLNмLNмMMм▄м▄Mл▄млMNмLнмLNNлLллNB▄Mл▄млM▌мLнмLNNлLллNB▄Mл▄мллнмLнм▄Nл▌LлмB▄Mл▄млммLнм▄Nл▌LлмB▄Mл▄млмNмLнм▌Nлмлм┌▄Mл▄млм▌мLнлMмMлLб▄Mл▄мм▌мLNнLм▄ллб▄Mл▄мм▌NмLNлмнлL█LлL┌▄Mл▄нLLмMNл█LнлLм┌▄Mл▄нLLNмMNлл▌лL█LлM▄Mл▄нLL▌мMNм▌лNлN▄Mл▄нL█нмMMNн▌л▄▄лм▄Mл▄нL▌мMMNн▌л▄▄лм▄Mл▄нL▌NмMMNлMлнлLлLллб▄Mл▄нLлмMMNл▄▄л█м┌▄Mл▄нLлNмMMNмMмнмLм▄Mл▄нLл▌мMMNлLлнлMLл▄B▄Mл▄нMNмMNNмLл▌лLLмB▄Mл▄нM▌мMNNлLлNLл█б▄Mл▄нMнмMNNлL▄▌л█лл┌▄Mл▄нMмMNNл▄мнм▄м▄Mл▄нMNмMNNм█▄Nм▌Lл█б▄Mл▄нMLмMNNмLнлLллмб▄Mл▄нM▄NмM▄нл█лNм▄л█B▄Mл▄нM▄▌мM▄нлL▄▌л█л▌▄Mл▄нM▄нмM▄нмNлLLлб▄Mл▄нN▌мMлмнL▌нLлNB▄Mл▄нNнмMлмнL▌нLлNB▄Mл▄нNмMлмMмлL▄лMB▄Mл█▌мMмNнMлнлM▄л█б▄Mл█нмMмNлLM▌ммLм▄Mл█MмMнNл▄лNмллл┌▄Mл█NмNNмLNлNLмб▄Mл█NNмN▌нLлнLлN▄Mл█▄мN▌н█▌млн▄Mл█▄NмN▌н█▌млн▄Mл█▄▌мN▌ммLмLнB▄Mл█ммN▌ммNллнB▄Mл█мNмN▌м▌Nлмлм▄Mл█м▌мN▌м▌Nлмлм▄Mл█мнмN▌м▄▌лLLл▄б▄Mл█нмN▌лм█Nл▄м▄Mл█нNмNннLнл█LлM▄Mл█мNнмлL▌лнлB▄Mл█NмNNл█Lм▄м▄Mл█▌мNNл█Lм▄м▄Mл█LLNм▄NмM█нл█лл▄B▄Mл█LL▌м▄Nм█нNлMлл▄б▄Mл█LLнм▄NмM█нл█лл▄B▄Mл█LMм▄Nм█нNлMлл▄б▄Mл█LMNм▄Nм█лм▄л█▄Mл█LM▌м▄NнL▌лMлN▄Mл█M▌Nм▄█нMмлMлллB▄Mл█MмNм▄█ннNм▄ллб▄Mл█Mм▌м▄█нл█м▄л▌▄Mл█Mмнм▄█нлNнллл▌▄Mл█▄NNм▄нлLлNLл▄б▄Mл█▄▄м▄нмл▌мL▄лLB▄Mл█▄▄Nм▄нмл▌мL▄лLB▄Mл█▄▄▌м▄нлLMNлм▄л▄B▄Mл█▄▄нм▄нммлMллмB▄Mл██мм█Lлннм▄н▄Mл██мNм█LллLNлL▄л▄B▄Mл█▌LNм█MNлL▌мллб▄Mл█лм█▄лLM▌ммLлM▄Mл█лNм█▄лмNллл█┌▄Mл█л▌м█▄нM█▌лMлл█б▄Mл█лнм█▄лLM▌ммLлM▄Mл█лм█▄лмNллл█┌▄Mл█лNм█▄нM█▌лMлл█б▄Mл█лLм█▄м█▌млL▄Mл█лLнм█▄▌лL▌лML▄лл┌▄Mл█лMм█▄▌лL▌лML▄лл┌▄Mл█лMNм█▄▌м▄мнлм▄лл┌▄Mл█мNм█▌NмMLнлллмб▄Mл█м▌м█▌NлLнлLLлN▄Mл█мнм█▌NмMLнлллмб▄Mл█мм█▌NлLнлLLлN▄Mл█мNм█▌NлLL▄лмLмB▄Mл█мMнм█мNнNмлLB▄Mл█мNм█м▌л█нлNLлн▄Mл█мNNм█м▌л█нлNLлн▄Mл█нм▌▌лнMнллл▌B▄Mл█нNм▌▌нNL▌лMлM┌▄Mл█нLм▌▌м█MNм█LлM┌▄Mл█▄нм▌M▌лM▄нмLл▄┌▄Mл██м▌M▌л▄млMнB▄Mл█LMNмл▄▌мллл▌▄Mл█LM▌мл▄▌лLMнNLл▄б▄Mл█LмNмл█▌млNмлл▌B▄Mл█Lм▌мл█▌млмнлллл▄б▄Mл█Lмнмл█▌млмнлллл▄б▄Mл█Lнмл█▌нM█▌лMллB▄Mл█NNммNлLNмллн▄Mл█NNNммNлL▌лML▄л▌B▄Mл█▄ммNлL▌лML▄л▌B▄Mл█▄▄NммNнM▌NлMLлл▄Mл██нNммNмNNлMLллB▄Mл█▌ммNмNNлMLллB▄Mл█л█NммлNмMмлL▄м▄Mл█л█▌ммлNл▄лNмлл▄┌▄Mл█нмнNмлNл▌Lл▄б▄Mл█мнMNмLNлLм┌▄Mл█NмнMNммлнл▄б▄Mл█▌мнMNм█NлMLлM┌▄Mл█нмнMNммлнл▄б▄Mл█мнMNм█NлMLлM┌▄Mл█▄нмнNлNLнлLл▌B▄Mл█Nм▌нL▌млм▄Mл█NNм▌мннмллмB▄Mл█▄м▌л▌нлLлмб▄Mл█NмLNмNлLLмB▄Mл█LлNмллL▌Nмлм▄Mл█Lл▌мллL▌Nмлм▄Mл█Lммлнл█▄▌млмB▄Mл█MммNмлLLн▄Mл█MMммлLнмNм┌▄Mл█MMNммлLнмNм┌▄Mл█M█NммллNл█▄м▄Mл█M█▌млL█лMLлмб▄Mл█M█нммLL▌лNLлLб▄Mл█M▌млL█лMLлмб▄Mл█M▌NммLL▌лNLлLб▄Mл█Mлммм▌лM▄лб▄Mл█MлNмл█м▌лLLлM▄Mл█N▌мнллNм▄лл▄Mл█L▌м▄мML▌нLлм▄Mл█LLNм▄▌мл▄NнLл▄б▄Mл█LL▌м▄▌мл▌л▄лLB▄Mл█LL▄▌мнмLмлL▄л▄▄Mл█LMMм▌мNл▄▄л█▄Mл█LMMNм▌м▄лннL▄м┌▄Mл█LMM▌м▌м▄лннL▄м┌▄Mл█LNMNмMNмL▌мLл█▄Mл█LNM▌мMNмL▌мLл█▄Mл█LNMнмMNнм▌лNLмб▄Mл█LNNмMNм▄Nл▄лNB▄Mл█LNNNмMNлл▄NмлLB▄Mл█L▄нмMннNNмлл█б▄Mл█L▄мNлMл█л▄б▄Mл█L▄NмNмл█нлмлм▄Mл█L▄▌мNмNнлL█Lл▄б▄Mл█L█MмLLNллNмллм▄Mл█L█MNмLLNл▄█нмLлм┌▄Mл█L█M▌мLLNл▄█нмLлм┌▄Mл█L█MнмLLNннл▄н▄Mл█L█NмLLNм▌LNмLм▄Mл█L█нмLNл▌NлNLмB▄Mл█L█нNмLNл▌NлNLмB▄Mл█L▌мLNм▄ннL▄л▄┌▄Mл█L▌NмLNмм█▌мLлмб▄Mл█L▌▌мLNмNLNлL█LлMб▄Mл█L▌нмLNNлLNмLлM┌▄Mл█L▌мLNNлнм▄лM▄Mл█L▌NмLNNннмлLб▄Mл█L▌▌мL▄NлLлNLл┌▄Mл█L▌нмL▄NлLлл█▄лMB▄Mл█L▌мL▄NмMммLллб▄Mл█LлнмLм▌нMмLл▄B▄Mл█LлнNмLм▌л█нмл▄лм▄Mл█LммLм▌л█нмл▄лм▄Mл█MMнмM▄▌м█NлMLлмб▄Mл█M▄нмM█ммM▌мLлб▄Mл█M█мM█ммM▌мLлб▄Mл█M█нмM█▌нMл█лB▄Mл█M▌мM█▌млнмлмB▄Mл█M▌NмM█▌нMл█лB▄Mл█MлмM█▌млнмлмB▄Mл█MлNмM█▌лLM▌лMLлл┌▄Mл█MнмMлNлLмNллллл▄Mл█MмMлNлLмнлнLмB▄Mл█MNмMлNм▄лLлмб▄Mл█MLмMлNлLмNллллл▄Mл█MLNмMлNлLмнлнLмB▄Mл█ML▌мMлNм▄лLлмб▄Mл█M▄мMмNнMNлM▄лM▄Mл█M█нмMнNм██нм▌мB▄Mл█M▌мMнNм██нм▌мB▄Mл█M▌NмMнNмнMнмл▌B▄Mл█MммN▌лNLмлм▄Mл█MмNмN▌мLлMм▄Mл█Mм▌мN▌мMлмл█┌▄Mл█MмнмN▌л▌лLллB▄Mл█MLNмN▌мNлM█LнB▄Mл█ML▌мN▌мм▌лNLмB▄Mл█MLNмNL▌м█▌мл▄лб▄Mл█MLNNмNL▌ллнлLLм▄Mл█ML▄мNL▌мLнлLллб▄Mл█ML▌мNMNмлмLLлм┌▄Mл█ML▌NмNM▌м█MннлмB▄Mл█MLлмNM▌м█MннлмB▄Mл█MLнNмLNмL█▌лLл▄B▄Mл█MMмLNллмл▄л█▄Mл█MMнмLнммнм▄мB▄Mл█MMNмL▌лMNмнB▄Mл█MMNNмL▌лL▄лм▄лл┌▄Mл█MM▄мL▌м▌LNмLлMB▄Mл█MM▄NмL▌м▌LNмLлMB▄Mл█MM█мLл▌Mнм▄лм▄Mл█MM▌мLLмллмLлл┌▄Mл█M▄нмL▄NмLлNлLLлнB▄Mл█M▄▌мL▄нлLNм▌LнB▄Mл█M█NNмLмNм▄▌мLл▄▄Mл█M█▄мLмNнLлнLлB▄Mл█M█▄NмLмNмлMллB▄Mл█M█▄▌мLмNмллNл█▄л▄┌▄Mл█M█▄нмLмNмM▌л█ллNB▄Mл█M██мLмNнLлнLлB▄Mл█M██NмLмNмлMллB▄Mл█M██▌мLмNмллNл█▄л▄┌▄Mл█M██нмLмNмM▌л█ллNB▄Mл█M█▌мLмNммлNм▄лL┌▄Mл█M█▌NмLмNнNнл▌лMB▄Mл█M█лмLмNлл▌Nмлл┌▄Mл█M▌LмLнMм▌л▌лмб▄Mл█Mл█NмLLмM█Nл▄лмб▄Mл█MллмLL▌м▌LNмLл▄▄Mл█MллNмLL▌лн▌м▄м▄Mл█MмNмLMNнNлллM▄Mл█Mм▌мLMNлл▄нмлM┌▄Mл█MмнмLMNлл▄нмлM┌▄Mл█MммLMнннлNLнB▄Mл█MмNмLMннNNлMLлL▄Mл█Mм▌мLMнл▄мNмлнB▄Mл█MмнмLMнл▄мNмлнB▄Mл█MмNмL▄Nмл▌мL▄л▄б▄Mл█MмNNмL▄NмнNNм▄лб▄Mл█MмнмL█нм▄ммл▄нB▄Mл█MмнNмL█нм▄ммл▄нB▄Mл█NмLмнмLлNлLLл█б▄Mл█NNмLмнмLлNлLLл█б▄Mл█NLмLмнлмм▌мLлн▄Mл█NлмLNллNNл▄ллб▄Mл█NлNмLNм▄Nмл█▄Mл█Nл▌мL▌лLм▌мнB▄Mл█NлнмL▌лLм▌мнB▄Mл█Nм▌мLMммнм▄лм┌▄Mл█NмнмLMммнм▄лм┌▄Mл█NLMмLLNлLнлLLллB▄Mл█NLMNмLLNлLнлLLллB▄Mл█NLлнмLLLннNNлMLлл▄Mл█NLммLLLнлLL▄NлмLл▌▄Mл█NLмNмLLLнлLLм▌лLллM┌▄Mл█NMNмLLNNнLNлLм▄Mл█NMMмLL▄NлнNл▄█Lл▄б▄Mл█NMMNмLL▄NлLL▌лNLлмB▄Mл█NNMнмLLлNн▌мLл▌▄Mл█▄LNмLLм▌лм█▌л▄лB▄Mл█▄L▌мLLм▌лM█нн▄л▄┌▄Mл█▄LнмLLмнлLL▌NлNLм▄Mл█▄MмLLмннL▌лLлм▄Mл█▄NмLMNнLл▌лMLм▄Mл█▄▌мLMNнLл▌лMLм▄Mл█▄нмLMNм▄▌мLлмб▄Mл█▄▄▌мLMLNл▄NнLмB▄Mл█▄▄нмLMLNлмLNллл▄б▄Mл█▄█мLML▌мMM▌мLл█B▄Mл█▄█нмLMMмMлMмB▄Mл█▄▌мLMMмMлMмB▄Mл█▄▌NмLMMмлLNнлM┌▄Mл█▄L▌мLM▄нлнннLллб▄Mл█▄LнмLM▄нн█NллллB▄Mл█▄LмLM▄ннLллLлN▄Mл█▄LNмLM▄ннLллLлN▄Mл█▄LLмLM▄ннMнлMLлмB▄Mл█▄MNмLMл▌мнл▄Lлл┌▄Mл█▄M▌мLMл▌лLMлLллLB▄Mл█▄MнмLMл▌н█нлллMB▄Mл█▄MмLMл▌лLлл▄л█B▄Mл█▄MNмLMл▌л█лнлNLмB▄Mл█▄▄мLN▌м▌NмMLм┌▄Mл█▄▄NмLN▌мL▌лLLлмB▄Mл█▄▄▌мLN▌мL▌лLLлмB▄Mл█▄▄нмLN▌нNNл▌лм┌▄Mл█▄█MмL▄лLLл█л█┌▄Mл█▄█MNмL▄лLLл█л█┌▄Mл█▄█M▌мL▄л▄Lнл▄лл█б▄Mл█▄█MнмL▄NнLнмLмB▄Mл█▄█мнмL▄▌мм█▌мLлмB▄Mл█▄█нмL▄▌мL▌мLлM┌▄Mл█▄█нNмL▄▌мL▌мLлM┌▄Mл█▄лMнмL▄M▌мLMNмлMB▄Mл█▄лNмL▄M▌мLMNмлMB▄Mл█▄м█нмL▄▌Nл▌нл▄▄л▄▄Mл██LмL█нлLMнлм▄л▄B▄Mл██м▌мL█▄м▌лLлл▄B▄Mл██мнмL█▄млNмLлB▄Mл██L▄нмL█лNмLNл█лл█▄Mл██L█мL█лNмLNл█лл█▄Mл██MLNмL█ннMMлLLл█┌▄Mл██ML▌мL█нлNнллл▄B▄Mл██MLнмL█ннMMлLLл█┌▄Mл██MMмL█нлNнллл▄B▄Mл██MMNмL█нлLMлMLлMб▄Mл██MM▌мL█нлLнLлM▄Mл██▄лNмL▌NмнNм▄л▄B▄Mл██▄л▌мL▌NмнNм▄л▄B▄Mл███мLл▌ммл▌ммB▄Mл███NмLлNмLмлL▄л▄┌▄Mл███LмLлNмLMлLLлмб▄Mл███LNмLлNлLNмллл┌▄Mл███▌мLлNнL▌NлMлл█б▄Mл███▌NмLлNмлLLл▄┌▄Mл██лM▌мLл▄Nм▄лNнL▄мB▄Mл██лнNмLл█NмнлL▄мB▄Mл██ммLл█нм▄LнмллM▄Mл██мNмLл█нммлM▄Mл██мLмLл█нм▄LнмллM▄Mл██мLNмLл█нммлM▄Mл██млмLлл▌мннNLлм▄Mл█▌M▌мLм▌лLнLлB▄Mл█▌MнмLм▌млNлL▄лнB▄Mл█▌▌NмLмLмнMнмллB▄Mл█▌лмLмLлLMлм▄мб▄Mл█▌лNмLмLмM▌нLл█б▄Mл█▌л▌мLмLлLMлм▄мб▄Mл█▌лнмLмLмM▌нLл█б▄Mл█▌ммLмLм█л▄ллMб▄Mл█▌мNмLмLмлNннB▄Mл█▌▌мLмMннллл▄┌▄Mл█▌LмLмл▌лLм▌лMLлмб▄Mл█▌LNмLмл▌лLм▌лMLлмб▄Mл█▌LлмLнNмнлмLлн▄Mл█▌MMмLн▌нмнмLлм▄Mл█▌MM▌мLнлLLNммLллB▄Mл█▌MMнмLнмLNллл▄б▄Mл█▌MNмLнмLNллл▄б▄Mл█лNмM▌мнLNм▄лл▄Mл█л▌мM▌нLNл▄▄лм┌▄Mл█ллнмMNнMMлLLл▄▄Mл█лммMNн▌л▄ллLб▄Mл█лмML▌нLNлMLм▄Mл█лNмML▌лLL▌лллнB▄Mл█лLмMMмMMм▄л▄▄Mл█лLлмMлNл▄MнлMлL┌▄Mл█лLлNмMлNл▄MнлMлL┌▄Mл█лLмнмMлнмл▌мL▄лм┌▄Mл█лLнмMлнл▌л▄Lлм┌▄Mл█лLнNмMлнл▌л▄Lлм┌▄Mл█лMмMмNлMNлнл█▄Mл█лMM▌мMNмл▄▌лмлMб▄Mл█лMMнмMNм▌лLллMб▄Mл█лMNмMNм█мл█▄м▄Mл█лMNNмMNмNлLLл█┌▄Mл█лM▄мMNллLлL▄л█▄Mл█лM▄NмMNнLMлNLлM┌▄Mл█лM▄▌мM▌лLLммLм┌▄Mл█лM▄нмM▌лLNммLлMB▄Mл█лM█мM▌м▄▌мM▄лM▄Mл█лM█NмM▌лLNммLлMB▄Mл█лM█▌мM▌м▄▌мM▄лM▄Mл█лM█нмM▌ллNл▄мб▄Mл█лM▌мM▌л▄NнLлмб▄Mл█лM▌NмM▌лнNм▄лл▄Mл█лMлмM▌м▄NлLллM┌▄Mл█лMмнмMмMнм█лм▄Mл█лNNмMм▌л▄Lлмб▄Mл█лN▌мMнлм▄л▌B▄Mл█лNнмMнлм▄л▌B▄Mл█л█NNмM█▌мMLNл█LлMB▄Mл█л█▄мM█▌мMLNл█LлMB▄Mл█л█▄NмM█▌мLM▌л▌лNB▄Mл█л█▄▌мM█▌лLнлLLлл▄Mл█л█▄нмM█▌ллNмллл▄Mл█л██мM█нлMNм▄лл▌▄Mл█л██NмM█нлMNм▄лл▌▄Mл█л██▌мM█нн▌л▄LлMB▄Mл█л▌LнмMл▌нN▌л█лнB▄Mл█л▌MмMл▌нN▌л█лнB▄Mл█л▌MNмMл▌лллмLлм┌▄Mл█лл▌мMмлNлLLм▄Mл█ллNмMмнлнм▄лLB▄Mл█лллNмMмнLл█б▄Mл█ллл▌мMмнLл█б▄Mл█лллнмMNмлNмLмB▄Mл█ллммMNлL▌мллMB▄Mл█лмMNмMNмMллMLлл▄Mл█мNмMLм▄нм▄ллB▄Mл█мLмMLлLL█▌ллLлL▄Mл█мLнмML▌лLM▌ммLм▄Mл█мMлнмMMNлLLNмллм┌▄Mл█мMммMMNнNNм▄лL┌▄Mл█м█нмMM▌лнл▄л█B▄Mл█м█мMM▌лнл▄л█B▄Mл█м█NмMM▌лLLмл▄нB▄Mл█млмMNн▄NнLлл┌▄Mл█млNмMNнMмлMллм┌▄Mл█мл▌мMNнMмлMллм┌▄Mл█млMмMNLNм▄Nл▄LлмB▄Mл█ммнмM▄лMмнмнLлнB▄Mл█мммM▄NлLмллллLB▄Mл█ммNмM▄Nммлн▄Mл█мнNмM▄Lл█L▌мLлмб▄Mл█мн▌мM▄Lл█L▌мLлмб▄Mл█мннмM▄LмнNмMLм┌▄Mл█мнмM▄Lнл▌▌нLл█┌▄Mл█нMнмM▄▄нлN▌нLл█▄Mл█нNмM▄▄нлN▌нLл█▄Mл█н█нмM▄█▌л▄Lнл▄лл▌▄Mл█н▌мM▄█▌л▄Lнл▄лл▌▄Mл█нмM▄лнлллB▄Mл█нNмM▄ллнLнмлN▄Mл█нмM▄л▌мнмллMB▄Mл█нNмM▄л▌нLнлMлл▄┌▄Mл█нLмM▄л▌мLнл▄▄м▄Mл█нLNмM▄л▌мLнл▄▄м▄Mл█нL▌мM▄л▌ммNмMLлл▄Mл█н█NмM▄нNм█нNлMлл█▄Mл█н█▌мM█нMNмLлM┌▄Mл█н█нмM█л▌NлNLл█┌▄Mл█н▌мM█лLNл▄лл┌▄Mл█нмM█▌лмLNлллLB▄Mл█нM▌мM█LNл▄▄л█мB▄Mл█нMнмM█LNм█NлLлл▄б▄Mл█нNмM█LNмLL▌лNLлм┌▄Mл█нNNмM█LNм█NлLлл▄б▄Mл█нLмM█LNмLL▌лNLлм┌▄Mл█нMMNмM█▌млнлLнB▄Mл█нMM▌мM█▌млнлLнB▄Mл█нM▄мM█ллLLNмлмб▄Mл█нM▄NмM█лнL█нLллB▄Mл▌▄▌мM▌ннLм▌мл▄B▄Mл▌▄нмM▌нмнMнмллб▄Mл▌█мM▌ннLм▌мл▄B▄Mл▌█NмM▌нмнMнмллб▄Mл▌█▌мM▌нмM▄лMLм┌▄Mл▌█нмM▌нлнMлллMB▄Mл▌▌мM▌ллNNл▄лMB▄Mл▌▌NмM▌м█▌мLнB▄Mл▌▌мM▌LNлнLNлL▄л▄┌▄Mл▌нмM▌LNлLLмNмLнB▄Mл▌мM▌LNлLLмNмLнB▄Mл▌мNмMл▌м▄MнлNLл▌B▄Mл▌м▌мMл▌м▄MнлNLл▌B▄Mл▌LMнмMлMнMл▌лM▄л▄б▄Mл▌LNмMлMлNNллллB▄Mл▌LNNмMлMлNNллллB▄Mл▌L█NмMлM▌нLMNлNLл▄B▄Mл▌L█▌мMлM▌л▌Nлл▄лNB▄Mл▌L█нмMлM▌лM▌мLлл▄B▄Mл▌LнмMлNNмнNм▄л┌▄Mл▌LнNмMлNNнLл█▄л█B▄Mл▌MмMлNNмM▄лMLллб▄Mл▌MNмMлNNнLл█▄л█B▄Mл▌M▌мMлNNмM▄лMLллб▄Mл▌MнмMлNNлLLнлNл█б▄Mл▌MмMл▄мнMNмл▄┌▄Mл▌MмнмMл▌NнML▌нNллB▄Mл▌MнмMл▌NнML▌нNллB▄Mл▌MнNмMл▌Nмл▄млLлM┌▄Mл▌NмMл▌Nмл▄▄лMB▄Mл▌NNмMлмнлLлLB▄Mл▌NLмMлмнлLлLB▄Mл▌NLNмMлмлLм▌мл█B▄Mл▌NL▌мMлмNмLNл█лл█B▄Mл▌NLнмMлмNмLNл█лл█B▄Mл▌NMмMлмNмл▌лL▄лNB▄Mл▌NMNмMлм▌мнNмLл▌▄Mл▌NM▌мMлм▌н▌мLлм▄Mл▌█▌мMм▌м▌L▌мLлLB▄Mл▌█MNмMмллNл▄лмб▄Mл▌█M▌мMмллNл▄лмб▄Mл▌█MнмMмнNмллMб▄Mл▌█NмMмNлLM▌лMLлM┌▄Mл▌█NNмMмNмNлLLл█┌▄Mл▌█л▌мMмMнNлллм┌▄Mл▌▌мMм▄л▄NNл█л▄▄Mл▌мNмMмммMMNлLLлл▄Mл▌нмMнNмL█лLLлM┌▄Mл▌нNмMнNм▄NNл▄LлB▄Mл▌LнмMнM▌мNNлLлл▄┌▄Mл▌MмMнM▌нMNлM▄лNB▄Mл▌MNмMнM▌м▄▌мLн▄Mл▌л▌мNNнл▌м▄лл▄Mл▌нмNнлLлLLLлN▄Mл▌мNнм██нм▌лб▄Mл▌NмNнм██нм▌лб▄Mл▌LмNннмNмLл▄B▄Mл▌LNмNм▄нл▄лнB▄Mл▌L▌мNнмNлLлм▄Mл▌LнмNнмNлLлм▄Mл▌мнмNM▌нNNл▌л▄B▄Mл▌нмNM▌л▄█NлM▄лмB▄Mл▌нNмNM▌нNNл▌л▄B▄Mл▌мNM▌л▄█NлM▄лмB▄Mл▌▌мNNлLLнлMNLм▄Mл▌нмNNлLLнлMNLм▄Mл▌мNNммLмLм▄Mл▌LмN▄▌нMMнл█лллб▄Mл▌LNмN▄▌нMMнл█лллб▄Mл▌L▌мN▄▌лLлNлLм┌▄Mл▌LL▌мN█нMNмл┌▄Mл▌L▌мN█ннNлMлб▄Mл▌L▌NмN█нм█NмNLмб▄Mл▌LмнмNлмллм▄Mл▌▄NNмNLNмNнлM┌▄Mл▌▄мнмNMNлNLNлL▄л▌B▄Mл▌▄нмNMNлM█NмллB▄Mл▌▄нNмNMNлNLNлL▄л▌B▄Mл▌█мNMNлM█NмллB▄Mл▌█ммN▌NнN▌лмллмB▄Mл▌▌мNл▌мNMл█▄лл▄B▄Mл▌лнмNннMнмм▄Mл▌лмNнл▌Lннлб▄Mл▌лNмNнл▌Lннлб▄Mл▌л▌мNнлL▄нлMлл▌▄Mл▌л▄NмNннLнл▄▄лB▄Mл▌л▄▌мNннLнл▄▄лB▄Mл▌лл▌мNнмлнмлл▄B▄Mл▌ллнмNнммлм▄м▄Mл▌м▄мNMNлMнлL▄л▄б▄Mл▌м▄NмNMNнNMнмлл▌B▄Mл▌ммнмNLмлLлMLлL▄Mл▌мнмNLлLнм▄▄лл┌▄Mл▌мнNмNLмлLлMLлL▄Mл▌нмNLлLнм▄▄лл┌▄Mл▌▄NмNLL▌нMNлLLлл┌▄Mл▌▄▌мNLL▌л█мл▄ллMб▄Mл▌▄нмNLL▌нMNлLLлл┌▄Mл▌█мNLL▌л█мл▄ллMб▄Mл▌█NмNLL▌нL█NлMлл█▄Mл▌LнмNL▄лLнлLLлл▄Mл▌MмNL▄лLнлLLлл▄Mл▌MNмNL▄лLм▌м▄лн▄Mл▌▄NмNL▄нмML▌нLлм▄Mл▌▄▌мNL▄нмML▌нLлм▄Mл▌▄нмNL▄нл▌Lннл▄б▄Mл▌█мNL▄нл█нм▄лм▄Mл▌LнмNLл▌мл▌лL▄ллB▄Mл▌LмNLл▌нL▌лMлL▄Mл▌LNмNLлнм▄█▌млL┌▄Mл▌L▌мNLлнм▄█▌млL┌▄Mл▌LNмNLм▌н▌мLл█B▄Mл▌LLмNLмнл▌NлNLлL▄Mл▌LLNмNLмнл▌NлNLлL▄Mл▌LL▌мNLмнлмNNл▄лл▄Mл▌L█▌мNM▌лMл█м┌▄Mл▌L█нмNM▌лMл█м┌▄Mл▌MнмNMнлM▄Nмлл▌▄Mл▌MM▌мNML▌млNмLн▄Mл▌MMнмNML▌мLмнлNлL▄Mл▌MNмNML▌мMнм█лл▄б▄Mл▌MNNмNML▌мMлMм┌▄Mл▌NNмNMMннмлн▄Mл▌NNмNM▄▌м▌мMLн▄Mл▌LнмNM▌ммLнмл┌▄Mл▌LмNM▌NлLMнлм▄л▄▄Mл▌LNмNM▌NмMлMLл▄B▄Mл▌LLмNM▌NмM▌л▄лL┌▄Mл▌LLNмNM▌NлLMнлм▄л▄▄Mл▌LL▌мNM▌NмMлMLл▄B▄Mл▌LLнмNM▌NмM▌л▄лL┌▄Mл▌LMмNM▌NмL▌лNNLлмб▄Mл▌LMNмNM▌NлLллM█лн▄Mл▌LM▌мNM▌Nмл▄млLллB▄Mл▌LMнмNM▌Nлм▌лллL┌▄Mл▌LнNмNMмNмлMлLLлM┌▄Mл▌LM▌мNNMNлмнмлL┌▄Mл▌LMнмNNMNмNNлLллмB▄Mл▌LNмNNMNлLL█NмLлм┌▄Mл▌LNNмNNMNл█▄нмлл▄▄Mл▌LLмNNMNлмнмлL┌▄Mл▌LLNмNNMNмNNлLллмB▄Mл▌LL▌мNNMNлLL█NмLлм┌▄Mл▌LLнмNNMNл█▄нмлл▄▄Mл▌LLмNNMNн▄мллN▄Mл▌LLNмNNMNнNLнл█л█B▄Mл▌LLмнм▄лNNлллMB▄Mл▌LLнм▄лл▌млL┌▄Mл▌LLнNм▄NллM▌л▄лL┌▄Mл▌LNNм▄Lнм▄м▌лллм▄Mл▌LN▌м▄Lнм█NNмNLлLB▄Mл▌LNнм▄Lнм█NNмNLлLB▄Mл▌LNм▄Lнллм▌нлл▄Mл▌L▄Lм▄▄Nл▄NнLлнB▄Mл▌L█м▄лм▄▄мм┌▄Mл▌L█NNм▄ммм▄▌лLLлMB▄Mл▌L█▄м▄ммм▄▌лLLлMB▄Mл▌L█▄Nм▄мм▌мLмB▄Mл▌Lмм▄MлLNмMллб▄Mл▌Lм▌м▄NNлLNлML▄нB▄Mл▌Lнм▄▄ннLллLлм▄Mл▌LнNм▄█м▌мMLм┌▄Mл▌Lн▌м▄█м█нлML▄лLб▄Mл▌MлNм▄▌м▄▌лLLл█┌▄Mл▌Mл▌м▄▌м▄▌лLLл█┌▄Mл▌Mлнм▄▌нNLм▄▄лN▄Mл▌Mнм▄Nм▄▄▌мLлм▄Mл▌MмNм▄MмнNм▄м▄Mл▌Mм▌м▄MNлмнмллL┌▄Mл▌Mмнм▄MNмLNл█ллм┌▄Mл▌Mнм▄MNм▄█лL▄лнB▄Mл▌MнNм▄M▌лLM▌м▄ллб▄Mл▌Mм▄M▌м▌NлмLл┌▄Mл▌MNм▄M▌л▄▄Nм▄▄л▌▄Mл▌M▌м▄M▌лLM▌ммLл▌B▄Mл▌Mнм▄M▌л▄▄Nм▄▄л▌▄Mл▌Mм▄M▌лLM▌ммLл▌B▄Mл▌MNм▄M▌л▄▄▌л▄лл█▄Mл▌MLнм▄LNлмлL█Lм┌▄Mл▌MLм▄LNнM█лNLлMB▄Mл▌MLNм▄L▌л▄Lнл▄лл▌B▄Mл▌MLLм▄L▌мл▄NнLл█б▄Mл▌MMMм▄LMнл▄LNм█лм▄Mл▌MMMNм▄LMнлм▌NнлM▄Mл▌MMм▌м▄L█▌лLL█NмLллнB▄Mл▌MMмнм▄L█▌лL█▌л▄лL┌▄Mл▌MMнм▄L█▌лL█▌л▄лL┌▄Mл▌M▄нм▄Lм▌лмнмлNB▄Mл▌M▄м▄Lм▌лмнмлNB▄Mл▌M▄Nм▄Lм▌ннNнлM┌▄Mл▌M▄Lм▄LмнмM▌нLл▄┌▄Mл▌M▄LNм▄LмнлLнNмLлл▄▄Mл▌M▄L▌м▄LмнмM▌нLл▄┌▄Mл▌M▄Lнм▄LмнлLнNмLлл▄▄Mл▌M▄Mм▄LмннMNл▌л█B▄Mл▌M▄MNм▄Lнм▌▌л▄нB▄Mл▌M▄M▌м▄LнмLл▄ллNB▄Mл▌M█L▌м▄MлLMнлм▄лмб▄Mл▌M█Lнм▄MмLнм▄л█▄Mл▌M█Mм▄MлMNммб▄Mл▌MмLNм▄Mл▌млллM┌▄Mл▌MмL▌м▄Mл▌ммлнлNB▄Mл▌Mм▌Nм▄MнNн▌млнB▄Mл▌Mмлм▄MнNнM▄▌лмлл▄┌▄Mл▌Mнм▄NннMмNлMлмб▄Mл▌N▄Nм▄NLнм▄Lнмллл┌▄Mл▌N▄▌м▄NLнмLM▌л▌м┌▄Mл▌N▄нм▄NLнмMNNлMLл▄▄Mл▌NнNм▄NMнллM▌л▄лL▄Mл▌Nм▄NMнллM▌л▄лL▄Mл▌NNм▄NMнмNл▄LлMB▄Mл▌NNм▄NNNм▄ннL▄м▄Mл▌NLм▄NNNнM▄▌лмлм┌▄Mл▌NLNм▄NNNм▌LNмLн▄Mл▌NL▌м▄NNNм▌LNмLн▄Mл▌Nлм▄▄лL▄Nлм▄лмб▄Mл▌NлNм▄▄лL▄Nлм▄лмб▄Mл▌NL▄м▄▄NммлMллнB▄Mл▌NMNм▄▄█NнLнм▄мB▄Mл▌NM▌м▄▄█NнLнм▄мB▄Mл▌NMнм▄▄█нм▄нмLлMB▄Mл▌NMм▄▄█нл▄▌лLллB▄MллNNм▄█LнммNлLллL▄Mлл▄м▄█MмлнмLм▄Mлл▄Nм▄█Mм█лм▄лB▄Mлл▄▌м▄█MлLлMлM┌▄Mлл▄нм▄█MмлнмLм▄Mлл█м▄█Mм█лм▄лB▄Mлл█Nм▄█MлLлMлM┌▄Mлл█▌м▄█MлLL█нл▄▄лнB▄Mлл█нм▄█MNмM█Nл▄лл█б▄Mлл▌м▄█MNм▌M▌мLл▄▄Mлл▌Nм▄█MNмM█Nл▄лл█б▄Mлллм▄█MNм▌M▌мLл▄▄MлллNм▄█MNмлмLLлL▄MллнNм▄█NнMмNлMллм▄Mллм▄█▄NмNNл▄▄л▄B▄MллNм▄█▄NмNNл▄▄л▄B▄Mлл▌м▄█▄▌лMNм▄ллB▄Mллнм▄█▄▌лмлнлNLллB▄Mллм▄█▄▌нMNNлL▄лб▄MллNм▄█▄▌ммNлнм▄MллNNм▄██NнлNлMл┌▄MллLм▄██NмлNл▌Lм▄MллLм▄█▌NнN▌л█ллM▄MллLNм▄█▌NмL▄нлMLлN▄MллLмNм▄█ммNлL▄лмб▄MллLм▌м▄█мNлM▌лнмB▄MллLмнм▄█мNлM▌лнмB▄Mлл█м▄▌NNмлмLLлMB▄Mлл█Nм▄▌NNл█Lм▄лL▄Mлллм▄лMннNLNлMл┌▄Mллл▄Nм▄л▄нл█▌мл▄м▄Mллл▄▌м▄л▄нл▌мллL┌▄Mллл▄нм▄л▄нллLнл▄лLB▄Mллл█нм▄л█Nм▄л▌лLллN▄MлллмNм▄л▌нNм▄л█B▄Mлллм▌м▄л▌ллнлLLлMб▄Mлллмнм▄л▌лLNNлNлL┌▄Mлллнм▄л▌нNм▄л█B▄MлллнNм▄л▌ллнлLLлMб▄Mллмм▄л▌лLNNлNлL┌▄MллмNм▄л▌л▄L▌нLл█┌▄Mллм▌м▄л▌нNл▄м▄Mллмнм▄ллмLNл▌л▌B▄Mллмм▄ллмL▌лLLлN▄MллмNм▄ллмL▌лLLлN▄MллмLм▄ллмMMNлLLлн▄Mллм▄мNлLNлL▄лMB▄MллNм▄мNлLNлL▄лMB▄MллNм▄мL▌ллл▌л▄лM▄Mлл▌м▄м▄мM▌л▄лN▄MллLLм▄ммн█лMлл▄▄MллL█Nм▄мнNм█нлллL┌▄MллL█▌м▄мнNм█нлллL┌▄MллL█нм▄мнNнллл▌B▄MллLл▌м▄нNмL▌лNNLлмB▄MллLлнм▄нNлM█нн▄лб▄MллLмм▄нNмл█▌лL█Lлб▄MллLмNм▄нNмLMнл█лл▌B▄MллLм▌м▄нNмLM▌л▌л█▄MллLмнм▄нNлMLнмMмб▄MллLнм▄нNлLлL▄нB▄MллLнNм▄н▌нNLм▄▄м┌▄MллMм▄н▌лMLнмMлл┌▄MллMNм▄н▌мм▌лNLл▄б▄MллM▌м▄н▌мLлL█Lлл┌▄MллMMнм▄ннлнM▌мLм┌▄MллMNм▄ннл██м▄л▌B▄MллMNNм▄ннмнлмLлM▄MллM▌Nм▄нNл▄Lнл▄ллб▄MллMлNм▄нLNлLLлнл▄лNB▄MллMл▌м▄нLNммнл▄▄л▌B▄MллMлнм▄нLNммнл▄▄л▌B▄MллMнNм▄нLнл▌л▄Lлб▄MллNм▄нLнл▌л▄Lлб▄MллNNм▄нMм▄Nмл█B▄MллN▌м▄нMллм▌нлM▄MллNнм▄нMм▄Nмл█B▄MллNм▄нMллм▌нлM▄Mлл▄Lм█NмMнл▄лл▄Mлл▄LNм█NмнNм▄л▌▄Mлл▄L▌м█NлнLлL▄лм┌▄Mлл▄▄нм█Lм▌MNлLн▄Mлл▌Nм██▌м▌л▄Lл▄B▄Mлл▌▌м██▌мLлNлLLмB▄Mлл▌нм██▌нMMлLLн▄Mлл▌м██▌мLл▌лMб▄Mллмм█▌лM▄м▄LлLB▄MллмNм█▌лмллм▄Mллм▌м█нл▄█▌мл█▄Mллмнм█нл▄█▌мл█▄Mллмм█нмммNм▄нB▄MллммNм█LмL▄л▄ллм▄Mллмм▌м█Lм█ллмLллб▄Mллммнм█LмL▄л▄ллм▄Mллмнм█Lм█ллмLллб▄MллмнNм█Lм█NллмB▄MллнL▌м█MлMM▌м▄лл▄MллLм█▄NнMм▌л▌л▄▄MллLNм█▄NнMм▌л▌л▄▄Mллмм██нмлLNнм┌▄Mллнм█лNнM█нлNLлнB▄Mлл█м█нмлM▄лм▄MллLлм█LнлLлл▄лL┌▄MллLлNм█LнлнннLл▄б▄MллLл▌м█LнмMNлNл▄▄MллLмнм█MNмм▄NлLLнB▄MллLнм█MNлMNм▄лл▄B▄MллLнNм█MNмм▄NлLLнB▄MллMм█MNлMNм▄лл▄B▄MллLMнм█L▄▌лNLNлL▄м┌▄MллLNм█L▄▌лL▌лLLLлN▄MллLNNм█L▄▌ммл▌мл▌▄MллL▄м█L▄нлнLлL▄л█B▄MллL▄Nм█L▄нлнLлL▄л█B▄MллL▄▌м█L▄нл▄нн▄л┌▄MллL▄нм█L▄нлм▌Nнл▄┌▄MллL█м█L▄нмMлNнLл▄┌▄MллLMнм█Mм▌MмLл█B▄MллLNм█MлLмNллллм┌▄MллLNNм█MлLмNллллм┌▄MллLLм█MллмNм▄л▄B▄MллLLNм█MлL▄нлMлл▄MллLMлNм█M▄Nмм█нмLлмб▄MллLMл▌м█M▄NлLLмLLлл┌▄MллLMлнм█M▄NллNл▄л█б▄MллL█LNм█Nнмл▄▌лммB▄MллL█Mнм█N▌мм▄лMLл█┌▄MллL█Nм█N▌мм▄лMLл█┌▄MллL▌Lнм█NNнннлNB▄MллL▌Mм█NNнннлNB▄MллL▌MNм█NNм▌Lл▄лл┌▄MллL▌M▌м█NNмнNлMLмB▄MллLл▌Nм█▄нлL█▌лLмлл┌▄MллLллм█▄нлLNммLлм▄MллLллNм█▄нлLNммLлм▄MллLм▄нм█▄M▌л▌Lннлн▄MллLм█нм█▄Nл▄ллLлм▄MллLм▌м█▄NNл▌MNл▄▄л▌▄MллMNм█▄▌мл▌лмLлM┌▄MллM▌м█▄▌мл▌лмLлM┌▄MллMнм█▄▌нNNмMлн▄MллMм█▄мнлмл▌мLлн▄MллMNм█▄мнмлм▌л▄ллL┌▄MллM▌м█▄мннL▌мLлNB▄MллMнм█▄мнмлм▌л▄ллL┌▄MллMм█▄мннL▌мLлNB▄MллMNм█▄мнлLмлMллLб▄MллM▌м█▄мнлLNмMллMB▄MллM▌м██LмL▄нлMLлл┌▄MллMLNм██Mм▌LNмLлл▄MллMMNм██лнм█Mм▄лллб▄MллMMNNм██лнм█Mм▄лллб▄MллMM▄м██лнлLмнлнLлM┌▄MллMM▄Nм██лнмнм▄лM▄MллMM█нм██мNм█нNлMллмB▄MллMM▌м██мNм█нNлMллмB▄MллMMлнм██мнм▄ннL▄лл▄MллMMмм██ннлнлLлллб▄MллMMмNм██ннLMлNLл█б▄MллMN▌м█▌Nм▄лNнL▄лмB▄MллMNнм█▌NллLNлL▄л█б▄MллM▄м█▌NлмNNл▄л▄B▄MллM▄Nм█▌NлLLLнмLмб▄MллM▄▌м█▌Nм█LNмLлб▄MллM▄нм█▌NмNLллLлм┌▄MллM▄м█▌Nм█LNмLлб▄MллM▄Nм█▌NмNLллLлм┌▄MллM▄▌м█▌NнNнл▌лLб▄MллM▄нм█▌▌лLLNмLLлL┌▄MллM▌MNм█лLн▌млл┌▄MллMн▌м█лл▌л▄нNм▄л▄┌▄MллNнм█мл██м▄м┌▄MллNм█млLнл▄лл┌▄MллNLNм█мнлLLNмллMб▄MллNлм█м▄Nм▄▌мLлMб▄MллNлNм█м▄NнллMл█б▄MллNл▌м█м▄Nл█▌млмB▄MллNлнм█м▄Nлннм▄мB▄Mлл▄LNм█нNмнNмлллB▄Mлл▄L▌м█нNмL▄▌лLLлL▄Mлл▄Lнм█нNмL▄▌лLLлL▄Mлл▄Mм█нNллмл▄лN▄Mлл▄нм▌▌нNлл▄м┌▄Mлл▄█м▌LнмLNлNLллб▄Mлл▄█Nм▌LнмLNлNLллб▄Mлл▄█▌м▌Mмнл▄Lлм┌▄Mлл▄м▌Mнл▌л▄▄л▄б▄Mлл▄Nм▌MнннлNLм▄Mлл▄▌м▌MнннлNLм▄Mлл▄нм▌Mнмн▌мLл▄┌▄Mлл▄м▌NннмLлнB▄Mлл▄Nм▌Nн▌мLн▄Mлл▄Lм▌NннмLлнB▄Mлл▄LNм▌Nн▌мLн▄Mлл▄L▌м▌█мм█мLм┌▄Mлл▄LLNм▌█ннMNл▌лMB▄Mлл▄LL▌м▌█нлм█▌л▄м┌▄Mлл▄Mм▌мнм▌млм▄Mлл▄MNм▌мнм▌млм▄Mлл▄M▌м▌мнн▌мLлл┌▄Mлл▄Mнм▌мнмM▌л▄л█B▄Mлл▄MLнм▌нNнLNл▄▄м┌▄Mлл▄M▌м▌Nм█нLLл▄▄Mлл▄M▌Nм▌Nмл▄▄ллB▄Mлл▄Mлм▌Nмл▄▄ллB▄Mлл▄MлNм▌NлL█нл▄мб▄Mлл▄Nнм▌Nлм▄▌л█Lл▌B▄Mлл▄Nм▌Nлм▄▌л█Lл▌B▄Mлл▄NLNм▌LNлNNNлLллL▄Mлл▄▄Nм▌Nл▄лLLлмB▄Mлл▄▄NNм▌NнMлл█ллMб▄Mлл▄▄▄м▌NлмM▌млл▄Mлл▄▄лNм▌▄▌лLннLлм┌▄Mлл▄▄л▌м▌▄▌м█NлMLл▌▄Mлл▄▄лнм▌▄▌мNлL█Lм▄Mлл▄лNм▌м▌Lл▄л█б▄Mлл▄лNNм▌м▌Lл▄л█б▄Mлл▄л▄м▌лмLл▄лM┌▄Mлл▄л▄нм▌▌ммнлLлл┌▄Mлл▄л█м▌▌ммнлLлл┌▄Mлл▄м▄м▌Mллл▌л▄лLб▄Mлл▄нм▌LллM▌л▄л▌B▄Mлл▄нNм▌LнLл▄▄ллб▄Mлл█мм▌LLнмL█▌лLл█B▄Mлл█мNм▌LLннLNмлл▌▄Mлл█Nм▌LNNнLNмлм▄Mлл█лм▌L█м▄LнмллB▄Mлл█лNм▌L█м▄LнмллB▄Mлл█л▌м▌L█м█▌Nлмллм▄Mлл█LмNм▌MNмл█NлL█Lл▌▄Mлл█Lм▌м▌MNннмLл▄B▄Mлл█▄мнм▌M▌Nм▌LNмLнB▄Mлл█▄нм▌M▌Nм▌LNмLнB▄Mлл█▄нNм▌M▌NмNнлм┌▄Mлл█▌▌м▌NNмNMнлM█LмB▄Mлл█▌нм▌NNл▌M▌ллLлM┌▄Mлл█▌м▌NNл▌M▌ллLлM┌▄Mлл█▌Nм▌NNлLLLNмLм┌▄Mлл█лMнм▌NLNмL▌лNNLл▌▄Mлл█лNм▌NLNнLMлNLл█B▄Mлл█лNNм▌NL▌л▄█▌мл▌B▄Mлл█л█м▌NMNмнNм▄мB▄Mлл█л█Nм▌NMNнL▌л▄▄лM┌▄Mлл█л█▌м▌NMNнLмнлLLмB▄Mлл█ллнм▌NMнлLлнлл▄л█б▄Mлл█лмм▌NMнлLлнлл▄л█б▄Mлл█ммл▌нLмнлLLлB▄Mлл█мNмл▌мл▄▌лмлN▄Mлл█мLмл▌нL▄ннLллб▄Mлл█мLNмл▌лLмнлнLмB▄Mлл█мL▌мл▌нLмнлLLлB▄Mлл█мLнмл▌мл▄▌лмлN▄Mлл█мMмл▌нL▄ннLллб▄Mлл█мMNмл▌лLмнлнLмB▄Mлл█мM▌мл▌лM█▌млLлNB▄Mлл▌нмлLнлMNлнлмб▄Mлл▌млLнлMNлнлмб▄Mлл▌NмлMн▌млл▌B▄Mлл▌▌млMNммLнмм▄Mлл▌нмлMNммLнмм▄Mлл▌▄млNNм█мнлнLл▄B▄Mлл▌▄NмлNNм█мнлнLл▄B▄Mлл▌▄▌млNNм█▌лML▄м┌▄Mлл▌▄нмл▄нMнл▌л█┌▄Mлл▌█мл▄нMл█л▌▄Mлл▌нмл█NлMл█л▄б▄Mлл▌нNмл█▌л▌NNмл█┌▄Mлл▌NNмлммMнм█лл▄▄Mлл▌▄млмм▌нлнB▄Mлл▌▄NмлммMLлL▄л█┌▄Mлл▌▄▌млмм▌нлнB▄Mлл▌▄нмлммMLлL▄л█┌▄Mлл▌█млмм█▌лML▄лL▄Mлл▌█NмлмNмLнлLллM▄Mлл▌LNмлNлNлLн▄Mлл▌L▌млNнLLNл▄л▄▄Mлл▌LнмлNлNлLн▄Mлл▌LмлNнLLNл▄л▄▄Mлл▌L▄нмлм█л▄лм▄Mлл▌L█млмлL▌лнлмб▄Mлл▌L█NмллLLллNLмB▄Mлл▌LлNмлLнлм▄▌л█LлNB▄Mлл▌Lл▌млLнлм▄▌л█LлNB▄Mлл▌LлнмлLнмMMNлLLлMб▄Mлл▌Mл▌мл▄▌мM▌м█LлM▄Mлл▌Mлнмл▄▌мM▌м█LлM▄Mлл▌NNмл█▌нMLмлм┌▄MлллNNмлмNлл█нл▄лмB▄Mллл▄млмNмм▄лMLлN▄Mллл▄NмлмNллмл▄лMб▄Mллл▄▌млмNнMнмLлнB▄Mллл▄нмлмNнMнмLлнB▄Mллл█млмNм▄нLл█B▄Mллл█Nмлм▌млNлMллMB▄MлллнNмл▌нN▌лмлл┌▄MлллLнмлL▌м█лллL┌▄MлллLмлL▌нмнB▄MлллLNмлL▌м█лллL┌▄MлллLLмлL▌нмнB▄MлллLNNмлL▌лм▄▌л█Lллб▄MлллL▄млL▌лм▄▌л█Lллб▄MлллL▄NмлL▌м█Nллм▄MлллMмлLL▌лLLMNл█Lл█┌▄MлллMNмлLL▌лLлNл█▄мB▄Mллл▄мNмлLлNмLлнLл▄▄Mллл▄м▌млLлNмLлнLл▄▄Mллл▄мнмлLлNмMлMлл▄Mллл▄нмлLл▌нM▌лLLлн▄Mллл▄нNмлLл▌мL▄▌лLLл█▄Mллл█млLл▌нLнл█Lл▄B▄Mллл█NмлLл▌нLнл█Lл▄B▄Mллл█▌млLл▌млL▌лнл▄B▄Mллл█M▌млLнм▌▌л▄лMб▄Mллл█MнмлLнлL▄нлMлNB▄Mллл█NмлLнлNNллл▄B▄Mллл█NNмлLннN▌лмллм▄Mллл█▄млLнмL▌лллл▌B▄Mллл█▄NмлLнлNNллл▄B▄Mллл█▄▌млLннN▌лмллм▄Mллл█▄нмлLнмL▌лллл▌B▄Mллл█лNмлMмнNм▄лLб▄MллллмлMLнNM▌лMлм┌▄MллллMмлMMлLлLнLлмб▄MллллMNмлMMмNлLллб▄MллллM▌млMMмNлLллб▄MллллMнмлMMнLMNлNLл▄B▄MллллNмлMMмMл█▄л▄┌▄MллллNNмлMMNлLLнм█Lл█б▄Mлллл▄млMM▌ллл▌л▄лLB▄Mлллл▄NмлMM▌ллл▌л▄лLB▄Mлллл▄▌млMM▌л█мNнлм▄MлллмNNмлM█нлLLMлнлM▄Mлллм▌млM▌Nл▄нм▄лB▄Mлллм▌NмлM▌NнMлнлM▄ллб▄MлллнNмлMлнлMMнм█LнB▄Mлллн▌млMлнл▄млMл▄б▄MллмNмлNNлL▄нлMллM┌▄Mллм▄▌млNNллM▌л▄лнB▄Mллм▄нмлNNллM▌л▄лнB▄Mллм█млNNнлллMB▄MллмммлNмм▌лM▄л▌▄MллммNмлNмм▌лM▄л▌▄Mллмм▌млNм▌M▌мLл┌▄Mллм▄▌млNMNнL▌мLлнB▄Mллм▄нмлNMNнL▌мLлнB▄MллмMNмл▄NNмNл▄▄л▄┌▄MллмMMмл▄▄нн█▌мл▄┌▄Mллм▄M▌мл▄нNнMм▌л▌м▄Mллм▄Mнмл▄нNнMм▌л▌м▄Mллм▄Nмл█м▄лLм▄Mллм▌Nмл█▄м█нллллN▄Mллм▌NNмл█▄нMлллB▄Mллмлмл█▄нLNллл█┌▄Mллмм▌мл█л▌мнLлл┌▄Mллммнмл█л▌мнLлл┌▄Mллмм▌мл█нлLLмNмLл▄▄Mллмм▌Nмл█нлLL▄нлмл█B▄Mллммлмл█нNмNMNмMллл┌▄MллммлNмл█нNнл▌м▄ллB▄MллмммNмл▌NмммлллB▄MллмнMмл▌Nл▄▄Nм▄▄л█б▄MллмнMNмл▌Nл▄▄Nм▄▄л█б▄MллнLNмл▌Lл█▌мллмB▄Mллнм▌мл▌MнлNNлLл┌▄MллнMнмллMNнлллN▄MллнLнмлл▄м▄▌лLLлм┌▄MллнLмлл▄лм█Nл▄нB▄MллнLNмлл▄м▄▌лLLлм┌▄MллнLLмлл▄лм█Nл▄нB▄MллнLLNмлл▄нмнмл█▄MллнMMNмлллнлLNл▄м┌▄MллнMM▌млллнлLмнлнLл▄б▄MллнMMнмлллнммлNм▄лб▄MллнMNмлллнммлNм▄лб▄MллнM▄▌мллмNлL█Nмллл▄MллнMл▌мллнлMнлL▄л█б▄MллнMлнмллнмNLнлLнLлнB▄MллнMммллнлMнлL▄л█б▄MллнMмNмллнмNLнлLнLлнB▄MллнMм▌мллнм█нLLл█б▄MллнMмнмллнмнNм▄лл▄MллнMнмллнNлM█Nмл█▄MллнMнNмллнNммLнмлмB▄MллнNмлмлM▌NлLллл█▄MллнNNмлмлM▌NлLллл█▄MллнNNNмлмлLнл▄▄лMB▄Mлмнмлм▌нNм▄LлL┌▄MлммлмлLLNмлм┌▄MлмNмлмлLLNмлм┌▄MлмLмлммлмNмLнB▄MлмMNмлнннм▌лNLлм┌▄MлмM▌млннн▄мLлмб▄MлмMNмлнл▄▌лLлл▄┌▄MлмMNNмлнл▄▌лLлл▄┌▄MлмNнмлнM▌нMNмллMб▄MлмNмлнM▌нMм▌л▌ллB▄MлмNNмлнMннмлL┌▄MлмNLмлнNлL▌NмллM┌▄MлмNLNмлнNмм▄NлLLлLB▄MлмNL▌млнNмм▄NлLLлLB▄Mлм▄лнммLNл█л▄л┌▄Mлм█NммMнмл▌лLм▄Mлм██нмм▄▌мNNлLLмB▄Mлм█▌мм▄▌н▄▌мллмB▄Mлм█нмм▌лнм▄лN▄Mлм█нNмм▌л▄Nм▄л█б▄Mлм▌мм▌м█м▌лнLм▄Mлм▌Nмм▌л▄Nм▄л█б▄Mлм▌▌мм▌м█м▌лнLм▄MлмлмммNмнмллм▄MлмлNмммNмлнлLм▄Mлмл▌NммNнLнл▄▄лL▄MлмллммNн▌нлб▄MлмллNммNмLL▌лNLлм┌▄Mлмлл▌ммNмLL▌лNLлм┌▄MлмллнммNм█NлLллL┌▄Mлммнмм▌м█лллMб▄Mлмммм▌лNлLLл█┌▄Mлмн▌ммMлLл▌лLл█B▄MлмннммMлLл▌лLл█B▄MлмнммMнMнNл█лмB▄MлмнNммMнMMнл█ллм▄Mлммм▄NмлнлLл█б▄MлмNмм▄NмLнNлL▄лMB▄Mлм▌мм▄нлMNлнлм┌▄MлмMNмм█▌нM▌л█LнB▄MлмM▌мм█▌ннм▄лл┌▄MлмMнмм█▌лLлL▄мB▄MлмNмм█▌лмнмлм▄MлмNNмм█▌л▄Nм▄лM▄Mлм▄мм█▌лмнмлм▄Mлм▄Nмм█▌л▄Nм▄лM▄MлмNNмммNммMмлмB▄Mлм▄мммNл█ннLл█┌▄Mлмлммнл█▄▌мллмб▄MлмлNммнл▄лнлMлл█б▄Mлмл▌ммлM█▌млLл▄B▄MлмL▌мм▌ммм▄MлмLнмм▌мллм▄MлмMмм▌мM▄▌лLм┌▄MлмLммл█м▄лB▄MлмLнммLмнмллнB▄MлмLммLл▄мнм▄м┌▄MлмLNммLлLLLлм▄лLB▄MлмL▌ммLлLLLлм▄лLB▄MлмLнммLмнL▌нLлNB▄MлмLLNммLнмMMм▄лмB▄MлмLL▌ммLнмMMм▄лмB▄MлмLLнммLнмлLлMLл█┌▄MлмLMнммMNл█▌м▄л▌▄MлмLNммMNл█▌м▄л▌▄MлмLNNммMNн▌нм┌▄MлмMNNммLнM▌лMLлл▄MлмM█нммLнлLMнм▌лм▄MлмM▌ммLнмMNлMLнB▄MлмM▌NммLнмMNлMLнB▄MлмMлммLл▌NлNLм▄MлмMнммLL▌м▄лNнL▄м▄MлмMнNммLL▌лLLнлм▄лл▄MлмNммLL▌мLл▌лLLлL┌▄MлмNNммLL▌ллMл▄лM┌▄MлмNNммLMннLNлMLмB▄MлмNNNммLMнмLнлM█LлнB▄Mлм▄▄ммL█Nм██нм▌л▄б▄Mлм▄▄NммL█▌лL▌л▄LлLб▄Mлм▄▄▌ммL█▌лL▌л▄LлLб▄Mлм▄▄нммL█▌нM█нлNLлм▄Mлм▄▌ммL▌лLнлLLлб▄Mлм▄▌NммL▌лLнлLLлб▄Mлм█L▌ммLлнллNл▄мB▄Mлм█LнммLлнлнMNмлMб▄Mлм█MммLлнмлNлMллмB▄Mлм█MNммLлнмлNлMллмB▄Mлм█M▌ммLлннNNм▄лNB▄Mлм█▄NммLмNлмLнл▄лн▄Mлм█▄▌ммLмNммлм▄л▄B▄Mлм█▄нммLмNм█▌Nлмлл▄┌▄Mлм██ммLмNмMM▌мLлM┌▄MлмлNммMм▌млл▄▄Mлмл▌ммMмLNлLлл▄б▄MлмлLммMLнNлл▄лнB▄MлмлNNммMMм█NNмNLлм▄Mлмл▄ммMMлм▌нл▄▄Mлмл▄NммMMлм▌нл▄▄MлмлнммMNNммMмл▄┌▄MлммNммM▄NлнNл▄█Lллб▄Mлмм▌ммM▄NмL▌лLLлM▄MлммнммM▄NлнNл▄█Lллб▄MлммммM▄NмL▌лLLлM▄MлммLнммM█NлмMмLл▄б▄MлммMммM█NлмMмLл▄б▄MлммMNммM█NмMм▌ллLлб▄Mлмм█NммM▌мNNлML▄мб▄Mлмм█▌ммM▌нллл▄▄Mлмм█нммM▌нллл▄▄Mлмм▌ммM▌нNллн▄MлмнLммMмNлLMлм▄лL▄MлмMNммN▌мLLннлLб▄Mлм▌мм▄NмNMNмMллL▄Mлмнмм▄NмNMNмMллL▄Mлммм▄Nм█нL▄л▄B▄MлмNмм▄NммMмлм┌▄MлмLNмм▄мLнлM█Lмб▄MлмL▌мм▄лмNл▄л█▄MлмLлмм▄MNлL▌нLлнB▄MлмMNмм▄NNнM▄л█ллб▄MлмM▌мм▄NNмнL▌нLлл┌▄MлмMнмм▄NNллL▌л▄л┌▄MлмMNмм▄▄NнмлLллB▄MлмM▌мм▄▄▌нмлмB▄MлмMм▌мм▄лмннNLмB▄MлмNнмм▄лнлMNмлл┌▄MлмLнмм▄нлнл▄л▌B▄MлмLмм▄нлнл▄л▌B▄MлмLмм██▌млMлLLл█▄MлмLNмм██▌н▄NнLлM┌▄MлмL▌мм██▌лN▌нLнB▄MлмLLл▌мм█мнлм▄Nл▄лN▄MлмLLлнмм█мннNNлNLл▄B▄MлмLLммм█нл▄▌мл▄мB▄MлмLLмNмм█нл▄▌мл▄мB▄MлмLLм▌мм█нлмNл▄ллB▄MлмLLмнмм█нNм▄█NмLLлB▄MлмLLнмм█нNнL█NлMллM▄MлмLM▄мм▌NнNлMл█б▄MлмLM▄Nмм▌NллNл▄лMB▄MлмLM▄▌мм▌Nллммлмб▄MлмLM▄нмм▌NлLлML▄л▄B▄MлмLM█мм▌NлLлML▄л▄B▄MлмLNLмм▌LннNнлL▄MлмLNLNмм▌Lнм▌нлMм▄MлмL▄ммлл▄Lмллб▄MлмL▄Nммлл▄Lмллб▄MлмL▄LNммл▌мнNмMLлнB▄MлмL▄L▌ммл▌ннмLлM▄MлмL▄Lнммл▌м█▄нмMLлн▄MлмL▄Mммлнн▌Nл█лм▄MлмL▄MNммлнмннм▄лм▄MлмL▄мммлн▄нлMмB▄MлмL▄мNммлнL█NлMлмB▄MлмL▄м▌ммлн▌л▄LлM┌▄MлмL▄мнммлн▄нлMмB▄MлмL▄нммлнL█NлMлмB▄MлмL▄нNммлн▌л▄LлM┌▄MлмL█ммлмл▌лмLлLб▄MлмL█NммлNм▌Lл▄лLB▄MлмL█▌ммлNм▌Lл▄лLB▄MлмL█нммлNммнлмLн▄MлмL█ммлNмнм▄ллB▄MлмL█LммлLNммнлмLм┌▄MлмL█LNммлLNм▌NнлLB▄MлмL█L▌ммлLNл█Lм▄лл┌▄MлмL█LнммлLNл█нм▄л▌▄MлмL█MммлL▌лMнNLлнB▄MлмL█MNммлL▌лMнNLлнB▄MлмL▌NммлNлнMллл▄┌▄MлмL▌▌ммлNмLLNлNлм▄MлмL▌▌ммл▄л█LнлLлL┌▄MлмL▌нммл▄л█LнлLлL┌▄MлмL▌L▌ммл▄нм▄лNнL▄лMB▄MлмLл▄Nммлл▌м▌L▌мLл█┌▄MлмLл▄▌ммлл▌л▄█▌млN▄MлмLмNмммNнLлллнB▄MлмLмLмммNнLлллнB▄MлмLмLNмммNлм█нмл▄B▄MлмLмL▌ммм▌мMMм▄мB▄MлмLмNNмммNлLмLл▄B▄MлмLм█Nмммнлн▌м▄л▄▄MлмLнмммMNллNм▄лLB▄MлмLнNмммMNлннм▄лM┌▄MлмMмнмммнNл▄мнм▄лMB▄MлмMM▄мн▌лллнл▄лLB▄MлмMM▄Nмн▌лNнллллB▄MлмMNLNмнL▌л▄L▌нLлM▄MлмM▄LNмнNм▄M▌лL▄Lм▄MлмM▄L▌мнNм▄M▌лL▄Lм▄MлмM▄LнмнNммNлNLм┌▄MлмM▄MмнNм▄Nл▌Lм▄MлмM█▄мнлNл▄▄нмлL▄MлмM▌MнмнNлнLNлL▄нB▄MлмM▌NмнNллNм▄мB▄MлмM▌NNмнNнMнNл█лб▄MлмMлLмнNлMммнLллB▄MлмMм▌мнM▌лMнлL▄лLб▄MлмMмнмнMнмMNлNлL▄MлмMмLмн▄нLNмллнB▄MлмMмLNмн▄л▌л▄Lл█┌▄MлмMмL▌мн▄л▌л▄Lл█┌▄MлмMмLнмн▄нM▌млмб▄MлмN█▌мннNлLл▌лLмB▄MлмN█нмннNм▌NмMм▄MлмN▌мнннмл▄┌▄MлмN▌Nмнл▄L▌нLлMB▄MлмN█нмннLлнл▄м▄MлмN▌мнмL▌лNLлб▄MлмN▌NмнмL▌лNLлб▄MлмNлмнлнM▌мLлл▄MлмNлNмнмLнлM█Lм▄MлмNл▌мнмLNл▌л▌▄MлмNнNмнLлMмLLлб▄MлмNмнLлLNммLлн▄MлмNNмнLнM▄л█ллN▄MлмN▌мнLмнMм▄л▌B▄MлмNнмнLлнMнллл▄б▄MлмNнмнL▌мL▌лLLн▄MлмNмнL▌мL▌лLLн▄MлмNNмнL▌мм█мLлнB▄MлмNLмнL▌ммнлLллNB▄MлмNMмNмнLL▌м█ллмб▄MлмNMм▌мнLL▌м█ллмб▄Mлм▄▌мнLNNлмнNмлмб▄Mлм▄нмнLNNлмнNмлмб▄Mлм▄мнLNNмM▌л▄лN▄Mлм▄мнLлмллнл█LлM┌▄Mлм▄NмнLлмллнл█LлM┌▄Mлм▄▄▌мнLмNмн▌мLлнB▄Mлм▄▄нмнLмNлLнNлLLл█┌▄Mлм▄█мнLмNлLнNлLLл█┌▄Mлм▄L▌мнMмлNмLлLб▄Mлм▄LNмнMLNлLмNLллб▄Mлм▄LLмнMLNлL▄лм▄лMб▄Mлм▄LLNмнMLNлL▄лм▄лMб▄Mлм▄LMнмнMMнMнлл▄ллB▄Mлм▄LNмнMMлLнNл█лMB▄Mлм▄LNNмнMMNлмLNлллMB▄Mлм▄L▄мнMMNмM▄нл▄лн▄Mлм▄LлнмнMNNлл▌лL█LлM▄Mлм▄MMнмнM▌NмммNм▄лмб▄Mлм▄NнмнMм▌лMлNлLлLлL┌▄Mлм▄N▌мнMнлNNлллнB▄Mлм▄NMмнNл█M▌нлмB▄Mлм▄█▌мнNMNнNNлл▄лB▄Mлм▄█нмнNMNнNNлл▄лB▄Mлм▄█NмнNMннM▌NлMLл█B▄Mлм▄█M▌мнNNNлLL▌NлNLл█B▄Mлм▄█MнмнNNNм█NлLлл█▄Mлм▄█▌м▌н█м▄м▄Mлм▄█▌Nм▌н█м▄м▄Mлм▄█лм▌ллNм▄лл▄Mлм▄█мнмNл██нм▄л▌▄Mлм▄█нмNмNнNLл█б▄Mлм▄лмнмNNм▄ммл▄л▄┌▄Mлм▄мм█Nм▌MмLл▌▄Mлм▄мNм█Nм▌MмLл▌▄Mлм▄мLм█NмлнNмлNB▄Mлм▄мм▌млнлLмNммB▄Mлм▄ммнмлннMм▌л▌лл┌▄Mлм▄мнмлнлLл▌лLлл┌▄Mлм▄мнNмлннMNлM▄л█B▄Mлм▄нмлнмн▌мллB▄Mлм▄нNмлнлLл▌лLлл┌▄Mлм▄н▌млннMNлM▄л█B▄Mлм▄ннмлнмн▌мллB▄Mлм▄нмлннLл▄▄лL▄Mлм▄нNмлнлL▌лNLлн▄Mлм▄н▌ммл▌нл▄▄л█B▄Mлм▄ннммнM▄л█ллм┌▄Mлм▄нммл▄м▌м▄лMб▄Mлм▄нMнмнмMнмлл█▄Mлм█NмMмнMNмлLб▄Mлм█NNмMм▌нл█▄Mлм█▄мMмнMNмлLб▄Mлм█▄NмMм▌нл█▄Mлм█▄▌мMннNнлM┌▄Mлм██NмM▌нM▌млл█┌▄Mлм█лнм▄мNMнлM█LлмB▄Mлм█▌м▄▌нLнNл▌лл┌▄Mлм█нм▄▌нLнNл▌лл┌▄Mлм█м▄▌ллмл▄лNB▄Mлм█Nм▄▌мNлLLл█б▄Mлм█MNм█NлNNлLмB▄Mлм█LL▌мллM▄нмLмB▄Mлм█LLнмлл█MнммB▄Mлм█LMмллм█▌л▄лб▄Mлм█L▄нмм▌л▌лLмб▄Mлм█L█мм▌л▌лLмб▄Mлм█L█Nмм▌лLLнлм▄л█▄Mлм█L█▌ммнм▌NлмLлмб▄Mлм█Lл▌мнNмлNNлл█LлнB▄Mлм█LлнмнNммM▌мLмB▄Mлм█LммнNмлNNлл█LлнB▄Mлм█LмNмнNммM▌мLмB▄Mлм█Mм▌мNлMLллб▄Mлм█MLнмNнNм▄лM┌▄Mлм█M█▌мNлммнмлм▄Mлм█M█нмNлммнмлм▄Mлм█NM▌мMNл▄нм▄лM┌▄Mлм█NMнмMNл▄нм▄лM┌▄Mлм█NNмMNлM█▌млLлмB▄Mлм█▄NмNм▄Nмл▌B▄Mлм█▄▌мNм▄Nмл▌B▄Mлм█▄LмLNлнNм▄ллB▄Mлм██NмLLннNMNм▄ллL┌▄Mлм██NNмLLнм█мNмлLб▄Mлм██▄мLLнм▄ннL▄м▄Mлм█▌мLNNм▄▄NлLLм▄Mлм█▌NмLNNл█MнмлMб▄Mлм█▌LмLNNн█м▄лл▄Mлм█▌LNмLNNлLM▌лм▄лл▄Mлм█▌L▌мLNNлLM▌лм▄лл▄Mлм█лNмL▌NмMлMлMб▄Mлм█лм▌мLлнннл▄л▌B▄Mлм█лмнмLлнллмNм▄л▄B▄Mлм█мNмLнNл█Nллм┌▄Mлм█нMнмMLнм▌L▌мLлл┌▄Mлм▌LмMM▌лLLнл▄н▄Mлм▌MмM▌нMлMллб▄Mлм▌MNмM▌нMлMллб▄Mлм▌M▌мM▌м▌MнмMм▄Mлм▌MнмM▌NлнLнмлнB▄Mлм▌NмM▌Nмм▌мLлмб▄Mлм▌LмMннM▄л█ллл▄Mлм▌LNмMннL▄ннLн▄Mлм▌LNмNNмл▌лL▄лб▄Mлм▌L▌мNNлLLнлNлB▄Mлм▌LнмN▌лL▌лLл▄нB▄Mлм▌LмN▌м▌нллллб▄Mлм▌LNмN▌лL▌лLл▄нB▄Mлм▌L▌мN▌м▌нллллб▄Mлм▌LLNмNNнмNлLллL┌▄Mлм▌LL▌мNNнмNлLллL┌▄Mлм▌LLнмNNм█нLLлмB▄Mлм▌L█мNNлLL▌NлNLмB▄Mлм▌L█NмNNлLлNлLл▄л█б▄Mлм▌M▄▌мNNлL▌лNLл█▄Mлм▌M▄нмNNмммммб▄Mлм▌Mлм▄NлLMнNLллB▄Mлм▌MлNм▄▌мMNлMLлм▄Mлм▌Mл▌м▄▌мMNлMLлм▄Mлм▌Mлнм▄▌мм▄нлLLлм┌▄Mлм▌Mмм▄▌л▌Nмлм┌▄Mлм▌MмNм▄▌млмNмLмB▄Mлм▌Nнм▄▌мL▄л▄ллMB▄Mлм▌NMм▄NлLL█л█Lлм┌▄Mлм▌NMNм▄NмNMл█▄лллб▄Mлм▌NM▌м▄NмNMл█▄лллб▄Mлм▌NMнм▄NмлNлL▄лмб▄MлмлLNм▄LннLNлLл█B▄MлмлL▌м▄LнмLMнл█лмB▄MлмлLнм▄LнмLLннмB▄MлмлMм▄Lнмннмллмб▄MлмлMNм▄LнлLL▄NлмLн▄MлмлM▌м▄MNм▄Lнмлл▌B▄MлмлMнм▄MNмм▌мLм┌▄MлмлNм▄MNмм▌мLм┌▄Mлмлм▌м▄лнл▌L▌лLLлн▄Mлмлмнм▄лнлLLNлLл█▄Mлмлнм▄лнл▌L▌лLLлн▄MлмлнNм▄лнлLLNлLл█▄MлмлMNм▄нNнл▄▄л█B▄MлмлM▌м▄нNнл▄▄л█B▄MлмлMнм▄нNнNNлMLлл▄MлмлL▌м█NннмLлл┌▄MлмлLнм█NлLNNлм▄лм▄MлмлLм█NннмLлл┌▄MлмлLNм█NлLNNлм▄лм▄MлмлL▌м█▌мм▄нлLLмB▄MлмлLMнм█▌м█ллмLлL┌▄MлмлLNм█▌м█ллмLлL┌▄MлмлM█▌м█NNл▄M▌мNLл▌▄MлмлN▌м██мL▌лNNLл▄▄MлмлNнм██м█▌Nлмлл▄┌▄MлмлNм██NлM█Nмлм▄MлмлNNм██NлNM▌лLLлB▄MлмлNLм██NлNM▌лLLлB▄MлмлNLNм██NлLLNмлн▄MлмлNL▌м██NлLNл▄лLб▄MлмлNLнм██Nм▌▌л▄лB▄Mлмл▄Mм█лнмнMнмл┌▄Mлмл▄MNм█лнлннм▄лL┌▄Mлмл▄█▌м█м▌лM▌лLLлLб▄Mлмл█▌Nм▌нмм▄▌лLLлл▄Mлмл█лм▌нмм▄▌лLLлл▄Mлмл█лNм▌ннNNNмлл█▄Mлмл█л▌м▌лLL▄лмLл▄B▄Mлмл█лнм▌лLL▄лмLл▄B▄Mлмл█мнм▌LлLMлMLл█▄Mлмл█нм▌LмнлL▄лLб▄Mлмллм▌M▌лмL▌ллл█▄MлмллNм▌M▌лмL▌ллл█▄MлмллLм▌NлмлNнл▄▄MлмллLNм▌NлмлNнл▄▄MлмллL▌м▌NлLMлMLлN▄MлмллLнм▌NмNNлLLл┌▄Mлмлм█млLNнL█NлMллб▄MлмлмлNмлM▌мLлнLлмб▄Mлмммл▄нм▌▌л▄л▄▄MлммNмл▄нмNL▌нMLлB▄Mлмм▌мл▄нм█MNм█Lм▄MлммLNмл█NлнLNлL▄л▄б▄MлммL▌мл█Nл█▌мл▄лб▄MлммM▌мл█нмL▌л▄лL▄MлммMнмл█нммNмMLмб▄MлммLмлмнл▌▌лM▄н▄MлммLNмлмнлнMнллмB▄MлммL▌млмнн▄NнLл█B▄MлммLнмлмнл▄NнLл▌▄MлммMмлмнмLлнLлмB▄MлммL▌ммNлNннLл█B▄MлммLLммLNл▌Mнм▄л▄▄MлммLнмм▄лLнл▄лмB▄MлммLнNмм▄м█▄Nм▌Lл▄б▄MлммN▌ммлннLнлMллLB▄MлммNнмммл▌млл▄B▄MлммNмммл▌млл▄B▄MлммNNмммм██▌нL▄л▌▄Mлмм▄нмнNннм▄лLб▄Mлмм▄мнNмл▌мL▄лл┌▄Mлмм▄NмнNмл▌мL▄лл┌▄Mлмм▄▌мнNнмлл█B▄Mлмм█LNмнLNлM▌лLLл█▄Mлмм█L▌мнLNмлM▄лM┌▄Mлмм█LнмнLNлM▌лLLл█▄Mлмм█MмнLNмлM▄лM┌▄Mлмм▌M▌мнNNммNлнл▌B▄Mлмм▌MнмнNNммNлнл▌B▄Mлмм▌NмнNNлLлMлмB▄MлммлL▌млL█▌лLмлб▄MлммлLнммлM▌лNLл█┌▄MлммлMммлM▌лNLл█┌▄Mлммл▌мLм█▌NлмлнB▄Mлммл▌NмLл▄NNл█лн▄MлмммLNмM▌лLLл█лMB▄MлммнMм█ннннл┌▄MлмнLнмлнм▌мMLм┌▄MлмнMмлннNLNлMмB▄MлмнMнммNм▄Nл▄лMB▄Mлмнл▌мнNл▄LNм█м▄MлмнLмNлм▄л▄л█▄MлмнLNмNлм▄л▄л█▄MлмнL▌мNмлнлLB▄MлмнLнмNнLлLл█B▄MлмнMмNлмNллм▄MлмнL█Nм▄NлLLмLLллB▄MлмнL█▌м▄Nл▌NNмнB▄MлмнNLNм▌ллM▌л▄л█B▄MлмнNNмNл█нлLб▄MлмнNNNмNлннLлLB▄MлнмNл█лNм▄лMB▄MлннмнмMл▌нLлн▄MлнмнмLнNлL▄л█┌▄MлнNмнмMл▌нLлн▄Mлн▌мнмLнNлL▄л█┌▄Mлннмл█L▌мLл█B▄Mлнмл█нNл▄▄лм▄MлнNммMNлLлLB▄MлнLмлLNл▄лNB▄MлнLNммMNлLлLB▄MлнL▌млLNл▄лNB▄MлнмNмMнлL▄NлLлMб▄Mлнм▌мMнлL▄NлLлMб▄MлнмнмNл█Nлллм▄MлннмNмMNл▌л▄▄MлнNмLнлLLNмLллл▄MлнNNмLнлLNлML▄лB▄MлнлнмLнм▌NNлLLл▌▄MлнммLнлLLNлLл█┌▄MлнмNмLнлLLNлLл█┌▄Mлнм▌мLнмнL▌нLлNB▄MлнмнмLнмлнNмлмб▄MлнLNмLMNмл▄млLлMб▄MлнM▄▌мLл▌мLNл█лл┌▄MлнM▄нмLл▌мLNл█лл┌▄MлнM█мLл▌лLнм▄▄лл▄Mлн▄ммMLлMLNмлLлL▄Mлн▄мNмMLмMNнллб▄Mлн▄м▌мMLм█L▌мLлнB▄MлнлLNмMлмнMнмн▄MлнлL▌мMлмнMнмн▄MлнлLнмMлмLлMнB▄Mлнл▄нмMмлLл▄лMб▄Mлнл█мMмл█LNмLлMб▄MлнлнмMнм▄█▌ммB▄MлнлнNмMнм▄█▌ммB▄MлнммMнм█NNмNLл▌B▄Mлнм▌мNнлнлLлл▄┌▄MлнмнмNнлнлLлл▄┌▄MлнммNмM▄NлMLлB▄MлнмнNмNNлLLNмлнB▄MлннмNNлLLNмлнB▄MлннNмNLнNм▄лMб▄MлннMнмNMннNлNLлM▄MлннNмNMннNлNLлM▄MлнL▌м▄лмNллллB▄MлнLнм▄лмNллллB▄MлнMм▄мMLNл█Lм┌▄MлнNNм▄▌н▄▌мллмB▄Mлнлм▄Nм▌лLм▄MлннNм▄л▄LNм█лL┌▄Mлнм▄лмлL█Lм┌▄MлнMм▄▄▌л█▄NлLн▄MлнMNм▄▄▌ллNл▄мб▄MлнM▌м▄▄▌ллNл▄мб▄MлнMнм▄▄▌л█NнLлл┌▄MлнLMNм▄▌NмMNлLм▄MлнLM▌м▄▌NлL█млм▄MлнLлм▄млLM▌лм▄лLB▄MлнMLNм█лмMNл▄л▄▄MлнML▌м█мл▌мL▄л▄B▄Mлн██▌м█▌Nмнм▄н▄Mлн██нм█▌Nм█нLLлNB▄Mлнлмнм▌мM█Nл▄лл▌▄Mлнлнм▌млLNнлB▄MлнлнNм▌млLNнлB▄Mлнмм▌м▄NNл▄Lл█B▄MлнмNм▌мM█нл█ллм┌▄Mлнм▄Nм▌MNмNлLLлмB▄MлннNмлнл██м▄л▌▄MлннNNмлннMнл▌LлB▄MлнмлннMнл▌LлB▄Mлн▌млNлLм▌млн▄MлннмлNлN▌нLл▄б▄MлнмлNнMлMллMB▄MлнNмлNлN▌нLл▄б▄MлнLмлNнMлMллMB▄MлнLNмлNнM▌NлMLллб▄MлнMNмлLнлмNл▄лM┌▄MлнM▌млLнмMNлNлLB▄Mлнм▌мл▄нмNлLллL┌▄Mлнмнмл▄лLнNлLLлмB▄Mлннмл▄лLнNлLLлмB▄MлннNмл▄мнмлмб▄Mлнмл▄▌нLLл▌лл▄MлнNмл▄▌м█▌мл▄лB▄Mлн▌мл▄▌м▌нл▄б▄MлнL▌мл█▌лLL█▌ллLл█б▄Mлнл▌мллм▌LNмLл▄б▄Mлнлнмллм▌LNмLл▄б▄MлннNмллнлLNлML▄лн▄MлнмллнлNлLLлL▄MлнNмллнн▄мLл▌B▄Mлн▌мллнлNлLLлL▄Mлннмллнн▄мLл▌B▄MлнLMммNм▄▄▌мLлLB▄MлнL▄нммNлM█NмлL▄MлнL█ммNлLмлMлл▄▄MлнNNмм▄нмлLнмNлLB▄MлнN▌мм▄ннMMнл█лл█б▄MлнNнмм▄нмлLнмNлLB▄MлнNмм▄ннMMнл█лл█б▄MлнNNмм▄нмL▌лNNLл▌B▄MлнNLмм█ллммл█B▄MлнNLNмм█лмнмллLB▄MлнNL▌мм█ммMNмлMB▄MлнNLнмм█л█мл▄ллл┌▄MлнNMмм█ммMNмлMB▄MлнNMNмм█л█мл▄ллл┌▄MлнNM▌мм█лM▄нмLл┌▄MлнLL▌мм▌Nл▄нLлMB▄MлнLLнмм▌NлL█▌лLмB▄MлнLMмм▌Nм█▌мл▄лL┌▄MлнLNмнм██▌нL▄лб▄MлнL▌мнмMмNмллMB▄MлнLнмнлLмлMлл▄┌▄MлнLмнлLмлMлл▄┌▄MлнLNмнл▄нн▄л┌▄MлнLнмнLннMNмлллб▄MлнLмнLнмLNммLл█▄MлнLNмнLнмLNммLл█▄MлнLLмнLнлLMлм▄лб▄MлнLLNмнM▌лL█Nм▄▄лм▄MлнLL▌мнM▌лL█Nм▄▄лм▄MлнLLнмнM▌м▌NнмB▄MлнLL▄м▌л█NNмл▄б▄MлнLL▄Nм▌млмLл▄B▄MлнLL▄▌м▌нLL▌лл▄лб▄MлнLL▄нм▌нLL▌лл▄лб▄MлнLL█м▌л▄нLлMB▄MлнLLмNм▌м▄▌мM▄мB▄MлнLLм▌м▌лL█млл▄MлнLLмнм▌м▄▌мM▄мB▄MлнLLнм▌лL█млл▄MлнLLнNмнммMNмм▄MлнLMмLNлLмNмлM┌▄MлнLMNмLNмNллл█б▄MлнL▄Nм█лLLмл▄лL┌▄MлнL█▌мм▌ммлллл▄б▄MлнL█нмм▌ммлллл▄б▄MлнL█L▌мнNллмнлLLлм┌▄MлнL█LнмнNллмнлLLлм┌▄MлнL█MмнNнLллLлнB▄MлнL█MNмнNн▌л▄▄лLB▄MлнL█M▌мнNм█Lм▄▄л█▄MлнL█нмNлLNNлм▄л▄┌▄MлнL█нNмNнNNлл▄лм┌▄MлнL▌MнмLл█▌мллн▄MлнL▌NмLNл▄█▌мл█▄MлнL▌NNмLNнLнм▄лMB▄MлнLлмLNл▄█▌мл█▄MлнLлNмLNнLнм▄лMB▄MлнLл▌мLNмMнм█ллMб▄MлнLлнмLNмл█лL█Lмб▄MлнLлнмMл█▄мLм▄MлнLлмMл█▄мLм▄MлнLлNмMлм█лL▄л▄▄MлнLммм█▌лNлллM▄MлнLммNм█нлLNNммLлмB▄MлнMNммл▌лLн▄MлнM▌ммлL█нлM█▄л▄▄MлнMнммлмLл▄л█B▄MлнMммммMNмлMб▄MлнMNмм▌мNл▄л┌▄MлнM▄нмл▄нлLллLб▄MлнMмнл▄▄Nм▄▄м▄MлнMNмнл▄▄Nм▄▄м▄MлнM▌мнлLммLлB▄MлнMLNмLмNлLLлMб▄MлнML▌мLмнNм▄лN▄MлнMLнмLмнNм▄лN▄MлнML█▌мL▌м▌NмLл▄б▄MлнML█нмL▌нNнл▌нB▄MлнMLл▌мLNлLNм▄лB▄MлнMLлнмLNлLмнлMLм┌▄MлнMLммLNм▄M▌лL▄Lлм▄MлнMLмNмLNл█NнLл▌B▄MлнMMнNмL▄NлLмNмл█▄MлнMNмL▄▌нLL▌лл▄лнB▄MлнMNNмL▄▌н▄мLлл┌▄MлнMN▌мL▄ннLLнл▄ллб▄MлнMNнмL▄нм▄ммл▄н▄MлнMNмL▄нлM▌млLм┌▄MлнM▄нмLллL▌Nмлм▄MлнM▄лмLнлLMнм▌лм▄MлнM▄лNмLнлLMнм▌лм▄MлнM█л▌мMннMнл▌л▌▄MлнM█лнмMннMнл▌л▌▄MлнMл█NмM▄NмNNл▄▄ллB▄MлнMл█▌мM▄NмNNл▄▄ллB▄MлнMл█нмM▄▌мнл▄Lл┌▄MлнMл▌мM▄▌м█NлMLнB▄MлнMл▌NмM▄▌м▄NлLлн▄MлнMллмM▄▌л█мNнл▄┌▄MлнMллNмM▄▌м▄NлLлн▄MлнMлл▌мM▄▌л█мNнл▄┌▄MлнMллнмM▄▌млM▌лNLлмB▄MлнMлммM▄▌нMлнлM▄лN▄MлнMммM▌н▄▌л█лм┌▄MлнMнNмMмнлMмнмнLллB▄MлнMн▌мMмнлл▄нмллB▄MлнMннмMнм█▄м█LлнB▄MлнMнмMнмнл▄Lм┌▄MлнNLнмNNммM▌мLлN▄MлнNNNмNннLлNмлл┌▄MлнN▄мNнмLM▌л▌лLб▄MлнN▄NмNнмLM▌л▌лLб▄MлнN█нмNL▌млLNнлN▄MлнNLмLNл█нNл▄▄лL▄MлнNLNмLNм▌LNмLл┌▄MлнNL▌мLNм█NNмNLн▄MлнNLнмLNлLM▌м▄л┌▄MлнNMмL▌ммнм▄л▌B▄MлнNMNмLннLлLлMб▄MлнNM▌мLннLлLлMб▄MлнN█мLNмнL▌нLлNB▄MлнN█NмLNн▄нлMл┌▄MлнN█▌мLNн▄нлMл┌▄MлнN█нмLNмлLлMLлб▄MлнNлмLнм▌лLл█B▄MлнNлNмLнмнлMл▄▄MлнNл▌мLнм▌лLл█B▄MлнNлнмLнмнлMл▄▄MлнNммLнмннмлмб▄MлнNмNмLннLлнл▄лLб▄MлнNм▌мLнм█▄▌м▄лл▌B▄MлнNмнмLнлLNNммLллб▄MлнNLNмLL▌лLмнлLллMб▄MлнNL▌мLL▌ллл▄лL▄MлнNLнмLLнм▄Lнмллл▄MлнNLмLLннNмллн▄MлнNLNмLLнлLмNлLнLлL▄MлнNLNмLM▌лM▄▌мMл▄┌▄MлнNL▄NмL▄м▄м▌ллллMB▄MлнNL▄▌мL▄н▌л▄ллл┌▄MлнNL▄нмL▄н▌л▄ллл┌▄MлнNL█мL▄лмNNл▄л▄B▄MлнNLмнмL█Nм▄лннL▄лб▄MлнNLнмL█Nм▌лM▄л█б▄MмLмLLNмл▌мL▄н▄MмLNмLLNмL█нлнLм▄MмL▌мLLNмL█нлнLм▄MмLнмLLNм▌M▌мLлM┌▄MмMмLLNм▄мNлллM┌▄MмLнмL█м█ллл█B▄MмM█нмLннNнлл▄MмM▌мLнл█л▄нB▄MмM▌NмLннNнлл▄MмMлмLнл█л▄нB▄MмMлNмLнмL█лLLлM┌▄MмNNмLнмнNм▄мB▄Mм▄NмL▌лнмлл┌▄Mм▄▌мL▌лнмлл┌▄Mм▄нмL▌нL█нмLлM┌▄Mм▄NмLммммлL┌▄Mм▄LмLлннLлмB▄Mм▄▄▌мLLнлл▄NмнB▄Mм██NмLLNлLл▄лM▄Mм██▌мLLNм▄▄▌мLн▄Mм██нмLLNл▄LNм█лм┌▄MмлNмLLMNмнNNм▄лM▄Mмл▌мLLMNмнNNм▄лM▄MмлнмLLMNл▄█▌млнB▄MммNмLL█▌мN▌лLлн▄MммLмLL█▌н▄нлLлл▄б▄MммLNмLL█▌мN▌лLлн▄MммL▌мLL█▌н▄нлLлл▄б▄MммLнмLL█▌ммNллл█B▄MммMмLL█▌мL▌NлLл▌▄MмммNмLLммл█лL█Lм▄MмнMNмLMмNLллLл█┌▄MммнмLMLнлLNмLм┌▄MмнмLMLнлLNмLм┌▄MмнNмLMLнлLM▌ммLлM▄MмLNмLMM▌мнLNм▄лнB▄MмL▌мLMM▌лнNмлL▄MмL▌мLM▌л█NNмм▄MмLLмLMмлLLнлNл┌▄MмLм▌мLNNллMNл▄м▄MмLмнмLNNн▌л▄ллM▄MмLнмLNNн█нллмб▄MмMMмLNNлL▄Nлм▄лB▄MмMMNмLNNлл▌мллLб▄MмM▄▌мLNнмлM▌лNLл┌▄MмM▄нмLNнмлM▌лNLл┌▄MмMм▌мLNL▌н▌мLл█┌▄MмMмнмLNL▌мLLлL▄лMB▄MмN▌мLNMNнмлLлл█б▄Mм▄NмL▄NлL▌л▄▄л▄б▄Mм▄NNмL▄Nм▌Nл▄лMB▄Mм▄█мL▄NлNMллл▄▄Mм▄лNмL▄LNлL▌NлMLлл▄Mм▄л▌мL▄LNл▌▌лM▄лMB▄Mм█LмL▄NNлL▄▌л▄лм┌▄Mм█LNмL▄NNлL▄▌л▄лм┌▄Mм█▄мL▄▄▌лL▄NлLм┌▄Mм█▄NмL▄▄▌л█нмл▄лM▄Mм█л▌мL▄█ннNмллмб▄Mм█лнмL▄█нлLлнлMLллB▄Mм█ммL▄█нлLлнлMLллB▄Mм█мNмL▄█нлLLнлMNLлM▄Mм█м▌мL▄█нмNнLлMB▄Mм█мнмL▄█нлLL▌мLлLB▄Mм█нмL▄█нм▄▌лLLл▄B▄Mмл▌мL▄мNммL▌млллб▄MмлнмL▄мNлнLлL▄л▄▄MмлмL▄м▌нLллLлMб▄MмлNмL▄м▌л▄█▌мл┌▄MмллNмL█м▌мMLмB▄Mмлл▌мL█м▌мMLмB▄MмллнмL█м▌NлмLмB▄MмлммL█лм█лL▄нB▄MммNNмL█NллмNм▄лб▄Mмм▄мL█Lмнл▄LмB▄MммлNмL█MNнNLм▄▄лL▄Mммл▌мL█MNмLл▌лLLлмб▄MмMмL██нлMNмллB▄MмMNмL██нлLл▌лLлB▄MмM▌мL██нлMNмллB▄MмMнмL██нлLл▌лLлB▄MмNмL██нл█лнлNLл█▄MмNNмL██нлLLL▌мLлл┌▄MмлнмL█лнммL▌млл▄B▄MмммL█лннMLNнLлмб▄MммNмL█лннMLNнLлмб▄Mм▄▌мL▌мл█нлмллм┌▄Mм▄нмL▌мл█нлмллм┌▄Mм█мL▌лLNмлм┌▄Mм█NмL▌NлM▄▌мMм▄Mм█▌мL▌Nм▄▌мM▄лнB▄Mм█нмL▌Nм▄Lнллб▄Mм▌мL▌NлM▄▌мMм▄Mм▌NмL▌Nм▄▌мM▄лнB▄MмлмL▌Nм▄Lнллб▄MмлNмL▌Nм▌нNLл▄┌▄Mмл▌мL▌NлLL▄лмLм▄MмнмL▌нлNM▌лLLм┌▄MмнNмL▌нлNM▌лLLм┌▄MмLNмL▌Lлнм▄лмB▄MмLLмL▌Lмм▌лNLл▄B▄MмMмL▌M▌лLлнлMLл▄┌▄MмMNмL▌M▌лLлнлMLл▄┌▄MмMLNмL▌NNлMMлнлл┌▄MмML▌мL▌NNм▄▌мM▄л█б▄MмMлNмLлннмLлB▄MмMл▌мLлнMMлLLмB▄MмNNмLлLнлм▄л▄лмB▄MмN▌мLлLнлм▄л▄лмB▄MмNнмLлLнмMMNлLLлмб▄MмNмLлLннммLл▄┌▄MмL▄▌мLл▄▌мM▌лLл┌▄MмL▄нмLл▄▌лLл▌лLл▄б▄MмL█мLл▄▌лнM▌мLмB▄MмL█NмLл▄▌лLл▌лLл▄б▄MмL█▌мLл▄▌лнM▌мLмB▄MмL█нмLл▄▌нNм▄л█┌▄MмL▌мLл▄ннMMNмлLб▄MмL▌NмLл▄нмNMл█▄ллLB▄MмLлмLл▄нмLNл█лллб▄MмLмнмLл▌лMнлL▄л▄┌▄MмLнмLл▌лLMNнNLлл┌▄MмLнNмLл▌нNMм▄лM▄MмLмLл▌лLMNнNLлл┌▄MмLNмLл▌нNMм▄лM▄MмL▌мLл▌млMлLLлб▄MмL▄NмLлл▌нMNмлLB▄MмL▄▌мLлл▌млMNлLLлм▄MмLL▄мLмL▌нM▌NлMLлLB▄MмLL▄NмLмL▌нM▌NлMLлLB▄MмLLнNмLмMнн▌л▄LлL▄MмLMNмLм▄▌н▄млллб▄MмLMLмLм▄нллNм▄лM▄MмLMм▌мLмл▌лLнLл▄B▄MмLN▌мLмм▌мм▌лNLлMб▄MмLNнмLмм▌лLлл█▄л▄B▄MмLNмLммнл▌нлLлмB▄MмLNNмLммнммнм┌▄MмL▄NмLнNлM█Nммб▄MмL▄▌мLнNлM█Nммб▄MмL▄нмLнNлмнмм┌▄MмL▄нмLнNмллNл█▄мB▄MмL▄мLнNмллNл█▄мB▄MмL▄NмLнNмL▄нлMLл█▄MмL▄LмLн▌лLNммLл█б▄MмL▄LNмLн▌н▌лллNB▄MмL█NмLнLнллNнLлN▄MмL█▌мLнLнл▄█нмLл▌▄MмL█нмLнLнл▄█нмLл▌▄MмL█мLнLнлL▌ммLлNB▄MмL█NмLнMл██Nм▄л█▄MмL█▌мLнMнNNлMLл█B▄MмL█нмLнMNмNнNLл█▄MмL▌нмM▌нL▌мLлн▄MмLмнмM█лMмнмнLл▄B▄MмLммM█м█л▄лл█▄MмLмNмM█лLM▌лMLм▄MмLм▌мM█ммNNмLлм┌▄MмLмнмM█л▄мнм▄лMB▄MмLммM█лLM▌лMLм▄MмLмNмM█ммNNмLлм┌▄MмLмLмM█л▄мнм▄лMB▄MмLмLNмM█л█▌Nм▄лB▄MмLмL▌мM█лLLл▌лNLмB▄MмLм▄NмM█нллмнлLLлM┌▄MмLм▄▌мM█нмM▄нл▄ллNB▄MмLнLNмMмнлNм▄лнB▄MмMNмMнNмLNл▌лLб▄MмMLмMнNллNмлл▌B▄MмMLNмMнNмLNл▌лLб▄MмML▌мMнNллNмлл▌B▄MмMLнмMнNлм▌лллLб▄MмM▄NмMMмLмлL▄н▄MмM▄▌мMMмLмлL▄н▄MмM▄нмMMNлл█NмлL┌▄MмMнмM▄Nм▄Nл▌LлLб▄MмMLNмM█NлL▌лNLлN▄MмML▌мM█Nл▄NнLлM┌▄MмMLнмM█Nл▄мллб▄MмMLмM█NмлMлм┌▄MмMLNмM█▌л██нм▄лN▄MмMLLмM█▌мLнл▄▄лмB▄MмMLLNмM█▌л██нм▄лN▄MмMLL▌мM█▌мLнл▄▄лмB▄MмMLLнмM█▌нNлл▄л█▄MмMLMмM█▌нмNмLл▄B▄MмMMнмMм▌мL█NлмLл▄▄MмMM█мMNмнмLл▌B▄MмMM█NмMNлLMNлм▄л█┌▄MмMNNмMнмллмLмB▄MмMNMмMLNмLнлNLлNB▄MмM▄LNмMMнмNнл▄B▄MмM▄L▌мMMнлLNллллм┌▄MмM▄м▌мMLнлNнLлM┌▄MмM▄мнмMLнм▄нмLл█┌▄MмM█▄нмMLMлLлL▄лн▄MмM██мMLMм▌NлмлмB▄MмM██NмMLMм▌NлмлмB▄MмMлNNмMLлл█LнлLлL▄MмMл▄мMLлNлLMNлм▄лN▄MмMл▄NмMLлNнNмлB▄MмMм▌мMM▌мл▌л▄лB▄MмMм▌NмMM▌мл▌л▄лB▄MмMмлмMM▌лLLл▌лNLл█B▄MмMмлNмMM▌л▌M▌ллLм▄MмMмнNмMMNлм▄▌л█LлB▄MмMнмMMNнNMм▄л▌▄MмN▄▌мMMMNл█л▌нLн▄MмN▄нмMMMNлмнмлнB▄MмN█мMMMNлмнмлнB▄MмN█NмMMM▌мLLннмB▄MмN█▌мMMM▌нMлNлLлMB▄MмNмMM▄▌лLл▌лLлLб▄MмNNмMM▄▌лLл▌лLлLб▄MмN▌мMM▄▌нL▌мLмB▄MмNнмMM▄нмнмллл▄MмNмMM▄нлMммнLлN▄MмN█▌мMMлNлLллM█лB▄MмN█нмMMлNлLллM█лB▄MмN▌мMMлNмMлMLл┌▄MмNнNмMMмNллммм┌▄MмNмMMмNнмNмLлN▄MмNNмMMмNнмNмLлN▄MмN▌мMMм▌л▄Nл█LллB▄MмNнмMMм▌мNнNLлн▄MмNмMMм▌мNнNLлн▄MмNNмMMм▌л▄Nл█LлLB▄MмNL▌мMNм█▌мм┌▄MмNL▄нмMNлLLNNлмLлN▄MмNL█мMNлNM▌лLLл█б▄MмNL█NмMNлLLNNлмLм┌▄MмNL█▌мMNлNM▌лLLл█б▄MмNL█нмMNлLLNNлмLм┌▄MмNL▌мMNлMм▌м▌LмB▄MмNMмMNL▌ммлнммB▄MмNMNмMNL▌ммлнммB▄MмNM▌мMNLннM▄нлNLнB▄MмNMнмMNLннM▄нлNLнB▄MмNMмMNLнлN▌нLл█┌▄MмNMNмMNMNл▄л▌л▄л█▄MмNM▌мMNMNл█ннLлLб▄MмNMнмMNMNл▄л▌л▄л█▄MмNMмMNMNл█ннLлLб▄MмNMNмMNMNмл█нлмлл▄б▄MмNMлмM▄нмL▌NлLл█B▄MмNMл▌мM▄Nл▌NNмл▄▄MмNNLмM▄LNмLлM▄нB▄MмNNLNмM▄LNмLлM▄нB▄MмNNL▌мM▄LNм▄NNл▄Lмб▄Mм▄нмM▄LннLNл▄▄лL▄Mм▄мM▄LнлL█NлM█лB▄Mм▄NмM▄LннLNл▄▄лL▄Mм▄▌мM▄LнлL█NлM█лB▄Mм▄▌мM▄NNм██лMл▄▄Mм▄▌NмM▄NNм██лMл▄▄Mм▄▄нмM▄▌л█▌млллб▄Mм▄█мM▄▌лнLлL▄м▄Mм▄█NмM▄▌лнLлL▄м▄Mм▄█▌мM▄▌мMM▌мLлB▄Mм▄▌мM▄лнл██Nм▄лMB▄Mм▄LNмM▄м▌л█NмллM▄Mм▄L▌мM▄м▌мNлLLлм┌▄Mм▄LнмM▄м▌м██▌нL▄лл▄Mм▄LнNмM█▌м▌NлмLлL▄Mм▄MмM█▌мM▌л▄ллB▄Mм▄MNмM█мнLлMB▄Mм▄M▌мM█мнLлMB▄Mм▄MмM█LNл█▄мLм▄Mм▄▄мM█▄▌м▌MмLлм┌▄Mм▄▄NмM█▄▌лLL█NмLлмB▄Mм▄▄▌мM█▄▌млNл▌Lм┌▄Mм▄▄MнмM██нмLLннллB▄Mм▄▄NмM██нлнLNлL▄лм▄Mм▄▄NNмM██нллл▄лм┌▄Mм▄▄▄мM██нм▄█нмNнB▄Mм▄██нмM▌нлLL▌NлNLл┌▄Mм▄█ммM▌ммммнB▄Mм▄█мNмM▌NмнNмMLлL▄Mм▄█м▌мM▌LнLлLлLB▄Mм▄█мнмM▌LнLлLлLB▄Mм▄лнмM▌NлLNмLл▄┌▄Mм▄лмM▌NлLNмLл▄┌▄Mм▄лNмM▌NNлLL█NмLллM┌▄Mм▄л▌мM▌NNлLL█NмLллM┌▄Mм▄л▄мMлNл▌лLллмб▄Mм▄л▄NмMлNм▌нлMлM▄Mм▄л▄▌мMлNлL▌л▄Lлн▄Mм▄л▄нмMлNл▌Mнм▄л▌▄Mм▄м▄мMлM▌ллMнл▄ллб▄Mм▄м▄NмMлM▌ллMнл▄ллб▄Mм▄м▄▌мMлMнмMLNл█Lлл▄Mм▄м▄нмMлNнNNлMLлн▄Mм▄м█мMлNNлл▌NмлL▄Mм▄м█NмMлNNммNлNLллб▄Mм▄м█▌мMлNNммNлNLллб▄Mм▄мм▌мMл▄▌л▌▌нLл┌▄Mм▄ммнмMл▄▌л▌▌нLл┌▄Mм▄мнмMл▄▌м█LNмLлнB▄Mм▄мнNмMл▄▌мNлLLлLB▄Mм▄нмMл▄▌лLLLнмLлн▄Mм▄нNмMл▄▌млL▌лннB▄Mм█мMллNм█▄нмMLл▄┌▄Mм█NмMлл▌м▄NлLнB▄Mм█▌мMлмннл▄л▄▄Mм█нмMлммл▌Nл▌лMб▄Mм██мMммм▄NлLLлн▄Mм██NмMммм▄NлLLлн▄Mм██▌мMмл▄L▌нLм┌▄Mм██нмMмлL▄нлLллмб▄Mм█▌мMмNнL▄ннLлмб▄Mм█▌NмMмNм▌лLлм┌▄Mм█мNмMмNмнL▌нLнB▄Mм█м▌мMмNнMнлMLл▄б▄Mм█LмMмNNл▄▄л█ллб▄Mм█LLнмMм█м▄лLмB▄Mм█LMмMм█мNNлLLл▄▄Mм█LMNмMм█NммнNлLлмб▄Mм█LM▌мMм█NлLLMнмллн▄Mм█LMнмMм█NлLMлм▄н▄Mм█LNмMм█▌лML▌м▄лл█▄Mм█L▌NмMмлNнLNлLнB▄Mм█LлмMмлNнNмлM┌▄Mм█LлNмMмлNнLNлLнB▄Mм█Lл▌мMмлNнNмлM┌▄Mм█MмMммнлммнмлн▄Mм█MNмMммнмNлL█LлN▄Mм█M▌мMммнммNлNLл█┌▄Mм█MнмMммнмNлL█LлN▄Mм█MмMммнммNлNLл█┌▄Mм█MNмMммнлNLнлLлн▄Mм█M▌мMмнмMNлLлмB▄Mм█MнмMмнмMNлLлмB▄Mм█ML▌мMнлL▄лNлл▄Mм█MLнмMнммлNм▄лLб▄Mм█M▄NмMн▌м█Lм▄▄лл▄Mм█M▄▌мMн▌мнNмLллB▄Mм█M▄нмMн▌лмNлллмB▄Mм█M█мMн▌мMNмMллM▄Mм█M█NмMн▌мMNмMллM▄Mм█M█▌мMн▌лнNNмLн▄Mм█M█нмMн▌мннNLл█┌▄Mм█MнNмMнNм█нлллL┌▄Mм█▄▌мMнLнлMллLл▄м┌▄Mм█▄нNмNNн▄мLлмб▄Mм██▌мNнм▌нлMл▌▄Mм██LмNNмнлL▄лмB▄Mм██LNмNNнNл▄лл▄б▄Mм█мMмNлнл▌NлNLлMб▄Mм█мMNмNлннLL▌лл▄мB▄Mм█мM▌мNлнм█Mм▄ллм┌▄Mм▌NмNNлLL█л█LлL┌▄Mм▌MнмNNмLлнлMл█▄Mм▌MLмNлLLNммLн▄Mм▌MLNмNл▌Nл▄▄л█┌▄Mм▌ML▌мNлLLNммLн▄Mм▌MLнмNл▌Nл▄▄л█┌▄Mм▌M▌NмNNлмM▌мм▄Mм▌MлмNNнмллLB▄Mм▌MлNмNNнL▌лLл┌▄Mм▌Mл▌мNLлLLл▌лNLм┌▄Mм▌MлнмNLнлнллл▄┌▄Mм▌NNмNLннLLл▌лN▄Mм▌N▌мNLнмLL▌лNLлM┌▄MмлM▌мNLнлLMNнNLллб▄MмлMнмNLнлнл▄л▄б▄MмлL▌мNLLNлM█▌млLм▄MмлL▄мNLлNннмн▄MмлL▄NмNLлNн▄▌л█ллN▄MмлL▄▌мNLлNнNлLлл▄▄MмлL▄нмNLлNн▄▌л█ллN▄MмлL█мNLлNнNлLлл▄▄MмлL█NмNLлNнNMNм▄лллB▄MмлM▄▌мNMNлнMнлллл┌▄MмлMммNMNмLNл▌лM▄MмлMмNмNMNмLNл▌лM▄MмлN▌мNMннMл█лL┌▄MмлNнмNMнлL▌NлLлLл█б▄MмлNмNMнлL▌NлLлLл█б▄MмлNNмNMнлLNллллN▄MмлN▌мNMнM▄▌лмлнB▄MмлNнмNMл▄█NлM▄лLб▄MмлNмNMл▄█NлM▄лLб▄MмлNNмNMм█нллмб▄MмлNLмNMм▄▌лLLм▄MмлNLNмNMNмннлм▄Mмл▄M▌мNMMнмLл▄лллB▄Mмл▄▄нмNMNNм█NлнLллB▄Mмл▄█мNMNNм█NлнLллB▄Mмл▄█NмNMNNмнL▌нLлM┌▄Mмл▄█▌мNM▄лMмMлMB▄Mмл█мNM█нLNл▄▄м▄Mмл█NмNM█NнNNмMлнB▄Mмл█MнмNM▌л█▄▌млм┌▄Mмл█NмNM▌нL▄NнLл█▄Mмл█л▌мNMмнMнл▌м┌▄Mмл█лнмNMмл█мнл█лL┌▄Mмл█ммNMмNлLMнлмLл█▄Mмл▌NмNMннMл▌лM▄л█┌▄Mмл▌LNмNNNмлл▌мLLл▄б▄Mмл▌L▌мNNNл██нм▄л█B▄Mмл▌LнмNNNнLм▄лM┌▄Mмл▌NмNNнммм▌м▄лм▄Mмл▌NNмNNнммм▌м▄лм▄MмлллнмNNL▌нNM▌лMллMб▄MмллммNNLнлLLMNл█LлMB▄MмлммNNMNмлLNнллB▄MмлмNмNNMNл▄NNл█лL▄MмлнL▌м▄LнN▌лмлл█б▄MмлнLнм▄LлL▄NлLлLB▄Mммнм▄MNнMNлM▄л┌▄Mммм▄MNл██Nм▄лNB▄MммNм▄MNл██Nм▄лNB▄MммNм▄█лLNNлNл▄б▄Mмм▌м▄█м█▌ллмб▄MммNNм▄нNлL▌л▄▄лL▄MммLм▄нNлL▌л▄▄лL▄MммLл▌м▄NммнNлLлл█┌▄MммLлнм▄NммнNлLлл█┌▄MммLмм▄Lлм▄▌л█LмB▄MммLмNм▄Lлм▄▌л█LмB▄MммMнм▄▄лL▄нлMлл█┌▄Mмм▄▌м▄мNнL█NлMллм▄Mмм█▌Nм▄Nл▄▄Nм▄▄м▄Mмм█лм▄Nл▄▄Nм▄▄м▄Mмм▌Lм▄Lнм▌нNLлN▄Mмм▌LNм▄Lнл█▄мLлM┌▄Mммлм▄NмMм▌ллLм┌▄MммлNм▄NмMNмMлл█┌▄Mммл▌м▄NмMNмMлл█┌▄Mммлнм▄Nм█NлллN▄Mмммм▄LнN▌лмллл┌▄MмммNм▄LлLMлMLлNB▄Mмммнм▄LLл▄▌лLнB▄MмммNNм▄LMлMнNLл█▄Mммм▄м▄LMлMнNLл█▄Mммм▄Nм▄LMнNм▄лл┌▄Mммм▄▌м▄LMл█▄мLлN▄Mмммл▌м▄LNмнNLлLб▄Mмммлнм▄LNм█▌мLлмб▄Mммммм▄LNлмNл▄ллB▄MммнMNм▄L█NммLнмл▄▄MммнM▌м▄L█NммLнмл▄▄MммнMнм▄L█NнNLнл█мB▄Mмнм▄L█нн▌нлб▄Mмн▌Nм▄LнмL▌лNLн▄Mмн▄нм▄MлLLNлLл▄б▄Mмн█м▄MмLLлL▄лм┌▄Mмн█Nм▄MнLLNл▄лнB▄Mмн█▌м▄MNл▄нлLллм┌▄Mмн█нм▄MNл██м▄лB▄Mмн▌м▄MNлLM▌м█лн▄Mмн▌Nм▄MNлMллLл▄ллB▄Mмнлм▄MNмNлLLн▄MмнLNм▄MMм█нллм▄MмнL▌м▄MMмLMNмм▄MмнLнм▄MMлLм▌млмб▄MмнMм▄MMнMнл▌LмB▄MмнMNм▄MMнмлл▄▄MмнM▌м▄MMлLM▌лMLнB▄MмнMнм▄MMлллнл▄лNB▄MмнL█нм▄M█м█NлMLлMB▄MмнMMм▄Mл▌л█мнл█ллB▄MмнMMNм▄Mл▌нMNмлM▄MмнMM▌м▄Mлнм█нмллM┌▄MмнMл▌м▄MмнлLLмл▄нB▄MмнMлнм▄MмнлмNл▄лм┌▄MмнMмм▄MмнлмNл▄лм┌▄MмнMмнм▄MнNлMнNлLм▄MмнMнм▄MнNмL▄▌лLLлMб▄MмнMнNм▄MнNмL▄▌лLLлMб▄MмнNм▄MнNмлNмллл┌▄Mм▄нм▄NLNмMNл▄мб▄Mм█м▄NLNнлLм┌▄Mм█Nм▄NLNнлLм┌▄Mм█▌м▄NLNм█нлллMб▄Mм█нм▄NLNл▌лLл▄B▄Mм▌м▄NLNммNлLллB▄MмNм▄▄мL█▌лLлмB▄Mм▌м▄▄м█нLLл▄┌▄Mмнм▄▄Nнл▌лMм┌▄Mмм▄▄Nнл▌лMм┌▄MмNм▄▄LлNNлллн▄MмMMм▄▄█▌лLм▌мм┌▄MмMMNм▄▄█▌мм▌мLлл┌▄MмNMм▄▄мNнMлнлM▄лL┌▄Mм▄Mм▄█▌лнLNлL▄лM┌▄Mм▄MNм▄█▌ллLнл▄л┌▄Mм▄M▌м▄█▌ллLнл▄л┌▄Mм▄Mнм▄█▌м█лнмLмб▄Mм▄Nм▄█▌мMнмлл┌▄Mм▄NNм▄█нлLл▄л▄б▄Mм▄█Nм▄█▌ллNмллнB▄Mм▄м▌м▄█LNмMнл▄лмб▄Mм█мм▄█▄нN▌лмлл▄▄Mм▌▌м▄██лLLннLлм▄Mм▌нм▄██лLLннLлм▄MмлMм▄█лNлLммLл┌▄MмлMNм▄█лNлLммLл┌▄MмлM▌м▄█лнллмNм▄ллб▄MмлMнм▄█лнллмNм▄ллб▄Mмм▌м▄▌мLLNлNлл┌▄Mммнм▄▌мLLNлNлл┌▄Mмм▌м▄▌мLMлLLмб▄Mмм▌Nм▄▌ммнмлллб▄Mммлм▄▌мнMNмллB▄MммлNм▄▌нML▌нNл▄▄MмнLNм▄▌LлMMнм█LмB▄MмнL▌м▄▌Lн▄NмллLB▄Mм▌м▄лнм▌NлмLлL▄MмL▌м▄лM▌нNLNлMл▄б▄MмLнм▄лM▌нNLNлMл▄б▄MмLMнм▄л▄▌нNMNм▄ллL┌▄MмLнNм▄л█▌лLLNлLлLB▄MмMм▄л█▌мMNNлMLл█▄MмMNм▄л█▌лM▄нмLл▌B▄MмM▌м▄л█▌лM▄нмLл▌B▄MмMнм▄л█▌м█NNмNLл█б▄Mм▄Nм▄лнNлмлNнлм▄Mм▄Lм▄лнNммMнлMлл▄┌▄Mм▄LNм▄лнNнLм▄мB▄Mм▄L▌м▄лнNммMнлMлл▄┌▄Mм▄Lнм▄лнNнLм▄мB▄Mм▄Mм▄лнNлм█Nл▄лM┌▄Mм▄MNм▄лнNмL█нлнLм▄Mм█нNм▄мNл▄█нмLн▄MммNм▄ммнмннNLм┌▄MммNм▄нлL▌нLм▄MммLм▄нлммнмллмб▄MммLNм▄ннM▌л█LлN▄MмNм▄нNNлL▌млл▄B▄MмNNм▄нNNнM▌лNл█┌▄Mмнм█MнM▄▌лмлл▌▄MмLнм█M▌нMмнлMLл█б▄MмNм█NлLLнлм▄лNB▄MмNNм█NлLLнлм▄лNB▄MмLм█Nл▌▌нLл▌▄MмLNм█NNмлнNмлL▄MмL▌м█NNлL█лMLлм┌▄MмLнм█NNлL█лMLлм┌▄MмLм█NNмNлLм▄MмLмNм██нмLNл█ллNB▄MмLм▌м██нмнNм▄м▄MмLмнм██нмL▌м▄лM┌▄MмNм█нм▌NNлLLм┌▄MмNNм█нлLLMлнл┌▄MмNNм█NмNLллLлм┌▄MмNLм█NмNLллLлм┌▄MмLNм██NлмMмLн▄MмLLм██NнLNлMLл┌▄MмLLNм██Nм▄лллмB▄MмLL▌м██NнLNлMLл┌▄MмLLнм██Nм▄лллмB▄MмLMм██NлMнлL▄лL▄MмLL▄Nм█лмннNLллб▄MмLL█нм█л▌ллNNл▄лн▄MмLL▌м█л▌мNNNнMллмб▄MмLLмнм█мNмлLNнм▄MмLLнм█мNнLнNл▌л█B▄MмLMм█мнн▄NнLмB▄MмLMNм█мнмM█нл█лл█┌▄MмLM▌м█мнмL▄NлMLлл▄MмLMнм█мннMнлMLлMB▄MмLMм█мннмнмлLB▄MмLMм█нNннNнн▄MмLM▄нм█лLнл▄▄нB▄MмLM█м█мLл▌л┌▄MмLM█Nм█нL▌лMл▄┌▄MмLM█▌м█лнMнлллNB▄MмLM█нм█лL▌лNLл▄┌▄MмLNNм█NнMLмлNB▄MмLNM▌м█LнмлNлMлллB▄MмLNMнм█MмNNлLLм┌▄MмL▄нм█M▌м▌Lл▄лн▄MмL▄м█M▌м█NNмNLмB▄MмL▄Nм█M▌нлнлллNB▄MмL▄▌м█M▌нлнлллNB▄MмL▄нм█Lм▄▄млMB▄MмL▄нNм█LNммлмLл█б▄MмL█м█LNлLM▌лMLлмB▄MмL█Nм█LLнLнл▄▄лб▄MмL█▌м█LLнLнл▄▄лб▄MмL█нм█LLлLL▌лллL┌▄MмL█лм█LM▌н█м▄лм┌▄MмL█м▌м█LNнLNм▄л█б▄MмL█мнм█LNннллм▄MмL█нм█LNннллм▄MмL█нNм█LNллм▌нл█б▄MмL▌м█LNлLнм▄▄лM▄MмL▌Nм█LNлLлNLллб▄MмLлLNм█L█▌лнM▌мLлL┌▄MмLлL▌м█L█▌ммм▌м▄лMб▄MмLлLнм█L█▌ммм▌м▄лMб▄MмLлMм█L█▌лмMнмл█B▄MмLлMNм█L█нлLлL▄лL▄MмLлM▌м█L█нлLнл▄▄лL▄MмLлMнм█L█ннNMнмллMB▄MмLлNм█L█ннNMнмллMB▄MмLлNNм█L▌лLLлNлM▄MмLл█нм█LлNм▌MмLмB▄MмLл▌м█LлNм▌MмLмB▄MмLл▌Nм█LлNл▄█NлM▄мб▄MмLллм█Lл▌мLMнл█ллм┌▄MмLллNм█Lл▌млNлMлллб▄MмLлл▌м█Lл▌мN▌лLлB▄MмLм▌Nм█M▌н█Nллл█б▄MмLмлм█M▌н█Nллл█б▄MмLмлNм█M▌ммMнлMллмB▄MмLмл▌м█MнлNMнлL▄н▄MмLмлнм█MнлNMнлL▄н▄MмM▌м█MNмMнмлл█▄MмM▌Nм█MNмMнмлл█▄MмMмNм█M▄мMмнмLл█б▄MмMм▌м█M▄мMмнмLл█б▄MмMмнм█M▄лL█нлM█▄лмб▄MмM█м█MлNлL▄лм▄лL┌▄MмMNNм█NNм█▄нмMLлл┌▄MмMLм█NNллM▌л▄м▄MмMLNм█NNллM▌л▄м▄MмML▌м█N▌мл▌лL▄л█б▄MмMLнм█N▌мл▌лL▄л█б▄MмMLм█N▌лLLмнлMлL┌▄MмML▌Nм█NNл█нм▄лLб▄MмMLлм█NNл█нм▄лLб▄MмMLлNм█NNмMNNлMLм┌▄MмMMм█NLNмLнлNLлм┌▄MмMMNм█NLNлLMлLллMб▄MмMM▌м█NLNмLнлNLлм┌▄MмMMнм█NLNлLMлLллMб▄MмMML▌м█NMннм▌мLлMB▄MмMMLнм█NNм█нллллл┌▄MмMMMм█NNм█нллллл┌▄MмMMMNм█NNлNLнлLлM▄MмMMM▌м█NNлLлNLн▄MмMM▄Nм█▄NмлнмнB▄MмMM▄▌м█▄NмлнмнB▄MмMNм█▄▌мннNLлл┌▄MмMNNм█▄▌м▄▄NлLLм▄MмMNLм█▄▌мннNLлл┌▄MмMNLNм█▄▌м▄▄NлLLм▄MмM▄лм█▄▄мLлMлмB▄MмM▄лNм█▄▄мLлMлмB▄MмM▄л▌м█▄▄мMнм█ллмB▄MмM▄лнм█▄▄лLнлLллN▄MмM▄мм█▄▄мMмнмLл█б▄MмM█Lм█▄█NнN▌л█ллLB▄MмM█лм█▄лнNлNLм▄MмM█лNм█▄лнNлNLм▄MмMллNм██л█▌мл▄м▄MмMлл▌м██Nл█мнл█лLB▄MмMлм▌м██нмм▌лNLлN▄MмMлнNм██LмннNLм▄MмMмм██LмннNLм▄MмMмMNм██LнммNNмLмB▄MмMмM▌м██LнлLлл█▄л▌B▄MмMмMнм██LнмLNл█лл▌B▄MмMм▌м██M▌мLнллл▌B▄MмMм▌Nм██M▌мLнллл▌B▄MмN▌м███NнL▌NлMллнB▄MмNнм███NлммлMLл▄▄MмNм███NнMм▄лнB▄MмNNм███NлммлMLл▄▄MмNLм███NнMм▄лнB▄MмNLNм███NмнMNмлмB▄MмNL▌м███▌м▌нNLм┌▄MмNNм██▌лM▌NлLлллM▄MмNNNм██▌лM▌NлLлллM▄MмN▄Nм██лмнNLл▄┌▄MмN▄▌м██лл█нNл▄▄л█┌▄MмN▄нм██лнLл▄▄л█б▄MмN█м██лл▄▌лLлл▌B▄MмN█Nм██лм▄MмMLлмб▄MмNм██нNммлNм▄л▌▄MмNNм██нNмл▌мL▄м┌▄MмN▌Nм█▌▌м█нLLллб▄MмNлм█▌▌м█нLLллб▄MмNлNм█▌▌м█▄▌м▄лл┌▄MмNL▌м█л▌л▄LNм█лM▄MмNL▌Nм█л▌мнNNм▄л▄▄Mм▄Nм█л▌NнM▄нлNLнB▄Mм▄▌м█л▌NнM▄нлNLнB▄Mм▄NNм█лмNлLL▄▌л▌лLB▄Mм▄▄м█лмNмLLннлмб▄Mм▄▄Nм█лмNлмNл▄нB▄Mм▄м█мL▌млNмллNB▄Mм▄Nм█мL▌н▌Nл█м▄Mм▄▌м█мL▌лллнл▄лMб▄Mм▄нм█мL▌мMнлM▄лб▄Mм▄L▌м█мMNлнM▌мLл▌▄Mм▄Lнм█мM▌лM█нн▄лM▄Mм▄Mм█мM▌лM█нн▄лM▄Mм▄LMнм█м▄нлLMлLллN▄Mм▄Mнм█млнNNлNLлмB▄Mм▄Mм█млм▌MмLл┌▄Mм▄M▄Nм█ммнLм▌мл█B▄Mм▄M▄▌м█мммMллMLл█┌▄Mм▄M▄нм█мммMллMLл█┌▄Mм▄M█м█мммM▌л▄лл▄Mм▄M█Nм█ммм█нLLлMб▄Mм▄M█▌м█ммлLMмMмб▄Mм▄Nм█ммнл█л▄лмB▄Mм▄NNм█ммнмMл█▄ллB▄Mм▄NL▌м█н▌лмLнл▄лLб▄Mм▄NMнм█нмлNмLл▄┌▄Mм▄NNм█нмлNлL▄ллб▄Mм▄NNNм█ннNм▄LнB▄Mм▄▄м█нлмNлллL▄Mм▄▄Nм█ннNм▄LнB▄Mм▄▄▌м█нлмNлллL▄Mм▄▄мм█нMмнлмLлLб▄Mм▄▄мNм█нMллNмлл▌B▄Mм▄▄мнм█нM▌м▌▌лнLнB▄Mм▄█▌м█нNNл▄нлLллL┌▄Mм▄█нм█нNNллLNлL▄лн▄Mм▄█м█нNNл▄нлLллL┌▄Mм▄█Nм█нNNллLNлL▄лн▄Mм▄█Lм▌нлM▄нмLн▄Mм▄█▌м▌нлMMлнл█┌▄Mм▄█▌Nм▌нлLл▌л█▄лмб▄Mм▄█лм▌нлMNмл▄B▄Mм▄█лNм▌нлMNмл▄B▄Mм▄█л▌м▌нмлм▌л▄лм┌▄Mм▄█лнм▌нл▄█лллM▄Mм▄█мм▌ннLLл▌лB▄Mм▄▌L▌м▌MлLL▄▌л▌л▄B▄Mм▄▌Lнм▌MNлLMлMLлNB▄Mм▄▌Mм▌MNлл▌л▄лMб▄Mм▄▌MNм▌MNлN▌лLллмб▄Mм▄▌M▌м▌MNлнMнллл▄▄Mм▄▌Mнм▌MNлл▌л▄лMб▄Mм▄▌Nм▌MNлN▌лLллмб▄Mм▄▌NNм▌MNлнMнллл▄▄Mм▄лм▌MNмNлM█Lл▌B▄Mм▄лNм▌NлLL▌лLлл▄б▄Mм▄лMNм▌▄NлLMлм▄л█┌▄Mм▄л▄м▌▄нм▄█▌мм┌▄Mм█LNм▌ннM▌л█LнB▄Mм█L▌м▌нм▌нлMлMб▄Mм█Lнм▌нм▌нлMлMб▄Mм█Mм▌нлLLллNLн▄Mм█MNм▌ннллл▌▄Mм█M▌м▌нм▄лллл█┌▄Mм█л▌м▌LNлM▄Nмлм┌▄Mм██▌м▌▄нNNлл▄лл┌▄Mм██нм▌▄нNL▌лMл▄B▄Mм█▌м▌▄л█м▌лLLлN▄Mм█▌м▌█ннLнл█LлLB▄Mм█нм▌█ннM▄нлNLн▄Mм█м▌█ннLнл█LлLB▄Mм█Nм▌█ннM▄нлNLн▄Mм█▌м▌█нмнл▄▄м▄Mм█Mм▌лнLнм▌ллб▄Mм█L█нм▌нл▄лNмлл▌▄Mм█L▌м▌нл█▌м▄лN▄Mм█L▌Nм▌нмM▌м█Lм▄Mм█Lмм▌л▄нн▄лB▄Mм█LмNм▌мLл▌лLLм▄Mм█Lм▌м▌л▄нн▄лB▄Mм█Lмнм▌мLл▌лLLм▄Mм█Lнм▌м▌лNлN▄Mм█LнNм▌л█нм▄лMб▄Mм█Mм▌м▌Nл▄Nл█▄лB▄Mм█Mмнм▌Nл▄Nл█▄лB▄Mм█▄нм▌M▌м█нLLлLB▄Mм█▄▌Nм▌LнмMNNлMLл█B▄Mм██м▌м▌LM▌лLM▌ммLлM┌▄Mм█мнм▌L▌NлNL▌лL▄л█B▄Mм█мм▌L▌NлннLл▄┌▄Mм█м▄Nм▌Lл▌мLNл▌лл▄Mм█м▄▌м▌Lл▌лL█нл▄лMб▄Mм█м▄нм▌Lл▌мLNл▌лл▄Mм█м█м▌Lл▌лL█нл▄лMб▄Mм█м█Nм▌Lл▌ммлмLл█▄Mм█мнNм▌Lм▌ннNнлб▄Mм▌Nм▌MNлNлLлм▄Mм▌Lм▌MNллNл▄л█б▄Mм▌LNм▌MNнLмнлLLм▄Mм▌L▌м▌MNллNл▄л█б▄Mм▌Lнм▌MNнLмнлLLм▄Mм▌Mнм▌Mнм▄M▌лL▄Lлб▄Mм▌Nм▌MмNлL▄л▌B▄Mм▌NNм▌Mл█LнлLлмB▄Mм▌▄нм▌MLмLMNмлл┌▄Mм▌█м▌MLмLL▌лNLлл┌▄Mм▌█Nм▌MLмMл▌нLлл▄Mм▌█▌м▌MLлмлмлL▄Mм▌█нм▌MLм█NлLллн▄Mм▌мNм▌MMмн▌млм┌▄Mм▌м▌м▌MMлNлллB▄Mм▌мнм▌MMлLнNмLллм┌▄Mм▌нм▌MMмM▌мMллB▄Mм▌▄м▌M▄м▄нмLлM┌▄Mм▌▄Nм▌M▄м█нллл█┌▄Mм▌▄▌м▌M▄м▄нмLлM┌▄Mм▌▄нм▌M▄м█нллл█┌▄Mм▌█м▌M▄NлLллM█лл┌▄Mм▌█Nм▌M▄▌н▄NнLмб▄Mм▌█▌м▌M▄▌н▄NнLмб▄Mм▌м▌м▌M█Nмн▌мллNB▄Mм▌мнм▌M█NмM▄нл▄ллMB▄Mм▌нм▌M█NмM▄нл▄ллMB▄Mм▌нNм▌M█Nм█нLLлLB▄Mм▌Lмнм▌MнNммL▌мллнB▄Mм▌Lнм▌NмMLлL▄лмб▄Mм▌LнNм▌NмMLлL▄лмб▄Mм▌Mм▌NнNLNлMлнB▄Mм▌MLм▌NнLлLл█┌▄Mм▌MLNм▌NNм█ллл█б▄Mм▌ML▌м▌NNлML▌м▄лмB▄Mм▌MLнм▌NNмMл▌нLмB▄Mм▌NNм▌NMмM▌нLлMB▄Mм▌NMNм▌NMнлLLнлм▄н▄Mм▌NM▌м▌NMнлLLнлм▄н▄MмлNмллMл█лMB▄MмлLмлннл▄мб▄MмлLNмлNнLNл▄▄лM┌▄MмлL▌млNмLл▄ллN▄MмлLнмлNнLNл▄▄лM┌▄MмлMмлNмLл▄ллN▄MмлMNмлNлM▌лLLлN▄MмлM▌млNннNLл▌▄MмлMнмлNнMNлL▄лб▄MмлNмлNлLMнлм▄лN▄Mмл█млнлML▌м▄лм┌▄Mмл█NмлнмNNлLLлM▄MмлM▌млMNлмMмLл▄▄MмлмNмл▄ннннлB▄Mмл█нмл█NмммNм▄л█B▄Mмл█мл█▌н▌млм┌▄Mмл█Nмл█▌лMнNLл┌▄Mмл█▌мл█▌н▌млм┌▄Mмл█нмл█▌лMнNLл┌▄Mмл█M▌мллнMNл▌лL┌▄Mмл█MнмллмLлNлLLл▄▄MмллNмлNлмL▌ллл█б▄Mмлл▌млNлмL▌ллл█б▄Mмллнмл▌лL█нлM█▄л▄▄Mмллмл▌млMл┌▄MмллNмл▌лL█нлM█▄л▄▄Mмлл▌мл▌млMл┌▄Mмллнмл▌мMLNл█Lлмб▄MмллMнмлм█ллмLлн▄Mмлм▌NмлNнM▄нлNLл█▄MммнмлLнL▄ннLллB▄MмммлLм▄M▌лL▄Lлм┌▄MммNмлLм█▄Nм▌LлнB▄Mмм▌млLм█▄Nм▌LлнB▄MммнмлLлM▄нмLл█┌▄MммLNмлLLлLLNNлмLнB▄MммL▌млLLлMллLл▄лб▄MммLнмлLLнMMNмл█▄Mмм█▌млLMNм▌Nлмллл▄Mмм█нмлLM▌лLNNлм▄лM▄MмммлL█нLл▄▄л▄▄MммLмлLммLлL█LлNB▄MммLNмлLмлмLнл▄м▄MммL▌млLмл▌MNл▄▄лн▄MммLнмлLмнLнлMллл▄MммLнмлLнNлLLннLллб▄MммL▄нмлM▌лLMлм▄нB▄MммLнмлMNлLLм▄▄лB▄MммM▌млML▌лM█лнлL┌▄MммMLNмлMMNнNнллN▄MммML▌млMMNнNнллN▄MммMLнмлMMNлLNNмLLлм┌▄MммMMмлMMNлNL▌лL▄лMB▄MммMMNмлMMNллнл▄мB▄MммMмNмлM▄Nм▄Nл▄LлM┌▄MммMм▌млM▄Nм▄Nл▄LлM┌▄MммMмнмлM▄▌ннлNLл▌▄MммMнмлM▄▌мм▄▌лLLлMB▄MммMнNмлM▄▌мм▄▌лLLлMB▄MммNмлM▄▌лLNNмLLл█B▄MммNNмлM▄▌нл▌м▄л▄B▄MммN▌млM▄▌нMMNмлмб▄MммNмлM█мMLNл█LлNB▄MммNNмлM█мMLNл█LлNB▄Mмм▄нмлMннLNм▄м┌▄Mмм▄нNмлMнл▄м▌м▄лн▄Mмм█млMннM▌лNл┌▄Mмм█NмлMнмNнлLл▄┌▄Mмм█▌млMннNм▄Lм┌▄Mмм█нмлMнмLнллл▌▄Mмм█млMнм▄нNлLллNB▄Mмм█NмлMнмлмнлллл┌▄Mмм█лнмлNм▄ллллM▄Mмм█ммлNм▄ллллM▄Mмм▌NмлNMNмлM▌лNLм┌▄Mмм▌NNмлNMNлL█▌л▄л▄▄MммлмлNMNмлM▌лNLм┌▄MммлNмлNMNлL█▌л▄л▄▄MмммлNмл▄L▌ллNмллн▄Mмммл▌мл▄L▌лм█Nл▄лл▄MммнMNмл▄Nм█LнмLлLB▄MммнM▌мл▄Nм█LнмLлLB▄MммнMнмл▄NнмлM┌▄MмнLNмл▄▄NлL▄NлMLлL▄Mмн█▌мл▄нNмL█▌лLлM┌▄Mмн█нмл▄нNм█лллNB▄Mмн▌мл▄нNм█лллNB▄Mмн▌Nмл▄нNлLNм▌LлM▄MмнMнмл█нMLнл▄лNB▄MмнNмл█лннм▄лM┌▄MмнNNмл█нMLнл▄лNB▄MмнLмл█лннм▄лM┌▄MмнM▌мл█▄млмLлN▄MмнMнмл█▄нLLNл▄лл▄MмнNLмл█лл▌MNл▄▄лL┌▄MмнNLNмл█лм█▌Nлмллб▄MмнNL▌мл█лм█▌Nлмллб▄MмнNмл▌нммMNмлLб▄Mммл▌нммMNмлLб▄Mммл▌Nмннм┌▄MмNмл▌NнML▌нNнB▄Mм▌мл▌NнML▌нNнB▄Mмнмл▌Nнннм┌▄Mмнмл▌NNлL▌нLм▄MмL▌мллNнLLл▌лб▄MмLнмллNн█▌млMB▄MмMмллNлLлLLLлмб▄MмMNмллNн█▌млMB▄MмM▌мллNлLлLLLлмб▄MмMMмллMнмлмLл▌B▄MмMMNмллNммLмLл▌B▄MмMM▌мллNм█▌Nлмллм┌▄MмMMнмллNмNM▌л▌MLлмб▄MмMNмллNм█▌Nлмллм┌▄MмMNNмллNмNM▌л▌MLлмб▄MмNNмлл█нлмLл▄лN▄MмNLмлл▌мMл▄лM┌▄MмNLNмлл▌мMл▄лM┌▄MмNL▌млл▌мNнNLллб▄Mм█л▌млмнNNл▌лм▄Mм█лнмлмм█лм▄ллB▄Mм█ммлмнMNлLLмB▄Mм█мNмлмнNNл▌лм▄Mм█м▌млмм█лм▄ллB▄Mм█мнмлмнMNлLLмB▄MмлMNмлмMннллMл▄B▄MмлM▌млмMннллMл▄B▄MмлMнмлмMнлL█NмлллB▄MммнNмлмлнM█лNLл█▄MмнмлмлмL▌л▄л▄б▄MммлмнлLMмMлL▄MмNмлмнNлM█NмлLB▄Mм▌млмнNмL█нлнLлн▄MммлнL▌нNMнмллMб▄Mм▌млнNNлMнлL▄лLб▄MмMнммNмNлM█Lл█B▄MмMммNмNлM█Lл█B▄MмMLNмм▄лннLн▄MмML▌мм▄нL▌лMнB▄MмMLнмм▄лннLн▄MмMMмм▄нL▌лMнB▄MмMMNмм▄м▌нл▌B▄MмMM▌мм▄нMл▌лM▄л▄B▄MмMMнмм▄Nм▄L▌мллмб▄MмNMNммлмNNлML▄л▌▄MмNM▌ммлмNNлML▄л▌▄MмNMнммллмлмл█B▄MмNNммлннлл┌▄Mм▄нммлнлMNмлMB▄Mм▄ммлнлMNмлMB▄Mм█ммNл█LNмLл█▄Mм██нммLNмNнNLлNB▄Mм█▌ммLNмNнNLлNB▄Mм█▌NммLNлLM▌лм▄лн▄Mмл▌ммNNннNнл▌B▄MмлнммNNннNнл▌B▄MмлммNNмLLлL▄л▄B▄MмлNммNNнMMнл█ллM▄Mмл▌мм▄нML▌нNлLб▄MмлMNмм█Nм▄нмLлн▄MмлM▌мм█Nм▄нмLлн▄MмлMнмм█Nм▌MмLлL▄MмлNмм█Nм▄NлLмB▄MммнNммNлLM▌ммLмB▄MмнммNлLMNлм▄лмб▄MмнM▌ммL▌мNL▌нMLл▄б▄MмнMнммL▌м▌лллнB▄Mм▄ммLNл█NнLлмB▄Mм▄NммLNл█Mл▄лM┌▄MммммLLнлмNл▄м┌▄MмNммLNмLл▄лл█▄MмLммLNмLл▄лл█▄MмLмммLлннллнB▄MмLмNммLлм██нм▌л█B▄MмLм▌ммLлм██нм▌л█B▄MмLмнммLлNлн▌м▄л▌B▄MмM▌NммM▌ммл▌млл▄MмLNNммMMNлM▄нмLлмб▄MмL▄ммMMNм▌лL▄л▄┌▄MмL▄NммMMNмлм▌л▄ллNB▄MмLLMNммNNнL▌мLл█┌▄MмLLM▌ммNNнL▌мLл█┌▄MмLLMнммNNлLLнNнлл▄MмLL█NммNнлM▄▌мMл▌▄MмLL█▌ммNнмL▄▌лLLлб▄MмLMнммNLNллнлLLл▌B▄MмLNNмм▄▌лл█млM┌▄MмL▄Lнмм▄L▌ннмLллб▄MмL█мм▄NNнNLNлMлL┌▄MмL█Nмм▄NNлLLNнлMB▄MмL█Nмм▄▄NлL▌млл▄б▄MмL█NNмм▄▄Nм█ллл█B▄MмL█▄мм▄▄NммMNммB▄MмL█▄Nмм▄▄Nм█ллл█B▄MмL█▄▌мм▄▄NммMNммB▄MмL█▄нмм▄▄NмнNLлM┌▄MмL██мм▄▄Nл▄L▌нLлL▄MмL█лмм▄█нL▄ннLм▄MмL▌▌мм▄▌мм▄NлLLлL┌▄MмLм▄▌мм█нMмLм▄MмLм▄нмм█нLнлMллм┌▄MмLм█мм█лMLNмлLлL▄MмLм█Nмм█нLнлMллм┌▄MмLм█▌мм█лMLNмлLлL▄MмLм█нмм█л▄▌мл▄мB▄MмLм▌мм█лм▌л▄лM┌▄MмLмм▌мм█LNлL█Nм▄▄мB▄MмMнмм█NлL▌NлMLл█B▄MмMмм█NмNлLLн▄MмMнNмм██NлLLнлNлм┌▄MмMмм██NлнLнммB▄MмMNмм██NлнLнммB▄MмM▌мм██Nм▌LNмLл█б▄MмMLNмм▌нл██м▄ллB▄MмMLLмм▌нлмMNл▄лмB▄MмMLLNмм▌нлмMNл▄лмB▄MмMLL▌мм▌нмнм▄лL▄MмMLLнмм▌нлNNнLм▄MмML▌Nмм▌Nл█м▄м▄MмMLлмм▌Nм▄█нмNлMб▄MмMLлNмм▌LлLнлML▄л▌▄MмMLл▌мм▌LлL█мм▄MмMLнмм▌L▌нLл▄▄лм▄MмMM▌мм▌Mнлл█▌млм┌▄MмM▄ммл▌мNNNнMллн▄MмM▄Nммл▌мNNNнMллн▄MмM▄MнммлNлLLNнлмб▄MмM▄NммлNмNл▄▄л▄┌▄MмM▄NNммлNмNл▄▄л▄┌▄MмM█NммлMлмнмллLб▄MмM█▌ммлMмML▌нLллL▄MмM█LнммлMнн▄мLлмб▄MмM█MммлMннM█лNLлмB▄MмM█MNммлMннм▌лNLнB▄MмM▌нммл▌л▄мNмллL▄MмM▌ммл▌мMм▌ллLлN▄MмM▌Nммл▌лл▌лL█Lн▄MмM▌Lммл▌лLNлLнLл▌▄MмM▌LNммл▌лл▌лL█Lн▄MмM▌L▌ммл▌лLNлLнLл▌▄MмM▌Lнммл▌м▄ммл▄л▄▄MмMл▄ммлмнмMлMLлLB▄MмMл▄NммлмнмNLллLл▄B▄MмMл▄▌ммлмнммнм▄лл▄MмMл▄нммлмнлLNмлл┌▄MмMл█ммлнннмLлM┌▄MмMл█Nммлнмл▄нлL█Lмб▄MмMм▄▌мммл▄LNм█м┌▄MмMмлмммLнNллм┌▄MмMмлNмммLнNллм┌▄MмMмл▌мммLлLLнлNлмб▄MмMмлнмммLм█нмлмB▄MмMмммммLм█▄м█Lл█┌▄MмMммNмммLл▄Nл█▄лMб▄MмN▌мммNNл▄лнлMллL▄MмNMнммм█NлL█Nмлм▄MмN▄ммм█ннNм▄LлL▄MмN▄Nммм█нлL▌мLлл▄MмN▄▌ммм█нмл▌л▄л▌▄MмN▄нммм█нм█▄м█Lл█B▄MмN█ммм█нлL▌мLлл▄MмN█Nммм█нмл▌л▄л▌▄MмN█▌ммм█нм█▄м█Lл█B▄MмN█нммм█нл▌MNл▄▄л┌▄MмNNNммммнлмнNмл▄B▄MмN▄ммммнлмнNмл▄B▄MмNммнNлMNлнл█B▄MмNNммнNмнNмMLм┌▄MмNNммнннл▄мB▄MмNLNммнLннммLлB▄MмNL▌ммнLнл█л▄м▄MмNL▄▌ммнMнлNLнлLлM┌▄MмNL▄нммнMнлNNNлLллL┌▄MмNLмNмн▌нLMнлNлB▄MмNLм▌мн▌лмLнл▄лLб▄MмNLмнмн▌лL▌лML▄л▄б▄MмNLнмн▌нLMнлNлB▄MмNLнNмн▌лмLнл▄лLб▄MмNMмн▌лL▌лML▄л▄б▄MмNMNмн▌м▄ннLLл▄б▄MмNM▌мнннLл█▄лнB▄MмNMнмннм▄Nл▄LлMB▄MмNMмнннLл█▄лнB▄MмNMNмннм▄Nл▄LлMB▄MмNM▌мннл▄Lммб▄MмNN▌мнM▌н█нлллMB▄MмNNнмнM▌л█▄мLл█▄MмNNмнM▌л█▄мLл█▄MмNNNмнM▌лLLмл▄мB▄MмNN▌мнM▌л█нм▄л█б▄MмNNнмнMнлмNл▄л▌▄MмNNмнMнм▄▌мLлM┌▄MмNNNмнMнм▄▌мLлM┌▄MмNNLмнMнллмNм▄лB▄MмNNNмн▄мLм▌л█л█б▄MмNNNNмн▄мLм▌л█л█б▄MмLLNмн█мNNл▄▄лLб▄MмLL▌мн█мNл▄▄н▄MмL█▌мнллLлNлLлMB▄MмLлнмнлнннNLлNB▄MмLNмнNл▌MNл▄▄лLб▄MмL▌мнNнMNл▌л▄б▄MмLнмнNнMнлMLлнB▄MмLмнNнLNлLлN▄MмLNмнNлмлллб▄MмLLмнNнM▄нлNLм▄MмLLNмн▌л█ннLм┌▄MмLMNмнммнл▄▄лMб▄MмLM▌мнллNл▄н▄MмLMнмнлLMNлм▄лLб▄MмLLнмнLмM▄▌лLлL┌▄MмLLNмнMм▄NлLллл┌▄MмLLNNмнMм▄NлLллл┌▄MмLL█▌мнM▌м█нNлMллл▄MмLL█нмнM▌лм▄Nл▄лм┌▄MмLL▌мнM▌мMмNмлл▄B▄MмLL▌NмнM▌лм▄Nл▄лм┌▄MмLLлмнM▌мMмNмлл▄B▄MмLM█▌мн█▌мLлL█LллB▄MмLM█нмн█▌мLлL█LллB▄MмL▄нмнмNлLL▄▌л▌ллб▄MмL▄мнм▌нLMлNLлLб▄MмL▄Nмнм▌нLMлNLлLб▄MмL▄▌мнмнлмнмлб▄MмL▄нмнмнлмнмлб▄MмL▄мннлNNллллB▄MмL▄Nмннм█нLLлMB▄MмL▄LмннлNNллллB▄MмL▄LNмннм█нLLлMB▄MмL▄L▌мннлмнлLмB▄MмL▄Lнмннмм█мLлL┌▄MмL▄MмннNмMм▌ллLлLб▄MмL▄MNмннNм▄нмLлM▄MмL▄NмнNмлмNмLл┌▄MмL█мнмнNмнMNмл▄▄MмL█нмнNлL▌л▄Lлм▄MмL█нNмнNмнMNмл▄▄MмL▌мнNлL▌л▄Lлм▄MмL▌NмнNлL▄лм▄лB▄MмL▌нмнLмлл▌мLLлб▄MмL▌мнLм▄ммл▄л█▄MмL▌NмнLм▄ммл▄л█▄MмL▌LмнLNлл▌Nмл▄B▄MмL▌LNмнL▌мM▌м█Lлм┌▄MмL▌L▌мнL▌млNлMллм┌▄MмL▌LнмнL▌мMлмм┌▄MмL▌M▌мнLлллнл▄л▄B▄MмLл█нмнLLнмнмллмB▄MмLлл▌мнLMNн▄мллнB▄MмLллнмнLMNлмNлллнB▄MмLлммнLMNлмNлллнB▄MмLлмNмнLMNмнMнмл┌▄MмLмNмнL▄NлмLNллл▌B▄MмLмNNмнL▄NнLMNлNLм▄MмLм▄мнL▄NнLMNлNLм▄MмLмммнL█нM▌мллMB▄MмL▌мнLмнлLLмLLл█▄MмLммнLнNнMMNммB▄MмLмNмнLнNмNNлMLл▄B▄MмLмнMLNнLNл▄▄м┌▄MмLNмнMLNнLNл▄▄м┌▄MмL▌мнMLNмMл▌нLлB▄MмLнмнMLNмM▌мMлл█▄MмLмнMLNмNNNнMлл▄б▄MмLL▌мнMNNм█▌лML▄ллB▄MмLLнмнM█▌н█лMлм┌▄MмLM▄мнMл▌мMнмллB▄MмLNNNмнN▌лмNллл█┌▄MмL▄мнN▌лмNллл█┌▄MмL█мнNMлLLл█м┌▄MмL█NмнNMлLLл█м┌▄MмL█MнмнNNNнM█нлNLл█б▄MмL█NмнNNNнM█нлNLл█б▄MмL█NNмнмлM┌▄MмL█лмлLмнлLлмб▄MмL▌▌мLмMл▄лм▄MмL▌нмLмLмNлNLлм▄MмL▌мLмLмNлNLлм▄MмLл▄NмNнмNлLллл┌▄MмLл▄▌мNм▄мнлм▄л█▄MмLмм▌мммM█Nл▄лл┌▄MмLммнммлLнNл█лм┌▄MмLмнммлLнNл█лм┌▄MмLмнNммлNLнлLмB▄MмLнммлLNлLнLм┌▄MмLмNмлнлLм▄MмL▌мNнл▌лMл┌▄MмL▌NмNмMнмлл▄┌▄MмLлмNнл▌лMл┌▄MмLлNмNмMнмлл▄┌▄MмL█▌мMннLнNл▌лNB▄MмL█нмMннLнNл▌лNB▄MмL▌м▄Nмм█мLмB▄MмLнм▄NнLNлMLн▄MмLм▄NлLLм▄▄лMB▄MмLNм▄NлLLм▄▄лMB▄MмLMм█▌мL▌лллл▄┌▄MмLMNм█нлL▄Nлм▄л█▄MмLLлNмм▌м▌Lл▄лLб▄MмLLлнмнл▌▌нLмB▄MмLLммнл▌▌нLмB▄MмLLмNмннLнл█LмB▄MмLNNмMннNл▄▄лмб▄MмLNNмNNм▄NNл▄LлN▄MмLNLмNNнMнмLлм┌▄MмLNLNмNNм▌мLм▄MмLLMнмLNлLNм▌лL┌▄MмLLNмLNнLLл▌мB▄MмLLNмLMнннмлL▄MмLLNмL█▌мл█лL█Lл█┌▄MмLL▌мL█▌лL▌лNLл▌▄MмLLнмL█▌мLNлNLл▌▄MмLLмL█▌мLNлNLл▌▄MмLLNмL█▌мMM▌мLлM▄MмLLL▌мLмNм▌мMLлB▄MмLLL▌NмLмNлLLм▌лLллн▄MмLLLлмLмNм▌мMLлB▄MмLLLлNмLмNлLLм▌лLллн▄MмLLLл▌мLмNмл█▌лL█Lл▄▄MмLLLлнмLм▌лL▌Nмллб▄MмLLLммLм▌лL▌Nмллб▄MмLLLмNмLм▌лL█NлM█лн▄MмLLMNмLнNнNMм▄лMB▄MмLLM▌мMлLнм▄▄лнB▄MмLLMнмMлL▌л▄▄лM┌▄MмLLMмMлLнм▄▄лнB▄MмLLMNмMлL▌л▄▄лM┌▄MмLLM▌NмMNнллмб▄MмLLMлмM▌млнллллн▄MмLLMлNмM▌мннл▌B▄MмLLMл▌мM▌л▄м▌м▄лM┌▄MмLLMлнмM▌млнллллн▄MмLLMммM▌мннл▌B▄MмLLMмNмM▌л▄м▌м▄лM┌▄MмLLMм▌мM▌лNNлллл┌▄MмLLMмнмM▌мм▌лM▄лN▄MмLL▄мнмM▄▌лл█▌мл▄▄MмLL▄нмM▄▌лLL▄▌л▌л█▄MмLL▄нNмM▄нмLNл█ллL▄MмLL█мM█л▄Nл█▄л┌▄MмLL█NмM█нLNл▄▄мB▄MмLL█▌мM█л▄Nл█▄л┌▄MмLL█нмM█нLNл▄▄мB▄MмLL█мM█м▄Lнлм▄MмLL█нмM█нннл▄лNB▄MмLL█▄NмMлNл▄LNм█лMB▄MмLL█л▌мMммNLнлLнLм▄MмLL█лнмMмм▄ннL▄лL▄MмLL█ммMмнMMNмм▄MмLL█мNмMмнMMNмм▄MмLL█м▌мMмм▄▌лLLл█┌▄MмLL▌LмMнм█▌Nлмлл█┌▄MмLL▌LNмMнмML▌нLлл█B▄MмLLлмNннMнлMLлM┌▄MмLLлNмNннMнлMм┌▄MмLLл█▌мNл▄M▌мNLмB▄MмLLл█нмNNм▄лNнL▄м┌▄MмLLл▌мNNм▄лNнL▄м┌▄MмLLл▌NмNNлLLмнлMлMB▄MмLLмNмNL▌м█NлLллM┌▄MмLLм▌мNL▌нLнм▌мB▄MмLLмнмNL▌нLнм▌мB▄MмLLмMNмNNмнMNммB▄MмLLмM▌мNNNллM▌л▄л▄┌▄MмLLмMнмNNNллNл▄л█┌▄MмLLмNмNNNллNл▄л█┌▄MмLLмNNмNNNмлнMмб▄MмLLмлнм▄▌нL█нмLл▄┌▄MмLLммм▄▌нL█нмLл▄┌▄MмLLммNм▄▌нмл▄┌▄MмLMMNм▄MмнлмLл▄▄MмLMM▌м▄MлL▌NлMLнB▄MмLMMнм▄MлL▌NлMLнB▄MмLMNм▄MлL▌мLлMб▄MмLM▄нм▄MннLл▌лMLлM▄MмLM█м▄MнлMMлнл▌B▄MмLM█Nм▄NNм▌NлмллN▄MмLMLLNм█Nмнм▄лMб▄MмLMLL▌м█Nмнм▄лMб▄MмLMM█Nм█LнлLLNNлмLм┌▄MмLMM█▌м█Lнл█Nллл█┌▄MмLMM█нм█Lнл█Nллл█┌▄MмLMM▌м█Lнм▌лLллмB▄MмLMM▌Nм█Lнл▌мллмB▄MмLMMлм█LнлмNллл█б▄MмLMMлNм█Lнм▄LNл▄лл▄MмLMMмм█MNнлNм▄лл▄MмLMMмNм█MNнлNм▄лл▄MмLMNL▌м█▄NмNNлLLлл┌▄MмLM▄Nм██NмL▌лLLл▌▄MмLM▄▌м██Nл▄▌мл▄л▄┌▄MмLM▄нм██NллнлLLлMб▄MмLM▄м██NмMнл▄▄л▌B▄MмLM▄Nм██NмMнл▄▄л▌B▄MмLM▄Lм██Nм█нLLм┌▄MмLM▄LNм██NнL█нмLм┌▄MмLM▄L▌м██▌лLNм▌Lлл▄MмLM▄Lнм██▌мм▄NлLLлL▄MмLM▄лNм█лм█NлллN▄MмLM▄л▌м█лм█NлллN▄MмLM▄лнм█лм▌млм┌▄MмLM▄мнм█л▌нM▌лLLл▄B▄MмLM█Nм█мNлMмLLл▄▄MмLM█Lм█мNлMмLLл▄▄MмLM█LNм█мNм█нлллллB▄MмLM█L▌м█м▌нлнлLлмB▄MмLM█Lнм█м▌нлнлLлмB▄MмLM█Mм█м▌лнMнллл█B▄MмLM█MNм█м▌мLл▄ллL┌▄MмLM█▌м▌NлMM▌м▄л▄B▄MмLM▌Mм▌LNлLм▌лMLлM┌▄MмLM▌MNм▌LNлLм▌лMLлM┌▄MмLM▌M▌м▌L▌лMмMлLB▄MмLM▌Mнм▌L▌мNнлLлN▄MмLMлMнм▌NNнм▌лNLл▄┌▄MмLMлNм▌NNнм▌лNLл▄┌▄MмLMлNNм▌NNлLMл▄▄ллB▄MмLMл▄нмлNнL█нмLлN▄MмLMл█млNнL█нмLлN▄MмLMмнмл▌мM▌л█лм▄MмLMммл▌мM▌л█лм▄MмLMмNмл▌нLмнлLLлLB▄MмLMм▌млнмMMннл▌B▄MмLMмнмллLMнм▄м▄MмLMммлNмMл█▄лмB▄MмLMм▄млMл█мл▄ллB▄MмLMм▄NмлMл█мл▄ллB▄MмLMм▄▌млMнLл█▄лLB▄MмLMм▄нмлMмMнлLлM▄MмLMм█млMNмнNLлн▄MмLMм█NмлM▌м▄MNмллмб▄MмLMм█▌млM▌м▄MNмллмб▄MмLN▄▌млмм█▌л▄л▄б▄MмLNнммNлLLLлм▄лм┌▄MмLNммNммLмLн▄MмLNNммNлLLмLLл▄B▄MмLN▌ммNлLLLлм▄лм┌▄MмLNнммNммLмLн▄MмLNммNлLLмLLл▄B▄MмLNNммNлLL▌лллNB▄MмLN█ммнмMмнмLлб▄MмLN█NммнлL▌NлMLл█б▄MмLN█▌ммннMмнлMLл█б▄MмLN█нммнм▄Lнл█б▄MмLNLммMнM█▌лMлллб▄MмLNLNммMллNнLлн▄MмLNL▌ммMллNнLлн▄MмLNLнммMл▌лLлб▄MмLNMммMлL▌нLн▄MмLNM█Nмммм▄M▌лL▄LлN▄MмLNM█▌мммм▄M▌лL▄LлN▄MмLNM█нмммNмLNлллMб▄MмLNM▌мммNлLLMнмлллL┌▄MмLNM▌NмммNлLLMнмлллL┌▄MмLNNммнNм█нмллN▄MмLNNNммнNлLL▌лллл▄MмLNN▌ммнNлNлLLлм┌▄MмLNNнммнNмнNм▄лн▄MмLNNNмнNнM▄Nл█ллN▄MмLNNLмнNнM▄Nл█ллN▄MмLNNMнмнм█Mннлллб▄MмLNNNмнм█Mннлллб▄MмLNNNNмннL▌лLллб▄MмL▄мнNмMNлNлл┌▄MмL▄NмнNлл█нл▄л▄┌▄MмL▄▌мнNмNлLLлMB▄MмL▄мNмнMммлнмлL▄MмL▄м▌мнMнNMнмлмB▄MмL▄мнмнMмнLнмLлмб▄MмL▄нмнMм▌лNм┌▄MмL▄LNмMлLLNмLлмб▄MмL▄Mм▄нлл▌лL█LнB▄MмL▄MNNм▌л▌лLлL┌▄MмL▄M▄м▌л▌лLлL┌▄MмL▄M▄Nм▌л█MнммB▄MмL▄M▄▌м▌мLмNлNLлм┌▄MмL▄NLнмннлллнB▄MмL▄NMмннNM▌лMлл▌B▄MмL▄NMNмннлллнB▄MмL▄NM▌мннNM▌лMлл▌B▄MмL▄NMнмннмнмл▄B▄MмL▄▄нм▌л█▄▌мллM▄MмL▄▄MNм▌лM█нн▄лM┌▄MмL█▌мMннMLNнLмB▄MмL█нмMнлNннLлM┌▄MмL█мMннMLNнLмB▄MмL█NмMнлNннLлM┌▄MмL█LмMнмLмлL▄л█▄MмL█лмLл▌NмллMб▄MмL█лNмLмлNлMлл┌▄MмL█л▌мLмлNлMлл┌▄MмL█NмLнлMлнлLлLлL▄MмL█▌мLннMNNлL▄л█б▄MмL█MNмLLNллм▄м▄MмL█M▌мLLNллл▌л▄м┌▄MмL█MнмLLNллм▄м▄MмL█NмLLNллл▌л▄м┌▄MмL█NNмLLNмM▄нл▄ллMB▄MмL██нмLMм▄лNллB▄MмL█▌мLMм▄лNллB▄MмL█▌NмLMнMлл█лнB▄MмL█нмLNNмннNLн▄MмL█мL▄нMNмлллB▄MмL█MNмLлнмM█лнлMб▄MмL█M▌мLлнлNLNлL▄лнB▄MмL█MнмLлннL▌лLл▄┌▄MмL█M▌мMннл▄л█б▄MмL█M▌NмMмннмлнB▄MмL█MлмMNнNмлл█B▄MмL█MлNмMNлLLмNмLлмB▄MмL█Mл▌мMNлм▌Nнл▄B▄MмL█MлнмMNлLNлNLлM▄MмL█MммMNлмNллл█┌▄MмL█▄▄мMM▌мNлM█LлLб▄MмL█▄▄NмMM▌нмм▄MмL██MNмM█▌лLM▌лм▄ллB▄MмL██▌NмMллLNNмLLлL┌▄MмL██лмMллLNNмLLлL┌▄MмL██лNмMлл▄MNл▄лл▄B▄MмL██л▌мMлнNNлNLм┌▄MмL█▌мMмм▄L▌мллнB▄MмL█▌NмMмнL▌м▌лL▄MмL█лмNлLNлNLлNB▄MмL█лNмNл▌M▌ллLлл┌▄MмL█л▌мNNлллнл▄лNB▄MмL█лнмNнм▄▌мLллB▄MмL█лмNннNлллB▄MмL█лNмNнммнл▄▄лNB▄MмL█лMNмN▌лLлнлл▄лM┌▄MмL█лM▌мN▌мLл▌лLLлN▄MмL█лммNLл█NнLлн▄MмL█лмNмNLм▄нLл▄┌▄MмL█лм▌мNLл▄Nл█LмB▄MмL█мNмNLнллM▌л▄м▄MмL█мMмNM▌лLм▌лMLлLб▄MмL█мMNмNM▌лLм▌лMLлLб▄MмL█нм▄▌л█нм▄мB▄MмL█нNм▄▌л█нм▄мB▄MмL█нNм▄Nмннм▄MмL█н▌м▄Nмннм▄MмL█нL▌м▄лLNл▄лMб▄MмL█нLнм▄нN▌лмллмB▄MмL█нMм▄нN▌лмллмB▄MмL█нNNм▄LлNNнLм▄MмL▌м▌м▄NлLMNлLллн▄MмL▌мнм▄NмNлLлM┌▄MмL▌нм▄▄Nм▄нл▄лл▄б▄MмL▌м▄▄NмMLNл█Lлб▄MмL▌Nм▄▄NнллMл▄B▄MмL▌M▌м▄█мNNлм█Lм▄MмL▌лNм▄лмNмллл▄MмL▌л▌м▄лмNмллл▄MмL▌м▌м▄л▌мMNл▄лнB▄MмL▌мнм▄л▌мл▄NнLлм▄MмL▌LNм█▌нMмLлLб▄MмL▌LLм█▌м▄Nл▄м┌▄MмL▌LLNм█▌млLнмNлн▄MмL▌LL▌м█▌млLнмNлн▄MмL▌LM▌м█NмLNлLл█B▄MмL▌LMнм█Nл▄█ллмB▄MмL▌LNм█NмNлL▄ллB▄MмL▌M▌м█Mл█NмллM┌▄MмL▌Mнм█MNмлM▄л┌▄MмL▌MLNм█MнмNлLLлм▄MмL▌MMм█NNлLлML▄нB▄MмL▌MMNм█NNлLлML▄нB▄MмL▌M▄м█▄NнNм▄Lм▄MмL▌NLNм█ллNLмлN▄MмLлLнм█м▌ннмлMб▄MмLлMм█м▌л██Nм▄лMB▄MмLллNм▌нм█M▌мNLлLб▄MмLлMнм▌LNмMнлLлн▄MмLлNм▌LNмMнлLлн▄MмLлNNм▌LNллнл▄нB▄MмLл▄м▌LNмлл▄лM▄MмLлMнмл▌лM█Nмл█B▄MмLлNмл▌лM█Nмл█B▄MмLлNNмлнм▄▌лLLлMб▄MмLлLмлллл▌л▄лб▄MмLлLNмлллл▌л▄лб▄MмLлL▌млнN▌л█ллн▄MмLлML▌млMнL▌м▄л█▄MмLлM▄нмлMнлLLнл▄лLб▄MмLлM█млMннлNм▄л▄┌▄MмLлM█NмлMнлLNлL▄лн▄MмLлMнмл▄лLLммLм┌▄MмLлMнNмл▄мL▌лллм▄MмLлNмл▄ммнм▄лM┌▄MмLлNNмл▄нмлнлLл▄б▄MмLлN▌мл▄ннLLл▌лM┌▄MмLлNнмл▄ннMLнл▄мB▄MмLлNмл▄ннLLл▌лM┌▄MмLлNNмл▄ннMLнл▄мB▄MмLлNMнмл▌Nл██нм▄л┌▄MмLлNNмл▌NлLмNлллл█┌▄MмLл▄мллNлLNлллLB▄MмLл█Mмм▌м▄L▌мллL▄MмLл█▄NммнLлнLмB▄MмLл█▄▌ммнLлнLмB▄MмLл█▄нммм▌MмLл▄▄MмLл██ммNлLнлLлл┌▄MмLл██NммNммMмлLб▄MмLл██▌ммNлL▄нлLлл█▄MмLл▌NммM▌нNMм▄ллб▄MмLллLмм█м▄L▌млм┌▄MмLллLNмм█л█NNмл┌▄MмLллL▌мм█мнLNм▄мB▄MмLллLнмм█▌лм▌нмB▄MмLллMмм█▌м▌мMLл▄б▄MмLлнмн▌м▄лNнL▄лB▄MмLлнNмн▌л▌Nл▄▄нB▄MмLлнLмн▌мммнм▄м┌▄MмLлнLNмн▌л▌Nл▄▄нB▄MмLлнL▌мн▌мммнм▄м┌▄MмLм▄NмнLнмм▌лLлл█┌▄MмLм▄▌мнLнм▄лллл▄B▄MмLм▄нмнLнмм▌лLлл█┌▄MмLм█мнLнм▄лллл▄B▄MмLм█NмнLнмл▄л▄B▄MмLм█▌мнLнлL▄Nлм▄н▄MмLмммLлмMмLлMB▄MмLммNмLмMнл▄л█б▄MмLмм▌мLлнMнлллL┌▄MмLммLнлL▌Nмлм▄MмLмNмLннLнлMллB▄MмLм▌мLнлL▌NлMLл█B▄MмLмNмNмMNлLлл▄MмLмMм▌л▄▌Nм▄лл┌▄MмLмMNм▌NммLNмLл▄┌▄MмLмM▌м▌NмNлLLлмB▄MмLмMнм▌Nлмнмл▌B▄MмLмMм▌NмNлLLлмB▄MмLмMNм▌Nлмнмл▌B▄MмLмM▌м▌Nм▄▌лLLл▄▄MмLмMнм▌Nм▄█лL▄л▄B▄MмLмM▄млнмNл▄л┌▄MмLмM▄NмлнлMNм▄лл█┌▄MмLмNLм▌лMMNмнLлB▄MмLмNLNм▌нLл▌лMLл▄B▄MмLм▄LNмнл▄Nл█LлL┌▄MмLм▄L▌мнмNлLLл▄▄MмLм▄Lнмнл▄Nл█LлL┌▄MмLм▄MмнмNлLLл▄▄MмLм▄MNмнм█л▌ммLллб▄MмLм█лнм▄мNMнлM█Lл▄б▄MмLм█мм▄NллмнлLLлLб▄MмLм█мNм▄NлLNмMллб▄MмLм█м▌м▄NмLNл█лл▄▄MмLм█мнм▄NлMмLLлMб▄MмLммNмNнM▌лMлл▄▄MмLмм▌мNнM▌лMлл▄▄MмLммнмNн▌л▄Lм▄MмLммнмMNнMMNмл▄▄MмLн▌мL▌ммMмн▄MмLн▄мLLмN▌лLлMб▄MмLнлмLLнл▌л▄▄ллB▄MмLнлNмLLннлм▄лLб▄MмLнл▌мLLнмл▄NнLл▌B▄MмLнлнмLLнмннм▄MмLнммLLнлнннLм▄MмLнмLMNлнNм▄л▌B▄MмLнNмLMNмL▌лллм┌▄MмLн▌мLMNмL▌лллм┌▄MмLнLмLNNл█L▌мLлM▄MмLнMNмL▄NмNнлLл▄┌▄MмLнM▌мL▄NмLлNлLLм▄MмLнLNмLлнлL▄нлLллMB▄MмLнL▌мLлнлL▄нлLллMB▄MмLнLнмLлнлллнл▄л▄▄MмLнM▌мLмNлL▄NлMLм▄MмLнMнмLмNлL▄NлMLм▄MмLнNмLмNл▄▄Nм▄▄л▄б▄MмLнNNмLмNмлM▄лм▄MмLнLLмLнмMLлL▄лл▄MмLнLLNмLнмMLлL▄лл▄MмLнMNNмMл██нм▄нB▄MмLнM▄мMлLMNлм▄мб▄MмMLмMNNллLлL▄лMB▄MмMLNмMNNмL▌лNLл▄B▄MмML▌мMNNмMнNмлл┌▄MмMLнмMNNмнLнмLмб▄MмMMнмM▄NмNл▄л▄┌▄MмM█нмM█NнNнлLб▄MмM▌мM█Nмм▄▌лLLл▄▄MмM▌NмM█Nмм▄▌лLLл▄▄MмMM▌мMлNл▄LмлM┌▄MмMмNмMм▌мMнл▄л▌▄MмMм▌мMм▌мл▌лмLм▄MмMмнмMм▌мMнл▄л▌▄MмMнмMм▌мл▌лмLм▄MмMнмMнм▄█лL▄лм┌▄MмMмNлNNNлLлмб▄MмMNмNлNNNлLлмб▄MмM▌мNNлLLL▌мLлб▄MмMнмNNмNLллLл▄B▄MмMмNNмNLллLл▄B▄MмMNмNNм█мнлнLл█B▄MмMLмN▌лLNнLл█▄MмMLNмN▌м▄M▌лL▄LмB▄MмML▌мN▌м▄M▌лL▄LмB▄MмMNNмNнNLм▄▄л█B▄MмML▌мN▌нLнм▄ллб▄MмMLнмN▌мммллN▄MмMLмN▌мммллN▄MмMLNмN▌м█▄м█LлLб▄MмML▄нмNLннM▌лMллм┌▄MмML█мNLнлмллмB▄MмMMмNмLнлнMNмлMB▄MмMMнмLNм█нмллMB▄MмMMнNмLNмлнллллLб▄MмMNмLLNм█▌млл▄MмMNNмLLNм█▌млл▄MмMN▌мLL▌мLнлM█Lм▄MмMNнмLL▌мLнлM█Lм▄MмMNмLL▌мM█Nл▄лл▄┌▄MмM▄▌NмL▄нм▄█NмLLлм┌▄MмM▄нNмL▌м█Lм▄▄л▌▄MмM█мL▌мNMнлM█Lлл┌▄MмM█NмL▌ммммлMB▄MмM█▌мL▌мMнлM▄л▄б▄MмM█MNмLл▌нM█NлMлл┌▄MмM█M▌мLл▌мл▄▄лмб▄MмM█MнмLл▌лLNлML▄лNB▄MмM█NмLл▌лLлнлMLм▄MмM█NNмLл▌м▄▌мLлM▄MмM█▌мLм▌ллMNл▄нB▄MмM▌мLм▌мMLл▄▄MмM▌NмLнNM▌лMлмB▄MмM▌▌мLнNM▌лMлмB▄MмM▌нмLмнNм▄л▌B▄MмM▌мLллNмлм┌▄MмM▌NмLлLLнм█лл█б▄MмMллNмLMмMл█▄л▄▄MмMлл▌мLMм█Mннллм┌▄MмMллнмLMNмLNлNLлL┌▄MмMлммLMNмLNлNLлL┌▄MмMммL▄нLMнлNлм┌▄MмMл▌мLнл█NмллMб▄MмMлнмLннMл█л▄B▄MмMммLннMл█л▄B▄MмMMл▌мLL▄лNNлLллLб▄MмMMлнмLL▄м▄▄NлLLлMб▄MмMMммLL▄м▄▄NлLLлMб▄MмM▄▄▌мLLмNлNMNл█лл█┌▄MмM▄▄нмLLмNлNMNл█лл█┌▄MмM▄█мLLмNлLM▌м▄лмB▄MмM▄м▌мLLннNм▄м┌▄MмM█лнмLMм█▌Nлмлл▄▄MмMлNNмLMNлммнмллн▄MмMл▄мLMNлLM▌ммLлNB▄MмMл▄NмLMNл▌нлLллмB▄MмMл▄▌мLMNмлммл▌B▄MмMл▄нмLMNл▌нлLллмB▄MмMл█мLMNмлммл▌B▄MмMл█NмLMNнMNлM▄нB▄MмMмNмLM█NлLMнм▄нB▄MмMм▄мLMллнM▌мLл▄B▄MмM▌NмLNNмM▌мMлл█B▄MмMлмLNNмLл▌лN▄MмMмLNMNнмл█▄MмMNмLNMNнL▄ннLллB▄MмM▌мLNMNмNNлм█LлNB▄MмMLнмLNNмMл█▄лMб▄MмMLмL▄LNм▌лM▄лM┌▄MмMLNмL▄LNл▄Nл█▄м┌▄MмML▌мL▄LNм▌лM▄лM┌▄MмMLнмL▄LNл▄Nл█▄м┌▄MмMLнмL▄Nн▌NмллMб▄MмMLнNмL▄Nл▄█ллл█B▄MмMMмL▄Nммлллмб▄MмMMNмL▄Nн▌NмллMб▄MмMM▌мL▄Nл▄█ллл█B▄MмMMнмL▄Nммлллмб▄MмMMMнмL▄▄нмNNлм█Lлм▄MмMMNмL▄▄нлLL▌лNLнB▄MмMNM▌мL▄лNл█лнлNLлM▄MмMNMнмL▄лNмл█нлмллM┌▄MмMNNмL▄лNлMнмл█┌▄MмMLNNмL▄мннMлнлM▄м▄MмML▄мL▄мнлNNNлLллM┌▄MмML▄NмL▄мнмнл▄▄л▌▄MмML▄▌мL▄нлл▌л▄лмб▄MмML▄нмL▄нмNлMLм▄MмMLмL█л█нмл▄лмB▄MмMLNмL█л█нмл▄лмB▄MмMLNмL█MNлLNллллNB▄MмMLLMмL█NNл▄▌нлL▄MмMLMнмL█▌мNнNLлL┌▄MмMLMмL█▌мNнNLлL┌▄MмMLNNмL█мнмM▄нл▄ллнB▄MмMLN▌мL█мнлMлнлLлLлL┌▄MмMLNнмL█мнлMлнлLлLлL┌▄MмMLNмL█мнмNнNLл█┌▄MмML▄мL▌нмLлM▄лLB▄MмML▄NмL▌нм▌MмLлN▄MмML▄█мL▌нмлNмLм┌▄MмML▄█NмL▌нм█м▌лнLл▄┌▄MмML▄█▌мL▌лллнл▄лMб▄MмML▄█нмL▌л█▌м▄ллB▄MмML▄▌мL▌ммNлллмб▄MмML▄лнмL▌LNммммлM┌▄MмML▄ммL▌LNмM▄лMLл▄▄MмML▄мNмL▌LNмM▄лMLл▄▄MмML▄нNмL▌LнлнMнллл█▄MмML█мL▌LнмMмлL▄лM┌▄MмML█NмL▌LнмMмлL▄лM┌▄MмML█▌мL▌Lнм▄лNлB▄MмML█NNмL▌Nм█нNлMллMB▄MмML█▄мL▌NмNNлLLнB▄MмML█▄NмL▌NммлмLлLб▄MмML█▄▌мL▌Nм▄▄нлLмлLB▄MмML█▄нмL▌NммлмLлLб▄MмML██мL▌Nм▄▄нлLмлLB▄MмML██NмL▌Nл▌лLлллб▄MмML▌▌мLлнлLL█л█Lл▄┌▄MмML▌нмLлнмN▌лLм┌▄MмML▌мLлнмLмNлNLнB▄MмML▌NмLлнлLLмLLм▄MмML▌LмLлнм██нм▌н▄MмML▌LNмLллмлмлнB▄MмMLлNмLлNнMLмл█б▄MмMLлLмLлNнMLмл█б▄MмMLлLNмLлNммNлнн▄MмMLл▄NмLлMмL▄нлMLлмб▄MмMLмMNмLл█мL▌м▄л▌B▄MмMLмнмLллNлL▌NмлллB▄MмMLмнNмLллNмм▄▌лLLлM▄MмMLнмLллNлм▌Nнлб▄MмMLнNмLллNммLмLл▄┌▄MмMLн▌мLллNмл█NлL█Lм▄MмMLннмLллNлм▌Nнлб▄MмMLнмLллNммLмLл▄┌▄MмMLнNмLллNмл█NлL█Lм▄MмMLн▌мLллNлLL▌NлNLлN▄MмMML▌мLлнNмL▌NлLлн▄MмMMLнмLлнNлLLNммLмB▄MмMMMмLлнNнLллLлL┌▄MмMMMNмLлнNлнNмл▌B▄MмMMM▌мLлнNнLллLлL┌▄MмMMMнмLлнNлнNмл▌B▄MмMMNмLлнNммм▌м▄лмб▄MмMMNNмLлнNлM█▌млLмB▄MмMM▄мLлнNмNнлM┌▄MмMM▌NмLмNнLMNлNLлMB▄MмMMлмLмNлLLмл▄м┌▄MмMMмLмMNмлNлMллLB▄MмMMNмLмMNмлNлMллLB▄MмMMM▄нмLмнNлMNNнм▄MмMMNMнмLнNл█м▌лLLлмB▄MмMMNNмLнNл█м▌лLLлмB▄MмMMNNNмLнNм██нм▌лмB▄MмMM▄▄нмLнMл█м▄л▌▄MмMM▄лNмLнM▌ммлMллн▄MмMM▄л▌мLнM▌ммлMллн▄MмMM█нмLнNNм▄▄NлLLл▌▄MмMM█мLнNNм▄▄NлLLл▌▄MмMM█NмMNл█▌м▄мB▄MмMM█▌мMNлNNллл█┌▄MмMM█нмMNм█Nлллл┌▄MмMM█мM▌м▌NмMм┌▄MмMM▌мMLнLNллм▄MмMM▌NмMLNлMNмн▄MмMM▌▌мMLNлMNмн▄MмMM▌LNмMMNнннл█б▄MмMMм▌мMлм▌нNLллб▄MмMMмнмMлм▌нNLллб▄MмMMммMллLLнм█лл▄▄MмMMмNмMлмнлMлL┌▄MмMNмMNн█Nллл▄б▄MмMNNмMNмнNм▄м┌▄MмMNLмMNнMлнлM▄лмB▄MмMNLNмMNмнNм▄м┌▄MмMNL▌мMNнMлнлM▄лмB▄MмMNLнмMNлLMнм▌лб▄MмMNлмMLмлNмLмB▄MмMNл▌мMLнмллNл█▄мб▄MмMNлнмMLнмMллMLлN▄MмMNммMLнмллNл█▄мб▄MмMNмNмMLнмMллMLлN▄MмMN█мM▄нлL▌NлLлLл▄б▄MмMN█NмM▄нлL▌NлLлLл▄б▄MмMNNмM█нмL▌мLлL┌▄MмMN▌мM█нл▄нLлLб▄MмMNнмM█нл▄нLлLб▄MмMNмM█ннM█▌лMллм▄MмMNNмM█нлLлл█▄л▌B▄MмMN▌мM█нлл▄▌млм┌▄MмMNNNмMллLNNлNлл┌▄MмMNLмMлмнMнмлLб▄MмMNLNмMлмнMнмлLб▄MмMNL▄нмMнNллNм▄л█▄MмMNL█мMнNлLLллNLлмB▄MмMNM▌мMLмNнNLл▄B▄MмMNMл▌мML▌мLNNлLлм▄MмMNMлнмML▌мLNNлLлм▄MмMNNнмMM▌нMл█мB▄MмMNNмMM▌нMл█мB▄MмM▄мML▌л▄мнм▄м▄MмM▄NмML▌нNллллб▄MмM▄нмMLLNлMM▌м▄м┌▄MмM▄нNмMLLNм█ллмLлмB▄MмM▄мMLLNнM▄нлNLмб▄MмM▄NмMLLNнM▄нлNLмб▄MмM▄▌мMLLNмMнNмллб▄MмM▄▄мMLNнMмнлMLл█б▄MмM▄▄NмMLNмM█лнлL┌▄MмM▄▄▌мMLNлLлнлMLлL┌▄MмM▄▄нмMLNлL▌мLл█┌▄MмM▄NмML▄▌нл▌лMн▄MмM▄▌мML▄▌м▌L▌мLл█▄MмM▄нмML▄▌мLнллл█б▄MмM▄мML▄▌нл▌лMн▄MмM▄NмML▄▌м▌L▌мLл█▄MмM▄▌мML▄▌мLнллл█б▄MмM▄LнмML█Nм▄▄нлLмлмб▄MмM▄L▄NмMLмлLлNл█▄мB▄MмM▄MM▌мMMнлNLнлLм┌▄MмM▄MMнмMMннMмлм┌▄MмM▄MNмMMнмнNм▄лмб▄MмM▄MNNмMMнл▄м▌м▄лL┌▄MмM▄MлнмMMMнNлл▄лN▄MмM▄MммMMMNнMMлLLм▄MмM▄MмNмMMMNлM█лнл▌B▄MмM▄Mм▌мMMMNлM█лнл▌B▄MмM▄MмнмMMMNмлLNнллB▄MмM▄MнмMMMNл▄MNл▄ллB▄MмM▄MнNмMMMNн▄▌мллMб▄MмM▄▄█нмMMлNлL█▌л▄м┌▄MмM▄█ммMNNнNMNм▄ллн▄MмM▄▌NмMNNмL▌л▄л┌▄MмM▄▌L▌мMNLNлL▌л▄Lл┌▄MмM▄▌LнмMNLNлLLNмLллл▄MмM▄▌MмMNLNлLLNмLллл▄MмM▄▌MNмMNLNмлLнмNлмB▄MмM▄▌M▌мMNLNлMNм▄ллл▄MмM▄▌MнмMNLNмл▌мL▄лл▄MмM▄▌NмMNLNл▄▄л█л█B▄MмM▄лмнмM▄мL▌л▄л█б▄MмM▄лнмM▄NнNNлNLмб▄MмM▄ммнмM▄Lнл▄▄мB▄MмM▄мнмM▄Lнл▄▄мB▄MмM█▌мM▄▄мMлнл█LлN▄MмM█нмM▄▄м█ллл▄┌▄MмM█мM▄▄мL█▌лLм┌▄MмM█NмM▄▄мL█▌лLм┌▄MмM█нмM▄▌Nлм▄Nл▄л█B▄MмM█нмM▄л▌лм▌л▄лMB▄MмM█мM▄лнлм▌ллллб▄MмM█NмM▄лнлмлллM┌▄MмM█нNмM█лNлLLлN▄MмM█мM█лNлLLлN▄MмM█NмM█мнNLлм┌▄MмM█▌мM█NмLнлллM┌▄MмM█LнмM█NмM▌л▄л▄B▄MмM█MмM█NмM▌л▄л▄B▄MмM█MNмM█NлLNм▌Lл█б▄MмM█LLмM█LмMNлLлLB▄MмM█LLNмM█LмMNлLлLB▄MмM█LлмM█MNмлнмлм┌▄MмM█LлNмM█MNмлнмлм┌▄MмM█Lл▌мM█MNлNLнлLл▄┌▄MмM█MNмM█NлNNNлLллм▄MмM█▄▄мM▌нмM▄нл▄ллM┌▄MмM█▄▄NмM▌нлLLнлм▄лM┌▄MмM█▄▄▌мM▌нлLLнлм▄лM┌▄MмM██мM▌NммNмMLл█▄MмM██NмM▌NмNлL▄м┌▄MмM█▌нмM▌Nм█▌Nлмлм┌▄MмM█▌мM▌Nл█▄▌мллN▄MмM█лмNмMлM▌л▄лнлMлмB▄MмM█лм▌мMлMнлн▌м▄л▄┌▄MмM█лмнмMлMнмLLNлNл█┌▄MмM█ммMлNNл█лNм▄лN▄MмM█мNмMлNNлмM▌ммб▄MмM▌NмMмл█мл▄л█▄MмM▌NмMм▌лLнлLLл█B▄MмM▌█мMмM▌нLL▌лл▄м▄MмM▌█NмMмM▌нLL▌лл▄м▄MмM▌█▌мMмM▌нL█нмLмB▄MмM▌LмMм▌л▌LNл▄Lлл┌▄MмM▌LNмMм▌лLMл▄▄лB▄MмM▌L▌мMм▌л▄LNм█лM▄MмM▌LнмMм▌л▄LNм█лM▄MмM▌LмMм▌мллл█B▄MмM▌LNмMм▌лмNл▄н▄MмM▌M▌мMмнмM█Nл▄ллнB▄MмM▌MM▌мMнNмл▌мL▄л▄B▄MмM▌NMмMнLNммL▌мллмб▄MмM▌NMNмMнL▌млLNнлл┌▄MмMлLNмMнMNм▌▌лнLлл┌▄MмMлL▌мMнMNм▌▌лнLлл┌▄MмMлMнмMнNлMл▌лLлLмб▄MмMлNмMнNнLнл█LлLб▄MмMлNNмMнNлMл▌лLлLмб▄MмMл▄мMнNнLнл█LлLб▄MмMл▄NмMнNнNм▄лLб▄MмMл▄нмNлмLл▄м▄MмMл█мNнм▌мLлMб▄MмMл█NмNнм▌мLлMб▄MмMл█▌мNлLMнм▄лн▄MмMл█нмNNлLмLм┌▄MмMлмNнлмнлLлNB▄MмMлNмNнлмнлLлNB▄MмMлLмNнмн▌мLмB▄MмMлLNмNнннлллLB▄MмMлLнмNNмлM▄м▄MмMлMмNNмлM▄м▄MмMллмNLнмL▌лNNLлL┌▄MмMллNмNLнмL▌лNNLлL┌▄MмMлл▌мNMллMл▄л▄┌▄MмMллнмNMллMл▄л▄┌▄MмMлммNMлLLллNLм┌▄MмMлLмN▄нлNлLл█B▄MмMлL▌NмNлмLNл▌л█B▄MмMлLлмNлмNл▄▄л█B▄MмMлMMмNмннMмлл┌▄MмMлMMNмNмннLнмLлм┌▄MмMлMM▌мNмннLнмLлм┌▄MмMлMMнмNмнм▄Nл▄лL▄MмMлMNмNмнмLMнл█ллL┌▄MмMлMNNмNмнмLNлNLл▄б▄MмMлM▄мNнл█лнлNLл▄┌▄MмMлM▄NмNнмлLлMLлN▄MмMлM▄▌мNнмлNмLлл▄MмMлM▄нмNнмлNмLлл▄MмMлNMмNлмнмллNB▄MмMлNMNмNлмнмллNB▄MмMлNM▌мNмL▄л▄лллB▄MмMлNMнмNмлMлLLм┌▄MмMлNNмNмNлMLлL▄MмMл▄L▌мNннMнлл▄лл▄MмMл▄LнмNнлLл▌л█▄лл┌▄MмMл▄MмNнлLл▌л█▄лл┌▄MмMл▄лмNLNл▄MнлMлл┌▄MмMл█▌мN▄▌мM▄▌лLл▄▄MмMлл█мN▌лLмNмм┌▄MмMлл█NмNнлLMлLллLB▄MмMлл█▌мNнлLMлLллLB▄MмMлл█нмNнлNMлллM▄MмMлл▌мNнл█Nмллмб▄MмMлл▌NмNмNнлL█Lлл▄MмMлллмNмLлллL┌▄MмMлллNмNNмMLнлллллб▄MмMллл▌мNNммLнмл█┌▄MмMлллнмNNмMLнлллллб▄MмMллммNNммLнмл█┌▄MмMллмNмNNнM▄Nл█ллM▄MмMлм▌мNмм▌мLнB▄MмMлм▄мNLннNлMм▄MмMлм▄NмNLнлLлMLлL┌▄MмMлм▄▌мNLнммMNмлMB▄MмMлнM▌мNLнл▄Nл█▄л▄B▄MмMлнMнмNLнл▄Nл█▄л▄B▄MмMмMмNLNNмMMNлLLлM▄MмMмлнмNL█NнNLм▄▄л┌▄MмMмммNL█▌нM▌лMллL┌▄MмMмLLнмNLнлл▄NмлM▄MмMмLMмNLнNнM▌лMLлл▄MмMмLMNмNLнNнM▌лMLлл▄MмMмLM▌мNLнNлMнлL▄л▄B▄MмMмLMнмNLнNмлNлMллMб▄MмMмL▄▌мNMNн▌л▄▄м┌▄MмMмL▄нмNMNлнLнмлNB▄MмMмL█мNMNлнNм▄ллB▄MмMмL█NмNMNмL▄▌лLLлL▄MмMмL█▌мNMNнLM▌л▄л▄┌▄MмMмL█нмNMNмL█лLLлмB▄MмMмL▌мNM▌лNM▌лLLл▄б▄MмMмL▌NмNM▌лMмNмнLмB▄MмMмM▄NмNML▌лLнл▄лн▄MмMмM▄▌мNML▌м█▌л▄лM▄MмMмNNмNM█нM▄▌лмлл▄▄MмMмNNNмNM█нM▄▌лмлл▄▄MмMм▄мNM█нлллLб▄MмMм█LмNNлл█мл█B▄MмMм█LNмNNмнNмMLлнB▄MмMмлNмNNL▌ллмнлLLл█B▄MмMмл▌мNNL▌ллмнлLLл█B▄MмMмлнмNNL▌лLMмMлLB▄MмMмлмNNL▌мL▌л▄нB▄MмMмл▌мNNNNмнNLлмB▄MмMмл▌NмNNNNнм▌мLнB▄MмMмллмLммнлмLлнB▄MмMмлмнмLнммлMллм▄MмMмлнмLнмL▌лNLл┌▄MмMмлнNмLнммлMллм▄MмMмммLнмL▌лNLл┌▄MмMмммL▌мNнNLлл┌▄MмMммNмL▌лMNм▄ллLб▄MмMммLмL▌нMLмлL▄MмMммLNмL▌лMNм▄ллLб▄MмMммL▌мL▌нMLмлL▄MмMммLнмL▌лLMнNLллB▄MмMмм▄▌мLLнллл▌B▄MмMмм▄нмLLмLL▌лNLл▄▄MмMмм█мLLлнм▄нB▄MмMмм█NмLLм▌мMLлN▄MмMмм█▌мLLммн▄MмMмнNмLMнLллLмб▄MмMмн▌мLMнNNNмлнB▄MмMмннмLMнLллLмб▄MмMмнмLMнNNNмлнB▄MмMн▄мL█нл▌лMллб▄MмMн▄NмL█нл▌лMллб▄MмMнмLлнл▄лнлMллNB▄MмMн█▌мLNмM▌лLл▄B▄MмMнNмL▌лмNл▄лл▄MмMн▌мL▌лL▌NлMLл▌B▄MмMннмL▌лнNм▄лмб▄MмMнLNмLмннм▄MмMнLMNмLMNл▄MнлMлб▄MмMнLM▌мLMNлMNм▄лм▄MмMнL█NмLNNмлл▄н▄MмMнL█▌мLNNмLNл█ллмб▄MмMнL█нмLNNмLNл█ллмб▄MмMнL▌мLNNмMммLнB▄MмMнLнмL▄▌ммл▌мм┌▄MмMнLнNмL▄▌лLLNнмб▄MмNMнмLнмMм▌ллLлнB▄MмNNмLнмNM▌л▌MLл▄┌▄MмNNNмLнмNM▌л▌MLл▄┌▄MмN▄мLнлмнммB▄MмNнNмLLлл▄млл▄MмNмLLн▌мLлмб▄MмNNмLLм▌лLлм┌▄MмNмLLнлL▌лLл▄лL▄MмNNмLLнмNNл▄лмб▄MмN▌мLLнлL▌лLл▄лL▄MмNнмLLнмNNл▄лмб▄MмNмLLннNNлMLл▌▄MмNNмLLнмм▄NлLLлLB▄MмNL▌мLL▌лLлL▄л┌▄MмNLнмLL▌лLлL▄л┌▄MмNLмLL▌лмLл▄нB▄MмNMLмLL▄NлM█▌млLлN▄MмNMLNмLL▄NлM█▌млLлN▄MмNML▌мLL▄NмMMNлLLл█▄MмN▄▄▌мLLнNлмлллM┌▄MмN▄нNмLMннл▄▄нB▄MмN█мLMннл▄▄нB▄MмN█NмLMнмм▄NлLLл▌B▄MмN█NмLMNлLLл▌лNLлNB▄MмN█▌мLMNлLLл▌лNLлNB▄MмN█нмLMNлMл█лB▄MмNм▌мLMлNнмлLллмб▄MмNмLNNNн█Nлллм┌▄MмNNмLNNNлL▌л▄▄лN▄MмN▌мLNNNлL▌л▄▄лN▄MмN█мL▄▌лнNл▄█Lл█б▄MмNмL▄L▌нLл▌лMLлL▄MмNNмL▄L▌нLл▌лMLлL▄MмN▌мL▄L▌мм▌лNLл▄б▄MмNнмL▄L▌лмл▌мLл┌▄MмNмL▄L▌н█м▄л▌▄MмNLнмL▄MNннм▄лб▄MмNMмL▄MNнMNл▌мB▄MмNMNмL▄MNнMNл▌мB▄MмNM▌мL▄MNмMнл▄▄лM▄MмNMнмL▄MNмMм▌ллLм┌▄MмNNмL▄MNл▄▄Nм▄▄лL▄MмNNNмL▄MNм█▌л▄лL┌▄MмNLмL▄M▌лMлнлLлLлLB▄MмNLNмL▄NлL▄NлLм▄MмNLлмL▄█Nм▄нмLнB▄MмNLлNмL▄█Nлллнл▄ллб▄MмNMнNмL▄мнллл▄нB▄MмNNмL▄мннNLNлMл▌▄MмNNNмL▄мнлмMнмм┌▄MмNNNмL▄нNл▄лNмлм┌▄MмN▄▌мL█L▌нNмллNB▄MмN▄▌NмL█L▌нNмллNB▄MмN█мL█Mнм█нлллл▄MмN█MнмL█▄нмл▄▌лмл▄▄MмN█мNмL█▌мLнлMлL┌▄MмN█м▌мL█▌ннNнлM┌▄MмN█мнмL█▌м█▌мл▄лLB▄MмN█нмL█▌ннNнлM┌▄MмN█нNмL█▌м█▌мл▄лLB▄MмN▌мL█▌м█мл█▄л┌▄MмN▌NмL█▌л▄▄нмлм▄MмN▌▌мL█▌нLлNмлMб▄MмNммL▌нлLNлML▄лMб▄MмNмNмL▌нлLNлML▄лMб▄MмNм▌мL▌нл▌л▄▄лLB▄MмNмнмL▌мM▌л▄лN▄MмNммL▌мнлMлNB▄MмNмNмL▌мN▌лLлM┌▄MмNмLмL▌мнлMлNB▄MмNмLNмL▌мN▌лLлM┌▄MмNнM▌мLлNл█▌Nм▄л┌▄MмN▌мLл▌ллмнлLLнB▄MмNнмLл▌лLL▌л▄м▄MмNмLлнлLнмMлл┌▄MмNNмLлннMнлл▄л█б▄MмNLмLлннMнлл▄л█б▄MмNLNмLлнмн▌млл█б▄MмN▄NмLлLNнNлл▄лNB▄MмN▄▌мLлLNнNм▄Lм▄MмN▄нмLлL▌м▌NNлLLлл┌▄MмN█мLлL▌м▌NNлLLлл┌▄MмNл▌мLлMнLNлMLлнB▄MмNлнмLлMм▄LнмллL┌▄MмNммLлMм▄LнмллL┌▄MмN▌мLлMнм▄█NмLLлб▄MмNнмLлMнмл▌лL▄лM▄MмN█нмLл▄▌лLлMLмB▄MмN▌мLл▄▌лLлMLмB▄MмN▌NмLл▄▌ллLнл▄л▄б▄MмNнмLл█мL▌NлLлLб▄MмNнNмLл█нNл▄▄нB▄MмNмLл█мL▌NлLлLб▄MмNNмLл█нNл▄▄нB▄MмNLмNмLмNм█LнмLл█б▄MмNLм▌мLмNм█LнмLл█б▄MмNLнNмLмнмNлL█LлLB▄MмNMмLмнмнM▌млMб▄MмNMNмLмнл█нм▄л▄▄MмNM▌мLмнлLнмMллM┌▄MмNMнмLмнлLнмMллM┌▄MмNM▌мLмL▌лM▌NлLллл▄б▄MмNM▌NмLмL▌лLLнлм▄л▌B▄MмNMлмLмL▌лMNлнлб▄MмNNнмLмMNнLLNл▄мB▄MмNNNмLмMнлм▌л▄м┌▄MмNNLмLмMнлLMNл▄▄лл┌▄MмNLLмLм▄ннлллMB▄MмNLLNмLм▄ннлллMB▄MмNLL▌мLм▄нмлNмLм┌▄MмNL█мLм▌мнмлл▄B▄MмNL█NмLм▌нLмнлLLлL┌▄MмNL█▌мLм▌мM▌нLм▄MмNL█нмLм▌мLнлM█LлB▄MмNL▌мLммл█▌мл▄лмB▄MмNLнмLммнNNлл▄лл┌▄MмNLмLммнNNлл▄лл┌▄MмNLмнмLннLM▌л▄л▌B▄MмNLнмLнмLлM▄мB▄MмNLнNмLннLM▌л▄л▌B▄MмNLмLнмLлM▄мB▄MмNLNмLнлM▄Nмлмб▄MмNL▌мLнлL▄лNмB▄MмNLнмLнм▄Nл▄Lл█B▄MмNLмLнллNNл▄л█▄MмNLLM▌мLнMNнM▌л█LлLB▄MмNLLMнмLнMNнM▌л█LлLB▄MмNLLNмLнMNмLLлL▄лб▄MмNLMлNмLнлMNлнл┌▄MмNLMл▌мLнлMMлнлмB▄MмNLMмNмLNн▌мллB▄MмNLMм▌мLNн▌мллB▄MмNLMмнмLNнNлMллB▄MмNLMнмLNм▌Lнм▄лLB▄MмNLMнNмLLлLNмллм┌▄MмNLNмLLлL█лMLлN▄MмNL█лнмLмNлL▌ммLл█▄MмNL█ммLмNлLнл▄м┌▄MмNL█мNмLмNлL▌ммLл█▄MмNL█м▌мLмNлLнл▄м┌▄MмNLл▄NмL▌м█▄Nм▌LлнB▄MмNLл▄▌мL▌лл▌л▄лMB▄MмNLл▄нмL▌лл▌л▄лMB▄MмNLм█NмLMNлLNлL▄л▄┌▄MмNLм█▌мLMNлм█лL▄лMб▄MмNLм█нмLMNлм█лL▄лMб▄MмNLм▌мLMNлMнмл█▄MмNLм▌NмLMNлLNллмB▄MмNLмлмLM▌лмнмлл▌B▄MмNLмлNмLM▌лмл▌мLлM▄MмNLн▌мL▄Nм█Nллм▄MмNMмL▌м██▌нL▄м▄MмNMNмL▌ммнм▄л█┌▄MмNMLмL▌л█лNм▄лл┌▄MмNMLNмL▌NмлL▌лнлм▄MмNML▌мLлннNLлN▄MмNMLнмLлNл█▌мл▄л▄▄MмNMMмLлNл█▌мл▄л▄▄MмNMMNмLлNмL▌лNNLлн▄MмNMM▌мLлNлMNлнм┌▄MмNMNмLнNм▌мMLлL▄MмNM▌мLнNм▌мMLлL▄MмNM▄нмLнмм█▌мLлнB▄MмNML▄▌мLNNмNлLLм┌▄MмNMMнмLL▌лнNллнB▄MмNMN▌мLLMнмнNлMLнB▄MмNMNнмLLMнмнNлMLнB▄MмNMNмLLMнлLлNлLл▄лMб▄MмNM▄лмLLллм▄Nл▄л█б▄MмNM▄лNмLLлнLNмлл█▄MмNM▄л▌мLLлнLNмлл█▄MмNM▄лнмLLлмлNнл▄б▄MмNM█LмLLмNнмлл█б▄MмNM█LNмLLмNннлллB▄MмNM█L▌мLLмNм▌лM▄лб▄MмNM█LнмLLмNмлNмLлMб▄MмNM█нмLMNлLLлNлNLл┌▄MмNM█нNмLMNнL█нмLл▌B▄MмNM▌M▌мLMнлннм▄л█▄MмNM▌MнмLMнлм█Nл▄лн▄MмNM▌NмLMнм█MNм█Lл▌B▄MмNM▌NNмLMнMм▄л▄▄MмNNлNмLN▌ллммл▌B▄MмNNл▌мLN▌мM▌нLлLB▄MмNNлнмLN▌м▌Nнм▄MмNN▌мLNMнмнNм▄л▌▄MмNNмNмL▄мLнм▄л▄▄MмNNNмL▄▌лLLнNнм┌▄MмNNLмL▄нм▌NлмLл▄б▄MмNNLNмL▄ннL█нLлL▄MмNNL▌мL▄нлM█лнм┌▄MмNNLнмL▄нмм▌лM▄лмB▄MмNNLмL▄нмм▌лM▄лмB▄MмNNLNмL▄нлNNллл▄┌▄MмNNL▌мL▄нмM▄▌лLлл┌▄MмNNLL▌мL▄Nл█Mнмм▄MмNNLLнмL▄NмнNмLлLB▄MмNNL▄нмL▄L▌лнNмм▄MмNNL█мL▄L▌л█MNл▄нB▄MмNNMNмL▄Nлл█нл▄ллB▄MмNNM▄нмL▄█▌лLLNллл█▄MмNNM█мL▄█▌лLLлNллб▄MмNNNMNмL▄м▌ллNмллM┌▄Mм▄▌мL█NлM▄нмLлM▄Mм▄нмL█NмMлMLлNB▄Mм▄NNмL█M▌лL▌нLлL┌▄Mм▄▄мL█M▌мM█▌лLLлM▄Mм▄лNмL█NNмMллMLлм▄Mм▄л▌мL█NNмMллMLлм▄Mм▄L▌мL█▌Nл█▌мл▄л▄▄Mм▄LнмL█▌NнлLл▄▄Mм▄LмL█▌NлLнл▄▄н▄Mм▄LNмL█▌NмNнлл┌▄Mм▄L▌мL█▌Nл▄нн▄л▌B▄Mм▄MнмL█нNлNNлLллм▄Mм▄MмL▌м█л▄ллB▄Mм▄M▄▌мL▌▌лNMллм┌▄Mм▄NмL▌LлLммLлм▄Mм▄NNмL▌LлLммLлм▄Mм▄N▌мL▌L▌м▄лNмB▄Mм▄NнмL▌L▌м▄лNмB▄Mм▄NмL▌L▌мллл█▄лл▄Mм▄▄NмL▌MннMмлMллMб▄Mм▄▄лмLлнлN▌лLлл█┌▄Mм▄▄лNмLлнлL▄нлLллN▄Mм▄▄л▌мLлнлLLNлллL▄Mм▄▌нмLл▄Nлм▄▌л█Lллб▄Mм▄▌NNмLл█▌лLLмл▄л▌▄Mм▄лмLл█▌лNMNл█лм┌▄Mм▄лNмLл█▌лNMNл█лм┌▄Mм▄л█▌мLллнлLL▌лLлм▄Mм▄лл▌мLлмнлLнл▄▄лB▄Mм▄ллнмLлмнлLнл▄▄лB▄Mм▄ммLмнлMNм▄ллнB▄Mм▄мNмLмнлмлNнлMB▄Mм▄мLнмLмNл▄м▌м▄лл▄Mм▄мMмLмNмNнлLлL▄Mм▄м█▌мLмL▌лLLнлMNLлL┌▄Mм▄нмLм▄▌м▄Nл▄LлNB▄Mм▄LмLм█нL█▌мLллB▄Mм▄LNмLм█нL█▌мLллB▄Mм▄L▌мLм█нл▌м▄лM┌▄Mм▄▄мLм█ннMNмллм▄Mм▄нмLммл▄▄нмл▄б▄Mм▄NмLнммNллл█▄Mм▄LмLннL▌лLн▄Mм▄LNмLннL▌лLн▄Mм▄L▄NмLнLNлLнм▄▄м┌▄Mм▄L▄▌мLнLNллнл▄лLб▄Mм▄▄█▌мLM▌мN▌нMLнB▄Mм▄▄мNмL▄лLмнлнLл▄┌▄Mм▄▄м▌мL▄лLмнлнLл▄┌▄Mм▄▄мнмL▄мMллMLлнB▄Mм▄▄нмL▄лMLмNлN▄Mм▄█▌мL▄нмм█▌мLм┌▄Mм▄█нмL▄нмм█▌мLм┌▄Mм▄▌L▌мLмNммлLB▄Mм▄лммLмнNмLлм┌▄Mм▄лмNмLлмNлллл┌▄Mм▄лм▌мLлмNлллл┌▄Mм▄лмнмLNл▄NнLлм▄Mм▄лнмLNлм█нмм▄Mм▄лнNмLNл▄NнLлм▄Mм▄ммLNлм█нмм▄Mм▄мNмLNмM▌л▄л█б▄Mм▄▄мLм▌нMNмлм┌▄Mм▄NмLннLллм┌▄Mм▄▌мLнмMLнлллл▌▄Mм▄нмLннLллм┌▄Mм▄мLнмMLнлллл▌▄Mм▄NмLннл▄▄л▌▄Mм▄▌мLнл█л▄л▄б▄Mм▄нмLннLL▌лл▄лм┌▄Mм▄NNмLннNлLллN▄Mм▄LмLннNлLллN▄Mм▄LLNмLLллM▌л▄лл▄Mм▄LL▌мLLмLл▄лл█▄Mм▄LLнмLLмнмллм▄Mм▄LMмLLлLLLнмLллб▄Mм▄Lм▌мLNлLLNмLллмB▄Mм▄LмнмLNллнлLLлMб▄Mм▄M▄мLLлLл▌лLл█б▄Mм▄M▄NмLLлLл▌лLл█б▄Mм▄M▄▌мLLNнLнлMллмB▄Mм▄M▄нмLL▌м█нлML▄ллB▄Mм▄M█мLL▌нNNNмлм┌▄Mм▄NNмLLLнл▌лLлл┌▄Mм▄LNмLL▄лLлл█▄лнB▄Mм▄L▌мLL▄нмллб▄Mм▄LLнмLLнмл▄▄л▄▄Mм▄LMмLLнлLMлLлл▄┌▄Mм▄LMNмLLнм▄LнллB▄Mм▄LM▌мLLнлL▌млл▌B▄Mм▄LMнмLLнмN▌лLлнB▄Mм▄LL▄NмLMлMмнмнLллB▄Mм▄LLмNмLMм▄LNл▄лн▄Mм▄LLм▌мLMнMNл▌л▌▄Mм▄LLмнмLMнMNл▌л▌▄Mм▄LLнмLMNммнл▄▄лмб▄Mм▄LLнNмLMNлL▌л▄▄л█б▄Mм▄LMмLMNлLLнлNмB▄Mм▄L▄нмLMмNнNLм▄▄лLB▄Mм▄L▄нNмLMмNнNLм▄▄лLB▄Mм▄L██мLN▌лL▌лNLлM▄Mм▄L██NмLN▌лL▌лNLлM▄Mм▄L██▌мLN▌м▌MмLлл▄Mм▄LлLнмLNMм▌NмMлN▄Mм▄LлMмLNMм▌NмMлN▄Mм▄Lл▌мLNNлL▌лLLLл▄▄Mм▄Lл▌NмLNNнLNм▄мб▄Mм▄LллмLNNлLнNмLлм▄Mм▄LмNмLLмM█▌лLLл┌▄Mм▄LмнмLLннL▌лLлнB▄Mм▄LммLLнL█нмLлMб▄Mм▄LмNмLLмLMлLLлб▄Mм▄LмLмLLмL█нлнLллб▄Mм▄Lм█мLLL▌лM█нн▄лNB▄Mм▄Lм█NмLLL▌лм█Nл▄лм▄Mм▄Lм█▌мLLL▌лM█нн▄лNB▄Mм▄Lм█нмLLL▌лм█Nл▄лм▄Mм▄Lм▌мLLL▌лMллLл▄л█б▄Mм▄Lм▌NмLLL▌лN▌нLлMб▄Mм▄LнNмLL▄лL▌млл┌▄Mм▄LнNNмLL▄млнNмн▄Mм▄MмLL▄лм█нмлM▄Mм▄MNмLL▄м▄нLлMб▄Mм▄M▌мLL▄м▄нLлMб▄Mм▄MнмLL▄лLL▄лмLлнB▄Mм▄MмLL▄мн▌млл┌▄Mм▄MмLL▄нм█NNмNLлMб▄Mм▄MNмLL▄ннMмнлMLллб▄Mм▄MLмLL▄ннMмнлMLллб▄Mм▄MLNмLL▄нлмллмB▄Mм▄Mм▌мLLмNлLмNмн▄Mм▄MмLLнLнл▄▄мB▄Mм▄MNмLLнLнл▄▄мB▄Mм▄M▌мLLлL▌NмллMб▄Mм▄ML▌мLLMнннлLB▄Mм▄MLNмLLM▌мл▄▌лмлB▄Mм▄MLLмLLM▌мл▄▌лмлB▄Mм▄MLLNмLLM▌лMмMл▄б▄Mм▄MLL▌мLLM▌млнMллB▄Mм▄ML█нмLLNNм▄мнлм▄л▄б▄Mм▄ML▌мLLNNм▄мнлм▄л▄б▄Mм▄ML▌NмLLNNмLнл▄▄мB▄Mм▄MMлмLLлNл▄NнLлM┌▄Mм▄M▄▄▌мLLнлMNNнм▄Mм▄M▄▄нмLLнмM█▌лLLллB▄Mм▄M▄█мLLнмM█▌лLLллB▄Mм▄M▄█NмLLнл▄Nл█▄лMб▄Mм▄M▄█▌мLLнлл▄нмм┌▄Mм▄M█▌мLLлLLNмLLл▄б▄Mм▄M█нмLLмнNлMLлM┌▄Mм▄M█NмLLLнм▄лллл█б▄Mм▄M█NNмLLLнм▄▄млL┌▄Mм▄M██нмLLMнмм█мLллB▄Mм▄M█▌мLLMнлM█▌млLл█┌▄Mм▄M█▌NмLLMнл▄Nл█Lл▌▄Mм▄M█лмLLMннMNл▌л▄б▄Mм▄M█лNмLLMнлM█▌млLл█┌▄Mм▄M█л▌мLLMнл▄Nл█Lл▌▄Mм▄M█лнмLLMннMNл▌л▄б▄Mм▄MлM▌мLLLмNNлLLлл┌▄Mм▄MмнмLLLMнннл█▄Mм▄MммLLLMнннл█▄Mм▄MмNмLLLMнMNмл▄B▄Mм▄Mм█NмLLLNNлLLNммLлнB▄Mм▄Mм█▌мLLLNNлLLNммLлнB▄Mм▄NLNмLLLллLлL▄лб▄Mм▄NMнмLLLл▌мM▌л▄мб▄Mм▄NNмLLLл▌л▌L▌лLLм┌▄Mм▄NNNмLLLл▌м█Nл▄ллл▄Mм▄NмнмLLLмнлмнлL█LллB▄Mм▄NLлмLLM█▌мNNл▄▄лL┌▄Mм▄NLнNмLLMлNмNл▄▄ллB▄Mм▄NMмLLMлнллNл▄лл┌▄Mм▄NMNмLLMлннMнмLл▌▄Mм▄NM▌мLLMлнлL▄▌лMл▌B▄Mм▄NMнмLLMлнллNл▄лл┌▄Mм▄NMмLLMлннMнмLл▌▄Mм▄NMNмLLMлнлL▄▌лMл▌B▄Mм▄NMLмLLMммMнNмллб▄Mм▄NMLNмLLMммMнNмллб▄Mм▄NML▌мLLMмлMмнмнLлм▄Mм▄NNMNмLLNNлLLмнлMл█┌▄Mм▄NNM▌мLLNNм▄NлLлмB▄Mм▄NNMнмLLNNл▄нн▄лл┌▄Mм▄▄NмLLNлLLNллл▄B▄Mм▄▄LмLLNлLLNллл▄B▄Mм▄▄L▌мLLNLNнMNлLLлN▄Mм▄▄LнмLLNLNнMNлLLлN▄Mм▄▄MNмLLNMммлллм┌▄Mм▄▄M▌мLLNMлл▄▌мм┌▄Mм▄▄MнмLLNMлмLл▄лLB▄Mм▄▄NмLLNMнMMлLLл▄б▄Mм▄▄NNмLLNMмLL▌лNLлM┌▄Mм▄▄▄мLLNMмлл▄л▄┌▄Mм▄▄▌NмLLNMнлннм▄м┌▄Mм▄▄лмLLNMннмNмLл█▄Mм▄▄лNмLLNMнлLнNмLлнB▄Mм▄▄л▌мLLNMнлLнNмLлнB▄Mм▄▄мLL▄LNннмLмб▄Mм▄▄NмLL▄LNнNм▄нB▄Mм▄▄▌мLL▄LNнNм▄нB▄Mм▄▄нмLL▄LNмммNм▄мB▄Mм▄▄мLL▄LNллNл▄лмб▄Mм▄▄NмLL▄LNлMMнм█LлMB▄Mм▄▄LNмLL▄Nннллл▄▄Mм▄▄L▌мLL▄NNлL█NлM█мB▄Mм▄▄L▄нмLL▄█▌лL█нл▄л▄б▄Mм▄▄M▄NмLL▄нлLMNмлB▄Mм▄▄NMNмLL█нлLNнLн▄Mм▄▄NM▌мLL█нл█Mнмлм▄Mм▄▄NMнмLL█нммLмLлLB▄Mм▄▄NNмLL█нлLм▌м▄лл█▄Mм▄▄NNNмLL█мLлллMB▄Mм▄▄▄мLL█нлNлMл█б▄Mм▄▄▄NмLL█н▌мLлLB▄Mм▄▄▄▌мLL█нMNл▌м┌▄Mм▄▄▄нмLL█лMMNмнLлл┌▄Mм▄▄▄мLL█мнл▄▄лб▄Mм▄▄▄NмLL█Nмл▌лL▄м▄Mм▄▄▄▌мLL█Nмннл█б▄Mм▄▄█MNмLL██ллNмллMB▄Mм▄▄█M▌мLL██ммNлLлл▄┌▄Mм▄▄█MнмLL██ллNмллMB▄Mм▄▄█NмLL██ммNлLлл▄┌▄Mм▄▄██нмLL██нлмMNл▄л▄▄Mм▄▄█▌мLL██нм▄▄нлLмл▌▄Mм▄▄█▌NмLL██нлLLMNл█Lл█б▄Mм▄▄█лмLL██нмнNмллб▄Mм▄▄█мнмLL█лл▄млMлл┌▄Mм▄▄█нмLL█лл▄млMлл┌▄Mм▄▄▌NмLL█л▌лLNмллB▄Mм▄▄▌▌мLL█л▌лнMнллмB▄Mм▄▄▌нмLL█л▌лнMнллмB▄Mм▄▄▌мLL█л▌л▄▌лLлн▄Mм▄▄▌NмLL█л▌лMммнLм▄Mм▄▄▌L▌мLL█мNнLм▄лMB▄Mм▄▄▌LнмLL█мNм▄Nл▄лB▄Mм▄▄лNмLL█ннNлллл▄Mм▄▄л▌мLL█нллNм▄лB▄Mм▄▄л▄мLL▌м▌нлб▄Mм▄▄л▄NмLL▌мнлмLл┌▄Mм▄▄л▄▌мLL▌мнлмLл┌▄Mм▄▄л▄нмLL▌нMMлLLм▄Mм▄▄л▌мLL▌▌лNNлллMб▄Mм▄▄л▌NмLL▌▌лNNлллMб▄Mм▄▄лл▌мLL▌мл▌лLм┌▄Mм▄▄ллнмLL▌мл▌лLм┌▄Mм▄▄лммLL▌нM▌лNл█B▄Mм▄▄лмNмLL▌л▄нлLлнB▄Mм▄▄м▄NмLL▌M▌м▄Nл▄Lм┌▄Mм▄▄мл▌мLLлмнNлMLл█┌▄Mм▄▄млнмLLлNлLL▌ллл▌▄Mм▄▄нNмLLлNлLLнлMNLл▌B▄Mм▄▄нLнмLLлнлLMNлм▄лмB▄Mм▄█L▌мLLлLнлл▄млб▄Mм▄█LнмLLлLнлмNллмB▄Mм▄█MмLLлLнлLMлLллн▄Mм▄█мLLлл▌лнNлллM┌▄Mм▄█NмLLлммлMнB▄Mм▄█LмLLлммлMнB▄Mм▄█LNмLLлмнM▄нлNLлL┌▄Mм▄█L▌мLLлммLл▄ллл▄Mм▄█LMнмLLмлN▌лLлм▄Mм▄█MLмLLмнмNл▄LлLB▄Mм▄█MLNмLLмнлллNмLл█┌▄Mм▄█ML▌мLLмнлллNмLл█┌▄Mм▄█MMнмLLмLнNнлмB▄Mм▄█MNмLLмLнNнлмB▄Mм▄█MNNмLLмLл█▄▌млл█┌▄Mм▄█M▌мLLмMNл██м▄лMб▄Mм▄█M▌NмLLмMNмMлMл▌B▄Mм▄█▄▌мLLм█NлLLNмLLлм▄Mм▄█▄нмLLм█NлMнм▄лл▄B▄Mм▄█▄мLLм█NмNNNнMлмB▄Mм▄█▄NмLLм█NлMнм▄лл▄B▄Mм▄█▄LмLLм█NмNNNнMлмB▄Mм▄█▄LнмLLм█нм▄лннL▄л▌▄Mм▄██NмLLмнNлM▌млLлB▄Mм▄██LмLLмнNлMLNмлLл█▄Mм▄██LNмLLмнNлMLNмлLл█▄Mм▄██L▌мLLмнNм█Mннллмб▄Mм▄██LнмLLмнNмNнл▌B▄Mм▄██NNмLLнNм▌л▄Lл┌▄Mм▄██▄мLLнNм█мнлнLм▄Mм▄██▄NмLLнNнNL▌лMлн▄Mм▄██▄▌мLLнNнM█лNLлLб▄Mм▄█▌LнмLLнL▌м▄ллмB▄Mм▄█▌MмLLнL▌л▌млл▄▄Mм▄█лMNмLMм█LнмLн▄Mм▄█лM▌мLMм█LнмLн▄Mм▄█лнNмLMмNNлMLнB▄Mм▄█ммLMлм▄нл▄м▄Mм▄█м▄▌мLMM▌мLмнлNл▄┌▄Mм▄█м▄нмLMM▌лммнмлл┌▄Mм▄█м█мLMM▌лммнмлл┌▄Mм▄█м█NмLMM▌лLLм▄▄лLB▄Mм▄█н▌мLM▄нмм▄NлLLлм┌▄Mм▄█ннмLM▄нмм▄NлLLлм┌▄Mм▄█нмLM█ллнлLLлLб▄Mм▄█нNмLM█ллнлLLлLб▄Mм▄▌MнмLMлнлMNмлм┌▄Mм▄▌NмLMлнлмLNлллмб▄Mм▄▌█нмLMм▌мM▌нLлнB▄Mм▄▌▌мLMм▌л█▌млл▌▄Mм▄▌▌NмLMм▌лLнлLLмB▄Mм▄▌мLMмMнм█лм┌▄Mм▄▌NмLMмMнм█лм┌▄Mм▄▌L▌мLM▄мNл▄л▄б▄Mм▄▌NнмLMмNллNл▄л▄┌▄Mм▄▌NмLMмNм▄лннL▄лMB▄Mм▄▌NMNмLMнNм▄л▄лм┌▄Mм▄▌NM▌мLMнNлLннLлл┌▄Mм▄▌NMнмLMнNлNM▌лLLл▄б▄Mм▄л▌мLMMннMмлMлн▄Mм▄лнмLMMннMмлMлн▄Mм▄л▄NмLMLмMлMLлB▄Mм▄л█мLMLнлL▌л▄▄лB▄Mм▄л█NмLMLнлL▌л▄▄лB▄Mм▄лL▌NмLML▄нлLл▌лLл▄▄Mм▄лLлмLML▄нлLл▌лLл▄▄Mм▄лMмLML▌Nм▄▌лLLм┌▄Mм▄лMNмLML▌Nм▄▌лLLм┌▄Mм▄лM▌мLML▌NлLMнлм▄л▄B▄Mм▄лMLNмLMLлNллM▌л▄л▄┌▄Mм▄лML▌мLMLлNллM▌л▄л▄┌▄Mм▄лM▄▌мLMLммлMNлLLлNB▄Mм▄лM▄нмLMLммлMNлLLлNB▄Mм▄лM█мLMLммNлLLл┌▄Mм▄лMлNмLMLм▌лL▄нлMлNB▄Mм▄лNLнмLMM▌нM▌лмLлL▄Mм▄л▄мLMMLNмMNлNмб▄Mм▄л██▌мLMM█л█▌млмб▄Mм▄л██нмLMM█нLLнл▄лLB▄Mм▄л█▌мLMM█лмNNл▄лм▄Mм▄л█▌NмLMM█нLLнл▄лLB▄Mм▄л█лмLMM█лмNNл▄лм▄Mм▄лл▌мLMMмнMмLлB▄Mм▄ллнмLMMмлнLлL▄л█б▄Mм▄ллмLMMмнM▄Nл█лмб▄Mм▄ллнNмLMNммнлM▄л▄┌▄Mм▄лммLMNнMнммB▄Mм▄лмNмLMNнMнммB▄Mм▄лмMнмLMNNмMлMн▄Mм▄м▌мLM▄л█мл▄лм▄Mм▄мнмLM▄мнм▄ллB▄Mм▄ммLM▄лмлNнл▄┌▄Mм▄ммLM▄▌лнмлл▄▄Mм▄мNмLM▄▌лнмлл▄▄Mм▄мMмLM▄млнлллмB▄Mм▄мMNмLM▄нM▄▌лмлм┌▄Mм▄мнмLM▄▄нл▄█▌мл▌B▄Mм▄ммLM▄▄нл▄█▌мл▌B▄Mм▄мNмLM▄▄ннMл▌лM▄мB▄Mм▄мL▌мLM▄█Nм█NNмNLлнB▄Mм▄мLнмLM▄█NмнNмMLлM▄Mм▄мMмLM▄█NмнNмMLлM▄Mм▄мLNмLM▄ллNNлллл┌▄Mм▄мL▌мLM▄лмнLнмLм┌▄Mм▄мLнмLM▄ллмл▌мLнB▄Mм▄мLмLM▄лмнLнмLм┌▄Mм▄мLNмLM▄ллмл▌мLнB▄Mм▄м▄M▌мLM█NнMл█л┌▄Mм▄м▄MнмLM█NмLл▌л█▄Mм▄м██нмLM█мл▄▄нмлм▄Mм▄м█м▌мLM█мнм█м▌лнLлL▄Mм▄м█мнмLM█мнмн▌мллм▄Mм▄м█нмLM█мннNMNм▄ллN▄Mм▄м█нNмLM█мнн▌Nл█мB▄Mм▄мл▌NмLM▌LнLллLлл┌▄Mм▄мллмLM▌LнLллLлл┌▄Mм▄нLнмLMлLнмлNмLлL┌▄Mм▄нMмLMлLнмлNмLлL┌▄Mм▄нMNмLMлLннLLнл▄л▌B▄Mм▄нM▌мLMлLнлл▄млл┌▄Mм▄н▌мLMлMнмм▄нлLLмB▄Mм▄н▌NмLMлMнмл▌лL▄л┌▄Mм▄нлмLMлMнммNлNLл▄б▄Mм▄нLнмLMл▄▌м▌Lнм▄лN▄Mм▄нMмLMл▄▌лLM▌лMLлMб▄Mм▄н█▌мLMл█ннNNлMLл█б▄Mм▄н█нмLMл█нммлнмл▄B▄Mм▄н▌мLMл█нлLLлNлNLлMб▄Mм▄н▌NмLMл█нм█MNм█LлLб▄Mм▄нлмLMл█ннLL▌лл▄лMB▄Mм▄ннNмLMллNлмнлLлL▄Mм▄нмLMллNмL█нлнLлN▄Mм▄нNмLMллNмL█нлнLлN▄Mм▄нMмLMлмлNLNлL▄л┌▄Mм▄нMNмLMлмнNл▄м▄Mм▄нM▌мLMлмNннл▄лм┌▄Mм▄нLлNмLMмNмMMннлN▄Mм▄нLнмLMмнм▌лNлб▄Mм▄нLнNмLMмнмL█нлнLлм┌▄Mм▄нMмLMмнмL█нлнLлм┌▄Mм▄нMNмLMмнмLнNлL▄ллB▄Mм▄нM▌мLMмм█нллм▄Mм▄нMнмLMмлLLлNлNLлMб▄Mм▄нMмLMмлLLлNлNLлMб▄Mм█MNмLMм█Nм▌ллм┌▄Mм█M▌мLMм█Nл█M▌нлB▄Mм██мLMм▌м▌нлMл▄┌▄Mм██NмLMм▌м▌нлMл▄┌▄Mм█мLMмлнм█▌Nлмлн▄Mм█LNмLMммNнNM▌лMллб▄Mм█L▌мLMммNнNлLлм┌▄Mм█LNмLMнNнллнB▄Mм█L▌мLMн▌ммNллллB▄Mм█LнмLMн▌м▄NNл▄Lлн▄Mм█LMнмLMнLнл▄нNм▄лм▄Mм█LNмLMнLнлNLNлL▄лл┌▄Mм█MLмLNNм█лNллллM┌▄Mм█MMNмLNнлMллLл▄л▌B▄Mм█MM▌мLNнл█NNмлб▄Mм█MMнмLNнмLлNлLLл█б▄Mм█M▄NмLNNлмммB▄Mм█M▄▌мLNNлL▄нлLллб▄Mм█M▄нмLNNлмммB▄Mм█M█мLNNлL▄нлLллб▄Mм█MлNмLNлM▌лLLмB▄Mм█▄нмLNMнмл▄нлL█Lл█б▄Mм█▄мLNMнмMнлLлN▄Mм█▄NмLNMнлмлллM▄Mм█▄LмLNMннM█▌лMлл█┌▄Mм█▄MNмLNNNмLнл▄▄лнB▄Mм█▄M▌мLNNNмNнлL█Lмб▄Mм█▄MнмLNNNмNнлL█Lмб▄Mм█▄NмLNNNлLмлMлллB▄Mм█▄NNмLNNNмлнлLмB▄Mм█▄лмLN▄нм▄нLлMб▄Mм█▄лNмLN▄нл█нлNLлB▄Mм█▄мнмLN█NнMMлLLлMB▄Mм█▄нмLN█NнMMлLLлMB▄Mм█▄нNмLN█▌лLLNлллнB▄Mм██мLN█▌л▄LNм█лL┌▄Mм█▌LNмLNнNннммB▄Mм█▌L▌мLNнNмм▌лNLлNB▄Mм█▌LнмLNNннллллб▄Mм█▌MмLNNнLLNл▄ллB▄Mм█▌NNмLNннл▌м▄лB▄Mм█лмнмLNLннNнл▌лLB▄Mм█лнмLNLнл▄█▌млл▄Mм█лнNмLNLнл▄█▌млл▄Mм█ммLNLннLNм▄лN▄Mм█мNмLNLнмNлL█Lлл┌▄Mм█мNNмLNNлмNллм┌▄Mм█млNмLN▄▌мL▌м▄лMB▄Mм█нмLN▌л▄лLLм┌▄Mм█нNмLN▌мнмлм▄Mм█нLмLN▌мNNл▄лMB▄Mм█нM▌мLNлмNMNмMлмб▄Mм█нMнмLNлнM█лNLл█B▄Mм█нNмLNллL█мл▌B▄Mм█нNNмLNлмNлM█Lлн▄Mм█мLNлм▄лNлм┌▄Mм█NмLNллLNллллб▄Mм█NмLNмNлL▄NлMLл▌▄Mм█NNмLNмNлL▄NлMLл▌▄Mм██мLNнлLллM█нB▄Mм██NмLNнм▄█NмLLн▄Mм██▌мLNнм▄█NмLLн▄Mм██нмLNнммл▄б▄Mм█мнмLNнлмнмллб▄Mм█нмLNнлмнмллб▄Mм█нNмLNнмMлMLм▄Mм█нмLN▌н▄нлLллB▄Mм█мNмLNLNнLлNмлMB▄Mм█м▌мLNLNнLлNмлMB▄Mм█мнмLNLNнм▌мLл█┌▄Mм█мLNMмM█Nл▄ллмб▄Mм█NмLNMмLлнлMлмб▄Mм█LмLNMм█л▄лл▄б▄Mм█LNмLNMл▄млMлмB▄Mм█L▌мLNMмл▄NнLллB▄Mм█MнмLNMнлLLLлм▄лл▄Mм█NмLNMнмML▌нLллMб▄Mм█LNмLNLлNMнлL▄лмб▄Mм█L▌мLNLм█▄нмMLлL┌▄Mм█LнмLNLлNMнлL▄лмб▄Mм█LмLNLм█▄нмMLлL┌▄Mм█LNмLNLнLнм▌л▄б▄Mм█LLмLNLмMнл▄▄л█B▄Mм█L▌NмLNLнMNлLLлL┌▄Mм█LлмLNLнMNлLLлL┌▄Mм█LлNмLNLлLNллллL┌▄Mм█MNмLNLмNнNLлNB▄Mм█M▌мLNLм█нлллм┌▄Mм█MнмLNLм█мнлнLм▄Mм█MмLNLNлLлнлMLлл▄Mм█MNмLNLLмM▄нл▄лмB▄Mм█M▌мLNLLмM▄нл▄лмB▄Mм█MнмLNLLммL▌мллб▄Mм█M▄NмLNLLнлмNлллM┌▄Mм█M▄▌мLNLLнл▌NлMLлмB▄Mм█M▄нмLNLLнм█▄нмMLлмб▄Mм█▄NмLNL▌нл▄▄лм▄Mм█▄NNмLNL▌нл▄▄лм▄Mм█▄▄▌мLNLлм▌лL▄лL┌▄Mм█▄▄нмLNLллLM▌лMLл█б▄Mм██мLNLлнл▄▌лLлл█┌▄Mм██NмLNLлнм█лллб▄Mм██▌мLNLлнл▄▌лLлл█┌▄Mм██нмLNLлнм█лллб▄Mм██LнмLNLмнлMллLл▄мB▄Mм██MмLNLмнлMллLл▄мB▄Mм██MNмLNLмнл▄▄нмм┌▄Mм██M▌мLNLнлLLннLлм┌▄Mм██MнмLNLнлLLннLлм┌▄Mм██NмLNLнлмлнлNLлL┌▄Mм█▌мLNMмнмлнмLмB▄Mм█NмLNNнм▌мLл█б▄Mм█лNмLNN▌н▌мLл▌B▄Mм█л▌мLNN▌л██Nм▄нB▄Mм█лнмLNNMNнNNм▄лM▄Mм█нмLNNMнмнм▄лMб▄Mм█LнмL▄нм▄█NмLLлм┌▄Mм█LмL▄нм▄█NмLLлм┌▄Mм█LNмL▄нмMлMLн▄Mм█LM▌мL▄нм▄ннL▄лMB▄Mм█LMнмL▄нмLлнLнB▄Mм█LNмL▄нмLNNлLллLB▄Mм█LNNмL▄нмLлнLнB▄Mм█L▄мL▄нмLNNлLллLB▄Mм█L▄NмL▄нмLMлLLлMб▄Mм█L▄▌мL▄нлLMлLлм▄Mм█L▄нмL▄ннL█NлMллMB▄Mм█MMNмL▄MNм▄█NмLLл█▄Mм█MM▌мL▄M▌м▄█▌ммB▄Mм█MMнмL▄M▌л▄Lмл▄┌▄Mм█NNмL▄█мLнм▄л▄┌▄Mм█N▌мL▄█мLнм▄л▄┌▄Mм█NнмL▄█лLNлллL┌▄Mм█LLNмL▄л▌лLмлMлл█┌▄Mм█LL▌мL▄л▌нM▄Nл█лм┌▄Mм█L▄мL▄м▌м▌LNмLлN▄Mм█L▄NмL▄м▌м▌LNмLлN▄Mм█L█▌мL▄нн▌л▄ллл┌▄Mм█LмL▄LNлLлL▄лLб▄Mм█LNмL▄LNл█NNмлM┌▄Mм█LL▄NмL▄NNмMLNл█LлNB▄Mм█LL▄▌мL▄NNм█ллмLлMб▄Mм█LL▄нмL▄NNм█ллмLлMб▄Mм█LLмнмL▄▄▌л▄мнм▄лMб▄Mм█LLнмL▄▄▌лл▌лL█LлнB▄Mм█LLнNмL▄▄▌лLмNLмб▄Mм█LMNмL▄█▌нMлнлM▄м┌▄Mм█LMLмL▄█▌мMLлL▄лNB▄Mм█L█NмL▄Lнл█LнлLм▄Mм█L█NмL▄NмMмлL▄лб▄Mм█L█NNмL▄NмMмлL▄лб▄Mм█L█▄мL▄NлLнмMлл█▄Mм█L█▄NмL▄NNлLмNлLнLлн▄Mм█Lл▄мL▄LNлNNлLнB▄Mм█Lл▄NмL▄LNмL█▌лLлN▄Mм█LммL▄L▄нлMMNмнLл▄B▄Mм█MNмL▄LнNм█▄м█LлLб▄Mм█M▌мL▄LнNлL▌мLм▄Mм█MM▌мL▄ML▌млнмлL▄Mм█MMнмL▄ML▌мллмLм▄Mм█MLмL▄M█м█л▌ммLлнB▄Mм█MLNмL▄M█лмлNнл▄б▄Mм█MLмNмL▄MлNнLM▌л▄лл▄Mм█MLм▌мL▄MлNнLM▌л▄лл▄Mм█MLмнмL▄MлNл▄▄Nм▄▄м┌▄Mм█MMнNмL▄Nм▄нм▄л▌B▄Mм█MNLмL▄NNмнлMлL┌▄Mм█MNLNмL▄NNмнлMлL┌▄Mм█MNL▌мL▄NNлNннLл▌B▄Mм█MNLнмL▄NNмL█нлнLлLB▄Mм█MNMмL▄N▌л▄лLLл┌▄Mм█MNMNмL▄N▌л▄лLLл┌▄Mм█MNM▌мL▄N▌л▌NлNLлм┌▄Mм█M▄лмL▄NMлм█Nл▄лл┌▄Mм█M▄лNмL▄NMлм█Nл▄лл┌▄Mм█M█нмL▄NNNнLм▄л▌B▄Mм█M█лNмL▄▄▌ммLнмлB▄Mм█M█л▌мL▄▄нмлнлллл▌B▄Mм█M█лнмL▄▄нM█лNLл▌▄Mм█M▌LмL▄▄L▌нмллб▄Mм█M▌LNмL▄▄L▌нмллб▄Mм█Mм▌мL▄▄█▌лLNнLл█┌▄Mм█MмнмL▄▄█▌м█MннллL▄Mм█MммL▄▄█▌м█MннллL▄Mм█MмNмL▄▄█ннNм▄лм┌▄Mм█Mм▌мL▄▄█нлнNл▄█Lл█B▄Mм█MмнмL▄▄▌мнNLлM▄Mм█NлNмL▄█▄▌лLLнлMNLмб▄Mм█NмL▄█▌NмлM▄лм┌▄Mм█NLNмL▄█мNмNNлм█Lл█┌▄Mм█NL▌мL▄█мNнM▌лMллл▄Mм█NLнмL▄█мNм█лллB▄Mм█NLмL▄█мNлLNлL▄лмб▄Mм█NLNмL▄█мNм█лллB▄Mм█NLLмL▄█мNлLNлL▄лмб▄Mм█NLLNмL▄█мнл▌L▌лLLл┌▄Mм█NLM▌мL▄█нNмMмNмлл█B▄Mм█NLMнмL▄█нNлLLлNл▄B▄Mм█NLмNмL▄▌лм█нммB▄Mм█NLм▌мL▄▌лLNм▌ллB▄Mм█▄NмL▄лLNн█м▄лм▄Mм█▄▌мL▄лLNл▄мNмллNB▄Mм█▄MнмL▄лMNлLL█▌ллLмб▄Mм█▄NмL▄лMNмM▌л█лмB▄Mм█▄нмL▄л▄л▌Nмллб▄Mм█▄LнмL▄ллNл█мл▄л█B▄Mм█▄LнNмL▄лл▌м▌лLллMB▄Mм█▄MмL▄лл▌л▌L▌лLLлL┌▄Mм█▄MLмL▄лмнм▄▄▌мLмB▄Mм█▄MLNмL▄лмнм█нлML▄мб▄Mм█▄ML▌мL▄лмнлLLмLл▄▄Mм█▄MLнмL▄лмнлLLмLл▄▄Mм█▄MMмL▄лмнлм▄▌л█Lл▌▄Mм█▄M▌мL▄мNн█нлллмб▄Mм█▄M▌NмL▄мNн█нлллмб▄Mм█▄Mм▌мL▄млLл▌лLл█B▄Mм█▄▄NмL▄мLнммлм▄лл┌▄Mм█▄▄LмL▄мLнм█▌мLмB▄Mм█▄▄LNмL▄мLннMM▌л█лл█┌▄Mм█▄█м▌мL▄млнлLлNLлM┌▄Mм█▄█мнмL▄млнлNNлLллNB▄Mм█▄█нмL▄млнлLLL▌мLлMб▄Mм█▄█нNмL▄млнл▄м▄л▌▄Mм█▄▌мL▄млнл▄м▄л▌▄Mм█▄▌NмL▄млнмнNNм▄л▌▄Mм█▄▌▌мL▄млнмнл▄Lлмб▄Mм█▄▌MмL▄ммнл▄▌лLлM▄Mм█▄▌MNмL▄ммнл▄▌лLлM▄Mм██NмL█▄ннлнлLлм▄Mм██NNмL█▄ннлнлLлм▄Mм██LмL█▄ннMNлL▄ллB▄Mм██MMнмL█м▌мNнлL█Lмб▄Mм██MNмL█м▌лLLM▌мLлл▄┌▄Mм██MNNмL█м▌лLLM▌мLлл▄┌▄Mм██▄▌мL█Nм▄лллл█┌▄Mм███MмL█MнмMMм▄лL▄Mм████NмL█▄л█лм▄м┌▄Mм██▌нмL█▌нML▌нNлнB▄Mм██▌мL█▌нM█▌лMллмб▄Mм██▌NмL█▌нML▌нNлнB▄Mм██▌LмL█▌нM█▌лMллмб▄Mм██лNмL█мNмLл▌л█B▄Mм██лNNмL█мNл█нлNLлLб▄Mм██л▄мL█мNл█нлNLлLб▄Mм██л▄NмL█мNл▄млMлмB▄Mм██л▄▌мL█мNл▄ллLмB▄Mм██м▄мL█нм█м▌лнLл█┌▄Mм██м▄NмL█нм█м▌лнLл█┌▄Mм█▌NмL█LнлнMллмB▄Mм█▌█мL█NNлLLлNлNLлL▄Mм█▌лNмL█LL▌мнNм▄лн▄Mм█▌L▌мL█LNлNLнлLлм┌▄Mм█▌L█мL█L█нллMнл▄л█б▄Mм█▌Lл▌мL█L▌NлмMNл▄лм▄Mм█▌LлнмL█L▌NннлNLлн▄Mм█▌LммL█L▌Nм█мл█▄лMб▄Mм█▌MмнмL█LнNм▄▄▌мLл▌▄Mм█▌MнмL█LнNмLнл▄▄лл▄Mм█▌NMмL█MлмNлллнB▄Mм█▌NMNмL█MнMмлMллLб▄Mм█▌NM▌мL█MлмNлллнB▄Mм█▌NMнмL█MнMмлMллLб▄Mм█▌NNмL█MмлLNнл▄B▄Mм█лLNмL█Mм█▄▌м▄лллб▄Mм█лL▌мL█MмлNмLл█▄Mм█лLнмL█Mн█нллмб▄Mм█лMмL█Mн█нллмб▄Mм█лLNмL█MMнмL▄л▄ллNB▄Mм█лL▌мL█MMнмL▄л▄ллNB▄Mм█лNмL█M▌ммLNмLм┌▄Mм█лLмL█M▌ммLNмLм┌▄Mм█лLNмL█M▌л▌▌лM▄мB▄Mм█лMнмL█MлNлLNлллL▄Mм█лNмL█MлNнMNл▌лн▄Mм█лNNмL█Mл▌л▌L▌лLLмб▄Mм█лLмL█Mл▌мLнлLллN▄Mм█лLNмL█Mл▌мл▌мL▄л▄б▄Mм█лLMNмL█Mм▌м▌Nл▄л█┌▄Mм█лLM▌мL█Mм▌м▌Nл▄л█┌▄Mм█лLMнмL█Mм▌лLLм▄▄лMб▄Mм█лMNмL█NннL▌мллL▄Mм█лM▌мL█NннNM▌лMллнB▄Mм█лMнмL█NннNM▌лMллнB▄Mм█лMмL█NнлмNлллMB▄Mм█лMNмL█Nнл█L▌мLм▄Mм█лM▌мL█NннL▌мLлMB▄Mм█лMнмL█NмM█нл█ллM▄Mм█лMмL█NлLл▌лLлмB▄Mм█лMNмL█NлMMлнм┌▄Mм█лMLмL█NмM▄NлMLл▄B▄Mм█лMLNмL█NNлM▌лнм▄Mм█лML▌мL█NNлмNл▄л▄┌▄Mм█лMLнмL█NNнлNм▄лN▄Mм█лNM▌мL█NNннлM▄Mм█лNMнмL█NNнLL▌лл▄нB▄Mм█лNNмL█NNнLL▌лл▄нB▄Mм█л▄▄мL█▄▌лLLннLлмB▄Mм█л▄▄NмL█▄▌лM▄нмLм┌▄Mм█л▄▄▌мL█▄▌лM▄нмLм┌▄Mм█л▄▄нмL█▄▌м▄Nл▄Lн▄Mм█л▄█мL█▄▌лLMNлLлл▄┌▄Mм█л█NмL█▄MNмMлMлL┌▄Mм█л█NNмL█▄MNнMLнл▄мB▄Mм█лмNNмL█▄нмн▌мллл▄Mм█лм▄мL█▄нмLмNлNLм┌▄Mм█лм▄NмL█▄нлLMнлмLлмб▄Mм█лмлнмL██▌нNм▄мB▄Mм█лнNмL██лмMнмлMб▄Mм█лн▌мL██мм▌лLлм▄Mм█мMNмL██LNл▄нLлMB▄Mм█мM▌мL██LNл▄нм▄лб▄Mм█мMнмL██L▌м▄NлLллб▄Mм█мNмL██L▌м▄NлLллб▄Mм█м▄▌мL██▄нллл▄лл▄Mм█мL▌NмL█▌н▌мллMб▄Mм█мLлмL█▌н▌мллMб▄Mм█мMнNмL█▌M▌нLLNл▄лмб▄Mм█мNмL█▌M▌нLLNл▄лмб▄Mм█мNNмL█▌M▌л▄мнм▄мB▄Mм█мN▌мL█▌M▌лM▌лLLлLб▄Mм█мNNNмL█лл▌M▌ллLлM┌▄Mм█м▄мL█лл▌M▌ллLлM┌▄Mм█м█м▌мL█л▄NллNл▄м┌▄Mм█м█мнмL█л▄NллNл▄м┌▄Mм█м█нмL█л▄NлмNNл▄м▄Mм█м█нNмL█л▄▌нNлллл┌▄Mм█м▌мL█л▄▌нNлллл┌▄Mм█млл▌мL█лнNлL▌мLлмB▄Mм█ммM▌мL█м▌мнMNмлL┌▄Mм█ммMнмL█м▌нLлLлн▄Mм█ммNмL█м▌мнMNмлL┌▄Mм█ммNNмL█м▌нLлLлн▄Mм█мм▄мL█м▌лL▌млл┌▄Mм█мнNмL█мL▌млнмLм▄Mм█мн▌мL█мL▌мLNл█лм┌▄Mм█мннмL█мL▌мLNл█лм┌▄Mм█мнмL█мLнмNNлм█LлL▄Mм█мнNмL█мLнм█▌лML▄лл▄Mм█мнLмL█мLнлл▌л▄лл▄Mм█мнLNмL█мMлм█Nл▄л▌▄Mм█мнL▌мL█мMлм█Nл▄л▌▄Mм█мнLнмL█мMнLл▄▄лм▄Mм█нNмL█мNлM▌NлLллл█┌▄Mм█н▌мL█мNлM▌NлLллл█┌▄Mм█ннмL█мNл█лNм▄л▄B▄Mм█нмL█мNлLLнNнлMб▄Mм█нNNмL█м▄нлM▌лнл▌▄Mм█нмL█мм▌лLннLм┌▄Mм█нLлнмL█нм█NNмNLлL▄Mм█нLммL█нл▄нм▄л┌▄Mм█нMмL█нLNлLNNлм▄л▄▄Mм█нN▌мL▌нмNNлML▄лл┌▄Mм▌мL▌L▌лL▄лм▄лL▄Mм▌NмL▌L▌лM▄Nмллл┌▄Mм▌▌мL▌L▌лM▄Nмллл┌▄Mм▌нмL▌L▌л██нм▄лнB▄Mм▌MнмL▌MNл█LNмLмB▄Mм▌NмL▌MNл█LNмLмB▄Mм▌NNмL▌MNмлнл█┌▄Mм▌▌мL▌Nм█▄нмMLл▄B▄Mм▌▌NмL▌Nм▌NмMм┌▄Mм▌лмL▌NлLL▌л▄лл▄Mм▌L▌мL▌мнмMмнмLлL▄Mм▌LнмL▌мнм▄█NмLLлLB▄Mм▌▄NмL▌▄▌ммнлмLлн▄Mм▌█LмL▌лнлM█▌млLм▄Mм▌█LNмL▌лннLNллн▄Mм▌█лNмL▌нм▄MNмлнB▄Mм▌▌NмL▌нмNNл▄л█▄Mм▌▌LмL▌нмNNл▄л█▄Mм▌лNмL▌Nм█нлML▄л┌▄Mм▌л▄NмL▌MNммMмлнB▄Mм▌л▄▌мL▌MNмMNл▄м┌▄Mм▌лмнмL▌LнNNм▄лмб▄Mм▌лнмL▌LнNNм▄лмб▄Mм▌лнNмL▌Lлн▌м▄мB▄Mм▌ммL▌Lнм▌NмMл█B▄Mм▌мNмL▌LнлнMNмлM┌▄Mм▌мLмL▌LнмNнлLл▄B▄Mм▌мLNмL▌LнлнMNмлM┌▄Mм▌мL▌мL▌LнмNнлLл▄B▄Mм▌м▌NмL▌LNлMнлL▄лM┌▄Mм▌млмL▌LNн▄▌млл▄б▄Mм▌млNмL▌LNл▄▌мл▄л█б▄Mм▌мL▌LMнл▌▌нLлB▄Mм▌NмL▌LMнл▌▌нLлB▄Mм▌NмL▌LNNм█Mм▄ллнB▄Mм▌▌мL▌LNNм█Mм▄ллнB▄Mм▌нмL▌LNNм▌M▌мLлнB▄Mм▌NмL▌LмнлL▌млл┌▄Mм▌LмL▌LнмнNмLлN▄Mм▌LNмL▌LнмнNмLлN▄Mм▌L▌мL▌LнлLLнм█LлMB▄Mм▌LнмL▌LнNм█▄м█LлмB▄Mм▌MNмL▌MNлLл▄н▄Mм▌M▌мL▌MNл█Mнмл█▄Mм▌L▄мL▌MлL▌лLл▄лMб▄Mм▌L▄NмL▌MлL▌лLл▄лMб▄Mм▌M▌мL▌MMNлLLNллн▄Mм▌MLнмL▌MNNлм▄Nл▄л▄б▄Mм▌MMмL▌MNNлм▄Nл▄л▄б▄Mм▌MMNмL▌MNNм▄мNллл▌B▄Mм▌MNмL▌M▄Nм█лNллллLB▄Mм▌MNNмL▌M▄NлNMнлL▄ллб▄Mм▌M▄мL▌M▄NлNMнлL▄ллб▄Mм▌NM▌мL▌M▌м▌MнмMл▌B▄Mм▌NMнмL▌M▌NлL▌мллLб▄Mм▌NNмL▌M▌NлLMNмлмB▄Mм▌NNNмL▌MлнNнллн▄Mм▌▄мL▌MлнNнллн▄Mм▌▄NмL▌MлнлLлнлл▄л█B▄Mм▌▄LмL▌Mлнм█▌NлмллL▄Mм▌▄LNмL▌MлннL▌мLлMB▄Mм▌▄L▌мL▌Mлнл▌л▄Lлн▄Mм▌▌NNмL▌NNNл▌NлNLлLб▄Mм▌нмLл█Nлм█лL▄лLB▄Mм▌MмLлллLMнлм▄лB▄Mм▌MNмLлллM▌лнл▄б▄Mм▌M▌мLлллLMнлм▄лB▄Mм▌MнмLлллM▌лнл▄б▄Mм▌NмLллл▄▌мл▄нB▄Mм▌MмLллNнLллб▄Mм▌MNмLлмMм▌ллLм▄Mм▌LнмLлLNмлNмLл▌▄Mм▌LNмLлMNм█нллм▄Mм▌Lл▌мLл▄нLм▄лнB▄Mм▌LлнмLл▄Nмл█нлмлл█┌▄Mм▌NмLллннл▌лMлнB▄Mм▌NNмLллннл▌лMлнB▄Mм▌LLNмLлMл█▌мл▄лL┌▄Mм▌LL▌мLлMм▄Nл▌Lлб▄Mм▌LLнмLлMм▄Nл▌Lлб▄Mм▌L▄▌мLлMнл▄MнлMл█B▄Mм▌L▄нмLлMнллмнлLLлмб▄Mм▌L█мLлMнмлNлMлл▄┌▄Mм▌L█NмLлMнл▄MнлMл█B▄Mм▌L█▌мLлMнллмнлLLлмб▄Mм▌L█нмLлMнмлNлMлл▄┌▄Mм▌Lм▌мLлLмNлLLлб▄Mм▌LмнмLлLм▌Nнлм▄Mм▌LнмLлLнллMмб▄Mм▌LнNмLлLнллMмб▄Mм▌LLNмLлLнм▌мMLлMб▄Mм▌LL▌мLлLL▌нMлнлM▄лLB▄Mм▌LLнмLлLL▌нMлнлM▄лLB▄Mм▌LLмLлLL▌м█нNлMлл▄B▄Mм▌LLNмLлLL▌м██нм▌мб▄Mм▌LL█мLлLNNмLNлNLлB▄Mм▌LL█NмLлLNNнMл▌лM▄лM▄Mм▌LL█▌мLлLNNнMл▌лM▄лM▄Mм▌LLмнмLлL▄нмM▌нLлL▄Mм▌LMMнмLлL█ннлNм▄лM┌▄Mм▌LMNмLлL█ннL▌м▄лл┌▄Mм▌LMNNмLлL█ннлNм▄лM┌▄Mм▌LM▄мLлL█ннL▌м▄лл┌▄Mм▌LM▄NмLлL▌лL▄нлMлMB▄Mм▌LMммLлLлNм█▌Nлмлм┌▄Mм▌LMмNмLлLлNм█▌Nлмлм┌▄Mм▌LNMNмLлLмнмLлнLл▌B▄Mм▌L▄NмLлMнмлLLм┌▄Mм▌L▄▌мLлMнмлLLм┌▄Mм▌L▄нмLлMнлLLNмLлл█┌▄Mм▌L▄мLлMннLл▌лMLмб▄Mм▌L▄LмLлMNлLNNммLн▄Mм▌L▄LNмLлM▌лL█нлM█▄лмB▄Mм▌L▄LнмLлMллмммB▄Mм▌L▄нмLлMM▌м▄ннL▄лб▄Mм▌L▄нNмLлMM▌лLMNмл▄б▄Mм▌L█мLлMM▌м▄▄▌мLл▄б▄Mм▌L█нмLлMNNлLL▌ллм┌▄Mм▌L█мLлM▄млMм┌▄Mм▌L▌NмLлM▌NнMMлLLлB▄Mм▌L▌▌мLлM▌Nл█M▌нлN▄Mм▌L▌NмLлMлNнNм▄ллB▄Mм▌LмLмLлNLнNL▌лMлл┌▄Mм▌M▌мLл▄LNлLNм▌лб▄Mм▌MM▌мLл▄MNлMLмNл▌B▄Mм▌ML█▌мLл█Nлм█Nл▄н▄Mм▌ML█нмLл█Nм▌Lл▄лб▄Mм▌ML▌мLл█Nм▌Lл▄лб▄Mм▌ML▌NмLл█NлмMмLм▄Mм▌MLлмLл█NнNлMлL┌▄Mм▌MLлNмLл█NлMллLл▄м┌▄Mм▌MLл▌мLл█Nмллл█▄л▌▄Mм▌MLлнмLл█NнLл█▄м┌▄Mм▌MLммLл█▌лLм▌м▄ллB▄Mм▌MM█нмLл█Mнл▄нлLлл█▄Mм▌MM▌мLл█Mнм▌нлл┌▄Mм▌MM▌NмLл█Mнм▌нлл┌▄Mм▌M▄мLл██▌лLLNнлл▄Mм▌M▄M▌мLл█▌лNNнLлL┌▄Mм▌M▄MнмLл█▌нM▌лNлN▄Mм▌M▄NмLл█▌ммNлLллмB▄Mм▌M█MмLл▌лM▌NлLллл█▄Mм▌M█MNмLл▌лM▌NлLллл█▄Mм▌M█M▌мLл▌нNнл▌м▄Mм▌M█NNмLл▌▌л▄м▄лнB▄Mм▌M█▌мLл▌Nм▄▄млL┌▄Mм▌MлNмLл▌Mнм▌Lнм▄лл┌▄Mм▌MлNNмLл▌Mнм▌Lнм▄лл┌▄Mм▌Mл▄мLл▌Mнн▌нлNB▄Mм▌Mл▄NмLл▌MннLLNл▄нB▄Mм▌Mл▄▌мLл▌Mнмлл▄мб▄Mм▌MлмнмLллмл▄м▄Mм▌MлнмLллмнMнмлNB▄Mм▌MлнNмLлллLнLл█▄Mм▌MммLллNлл█▌млмB▄Mм▌MмNмLллNлнMллм▄Mм▌MмммLллMNлMнNлLл▄б▄Mм▌MммNмLллMNммLмLлL▄Mм▌Mмм▌мLллMNмMNмMллмб▄Mм▌MммнмLллMNлннLлм┌▄Mм▌NнмLллмлNNлLллн▄Mм▌NMмLллннM▄▌лмлмб▄Mм▌NLнNмLлм▄мNнлLм▄Mм▌NMмLлм▄NмнмллL┌▄Mм▌NMNмLлм▄NмнмллL┌▄Mм▌NM▌мLлм▄NмнNLлNB▄Mм▌NMнмLлм▄Nм▌Nл▄лM┌▄Mм▌NMMмLлм█▌мл▄м┌▄Mм▌NM▄NмLлм▌NлL█▌лLллб▄Mм▌NMлмLлмл▌нL█нLлмB▄Mм▌NNLNмLлмнн▄нлLлмB▄MмлNмLлн▌нM▌лMлллб▄MмлNмLлн▌мMNл▄л▌▄MмлNNмLлн▌млнмлLб▄Mмл▄мLлн▌л▄млMнB▄Mмл▄NмLлннм█▌мл▄л█┌▄Mмл▄▌мLлнмлллMб▄Mмл▄нмLлнлL▄лNнB▄Mмл█мLлнмNNлLLлнB▄MмллNмLлнLNнMNлLLл▄б▄Mмлл▌мLлнLNнMNлLLл▄б▄MмлMнмLлнNNм▄LNл▄лмб▄MмлNмLлнNNлNнлллN▄MмлL▌мLмLнлммнмллL┌▄MмлLNмLмMнм██▌нL▄мB▄MмлLNNмLмMнлNнLлн▄MмлL▄мLмMнмлнлллл▌B▄MмлL▄NмLмMнлNнLлн▄MмлL▄▌мLмMнмлнлллл▌B▄MмлL█NмLмNNл█NнLл█B▄MмлL█▌мLмNNл█NнLл█B▄MмлL█нмLмNNлLLлнл▄л▄▄MмлMNмLм█нлLL█нл▄▄л▄▄MмлMNNмLм█нлLL█нл▄▄л▄▄MмлM▄мLм█нмLнллл▄б▄MмлM▄нмLм▌NлL▌мллLB▄MмлM█мLм▌Nн▄▌л█ллм▄MмлM█NмLм▌NлL▌л▄▄лл┌▄Mмл▄▄нмLммл█NлL█Lл▄┌▄Mмл▄мNмLмн█нллн▄Mмл▄м▌мLмм█Mннллб▄Mмл▄мнмLмм█Mннллб▄Mмл▄нмLмнм▌мLлн▄Mмл█▄нмLмM▌м▌NмMл▄▄Mмл██мLмM▌лL▌Nмлл▄б▄Mмл▌нмLм▄▌мл▌лL▄ллB▄Mмл▌L▌мLм█млNнн▄Mмл▌LнмLм█млNнн▄MмллмLмLNлLLLлм▄ллB▄MмллNмLмLNлLLLлм▄ллB▄Mмлл▌мLмLNл█▄NлLл▄B▄MмлмLмLNнLNл▄▄лL┌▄MмлNмLмLNлL▄NлMLл█┌▄Mмл▌мLмLNл▌MNл▄▄лLб▄MмлMмLмLLнлнLNлL▄лB▄Mмл█мLмLMнлLLннLл█б▄Mмл█NмLмLMнлLLннLл█б▄MмлнмLмL▄NлNMлллL▄MмлNмLмL▄нмннмб▄Mмл▌мLмL▄нмннмб▄MмлLнмLмL▌Nм▌нлMл▄┌▄MмлLмLмLллLллM█м▄MмлLNмLмLллLллM█м▄MмлL▌мLмLлл▄▌нмB▄MмлLMнмLмLлнлмLNлллM▄MмлL█нмLмLмNлмNNл▄л█B▄MмлL▌мLмLмNнNмлм┌▄MмлMмNмLмMNмлM▄лм┌▄MмлMм▌мLмMNл█▌мл▄л┌▄MмлMмнмLмMNмлM▄лм┌▄MмлMнмLмMNл█▌мл▄л┌▄MмлMнNмLмMLм▌мMLл▄┌▄MмлNмLмMLм▌мMLл▄┌▄MмлNNмLмML▌лл▌NмлB▄MмлNNNмLмMMнн█NлMл█▄Mмл▄мLмMMнлм█лL▄м┌▄Mмл▄NмLмMMнмнм▄мб▄Mмл▄▌мLмMMнмнм▄мб▄Mмл██NмLмMл▌лMNлнмB▄Mмл██▌мLмMл▌млLNнм▄Mмл██нмLмMл▌млLNнм▄Mмл█нмLмMмNлL█▌л▄н▄Mмл█нNмLмMмNлL█▌л▄н▄Mмл▌NмLмMнNл█▄нмлл█B▄Mмл▌LмLмMнNнMлMллмб▄Mмл▌LNмLмMнNлн▌м▄мб▄Mмл▌L▌мLмMнNлн▌м▄мб▄Mмл▌LнмLмMнNлLлл▄лнB▄Mмл▌MмLмMнNмнNмMLм┌▄MмлммLмNMлLLмLLл▌B▄MмлмNмLмNMNл█NNмл▄▄MмлмLнмLмNMнлLL▄нлммB▄MмлмMмLмNMнлLL▄нлммB▄MмлмMNмLмNMнлNнлллMB▄MмлмNNмLмNNNлNM▌лLLн▄Mмлм▄нмLм▄Nм█NлMLл▄B▄Mмлм█мLм▄Nмммнм▄л▄┌▄Mмлм█NмLм▄NнLNлLлм▄Mмлм█▌мLм▄Nм█NлMLл▄B▄Mмлм█нмLм▄Nмммнм▄л▄┌▄Mмлм▌мLм▄NнLNлLлм▄Mмлм▌NмLм▄NлнMллллB▄MмлмлмLм▄Nм▄лNмб▄MмлмлNмLм▄Nммлм▄л▄▄Mмлмл▌мLм▄Nм▌NмLм▄MмлнLNмLм▄лLNлML▄ллб▄MмлнL▌мLм▄лLMNнNLл▄▄Mмл▌мLм▄LNм█лм▄лMB▄MмлLмLм▄LнлмнмллNB▄MмлLNмLм▄LнлM▄▌мMнB▄MмлL▌мLм▄LнлM▄▌мMнB▄MмлLнмLм▄LнлLм▌м▄лмб▄MмлMNмLм▄▄Nл█▄NлLлл▄MмлM▌мLм▄▄Nл█▄NлLлл▄MмлMNмLм█NлL▌млл▄▄MмлM▌мLм█NмлL▌лнл█┌▄MмлMнмLм█NмлL▌лнл█┌▄MмлMмLм█NнNNNмлм▄MмлMлNмLм█NNнL▌мLл█┌▄MмлMл▌мLм█NNм█▄нмMLлL▄MмлMлнмLм█▄лн▌м▄лMб▄MмлLMмLм█л▌м▄лNлмб▄MмлLMNмLм█л▌м▄лNлмб▄MмлLM▌мLм█л▌лL█лMLлL▄MмлLMнмLм█лнмL█NлмLлLB▄MмлLNмLм█лнлммNннB▄MмлL▄▌мLм█мNл█мл▄л▄▄MмлL▄нмLм█мNлN▌лLлм┌▄MмлLM▌мLм▌NнмлL▄MмлLMнмLм▌NмлнNмл▄B▄MмлLNмLм▌NмлMNлLLлм▄MмлLNNмLм▌NмMнмMлл█┌▄MмлLлмLм▌L▌мL▄▌лLLлMB▄MмлLлNмLм▌L▌лLL▌лNLн▄MмлLл▌мLм▌L▌лNMллл█▄MмлL▌мLм▌Mнмм▄нлLLлLB▄MмлLнмLм▌MнлNLмлM▄MмлLмLм▌Mнл▄M▌мNLм▄MмлLNмLм▌Mнм▄▌NллмB▄MмлLLмLм▌Mнл▄M▌мNLм▄MмлLLNмLм▌Mнм▄▌NллмB▄MмлLL▌мLм▌Mнлм█▌л▄лN▄MмлLLнмLм▌MнлLнлLлмб▄MмлLL█мLмлNмнNм▄лB▄MмлLL█NмLмлNл▄MNл▄лл█┌▄MмлLL█▌мLмлNл▄MNл▄лл█┌▄MмлLL█нмLмл▌мM▌лLлLб▄MмлLL▌мLмл▌млL▌лнлл▄MмлLMмNмLмлMнлLNмMллм▄MмлLMм▌мLмлMнмлнмлл▌▄MмлLMмнмLмлMнлLNмMллм▄MмлLMнмLмлMнмлнмлл▌▄MмлLMнNмLмлMннмл┌▄MмлLNмLмлMнмм█мLлMб▄MмлLNмLмлNNмML▌нLллM▄MмлLNNмLмлNNлLлL▄н▄MмлLN▌мLмлNNлLлL▄н▄MмлLNнмLмлNNнм▌лNLллб▄MмлL▄нNмLмл▌NмLнл▄▄л█б▄MмлL█мLмл▌NмLнл▄▄л█б▄MмлL█NмLмл▌Nллл▄лL┌▄MмлL█▌мLмллмLлнлMл▌B▄MмлL█нмLмллNлLL█▌ллLлLB▄MмлL█мLмлл▌лM▌NлLлллB▄MмлL█NмLмлл▌лM▌NлLлллB▄MмлL█▌мLмлл▌мLLлL▄лL▄MмлL█MNмLмлмNлMмMлMB▄MмлL█M▌мLмлмNнNM▌лMллм┌▄MмлL█NNмLмлмнмлллл▄MмлL█▄мLмлмннNнл▌лL▄MмлLлмNмLммM▌нLнNл▌л▄б▄MмлLлм▌мLммMннLNлMLлN▄MмлLлмнмLммMнлNлLм▄MмлLм▄нмLмм█нмнм▄лB▄MмлLм█мLмм█нмнм▄лB▄MмлLм█NмLмм█нллMNл▄л▄B▄MмлLм█▌мLмм█нмл▄лLб▄MмлLмлнмLмм▌NнLнNл▌ллб▄MмлLмммLмм▌NмнL▌нLл█┌▄MмлLммNмLмм▌NлLLNнлм▄MмлLмм▌мLмм▌NнNNмMллB▄MмлLнLмLммлнл█Mнмм▄MмлLнNмLммм▌лL█Nм▄▄лл▄MмлM▌мLммнмллнл█Lл▄б▄MмлMнмLммнNм▄Nмл▄б▄MмлMмLммнNмLM▌л▌м┌▄MмлMлмLмнNнMл▌лM▄мб▄MмлMLнмLнмн▌млмB▄MмлMMNмLнMннл▌лMлLB▄MмлMMNNмLнMнм▄▌мM▄м▄MмлMM▄мLнMнл▄▄▌л▄ллM┌▄MмлMM▄NмLнMнлLLмнлMлMB▄MмлMM▄▌мLнMнмLL▌лNLл█▄MмлMM▄нмLнNннNнлLб▄MмлMNNмLн▌NнNлNLлнB▄MмлM█мLн▌нLNлLлLб▄MмлM█NмLн▌мNNлLLл▌▄MмлM█LмLн▌лLLмNмLлнB▄MмлM██мLнLлL▌лLLLлл┌▄MмлM██NмLнLлL▌лLLLлл┌▄MмлM██▌мLнLл▄▄л█м▄MмлM█лNмLнLнлM█▌млLлL▄MмлM█л▌мLнLнм▌MнмMллB▄MмлM█лнмLнLнлLLмNмLлNB▄MмлM█ммLнLнлLLмNмLлNB▄MмлM█мNмLнLнл▌нлLллNB▄MмлMлнмLн█▌лNлллмB▄MмлMлмLн█▌лмнNмлN▄MмлMлNмLн█▌мннNLлNB▄MмлMлLмLн█▌лNлллмB▄MмлMлLNмLн█▌лмнNмлN▄MмлMлL▌мLн█▌мннNLлNB▄MмлMлLнмLн█▌лLлнлл▄лLб▄MмлMлл▌мLнлNлL▌мллB▄MмлMллнмLнлNлL▌мллB▄MмлMмMNмLнмM▄▌лLмб▄MмлMм▌мLнлм█Nл▄л▄B▄MмлMм▌NмLнлм█Nл▄л▄B▄MмлMмлмLнлLлLLLм┌▄MмлMн▌мLнLNлммлMLллB▄MмлMннмLнLNмлL▌лннB▄MмлMнмLнLNмлL▌лннB▄MмлMнLмLнMлMMлнм▄MмлMнLNмLнMм▄Nмл█б▄MмлMнL▌мLнMмлMнл▄ллнB▄MмлMнLнмLнMм▄Nмл█б▄MмлMнMмLнMмлMнл▄ллнB▄MмлMнMNмLнMм▌нлллM▄MмлMнM▌мLнMмNнлL█Lлл▄MмлMнMнмLнMлL█▌лLлM┌▄MмлMнNмLнMмл▌лL▄л█б▄MмлN▌мLнM▌нMNмLм┌▄MмлNлмLнLлLLнлNлб▄MмлNNмLнLLл▄▄▌л▄ллнB▄MмлN▄мLнLLнмM▌нLллб▄MмлNм▌мLнLMнлNNлLл█┌▄MмлNLнмLнL█NннмлL┌▄MмлNLмLнL█▌м▄Nл▄Lл█▄MмлNLNмLнL█▌м▄Nл▄Lл█▄MмлNL▌мLнL█нм▌нлллнB▄MмлNLнмLнL█нл█LнлLл█┌▄MмлNLмLнL█ннлNм▄л█B▄MмлNLMNмLнLлмNNлм█Lлм▄MмлNLM▌мLнLлмм▄▌лLLл▄б▄MмлNLмNмLнLмNлL█нл▄лL┌▄MмлNLм▌мLнLмNлнM▌мLллб▄MмлNMмLнLнллл▄нB▄MмлNMNмLнLнллл▄нB▄MмлNM▌мLнLнлLMNл▄▄лмB▄MмлNMнмLнMлнL▌млMB▄MмлNMнмLнMNл▌Nмлл█▄MмлNMнNмLнMNл▌Nмлл█▄MмлNNмLнMNмNNлLлм▄MмлNNNмLнMNмммллMB▄MмлNN▌мLнMNл▌млмб▄Mмл▄л▌мLнM▄Nмнмлл█B▄Mмл▄нмLнMлннNL▌лMм▄Mмл▄LMNмLнNнннл┌▄Mмл▄LM▌мLнNнннл┌▄Mмл▄LMнмLнNмMNлLм┌▄Mмл▄LNмLнNNнNNм▄лLб▄Mмл▄LNNмLнNNл██м▄лMб▄Mмл▄MнмLнNLм▄▌мM▄л┌▄Mмл▄M▄NмLнNMллLнл▄лNB▄Mмл▄M▄▌мLнNMллл▄лл┌▄Mмл▄M▌мLнNMнлмL▌лллM▄Mмл▄▄мнмMMNнLлNмл█б▄Mмл▄▄нмMMNм▌Nнм┌▄Mмл▄▄нNмMMNм▌Nнм┌▄Mмл▄█LнмMNлLL▌лLлн▄Mмл▄█MмMNлLL▌лLлн▄Mмл▄█MNмMNнLмNм▄лMб▄Mмл▄▌мM█▌мLNлLн▄Mмл▄▌NмM█▌л█мNнмб▄Mмл▄▌▌мM█▌лLмNлллмB▄Mмл▄▌нмM█▌л█▄▌мллнB▄Mмл▄▌мM█▌лLмNлллмB▄Mмл▄▌NмM█▌л█▄▌мллнB▄Mмл▄▌LмM█▌лмMмLнB▄Mмл▄▌LNмM█▌мнмLлM┌▄Mмл▄лмMлNнMлнлM▄ллб▄Mмл▄лLнмMмлNMллл▄B▄Mмл▄лMмMмнN▌лмлл█▄Mмл▄лMNмMмнN▌лмлл█▄Mмл▄лнNмM▌лLNNлм▄л▌B▄Mмл▄ммM▌лLNNлм▄л▌B▄Mмл▄мNмM▌нMмм▄Mмл▄м▌мM▌мLLннл▄┌▄Mмл▄мнмM▌мM█▌лLLлл▄Mмл▄ммMнннмлL┌▄Mмл▄мNмMнлл█▌млб▄Mмл▄м▌мMнлLлMлнB▄Mмл▄мнмMнлл█▌млб▄Mмл▄ммMнлLлMлнB▄Mмл▄мNмMм▄ннL▄мб▄Mмл▄мLмMлLL▄▌л▌лM┌▄Mмл▄мLNмMм█Nлллмб▄Mмл▄мL▌мMлл▌NмлнB▄Mмл▄м█нмMLNлLл▄лMB▄Mмл▄м▌мMLNллNNл▄лM▄Mмл▄м▌NмMLNм▄█▌млмB▄Mмл▄млнмMLнннммB▄Mмл▄мммMLнлL▄▌л█лLB▄Mмл▄ммNмMLнлL▄▌л█лLB▄Mмл▄мм▌мMLнлл█▌мллB▄Mмл█нмMNNл▄нLм┌▄Mмл█MмM█л▄л▌л▄л█B▄Mмл█MNмM█Nмм▌лLлл█▄Mмл█M▌мM█Nмм▌лLлл█▄Mмл█мMлNммм┌▄Mмл█NмMнNMм▄м┌▄Mмл█▌мMнннл▌B▄Mмл█нмMм█▌млN▄Mмл█мMнLNл▄▄лл▄Mмл█M▌мMNлммлB▄Mмл█MнмMLнNMм▄л▄б▄Mмл█NмMLнL▌лLлб▄Mмл█NNмMLмMNлLлB▄Mмл█LмMLмMNлLлB▄Mмл█LNмMLнNнлмB▄Mмл█L█▌мMNNмннNLн▄Mмл█LммMLNн▄нлLллM▄Mмл█LмNмMLNнMллмB▄Mмл█Lм▌мMLNнMллмB▄Mмл█LмнмMLNлLLмLLлл┌▄Mмл█LнмML▌ммнм▄мб▄Mмл█M▌мMLLннлллн▄Mмл█M▌NмMLLнм▌M▌мLм┌▄Mмл█MлмMLLнмLNлLллM┌▄Mмл█N▌мMLNмL█лLLлн▄Mмл█▄нмML█лл█нл▄ллB▄Mмл█▄мML█нLMNлNLл▄B▄Mмл█▄LмML█▌мNмлл▄┌▄Mмл█▄LNмML█▌нNллл▄┌▄Mмл█▄L▌мML█▌мLл▄ллLб▄Mмл█▄NNмML▌лLNNммLлмB▄Mмл█▄▄мML▌лLNNммLлмB▄Mмл█▄лNмMLлNммлмб▄Mмл█▄л▌мMLлNм▄мнлм▄м▄Mмл█▄лнмMLл▌л▌Lннм▄Mмл█▄ммMLл▌л▄█нмLлL▄Mмл█▄мNмMLл▌лLL▌лNLл▄▄Mмл██л▌мMMNнNL▌лMлMB▄Mмл██лнмMMNнNL▌лMлMB▄Mмл██ммMM▌нLлнLлLB▄Mмл██мNмMM▌нLлнLлLB▄Mмл█нNмMMлNм█▌Nлмлл▄▄Mмл█н▌мMMлNлLмNлLнLмб▄Mмл█ннмMMлNлL▄Nлм▄л█┌▄Mмл█нмMMл▌нMNл▌л▄б▄Mмл▌▌мMMм▌лMнNLлN▄Mмл▌NмMNмлммлл┌▄Mмл▌▌мMNммнNлLлл▌B▄Mмл▌л▌мMNMNмLL▌лNLлм┌▄Mмл▌лнмMNMNм█▌л▄м▄Mмл▌ммMNMNллм▄лLб▄Mмл▌мNмMNMNмLL▌лNLлм┌▄Mмл▌м▌мMNMNм█▌л▄м▄Mмл▌мнмMNMNллм▄лLб▄Mмл▌нмMNMNмммNм▄лN▄Mмл▌нNмMNMNл▄NнLлL▄Mмл▌LнмM▄нллMм┌▄Mмл▌LмM▄нллMм┌▄Mмл▌LNмM▄м▌M▌мLм▄Mмл▌LLнмM▄▌л▄лNмлмб▄Mмл▌LMмM▄▌ллM▌л▄лб▄Mмл▌LMNмM▄нмLM▌л▌ллB▄MмллмM▄▌л▄мнм▄мб▄MмллNмM▄▌нNл▄▄лл▄MмллMмM▄л▌мNл▄▄лнB▄MмллMNмM▄л▌мNл▄▄лнB▄MмллM▌мM▄л▌мMлмлн▄MмллM▌мM█▌лLNмMллLB▄MмлллнмM█нл▄█нмLлL┌▄MмллLлNмM█▄млнлLлн▄MмллLл▌мM█▄млнлLлн▄MмллLлнмM█▄мM▄▌лLл█б▄MмллNLмM█мнммNлллN▄MмллNLнмM█нNмL█лLLлL┌▄MмллNMмM▌нMMлLLлм▄MмллNMNмM▌м██▌нL▄лл┌▄MмллNM▌мM▌нMMлLLлм▄MмллNMнмM▌м██▌нL▄лл┌▄MмллNNмM▌млLNнлB▄MмллNNNмM▌NмNлL█LлM┌▄Mмлл▄мM▌▌лнннLл▄б▄Mмлл▄NмM▌▌лнннLл▄б▄Mмлл▄▌мM▌▌м█MNм█Lл▄б▄Mмлл▄лнмM▌LлL▄нлLлм┌▄Mмлл█▌мM▌LнмMNлMLлн▄Mмлл█нмM▌LнмMNлMLлн▄Mмлл█мM▌LнлмLNлллмб▄Mмлл█NмM▌LннNлллNB▄Mмлл█▄нмMлм▄лннL▄лL┌▄Mмлл██мMллLмнлнLл▌▄Mмлл██NмMллLмнлнLл▌▄Mмлл█м▌мMлнл█Mл▄ллB▄Mмлл█мнмMлнл▄м▌м▄мB▄Mмлл█нмMлнл▄м▌м▄мB▄Mмлл█нNмMлнм▌NмLлMB▄MмлллL▌мMлLнл▌Nл▄▄ллб▄MмлллLнмMлLнм█нL▄лмB▄MмлллMмMлLнммлмLллб▄MмлллнмMл▄нлL▌мLмB▄MмлллнNмMл▄нлL▌мLмB▄MмллммMл▄нлLм▌м▄лл▄б▄MмллннмMллнлLL█нл▄▄нB▄MмллнмMллнлLLмнлMлN▄MмллнNмMллнмNмллл▄MмллнLмMллнмNмллл▄MмллнLNмMлмлLнлLLлLб▄MмлмNмMлнNмLлM▄лM▄Mмлм▌мMлнNлн▌м▄мб▄MмлмLлмMм▌NммнлM▄н▄MмлмLлNмMм▌NнLнмLл▄▄MмлмLл▌мMм▌NлLлMLл▄┌▄MмлмLлнмMм▌NлLLNмлл▄B▄MмлмLммMм▌Nм█нNлMллL┌▄MмлмLмNмMм▌NлLлMLл▄┌▄MмлмLм▌мMм▌NлLLNмлл▄B▄MмлмLмнмMм▌Nм█нNлMллL┌▄MмлмLнмMм▌NммнNлLлмB▄MмлмMм▌мMмнNлLLл▌лNLл▄B▄Mмлм▄л▌мMнMмL▄NлMLл┌▄Mмлм▄лнмMнMмNл▄ллB▄Mмлм▄ммMнMм█▄Nм▌LлMб▄Mмлм▄мNмMнMмNл▄ллB▄Mмлм▄м▌мMнMм█▄Nм▌LлMб▄Mмлм▄мнмMнMмл█лL█LлмB▄Mмлм█L▌мMлмлллL▄Mмлм█LнмMм█NлнLлM▄Mмлм█MмMм█NлнLлM▄MмлмлMNмMMнн▌Nл█лб▄Mмлмл▌мM▄▌лM▌млLлL┌▄Mмлмл▌NмM▄▌лM▌млLлL┌▄Mмлмм█NмMммнNмMLлм▄Mмлмм█▌мMммнNмMLлм▄Mмлмм█нмMмм▌лM▄лб▄MмлмнмM▌нN▌лмлм┌▄MмлмнLнмMн▌мLл▄B▄MмлнMнмMLнлнлLллMB▄MмлнNмMLнLNNл█▄л▄┌▄MмлнM▌мM▌NлL▄нлMнB▄MмлнMнмM▌NлL▄нлMнB▄MмлнNмMлNмнNм▄лNB▄MмлнNNмMлNлм█▌л▄лM▄MмлнLмMлNлм█▌л▄лM▄MмлнLNмMлNнMMNмлм┌▄MмлнLNмMлнмлнлLм┌▄MмлнL▌мMлнмлнлLм┌▄MмлнMмMнмLнлM█Lл█B▄MмлнMNмMнмLнлM█Lл█B▄MмлнM▌мMнлл█▌мм┌▄MмлнML▌мMNлNNлLмB▄MмлнNNмMMнм▌LNмLл▌B▄MмммML▌мLнлLллм┌▄MммNмML▌мLнлLллм┌▄Mмм▌мML▌мMнлM▄лл┌▄MммMнмMLнл▄мллмб▄MммNмMLнл▄мллмб▄MммNмMLNNнNм▄лNB▄MммNNмMLNNмлMл█б▄Mмм█мML▄NмNнNLлMб▄Mмм█NмML▄▌мMнлM▄мб▄MммL▄мMLнNллнлLLл┌▄MммL▄NмMLнNллнлLLл┌▄MммL▄▌мMMмNлL█LлмB▄MммL▄нмMMNнлнлллб▄MммL█мMMNнлнлллб▄MммL█NмMMNм▄л▌лLлм┌▄MммLмNмMMм▄лLл▄▄MммLм▌мMMлL▄▌лMл▄B▄MммLмнмMMлL▄▌лMл▄B▄Mмм██нмMMм▌лл▄▌млL┌▄Mмм▌NмMN▌лLL▄NлмLлб▄MммлмMN▌лмлллмб▄MммлNмMN▌лмлллмб▄MммллмMNMл█мл▄ллL┌▄MмммNмMNNNнLNлLм┌▄Mммм▌мMNNNнLNлLм┌▄MмммнмMNNNммNллл█▄MммммMNNNлNNллл▌▄MмммMмM▄▌нLL▌лл▄лLB▄MмммMNмM▄▌нLL▌лл▄лLB▄MмммM▌мM▄▌мMнNмлл█б▄MмммMнмM▄▌нM▄▌лмллм▄MмммнмM▄LNмLNл▌лм┌▄MмммнNмM▄LNмLNл▌лм┌▄MммнLнмM▄MNмNNлML▄м▄MммнMмM▄MNнNLNлMмб▄MммнMNмM▄MNмлMлм▄Mмм█NмM▄█NнM▌NлMLллB▄Mмм█▌мM▄█NнM▌NлMLллB▄MммлнмM▄▌л▄лнлMлмB▄MммммM▄▌NнNM▌лMлллб▄MммнмM▄л▌нM▌лLLлM┌▄MммнNмM▄л▌лMнNлLлLб▄MммнмM▄мNнLлнл▄л█B▄MмммM▄мNмM█Nл▄ллM▄MммNмM▄мNм▄Nл▄Lл█B▄MммLмM▄мNмM█Nл▄ллM▄MммLNмM▄мNм▄Nл▄Lл█B▄MммL▌мM▄мNмM█Nл▄ллMб▄MммLнмM▄мNмNнNLл▄б▄MммMмM▄мNлLлLLLл▄┌▄MммMNмM█▌л█▌мллмB▄MммL▌мM█NнMнл▌нB▄MммMммM█ллLLмнлMл▄B▄MммMмNмM█лм█нллллб▄MммMм▌мM█лм█нллллб▄MммMмнмM█лNл██Nм▄м┌▄MммMнмM█лNл██Nм▄м┌▄MммNNмM█мNлLMлLллл┌▄Mмм▄NмM▌▌нNнмB▄Mмм▄▌мM▌▌нNнл▌л█б▄Mмм█NмM▌LNмлм▌л▄лм┌▄Mмм█лнмMлнлNм▄л█▄Mммм▌мMлNм▄Nл▄лнB▄MмммнмMлNм▄Nл▄лнB▄MмммнмMл▄▌л█▌мллнB▄MммммMл▄▌ммлм▄нB▄MмммNмMл▄▌ммлм▄нB▄MмммLмMл▄▌нMнNл█мB▄MмммLNмMл▄▌ллLNлL▄лл┌▄MмммL▌мMл▄нл█MNл▄лL▄MммLNмMлнлLLл▌лNLм┌▄MммL▌мMлнлмлллл▄MмммнмMм▌мMнл▄▄м▄MммнмMм▌мM▌мMллL┌▄MммNмMмлLMнNLлNB▄Mмм▌мMмлLMнNLлNB▄MммLLмMм█▌л█NнLл█B▄MммLLNмMм█▌л█NнLл█B▄MммLL▌мMм█▌нLнмLлMB▄MммLLнмMм█▌млMнл▄лл█б▄MммLMмMм█▌нL▌NлMлн▄MммL▌мMм▌NлL▌лLLLлMB▄MммL▌NмMм▌NлL▌Nмллл▄MммMлнмMнннNнлл┌▄MммLмMнMмл▌лLм▄MммLNмMнMNнLнNл▌л▄б▄MммL▌мMнMNн▌л▄▄л┌▄MммLнмMнMNнLнNл▌л▄б▄MммLмMнMNн▌л▄▄л┌▄MммLNмMнMNл█мNнлб▄MммLLмMнMNл▄лNмллM▄MммL█мMнNNл▄█NлM▄н▄MммL█NмMнNNл▄█NлM▄н▄MммL█▌мMнNNнллMл▄B▄MммLл▌мM▌лL▌NмллL┌▄MммLмNмMнL▌мLмB▄MммLм▌мMлNлллнB▄MммLмнмMлMнNLл█┌▄MммLнмMнLл▄▄л▄▄MммLнNмMнLл▄▄л▄▄MммLнмMнлLLNлллл┌▄MммLнмMNлмлнлNLл▌▄MммLнNмMNмл█NлL█LмB▄MммLмMNмл█NлL█LмB▄MммLLмM▄▌лLннLмB▄MммLLNмM▄▌нL▌л▄▄лB▄MммLL▌мM▄▌лLннLмB▄MммLLнмM▄▌нL▌л▄▄лB▄MммLLмM▄▌м█Mннлл┌▄MммLLNмM▄▌лLLMNл█Lлб▄MммLLлмM▌мнмлм▄MммLLлNмM▌мнмлм▄MммLLммMлмнNмLл█B▄MммLLмNмMлл▌NлNLлM┌▄MммLLм▌мMлмнм▄лMB▄MммLMNмMл▌л█нNл▄▄нB▄MммLM▌мMл▌лNллл▄B▄MммLM▌NмMNм█NлнLл█▄MммLMмнмMнм▌NмMLлN▄MммLMнмMнллNл▄лMB▄MммLMнNмMм█м▌лнLлм┌▄MммLNмMм▌LNмLлL▄MммLNNмMм█м▌лнLлм┌▄MммLN▌мMм▌LNмLлL▄MммLNнмMм▄▌Nллл▄┌▄MммL▄MNмMNNнMNлL▄лм┌▄MммL▄M▌мM▄лLNлLнLлMB▄MммL▄MнмM▄лNнллм▄MммL█нмM█ннMлнлM▄м┌▄MммL█▌NмMмNнNNнLлLб▄MммL█лмMмNмMлMл█б▄MммL█лNмMмNлнNNмLллб▄MммL█л▌мMмNмNNлMLл█┌▄MммL█лнмMмNм▄▌мLм▄MммL█ммMм▌м█MннллMB▄MммL█мNмMм▌нNмллм▄MммL█нNмMнNммлNм▄л▌B▄MммL▌LмMлNнллл█B▄MммL▌LNмMммNлнлLB▄MммL▌L▌мMлL█нл▄л█б▄MммL▌LнмMммNлнлLB▄MммL▌MмMлL█нл▄л█б▄MммL▌MNмMлLLм▄▄м▄MммL▌M▌мMм▌нлMллB▄MммLлNNмMLNнMNмллM▄MммLл▄мML▌м██NлMLллб▄MммLл▄NмML▌ллNмлмB▄MммLл▄▌мML▌лLлнлл▄л▌▄MммLл▄нмML▌мNлLLлл┌▄MммLл█мML▌л█NмллB▄MммLлнNмMM▌л▄LNм█мB▄MммLммMMнм█нллл█B▄MммLнLNмMLLмMлнл█Lл▌B▄MммLнL▌мMLLлLнлLLл▌▄MммMмMLMллмл▄нB▄MммMNмMLMмLNлLлNB▄MммMмNмML▄NлL▄лм▄м▄MммMмML█лмNл▄лLб▄MммMNмML█лMммнLл█┌▄MммM▌мML█лMммнLл█┌▄MммMнмML█м▌NлмLлнB▄MммMмML█NмMлмл▄┌▄MммMNмML█Nм▌Nнмб▄MммMMNмML▌NнM▄▌лмллL▄MммMM▌мMLлм▄Nл▄Lлмб▄MммMMнмMLллLLNмлл█б▄MммMNмMLлм▄Nл▄Lлмб▄MммMNNмMLллLLNмлл█б▄MммM▄мMLллM█▌млLллб▄MммMLNмMMнллмл▄л▄б▄MммML▌мMMннNNм▄л▄┌▄MммMLнмMMнмM▌Nл▄ллм▄MммMLL▌мMM▌мL▄NлMLлM▄MммMM▌мMM▄▌м█MNм█LлMB▄MммMNMNмMMл▌нMNмм▄MммMNM▌мMMл▌лм█Nл▄нB▄MммMNMнмMMл▌мLлM▄мB▄MммM▄лмMN▌м▄л▄мб▄MммM█мMN▌ннмLм┌▄MммM█NмMN▌ммLмLлмб▄MммM█▌мMN▌нм▌лNLл┌▄MммM█нмMN▌нLлLлл┌▄MммM█мMN▌нLлLлл┌▄MммM█▄NмMNMнL█▌мLлM▄MммM█▄▌мMNMнMNмлб▄MммM█▌мMNM▌лLнLл█B▄MммM█ммMNNNнл▄▄л█б▄MммM█мNмMNNNнл▄▄л█б▄MммM█м▌мMNNNм█лллMB▄MммM▌MнмMLNмLNл▌м▄MммMлмMLNлнLнмл█B▄MммMлNмMLNлнLнмл█B▄MммMлLмMLNл▌нлLллNB▄MммMлмнмMLMннLNмллL▄MммMлнмMLMннMмлMллL┌▄MммMлнNмMLMнмлнMнB▄MммMммMLMнлLM▌лMLлM▄MммMм█нмML█NнMмлN▄MммMм▌мML█Nм█Mннллм┌▄MммMм▌NмML█Nм█Mннллм┌▄MммMмммML█нлLмNмл█B▄MммMммNмML█нннм▄мB▄MммMмм▌мML█нннм▄мB▄MммMнMмMLл▌мMлмм▄MммNнNмMLMнлLLлнл▄лNB▄MммNмMLMнлLLлнл▄лNB▄MммNNNмML▄▌м▄ннL▄м┌▄MммNMнмML▌ннмллB▄MммNMнNмML▌лм█нмлнB▄MммNNмML▌лм█нмлнB▄MммNNNмML▌лLнм▄▄лм▄MммNNLнмMLNммM▌мLлL▄MммNNMмMLNлмNл▄л█▄Mмм▄▄▌мMLMнмммллM┌▄Mмм▄▄нмMLMнмммллM┌▄Mмм▄▌NмMLNNлNLNлL▄лмб▄Mмм▄нмMLLлммлMB▄Mмм▄лмMLLL▌нNNмллNB▄Mмм▄лNмMLLL▌лл▌Nмлн▄Mмм▄л▌мMLLL▌лл▄▌млM▄Mмм▄лнмMLLL▌нNNмллNB▄Mмм▄ммMLLL▌лл▌Nмлн▄Mмм▄мNмMLLL▌лл▄▌млM▄Mмм▄м▌мMLLL▌мNл▄м▄Mмм▄нмMLLMNлLLNммLлнB▄Mмм▄мMLLMNл█м▌лLLлM┌▄Mмм▄MнмMLLNлL▄Nлм▄ллB▄Mмм▄NмMLLNлL▄Nлм▄ллB▄Mмм▄LNмMLL▄NмL▌лNNLлLб▄Mмм▄L▌мMLL▄Nмл█NлL█Lл█б▄Mмм▄LнмMLL▄NмL▌лNNLлLб▄Mмм▄LмMLL▄Nмл█NлL█Lл█б▄Mмм▄MNмMLLл▌мнNм▄лн▄Mмм▄M▌мMLLл▌мнNм▄лн▄Mмм▄MнмMLLлнн▌л▄▄мB▄Mмм▄MмMLLлннLл█▄л▄B▄Mмм▄MNмMLLммнMнмлб▄Mмм▄M▄▌мMLMмлнлLл▄▄Mмм▄M▄нмMLMмлнлLл▄▄Mмм▄NMNмMLMнмннNLл▄┌▄Mмм▄▄M▌мMLMMлм▄л▄лм┌▄Mмм▄▄MнмMLMMлNнлллL▄Mмм▄▄NмMLMMлм▄л▄лм┌▄Mмм▄▄NNмMLMMлNнлллL▄Mмм▄▄нNмMLMNNлLлL▄лм┌▄Mмм▄█мMLMNNлLлL▄лм┌▄Mмм▄█▄▌мMLM█нм▌Nлмлл▌▄Mмм▄▌MNмMLMл▌лM▄NмлмB▄Mмм▄▌M▌мMLMлннM▄Nл█лм▄Mмм▄▌MнмMLMлнн▄нлMлM┌▄Mмм▄▌NмMLMлнлLMнNLлLB▄Mмм▄▌NNмMLMлнн▄нлMлM┌▄Mмм▄лмMLMлнлLMнNLлLB▄Mмм▄лмNмMLNNнM▌лMLлл▄Mмм▄лм▌мMLNNнM▌лMLлл▄Mмм▄лмнмMLN▌мMнмлл▌B▄Mмм▄м▄мMLNLлLMл▄▄л█▄Mмм▄ннмMLNM▌мл█лL█Lл▄┌▄Mмм█▌мML▄▌лL▄Nлм▄лM┌▄Mмм█нмML▄▌л█ннLлм┌▄Mмм█мML▄▌л█ннLлм┌▄Mмм█NмML▄▌ммNлллм▄Mмм█LмML▄▌лLлL▄лм┌▄Mмм█м▌мML▄NлLмLлнB▄Mмм█мнмML▄LнL█NлMллмB▄Mмм█нмML▄LмMM▌мLл▄┌▄Mмм█L▄▌мML▄▌NмMNлNлл┌▄Mмм█L▄нмML▄▌Nл▄нLлB▄Mмм█L█мML▄▌Nм▌MмLлMB▄Mмм█L█NмML▄▌Nм▌MмLлMB▄Mмм█MMNмML▄нл▄нLлNB▄Mмм█MM▌мML▄нмлм▌л▄лл▄б▄Mмм█MMнмML▄ннL█NлMлл▌B▄Mмм█M▄мML█лLMNнNLлнB▄Mмм█M▄NмML█лLNNммLлм┌▄Mмм█M▄▌мML█лLNNммLлм┌▄Mмм██MмML█▄▌ллL▌л▄мб▄Mмм██мнмML██▌лLнлLлл▄б▄Mмм██нмML██▌мLл▌лLLлLB▄Mмм██нNмML██▌м▄лNнL▄м▄Mмм█мMнмML▌нMнNл█лMб▄Mмм█мNмML▌м█мнлнLл▄B▄Mмм█мNNмML▌мLнллл▄B▄Mмм█м▄мML▌лNNлллл▄Mмм█м▄NмML▌Nмнм▄лл┌▄Mмм█м▄▌мML▌NнLMNлNLллб▄Mмм█м▄нмML▌Nл█LнлLлм┌▄Mмм█м█мML▌NмLнлMл█B▄Mмм▌мML▌M▌м▄нNлLлллB▄Mмм▌ммMLл▌лнNмн▄Mмм▌мNмMLл▌лLл▌лLлл┌▄Mмм▌м▌мMLл▌лNMнлL▄л▌B▄Mмм▌мнмMLл▌лLл▌лLлл┌▄Mмм▌нмMLл▌лNMнлL▄л▌B▄Mмм▌L▌мMLл▄▌м█нллл█B▄Mмм▌LнмMLл▄▌м█нллл█B▄Mмм▌LMмMLл█▌лLMNмлL▄Mмм▌LMNмMLл█нмM▌лLнB▄Mмм▌LмнмMLлл▌мннл█б▄Mмм▌LнмMLлл▌лнMнллл▄б▄Mмм▌LнNмMLлл▌ммлм▄лмB▄Mмм▌M█нмMLмм▄NNл▄LлLB▄Mмм▌M▌мMLмлн▌м▄лл┌▄Mмм▌M▌NмMLмлн▌м▄лл┌▄Mмм▌MнNмMLмнлмMнмл▄▄Mмм▌NмMLмнмMNNлMLл█B▄Mмм▌NNмMLмнм▄▄▌мLл▄▄Mмм▌N▌мMLмнлLNмLлB▄Mмм▌NнмMLмNмл▌лLлмб▄Mмм▌NмMLмNмл▌лLлмб▄Mмм▌NNмMLмNмNл▄лмB▄Mммл█NмMLмMнмMнл▄▄ллB▄MммллNмMLм▄NлM▄▌мMлнB▄Mммлл▌мMLм▄NнNM▌лMлл█┌▄MммлмMLм█NлLMNмл█▄MммлNмMLм█NнLNллмB▄Mммл▌мMLм█NлL▌ммLлм┌▄MммлнмMLм█NлL▌ммLлм┌▄MммлLмMLм▌NмнNм▄лб▄MммлNмMLмл▌ммNлLлл▄▄MммлNNмMLмл▌м▄нмLллB▄MммллмMLммNлLLLлм▄нB▄MммллNмMLммNлLLLлм▄нB▄Mммлл▌мMLммNнMлнлM▄л▄б▄MммлNмMLнNл▄мллм▄MммлLмMLнNн▄▌мллL┌▄MммлLNмMLнNн▄▌мллL┌▄MммлL▌мMLнNм█л▄ллMB▄MммлLнмMLнNнN▌лмллм▄MммлMмMLн▌нLлнл▄лл┌▄MммлMNмMLн▌л▌M▌ллLл█б▄MммлM▌мMLн▌лLLмNмLл▌B▄MммлMнмMLн▌л▌M▌ллLл█б▄MммлNмMLн▌лLLмNмLл▌B▄MммлNNмMLн▌лн▌м▄л▄б▄MммлMмMLнL▌лLмNLл█┌▄Mммл▄█NмMMMNмL▄нлMLл▄б▄Mммл█▌мMM▌л▄▌нлL▄Mммл█▌NмMM▌л▄▌нлL▄Mммл▌NмMMл▌лMLNмлLлLб▄Mммл▌▌мMMл▌н█нлM▄лB▄Mммл▌LNмMMмм▌▌л▄л█┌▄Mммл▌L▌мMMмлM▌млLл┌▄Mммл▌LнмMMмлм▄▌л█Lл▄B▄MммллмMMнн▄Nмлл█B▄MммллNмMMннL▄ннLл█┌▄MммллмMMнLмнлLLлMB▄MммллNмMMNлL▄нлMлл▄б▄MммлмNмMMLлLнNл█мб▄MммлмLмMMLмMлMLл▌▄MммлмLNмMMLлLнNл█мб▄MммлмL▌мMMLмMлMLл▌▄MммлмLнмMMLлL▄▌л█лB▄MммлмMмMMLNл▄мнм▄лLб▄MммлмMNмMMLNллMнл▄л█┌▄MммлмM▌мMMLNллMнл▄л█┌▄Mммлм█NмMMMм█м▌лнLл█б▄Mммлм█▌мMMMнNмллMB▄Mммлм█нмMMMм▄Nл▌Lл█▄Mммлм▌мMMMлLмNлллл▌B▄Mммлм▌NмMMMлLмNлллл▌B▄MммлмлмMMMн▌Nмллм▄MммлмлNмMMMннм▄лMB▄Mммлмл▌мMMMм▄█лL▄м▄MммлмлнмMMMNмL▌лNNLллб▄MммлмммMMMNм█NлнLлм┌▄MммлнмMMNлмнNмлB▄MмммнNмMMлNм█▌млLB▄Mммм█▌мMMнмLNл█лл▌B▄Mмммл▌мMM▌нL█нмLлLб▄MмммлнмMM▌нL█нмLлLб▄MмммммMM▌нMмлLB▄MмммL▄▌мMMMннM▌лмLлB▄MмммL▄нмMMMннM▌лмLлB▄MмммLнмMML▌мл█лL█LлMб▄MмммMM▌мMMLмNнNLлNB▄MмммMMнмMMLNлM▌NлLллм┌▄MмммMмNмMMLM▌м█NлLлл▄▄MмммMм▌мMMLM▌м▌Lл▄ллб▄MмммMмнмMMLM▌л▌Mнм▄лмб▄MмммMнмMMLM▌м▌Lл▄ллб▄MмммMнNмMMLM▌л▌Mнм▄лмб▄Mммм▄NмMML▄▌м█нллл█б▄Mммм▄▌мMML▄▌лLNNлм▄лмB▄Mммм▄нмMML▄▌лLNNлм▄лмB▄Mммм▄мMML▄▌лLL▌мLм▄Mммм▄NмMML▄▌ммMнлMллL┌▄Mммм▄нмMML█ллNнLл█B▄Mммм▄мMML█лLм▌м▄лм┌▄Mммм▄▄мMML▌л▄▄нммб▄Mммм▄▄NмMML▌л▄▄нммб▄Mммм▄▄▌мMMLлллNнLм▄Mммм█мMMLмNлLLMлнл█B▄Mммм█NмMMLмNлM▄▌мMлMB▄Mммм█▌мMMLмNлM▄▌мMлMB▄Mммм█нмMMLмNлLлнлл▄л█┌▄Mммм█мMMLмNмнл▄Lмб▄Mммм██NмMMM▌м▄лннL▄л▌▄Mммм██▌мMMM▌мL▌лNNLлм┌▄Mммм██нмMMM▌мL▌лNNLлм┌▄Mммм█▌мMMM▌млNлMлл█▄Mммм▌NNмMMMNнNм▄Lлн▄MмммлNNмMMMMNнM▌лNл█B▄Mммммм▌мMMM█Nм█LNмLлм▄MмммммнмMMM█NмLлнLлн▄MммммнмMMM█Nл█LNмLлMб▄MммммнNмMMM█Nл█LNмLлMб▄MмммнмMMM█NмM▄нл▄лл▄▄MмммнNмMMM█Nммл█▄MмммнмMMM█нн▄▌мллнB▄MмммнNмMMM█ннLNлLл█▄MмммнLмMMM█ннLNлLл█▄MмммнLNмMMM█нл█M▌нл▄B▄MммнлNмMMMнмлM▄м▄MммнмнмMMNлLнлML▄лL┌▄MммннмMMNлLнлML▄лL┌▄MммнлмMMNLNмнNNм▄лмб▄MммнNмMMNMNлMLмNлм┌▄MммнLLNмMM▄нMмLл█B▄MммнLL▌мMM▄нллл▄б▄MммнLLнмMM▄л▄▄нмл█б▄MммнLMмMM▄нллл▄б▄MммнLMNмMM▄л▄▄нмл█б▄MммнLM▌мMM▄лMл█мб▄MммнL▄мMM▄▌л██м▄лLB▄MммнL▄NмMM▄▌нM▌лмLлнB▄MммнL▄▌мMM▄▌нM▌лмLлнB▄MммнL▄нмMM▄▌нMLмлм┌▄MммнM█▌мMM▄MлLLмLл█б▄MммнM█нмMM▄Mм█▌млLB▄MммнNNмMM▄NNнмNмLлMB▄MммнN▌мMM▄NNллл▄лб▄MммнNнмMM▄NNммл▌мл▄▄MммнNLмMM▄▄Nнмлл┌▄MммнNLNмMM▄▄NннммB▄MммнNMNмMM▄█лLMNл▄▄м┌▄MммнNM▌мMM▄█ллнл▄л█┌▄MммнNMнмMM▄█лнмлл█▄Mмн▌мMM█м▌мMLм▄MмнLLNмMM█Mнм▌мMLлнB▄MмнLL▌мMM█Mнм▌мMLлнB▄MмнLLнмMM█Mнм▄▌мLл█▄MмнLMмMM█Mнл▄нм▄л▄б▄MмнMNмMM█▄нмл▌лLмб▄MмнM▌мMM█▄нм█NллллB▄MмнMнмMM█▄нм█NллллB▄MмнMмMM█▄нлLNлллм┌▄MмнMм▌мMM█м▌л█л▄л▄B▄MмнMмнмMM█м▌лLL█нл▄▄лLб▄MмнMнмMM█м▌лLL█нл▄▄лLб▄MмнMнNмMM█м▌ннNLл▄▄MмнN▌мMM▌лLLммLл▌B▄MмнNMнмMM▌мL▌м▄н▄MмнNNмMM▌мL▌м▄н▄MмнNNNмMM▌м▄L▌мллMB▄Mмн▄▄▌мMM▌LлL█Nм▄▄лL┌▄Mмн▄▄нмMM▌LNлMнм▄ллM┌▄Mмн▄█мMM▌LNлMнм▄ллM┌▄Mмн█мMM▌NNнлNлMмB▄Mмн██▌мMMлнлNLнлLлLб▄Mмн██нмMMллL█▌лLлM▄Mмн▌мMMлMнLNNл█▄м▄Mмнл▌мMMлNNлL▄нлLллN▄MмнлнмMMлNNлL▄нлLллN▄MмнлмMMлNNлLмнлMLлN▄MмнлNмMMл▄лLL▄лмLл█▄MмнлLмMMл▄м▄▄NлLLм┌▄MмнлLNмMMл▄м▄▄NлLLм┌▄MмнлL▌мMMл▄лL█Nм▄▄лM┌▄MмнлмNмMMл█NлMнNлLл▄▄Mмнлм▌мMMл█NлLLл▌лNLлMб▄MмнлмнмMMл█NлLLл▌лNLлMб▄MмнмNмMMллNмLLлL▄лLб▄MмнмNNмMMллNмLLлL▄лLб▄Mмнм▄мMMллNмNлL█Lлл┌▄MмнLмMMмLнл██Nм▄лNB▄MмнLNмMMмLнлLLм▌лLллм▄Mмн█мMMмM▌мнNLлм┌▄MмннмMMмNNлLлL▄лнB▄MмннNмMMмNNнлLм┌▄MмнMMNмMMммннNмм┌▄MмнMM▌мMMммннNмм┌▄MмнMMнмMMммнмлнмл█б▄MмнM█мMMмнNм▌лLллM▄Mмн▄NмMMнLNм▄л▄м┌▄Mмн▄▌мMMнLNмлNнлLб▄Mмн▄MнмMMнMлMMнм█LлN▄Mмн█NмMNннNLNлMлB▄Mмн█NNмMNннNLNлMлB▄Mмн█▄мMNнлLLннLлMб▄Mмн██▌мMNNн█м▄лн▄MмнлLNмMN▄NлмNNл▄м▄MмнлL▌мMN▄NлмNNл▄м▄Mмнлл▌мMN█▌мM█▌лLLл█▄MмнллнмMN█▌млNлL▄мB▄MмнлммMN█▌м█нNлMлл┌▄MмнлмNмMN█▌м█нNлMлл┌▄MмнмнмMNлл▌NлMLлB▄MмнммMNлл▌NлMLлB▄MмнмNмMNлмNнLлLб▄MмнмLмMNлнNм▄лMб▄MмнмLNмMNлл▄Nл█▄л█б▄MмнмL▌мMNлн▌лллLB▄Mмнм▄мMNлнмNнлLлB▄MмннNмMNNнMLмл▌B▄MмннNNмMNNнMLмл▌B▄MмнмMN▌мл▄лл▄MмнMнмMN█нM▄▌лмллL▄MмнNмMN█л▄нLлм▄MмнNNмMN█Nл▄█▌млл▄Mмн▄мMN█Nл▄█▌млл▄Mмн▄нмMN█нлмм▌мLлNB▄Mмн▌мMNл▌нNлMл▄┌▄MмнL█нмMNNнMNлLLл▄▄MмнL▌мMNNмLLннлM┌▄MмнL▌NмMN▌л▄█▌мнB▄MмнLлмMN▌ммлнмл█B▄MмнLлNмMN▌ммлнмл█B▄MмнMмMN▌л▄▄нмлM┌▄MмнMNмMN▌лL▌млл█б▄MмнMNмMNNнMлллM▄MмнLMNмMNLMнл▄L▌нLл▄B▄MмнLM▌мMNLNл█NNмлNB▄MмнLMнмMNLNлмM▌мнB▄MмнLмNмMNL▄▌нLнмLлL┌▄MмнLм▌мMNL▄▌лLLNлллб▄MмнLL▄нмMNLлнлLлMл┌▄MмнLL█мMNLмлLLмLм┌▄MмнLL█NмMNLмнMNл▌л█B▄MмнLL█▌мMNLмммM▌мLлM┌▄MмнLL█нмMNLмн▄NнLл█б▄MмнLMнмMNLмнмMлмлL┌▄MмнLMмMNLмнл▌NлNLл▄B▄MмнLMNмMNLмнл▌NлNLл▄B▄MмнLM▌мMNLмнмNNNнMлл▌B▄MмнLM▄NмMNMнмнмLм▄MмнLM▄▌мMNMнлLLNмллмб▄MмнLM▄нмMNMнлLммLлB▄MмнLM█мMNMнлLLNмллмб▄MмнLM█NмMNMнлLммLлB▄MмнLNмMNMлLL▌нLл┌▄MмнL▄мMNMLнмнMм▄н▄MмнL▄NмMNMLнм▄л▌лLлл▄▄MмнL▄▌мMNMLнм▄л▌лLлл▄▄MмнL█NNмMNM▌лMмLLлM┌▄MмнL█▄мMNM▌лMмLLлM┌▄MмнL██мMNMлNммNллллLб▄MмнL██NмMNMлNммNллллLб▄MмнL██▌мMNMлNмл▌лL▄л▄▄MмнL▌▌мMNMмнмLнлMмB▄MмнL▌M▌мMNNлLM▌м▄м▄MмнL▌MнмMNNлLM▌м▄м▄MмнLл█нмMNNнлLNмMллM┌▄MмнLл▌мMNNнмммNм▄лмб▄MмнLл▌NмMNNнмммNм▄лмб▄MмнLммMNNLмннлN▄MмнLмNмMNNLл▄MнлMл▄┌▄MмнLм▌мMNNLмннлN▄MмнLмнмMNNLл▄MнлMл▄┌▄MмнLммMNNLл██нм▄ллB▄MмнLммнмMNNNNмм█нмLл┌▄MмнLн▌мM▄NнNлLлл▄B▄MмнLннмM▄NнNлLлл▄B▄MмнMLнмM▄Nн▄мллнB▄MмнMMмM▄Nн▄NнLлл▄MмнMMNмM▄Nн▄NнLлл▄MмнMLNмM▄Nм▄█NмLLллб▄MмнM█нмM▄█мл▌лL▄лмб▄MмнM▌мM▄█мл▌лL▄лмб▄MмнM▌NмM▄█нMллл█▄MмнMлмM▄█мннлM┌▄MмнMлNмM▄█NнN▌л█ллM┌▄MмнMл▌мM▄█NлLL▌л▄лмб▄MмнMлнмM▄█NлLL▌л▄лмб▄MмнMммM▄█NнNLNлMнB▄MмнMмNмM▄█NнL▌мLм┌▄MмнMм▌мM▄█Nлл▌NммB▄MмнMLнмM▄л▌лNлLLлMб▄MмнMLмM▄л▌лNлLLлMб▄MмнMLNмM▄л▌лLLмLLл█б▄MмнMNNмM▄Lнл▌▌лM▄лм┌▄MмнMNмM▄MNлLмNLл▄▄MмнMNNмM▄MNлLмNLл▄▄MмнM▄▌мM▄█нL▌NлMлл┌▄MмнM▄▌NмM▄█нL▌NлMлл┌▄MмнM█MNмM▄▌Nм▄лNлм▄MмнM█M▌мM▄▌NмNнNLмB▄MмнM█MнмM▄▌NмNнNLмB▄MмнM▌NNмM▄▌мнмлл▌B▄MмнMлLNмM▄NмлмNмLлLб▄MмнMлL▌мM▄▌лM█▌млLл█B▄MмнMлNNмM▄лLнLл█б▄MмнMл▄мM▄лLMлMLлл┌▄MмнMм▄▌мM▄Lм▄▌лLLл█┌▄MмнMм▄нмM▄LNмMNлLлLB▄MмнMм█мM▄LNммLмLлм┌▄MмнMнLнмM▄LLNмнм▄м▄MмнMнMмM▄LLNлLлL▄л█┌▄MмнN▄NмM▄LMннMлNлLлLб▄MмнN▄нмM▄L▄ммлM┌▄MмнN█мM▄L▄м▌L▌мLлNB▄MмнN█NмM▄L▄ммлM┌▄MмнN█▌мM▄L▄м▌L▌мLлNB▄MмнN█нмM▄L▄м▌M▌мLлмб▄MмнN▌мM▄L▄мLNNлLллн▄MмнN▌NмM▄L▄лL▌NлMLллB▄MмнNлмM▄L▄мLNл▌ллб▄MмнNнмM▄Lлмм▌мLлб▄MмнNнNмM▄Lлмм▌мLлб▄MмнNмM▄Lлм▄█▌млN▄MмнNLмM▄LмNм▌NмLл▌▄MмнNLнNмM▄MнмлнлLлL▄MмнNMмM▄MннL▌л▄▄лNB▄MмнNMNмM▄Mнн▌Nл█лL┌▄MмнNMLнмM▄MLNмM█▌лLLлмB▄MмнNMMмM▄MLNм█▌мLл▄┌▄MмнNMMNмM▄MLNмM█▌лLLлмB▄MмнNMM▌мM▄MLNм█▌мLл▄┌▄MмнNM█NмM▄MMмMлнл█Lн▄MмнNM█▌мM▄MMмMлнл█Lн▄MмнNM█нмM▄MMNнLNлллLB▄MмнNM▌мM▄MMNмNллм┌▄MмнNM▌NмM▄MMNнLMNлNLм▄MнмM▄M▄NнMнл▌Lлл┌▄MнNмM▄M▄NмM▄лMLнB▄Mн▌мM▄M▄NнNNлMLл█┌▄MнMмM▄M█нNNлMLл▄B▄Mн█мM▄MнNмLм▌л█лNB▄Mн█NмM▄MнNмл▌л▄л█B▄Mн█▌мM▄MнNм▌мLл┌▄Mн█нмM▄MнNмл▌л▄л█B▄Mн▌мM▄MнNм▌мLл┌▄Mн▌NмM▄MнNнNNнLмб▄MнLнмM▄NNмнMNмл┌▄MнLмнмM▄NNл▄▄нмм┌▄MнLнмM▄NNнNмл┌▄MнMM▌мM▄▄нн█нлM▄лл┌▄MнM▄нмM▄▄▌лM█▌млLлнB▄Mн▄▌мM▄▄▄Nл▄лNмллLB▄Mн▄▌NмM▄▄▄NнMM▌л█ллн▄Mн▄лмM▄▄▄NлNMNл█ллнB▄Mн▄лNмM▄▄▄NнMM▌л█ллн▄Mн▄л▌мM▄▄▄NлNMNл█ллнB▄Mн▄лнмM▄▄▄NмлNNлл█LмB▄Mн▄м▌мM▄▄▄нм█лм▄лнB▄Mн▌мM▄▄мн█м▄л▄▄Mн▌NмM▄▄ммLл▄лмб▄Mн▌▌мM▄▄ммLл▄лмб▄Mн▌нмM▄▄млLMлMLмB▄Mн▌мM▄▄мм▄Nл▄Lллб▄Mн▌NмM▄▄млLмNLмB▄Mн▌▌мM▄▄мNлLLNмLлл┌▄MннMNмM▄██н█▌мнB▄MннM▌мM▄██нNM▌лMллLB▄MнNмM▄█▌мMлмлLB▄Mн▌мM▄█▌мNMNмMлм▄MннмM▄█▌мNMNмMлм▄MнM▌мM▄█лмNлLLлл▄Mн▌мM▄▌▌лмMмLл┌▄Mн▌NмM▄▌▌ллнлLLлл┌▄MнLнNмM▄лL▌нNм▄лб▄MнMмM▄лL▌нNм▄лб▄MнMLнмM▄лMNм▌M▌мLлLB▄MнNNмM▄л▌Nл█Nмллм▄Mн█мM▄мнмнNNм▄лL▄Mн█NмM▄мнлм▌нл▄┌▄Mн█LмM▄мл▌LннлнB▄Mн▌NмM▄мNNм▄▌лLLл▄B▄Mн▌NNмM▄мNNлL▌ммLлн▄MнлL▌мM▄м▄ннNнлм┌▄MнлLнмM▄м▄нмнмллLB▄MнлMмM▄м▄нллнл▄лмB▄Mнлм▌мM▄мл▌м█л▄лмB▄MнлмнмM▄мл▌нLNлLлMB▄MнлнмM▄мл▌м█л▄лмB▄MнлнNмM▄мл▌нLNлLлMB▄MнммM▄мл▌лммлмб▄MнмNмM▄мл▌ммMнлMлл█B▄MннLNмM▄ннмMлNнLлнB▄MннL▌мM▄ннмнл▄Lл▄B▄MннNмM▄нNлLLнлNмB▄MннмM▄ннLNлLл┌▄MнмM▄ннLNлLл┌▄MнMмM▄нLм▄лLл█б▄MнMNмM▄нLм▄лLл█б▄Mн▄нмM▄нMлллNмLлM▄Mн█мM▄нMмMл█▄м┌▄Mн█NмM▄нMмMл█▄м┌▄MнNмM█NмMLлL▄м▄Mн▌мM█NммNлллл┌▄MннмM█NнMNмллNB▄MнмM█NлLLмLLлLB▄Mнл▌мM█лLNлML▄лL┌▄MнлнмM█мNнNLлл▄MнL▌мM█Mнл▄млл█B▄MнLнмM█Mнл▄MнлMм┌▄MнLмM█Mнл▄млл█B▄MнLNмM█Mнл▄MнлMм┌▄MнL▌мM█Mнм█LNмLм▄MнL▄NмM█▄▌м▄нл▄лл▌▄MнL▄▌мM█▄▌лLNлL▄л┌▄MнL▄нмM█▄▌лLNлL▄л┌▄MнLл▌мM██л█мNнмB▄MнLлнмM██Nм▌Nл▄м┌▄MнLммM██Nммл▌мм┌▄MнLмNмM██Nм▄л▄лб▄MнLм▌мM██NлNMллм┌▄MнLмнмM██NлNMллм┌▄MнMNмM█лнNNNмлм▄MнMLмM█лнNNNмлм▄MнMLNмM█лл▄лLLл▄┌▄MнNNмM█нл▌л▄▄л█B▄MнNLмM█нл▌▌лM▄л▌▄MнNLNмM█нлM▌лнмB▄MнLM▌мM█▄▌м▌лLлл█┌▄MнLMнмM█▄▌лLм▌мл█┌▄MнLNмM█▄▌мннм▄л▄б▄MнLNмM█л▌мн▌млл█B▄MнLMLмM█MNмLLNлNлM▄MнLMLNмM█MNмMм▌ллLл▌▄MнL▄мM█LлLнNлLLмб▄MнL▄NмM█LлLнNлLLмб▄MнL▄▌мM█LNмMNлLлб▄MнL▄нмM█LNлMLNмлLлM┌▄MнL▄мM█LNмN▌лLлLB▄MнL▄NмM█LLмML▌нLллмB▄MнL▄▌мM█LLмML▌нLллмB▄MнL▄нмM█LLмM▄нл▄ллм┌▄MнL█MмM█LNNллL▌л▄н▄MнL██NмM█L▄нммMNмлN▄MнL▌▌мM█L▌лMл█нB▄MнL▌нмM█L▌NлLмлMлл█┌▄MнL▌мM█L▌NлLмлMлл█┌▄MнL▌NмM█L▌NмMнм█ллMб▄MнL▌LмM█LлмMлMLллб▄MнLл█нмM█MNллM▌л▄мB▄MнLл▌NмM█Mнннллм┌▄MнLллмM█MнлмнNмнB▄MнLллNмM█MнлмнNмнB▄MнLлл▌мM█MнлLMNнNLм┌▄MнLлмNмM█MNнNлLллл┌▄MнLлм▌мM█MNнNлLллл┌▄MнLлнмM█MнмM▄нл▄лл▄B▄MнLммM█MLNл▄▌лLлнB▄MнLмNмM█MLNл▄▌лLлнB▄MнMMмM█M▌нMNл▌мB▄MнMLLмM█NL▌лLNNлNмB▄MнMLLNмM█NL▌лLNNлNмB▄MнMLL▌мM█NL▌мMл▄л▌B▄MнMLLнмM█NL▌лL▄лL▄л█┌▄MнMLMмM█NL▌мннм▄л▄▄MнMLMNмM█NL▌лLL▄▌л▌л█▄MнML▄мM█NMлLнмMлл▄б▄MнMMNмM█▄нлML▌м▄лмб▄MнMM▌мM█▄нм▌NлмллнB▄MнMMнмM█▄нм▌NлмллнB▄MнMMMмM█▄ннLлNмм┌▄MнMMMNмM█▄нмNNлMLл▌B▄MнMNMмM█▄MNл▌NлNLм┌▄MнMNMNмM█▄MNл▌NлNLм┌▄MнM▄NмM█▄▄NнMлMлл█б▄MнM▄NNмM█▄▄▌лмлмл▄B▄MнMллмM██LнLнNл▌л█B▄MнMллNмM██Lм▌мMLлM┌▄MнMлл▌мM██LNлмNNл▄ллб▄MнMллнмM██LNл▄▄Nм▄▄л▌▄MнMлммM██LNлLL▄лмLлмб▄MнMмLNмM██M▌млLнмNл┌▄MнMмL▌мM██M▌млLнмNл┌▄MнMмLнмM██M▌мнNм▄н▄MнMнмM███ммлмLм┌▄MнMнNмM███м▌нлллмб▄MнMн▌мM███нLнлMллMB▄MнMннмM███ммMнлMллM┌▄MнNнмM██▌мнNмлл▌B▄MнNмM██▌л▄лнлMллMб▄MнNLнмM██лNл█NNмл▄B▄MнNMмM██лNлLLмLLл▄┌▄MнNLнмM█▌▌нLNлLлL▄MнNMмM█▌▌лLLNнл┌▄MнNMNмM█▌▌лLLNнл┌▄MнNM▌мM█▌▌нMнLлM┌▄MнN▄▌мM█▌нMMNмлнB▄MнNL▌мM█лNлнNNмLлн▄MнNLммM█лLNмнNмLлNB▄MнNLмNмM█лLNм█▄Nм▌Lл█B▄MнNMNмM█лMNм▌MмLл█▄MнNMLNмM█лMнлMнм▄ллб▄MнNML▌мM█лMнлL█NлM█л█▄MнNMLнмM█лMнмM█нл█лм┌▄MнNNLнмM█ллNнNNлл▄нB▄MнNNMмM█ллNмнNлMLмB▄Mн▄▄нмM█лнлNLмл█┌▄Mн▄█мM█лнNлLLнNнм▄Mн▄█NмM█лнNлLLнNнм▄Mн▄█мM█мл▄Nм▄м┌▄Mн▄█NмM█мннлллN▄Mн▄NмM█мMNнM█нлNLлMB▄Mн▄▌мM█мMNнM█нлNLлMB▄Mн▄нмM█мMNлLLммLл▌B▄Mн▄L▌мM█м▄NнLMлNLл▄▄Mн▄LнмM█м▄Nмлм▌л▄лллб▄Mн▄LмM█м▄NллNм▄лMB▄Mн▄LNмM█м▄Nл▌LNл▄Lм▄Mн▄LLмM█м▄Nмлм▌л▄лллб▄Mн▄LLNмM█м▄NллNм▄лMB▄Mн▄LL▌мM█м▄Nл▌LNл▄Lм▄Mн▄LM▌мM█м█лLLNмLLлLб▄Mн▄MMмM█млнлLLNнмB▄Mн▄MMNмM█ммм██NлMLллB▄Mн▄M█нмM█мнлM▄м▄Lл▄┌▄Mн▄M▌мM█мнлM▄м▄Lл▄┌▄Mн▄NL▌мM█н▌нM█▌лMлллB▄Mн▄▄мнмM▌нM▌л█LлLб▄Mн▄▄нмM▌лM█▌млLл█б▄Mн▄▄нNмM▌н▄мLм▄Mн▄█ммM▌нллл▄▄Mн▄лLнмM▌▄NмLнлLллL▄Mн▄лMмM▌▄Nм▄мнлм▄лN▄Mн▄лMNмM▌▄Nм▄мнлм▄лN▄Mн▄ллнмM▌█Nл▌L▌лLLл┌▄Mн▄лммM▌█▌м▄█лL▄м┌▄Mн▄ммM▌лл▄Nл█▄лл┌▄Mн▄мNмM▌лнMнмлM▄Mн▄м▌мM▌лннл▄л█б▄Mн▄м█NмM▌млML▌м▄лм┌▄Mн▄нNмM▌▌ммм▄Mн▄н▌мM▌▌лLLллNLм┌▄Mн▄ннмM▌▌лLLллNLм┌▄Mн▄нмM▌▌н▄нлMм▄Mн▄нNмM▌▌лMмнмнLлN▄Mн▄нLмM▌▌нMлл█лн▄Mн▄нMNмM▌NлLMнлмLм┌▄Mн█MнмM▌Lл█NнLм┌▄Mн█NмM▌LлLL█л█Lл█┌▄Mн█NмM▌NNлMNNнл█┌▄Mн█NNмM▌NNнM▌лMллLб▄Mн█▄мM▌NNммMNмллB▄Mн█▄NмM▌NNммMNмллB▄Mн█▄▌мM▌NNл█нNл▄▄л▄б▄Mн█NмM▌█NлLMнлмLм┌▄Mн█▌мM▌█NлL█нлM█▄лM▄Mн█нмM▌█NлL█нлM█▄лM▄Mн█мM▌█NнMмNлMллN▄Mн█NмM▌█NмлM▄л▄B▄Mн█LнмM▌▌NмMлMLлL▄Mн█MмM▌▌NнLмNм▄л█B▄Mн█LNмM▌лнм█нNлMлн▄Mн█LлмM▌мннNнм▄л█B▄Mн█MнмM▌Nм▄MNмллнB▄Mн█MмM▌Nмннлм▄Mн█N▌мM▌Lнм█нLLл▄б▄Mн█NнмM▌Lнм█нLLл▄б▄Mн█▄LнмM▌Nмн▌мLн▄Mн█▄MмM▌Nмн▌мLн▄Mн█▄MNмM▌Nм▄мнлм▄лN▄Mн█▄M▌мM▌NмMNл▄л█б▄Mн██LNмM▌Lмл█лL█Lлм▄Mн█▌M▌мM▌LNNм▄лннL▄лб▄Mн█▌MнмM▌LNNм▄лннL▄лб▄Mн█▌NмM▌LNNлLLлNл▄▄Mн█▌NNмM▌LNNлLLллNLмB▄Mн█лм▌мM▌L▌NлLнлML▄л┌▄Mн█лмнмM▌Lлн█▌млм▄Mн█ннмM▌Mнл█Lм▄лLб▄Mн█нмM▌Mл█л▌нLлмB▄Mн█нNмM▌Mл█ннLлLб▄Mн█нLмM▌Mм▌лLллN▄Mн█нLNмM▌MнлNлMл▌▄Mн█нL▌мM▌MNнNM▌лMллM▄Mн▌MнмM▌M█▌лLлнлMLлн▄Mн▌ммM▌MллLLNнмб▄Mн▌мNмM▌MлмлNмLлMB▄Mн▌NмM▌MлнлLнл▄▄м┌▄Mн▌LнмM▌MмнмнMнмл█б▄Mн▌MмM▌Mмнмл▄млLл▌B▄Mн▌MNмM▌Mмнмл▄млLл▌B▄Mн▌M▌мM▌MмнлLлMл▌B▄Mн▌L█NмM▌NнлL▌мллLB▄Mн▌L█▌мM▌NлLMNлLллMB▄Mн▌MMмM▌NLNлNMнлL▄лMб▄Mн▌MMNмM▌NLNлNMнлL▄лMб▄Mн▌MнмM▌NMнлLNммLмB▄Mн▌MнNмM▌NNлL█лMLм▄Mн▌NмM▌NNлL█лMLм▄Mн▌NNмM▌NNннн▄MнлммMл▄▌мнNNм▄лб▄MнлмNмMл▄▌мнNNм▄лб▄Mнлм▌мMл▄▌м▄▌Nллм┌▄MнлмнмMл▄▌м▄нNлLлл█┌▄MнлнмMл▄нл▄▌лLлN▄MнлMмMлNм▄Nл▄Lл▄B▄MнлMNмMл▌лL▌мллн▄MнлM▌мMл▌нM▄Nл█лмB▄MнлM▌мMлNл█м▄л▌B▄MнлM▌NмMлNл▄нLлл┌▄MнлMлмMлNм█▌млM▄Mнл▄MNмMл▄NнMмлм┌▄Mнл█лNмMлмнм█ллмLм┌▄Mнл█л▌мMлмннMNл▌н▄Mнл▌NмMл▌л▌л▄Lм┌▄Mнл▌LмMл▌л▌л▄Lм┌▄Mнл▌L▌мMллллмLлB▄Mнл▌LнмMлнL▌лMлл┌▄Mнл▌MмMлмлнмлл▄┌▄Mнл▌MNмMлмлнмлл▄┌▄MнллмMлмMлNнLл█б▄MнллNмMллLLл▌лNLл█B▄Mнлл▌мMллLLNнллб▄MнллнмMллL█лMLлNB▄MнллмMллLLNнллб▄MнллNмMллL█лMLлNB▄MнллLмMллLLNнл▄┌▄MнллLNмMлм█▌л▄лL▄MнллL▌мMлNл██м▄л█▄MнллLнмMлNмLнлMлN▄MнллMмMлNмLнлMлN▄MнллMNмMлNлм█нмлL▄MнллM▌мMлNнMM▌л█лмB▄MнллNNмMлLNн▄млл▌▄MнмLнмMлLM▌л▄Nл█Lлн▄MнмMмMлLM▌мллл█▄лL▄MнмммMлL▄NлLлLнLм▄MнммNмMлL▄NнNлл▄лMб▄Mнмм▌мMлL▄NмMNл▌лм┌▄MнммнмMлL▄NмMNл▌лм┌▄MнмнмMлL▄NнNнлллB▄MнмнNмMлL▄▌м▌NлмлллB▄MнммMлL▄нлL▄нлLллM┌▄MнмнмMлLмNлммнмлл▌B▄MнммMлLмNлн▌м▄лм┌▄MнмNмMлLмNм▄▌мLлM┌▄MнмLмMлLмNмлNл▌Lл█┌▄MнмMNмMлLмнмM█Nл▄ллб▄MнмM▌мMлMMннNMм▄л█┌▄MнмM▌NмMлMMнлLNмLл▌B▄MнмNMмMлM▄▌лL▄нлMлм┌▄MнмNMNмMлM▄▌лLM▌лм▄ллB▄Mнм▄M▌мMлM▌лм█нмлм▄Mнм▄█▌мMлMл▌лMнм▄лм┌▄Mнм▄█нмMлMл▌лMнм▄лм┌▄Mнм▄▌мMлMмм▄M▌лL▄Lлм▄Mнм▄▌NмMлMмм▄M▌лL▄Lлм▄Mнм█NмMлMнNмNлL█Lл▄▄Mнм█▌мMлMнNмNлL█Lл▄▄Mнм█▌мMлNNм▌л▄Lлб▄Mнм█нмMлNNнлLм▄Mнм▌LнмMлNNлмM▌ммB▄Mнм▌MмMлNNлмM▌ммB▄MнмлNмMл▄нлLннLлм┌▄MнмлLмMл▄нм█NNмNLм▄MнмлLNмMл▄ннLLNл▄лл▄MнмлL▌мMл▄нммнлмLл▄B▄MнмлLнмMл▄нлLMнлLLлB▄MнммNNмMл▄L▌мнNм▄ллб▄Mнмм▄мMл▄LнлммNнллб▄Mнмм▄NмMл▄Lнл█мNнлMB▄Mнмм▄нмMл▄MNлLLнм█LлNB▄Mнмм█мMл▄M▌лM█нн▄л┌▄Mнмм█NмMл▄M▌нMлNлLлл┌▄Mнмм█▌мMл▄M▌нMлNлLлл┌▄Mнмм█нмMл▄M▌лмнмлLB▄Mнмм▌мMл▄M▌нммB▄MнммнNмMл▄NNл▄нм▄лл┌▄MнмнмMл▄NNл▄нм▄лл┌▄MнмнNмMл▄NNмLнлM█LлM▄Mнн▄мMл▄▌NлLNммLллб▄MннммMл▄мм█Mннлн▄MннмMл█LнNLм▄▄л█▄MннLL▌мMл█M▌лLнм▄▄мB▄MннM▌NмMл█лNмнл▄Lл█▄MннMлмMл█лNлLLнNнл┌▄MннMлNмMл█лNнNм▄л▌▄MннMл▌мMл█лNлLLнNнл┌▄MннMлнмMл█лNнNм▄л▌▄MннMммMл█л▌мMнл▄нB▄MннMмNмMл█л▌мMM▌мLлL▄MнNмMл▌Nм█NлLлмB▄MнNNмMл▌Nн▄▌л█ллMб▄Mн▄мMл▌Nм█л▄лм▄MнL▌мMл▌L▌нNLNлMлм▄MнLнмMл▌L▌мNнNLлб▄MнMмMл▌MмL▌м▄м▄MнMNмMл▌MмL▌м▄м▄MнM▌мMл▌MлMнмлNB▄MнNмMллм▄█▌млMб▄Mн▌мMллм▄█▌млMб▄MннмMлл▌л█MNл▄лб▄MнмMлл▌мL█лLLм┌▄MнNмMлл▌нMMNмлM▄MнLмMлл▌нMMNмлM▄MнLNмMлл▌лLLмнлMлм▄MнL▌мMлл▌мн▌млл┌▄MнLнмMлл▌м█▌млм┌▄MнMмMлллLMлMLлB▄MнLLNмMллLннL█нLл█б▄MнLL▌мMллMн▄Nмлл▄▄Mн▄л▌мMлмMнNNNмлл▄┌▄Mн▄лнмMлмMнNNNмлл▄┌▄Mн█MмMлм▄нM▌мллб▄Mн█MNмMлм▄нM▌мллб▄Mн█M▌мMлм▄нMм▌л▌лN▄Mн██▌мMлм▄нм█нмллLб▄Mн██нмMлм▄нлNL▌лL▄м▄Mн█▌мMлм▄нлLM▌м█лмB▄Mн█лнмMлм█NнM▄л█лл▄B▄Mн█ммMлм█Nм█л▌ммLлн▄Mн█мNмMлм█NммLNмLлLB▄Mн█м▌мMлм█Nм█л▌ммLлн▄Mн█мнмMлм█NммLNмLлLB▄Mн█нмMлм█▌нNMнмллмB▄Mн▌LнмMлмл▌м▌нлMл█б▄Mн▌MмMлмлнлLмLнB▄Mн▌MNмMлмлнмнNNм▄ллB▄Mн▌M▌мMлмлнмнNNм▄ллB▄MнлнмMлммNм▄▌мLлмB▄MнлмMлммNлнNNмLлN▄MнлNмMлммNнNнлмб▄Mнл▌мMлммNлM▌лнлн▄MнлNNмMлмнNмлNмLлNB▄Mнл▄мMлмнNлл█Nмл█б▄Mнл█нмMлнNмMлMл▄B▄Mнл▌мMлнNлLлнлл▄лLB▄Mнл▌NмMлнNлLлнлл▄лLB▄MнлмNмMлннл▄мллMB▄MннM▌мMммM▄▌лLлMб▄MнM▌мMмNл█▄нмлл█б▄MнMнмMмNл█▄нмлл█б▄MнNмMмNммMмлM▄MнNNмMмNннм▄лмб▄Mн▄мMмNннмLм┌▄Mн█NмMмннMмлMB▄Mн█▌мMмнлLLнлMNLл█б▄MнNмMмMNлLLNмлл▄▄MнLмMмMNлLLNмлл▄▄MнLNмMмMNмMм▌ллLлL▄MнL▌мMмM▌л▄лLLлмб▄MнLнмMмM▌л▄лLLлмб▄Mн▌мMм█м█▄м█Lмб▄MннмMм█лMMлнл┌▄MнмMм█м▄▌лLLлM┌▄MнNмMм█м▄▌лLLлM┌▄MнLмMм█мл▄▄лLб▄MнLNмMм█Nл▄нNм▄мB▄MнL▌мMм█Nм▄Nл▌Lлб▄MнLнмMм█NлLнNмLлл▌▄MнMмMм█NлLнNмLлл▌▄MнLNмMм▌NлL▄▌лMнB▄MнL▌мMм▌NлL▄▌лMнB▄MнL█NмMммнммнлLллLб▄MнLм▌мMмнNнNмллNB▄MнMмMмннMMNмл▄б▄MнMNмMмнл█▄мLл▄┌▄MнMнNмMмL▌м▌Nнл█┌▄MнNмMмL▌лм█нмлмB▄Mн▄NмMм▄NмMNмMллл▄Mн▄LмMм▄▌ммMмлм▄Mн▄█▌мMм█▌мнMнмлмB▄Mн█NмMммнммM▌мLлL▄Mн█NNмMммнлнNм▄мB▄Mн█▄▌мMмнNм▄▄млN▄Mн█нNмMм▌л█L▌мLл▄б▄Mн▌мMм▌л█L▌мLл▄б▄MнлNмMмнM▌лMллм┌▄Mнл█NмMмM▌м▄нNлLлл█▄Mнл█▌мMмM▌лLLNлLлLб▄Mнл█нмMмMнлLLлNлNLллB▄Mнл▌мMмMнл█LNмLл▄▄MнMNмMмL█NлM▄м▄LмB▄MнM▌мMмL█NлM▄м▄LмB▄MнMнмMмL█Nмнл▄Lл▄B▄MнNмMмL█▌мMNмMлм▄MнNмMмLмл█▄NлLлL┌▄MннмMмLм▌л▄лNмлн▄MнMнмMмMLNм█▄▌м▄ллм┌▄MнNмMмMLNнL█нLлLб▄MнNNмMмMLNлLL█нл▄▄лнB▄MнL▌мMмMLнлLMлм▄лM▄MнLнмMмMLнмNнлL█Lм▄MнLмMмMLнмNнлL█Lм▄MнLL▌мMмMMNнLм▌млLB▄MнLLнмMмMMNлLL█л█Lлм┌▄MнLMмMмMMNлLL█л█Lлм┌▄MнLMNмMмMMNнLнл█Lл┌▄MнMLмMмM▄нмнMNммB▄MнMLNмMмM▄ннNл▄л▄┌▄MнML▌мMмM▄нмMнмлл▌B▄MнMLнмMмM▄ннNл▄л▄┌▄MнMMмMмM▄нмMнмлл▌B▄MнMMNмMмM▄нлL▌NлLлLнB▄MнMM▌мMмM▄нм▄мнлм▄лнB▄MнNMмMмMмнNлNLн▄MнL▌мMмMнNмMлMLлMB▄MнLнмMмMнNмMлMLлMB▄MнLLнмMмNNнMнмл▄┌▄MнLMмMмNNнMнмл▄┌▄MнLMNмMмNNл▌M▌ллLлM┌▄MнLнNмMмNNмLнлLллл┌▄MнLмMмNNнлллB▄MнLNмMмNNнL█нмLл▌B▄MнL▌мMмNNмнLм▄лL▄MнLнмMмNNнL█нмLл▌B▄MнLмMмNNмнLм▄лL▄MнLNмMмNNллLнл▄лмB▄MнLLLмMм▄л▄Nм▄м┌▄MнLLLNмMм▄лL▄нлLллл┌▄MнLLL▌мMм▄м▄▄NлLLл█▄MнLLLнмMм▄м▄▄NлLLл█▄MнLLMмMм▄лLммLллB▄MнLLMNмMм▄м▌лLм▄MнLLM▌мMм▄Nм▌лLллл▄MнLLMнмMм▄NлLNNлм▄лNB▄MнLLNмMм▄Nм▌лLллл▄MнLLNNмMм▄NлLNNлм▄лNB▄MнLMMнмMм▄▄NлмлмлLB▄MнLMNмMм▄▄Nм█▄м█Lл▄┌▄MнLNNмMм▄лNнNNлл▄лMб▄MнLNNNмMм▄лNнNNлл▄лMб▄MнL▄NмMм▄лнллнлLLл█б▄MнL▄▌мMм▄лнмNNлML▄лL▄MнL▄нмMм▄лнмNNлML▄лL▄MнL▄мMм▄лнмLNл▌лмB▄MнL▄NмMм▄лнм█лм▄нB▄MнL▄▌мMм▄млL▄NлLлмB▄MнL▄нмMм▄млL▄NлLлмB▄MнL▄L▌мMм▄м▌м▌M▌мLл█┌▄MнL▄LнмMм▄м▌ммNллл█▄MнL▄MмMм▄м▌ммNллл█▄MнL▄NNмMм▄нл▄мнм▄м▄MнL▄м▌мMм█нлмM▌млб▄MнL▄мнмMм█ннNLNлMм▄MнL▄нмMм█нм▌лллMB▄MнL▄нNмMм█нм▌лллMB▄MнL▌LнмMм█MнлLL▄лмLм┌▄MнL▌MмMм█Mнл▄нNм▄нB▄MнL▌MNмMм█MнмлнллллLб▄MнLлмMм█NNм█▄▌м▄лмB▄MнLлNмMм█NNм█▄▌м▄лмB▄MнLл▌мMм█NNл█мNнм┌▄MнLл█▌мMм██NлнLнмлм┌▄MнLл█нмMм██Nнл▌лMлMB▄MнLл▌мMм██NлLм▌лMLлн▄MнLл▌NмMм██Nнл▌лMлMB▄MнLллмMм██NлLм▌лMLлн▄MнLллNмMм██Nл██м▄ллB▄MнLммMм█лл▌нлLлмB▄MнLмNмMм█лл█L▌мLлL▄MнLмLмMм█лл▌нлLлмB▄MнLмLNмMм█лл█L▌мLлL▄MнLмL▌мMм█ллM█нн▄лNB▄MнLмLнмMм█лNнNMм▄лM┌▄MнLмMмMм█лNнN▌л█ллM┌▄MнLмMNмMм█лNлL▌нLнB▄MнLмM▌мMм█лNлLLNNлмLлLб▄MнLм▄NмMм█мNллнл▄лL▄MнLм▄▌мMм█мNлL▌лLLLл▄B▄MнLм▄нмMм█мNлL▌лLLLл▄B▄MнM▄▌мMм▌Mммлнмм▄MнM▄нмMм▌MнL▄ннLлL┌▄MнMнмMм▌NNнллMмB▄MнMмMмлмлмNмLм▄MнMNмMмлмлмNмLм▄MнM▄▌мMмлNнLмнлLLлл▄MнM▄нмMмлNнNмлM┌▄MнMNмMмлLл▄нлLлл┌▄MнM▌мMмлLм▌л▄Lлл▄MнMNмMмлL▌н▌Nл█л█▄MнMMнмMмлMNл▄Nл█▄н▄MнMNмMмлMNлмM▌млб▄MнMNNмMмлMNнL▄л▄▄лмб▄MнMLмMмлMNл▄NNл█л▌B▄MнMLNмMмлMNнL▄л▄▄лмб▄MнML▌мMмлMNл▄NNл█л▌B▄MнMLнмMмлMNлLNлL▄л▄б▄MнMLмнмMмл▌NлLнNл█лм▄MнMLнмMмл▌Nм▄лNнL▄лнB▄MнMLнNмMмл▌NлLLл▌лNLлLб▄MнMMмMмл▌Nм▄лNнL▄лнB▄MнMMNмMмл▌NлLLл▌лNLлLб▄MнMM▌мMмл▌NлMLмNлнB▄MнMMнмMмл▌Nлл▌л▄лмB▄MнMMNNмMмлмNммM▌мLлм▄MнMM▄мMмлмNммM▌мLлм▄MнMM▄NмMмлм▌м█▄Nм▌Lл▌B▄MнMM▄▌мMмлм▌мLмлL▄л▄б▄MнMM▄нмMмлм▌мLмлL▄л▄б▄MнMM█мMмлм▌мM▄▌лLл▄б▄MнMM▌NмMмлнмL█▌лLл▄б▄MнMMлмMмлннLNл█Lлмб▄MнMMлNмMмлнлнMллл█B▄MнMMл▌мMмлннLNл█Lлмб▄MнMMлнмMмлнлнMллл█B▄MнMMммMмлнмлMлB▄MнMMмNмMмлнм▄▌мM▄лMB▄MнMMм▌мMмлнн▌л▄ллн▄MнM▄MNмMммLнMLмл▌B▄MнM▄M▌мMммLмлл▄н▄MнM▄▌мMммMлLнлLллмB▄MнM▄▌NмMммMм▌MнмMлмб▄MнM▄лмMммMмннNLлL▄MнM▄лNмMммMNм█NNмNLлм▄MнM▄л▌мMммMNлNNNлLллNB▄MнM▄лнмMммMNлNNNлLллNB▄MнM█MмMмм▄нм█Nл▄ллл┌▄MнM█MNмMмм▄ннллMл█┌▄MнM█M▌мMмм▄нмNNлML▄лл┌▄MнM█MнмMмм▄нм█нмллB▄MнM█NмMмм▄нмLл▌лLLлб▄MнM█NNмMмм▄нмL█нлнLлL▄MнMлмMммнмLLннл█B▄MнMлNмMммнмLLннл█B▄MнMлLмMммнннNLлл▄MнMл█NмMмннмLлнлMлMB▄MнMмLNмMмнL▌м█L▌мLлM┌▄MнMммнмMнм▄MNмллM▄MнNMNмMнL▌мнмLлB▄MнNM▌мMнL▌лLм▌м▄ллMB▄MнNMнмMнL▌ммнлмLллб▄MнNнмMн▄▌ммнмлл█б▄MнNмMн█м█лNллллM┌▄MнNLLNмMнNм▌лM▄лмB▄MнNLL▌мMнNм█м▌лнLмб▄MнNLMнмMнм▄м▌лллмB▄MнNM█NмMн▄мMMNлLLл▌▄MнNM▌мMн▄нлNNллм┌▄Mн▄NмMнмNл▌лLмB▄Mн▄LмMнмNмNLнлLнLнB▄Mн▄LNмMнмNмNLнлLнLнB▄Mн▄▌NмMнNмL▌лLLл▌▄Mн▄лмMнNнMMлLLмB▄Mн▄MмMнNмлMлMб▄Mн▄MNмMнNмлMлMб▄Mн▄LмMнLNлLNлML▄лB▄Mн▄LNмMнLNлLNлML▄лB▄Mн▄L▄нмMнLLмлNмLл▌▄Mн▄MмMнLM▌м▄нNлLллM┌▄Mн▄MNмMнLM▌лLL▌мLллB▄Mн▄MлNмMнL█л▄Mл▄ллм┌▄Mн▄Mл▌мMнL█л▄Mл▄ллм┌▄Mн▄MнмMнL▌мM█▌лLLмб▄Mн▄MнNмMнL▌мM█▌лLLмб▄Mн▄NмMнL▌м▄█лL▄лL▄Mн▄▄лNмMнMнмMнмллL▄Mн▄▄л▌мMнMннLнNл▌лл┌▄Mн▄▄лнмMнMнл▌мллMб▄Mн▄▄ммMнMнл▌мллMб▄Mн▄█▌мMнM▌млм▌л▄лм┌▄Mн▄█нмMнM▌нMMNмлM▄Mн▄█LNмMнMLммлнмнB▄Mн▄█L▌мMнMLмLлM▄л█┌▄Mн▄█LнмMнMLмNнNLлM┌▄Mн▄█MмMнMLмLMнл█ллMб▄Mн▄█MNмMнMLмM▌Nл▄лнB▄Mн▄мM▌мMнMлNн▄▌мллмб▄Mн▄мMнмMнMл▌л█MнмлM┌▄Mн▄нMNмMнNннLNлMLлмB▄Mн▄нM▌мMнNнм▄Nмл█┌▄Mн▄нMнмMнNннLNлMLлмB▄Mн▄нNмMнNнм▄Nмл█┌▄Mн▄нNNмMнNннмлLлмB▄Mн█LмMнN▌лм▌л▄л█B▄Mн█LNмMнN▌мнлMм┌▄Mн█L▌мMнN▌мнлMм┌▄Mн█мMнNMNл▄нLллб▄Mн█NмMнNM▌л█▄▌млл┌▄Mн█▌мMнNM▌мMNл▄▄лл▄Mн█нмMнNM▌л█▄▌млл┌▄Mн█мMнNM▌мMNл▄▄лл▄Mн█NмMнNM▌мL▌NлLлM┌▄Mн█NмMнNNлLNллллM┌▄Mн█LмMнNNлLNллллM┌▄Mн█LNмMнNNнNнм▄лLB▄Mн█L▌мMнNNNлLMNл▄▄лн▄Mн█LнмMнNNNлLMNл▄▄лн▄Mн█MмNмNMнлM█LлMB▄Mн█MNмNмNнNLлMB▄Mн█M▌мNнNмлмB▄Mн█MнмNNммNлNLл▌B▄Mн█NмNNм█▌Nлмлл┌▄Mн█NNмNNмм▌лLлллB▄Mн█▄мNNмм▌лLлллB▄Mн██▌мNмMNлLл▄B▄Mн██нмNмMNлLл▄B▄Mн█MNмNL▌нM▌NлMLмB▄Mн█LнмN█▌н█нлM▄лM▄Mн█LнNмN█▌нLл▌лMLнB▄Mн█MмN█▌нMл█мб▄Mн█MNмN█▌нMл█мб▄Mн█M▌NмNммNMнлM█Lлмб▄Mн█MлмNмлLлнлMLлL┌▄Mн█MлNмNммNл▄▄лNB▄Mн█Mл▌мNмнL▌м▄ллB▄Mн█NNNмNлм▌Nнл█▄Mн█▄м▌мNMNлNNлллLб▄Mн█▄мнмNMNлNNлллLб▄Mн█▄нмNMNммL▌млллB▄Mн██MмNNNлLL▌лNLлл┌▄Mн██лNмN█ллNнLлл┌▄Mн██л▌мN█ллNнLлл┌▄Mн██мнмN█▌нллMл▌▄Mн██нмN█▌мл▄лмB▄Mн██нNмN█▌мл▄лмB▄Mн█▌мN█▌лLL▌нмB▄Mн█▌L▌мNлмлм▌л▄ллM▄Mн█л█нмNнNл▄лнлMлм┌▄Mн█нL▌мNMнлLлнлMLл▄B▄Mн█нLнмNMнмм█▌мLлM┌▄Mн█нMмNMнмм█▌мLлM┌▄Mн▌мNLNл█▌мл▄л▄▄Mн▌NмNLNм▌л▄▄л▄▄Mн▌LмNLNлLLмLл▄┌▄Mн▌LNмNLNнлм▄л█┌▄Mн▌мNLLлNNлLл▄б▄Mн▌NмNLLлLNлML▄лB▄Mн▌▌мNLLлLNлML▄лB▄Mн▌нмNLLмнNм▄м┌▄Mн▌мNLLмлнMлмB▄Mн▌NмNLLнMл▌лM▄лл▄Mн▌L█мNL▌NммнлM▄лб▄Mн▌L█NмNL▌NммнлM▄лб▄Mн▌L█▌мNL▌Nл▄▌лLлM▄Mн▌MMмNLнмMLNл█Lлл┌▄Mн▌M▄NмNM▌млLлMLлL▄Mн▌M▄▌мNM▌лLMнNLлL▄Mн▌M▄нмNMнлLNмMлл█б▄Mн▌M█мNMнмLм▌л█лм┌▄MнлмNMM▌нLмNм▄м┌▄MнлNмNMM▌лM▄Nмлл▄B▄Mнл▌мNMM▌ллL▌л▄л█▄MнлнмNMM▌ллнл▄н▄MнлмNMM▌лл█мм▄MнлNмNMMнм█нNлMлл▄▄MнлLмNMMнм█нNлMлл▄▄MнлMмNMNNм█▄м█LлN▄MнлMNмNMNNмLл▌лMб▄MнлнмNM█нм▄▌лLLллB▄MнлмNмNMмNлLLNллллB▄Mнлм▌мNMмNлLLNллллB▄MнлмнмNMмNл▄█▌мнB▄MнлнмNMмNм▌LNмLм┌▄MнлL▌NмNNNм▄▄▌мLлмб▄Mнл▄мN▄лмMNл▄лL┌▄Mнл▄LNмN▄LNнMлнлM▄лл▄Mнл▄L▌мN▄LNмNнNLм▄Mнл▄LнмN▄LNмNнNLм▄Mнл▄MмN▄LNнNнм▄л█┌▄Mнл▄MNмN▄LNл█NллллB▄Mнл▄M▌мN▄L▌ммнлM▄м┌▄Mнл▄MнмN▄L▌ммнлM▄м┌▄Mнл▄▄нмN▄MмML▌нLллмб▄Mнл█л▌мN▄█ннN▌л█лм▄Mнлл▌мN▄ммM▌Nл▄ллM┌▄MнллLNмN▄мнлнм▄лм▄MнллMнмN▄нNнMллм▄MнллNмN▄нNлL▌нLлM┌▄MнллNNмN▄нNлL▌нLлM┌▄Mнлл▄мN▄нNлLM▌м▄лмB▄Mнлл█мN█Nм▌лLлл█B▄Mнлл█NмN█Nмм▌лLлл▄B▄Mнлл█▌мN█Nмм▌лLлл▄B▄Mнлл█нмN█NллLлL▄лL┌▄MнлнL▌мN█MнмLмнлNлLб▄MнлнM▌мN█NNмL▌мLлмб▄MнлнMнмN█NNл▄Nл█Lл▄┌▄MнмлмN██ннNLNлMл▌B▄MнмлNмN██ннMм▄м┌▄MнммнмN█ллL▄NлMLл▌▄MнмнмN█лм█нлML▄нB▄MнмнNмN█лнмNмLм┌▄MнммN█лм█нлML▄нB▄MнмNмN█лнмNмLм┌▄MнмNNмN█мNмл▌лLм▄Mнм▄мN█мNнM▄Nл█ллM▄Mнм▄NмN█мNнM▄Nл█ллM▄Mнм▄▌мN█мNл█▄▌млл▄б▄Mнмл▌мN█нлн▌м▄лMб▄MнмлнмN█нлн▌м▄лMб▄MнмммN█нлмлмлл┌▄MнммNмN█нNлMнNлLл█б▄Mнмм▌мN█нNлLLмNмLм┌▄MнмнмN▌нMм▌л▌лL▄MнммN▌нMм▌л▌лL▄MнмNмN▌NнL▌лLл█▄MнмMNмN▌нлLLмLлм┌▄MнмM▌мN▌нлM▄Nмлмб▄MнмMнмN▌нлLMNмм▄MнмNмN▌нм▄▌мLл▄▄MнмNNмN▌нлLMNмм▄MнмLмN▌нм▄▌мLл▄▄MнмLM▌мN▌Mм▌NмMнB▄MнмNNмNлMлL▄NлLл▌▄MнмNLмNлMмл▌лL▄л█▄MнмNLNмNлMлLLл▌лNLллб▄MнмNL▌мNлMлLLл▌лNLллб▄Mнм▄нмNлNмлLлMLм┌▄Mнм▄мNлNмлLлMLм┌▄Mнм▄NмNл▄▌нMлнлM▄лб▄Mнм▄NNмNл▄▌нMлнлM▄лб▄Mнм▄▄мNл▄▌лNNлLл█▄Mнм▄▄NмNл▄▌м▌MNлLмB▄Mнм▄█NмNл█нлнлллMB▄Mнм█MNмNлл▌лLMл▄▄лб▄Mнмл▄▌мNмNлллмLн▄Mнмл▄нмNмNмNлLLлл▄Mнмл█мNмNмNлLLлл▄Mнмлл▌мNмLнм▌лLллL┌▄MнмллнмNмMмM▌мMлл▌B▄MнммNмNмMнлLL▄▌л▌лнB▄Mнмм▌мNмMнлмMнмлн▄MнммнмNмMнм▌лллL▄MнмммNмNлLL▄нлмл█┌▄MнммNмNмNлLL▄нлмл█┌▄Mнмм▌мNмNнлLлмб▄MнммнмNмNмL▌лNNLм┌▄MнммлNмNм█▌мLлM▄лнB▄MнммммNм▌нLNлMLлм┌▄MнмммNмNм▌лNлLLл▄б▄Mнммм▌мNм▌лLLммLлL┌▄MнмммнмNм▌NмNLллLлLB▄MнммнмNм▌NмNLллLлLB▄MнмнмNмлNмMнлM▄м▄MнмнNмNмл▌ллNNл▄лL┌▄MннMнмNннлLMNмнB▄MннNмNнлLL▄▌л▌лN▄MннNNмNнм█▄м█Lлл┌▄Mнн▄нмNн▌мL▌NлLмB▄Mнн█мNн▌лLлнлл▄лб▄MннмNнLNлMл▌лLлLлMB▄MннNмNнLNнLL▌лл▄л▌B▄Mнн▌мNнLNлMнлMLлл┌▄MннLнмNнLнн▌мLл█B▄MннмнмNнNнмн▄MнннмNнNллMнл▄м▄MннL▌мNNлLNлNLлмB▄MннL█NмNLнNллнB▄MннL█▌мNLлNM▌лLLлB▄MннM▌мNMNлмлNнл▄б▄MннMнмNMNл▄нNм▄лмб▄MннMмNMNм▄▌лLLл█┌▄MннMNмNMNмлмммB▄MннM▌мNMNлмлNнл▄б▄MннMнмNMNл▄нNм▄лмб▄MннMмNMNм▄▌лLLл█┌▄MннMNмNMNмлмммB▄MннMLмNMNлLлL▄лLB▄MннMLNмNMNлLлNLл█┌▄MннML▌мNMNмLл▄лм┌▄MннMMнмNMнн█▌л█LнB▄MннMNмNMннл▌м▄лм┌▄MннMNNмNNнмл▄б▄MннM▄мNNлMM▌м▄мб▄MннM▄NмNNнLNлллнB▄MннM▄▌мNNлл▌NмлL▄MннM▄нмNNм█Nллм┌▄MннM█мNNлM█Nмл▄▄Mн▄нмNл▌мMл▄лл┌▄Mн█мNл▌нMнлMн▄Mн█NмNл▌н▌нлNB▄Mн█▌мNл▌нMнлMн▄Mн█нмNл▌н▌нлNB▄MннNмNнл█LNмLлл▄MнмNнлL█нл▄лM┌▄MнNмNNлL▄Nлм▄мб▄MнLмNNлM▄м▄Lл█б▄MнлNмNнл▄NNл█л█б▄Mнл▌мNнлLлнлл▄лн▄MнлнмNнм█▄Nм▌Lл▄┌▄MнммNнлLм▌лMLлB▄MннмNLл▌NлNLл▄┌▄MнмNLл▌NлNLл▄┌▄MнMмNMлLнлLлм▄MнMNмNMнNNлл▄ллб▄MнM▌мNMм█▌Nлмлл█┌▄MнMнмNMлLл▄л▄B▄MнLнмNNнM█нлNLлMб▄MнLL▌мN▄ннллл▌B▄MнLLнмN▄м▄нл▄лл▄▄MнLMмN▄м▄нл▄лл▄▄MнLMNмN▄лLлнлл▄лм┌▄MнMLнмNлNмMнмллб▄MнMMмNлNмMнмллб▄MнN▌мNнлмлммB▄MнNнмNнMNл▌л▌B▄MнNмNлL▌мLлM┌▄MнNNмNн▌л▄▄лM▄MнN▌мN▌лNллн▄MнNнмN▌нMлнлM▄лM┌▄MнNмNлMLмNн▄MнNLNмN▌н▌Nл█лб▄MнNL▌мN▌н▌Nл█лб▄MнNLнмN▌м▄ллллN▄Mн█L▌мNLNмMнм█ллLB▄MнллмNL▄ннMNлM▄лM┌▄MнллNмNL▄нмнNм▄л▌▄Mнлл▌мNL▄нмнNм▄л▌▄MнллнмNL▄нлLL▌лLлл▄B▄MнмLNмNL▌ммнм▄лм┌▄MнмL▌мNL▌лLNNмLLл▄▄MнмLнмNL▌NмMNлLлL┌▄MнмMмNL▌NлLLNлллл┌▄MнмMNмNL▌NлLLNлллл┌▄Mнм█NмNLл▌ннNнлнB▄Mнм█▌мNLл▌лL█мнB▄MнммNмNLмнNNнLмб▄Mнн▌мNLмнллMNл▄лн▄MнннмNLмнлMNNнлл▄MннмNLмнм█Mм▄лл▄┌▄MннNмNLмнл█мл▄м┌▄MннL▌мNMлллNмLлLB▄MннLнмNMлллNмLлLB▄MннMмNMл██▌м▄лM┌▄MннMNмNMнMнлMлB▄MннмNMнл▄Mл▄лллб▄MнмNMннNLNлMл█▄MнMнмNMлмMNл▄л█▄MнNмNMнMм▄л┌▄MнNNмNMнMм▄л┌▄Mн▄мNMннNLлн▄Mн▄NмNMнLлLл▄B▄Mн▄▌мNMм▌MNлLлB▄Mн▄нмNMлм▌л▄л▄┌▄Mн▌мNMLм▄█лL▄лM┌▄MнлнмNML▌мNнлLмб▄MнммNMLнлLL▌лLлм▄MнмNмNMLнл▌M▌ллLнB▄MнмNMNNлLмлMлмB▄MнNмNMNNлLмлMлмB▄MннмNM█нл▄█нмLллб▄MннNмNM█нл▄█нмLллб▄MнмNM█ннLнл▄▄лLб▄MнL▌мNMлмм█нмLл▄B▄MнLнмNMллмл▌мLлL┌▄MнMмNMлNмл█NлL█Lлм▄MнLмNMммL▄л▄ллмб▄MнLNмNMмNлLL▄лмLл█┌▄MнLNмNNлLLнNнлMB▄MнM▌мNNлмнмлл▄B▄MнMнмNNм█Mм▄лл▄┌▄MнMмNNм▄▌мM▄мб▄MнML▌мNNL▌лLнлLLллб▄MнMLнмNNL▌л█NNммB▄MнMMмNNL▌н▌мLлмB▄MнMMNмNNL▌н▌мLлмB▄MнMM▌мNNL▌л█нм▄лнB▄MнMMнмNNLнмL▌NлLм┌▄MнMNмNNLнмL▌NлLм┌▄Mн▄MмN▄Nлл█Nмл▄▄Mн▄MNмN▄NлL█Nм▄▄лн▄Mн▄M▌мN▄Nм▄нм▄л┌▄Mн▄ммN▄MNлLлL▄ллб▄Mн▄мNмN▄MNмннNLл▄┌▄Mн▄м▌мN▄MNннм▄лMб▄Mн▄мнмN▄MNлм█Nл▄лм▄Mн▄нмN▄MNмннNLл▄┌▄Mн▄нNмN▄MNннм▄лMб▄Mн█мN▄MNлм█Nл▄лм▄Mн█NмN▄MNн▌лллл▄Mн█▌мN▄MNлл▌Nмм┌▄Mн█нмN▄MNмл█▌лL█Lл▄B▄Mн█мN▄MNн▌млмб▄Mн█NмN▄M▌м█нллллN▄Mн█▌мN▄M▌л█▄▌мллN▄Mн█LNмN▄Nмлнмлмб▄Mн▌мN▄█лNннLн▄Mн▌NмN▄█ммNNмLлB▄Mн▌▌мN▄█ммNNмLлB▄Mн▌нмN▄█лNMлллMб▄Mн▌NмN▄▌NмMлMLлл▄MнлнмN▄лнллл▄лл▄Mнл▄▌мN▄нNм▄Lнмлл▄B▄Mнл▄нмN▄нNм▄Lнмлл▄B▄Mнл█мN▄нNнNнл▌лнB▄MнммN█нлLLNллл▄б▄MнмNмN█нмMлнл█LлMб▄Mнм▌мN█нлLLNллл▄б▄MнмнмN█нмMлнл█LлMб▄MнмнмN█LннмNмLлмб▄MнмнNмN█LнмNл▄▄лл▄MннмN█MлнL▌млLб▄Mн▄нмN█▌мMNнн▄Mн█мN█▌лл█нл▄мB▄MнMNмN▌L▌м▄█лL▄мB▄MнLмN▌MлL▌NлMLл▄┌▄MнLLNмN▌Mнм█л▄лмB▄MнLL▌мN▌NмNнлL█LлLб▄MнL█мNлNл█лнлNLл▄B▄MнL█NмNлNмNлMLл▌B▄MнL█▌мNл▌л▌лLлNB▄MнL█нмNл▌л▌лLлNB▄MнLнмNл▄нннNнлMB▄MнLмNл▄нннNнлMB▄MнLмNл█NлмLнл▄лN▄MнLNмNл█NлмLнл▄лN▄MнLLмNл█NмLнлллLB▄MнLмNлмNмнL▌нLлн▄MнLLмNлнлLлNлLл▄м▄MнLLNмNлнлLлNлLл▄м▄MнLLнмNмLнLлнл▄м┌▄MнLLмNмLммм▌м▄м┌▄MнLLNмNмLмL▌лNLлLб▄MнLL▌мNмLл█Nллмб▄MнLL▄NмNмMлLLнм█лл█┌▄MнLL▄▌мNмMлNлLLллб▄MнLL▄нмNмMнLLнл▄м▄MнLL█мNмMм█NлллN▄MнLL█NмNмMлнMллл▄б▄MнLL█нмNмM▌лL▌лLл▄мB▄MнLL▌мNмM▌лL▌лLл▄мB▄MнLL▌NмNмM▌мл▌лLм┌▄MнLLлмNмM▌мM▄▌лLм▄MнLLлNмNмM▌лLннLмB▄MнLNNмNм█лL▌мллмB▄MнLN▌мNм█ммL▌млл┌▄MнLNнмNм█м▄мнлм▄н▄MнLNмNм█м█NлнLлл▄MнL▄мNм▌нN▌л█лл█б▄MнL▄NмNм▌нN▌л█лл█б▄MнL▄▌мNм▌мл▄NнLн▄MнL▄MмNмл▌лмNлллLб▄MнL▄MNмNмл▌лмNлллLб▄MнL▄M▌мNмлнмLлNлLLнB▄MнL▄MнмNмлнлллNмLлмB▄MнL▄NмNмлнлмлллм┌▄MнL█▌NмNннмлMлн▄MнL█лмNннмлMлн