user_id;nama_user;kodepos;email
1;Ir. Paris Siregar, S.Sos;20412;dadapsamosir@hotmail.com
2;Oliva Zulkarnain;37034;permadiputri@pt.mil.id
3;Latika Mustofa;02728;caturanggriawan@pd.go.id
4;Elvina Rahmawati;00470;varyani@pd.ac.id
5;Tedi Irawan;39756;latuponodaliono@hotmail.com
6;Ir. Hartaka Susanti;06391;siregarfebi@perum.int
7;Manah Nuraini, M.M.;57253;ira80@gmail.com
8;Hadi Habibi, S.Gz;06889;yonosirait@pt.net.id
9;Caket Utami;32723;suwarnopadmi@perum.edu
10;Tgk. Bagas Wasita, M.Pd;75893;fprasetya@hotmail.com
11;Lalita Sitompul, M.Ak;02402;lamarutama@pd.web.id
12;Cindy Manullang;65440;dinda95@hotmail.com
13;Tgk. Cici Rajata;02077;pradiptaega@gmail.com
14;Gasti Natsir;25835;purnawativirman@hotmail.com
15;Lintang Rahayu;29597;kenzie11@hotmail.com
16;Lamar Halim;90234;qyulianti@gmail.com
17;R. Karen Marpaung, S.Pt;39016;zsuryono@cv.id
18;Tgk. Hasna Prasasta, M.Farm;09977;pnashiruddin@gmail.com
19;Wardaya Laksmiwati;48665;adinata15@hotmail.com
20;Dr. Adika Kusmawati, S.Pt;39522;wahyunirestu@hotmail.com
21;Novi Situmorang, S.Farm;74053;onipradipta@pd.go.id
22;Gandi Rahmawati;81430;latuponoharjaya@cv.mil
23;Ira Sinaga;51647;vyulianti@yahoo.com
24;Purwa Saefullah;23093;egagunarto@yahoo.com
25;Dr. Ganep Latupono, S.Kom;31565;alikathamrin@pd.net
26;Gaman Prasetya, S.E.I;63412;oni60@gmail.com
27;Bahuwirya Haryanto;38480;esiregar@gmail.com
28;Dr. Kawaya Fujiati, M.Ak;02651;lailasarigamani@perum.edu
29;Sidiq Saputra, M.Pd;47078;kprabowo@pt.net.id
30;Gamanto Maulana;80220;anggrainieluh@perum.mil
31;Hj. Kiandra Tampubolon;69503;nasyiahhana@gmail.com
32;Samiah Maulana;69802;astutinasab@gmail.com
33;Jasmin Firmansyah;85389;yancerahimah@pt.gov
34;Edison Maulana;05086;jailandriani@gmail.com
35;Laksana Winarno;05750;xbudiyanto@cv.web.id
36;Ratih Wahyudin;82917;uprasetya@yahoo.com
37;Citra Nurdiyanti, M.Pd;88781;galih56@pt.net.id
38;dr. Laswi Andriani;13883;daliminardianto@hotmail.com
39;Himawan Rahayu;86856;unggulsuryatmi@cv.web.id
40;R.A. Rachel Iswahyudi;57543;hjailani@hotmail.com
41;Kartika Thamrin;93826;icha73@gmail.com
42;Oliva Wahyudin;83572;yunizulaika@ud.net.id
43;Puji Hidayanto, S.T.;83422;maida04@hotmail.com
44;Kasiyah Nugroho, S.H.;24766;elvin02@ud.edu
45;Warta Aryani;13120;arissamosir@ud.id
46;Eja Tarihoran;77851;imarpaung@ud.go.id
47;Tami Padmasari;40805;perkasakusmawati@cv.co.id
48;R. Melinda Wacana;03497;adhiarjawastuti@pd.mil.id
49;Oni Halim;45037;danuyulianti@hotmail.com
50;Wage Saragih, M.Ak;73391;bagiyaastuti@ud.edu
51;KH. Ridwan Pranowo;44206;llatupono@hotmail.com
52;Puput Usada;49874;gwacana@gmail.com
53;Kasiyah Setiawan;62581;caturangga37@gmail.com
54;Umi Nasyidah;25545;ktampubolon@pd.org
55;Drs. Baktianto Aryani, S.Psi;09614;hesti69@ud.id
56;Johan Anggraini, S.Pd;41398;pastuti@ud.net
57;drg. Nadia Hutasoit, S.H.;81129;vyuliarti@pd.go.id
58;T. Dadap Prakasa;15532;wahyudinjinawi@pd.my.id
59;R.M. Gaiman Setiawan;88507;kmulyani@gmail.com
60;Jaka Hastuti;97658;dirja48@gmail.com
61;Nyoman Nasyidah;22979;kwasita@gmail.com
62;Mahesa Namaga, S.Psi;21600;puspasarijumadi@perum.mil.id
63;Nadine Zulkarnain;49647;nyomanwahyuni@yahoo.com
64;Sari Sihombing;65221;baktianto36@gmail.com
65;Ir. Anita Wibowo;49413;maryadioktaviani@ud.net.id
66;R.M. Prayogo Damanik, S.Pt;63554;gandapalastri@yahoo.com
67;Pranata Yuniar;60076;balamantripermata@pd.sch.id
68;Hafshah Tarihoran;40337;umar17@cv.mil
69;Rangga Firmansyah;62166;jabal66@hotmail.com
70;drg. Luhung Yulianti, M.Pd;42038;galangsuwarno@pt.com
71;Tiara Yolanda;42404;ywastuti@gmail.com
72;Harsanto Melani, M.Ak;74746;megantarapurwadi@pd.org
73;Lili Sitorus;21837;winarnorizki@ud.mil.id
74;Marwata Kuswandari;88312;cakrajiyahardiansyah@yahoo.com
75;Ir. Michelle Budiyanto, M.Pd;57540;xsalahudin@hotmail.com
76;Ira Damanik;23036;bakti54@hotmail.com
77;Ir. Narji Laksita;77834;khastuti@gmail.com
78;Lutfan Yolanda;07211;halimkemba@gmail.com
79;drg. Septi Saptono, S.IP;07242;ousamah@yahoo.com
80;Yunita Maheswara;92935;ajimin63@hotmail.com
81;Padmi Pratiwi;35730;qjanuar@cv.edu
82;Titi Purnawati;52313;asmunisinaga@pd.org
83;Gaduh Kusumo;91008;suartiniwahyu@ud.co.id
84;Zelaya Lazuardi, S.T.;46926;dacin70@pt.or.id
85;Laila Jailani;35286;rahimahlala@yahoo.com
86;Tgk. Tami Pratiwi;09508;zutama@gmail.com
87;Kasiyah Situmorang;65423;dongorangamanto@yahoo.com
88;Najib Mandala;56704;phidayat@ud.gov
89;Lulut Pangestu, S.Ked;30658;wisnuwahyuni@pt.edu
90;Jefri Napitupulu;02686;yuniarharjo@cv.sch.id
91;Caturangga Maryati;93680;raharja41@gmail.com
92;Upik Wacana;13500;betania22@hotmail.com
93;Tedi Marpaung;22712;lwibisono@yahoo.com
94;Anastasia Safitri;58082;zriyanti@perum.mil.id
95;dr. Galuh Hastuti, S.IP;51178;langgeng86@pt.ponpes.id
96;drg. Fathonah Januar, S.IP;55323;astutimalik@hotmail.com
97;dr. Pangeran Salahudin;67057;prayogamulyanto@pd.net
98;Baktiono Sirait;13617;cawisono80@cv.gov
99;Galak Wibisono;44873;waskitahumaira@hotmail.com
100;Dr. Sakura Puspasari, S.Ked;25073;prasastavirman@hotmail.com
101;Dina Pratama;26414;hilda87@cv.or.id
102;Oliva Tamba;04251;adriansyahcager@hotmail.com
103;Mursinin Maryati;81617;dabukkehari@hotmail.com
104;Ratna Kuswandari;24316;umegantara@hotmail.com
105;Jamalia Prasetya;91409;waluyokarman@hotmail.com
106;Siska Agustina;50751;lailasariadiarja@hotmail.com
107;Tgk. Cengkal Hutasoit, M.Ak;73594;nmelani@cv.int
108;Dr. Dacin Melani;55214;unurdiyanti@cv.go.id
109;Asmianto Waskita;76324;tinasihotang@ud.biz.id
110;Bambang Gunarto;85267;praba03@gmail.com
111;Ir. Gabriella Sitompul, M.Ak;82240;febi47@gmail.com
112;Wirda Aryani;98330;jabal60@gmail.com
113;T. Empluk Mandasari, S.IP;19569;gunartoana@perum.org
114;Unjani Wijayanti;30435;putri12@pt.int
115;Cut Ulya Firmansyah, S.E.;93634;olga49@hotmail.com
116;Raisa Habibi, S.Ked;76257;lala04@hotmail.com
117;Drs. Indah Megantara, M.TI.;68064;clara21@pt.ac.id
118;Dewi Novitasari;52071;emplukprastuti@yahoo.com
119;Ika Dongoran, M.Pd;76097;nalarusamah@yahoo.com
120;Cakrawangsa Prasetyo, S.T.;11387;gambira74@ud.net.id
121;KH. Caket Farida;16985;mandalanaradi@yahoo.com
122;R.M. Banara Hastuti, S.Pd;30000;daryani04@ud.mil.id
123;Fitria Firmansyah, S.I.Kom;97851;nasyidahcandra@gmail.com
124;dr. Diana Hutagalung;53504;suci93@pd.net
125;Rafi Utama;68505;enteng51@yahoo.com
126;Cager Laksmiwati;36709;pia10@yahoo.com
127;Dr. Lidya Purnawati;42012;mansurajiman@pd.edu
128;Sutan Budi Namaga;99226;zsitumorang@hotmail.com
129;Yance Simanjuntak;39755;wpratama@pd.mil.id
130;Prasetyo Situmorang;90012;wira86@hotmail.com
131;drg. Zahra Lazuardi, M.Farm;60699;ajeng72@pt.co.id
132;drg. Nyoman Wastuti;76369;wijayawaluyo@hotmail.com
133;Heryanto Hardiansyah;52424;permadisabri@pt.go.id
134;Alambana Irawan, S.Sos;93322;kuncarapurwanti@cv.net
135;Aisyah Damanik;92371;harto99@cv.mil
136;Among Nugroho;36055;wakimanlazuardi@yahoo.com
137;Cut Farah Widodo, M.M.;31791;patricia22@gmail.com
138;Nrima Dongoran;08154;hassanahluwar@yahoo.com
139;Raharja Rajasa;23966;tsuryono@gmail.com
140;Daliman Usamah;20637;hartatiendra@yahoo.com
141;Halima Yuliarti;92711;damu64@ud.org
142;Puput Uyainah;42859;damarlaksmiwati@gmail.com
143;Intan Uwais;32562;latifsitompul@yahoo.com
144;R. Nilam Suwarno;79862;maidasamosir@perum.biz.id
145;Zahra Narpati;31547;vsaptono@perum.web.id
146;Natalia Astuti;13078;yanggraini@gmail.com
147;Ir. Shania Padmasari, S.Psi;34615;ghasanah@yahoo.com
148;Nabila Hariyah;19707;nrimaanggraini@pt.net.id
149;Mila Latupono;74052;hassanahoman@gmail.com
150;drg. Capa Namaga, S.Pd;14857;saefullahrama@hotmail.com
151;Estiono Usamah;29044;lbudiyanto@hotmail.com
152;Paramita Maryadi;44613;shariyah@ud.go.id
153;Lala Sihotang;67539;bdamanik@pd.sch.id
154;Ilsa Palastri;90814;susantigalak@pt.com
155;R.M. Lamar Gunarto;22217;wage92@pt.gov
156;Nabila Situmorang;04313;rajataabyasa@ud.com
157;Luthfi Pradana, M.TI.;21539;danang67@gmail.com
158;Cemani Sitorus;60040;karsana92@pd.web.id
159;Nyana Agustina;70321;sari35@hotmail.com
160;Edi Rahimah;92811;npertiwi@ud.ac.id
161;Dina Lailasari;66716;simonmaryati@hotmail.com
162;Martana Anggriawan;51930;gamaniprakasa@pd.net
163;Olga Salahudin;46006;prakasagaman@perum.net.id
164;Puti Tantri Ramadan;13233;kenes65@yahoo.com
165;Rina Hakim;19470;bsihotang@ud.ponpes.id
166;Fitria Narpati;24174;bprabowo@perum.com
167;drg. Hana Sudiati, S.IP;02893;ramadandiah@cv.desa.id
168;Hilda Sitorus;54561;labuhhassanah@perum.web.id
169;Amelia Napitupulu;72582;wacanaraharja@yahoo.com
170;Nasrullah Hutagalung;53657;lhidayanto@cv.co.id
171;Dr. Sidiq Thamrin;22203;silviahidayat@gmail.com
172;Ridwan Nashiruddin;51932;agustinamartana@cv.int
173;Cici Anggriawan, S.Kom;81235;lailasarigara@pd.go.id
174;R. Tania Pangestu;70447;psuryono@pt.int
175;Belinda Gunawan, S.Farm;39274;santosogarang@cv.gov
176;Oman Novitasari;74865;intan94@pd.mil
177;Vero Prasetya;83643;karmanlatupono@pt.com
178;Elisa Padmasari;74643;hartanairawan@gmail.com
179;Amalia Tamba;48359;salimah84@pd.ponpes.id
180;Mulyono Utami;92325;evamandala@hotmail.com
181;dr. Laras Salahudin;25730;rikapratiwi@pt.int
182;Ganjaran Firmansyah, S.Ked;85996;zulaikaluwes@yahoo.com
183;Endra Yuniar;91631;aanggraini@gmail.com
184;Utama Najmudin, M.M.;47192;mulyanto41@pd.mil.id
185;Aswani Novitasari;06687;sakura37@pt.edu
186;Cakrajiya Maryati;40160;smaheswara@gmail.com
187;Prima Usamah;93828;puspasaritira@gmail.com
188;Anastasia Najmudin, M.M.;44752;baktiono01@gmail.com
189;Dr. Betania Nasyiah, M.Farm;00400;marbungangsar@ud.sch.id
190;Shania Riyanti, S.H.;26343;dariatinasyiah@pd.go.id
191;Puti Yani Tamba;39551;znuraini@yahoo.com
192;Ifa Mahendra, S.Pt;84714;nadia25@pd.org
193;Sari Nurdiyanti;82573;fnurdiyanti@ud.ponpes.id
194;Halim Nuraini;25366;chassanah@pd.ac.id
195;Zaenab Samosir;31492;vusamah@perum.edu
196;Daniswara Salahudin;10436;riyantiasmianto@gmail.com
197;Makara Farida;08363;lailasarilalita@perum.or.id
198;Purwadi Adriansyah;20356;pradiptakiandra@pd.web.id
199;drg. Satya Mardhiyah, M.Kom.;10760;lasmanto17@yahoo.com
200;Dr. Kiandra Lestari, S.E.;20801;sitompulkartika@hotmail.com
201;Hj. Faizah Prabowo, M.Pd;69149;purwa52@yahoo.com
202;Saiful Mulyani;42114;samsul65@perum.mil.id
203;drg. Ade Sihombing, M.TI.;69595;halimatampubolon@gmail.com
204;dr. Diah Namaga;53580;kmegantara@yahoo.com
205;Putri Oktaviani;03993;purwantigaluh@cv.web.id
206;Qori Mahendra;63251;cager29@gmail.com
207;Azalea Simbolon;43484;keziawaluyo@pd.or.id
208;Fathonah Saefullah, M.Pd;39988;betanianuraini@ud.mil
209;Safina Prakasa, M.TI.;97390;xhasanah@ud.mil.id
210;Drs. Harsana Oktaviani;05763;lramadan@pd.ponpes.id
211;Kiandra Gunarto, S.Ked;28132;habibibakiono@hotmail.com
212;Talia Wastuti;95138;asihotang@cv.net.id
213;Jayadi Palastri;05055;parman55@cv.or.id
214;Opung Anggraini;02462;koktaviani@gmail.com
215;Emin Mustofa;40480;emong26@cv.id
216;Hadi Rahimah;26996;drajatgunarto@gmail.com
217;Jaga Natsir;52993;jkuswandari@gmail.com
218;KH. Gantar Prakasa;55024;ibun68@gmail.com
219;Febi Tarihoran, M.Kom.;03690;darijan58@hotmail.com
220;Farhunnisa Mandasari;41784;crajasa@cv.id
221;Queen Winarsih;51656;nasyiahpraba@gmail.com
222;Dr. Dalima Hastuti;17171;bahuraksa69@yahoo.com
223;T. Daniswara Kuswoyo;51751;asitumorang@pt.net.id
224;Hendri Manullang, S.H.;65923;akarsana50@gmail.com
225;Rachel Kusumo, S.Farm;11166;kajen48@hotmail.com
226;Laswi Pratiwi, M.Pd;09272;mangunsongtania@yahoo.com
227;Wage Nashiruddin;63508;hardinasyidah@cv.org
228;Alambana Setiawan;10189;halima90@cv.id
229;Hj. Azalea Hasanah;28321;taniamaryadi@yahoo.com
230;dr. Siska Nababan;14021;lailasarimarwata@pd.web.id
231;T. Bagus Wulandari, S.H.;57719;rudi91@hotmail.com
232;Bala Wijayanti, S.E.I;68173;vsihotang@yahoo.com
233;Yani Nuraini, S.Kom;10809;mahendraelvin@perum.int
234;Ika Hasanah;24597;iyuliarti@perum.org
235;Maria Saragih;41534;uli46@ud.org
236;Drs. Farah Nasyiah, S.Psi;82199;hutapeausman@perum.go.id
237;Hasna Marpaung;83255;cnababan@yahoo.com
238;Zalindra Manullang, S.E.;15347;wibisonovinsen@ud.id
239;Atma Setiawan;22855;psamosir@yahoo.com
240;Kezia Suartini;33508;titin63@cv.com
241;Harto Andriani;86331;cawisadipratiwi@perum.mil
242;Lala Laksmiwati, M.Ak;61103;wijayantibakti@cv.ac.id
243;Murti Zulaika;41220;rafipermadi@cv.ac.id
244;Darman Yuliarti;80535;lestariajiman@ud.ac.id
245;Kamila Palastri;22532;jailaninasim@yahoo.com
246;Irnanto Wahyuni;50573;kalim26@perum.co.id
247;Natalia Pratiwi;05566;hhardiansyah@pd.mil.id
248;Mulya Budiman;17451;jarwathamrin@ud.my.id
249;R. Hasta Aryani;55643;yusufmarpaung@hotmail.com
250;Edison Puspasari;89171;teguh44@gmail.com
251;Damar Napitupulu;30744;mansurtania@gmail.com
252;Victoria Tarihoran;53449;damar87@ud.sch.id
253;Banawi Safitri;84836;adhiarja24@cv.net
254;Viman Purnawati;46978;harsanto87@ud.web.id
255;Luwes Prastuti;31370;wahyudingandewa@hotmail.com
256;Devi Riyanti;48991;marsudisimbolon@hotmail.com
257;Kalim Melani;22450;darmajimanullang@gmail.com
258;Nabila Halim;69440;luhungjanuar@perum.id
259;Safina Wastuti;06784;ivan13@pd.com
260;Kacung Rahimah;51998;wahyu66@yahoo.com
261;Rama Winarsih, S.Sos;05293;mangunsongkasim@gmail.com
262;Iriana Nasyiah;62317;ctampubolon@hotmail.com
263;Okto Laksmiwati;98625;zyolanda@hotmail.com
264;Dewi Widiastuti;51068;jailaniwirda@gmail.com
265;T. Emas Tampubolon;78338;pranowonasim@hotmail.com
266;Dr. Luhung Situmorang;83102;lembah59@pd.mil.id
267;Cakrabuana Suartini;57591;zulaikabagya@gmail.com
268;Mursita Wacana;60770;nugrohokala@gmail.com
269;R. Maida Pranowo, S.Pt;17996;baktiadi48@hotmail.com
270;Caturangga Safitri;64201;jonotamba@hotmail.com
271;T. Yono Puspita;66915;ikhsanpadmasari@cv.mil
272;Bagya Nurdiyanti;34090;bancar96@hotmail.com
273;Lala Hasanah;32422;wakiman04@yahoo.com
274;R.M. Jarwadi Rahayu, S.Ked;90202;jamalia18@hotmail.com
275;Drs. Dewi Utami, M.Ak;50035;siti54@pt.mil
276;Koko Pudjiastuti;27616;aurorawacana@ud.int
277;Dr. Karta Nasyiah;13105;umarpaung@hotmail.com
278;Tugiman Manullang;10548;gandapuspasari@ud.web.id
279;Hj. Julia Hardiansyah, S.Sos;59696;kardinovitasari@cv.web.id
280;Karma Gunarto;69956;garda23@perum.ac.id
281;R.M. Dwi Kusumo, S.E.I;91486;safina39@perum.com
282;Balijan Napitupulu;57581;purwantibanawi@yahoo.com
283;Atma Wijaya;08354;rahmi78@pd.desa.id
284;KH. Prayitna Putra;36256;prabu25@hotmail.com
285;Ajiman Haryanti;03810;sitompullabuh@pt.or.id
286;Betania Lailasari;86505;rahayusepti@cv.mil
287;Ratih Puspita, S.Psi;21059;vhabibi@perum.or.id
288;Hesti Setiawan;13638;mulyanto96@hotmail.com
289;H. Prayoga Wacana;19876;melaniopung@yahoo.com
290;Cindy Hartati;74736;viktor51@pd.mil
291;Juli Sitompul;31662;kani93@hotmail.com
292;drg. Cakrabuana Maulana, S.Gz;84683;wibowoputu@pt.net.id
293;Maman Santoso;68547;luwarhalim@ud.gov
294;Puji Sitorus;75840;jefri62@pt.biz.id
295;Samiah Setiawan;96575;mandasariwisnu@pt.my.id
296;Banawa Ramadan, S.Kom;84144;marsudi47@gmail.com
297;Fitriani Wibowo;07647;mahendraomar@gmail.com
298;Tgk. Dagel Usada;13594;mrajata@hotmail.com
299;Rahmi Oktaviani;53820;karsanathamrin@cv.int
300;Yani Novitasari;60512;latif30@gmail.com
301;Anastasia Nasyidah;55423;qsihombing@ud.com
302;Ella Saragih;20119;pharyanto@perum.or.id
303;Cakrajiya Megantara;19722;kasim97@gmail.com
304;Hardi Putra;61257;emin81@hotmail.com
305;Tgk. Hasna Utami, M.M.;23372;riniprakasa@gmail.com
306;R. Genta Hartati;45146;soleh13@hotmail.com
307;Chelsea Hidayat, S.Sos;70664;kartikahidayanto@hotmail.com
308;Baktiono Puspasari;28403;mulyantowidodo@yahoo.com
309;Cawisadi Siregar;25086;tutama@hotmail.com
310;Hasim Hartati;60564;lulut94@hotmail.com
311;Dt. Cahya Melani, S.Pt;53104;zelayasinaga@pd.org
312;Ika Wijayanti, M.Pd;10678;saputravirman@pd.mil.id
313;T. Latif Farida;24436;talia23@pt.biz.id
314;Hj. Maimunah Hasanah;35688;maimunahgunarto@yahoo.com
315;Julia Siregar;36943;gading59@gmail.com
316;Putri Budiman;34809;mahesamardhiyah@ud.go.id
317;T. Prayogo Nuraini;64149;kmangunsong@pt.go.id
318;Karman Namaga;93822;ssetiawan@hotmail.com
319;Saiful Uyainah;67100;elma98@yahoo.com
320;Cengkal Mustofa;32079;samsul68@pd.biz.id
321;Uda Agustina, M.TI.;81423;samosirgatra@gmail.com
322;drg. Lamar Usamah, S.Psi;06601;rafidnasyidah@pt.int
323;Artawan Sitorus;54599;bakimansaefullah@yahoo.com
324;Umaya Melani;68731;tantri29@gmail.com
325;Adiarja Suryono;24561;bpurwanti@yahoo.com
326;Gilang Haryanto;19739;manah65@ud.desa.id
327;Drs. Maimunah Tampubolon;16962;jailanipaulin@yahoo.com
328;Asirwada Wacana, S.Pt;09291;trahayu@pt.my.id
329;Tari Widiastuti, S.T.;21336;dwaskita@yahoo.com
330;Heryanto Haryanti;78428;rini44@pd.web.id
331;Garang Usamah;53416;hanisitompul@pt.mil
332;Dr. Pranawa Budiman;46419;edward40@pt.go.id
333;Ir. Rendy Suryatmi, S.Sos;52471;irajasa@ud.co.id
334;Hendra Wibowo;37963;ganeppradana@hotmail.com
335;Dr. Suci Marbun;19071;ohariyah@pd.id
336;Imam Tarihoran, S.Farm;11138;mursininhassanah@pt.id
337;Uchita Pranowo, S.Farm;74549;belinda19@gmail.com
338;dr. Wadi Uwais, M.M.;92642;najmudineman@cv.com
339;Drs. Tari Hidayanto;53230;putuanggriawan@cv.int
340;Syahrini Megantara;40515;gmarbun@perum.com
341;Makuta Riyanti;20702;olivarahmawati@ud.mil
342;dr. Kamila Kuswoyo;17861;khidayat@gmail.com
343;Tgk. Ilsa Mansur, M.M.;68872;irawanirwan@yahoo.com
344;Garan Yolanda;83146;edi54@cv.int
345;Yuliana Maulana;82791;sabrinasitumorang@pd.int
346;Dr. Laras Manullang;34514;wmaheswara@pd.ponpes.id
347;Dagel Hartati;95506;oadriansyah@pd.mil
348;R.M. Yahya Riyanti, S.Pt;68146;marpaungelvin@hotmail.com
349;R. Iriana Pratiwi, M.M.;92467;jatmikositumorang@gmail.com
350;Tari Tampubolon, S.Farm;66392;adiarjauwais@hotmail.com
351;Enteng Pangestu;10835;luthfi90@hotmail.com
352;Tiara Sitorus;53357;ilyas55@gmail.com
353;Dadap Maulana;48091;ihsandamanik@pt.go.id
354;R. Hardi Yuliarti, S.Kom;64257;salahudingilang@gmail.com
355;Dadap Novitasari;15354;tsetiawan@pd.mil
356;Harsanto Hutasoit, S.E.I;09274;lililestari@yahoo.com
357;R. Wahyu Sihombing;30747;marsito94@pt.desa.id
358;Nardi Nasyiah;63161;ajimatsaefullah@pd.gov
359;Jasmin Siregar, M.Pd;34050;martana55@perum.ponpes.id
360;Lidya Waluyo, S.E.;15443;pranata08@hotmail.com
361;Putri Natsir;21242;rafidoktaviani@yahoo.com
362;dr. Titi Saptono;51976;devi19@gmail.com
363;Zulfa Haryanto;00959;zalindra18@ud.ponpes.id
364;Elisa Maheswara;66795;tiarawahyudin@ud.ponpes.id
365;Martana Nuraini, S.Kom;99858;dhassanah@ud.co.id
366;Oliva Lestari, S.H.;64369;banawi89@hotmail.com
367;Kunthara Palastri;51718;bwulandari@gmail.com
368;Drs. Karen Napitupulu, S.E.I;73818;tkuswandari@gmail.com
369;Ir. Rama Wasita, S.Kom;63044;nasimramadan@ud.org
370;Elisa Samosir;54098;kasusrapuspasari@pd.co.id
371;Purwadi Kusumo;39012;lulut60@hotmail.com
372;Dirja Safitri;22536;calistahassanah@ud.sch.id
373;Cakrawangsa Yulianti, S.Sos;34218;maman88@gmail.com
374;Ir. Hasna Hidayat;82807;jaisuwais@perum.edu
375;Tantri Marpaung;74766;putrisimanjuntak@hotmail.com
376;Kasim Hastuti;65521;pranoworafid@pd.desa.id
377;Hasna Samosir;41355;adinata68@hotmail.com
378;Raisa Narpati;43644;niyagajailani@yahoo.com
379;R. Gabriella Budiman, S.T.;74062;rahimahyuliana@yahoo.com
380;Kawaca Halim;30383;jdongoran@perum.co.id
381;Baktianto Aryani;30507;kirawan@yahoo.com
382;H. Martana Prakasa;39130;asmiantomegantara@hotmail.com
383;Opung Samosir;27609;mhidayat@pd.net
384;Yance Firgantoro;33748;kambali30@pd.id
385;Mila Setiawan;17759;wahyudinraharja@pd.web.id
386;Genta Dabukke;27711;prayogo01@yahoo.com
387;Dr. Nasim Thamrin, S.Kom;23585;nababancahya@gmail.com
388;Hesti Dongoran;18576;mariarahimah@pd.co.id
389;Tari Nasyidah;82625;yuliartimustofa@ud.net
390;Jindra Zulkarnain;13244;nyanahandayani@pt.mil
391;Tgk. Shakila Hartati, S.Ked;99965;oktavianidadap@gmail.com
392;Kemba Situmorang;72450;zpradipta@hotmail.com
393;R.A. Cornelia Marpaung;55399;irfan16@pt.desa.id
394;Siska Kurniawan, S.E.;98518;shaniapurwanti@ud.int
395;Banawi Rahayu;28229;saptonohilda@ud.id
396;Artawan Puspita;77141;sihombingtirta@gmail.com
397;H. Kamal Nainggolan, S.Farm;35203;olivamarpaung@ud.net.id
398;Ophelia Suartini;96446;chutapea@gmail.com
399;Ajiman Dongoran;66971;wadi37@yahoo.com
400;Azalea Ramadan;79777;lanang00@hotmail.com
401;Dina Marbun;63218;emanwulandari@yahoo.com
402;Vega Nasyidah, S.E.;83925;agustinahalim@perum.biz.id
403;Hani Manullang;66441;wage12@gmail.com
404;Pia Salahudin;03062;maryadiwarsita@perum.or.id
405;Dacin Nurdiyanti;20784;radenmelani@perum.my.id
406;Amalia Nasyidah;90828;irarahmawati@cv.web.id
407;Laila Rahimah;58651;wakiman50@perum.or.id
408;Luwar Saragih, S.Gz;32726;ouwais@pt.desa.id
409;Vega Kusmawati;26926;zahrayuliarti@cv.mil
410;Ir. Perkasa Siregar;15498;dimaztamba@yahoo.com
411;Danu Prakasa;90672;permadipangestu@pt.my.id
412;Sutan Agus Wastuti;02229;sabrinaoktaviani@pt.gov
413;Galiono Situmorang;23925;adehalimah@gmail.com
414;H. Baktiadi Pertiwi, S.Psi;81419;widododanuja@yahoo.com
415;Indah Sinaga;48021;saktiagustina@pt.co.id
416;Dt. Arta Hidayanto;57069;viktorbudiyanto@pd.ponpes.id
417;Tiara Agustina;32214;saragihpanji@cv.web.id
418;Zulaikha Halim;39487;gardajailani@perum.mil
419;Belinda Wijayanti;21146;prasetyosuryono@yahoo.com
420;Adhiarja Suryatmi;51358;slamethakim@yahoo.com
421;Eluh Wacana;95587;latuponocaturangga@ud.go.id
422;Darimin Wastuti;78934;lantarsitumorang@perum.mil.id
423;Drs. Faizah Haryanto, S.Kom;02258;xwasita@hotmail.com
424;Jessica Hutapea;35874;ythamrin@ud.id
425;Okta Utama;51043;ltampubolon@ud.net.id
426;Vanya Halimah;30053;dadiyuniar@ud.my.id
427;Febi Saptono;59961;hendri49@gmail.com
428;Wira Haryanti;59956;hestisaragih@hotmail.com
429;Ghaliyati Farida, S.Ked;49716;hprabowo@ud.co.id
430;Cakrabirawa Sirait, S.I.Kom;96557;pmandala@gmail.com
431;Ir. Salsabila Situmorang;80971;radithutagalung@hotmail.com
432;KH. Garang Tamba, M.M.;20732;aharyanto@pd.net
433;Garang Simanjuntak;32562;artawan04@pd.desa.id
434;Cut Puti Hartati, M.TI.;62679;virmanmaryadi@pt.edu
435;Humaira Saptono;18286;padmi20@hotmail.com
436;Nrima Budiman;12085;ellapratama@yahoo.com
437;Ratih Yuniar, M.Kom.;55229;hartakazulkarnain@yahoo.com
438;Belinda Wacana;86017;eprasetya@gmail.com
439;Yosef Kuswandari, M.Farm;00746;luis23@gmail.com
440;Cut Sari Hidayat, S.IP;44643;kurnia00@gmail.com
441;Ophelia Usamah;50830;usadakarimah@perum.net
442;Fitria Anggraini, M.Ak;99075;darunarahayu@cv.net
443;Ilsa Situmorang;62430;yhidayanto@cv.mil
444;Tgk. Prima Adriansyah, S.IP;81705;tirawahyuni@cv.my.id
445;Michelle Sinaga, S.Ked;24545;puspasarisakti@pt.my.id
446;T. Atma Pratama;25932;asmianto47@cv.desa.id
447;dr. Laras Salahudin, S.E.;57241;hartoastuti@gmail.com
448;Hafshah Ramadan;16607;mariadi79@gmail.com
449;Harsana Prabowo;91078;wnatsir@hotmail.com
450;Wulan Sitompul, S.Psi;17845;prasetyosyahrini@pd.net
451;Ir. Dalima Kusumo;71187;kayunhassanah@pt.net
452;Rizki Irawan;95962;halimahprabu@yahoo.com
453;Cornelia Usamah;50725;prasastaelvina@yahoo.com
454;Yuliana Tampubolon;42236;artawan94@pd.or.id
455;T. Bajragin Zulkarnain;92071;hwibowo@perum.edu
456;Devi Mustofa;09167;mulyanirahayu@perum.sch.id
457;Dina Irawan;02284;uhutapea@yahoo.com
458;Eva Laksmiwati, S.Kom;95524;caketprastuti@ud.edu
459;Raden Napitupulu, S.E.I;29790;sabar25@cv.com
460;Mustofa Setiawan, S.Kom;09815;gilangutama@pd.go.id
461;Tgk. Ira Napitupulu;70893;hharyanti@yahoo.com
462;Aditya Hidayanto, M.Farm;00013;enteng40@cv.sch.id
463;Amalia Winarno, M.M.;24404;cawisadi74@pd.org
464;R.M. Mursinin Habibi, S.IP;94214;sidiq60@yahoo.com
465;Jefri Suartini;63031;yuliartimichelle@perum.gov
466;R. Cinta Yuliarti;98101;farahhalimah@perum.net
467;Timbul Suryatmi;81872;balapati63@ud.sch.id
468;Oliva Waskita;43513;pranowoharjaya@yahoo.com
469;Dr. Shania Kusumo;10558;hwahyuni@cv.edu
470;KH. Abyasa Hartati, S.Gz;09417;tarihoranerik@pt.co.id
471;Irwan Hassanah;47796;mitra14@perum.gov
472;Lidya Nurdiyanti, M.Farm;72182;wibowoprayogo@perum.int
473;Drs. Embuh Simbolon, S.T.;42480;kariman05@hotmail.com
474;Cakrabirawa Pradipta;16958;pradanakiandra@hotmail.com
475;Garan Sinaga, S.E.;92121;carla58@gmail.com
476;Ghaliyati Latupono;50941;nuraininugraha@pd.id
477;Dalima Permata;42352;fitriapurwanti@gmail.com
478;H. Hari Permadi, S.Pd;26887;vpuspita@yahoo.com
479;Karta Adriansyah;51257;pujirajasa@pt.id
480;Lanjar Marbun, M.Ak;15295;janethakim@gmail.com
481;Bala Simanjuntak, S.Farm;14048;nurainicecep@yahoo.com
482;H. Raden Mahendra;14427;hasanuwais@perum.com
483;Kania Sihotang;98057;sakura24@hotmail.com
484;R.M. Narji Maryadi;01616;lmaryati@pd.go.id
485;Adiarja Mardhiyah;92537;irwan25@gmail.com
486;Humaira Ardianto;52918;rahayutalia@pd.int
487;Cemani Ardianto;73105;cahyamaheswara@cv.mil
488;Indah Lazuardi;94496;hutasoitganep@hotmail.com
489;Anggabaya Pudjiastuti, S.IP;01908;xpertiwi@gmail.com
490;Ana Rahimah, S.Gz;81112;oni34@ud.my.id
491;Dr. Ellis Yuliarti, S.Kom;74401;calistamarbun@gmail.com
492;Rendy Palastri;72547;ibunmaulana@perum.mil.id
493;Rahmi Maryadi;11216;lurhur56@pt.ac.id
494;Daniswara Maheswara, M.Kom.;15538;dirja67@yahoo.com
495;Cut Citra Tarihoran;75683;saptonolala@gmail.com
496;Tgk. Victoria Samosir, M.TI.;71539;cintahidayanto@perum.ac.id
497;Bahuraksa Marbun;72604;mutiawaluyo@ud.my.id
498;Maryadi Nashiruddin;80567;ifujiati@cv.gov
499;Emas Prasasta, S.Sos;67444;rnasyiah@cv.desa.id
500;Kariman Natsir;37524;putrabalapati@yahoo.com
501;Betania Yulianti;62079;caturangga30@hotmail.com
502;Ika Aryani, S.Farm;23019;napitupulutirta@ud.net.id
503;Jasmin Wijayanti;58761;situmorangdarijan@pt.my.id
504;Umay Mayasari;15664;pnatsir@pt.my.id
505;Among Lazuardi, M.Ak;60772;widiastutiayu@hotmail.com
506;Oni Suwarno;35152;galihpratiwi@pt.co.id
507;Heryanto Prasasta, S.IP;32644;novitasariwardi@ud.net.id
508;Raihan Laksita;54611;tarihorankajen@pd.com
509;Azalea Najmudin;39956;mariapudjiastuti@gmail.com
510;Safina Prasasta, S.Pd;37144;titi61@perum.mil.id
511;Fathonah Astuti;50774;csihotang@cv.co.id
512;Panca Prasetya;22010;maimunah44@cv.my.id
513;Kemal Kuswandari;76674;wwibisono@hotmail.com
514;Gaduh Iswahyudi;13138;ghaniwidiastuti@cv.desa.id
515;Maryanto Ardianto;72662;etarihoran@yahoo.com
516;KH. Radit Nababan, S.Pt;10507;ika83@ud.biz.id
517;Estiawan Saptono, S.Ked;78533;dhardiansyah@hotmail.com
518;R.A. Yuliana Pangestu;95054;wadi82@gmail.com
519;Vanesa Wibowo, S.IP;67825;hafshahbudiman@hotmail.com
520;Koko Mayasari;00044;eyuniar@pd.sch.id
521;Dr. Kasim Mustofa;40331;permadivictoria@ud.mil.id
522;Olivia Sihotang;18518;carlanamaga@yahoo.com
523;Maryanto Zulkarnain;26111;kamidin16@pd.go.id
524;Asmadi Hutapea;66101;cakrajiya04@gmail.com
525;Hj. Gawati Uyainah, M.M.;75944;karyani@hotmail.com
526;Dirja Uyainah;27046;qorimardhiyah@hotmail.com
527;H. Cawuk Prabowo;33938;perkasahandayani@hotmail.com
528;dr. Elvina Gunarto;62853;cahyantolaksmiwati@gmail.com
529;R.M. Danang Hastuti;65541;mustofaqueen@yahoo.com
530;Harja Winarno;69708;galihyuniar@pd.my.id
531;Puti Rahmi Astuti;41826;galuh24@perum.or.id
532;dr. Umi Anggraini;20465;otampubolon@pt.biz.id
533;Kayla Hartati, S.Gz;80108;mangunsongani@yahoo.com
534;Edi Ramadan;93339;dina39@hotmail.com
535;Budi Damanik;08171;lsiregar@pt.edu
536;KH. Lasmanto Pranowo;43433;msihombing@hotmail.com
537;Galang Sihombing;35493;kartauyainah@pt.net
538;R.M. Mulyanto Pranowo, S.E.I;34205;stampubolon@hotmail.com
539;KH. Jaya Hastuti, M.Pd;63854;ssaefullah@pd.biz.id
540;H. Simon Tamba;51864;utamacahya@hotmail.com
541;Puti Farah Padmasari;94741;raharjasihotang@pd.biz.id
542;Kayla Nababan;76697;usamahnabila@perum.net
543;Puti Eli Pertiwi, S.Ked;57064;salahudinumi@gmail.com
544;Ajiman Mansur;05477;simbolonkawaya@perum.net
545;Kairav Mustofa;25389;wijayajaswadi@gmail.com
546;dr. Victoria Marbun, S.Pd;74652;parishalim@hotmail.com
547;Hani Halimah, M.Kom.;48074;rkusmawati@perum.my.id
548;Martani Permata;57310;lukman84@yahoo.com
549;Yessi Rajasa, S.E.I;68363;dmaryadi@yahoo.com
550;Wawan Megantara;13097;ika81@pt.com
551;Drs. Ciaobella Puspasari;18877;qwulandari@gmail.com
552;Danang Nasyidah, S.I.Kom;88209;hartakafarida@ud.int
553;Reksa Mayasari;17159;lsitumorang@ud.net
554;Praba Salahudin;26668;ikhsanwibisono@ud.sch.id
555;Shania Uyainah;72053;xnovitasari@perum.go.id
556;Dr. Rudi Gunarto, S.I.Kom;77770;hardiansyahatma@gmail.com
557;Violet Firmansyah, M.Farm;71430;tinahandayani@perum.or.id
558;Nilam Hutasoit;44038;thamrinjasmani@perum.mil.id
559;Ulya Wacana;44523;gadingpuspita@gmail.com
560;Darman Prabowo;35015;balamantri97@perum.mil
561;Mustofa Suartini, S.T.;33117;rajatarahmat@hotmail.com
562;Balamantri Hassanah;59253;radikawinarsih@perum.com
563;Amelia Palastri;48279;kartahastuti@yahoo.com
564;Ilsa Andriani;00407;nashiruddinharja@perum.or.id
565;Irnanto Napitupulu;82570;jlestari@gmail.com
566;KH. Dartono Hidayanto;49165;limansetiawan@yahoo.com
567;Zulaikha Ramadan;82733;safina67@cv.web.id
568;Ir. Rahmi Mahendra, M.TI.;62613;mhabibi@hotmail.com
569;Padmi Sihotang;31605;jabalpuspita@perum.ac.id
570;Agnes Irawan;27691;asmunimegantara@yahoo.com
571;Dt. Taufik Ramadan, S.Kom;36526;najwa03@yahoo.com
572;Drs. Pangestu Prastuti, S.Farm;20930;sakti07@gmail.com
573;Sutan Tirta Kusmawati, S.Pt;60826;harsanto41@hotmail.com
574;Faizah Nugroho, S.Psi;90165;joko85@pd.ponpes.id
575;Jessica Kuswoyo;86252;mansursalwa@gmail.com
576;Yahya Wibisono;18440;budiyantosidiq@ud.web.id
577;Vanya Habibi;48014;wijayantimulya@pd.mil.id
578;Cut Patricia Jailani;98413;daliono79@yahoo.com
579;Pandu Halimah;48584;hasim08@gmail.com
580;Olga Riyanti, M.Kom.;83575;hartatitira@yahoo.com
581;Hadi Wahyuni;64480;aurorajanuar@pt.desa.id
582;H. Dasa Puspasari, M.Pd;04513;kemalsantoso@ud.int
583;Tirta Prabowo;98642;vwulandari@pd.gov
584;R. Arta Anggraini;17910;tarihoranade@pt.int
585;Ghaliyati Putra;77523;rastuti@hotmail.com
586;Dalima Maulana;80286;kpermata@ud.org
587;Raina Suryatmi;26992;jatmikogunarto@yahoo.com
588;Puti Gunawan;08124;hardiansyahsoleh@cv.int
589;Ganep Nashiruddin;16035;makaraputra@pd.desa.id
590;Ika Halim;30607;twaskita@ud.my.id
591;Aris Mardhiyah;82040;tusamah@hotmail.com
592;Usman Dongoran;60309;galangmansur@gmail.com
593;Daru Nababan, S.Farm;45671;safitriwirda@pd.go.id
594;Sakura Iswahyudi;02173;maida56@hotmail.com
595;Dt. Adiarja Najmudin, M.Farm;44688;purwadihutasoit@yahoo.com
596;Karman Farida, S.Pd;49552;ichapertiwi@hotmail.com
597;Gada Budiyanto;55899;marasmaryadi@pd.my.id
598;Pangeran Novitasari;68308;widyamaulana@cv.ponpes.id
599;Ophelia Kusmawati;78320;pharyanto@gmail.com
600;Anom Suartini;11749;damu21@pd.id
601;Ana Hutagalung, S.I.Kom;43107;capa58@ud.or.id
602;Cornelia Damanik, M.Pd;82851;rikaprakasa@pt.gov
603;Ira Prabowo;42158;budiyantotari@pt.int
604;Ayu Januar;82922;jagaraga47@yahoo.com
605;Halima Wulandari;05069;ojanuar@pt.sch.id
606;Ifa Mustofa;45281;bakti46@gmail.com
607;Makara Damanik, S.Farm;72396;danangnasyidah@ud.net
608;Garan Pradipta;43461;harsantosaragih@yahoo.com
609;Elvina Laksmiwati;38050;winarsihyuni@gmail.com
610;Makara Mustofa;76854;ruyainah@gmail.com
611;Keisha Kusmawati;09798;baktiadihartati@ud.ac.id
612;Gilda Hidayat, M.Farm;34737;pradiptakacung@hotmail.com
613;Gilda Mayasari;85882;rahman83@pt.biz.id
614;Prabawa Yulianti;31546;aanggriawan@pt.go.id
615;Bahuraksa Wastuti;16978;nugraha62@gmail.com
616;Laras Wastuti;11166;palastriwarsita@ud.net.id
617;Samiah Simbolon;93263;anggriawandrajat@yahoo.com
618;Maria Purwanti;77217;ynashiruddin@hotmail.com
619;Makara Maheswara;75493;aadriansyah@yahoo.com
620;drg. Zelda Aryani, S.I.Kom;04160;gandewa75@yahoo.com
621;Puti Palastri;69518;warsitaoktaviani@ud.web.id
622;Sakura Pradana;67424;widodopandu@hotmail.com
623;Reza Budiman;16781;laksitamuhammad@ud.biz.id
624;Karsa Namaga;87296;gsimbolon@pd.com
625;Mujur Mandala;53935;yusuf89@cv.go.id
626;Lurhur Aryani, S.Pd;62244;putumaheswara@cv.ac.id
627;Enteng Wijayanti;67981;cengkir23@yahoo.com
628;R.A. Nurul Sihombing, S.E.;03876;purwantimaman@cv.id
629;Puti Eka Saputra;54911;panjiwacana@hotmail.com
630;Jono Gunawan, M.M.;75555;salsabilahidayanto@pd.com
631;Hendri Maryadi, S.Farm;63506;atmajayolanda@pd.mil.id
632;Eli Prasetyo;27210;anggabaya38@hotmail.com
633;Irnanto Winarsih, M.TI.;59225;yolandamurti@cv.ac.id
634;Genta Mulyani;39992;mpranowo@hotmail.com
635;Maman Yolanda, S.Farm;56484;hardiansyahprayitna@hotmail.com
636;Kajen Fujiati;24109;pmandala@yahoo.com
637;Gilda Gunawan;31232;dpuspita@pt.org
638;drg. Septi Tamba, S.I.Kom;88700;anggrainiwira@hotmail.com
639;Yani Irawan;63053;kdongoran@gmail.com
640;R. Sakura Ramadan, S.T.;65259;murti71@hotmail.com
641;Dt. Gandewa Wacana, M.Farm;45463;olivia51@gmail.com
642;Farah Haryanti, M.M.;43385;marbunhari@hotmail.com
643;Zamira Prastuti;82990;nasyidahgasti@ud.id
644;Winda Firmansyah;20892;hutapeaemas@yahoo.com
645;Hardana Handayani;33739;dfirmansyah@gmail.com
646;Shakila Pratiwi, S.E.I;27776;esetiawan@yahoo.com
647;Damar Susanti;40617;daliono42@ud.mil.id
648;H. Gilang Yolanda;29167;gzulkarnain@perum.mil
649;Mustofa Kurniawan;52762;dono80@ud.gov
650;Betania Gunarto;61524;yolandajoko@cv.biz.id
651;Wakiman Mustofa;16377;oanggraini@gmail.com
652;Drs. Anita Melani, S.IP;16367;kmustofa@pt.web.id
653;Uli Santoso, M.Kom.;44771;yuniargilang@hotmail.com
654;Ulva Rajata, S.Psi;09499;xuyainah@cv.sch.id
655;drg. Zalindra Riyanti;42645;haryantititin@perum.org
656;Kasusra Rajata;78758;hari86@pt.org
657;Aisyah Sirait, M.Farm;27099;uyulianti@yahoo.com
658;H. Gada Nugroho, M.Pd;11866;megantaraunjani@pt.net.id
659;Hj. Maya Firgantoro;44431;setya84@gmail.com
660;Tgk. Kusuma Wahyuni, S.Sos;04623;hasan51@gmail.com
661;drg. Nurul Pratama;30278;luthfitamba@hotmail.com
662;Lintang Pratiwi;23638;dtarihoran@hotmail.com
663;Puti Jamalia Anggriawan;56603;yuniarzizi@ud.my.id
664;Dalima Suryatmi;52436;cagakprasetyo@perum.gov
665;R. Zizi Wahyuni, S.E.;80723;asirwada86@pt.id
666;Muhammad Usamah;23132;kusumocayadi@cv.gov
667;Puji Prabowo;89548;digdayalazuardi@ud.co.id
668;Diana Safitri;79459;riyantinugraha@gmail.com
669;drg. Jarwi Hakim, S.IP;32386;mulyantomulyani@perum.my.id
670;Mutia Gunarto, S.H.;70398;ofirmansyah@cv.edu
671;Tgk. Narji Prasasta, M.TI.;70251;hpangestu@pd.int
672;Teddy Waluyo;83512;cici39@hotmail.com
673;Tgk. Yahya Sinaga;96953;marwatapangestu@gmail.com
674;Puti Diana Kuswandari, S.Ked;41610;nyoman50@gmail.com
675;Estiono Permata, S.I.Kom;06547;radikasaputra@cv.org
676;Laras Kusmawati, S.Gz;79477;hadi03@hotmail.com
677;drg. Tantri Hariyah;54536;jusamah@gmail.com
678;Harsanto Sihombing;71350;safitrinilam@hotmail.com
679;Emas Sitompul;64487;bpermadi@pt.biz.id
680;Tantri Hidayat;04896;marbunjati@gmail.com
681;Kanda Purnawati;37045;kuswandarikambali@hotmail.com
682;Ayu Padmasari;66496;enteng56@yahoo.com
683;Asirwanda Nainggolan;20298;astutimaras@yahoo.com
684;Nasrullah Habibi;96548;galangnapitupulu@gmail.com
685;Sutan Harjo Damanik;16106;uadriansyah@hotmail.com
686;Anastasia Gunarto;62348;dipa86@pt.ponpes.id
687;Mariadi Ardianto;30133;halimwani@yahoo.com
688;Yulia Manullang;22124;queen65@gmail.com
689;Wadi Yolanda;96917;animansur@yahoo.com
690;Sabrina Wijayanti;14145;radika96@gmail.com
691;Yessi Iswahyudi;58871;hasimwibowo@yahoo.com
692;Oni Rajata, S.Sos;28947;saefullahdina@yahoo.com
693;Ani Hutagalung;32174;waluyo20@pd.desa.id
694;Dalima Wastuti;93800;vnatsir@gmail.com
695;Hj. Mala Andriani, M.TI.;06413;zaenabsuryatmi@perum.ac.id
696;Kayla Astuti;19379;aaryani@yahoo.com
697;Halim Uwais;17201;pgunawan@gmail.com
698;Tgk. Siska Rajata, S.Pd;78666;makarahardiansyah@hotmail.com
699;Rahmi Hutapea, S.Farm;84712;bancarmandala@yahoo.com
700;Cemeti Santoso;40394;ibrahim15@yahoo.com
701;Kayla Wibowo;69123;utama92@gmail.com
702;Galih Suryatmi;63229;oskar70@hotmail.com
703;Emong Widiastuti, S.H.;57901;oktavianilala@pt.web.id
704;Adhiarja Damanik;39799;hsaputra@yahoo.com
705;Pia Pertiwi;16632;kuswandariusyi@yahoo.com
706;Oliva Mahendra, S.Psi;70923;ophelia81@cv.ponpes.id
707;Samsul Astuti, S.Ked;77338;sitompulluluh@hotmail.com
708;Dr. Cayadi Nasyidah, M.Kom.;80280;wwidiastuti@cv.ac.id
709;Tirtayasa Samosir;85824;rusman54@pd.web.id
710;drg. Paramita Handayani, M.M.;94172;nrima91@cv.org
711;Kusuma Firgantoro;75513;bancarmaryati@ud.id
712;dr. Martana Winarno;89837;asmuniwahyuni@hotmail.com
713;Maya Wijaya;12123;rhartati@yahoo.com
714;Jail Lailasari;74956;kusumopadma@ud.ac.id
715;Ir. Jaswadi Kuswandari, S.Ked;75376;hardana97@hotmail.com
716;R. Tania Siregar, S.H.;80040;mangunsongmila@yahoo.com
717;Karsana Farida;96633;karman47@hotmail.com
718;Reza Uyainah;15401;qtamba@hotmail.com
719;Lanang Hutasoit;34887;prasetyakarja@perum.ac.id
720;Oskar Hutasoit, M.M.;02810;laswilailasari@yahoo.com
721;Sabrina Maulana;76880;mahmudnurdiyanti@gmail.com
722;Puti Jane Jailani;03861;enteng23@pt.desa.id
723;Kairav Rahmawati;71297;kuswoyoajimat@gmail.com
724;Cut Gina Sihotang;09265;cayadi98@cv.net
725;Ir. Gambira Laksita;63044;xmansur@gmail.com
726;Jamalia Utama, M.Pd;67081;kani05@gmail.com
727;Drs. Winda Habibi;80573;anastasia75@hotmail.com
728;Fathonah Megantara;92720;hardiwinarsih@ud.ac.id
729;Johan Rahimah;82784;saragihgaliono@perum.desa.id
730;Karen Purnawati;44624;agustinatri@pd.edu
731;Dimaz Nurdiyanti;16444;darimin52@pt.or.id
732;Rahmi Hartati;47195;dirjamahendra@yahoo.com
733;Bagya Hutapea;37447;tania92@cv.mil.id
734;Atmaja Permadi;96517;rafidbudiyanto@ud.ac.id
735;Indra Rahimah, S.Farm;10832;juliajanuar@cv.gov
736;Ir. Zelda Lazuardi, S.Gz;25290;nugrohodaru@cv.org
737;Dt. Edward Wahyudin, S.Gz;39608;oagustina@hotmail.com
738;Samiah Sitompul;75453;fitria49@hotmail.com
739;Malik Saptono;70406;satya36@gmail.com
740;Laras Farida;81563;vinsen83@yahoo.com
741;Jaeman Nasyidah, S.Sos;53563;makarasafitri@cv.mil
742;dr. Ghaliyati Wibisono;80390;mangunsongsalman@hotmail.com
743;T. Jagapati Utami, S.Farm;70297;hasna21@hotmail.com
744;Prayogo Handayani;51089;vusada@perum.go.id
745;Laila Hastuti;89208;ewidiastuti@hotmail.com
746;H. Baktiadi Saefullah, M.Farm;87792;nadine77@pt.com
747;Leo Fujiati;38468;darsirahtamba@hotmail.com
748;Ajimin Rahayu;98474;oktoadriansyah@pd.co.id
749;Nadine Widodo;53899;nugrohowawan@hotmail.com
750;Cakrajiya Mandala;47882;martana30@perum.id
751;Sari Prayoga;03307;lutfan17@yahoo.com
752;Suci Prakasa;52362;bahuwiryaanggriawan@yahoo.com
753;Budi Maryati;18495;pzulkarnain@yahoo.com
754;Ir. Ophelia Rajasa;19739;patriciawaskita@pd.com
755;Tomi Usada;82735;rwastuti@cv.biz.id
756;Legawa Damanik;71913;triyanti@hotmail.com
757;Cawisono Hariyah, S.T.;14328;banawiprasetya@pd.go.id
758;Indra Jailani;92093;sabar88@yahoo.com
759;Kenes Tarihoran;49612;mulya03@yahoo.com
760;drg. Balangga Wasita, S.Sos;35895;gatra59@gmail.com
761;Intan Usada, M.M.;95175;prayogomangunsong@pd.gov
762;Lidya Maryadi;55990;prabawa38@yahoo.com
763;Hana Dongoran;40091;bajragin62@pd.ponpes.id
764;Dt. Balapati Utama, S.Farm;62224;nasyidahcakrawangsa@yahoo.com
765;Banara Nurdiyanti, S.Sos;22049;jayadipradana@gmail.com
766;Maryadi Puspasari;36271;kajen56@pd.my.id
767;dr. Mila Laksmiwati;40975;rahmi44@cv.ac.id
768;Cahyo Pranowo;11401;galionosudiati@yahoo.com
769;R. Umi Dabukke, S.H.;73903;sakuraprasetyo@perum.biz.id
770;Kairav Adriansyah;12902;yonomansur@perum.sch.id
771;Dewi Yolanda;55698;yunitaanggraini@hotmail.com
772;Jamal Puspita, S.Gz;16459;ykusmawati@gmail.com
773;Tgk. Padmi Pranowo;30627;ysitorus@gmail.com
774;Maman Tampubolon;15878;wijayabalapati@gmail.com
775;Jail Hariyah;69778;qwahyudin@gmail.com
776;Dr. Ibrani Handayani;52053;martani73@cv.mil
777;Himawan Marpaung;42721;adityadamanik@perum.edu
778;Muni Najmudin;55778;twibisono@hotmail.com
779;Rizki Aryani;31965;budimankenes@pt.web.id
780;Kayun Pranowo, S.Ked;27103;mursininlazuardi@pt.web.id
781;T. Hasta Wibisono;51358;digdayaharyanti@yahoo.com
782;T. Digdaya Rahimah, M.TI.;47521;nsihombing@ud.net.id
783;Marsito Suryono, S.E.;87775;uandriani@hotmail.com
784;Hendri Yulianti;12070;cakrajiyahastuti@yahoo.com
785;Restu Melani;21265;dirja73@pt.co.id
786;Kamaria Najmudin, M.TI.;90916;nasyiahlasmono@cv.org
787;Jarwadi Rahimah;99222;mitrawulandari@perum.ac.id
788;Kacung Wibowo, S.E.I;64978;putramulyono@cv.com
789;Hamima Hidayat;60347;lega43@ud.co.id
790;R.M. Ikin Lazuardi, M.Kom.;12063;natsirpanji@yahoo.com
791;Prayitna Gunarto, S.Ked;65297;dartono30@yahoo.com
792;Yance Mandala;94558;ysitorus@cv.org
793;Wardaya Dabukke;82385;amelia98@yahoo.com
794;Rahmi Prasetyo;95159;usamahrendy@pt.biz.id
795;Amelia Maulana;10511;bahuwarnaprayoga@hotmail.com
796;Cengkal Lestari;41359;hakimgada@ud.int
797;Malik Sitorus;64895;ijailani@yahoo.com
798;Opan Siregar;65341;nwibowo@yahoo.com
799;Hj. Anita Suryatmi, S.IP;70594;lhartati@perum.sch.id
800;R.A. Amelia Wacana;06413;ilaksita@perum.my.id
801;Lukita Nababan;50694;drajat90@yahoo.com
802;Ir. Aurora Nasyidah, S.IP;97614;respatiharyanti@pt.co.id
803;Nilam Nugroho;44078;latuponogatot@cv.org
804;Chandra Riyanti;56427;kartikarahimah@yahoo.com
805;Titin Nababan;23643;asman09@pd.id
806;Lala Wijaya;08480;zalindrahastuti@hotmail.com
807;Drs. Febi Palastri;60949;alikaandriani@yahoo.com
808;Ghani Winarno;16753;rahman43@ud.net
809;Kacung Namaga;67003;yolandakania@gmail.com
810;Silvia Novitasari;42702;murtinajmudin@ud.co.id
811;dr. Galur Sudiati, S.E.;30987;wmahendra@yahoo.com
812;Umar Puspasari, M.Kom.;29487;epangestu@yahoo.com
813;Oliva Permadi;31968;vivi73@hotmail.com
814;Ifa Siregar;42455;tri38@ud.mil
815;Ika Palastri, S.Ked;76934;jmarbun@pd.mil.id
816;Kani Rajata;80461;radensaefullah@perum.org
817;Aisyah Hidayanto;29254;ina60@perum.my.id
818;Kacung Halim;03598;jarwadisuartini@yahoo.com
819;Chelsea Maheswara;81549;mardianto@yahoo.com
820;Viktor Nurdiyanti;95306;saadatiswahyudi@pd.org
821;Mariadi Anggriawan;04240;saputralaksana@perum.web.id
822;Dadap Firgantoro;74240;heru29@perum.gov
823;Bajragin Salahudin;27715;myuliarti@pd.com
824;Zalindra Mandala;20335;rama09@ud.gov
825;Asmuni Situmorang;64221;wahyu56@yahoo.com
826;Empluk Saputra;14732;pwasita@pt.my.id
827;Dr. Olivia Halimah;30552;firmansyahhilda@pt.ponpes.id
828;Genta Yuniar;37580;astutibajragin@gmail.com
829;Adinata Nashiruddin;49999;kasiran39@pd.biz.id
830;Sutan Galang Sirait;23054;farah25@yahoo.com
831;Kusuma Aryani;51146;najwa63@cv.ac.id
832;Tgk. Ana Widodo, M.Ak;47664;mustika25@hotmail.com
833;Surya Usada;07498;aditya71@hotmail.com
834;Juli Suryatmi;64550;wfirmansyah@ud.desa.id
835;Kemal Sihombing;54642;gandewa03@pt.org
836;Yance Januar;24304;hastutiwarsita@yahoo.com
837;Dewi Saptono;92517;rnajmudin@gmail.com
838;R. Ihsan Santoso, S.Pt;96231;ihsan51@perum.ac.id
839;Farhunnisa Latupono;68984;utamawijayanti@ud.my.id
840;Timbul Manullang;21555;riyantiwidya@gmail.com
841;Shakila Permata;71347;lpudjiastuti@hotmail.com
842;dr. Lintang Wijaya, S.H.;27253;narji60@pd.id
843;dr. Warsita Yulianti;11435;gpratiwi@pd.desa.id
844;Rika Nasyidah;90497;wijayantikemal@ud.co.id
845;H. Ade Utama, S.Ked;63789;heru78@pt.net.id
846;KH. Jarwi Tamba, S.I.Kom;43916;prasetya80@hotmail.com
847;Cawisadi Susanti;74409;dabukkegara@ud.ac.id
848;Prakosa Agustina, S.IP;28156;nyomanwidodo@yahoo.com
849;Laras Riyanti;74879;fnajmudin@gmail.com
850;Tari Salahudin;86406;nsiregar@yahoo.com
851;Dadi Nugroho, M.Ak;36863;narpatilanggeng@pd.mil
852;Kayun Pradana;24115;gandewapranowo@cv.org
853;Cut Wani Narpati;27901;uyainahpurwanto@hotmail.com
854;Nadia Wijaya;48367;ciaobellakuswoyo@ud.desa.id
855;Hamzah Permadi;02428;ufirgantoro@cv.com
856;Puti Almira Hakim;02204;dinda35@gmail.com
857;H. Gaman Hutapea;81906;nova81@ud.co.id
858;Utama Iswahyudi, M.TI.;74172;bahuwiryasaefullah@pd.desa.id
859;Ibun Uyainah;02905;gandi27@hotmail.com
860;R. Edison Iswahyudi, S.Pt;02884;twijayanti@pt.ponpes.id
861;Dasa Maryati;96891;npudjiastuti@cv.go.id
862;Ani Manullang;14178;rafidrajasa@hotmail.com
863;Taufik Prasetyo;80495;tari72@ud.edu
864;Salimah Mayasari;91486;adinatakurniawan@hotmail.com
865;Zahra Prasetyo, S.Ked;12604;xkuswandari@gmail.com
866;Tgk. Manah Sirait, S.Sos;81378;samosircahyadi@cv.desa.id
867;Kenzie Salahudin;40304;zulaikabakda@gmail.com
868;Kariman Prasetyo;84358;tasnim46@pd.ac.id
869;Mulyanto Wahyuni;18362;wacanajarwadi@pd.mil
870;R. Galih Pratama, S.H.;53424;prasetya64@gmail.com
871;Sutan Emil Nasyidah;17179;hakimwaluyo@pt.desa.id
872;Lintang Dongoran, S.I.Kom;54603;jessica80@hotmail.com
873;Mala Pradana;07294;budi09@perum.co.id
874;Tgk. Eko Uyainah;65252;bakiantowijayanti@perum.or.id
875;Fitria Andriani, M.Farm;31592;murti40@hotmail.com
876;Ajimin Anggraini;43354;darmana99@hotmail.com
877;drg. Cakrawala Kuswandari, S.E.;31373;canggriawan@ud.com
878;Puput Sihotang;12878;sinagaluwar@ud.mil
879;Puti Ellis Hutapea, S.T.;11366;cayadiharyanto@yahoo.com
880;Pia Purnawati;83391;kyuliarti@pt.net
881;Bakiono Prabowo;90944;baktiadiutami@perum.go.id
882;Darman Permata, S.E.;99016;radikalailasari@yahoo.com
883;Jail Thamrin;33242;kuswandarigalang@ud.net
884;Rangga Nugroho;49317;pertiwipadmi@yahoo.com
885;T. Jais Purwanti;40733;darmanpurnawati@ud.ac.id
886;Dr. Cinta Waskita;00819;ekuswoyo@cv.org
887;Titi Kuswandari, S.Farm;42323;lamarmandasari@gmail.com
888;Murti Saputra;56990;saefullahheru@ud.go.id
889;Drs. Baktiono Suryatmi;53221;karmasitorus@gmail.com
890;Puti Salwa Hariyah;70185;ciaobellapratama@yahoo.com
891;Kadir Wahyudin;66811;halimahellis@gmail.com
892;Sabri Palastri;01858;wijayantijohan@ud.my.id
893;Jinawi Rajata;95398;xmangunsong@perum.biz.id
894;Dt. Hamzah Pudjiastuti, S.Farm;73263;astutisatya@gmail.com
895;Jaeman Aryani;49772;gantarmaryati@gmail.com
896;Silvia Santoso, S.H.;49221;eluhbudiman@ud.net.id
897;Limar Winarsih;18898;cahyowidodo@gmail.com
898;KH. Jaya Yolanda, S.IP;11758;sinagadigdaya@hotmail.com
899;R. Danang Hutasoit, S.Pd;20348;ysudiati@pt.co.id
900;Puspa Tampubolon, S.Pd;47759;uwaisjayadi@cv.ponpes.id
901;Mahesa Saputra;63724;hhidayat@ud.net
902;Warji Handayani, M.TI.;46918;gunawandimaz@gmail.com
903;Yuliana Kuswoyo;45341;cicimustofa@pt.gov
904;Lukman Laksmiwati;87006;xfirgantoro@ud.ponpes.id
905;Luthfi Nainggolan;65588;ghanitampubolon@gmail.com
906;Vera Lestari;94239;prasetyolabuh@cv.web.id
907;Adika Waskita;03488;bagyadabukke@yahoo.com
908;Tgk. Manah Anggraini;24777;safitriunggul@pd.gov
909;Gandi Hardiansyah;70239;umustofa@hotmail.com
910;Febi Jailani;46179;candrakantapermata@pd.ponpes.id
911;Rosman Jailani;58219;xsimanjuntak@hotmail.com
912;Harjasa Sirait;95734;jefri05@yahoo.com
913;Uda Aryani;04389;balangga14@gmail.com
914;Almira Simbolon;24714;whidayat@pd.net
915;Faizah Hassanah;20964;vdamanik@yahoo.com
916;Edi Tarihoran;56841;usyi60@cv.co.id
917;Devi Nurdiyanti;64314;paimanfirmansyah@pd.org
918;Bakiadi Novitasari, S.Pt;88180;siregartugiman@hotmail.com
919;Narji Hakim;55184;victoria81@yahoo.com
920;Nabila Pratiwi;95286;makuta22@gmail.com
921;Kani Laksmiwati;26237;jessicapuspasari@yahoo.com
922;Nurul Tarihoran;55199;artapurwanti@gmail.com
923;Sabar Prakasa;06717;lembah73@ud.int
924;Halima Sihotang;13428;rahmawatibaktiadi@hotmail.com
925;Hilda Ardianto, M.Pd;21234;danuja49@yahoo.com
926;Tgk. Tirta Setiawan, S.H.;68666;iwasita@pt.mil
927;Daliman Simbolon;38561;dongorantomi@hotmail.com
928;Umi Sitompul;18532;melanipranawa@pt.gov
929;Arta Sitompul;61042;kasim04@hotmail.com
930;T. Kemal Uyainah, S.Farm;71344;vnajmudin@yahoo.com
931;R. Kania Anggriawan;47227;mayasarijaka@perum.net.id
932;Gatot Mayasari;55654;yuliana15@cv.co.id
933;Laila Pradipta;20789;dirjapertiwi@gmail.com
934;Zulfa Utama;28372;lanangsusanti@hotmail.com
935;Nabila Halim;84084;nadia99@perum.ac.id
936;R. Safina Mansur;48326;hasanahemin@yahoo.com
937;Tgk. Dimas Astuti, S.Gz;64328;hnasyidah@ud.gov
938;Puti Putri Hariyah, S.I.Kom;72461;najwasamosir@gmail.com
939;Ilyas Hassanah;92228;galihwidodo@pd.mil.id
940;Tgk. Hani Prabowo;34147;hastutigadang@perum.int
941;Dina Manullang;91796;sarisiregar@cv.gov
942;Ir. Tantri Simbolon, M.TI.;36330;hasanahemil@yahoo.com
943;Respati Suryatmi;75780;rprastuti@gmail.com
944;Sakura Puspasari;61888;yunita58@yahoo.com
945;Yuliana Gunawan;59784;maryatibalijan@hotmail.com
946;Titin Wahyudin, S.I.Kom;41669;melaniartanto@yahoo.com
947;Gaman Suryono;29993;putiuyainah@perum.mil.id
948;Mahmud Dabukke, S.Ked;57404;anggabayawahyudin@hotmail.com
949;Hamzah Suryono;96846;kambaliiswahyudi@yahoo.com
950;Pia Hartati;77833;kawaca64@yahoo.com
951;Puti Zelda Lailasari;66234;amelianajmudin@hotmail.com
952;Ilsa Zulkarnain;65130;titiuwais@pd.edu
953;Cinthia Nainggolan;99003;usadaputri@gmail.com
954;Ana Prastuti, S.Psi;61115;jamal87@yahoo.com
955;dr. Vivi Utama;34441;pranowovega@pt.ac.id
956;Sutan Soleh Gunarto, S.Kom;84487;nhalim@hotmail.com
957;Bakidin Wahyuni, S.E.I;65027;riyantirahmi@gmail.com
958;Dt. Virman Purnawati;27303;jagapatiagustina@gmail.com
959;Nyana Usamah;20308;garang21@yahoo.com
960;Karimah Wulandari, M.Pd;35559;osirait@gmail.com
961;KH. Jabal Padmasari, S.Sos;48658;ulya79@hotmail.com
962;Siti Hutasoit;58498;omangunsong@gmail.com
963;Agnes Prasetyo, S.H.;33355;wulandarisatya@cv.co.id
964;Zalindra Purwanti;56992;zwahyuni@perum.com
965;Prabawa Rajata;26152;nasyiahbaktiadi@hotmail.com
966;Ian Kuswoyo, S.E.;31667;rendy34@hotmail.com
967;Cinthia Uwais;11125;hwibisono@pd.desa.id
968;Taswir Usamah;94425;nnovitasari@ud.or.id
969;Jasmin Simbolon, S.Sos;31815;heru64@gmail.com
970;Sutan Pardi Wijaya, S.IP;47832;imayasari@pt.ponpes.id
971;Uchita Nuraini;60864;cakrabuanaanggraini@pt.int
972;Prasetya Saefullah;77352;usadatasdik@ud.sch.id
973;Laksana Fujiati;32069;awacana@hotmail.com
974;drg. Mila Prasetya;42065;aurorasinaga@gmail.com
975;Warsa Hastuti;44857;pkurniawan@ud.sch.id
976;Zamira Januar;62059;nababannadine@ud.co.id
977;Faizah Mayasari, S.Psi;52097;dpuspasari@hotmail.com
978;Ina Suryono;79965;fnuraini@cv.id
979;Rahmi Wijayanti, S.E.I;00150;betaniahidayanto@cv.net
980;Yono Gunawan, S.Gz;10489;murti17@pt.go.id
981;Darmana Anggriawan;22753;ghutagalung@hotmail.com
982;Gamani Namaga, S.Pt;91337;adhiarja54@ud.my.id
983;Gaduh Tarihoran, S.Ked;69057;jamilnurdiyanti@perum.my.id
984;Silvia Hidayanto, S.T.;16639;dtamba@gmail.com
985;R. Belinda Nababan, M.Ak;62274;jaga91@pt.mil.id
986;H. Wardi Nainggolan;41164;hakimprakosa@hotmail.com
987;Janet Agustina;90491;pertiwiuli@pt.net
988;drg. Harjo Saputra, S.Gz;38747;rputra@pd.net.id
989;Usyi Astuti;31438;raisagunawan@perum.ac.id
990;Galuh Andriani;56257;utamabakianto@yahoo.com
991;Ir. Rahmi Mardhiyah;28646;gfarida@pt.ponpes.id
992;T. Prasetyo Wijaya;30030;irajasa@pt.go.id
993;R.A. Cinthia Saptono;26753;zulaikaika@ud.int
994;H. Surya Prastuti, S.Farm;57010;hariyahraden@gmail.com
995;Tgk. Wawan Tamba, S.IP;40237;thamrinami@gmail.com
996;Maryadi Lestari;54384;fmayasari@ud.gov
997;Sutan Okto Maheswara, M.TI.;28408;siska14@hotmail.com
998;dr. Gamanto Safitri;87949;hardiansyahkairav@ud.co.id
999;Harjaya Purwanti;40247;pranawa53@hotmail.com
1000;Drs. Tina Pranowo, S.H.;65625;praboworahman@gmail.com
1001;Wahyu Yuliarti, M.Farm;26252;bakimanwahyudin@hotmail.com
1002;Drs. Calista Mayasari, M.Farm;50229;lailasitumorang@perum.edu
1003;Drs. Paiman Wijaya;61294;vpuspasari@yahoo.com
1004;Rika Sitompul;95681;ozy81@pt.int
1005;Laila Agustina;00326;halimahbetania@yahoo.com
1006;T. Adiarja Hastuti;62650;kamilasitumorang@perum.ponpes.id
1007;Pangeran Widiastuti;80368;imam99@hotmail.com
1008;Catur Astuti;74483;martana41@cv.web.id
1009;Damu Tampubolon;02983;nainggolanoman@cv.com
1010;Drs. Fathonah Hutagalung, S.Kom;33023;vlaksita@perum.go.id
1011;Tgk. Juli Rahayu, S.Gz;85465;nuruloktaviani@perum.co.id
1012;Titi Pratama;69592;mayasariharto@yahoo.com
1013;R. Eko Budiman, M.Kom.;70214;anggabayapuspasari@yahoo.com
1014;Usyi Pradana;24552;dalima17@perum.desa.id
1015;Salimah Usada;73912;edward93@gmail.com
1016;Akarsana Mulyani;42583;jumari51@pt.net
1017;Hamzah Aryani;20225;lamaragustina@hotmail.com
1018;Puti Maheswara;43965;najibkuswoyo@pd.biz.id
1019;H. Emong Hidayat;12500;nashiruddinrestu@perum.biz.id
1020;Hj. Kezia Iswahyudi;23505;nasyidahcinthia@pd.web.id
1021;Drs. Jelita Prastuti;92840;damuhalim@gmail.com
1022;Lukita Anggriawan, S.Pd;67584;widodogalih@cv.my.id
1023;Kezia Wibisono;54835;amaliayuliarti@perum.biz.id
1024;Ibrani Padmasari, S.IP;02170;marwatahutasoit@cv.sch.id
1025;Samiah Novitasari;84933;devi52@ud.ac.id
1026;Kamidin Kurniawan;95514;elonsitorus@gmail.com
1027;Talia Rahimah, S.Psi;60947;alambanasaptono@ud.sch.id
1028;Puspa Anggriawan, M.Farm;92104;ysiregar@yahoo.com
1029;Jono Sihombing;60758;sitompulcemeti@perum.sch.id
1030;Jumari Narpati;16226;aswani01@yahoo.com
1031;Violet Palastri, S.Pt;16597;intan63@ud.or.id
1032;Bahuwarna Saptono, S.IP;11227;asiregar@pt.go.id
1033;drg. Adika Yolanda, M.Kom.;22279;kusumobaktiadi@ud.gov
1034;Karen Nugroho;35087;irmamustofa@gmail.com
1035;Mutia Nugroho;01341;wsamosir@cv.desa.id
1036;dr. Yulia Uyainah;35371;jmelani@pd.my.id
1037;Kamila Maryati, M.Kom.;46553;kpradana@pt.web.id
1038;Zamira Halimah;19107;agus92@gmail.com
1039;Ika Novitasari;05895;nyoman73@perum.org
1040;Lidya Hastuti;41744;limar02@yahoo.com
1041;Betania Hariyah, S.Ked;38119;banawiwidodo@yahoo.com
1042;dr. Puti Farida;89706;kbudiman@hotmail.com
1043;R. Latika Jailani, S.T.;09869;januartania@hotmail.com
1044;Zaenab Mardhiyah;49218;eminnainggolan@gmail.com
1045;Cornelia Suryono;75236;xnapitupulu@hotmail.com
1046;Uli Kurniawan;28955;gwasita@gmail.com
1047;Tgk. Viman Prakasa;49209;dbudiyanto@perum.id
1048;KH. Nardi Gunawan, S.T.;24278;galionogunarto@perum.net
1049;Asmadi Winarno;25221;novitasarikemal@ud.com
1050;Omar Suwarno;39078;prabowomahendra@yahoo.com
1051;Drs. Catur Prastuti;34079;carakaanggraini@pd.sch.id
1052;Tgk. Humaira Mandasari, S.Kom;75535;wahyuninrima@cv.go.id
1053;Putri Mustofa;29185;cawisadinajmudin@gmail.com
1054;Jamil Fujiati;23233;riyantikacung@pd.gov
1055;Bagus Pangestu;36949;verasuryono@hotmail.com
1056;Gabriella Nuraini;32419;gatra56@cv.gov
1057;Arsipatra Puspasari;29412;nasyiahmahfud@pt.int
1058;Zamira Kurniawan;61406;halim46@pd.net
1059;Sabrina Dongoran, M.M.;60493;anggriawanraina@pt.desa.id
1060;Najam Permadi;28862;kuncara67@perum.co.id
1061;Irnanto Rajata;95361;unasyidah@gmail.com
1062;R. Johan Megantara;11236;lurhurjailani@yahoo.com
1063;Gatra Ardianto;79040;saritampubolon@yahoo.com
1064;Gandi Sihombing, S.IP;65448;wacanayulia@ud.org
1065;Tgk. Sadina Nasyidah;79351;uchitawinarsih@yahoo.com
1066;Hamzah Saragih;22612;ellis98@pt.go.id
1067;Puti Latika Tarihoran;13415;galionoprabowo@yahoo.com
1068;Nova Firmansyah;14210;nmaulana@cv.int
1069;R. Genta Safitri, M.Pd;28528;aurora35@hotmail.com
1070;Dr. Padmi Maryadi, M.Ak;40067;ikhsan74@gmail.com
1071;Heru Laksita;70229;lasmono35@pt.mil
1072;Cinthia Prayoga;34892;mutiakusmawati@pd.org
1073;Ir. Radika Rahimah;43451;niyagaoktaviani@pd.sch.id
1074;Drs. Kusuma Hutagalung, S.Gz;41563;kasiyah46@hotmail.com
1075;Tgk. Ghaliyati Farida;65662;cawisono68@yahoo.com
1076;Lanjar Nasyiah, S.E.;74493;firmansyahpadma@cv.id
1077;Victoria Damanik;62500;sitorusvanesa@perum.gov
1078;Bakti Melani, M.Kom.;77425;latuponocengkal@yahoo.com
1079;Sari Melani;45431;yono32@pd.ac.id
1080;Bahuwirya Natsir;52585;saputrarahmi@hotmail.com
1081;R.A. Juli Nainggolan;24912;zulaikaintan@gmail.com
1082;Zizi Budiman;73480;harjo90@ud.or.id
1083;Safina Wibisono;41626;wijayantiarsipatra@ud.web.id
1084;Drs. Sadina Rajasa;49696;wijayadodo@cv.net.id
1085;Putu Uyainah;93596;winarsihmaya@pd.mil.id
1086;Hasim Sirait;12405;embuh10@hotmail.com
1087;Capa Kuswandari;64738;tedi52@cv.or.id
1088;H. Dadi Widiastuti;67685;usadahasna@hotmail.com
1089;Pranata Prayoga, M.TI.;69706;gandapurnawati@cv.int
1090;R. Amelia Nashiruddin, M.Ak;43261;ifamanullang@pd.go.id
1091;Faizah Pradipta;93022;banawi59@yahoo.com
1092;Ir. Raina Palastri, S.Pt;18243;hendrisaefullah@pt.net
1093;Rahmi Narpati;68449;lasmanto20@ud.gov
1094;Patricia Marpaung;84149;kuswoyoumaya@perum.net.id
1095;R.A. Nadine Prasetyo, M.Kom.;56947;wasitapaiman@cv.com
1096;Galuh Nurdiyanti;53681;balidin01@yahoo.com
1097;Icha Mayasari;03211;qsaputra@gmail.com
1098;Hj. Eka Hutasoit;38902;orahmawati@pd.web.id
1099;T. Tasnim Kusmawati;99433;natsirviolet@pd.ac.id
1100;Imam Fujiati;47937;irfanjanuar@yahoo.com
1101;Sabrina Widiastuti;34520;belinda33@perum.org
1102;Hafshah Zulkarnain, S.Kom;29745;omandala@hotmail.com
1103;Ajeng Hardiansyah;09624;hesti49@perum.id
1104;Daryani Siregar;92875;rahayuhartaka@ud.co.id
1105;Ir. Cawisadi Sinaga;47968;jhidayat@perum.go.id
1106;Puti Vanesa Tarihoran;54685;astutiolivia@cv.net.id
1107;Lasmono Habibi;05416;empluknamaga@pd.id
1108;Adikara Waskita;26571;maulanajais@yahoo.com
1109;R. Nova Hakim;55473;mayasariviolet@hotmail.com
1110;Galuh Sitompul;70346;hartatitasdik@pd.web.id
1111;Sutan Warsita Ramadan;94535;prabu38@hotmail.com
1112;Anita Megantara;01633;gandi73@perum.web.id
1113;Cut Rachel Astuti;36414;purwadiwahyudin@gmail.com
1114;Dipa Fujiati;64252;yuniarmuhammad@perum.com
1115;Rini Puspita;48736;kmulyani@ud.go.id
1116;drg. Leo Iswahyudi;08437;qnugroho@hotmail.com
1117;Wani Manullang;75085;simanjuntakmala@pt.id
1118;drg. Jasmin Megantara, S.Pd;60998;kajen59@hotmail.com
1119;Usyi Latupono;48082;haryantobagiya@cv.sch.id
1120;Enteng Mandala;23714;gfarida@yahoo.com
1121;dr. Gandewa Saragih, M.Farm;52538;nsaefullah@yahoo.com
1122;H. Karta Hastuti, S.Pt;48509;tnajmudin@yahoo.com
1123;Salwa Pranowo;91648;ghidayat@yahoo.com
1124;Cut Juli Winarsih, M.Pd;46557;gwacana@yahoo.com
1125;Vero Nurdiyanti;73118;eli44@yahoo.com
1126;Clara Zulaika;74220;uuwais@cv.com
1127;Icha Siregar;09444;eluhfujiati@yahoo.com
1128;Cinta Situmorang;49984;ciaobella70@pd.net.id
1129;Putri Wibowo;76361;kayla00@pt.mil.id
1130;Nasrullah Saefullah, S.Pt;49058;lukita39@perum.net
1131;Eli Nababan;73754;mursininwahyuni@pd.desa.id
1132;Ir. Kania Mulyani;32968;karmanhakim@gmail.com
1133;Dewi Hidayanto;98209;jpranowo@hotmail.com
1134;Ana Adriansyah;58584;sudiaticalista@pd.go.id
1135;Maya Waluyo;42035;cawisonoadriansyah@hotmail.com
1136;Karimah Agustina;70144;darmanaaryani@gmail.com
1137;Salman Rahayu;25754;situmoranghalim@hotmail.com
1138;Upik Hutasoit, S.Sos;30978;hardi56@hotmail.com
1139;Pia Pertiwi;89260;patricia67@pd.biz.id
1140;Paulin Utami;04277;wulan40@perum.desa.id
1141;Ir. Prasetya Kusumo;11069;nilam33@pd.com
1142;Drs. Akarsana Prayoga;26526;bagiyanajmudin@gmail.com
1143;Unjani Winarsih, M.Pd;22921;asalahudin@ud.co.id
1144;Artanto Wasita;66991;qgunarto@hotmail.com
1145;Irma Permadi;26987;karna26@gmail.com
1146;Karsa Samosir;82283;sardianto@gmail.com
1147;Ibrani Susanti;03333;ekahardiansyah@cv.net
1148;Tgk. Sakura Lazuardi;60568;puspasaricakrajiya@gmail.com
1149;Aslijan Saputra, S.E.I;44863;kharyanti@gmail.com
1150;Drajat Prasetya;04358;sinagasakti@yahoo.com
1151;Dinda Marbun;49918;dindasihombing@hotmail.com
1152;Laksana Agustina;62429;icha83@gmail.com
1153;Liman Jailani;60520;enuraini@ud.go.id
1154;Tgk. Lalita Prasetyo, S.I.Kom;06937;anggriawanganjaran@hotmail.com
1155;KH. Enteng Hakim, M.Pd;08071;simonlaksmiwati@hotmail.com
1156;Ratih Pratiwi;96493;intan23@cv.gov
1157;Ami Haryanti;24942;zmaryati@gmail.com
1158;Jaka Wahyuni;22459;lantar15@pd.desa.id
1159;Suci Firmansyah;05452;drajat47@yahoo.com
1160;R. Jamalia Saefullah;01441;daryani45@gmail.com
1161;Fitria Suryatmi;69607;endraaryani@hotmail.com
1162;Pia Gunawan;20056;argono48@pt.id
1163;Hamima Rajasa;69051;kamidin45@perum.co.id
1164;Tgk. Amalia Narpati;61940;ikhsan86@ud.web.id
1165;Agnes Hidayat;02450;uandriani@pt.ac.id
1166;Gantar Sirait;53864;krajasa@pd.mil
1167;H. Danuja Pradipta;92379;lusada@yahoo.com
1168;Padmi Permadi, S.H.;21788;najibyulianti@gmail.com
1169;dr. Empluk Gunarto, M.M.;66544;mahendraghaliyati@perum.com
1170;Dr. Agnes Uwais, S.Pt;91710;omanmangunsong@perum.biz.id
1171;Eva Aryani, M.M.;12130;eka30@hotmail.com
1172;drg. Silvia Lailasari, M.TI.;25340;chidayanto@hotmail.com
1173;Cahya Wibowo;12663;garang14@pt.net
1174;Rahmi Yuniar;66496;hutagalungpuput@ud.or.id
1175;Pangeran Simanjuntak;97264;puspitacaraka@yahoo.com
1176;Bella Iswahyudi;08008;nasyiahdamar@pt.web.id
1177;Gandewa Oktaviani;04100;pangerantarihoran@pd.net.id
1178;Drs. Tari Hidayat, S.H.;03585;raihan04@hotmail.com
1179;Teguh Hasanah;57395;apratiwi@yahoo.com
1180;Devi Sitorus;79416;anastasia99@ud.net.id
1181;Olivia Sitompul, S.Farm;09468;estionohastuti@pt.or.id
1182;Nrima Januar;37112;yuliartijaya@hotmail.com
1183;Yuliana Suartini;31881;pwahyudin@hotmail.com
1184;Farhunnisa Widodo;52157;saadatmaulana@gmail.com
1185;Mumpuni Mahendra;06641;chelseahasanah@yahoo.com
1186;Martana Salahudin;57558;wahyudinkemba@ud.int
1187;Dt. Olga Nababan, S.E.;97177;znamaga@ud.biz.id
1188;R. Zulfa Mahendra, M.M.;92302;betania69@cv.mil.id
1189;Zizi Lailasari;45833;amaliakuswandari@hotmail.com
1190;Pangeran Purnawati;33112;kambalipermata@hotmail.com
1191;Dt. Cawisadi Manullang;77516;ameliahidayat@perum.gov
1192;Hafshah Saefullah;53193;makara77@gmail.com
1193;Chelsea Halim;49595;ulijanuar@hotmail.com
1194;Tgk. Mulyanto Mulyani;29881;amardhiyah@gmail.com
1195;Tgk. Saiful Sitompul;03485;ibrahimmaryati@perum.ponpes.id
1196;Paris Hidayanto;54243;djanuar@gmail.com
1197;drg. Putri Mayasari, S.H.;90285;wasitajoko@ud.net.id
1198;dr. Cakrabuana Waluyo;79655;mahesa76@gmail.com
1199;KH. Hendri Zulkarnain, S.Gz;28647;haryantiolga@pt.com
1200;Caraka Najmudin;66931;alambanawijayanti@hotmail.com
1201;Puti Maida Latupono;59562;sihombingjagaraga@hotmail.com
1202;Septi Santoso, S.T.;60311;bagusagustina@gmail.com
1203;Laras Kuswoyo;25671;prayitna54@ud.gov
1204;Cut Rina Nababan;84266;winda57@ud.co.id
1205;Tirtayasa Mandala;97736;reksa67@ud.ponpes.id
1206;Pia Siregar;85363;yuliantijagapati@yahoo.com
1207;Eka Maryadi;98977;jayaagustina@pd.sch.id
1208;dr. Gabriella Prastuti;45391;ayolanda@ud.sch.id
1209;dr. Intan Hutagalung, S.Ked;09094;ichasimbolon@hotmail.com
1210;Marwata Wacana;79225;hutasoitciaobella@yahoo.com
1211;Bella Damanik;63412;kramadan@ud.com
1212;KH. Edison Thamrin, S.Kom;01076;aswani20@yahoo.com
1213;R.A. Ophelia Natsir;43540;jaisdabukke@perum.biz.id
1214;Dirja Wibowo;59894;yoga80@gmail.com
1215;Cakrajiya Prayoga;74763;vinsendabukke@gmail.com
1216;Nadia Widodo, M.Ak;83621;pharyanti@yahoo.com
1217;Yunita Farida, S.I.Kom;89192;knashiruddin@hotmail.com
1218;Hj. Fitria Mangunsong;56554;wtampubolon@cv.com
1219;Sutan Rudi Manullang, S.Psi;54527;nhutagalung@pd.go.id
1220;Raisa Damanik;07668;yolandasiska@pt.my.id
1221;R.A. Ulya Wijaya;07369;panca51@yahoo.com
1222;Jarwi Lestari;67417;lembah47@pt.edu
1223;Mutia Purwanti;78243;irahmawati@pt.go.id
1224;Martani Saptono;11315;iuyainah@yahoo.com
1225;Vanya Utami;60268;ginapuspita@perum.mil.id
1226;Samiah Agustina;90655;yuliantimulya@perum.org
1227;Jumadi Zulaika, M.Ak;42672;apratama@gmail.com
1228;Tgk. Suci Ardianto;16298;gangsar14@gmail.com
1229;Winda Sinaga;65224;chelseagunawan@pt.ponpes.id
1230;Lanang Prasetya;78120;cakrawangsa45@cv.mil
1231;Hj. Yance Suartini;30461;prakosa90@gmail.com
1232;Mulyono Anggraini;61000;galur05@yahoo.com
1233;Pia Hardiansyah, S.Farm;07209;nasimwaskita@gmail.com
1234;Samsul Tampubolon;25935;tugiman62@cv.net
1235;R.M. Dagel Mangunsong, M.Kom.;10844;qsusanti@hotmail.com
1236;Marwata Haryanto;79417;halimtamba@ud.int
1237;Maria Rahimah;03200;lyuniar@pt.com
1238;Candra Saefullah;08452;amalia57@pd.gov
1239;Tiara Gunawan;18478;maheswaratomi@gmail.com
1240;Wage Thamrin;30670;klazuardi@cv.mil
1241;Puti Gina Nasyiah, S.IP;08930;gada63@perum.net.id
1242;Nurul Adriansyah;23268;purnawatikala@cv.edu
1243;Salman Sinaga;64932;kayla24@gmail.com
1244;Cici Saputra, M.Farm;96621;epudjiastuti@gmail.com
1245;Taufan Salahudin, M.Farm;67242;siregarlalita@hotmail.com
1246;Jamalia Maheswara;25474;saefullahtira@hotmail.com
1247;dr. Jabal Lazuardi, M.Farm;05373;nadiahidayat@perum.com
1248;dr. Kayla Maryati;27489;queentampubolon@pd.org
1249;Sutan Eja Maryadi;70862;hardiansyahbakda@perum.co.id
1250;Farah Maryati;23218;balangga62@pd.gov
1251;Septi Sinaga;61651;namagakayla@gmail.com
1252;Eva Tarihoran;76116;kembarahmawati@cv.biz.id
1253;drg. Kayla Hutagalung, S.E.;46109;haryantoghaliyati@hotmail.com
1254;Respati Kuswoyo, S.Gz;26710;atma53@gmail.com
1255;Gangsa Mandasari;30863;dprasasta@gmail.com
1256;Anggabaya Tampubolon, S.IP;29215;sandriani@ud.net
1257;Cahya Kuswandari;12085;wlestari@yahoo.com
1258;Tira Prasasta;15174;zkuswoyo@gmail.com
1259;Gantar Salahudin;86021;viviadriansyah@gmail.com
1260;KH. Kacung Najmudin, S.Kom;69729;fpurwanti@yahoo.com
1261;R.M. Rahman Nashiruddin;46458;gnababan@pd.id
1262;Ir. Cornelia Puspasari;76560;luwar05@pt.id
1263;Dr. Hasan Najmudin;90491;wasitadono@ud.co.id
1264;Gandi Simbolon;27437;gandi12@pd.edu
1265;R.A. Keisha Sirait;77085;ikingunawan@yahoo.com
1266;drg. Vicky Farida, S.Kom;64844;maras16@perum.com
1267;Kawaca Maulana;00421;mariadiwinarsih@hotmail.com
1268;Ella Puspasari;70884;nurainiian@hotmail.com
1269;T. Harsaya Situmorang;19768;hanamandala@gmail.com
1270;Setya Safitri;78970;artawannashiruddin@gmail.com
1271;H. Putu Mardhiyah, S.Gz;82257;kasiran75@pd.net.id
1272;Nardi Hidayat;39302;prayogo43@cv.ac.id
1273;Jane Susanti;98990;htampubolon@perum.net
1274;Drs. Aurora Siregar;07280;rpudjiastuti@yahoo.com
1275;drg. Jarwa Jailani;72378;nasyiahadika@ud.sch.id
1276;Yunita Napitupulu;08208;tri81@hotmail.com
1277;drg. Kariman Prakasa, M.Pd;42103;wmansur@yahoo.com
1278;Calista Wahyudin;21093;smulyani@cv.gov
1279;Rangga Kuswoyo;47632;kwijayanti@gmail.com
1280;Galih Namaga, S.Pd;99415;putriwijaya@yahoo.com
1281;Tgk. Dariati Maulana, S.Pt;44920;hardi02@gmail.com
1282;Samiah Kuswoyo;58827;tjanuar@hotmail.com
1283;Bagas Tarihoran;86017;apudjiastuti@pd.com
1284;Karimah Permata;57150;firgantorocaraka@gmail.com
1285;Sutan Okta Haryanto;06820;emandala@ud.gov
1286;Wahyu Nuraini;47562;widiastutisaadat@perum.sch.id
1287;Baktiadi Yuniar;77217;fwasita@gmail.com
1288;Sutan Surya Latupono;26593;usamahkenzie@gmail.com
1289;Raina Hutagalung, S.I.Kom;45374;dalimafirmansyah@yahoo.com
1290;Warta Widiastuti;63785;gantar70@hotmail.com
1291;Rini Utama;70322;cengkir58@yahoo.com
1292;Indah Hardiansyah;60511;pradiptaayu@pt.gov
1293;R. Sarah Pangestu, S.Gz;62272;novitasariluluh@ud.go.id
1294;Uli Simbolon;34176;yusufnainggolan@hotmail.com
1295;Caturangga Novitasari;84942;adikalailasari@pd.desa.id
1296;Olivia Habibi;29879;lulutpudjiastuti@yahoo.com
1297;Nova Pudjiastuti;54442;wijayantisoleh@ud.org
1298;Ika Melani;66635;hardiansyahcandrakanta@pd.id
1299;Dalima Hariyah;03720;caturangga55@pd.my.id
1300;Dt. Yono Mahendra, S.Psi;59967;jane00@yahoo.com
1301;Baktiono Maryati, M.Kom.;72147;mangunsongmalika@yahoo.com
1302;Hartaka Namaga, S.E.;32590;darmanjailani@gmail.com
1303;Victoria Yuniar;39963;danangwulandari@perum.com
1304;Paiman Halimah;85705;adewinarsih@cv.int
1305;Manah Oktaviani;99772;jaka09@gmail.com
1306;drg. Tirta Kurniawan;19303;spurnawati@hotmail.com
1307;Hesti Usada;59442;usamahirma@pd.int
1308;Anita Nugroho;94100;yogakurniawan@pd.gov
1309;Tgk. Samsul Napitupulu;50914;pangeran28@pt.gov
1310;R. Kadir Hassanah, S.T.;79944;karimanardianto@hotmail.com
1311;Prayogo Kuswandari;41429;plazuardi@gmail.com
1312;Patricia Sirait;90807;permadiirnanto@cv.edu
1313;Cahyo Wahyudin;72867;violet72@perum.org
1314;Dr. Safina Nurdiyanti;79901;nababanluwar@cv.org
1315;Mustofa Salahudin;20383;otarihoran@gmail.com
1316;Garang Irawan;22140;sihombingsidiq@pt.org
1317;Hendra Widodo;66196;lprastuti@ud.org
1318;T. Bambang Gunawan, M.Pd;58395;msihombing@yahoo.com
1319;Mutia Purnawati;22815;anggriawangalak@pd.edu
1320;Liman Setiawan;60297;vnuraini@ud.edu
1321;drg. Silvia Mardhiyah;98914;setya00@hotmail.com
1322;Azalea Prabowo;30000;sihombingmumpuni@perum.org
1323;Ifa Yolanda, S.E.I;81438;marsito02@pt.int
1324;Aditya Megantara;35062;adriansyahgarang@gmail.com
1325;Jaiman Maulana;17278;chandra21@gmail.com
1326;dr. Latika Kurniawan;16466;balapatinainggolan@yahoo.com
1327;Ir. Ellis Nugroho;77674;harsanto39@cv.ponpes.id
1328;Tedi Rahmawati;04416;mmustofa@pt.my.id
1329;Zamira Natsir;17721;saifulbudiyanto@yahoo.com
1330;Dodo Saptono;60137;lutfan17@hotmail.com
1331;Nabila Nasyidah;36799;yancemanullang@gmail.com
1332;Jamil Widodo, M.Ak;48683;omarbun@ud.net.id
1333;Patricia Nugroho;22539;kurniawanfebi@perum.mil
1334;Aslijan Pradana;04069;anggriawanzelda@hotmail.com
1335;Ir. Ratna Setiawan;80293;candrahalim@cv.int
1336;Kairav Siregar;89409;adhiarja66@perum.web.id
1337;Hana Palastri;88743;ulyasimanjuntak@hotmail.com
1338;Karen Wahyudin;26032;lutama@perum.or.id
1339;Jumari Tarihoran;58507;veranamaga@perum.sch.id
1340;Lanang Rajasa;15205;kamila77@hotmail.com
1341;Kacung Lailasari;46817;inamarbun@yahoo.com
1342;Gandi Wibowo;16774;darijan83@yahoo.com
1343;Puti Elma Handayani;38355;paramita83@pt.co.id
1344;drg. Gamblang Wijaya;06136;juli34@pd.web.id
1345;Karimah Nashiruddin;80647;hana79@gmail.com
1346;Darmana Nurdiyanti;01864;ghani47@cv.id
1347;Balamantri Laksita;74322;yusufsinaga@ud.mil.id
1348;Salimah Irawan;24629;laraspurwanti@cv.co.id
1349;Ir. Pia Farida, M.Kom.;71133;prasastakayun@hotmail.com
1350;drg. Paramita Pranowo;04860;suwarnodasa@pd.or.id
1351;Hana Farida, M.TI.;76804;asmianto70@yahoo.com
1352;Laila Zulaika;08435;tambaluluh@perum.biz.id
1353;Drs. Rosman Ardianto, S.E.;66215;oniwaskita@pt.my.id
1354;Winda Narpati;03554;bakijanprasasta@gmail.com
1355;Usyi Lestari;58277;usamahradit@ud.go.id
1356;Ophelia Saragih;40096;safinayuliarti@yahoo.com
1357;Kiandra Tampubolon;78785;lfirmansyah@gmail.com
1358;Belinda Marbun;32149;vpertiwi@hotmail.com
1359;dr. Wasis Ardianto;29745;widiastutihasta@pt.org
1360;Tgk. Ian Nuraini, S.T.;47432;lsantoso@yahoo.com
1361;Tgk. Cakrabirawa Budiyanto;09948;dasasuartini@cv.sch.id
1362;Syahrini Padmasari, S.Farm;57057;asaptono@perum.gov
1363;Hesti Habibi;65995;wtampubolon@gmail.com
1364;Sakura Gunarto, S.E.;19310;prima13@hotmail.com
1365;Rina Setiawan, S.Kom;27316;prastutidagel@pt.sch.id
1366;Kiandra Hassanah;70965;narji99@cv.or.id
1367;Ganep Andriani;07026;ymangunsong@ud.org
1368;Halim Latupono;13686;karsa20@yahoo.com
1369;R. Emil Sirait;41917;bambangsimanjuntak@yahoo.com
1370;Luwes Firgantoro;11430;bahuwarnausada@yahoo.com
1371;Febi Lazuardi, S.Sos;58083;marsudi12@yahoo.com
1372;Suci Sihombing;56032;anamaga@ud.ac.id
1373;Aurora Siregar;83709;paramitaadriansyah@pd.ponpes.id
1374;Genta Permata, M.Farm;17704;gamanioktaviani@pd.sch.id
1375;Fathonah Wastuti;87655;prasastaajiono@gmail.com
1376;Jamalia Padmasari, M.TI.;07899;fmaryadi@gmail.com
1377;Dadap Maulana;19589;suryonoalika@yahoo.com
1378;Dodo Marbun;66319;daniswara97@gmail.com
1379;Drs. Sadina Budiman, S.IP;24227;isuryatmi@yahoo.com
1380;Warta Widodo, S.IP;51859;qaryani@cv.ponpes.id
1381;dr. Cengkir Nasyiah, S.T.;25010;jaemanpermata@pd.id
1382;R.M. Umar Tamba, S.Pt;87870;gamblang90@hotmail.com
1383;Ajiono Suartini;85246;ykusumo@perum.sch.id
1384;Caturangga Setiawan, M.M.;44509;dmegantara@pd.id
1385;Febi Putra;50207;titisiregar@gmail.com
1386;Sarah Mayasari;21298;martakamaryati@yahoo.com
1387;Mahmud Suryono;29043;johanmegantara@gmail.com
1388;Dr. Asmuni Ramadan;47353;zsantoso@yahoo.com
1389;Puspa Widiastuti;06673;qpradana@cv.ac.id
1390;R.A. Oni Gunawan, M.Pd;91851;kuswoyogarang@hotmail.com
1391;Warsa Kurniawan;52049;pwasita@yahoo.com
1392;Adiarja Handayani, S.Gz;66911;hutagalungbancar@ud.my.id
1393;Drs. Wakiman Hutapea;97240;hendraprastuti@hotmail.com
1394;R. Prakosa Usamah;10845;panji85@yahoo.com
1395;Faizah Prakasa;56751;sinagamaryanto@hotmail.com
1396;Puti Zamira Widodo, M.TI.;85926;rahayutirtayasa@hotmail.com
1397;drg. Halima Melani, S.H.;38265;butami@pt.ponpes.id
1398;Yance Utama;20031;bakiono81@gmail.com
1399;Gatra Zulkarnain, S.Sos;76285;lyuliarti@hotmail.com
1400;Gina Aryani, S.Psi;20751;ptarihoran@perum.ac.id
1401;Jumari Ardianto, S.E.I;29384;ihsan92@yahoo.com
1402;Atma Mayasari;26426;dartonokusmawati@cv.ponpes.id
1403;Tami Latupono;83090;taswirprabowo@ud.mil.id
1404;Oliva Adriansyah;72136;mayasariindah@gmail.com
1405;Opan Yuliarti, S.E.I;93577;budimantaufik@yahoo.com
1406;Dr. Saiful Setiawan;89857;himawanagustina@pt.mil
1407;Hamima Gunawan, S.Gz;37524;puji67@cv.gov
1408;dr. Humaira Ardianto;42634;jumari07@pt.int
1409;T. Emil Halim;19903;halimahuchita@yahoo.com
1410;Kanda Habibi;17583;pputra@perum.net.id
1411;Drs. Patricia Lestari, S.E.;63258;siregarnaradi@ud.biz.id
1412;Suci Rahimah;60891;zeldafirmansyah@ud.id
1413;Kania Halim;76956;lailasariluwes@gmail.com
1414;Panji Farida, S.Kom;64986;fwacana@pt.mil
1415;Cut Janet Yuliarti;19824;iriana76@cv.org
1416;Halima Mandala;40384;prayogaadiarja@gmail.com
1417;Almira Wulandari;47448;kusuma85@yahoo.com
1418;Radika Wulandari, S.Ked;55199;rahmatanggriawan@pt.int
1419;dr. Tira Prastuti;24764;raharja77@hotmail.com
1420;Rendy Rajasa;39692;hadi93@gmail.com
1421;Ajimin Safitri;96097;psuwarno@hotmail.com
1422;Drs. Harimurti Saptono;21877;damanikelma@hotmail.com
1423;Padma Siregar;66107;tarihoranjatmiko@pt.biz.id
1424;Darmanto Kusmawati;18338;jaswadi09@perum.edu
1425;Intan Hardiansyah;55792;ehandayani@gmail.com
1426;drg. Halima Pudjiastuti;23564;pradanajulia@pt.web.id
1427;Zalindra Suartini, M.Pd;77040;cengkir22@cv.id
1428;Ilsa Zulkarnain;31191;dabukkemaras@yahoo.com
1429;Prabowo Firmansyah;48033;hfujiati@hotmail.com
1430;Puti Zelaya Putra;08024;mursita72@pd.edu
1431;Malik Januar;43495;cmandala@pt.org
1432;Gaiman Maryadi;37887;darsirahwaskita@gmail.com
1433;Ami Nuraini;11015;cinthia66@yahoo.com
1434;Ana Maryati;23045;vivisiregar@hotmail.com
1435;Jamil Mandala;09279;ysaefullah@ud.com
1436;R.M. Narji Prakasa, M.TI.;50162;cawisonousamah@ud.my.id
1437;Sabrina Fujiati;60341;gamaniwinarno@pt.ac.id
1438;Tgk. Padma Laksmiwati;44155;bmandala@ud.sch.id
1439;Kasiran Thamrin;70258;cahyonajmudin@ud.com
1440;Maimunah Wibowo;00802;gunartonajwa@hotmail.com
1441;drg. Samiah Mardhiyah, S.Psi;20341;karsa82@gmail.com
1442;Karen Namaga;04041;mayasaribaktiadi@cv.go.id
1443;Darijan Anggriawan;37346;wsaputra@pt.go.id
1444;Michelle Waskita;92904;ina17@pd.net.id
1445;Puti Wijayanti, M.Kom.;78266;gunawanlanggeng@pd.web.id
1446;Dt. Atma Laksita;33671;npalastri@perum.gov
1447;Radit Wacana;28626;praba38@hotmail.com
1448;Hasna Mandasari;58908;ewibisono@yahoo.com
1449;Kuncara Simanjuntak;60880;permatakadir@yahoo.com
1450;Dacin Hardiansyah;65538;jono51@pd.com
1451;Sutan Langgeng Puspita;19356;humaira62@ud.id
1452;Yoga Dabukke;66824;gdabukke@pd.ac.id
1453;Puti Maida Kuswoyo;31117;jailanigatot@hotmail.com
1454;Shania Natsir;69976;caketsihotang@hotmail.com
1455;Talia Wulandari;53317;pardisitompul@pt.int
1456;Dr. Catur Maryadi, S.Psi;32121;ghaliyatiprabowo@pt.com
1457;Zalindra Mulyani;41499;saputraestiono@ud.my.id
1458;Luis Wijayanti;82754;nurdiyantifitriani@gmail.com
1459;Prasetya Fujiati, S.Farm;64873;ihasanah@hotmail.com
1460;Carla Pudjiastuti;24529;ppratama@perum.sch.id
1461;Hilda Damanik;03118;kusumotedi@ud.net.id
1462;Mursinin Prasasta;53214;kurnia54@cv.id
1463;Amalia Pratama;62250;gambira52@yahoo.com
1464;Nardi Mardhiyah, S.Ked;15280;rahman41@yahoo.com
1465;Elma Wacana, S.Kom;62649;ophelia84@hotmail.com
1466;Zulfa Yuliarti;39708;halimahdaruna@yahoo.com
1467;Melinda Putra, M.M.;06601;padmasarilili@pt.com
1468;Kezia Tarihoran;07286;ibrahim10@perum.ponpes.id
1469;Kania Anggraini;75112;habibiatmaja@pd.net.id
1470;Puji Budiman;11238;legahalimah@gmail.com
1471;Tgk. Jumadi Maheswara;12798;maya85@gmail.com
1472;Yessi Napitupulu;76128;tambaaswani@gmail.com
1473;Dr. Tami Yuliarti, M.TI.;32262;nadriansyah@pt.co.id
1474;Padmi Damanik;03480;hardiansyahanastasia@perum.co.id
1475;Galar Budiman, S.I.Kom;46665;bnapitupulu@hotmail.com
1476;Tira Halim;21052;yhastuti@perum.int
1477;Dinda Pertiwi;52188;hasimrajata@pd.desa.id
1478;Ir. Kezia Nasyidah;41961;hidayantotimbul@perum.mil.id
1479;Karen Ramadan;10565;kamila87@hotmail.com
1480;R.A. Zaenab Iswahyudi, S.Farm;89034;kardipudjiastuti@yahoo.com
1481;Balamantri Dongoran;32923;kasiranhandayani@gmail.com
1482;Niyaga Pradana;60316;tantridongoran@gmail.com
1483;drg. Zahra Sinaga;54077;zelayapratama@hotmail.com
1484;Rizki Padmasari;25012;usadavictoria@yahoo.com
1485;Panji Dabukke;88745;gsaptono@pd.go.id
1486;Ayu Megantara, M.Ak;08449;simanjuntakiriana@hotmail.com
1487;Rafid Purwanti, M.Ak;79348;maryanto96@pd.desa.id
1488;Intan Novitasari, M.Farm;26650;ega67@pd.biz.id
1489;Ayu Santoso;69055;nadine75@gmail.com
1490;Yuliana Maryati, M.Farm;82099;luwar79@ud.com
1491;Nova Suartini;13704;artantouyainah@hotmail.com
1492;R. Reza Dabukke, S.E.I;24145;hwulandari@cv.mil
1493;Yuni Pradipta, M.Pd;50150;mulyantofirmansyah@hotmail.com
1494;Nardi Lestari;64437;hani00@ud.int
1495;Mujur Aryani;14035;vhutasoit@gmail.com
1496;Kawaca Safitri;24957;iprayoga@hotmail.com
1497;Fathonah Sihombing;29931;gadanugroho@hotmail.com
1498;Dr. Lintang Hakim, S.Ked;93823;kuncara96@hotmail.com
1499;Tgk. Rizki Yuniar;76842;busada@ud.com
1500;Drs. Elisa Rahimah;64232;violet30@pt.co.id
1501;Kezia Habibi;56122;waskitahamzah@gmail.com
1502;Dr. Ellis Fujiati, S.Pd;25448;vanesawaluyo@hotmail.com
1503;Elon Haryanti;26744;ppertiwi@hotmail.com
1504;Ina Prayoga;71210;halimhutagalung@hotmail.com
1505;Zulfa Hardiansyah;66396;lwidiastuti@pt.sch.id
1506;Vinsen Widodo;95640;setiawandwi@ud.com
1507;Mahfud Tampubolon;45609;vmaryati@yahoo.com
1508;Salsabila Hassanah;45986;nnurdiyanti@ud.net.id
1509;Emin Zulaika, S.Kom;75217;kusumokala@perum.id
1510;R.A. Malika Damanik;07567;belindawastuti@gmail.com
1511;Nilam Habibi;79270;wakiman24@yahoo.com
1512;Emong Pratama;19919;cemeti10@pd.ponpes.id
1513;Utama Pertiwi;76643;rmaheswara@gmail.com
1514;Karja Firgantoro;80749;kamila41@hotmail.com
1515;R.M. Halim Hutapea, S.H.;16123;hastutihana@pd.biz.id
1516;Ir. Sari Marpaung, M.Ak;38886;putripurnawati@hotmail.com
1517;Titin Napitupulu;08484;maulanaade@yahoo.com
1518;Gamani Wijaya;99351;gkusumo@perum.mil
1519;Darmana Zulaika;14122;pudjiastutilanjar@hotmail.com
1520;Bahuraksa Mangunsong;57612;mangunsonggaman@ud.ac.id
1521;Raden Gunarto, S.Farm;61226;ginawaskita@ud.co.id
1522;Tiara Ardianto;91967;taufanrahimah@cv.sch.id
1523;Lamar Maheswara;98381;gsitompul@cv.com
1524;Tgk. Dinda Hardiansyah, S.E.;66262;warsita58@pd.id
1525;Ir. Kasiyah Pangestu;04428;jagaragaprayoga@ud.desa.id
1526;Wakiman Napitupulu;54775;laksmiwatibakda@perum.co.id
1527;R. Maida Wijayanti, S.Kom;61100;caturangga92@pd.mil.id
1528;Bambang Wijaya;93181;sihotangnovi@cv.gov
1529;R.M. Anggabaya Habibi;62787;rahayuleo@ud.co.id
1530;Julia Pratiwi;17950;situmorangcayadi@gmail.com
1531;Shakila Kuswandari;69450;cindy65@pt.ponpes.id
1532;dr. Hana Sihombing, S.Gz;97626;mahendrabahuwirya@yahoo.com
1533;Puput Wijaya;35442;isantoso@perum.sch.id
1534;Bella Samosir;03982;kemal11@cv.sch.id
1535;Yance Andriani;42372;latika96@yahoo.com
1536;Narji Hariyah, M.TI.;96123;pradiptajane@hotmail.com
1537;drg. Paramita Napitupulu;71266;gambirapuspasari@hotmail.com
1538;R.A. Novi Palastri, S.Kom;00677;gpuspita@ud.id
1539;Carub Safitri;57771;vera27@hotmail.com
1540;Bakti Tampubolon;03025;nataliausamah@perum.net
1541;Bakti Wasita;48774;pangeran01@ud.mil.id
1542;Caturangga Maryati;17953;catur33@pd.gov
1543;Pia Pudjiastuti;60481;nabilasihombing@yahoo.com
1544;Dr. Rahmi Wijayanti;27048;yhidayanto@yahoo.com
1545;Nova Prasetyo;52330;adiarjapadmasari@gmail.com
1546;Ir. Salimah Habibi;28354;malamaryati@pt.mil
1547;Dr. Estiawan Utami;31465;kgunarto@perum.mil.id
1548;Eka Wasita;77701;warji94@pd.com
1549;Adhiarja Megantara;40829;pancanuraini@ud.co.id
1550;Ratih Prabowo;49587;apadmasari@gmail.com
1551;Gina Purwanti;06953;sinagacakrajiya@pt.ac.id
1552;T. Kenari Pradana, M.M.;17877;satya24@cv.biz.id
1553;drg. Yahya Lestari;95354;lamar04@pt.sch.id
1554;Drs. Hari Susanti, M.Pd;31814;naradinatsir@yahoo.com
1555;Tedi Hutasoit, S.Pd;71313;harjo51@hotmail.com
1556;Ir. Karna Wulandari, M.Kom.;19797;cnajmudin@gmail.com
1557;dr. Gada Dabukke, S.H.;19141;wulandaridarsirah@pd.int
1558;Nadine Namaga;44291;simbolonicha@hotmail.com
1559;Laila Nugroho, S.H.;15881;usuartini@pd.desa.id
1560;Drs. Jamalia Pradipta;66726;ciaobellagunawan@pd.mil.id
1561;Hana Putra;52773;danang58@yahoo.com
1562;Viktor Samosir, S.Sos;76444;pangeransimanjuntak@perum.org
1563;Kezia Mangunsong, S.E.;83457;halimkania@gmail.com
1564;Tgk. Betania Waluyo;19519;isuartini@ud.or.id
1565;Ellis Halim, S.I.Kom;36003;ranggathamrin@pt.gov
1566;Nurul Hasanah, S.I.Kom;78698;astutihamima@gmail.com
1567;Martana Megantara;51536;uda20@yahoo.com
1568;dr. Hasta Damanik, S.I.Kom;46723;langgeng60@ud.biz.id
1569;Dartono Ardianto;94073;mustofayuliana@yahoo.com
1570;Unjani Nugroho, S.Kom;22789;qhutasoit@perum.ac.id
1571;KH. Ajimin Pratiwi;99643;wakimannugroho@gmail.com
1572;Sari Nurdiyanti;25047;ulyasitumorang@ud.org
1573;Cakrawangsa Mandasari;10741;kairav12@pt.web.id
1574;R.A. Kiandra Nasyidah, M.Farm;76180;danangsafitri@yahoo.com
1575;Cut Rahmi Sitompul, S.Pd;65414;qbudiman@hotmail.com
1576;Paramita Situmorang;84539;mamanmaheswara@pd.biz.id
1577;Tina Irawan, S.Pd;85107;gunartovera@ud.mil
1578;Raisa Palastri;75315;artawanlaksmiwati@hotmail.com
1579;Kamila Winarsih;23608;fnarpati@cv.web.id
1580;Raina Wulandari;20221;galang27@pd.id
1581;Hardi Palastri;00662;uchitauwais@pd.mil
1582;Daniswara Mandasari;47954;widyawinarsih@gmail.com
1583;Banawa Pradana;81785;galuh47@ud.id
1584;R. Aisyah Usamah;52836;lprastuti@cv.org
1585;Eli Laksmiwati, S.E.;15122;tomi86@perum.co.id
1586;Hj. Iriana Suryatmi;44616;tampubolondamu@perum.com
1587;Sadina Prabowo, S.Gz;56973;xnugroho@ud.mil
1588;Kani Lailasari;64393;lmaryadi@pt.gov
1589;Asmianto Yuniar;85452;fmarbun@pt.mil
1590;Ir. Icha Simanjuntak;29598;mulyanto77@perum.com
1591;Raharja Handayani, S.T.;38180;khandayani@hotmail.com
1592;Martani Maryati;40814;uhutagalung@pd.id
1593;Argono Safitri;38119;calistasusanti@ud.sch.id
1594;R.A. Iriana Nainggolan;16124;ayuliarti@pd.edu
1595;Sutan Kacung Handayani;39008;budimangandi@yahoo.com
1596;Asirwada Puspasari;18228;asmiantolailasari@yahoo.com
1597;R. Jaka Prasetyo, S.Sos;00821;wadi62@gmail.com
1598;Genta Uyainah;84978;gambira58@ud.com
1599;dr. Emil Tampubolon;38756;slailasari@pt.int
1600;Margana Wijayanti, S.Sos;67425;latuponogasti@hotmail.com
1601;Novi Zulkarnain;10145;oskarnajmudin@gmail.com
1602;R. Irwan Mayasari, S.Gz;44253;hanamelani@pt.id
1603;Kemal Saptono;91932;luwar25@perum.biz.id
1604;Anita Melani;82457;inajmudin@pt.desa.id
1605;Lala Andriani, S.Psi;12757;hidayatbaktiadi@gmail.com
1606;Ika Halimah;01179;crahayu@gmail.com
1607;Dr. Elma Iswahyudi, S.Sos;53223;marsudinashiruddin@ud.int
1608;Ir. Iriana Haryanto, S.I.Kom;76746;natsirelvin@cv.or.id
1609;Manah Prakasa;25734;saputrayunita@perum.desa.id
1610;Xanana Hasanah;02770;nprakasa@yahoo.com
1611;Puti Permadi, S.Gz;73379;rahimahbetania@perum.ac.id
1612;R. Ellis Safitri;59290;uwaisbakiman@gmail.com
1613;Iriana Yuliarti;57845;lprasetyo@hotmail.com
1614;Among Rahmawati;94895;faizahhasanah@gmail.com
1615;Cakrabuana Marpaung;30900;lazuarditeddy@pt.net
1616;Argono Setiawan;98048;gunartorama@pt.desa.id
1617;R.M. Kasusra Melani, S.Farm;49904;wibowodrajat@gmail.com
1618;Hilda Aryani;15453;knasyiah@yahoo.com
1619;Dipa Wacana;91942;raharjahabibi@pd.org
1620;Aisyah Safitri, M.TI.;62062;martana84@gmail.com
1621;Qori Salahudin;84449;martakanarpati@hotmail.com
1622;Gandi Suryatmi;09036;maulanajayadi@gmail.com
1623;Kemal Wibowo;96038;elaksita@hotmail.com
1624;Widya Hariyah;35087;inashiruddin@cv.biz.id
1625;drg. Nadia Sinaga;91383;tarihorantaufik@cv.my.id
1626;Drs. Puti Prasasta;12721;daruna73@gmail.com
1627;Warji Winarno, M.M.;28603;capa15@cv.id
1628;Ir. Ira Firgantoro;53782;wulandarislamet@gmail.com
1629;Asman Kusmawati;21529;belindafujiati@hotmail.com
1630;drg. Jessica Prakasa, S.I.Kom;26678;marbungantar@pt.gov
1631;Nugraha Thamrin;27643;gawatiwinarsih@ud.go.id
1632;Erik Budiman, S.Gz;07608;pranawanapitupulu@pd.ac.id
1633;Panca Uwais, S.H.;44659;artanto98@gmail.com
1634;Taswir Wijayanti, S.E.I;29490;prasetya47@gmail.com
1635;Adiarja Sitompul;38544;dirjanababan@hotmail.com
1636;Sabrina Firgantoro;94145;vlazuardi@cv.biz.id
1637;Titin Nasyiah;96849;siregarkiandra@cv.biz.id
1638;H. Warsa Usamah;95778;daruna44@hotmail.com
1639;Ulya Melani;02140;prasetyaiswahyudi@gmail.com
1640;Hilda Nasyiah, S.E.I;70538;damu03@pd.sch.id
1641;Dr. Daliman Uyainah;87499;gangsajailani@yahoo.com
1642;Teddy Fujiati;02160;chandrafarida@gmail.com
1643;Dt. Galiono Wasita, S.I.Kom;37163;fsuwarno@pd.org
1644;Dr. Eli Aryani;43061;nashiruddindigdaya@gmail.com
1645;Drs. Daliono Pudjiastuti;67956;mardhiyahelma@yahoo.com
1646;Ismail Hutasoit;51870;damar95@perum.sch.id
1647;Gaman Gunawan;38791;febihutagalung@perum.biz.id
1648;Hj. Humaira Santoso;57510;nzulaika@gmail.com
1649;Agus Zulkarnain;38299;tirtayasamaheswara@gmail.com
1650;Warsita Wacana, M.Farm;84387;tampubolonkusuma@pd.id
1651;Cut Tari Situmorang;85930;siraitcinthia@ud.or.id
1652;Salsabila Hasanah;89027;rainajailani@cv.mil
1653;Sutan Jasmani Tamba;57854;rahayugawati@gmail.com
1654;Tgk. Rachel Wastuti;36424;dono95@yahoo.com
1655;Queen Pratama;16640;tmansur@gmail.com
1656;Atma Salahudin;64964;dutami@ud.co.id
1657;Intan Gunawan;05669;ramapertiwi@pd.web.id
1658;R. Puti Hasanah, M.Kom.;56205;heryanto73@pt.web.id
1659;Dr. Azalea Nababan;79539;slametbudiyanto@pt.mil.id
1660;Dt. Emas Wijayanti;49460;jindrasaefullah@yahoo.com
1661;Shakila Budiyanto;08121;handayaniade@hotmail.com
1662;Sadina Padmasari;74502;fjanuar@ud.mil.id
1663;Fathonah Pratiwi, M.Farm;10084;usyi22@gmail.com
1664;Maryanto Mansur;88806;ajiman12@hotmail.com
1665;Rahman Pudjiastuti;85917;kadir10@cv.sch.id
1666;Darimin Pratama;56562;mahfudpadmasari@gmail.com
1667;Marsito Budiyanto;91233;mangunsongeko@hotmail.com
1668;Fitria Siregar;45349;purwantomandasari@pt.go.id
1669;Genta Oktaviani;93282;lukmansafitri@pd.ponpes.id
1670;Zalindra Rahayu;18063;jaemansitorus@hotmail.com
1671;Hasna Mangunsong;07101;bhastuti@hotmail.com
1672;Ozy Prabowo;43019;butama@pt.ponpes.id
1673;Dt. Lasmono Rahimah;89336;maryadisimon@perum.co.id
1674;drg. Paris Laksita, S.Ked;12366;lprastuti@pd.sch.id
1675;Kiandra Nugroho, S.Sos;43235;mandalanatalia@pd.net
1676;Cinta Suryatmi;19993;kmulyani@ud.net
1677;Sutan Irfan Hastuti, M.M.;89609;yutami@gmail.com
1678;Dinda Narpati;37951;kpurwanti@gmail.com
1679;Kamila Mangunsong, S.Kom;80276;apermadi@yahoo.com
1680;Cut Puti Nuraini, S.T.;63812;rzulaika@gmail.com
1681;Bahuwarna Winarsih;46022;wulandariganda@hotmail.com
1682;Cakrajiya Situmorang;06410;pangeranhastuti@pt.co.id
1683;Gina Simbolon;78688;karja55@perum.or.id
1684;Puti Maya Winarno, S.Sos;15144;genta12@hotmail.com
1685;Cemeti Pertiwi;20635;edibudiyanto@ud.id
1686;Kadir Hasanah;45316;martakawahyudin@hotmail.com
1687;Drs. Belinda Hastuti;13067;haryantojasmin@cv.sch.id
1688;Prabowo Prasetyo;11518;rahayumulya@yahoo.com
1689;Michelle Astuti, S.Pd;21861;maryanto96@gmail.com
1690;Tgk. Titi Pratama, S.H.;70438;kemba79@pd.ponpes.id
1691;dr. Yani Purwanti, M.Kom.;23378;oskar64@hotmail.com
1692;Mulyanto Mandala, M.TI.;46686;marganaardianto@yahoo.com
1693;Suci Hardiansyah;85850;rusman53@gmail.com
1694;Danuja Yuliarti;87854;halimahbanawa@cv.or.id
1695;Salwa Sihotang;75175;qori16@hotmail.com
1696;Niyaga Prasetya;77138;awinarno@hotmail.com
1697;Sutan Hardana Prasasta;98571;yuliantidian@pd.net
1698;Hasan Adriansyah;58151;mahendravero@yahoo.com
1699;Galur Saptono;35307;ibranisafitri@pt.mil.id
1700;dr. Nadia Handayani, S.Pd;85050;vickyprasetya@pd.go.id
1701;Danuja Purnawati;84064;wibowocakrabirawa@cv.sch.id
1702;Budi Pangestu;75093;zprasetyo@yahoo.com
1703;Ir. Harja Kuswoyo, S.I.Kom;32518;pwaluyo@yahoo.com
1704;Zalindra Wacana;25697;kamal78@cv.ac.id
1705;Raihan Winarsih;71323;npadmasari@hotmail.com
1706;Tgk. Amalia Namaga;14617;jayeng32@cv.com
1707;Cut Karen Samosir;03747;kasusra41@gmail.com
1708;R. Pranawa Sihotang, S.Pd;37953;vinsen31@hotmail.com
1709;Sabar Hastuti;10323;umayhutapea@pd.ac.id
1710;Tgk. Hesti Nasyiah, S.Sos;43554;bajragin55@yahoo.com
1711;Raden Winarno;94581;asuartini@yahoo.com
1712;Hana Hidayat;16677;safitrisimon@pd.net
1713;Michelle Habibi, S.Pt;73652;narpaticemeti@cv.co.id
1714;drg. Latif Nainggolan;28977;sinagarahmat@perum.edu
1715;Usman Siregar;15797;uwaskita@hotmail.com
1716;Lintang Lestari;91805;ardiantoghani@cv.id
1717;Salman Manullang;09477;tambagalur@pt.my.id
1718;Cakrawala Mulyani;37085;usamahtari@cv.sch.id
1719;Zalindra Rahimah, S.Sos;99256;gandihassanah@pd.mil
1720;dr. Lintang Tarihoran;49088;mahendrazahra@ud.mil.id
1721;Okta Hakim;06355;wibowoicha@yahoo.com
1722;dr. Vanesa Hasanah, S.E.;04085;aryanijessica@yahoo.com
1723;Soleh Sudiati, S.Pt;74428;jwijayanti@yahoo.com
1724;Samiah Wibisono, S.H.;92358;lnuraini@cv.biz.id
1725;Cut Tari Mangunsong;24471;usihombing@hotmail.com
1726;R. Eka Suryatmi, S.I.Kom;51665;dmangunsong@pd.ac.id
1727;Hasan Adriansyah;09817;nasrullahardianto@cv.id
1728;Bakianto Dabukke, S.H.;82415;rangga11@gmail.com
1729;Jaiman Susanti;40148;zmaryati@yahoo.com
1730;Gatot Safitri;46102;irfan19@yahoo.com
1731;Tgk. Daruna Latupono;23820;cakrawangsa51@pd.ac.id
1732;Kasim Wijaya;02200;shaniausada@yahoo.com
1733;Balamantri Hardiansyah, S.H.;61626;agustinabakda@perum.ac.id
1734;Almira Nababan;93522;verayuliarti@perum.go.id
1735;Kamal Maryati;61913;pranawa83@cv.net.id
1736;Maya Suryono;22669;laras93@hotmail.com
1737;Chelsea Mansur;31421;darutampubolon@pd.sch.id
1738;Iriana Suwarno, S.Sos;15196;galuh78@cv.go.id
1739;Baktiadi Padmasari;70556;gtampubolon@pt.or.id
1740;Cici Usamah;74858;vinsensuwarno@gmail.com
1741;Bahuraksa Iswahyudi;27591;laksitaagus@perum.my.id
1742;Elvina Maryati, M.M.;23058;prabowonaradi@pt.edu
1743;Nugraha Siregar;06686;amulyani@pd.mil.id
1744;Ir. Aditya Mahendra;42236;lulutwidiastuti@pd.gov
1745;KH. Darman Nasyiah, S.Pd;65848;januargawati@cv.or.id
1746;Maryadi Waluyo;11602;maryadi27@ud.mil
1747;Hj. Jessica Halimah;07449;galarsitompul@gmail.com
1748;Oman Laksmiwati;88489;putriprabowo@hotmail.com
1749;Utama Zulkarnain;64379;wahyunireza@gmail.com
1750;drg. Sadina Zulaika, M.TI.;43705;eman47@cv.go.id
1751;Timbul Salahudin;27856;wijayantibakianto@yahoo.com
1752;Rangga Nababan;07904;qmangunsong@yahoo.com
1753;T. Hairyanto Kusumo;38631;handayanisari@gmail.com
1754;R.M. Irfan Saefullah;93375;janetanggraini@yahoo.com
1755;Cut Cornelia Haryanti;38820;rsirait@ud.my.id
1756;R.A. Kamila Yulianti, S.Psi;38431;rsitorus@yahoo.com
1757;Sari Kuswoyo;81109;prabutampubolon@hotmail.com
1758;Julia Wasita, M.Kom.;09252;ikhsanwaskita@yahoo.com
1759;Sutan Kajen Pratama;88752;baktianto75@gmail.com
1760;Ganda Siregar, S.Kom;55901;sadina20@perum.net.id
1761;Empluk Tarihoran;79369;reksawidodo@hotmail.com
1762;Cut Salwa Wahyudin;63282;aswani50@gmail.com
1763;Zizi Latupono, S.Psi;15536;purnawatiiriana@hotmail.com
1764;T. Hendri Sinaga, S.E.I;88814;dimazdabukke@pd.mil.id
1765;drg. Zulfa Suryono, M.TI.;56983;johan39@hotmail.com
1766;Keisha Permadi;89553;almira15@hotmail.com
1767;Titi Mansur;45524;narpatigalar@ud.sch.id
1768;Prima Hakim;04133;latuponomursita@pt.web.id
1769;R.M. Dagel Mustofa, S.H.;06186;egahandayani@pt.co.id
1770;Ratna Wijaya;84338;ifasuryatmi@yahoo.com
1771;Bakiadi Mulyani, M.M.;78631;tnovitasari@pt.sch.id
1772;Dewi Mustofa, S.I.Kom;06612;wartamarpaung@gmail.com
1773;Sutan Lukman Iswahyudi, S.Psi;81883;pandumaheswara@pd.ac.id
1774;Tirta Tampubolon;18734;tomi40@yahoo.com
1775;Vanesa Saptono;99791;iansudiati@gmail.com
1776;Alambana Wasita;07544;ozy69@pd.go.id
1777;Cayadi Kuswoyo, S.IP;71054;safitribakijan@gmail.com
1778;Sadina Rajasa;73506;gunawanirfan@pd.web.id
1779;Cager Uyainah;10381;lestarijumari@perum.desa.id
1780;Anastasia Samosir, S.Farm;21458;suartinijamal@ud.or.id
1781;KH. Mustofa Hutagalung;71071;anitasuryatmi@hotmail.com
1782;KH. Latif Nasyiah, S.Gz;35599;martanipradipta@gmail.com
1783;Harto Padmasari;49127;jayenghardiansyah@pt.my.id
1784;H. Cengkal Firmansyah, S.Kom;41476;rhardiansyah@hotmail.com
1785;Cici Usada;56588;vmaryati@hotmail.com
1786;Daru Tamba;94662;permadilasmono@perum.sch.id
1787;Hj. Hafshah Uwais, S.I.Kom;19947;utamanasim@hotmail.com
1788;Waluyo Maulana;21909;tpertiwi@pd.biz.id
1789;Drs. Siska Samosir;10357;nilam13@yahoo.com
1790;Cakrabirawa Mulyani, M.TI.;70059;dwidodo@pd.go.id
1791;Cahyadi Mandasari;36238;prabowoprabu@pt.id
1792;Suci Tamba;10376;ihalimah@yahoo.com
1793;Tasdik Mulyani;15712;haryantikarna@yahoo.com
1794;Bagus Usada;51592;qnarpati@gmail.com
1795;Hari Winarno, M.Pd;11445;prastutieka@pt.biz.id
1796;Digdaya Mulyani;45654;fusamah@yahoo.com
1797;Septi Laksita, S.T.;42046;megantaraestiawan@yahoo.com
1798;KH. Purwanto Pangestu, S.E.I;68632;koko34@gmail.com
1799;Natalia Suryono;25736;bagus72@yahoo.com
1800;R.M. Purwadi Maryati;28507;oktawijaya@hotmail.com
1801;Gatot Sirait;21436;usadawarsa@perum.or.id
1802;H. Indra Sitorus;30212;wrahmawati@perum.net
1803;R. Jinawi Siregar, S.IP;90349;irsad48@yahoo.com
1804;Paiman Kusmawati, S.Sos;22393;permatasabrina@yahoo.com
1805;Juli Sudiati;84004;puputnajmudin@cv.gov
1806;Tgk. Bakijan Sudiati, S.I.Kom;95261;yahya78@gmail.com
1807;R.A. Nilam Wahyuni, S.IP;84080;darmaji31@cv.web.id
1808;KH. Dariati Pradana, M.Pd;66922;ssantoso@ud.sch.id
1809;Kadir Manullang;45967;tpuspasari@perum.org
1810;Cut Faizah Ramadan, S.Pt;79726;najmudinnasrullah@hotmail.com
1811;Puti Vivi Natsir;35028;edison58@yahoo.com
1812;Warsa Usamah, M.Farm;24097;lukmanrahayu@ud.sch.id
1813;Elon Hastuti;79477;pangestuheryanto@yahoo.com
1814;H. Simon Hasanah, S.Farm;29956;pardihardiansyah@yahoo.com
1815;Raina Saefullah;29366;ajimin06@hotmail.com
1816;Hartana Riyanti, M.M.;52550;fputra@cv.mil
1817;R. Irma Prasetya;08490;vmaryadi@cv.net.id
1818;Puti Wulan Nasyiah, M.Pd;51212;permadiyani@yahoo.com
1819;Maryanto Halim;46962;setya00@perum.net
1820;Zahra Hidayanto;12244;laksitasafina@yahoo.com
1821;Irnanto Usamah;98912;ldongoran@cv.my.id
1822;Tami Permata;28018;hrahmawati@gmail.com
1823;drg. Ilsa Situmorang, S.Gz;66705;anasyidah@ud.desa.id
1824;Kanda Wijayanti;85725;lailasariega@pd.or.id
1825;Najwa Safitri;30183;hari26@ud.go.id
1826;Ir. Usyi Sinaga, S.E.I;36062;wahyunikasim@pt.net.id
1827;Salimah Padmasari;01160;opansihotang@gmail.com
1828;Lili Nurdiyanti, S.H.;00890;laladongoran@hotmail.com
1829;Legawa Haryanti;60973;aguswahyuni@yahoo.com
1830;Prayogo Hastuti;01877;omansur@gmail.com
1831;Ibrahim Prasetya;28355;nhakim@yahoo.com
1832;Drs. Zulfa Novitasari, M.Ak;58382;nurdiyantikarta@cv.desa.id
1833;Tina Mardhiyah;69633;mardhiyahviman@ud.org
1834;Sutan Catur Irawan, S.Farm;16685;madriansyah@cv.or.id
1835;Dr. Kalim Permadi, S.E.;58970;dmangunsong@yahoo.com
1836;Dr. Ibun Nasyidah;07758;patricia97@gmail.com
1837;Ir. Zelaya Irawan, M.TI.;41879;zalindranasyidah@pt.web.id
1838;Malika Siregar;26607;isiregar@ud.biz.id
1839;Tantri Mansur, S.H.;08571;imelani@perum.net.id
1840;Dr. Dian Narpati, S.Pd;80899;yolandabagiya@ud.co.id
1841;Luwar Usada;19199;qkurniawan@perum.ponpes.id
1842;dr. Labuh Purwanti, S.Ked;51262;kayunwinarsih@gmail.com
1843;Anastasia Sirait;74863;qsitorus@hotmail.com
1844;dr. Daniswara Yuliarti;03726;jamalpertiwi@yahoo.com
1845;Atmaja Rajasa;35949;psihotang@yahoo.com
1846;Drs. Manah Januar;08037;jinawi17@cv.ac.id
1847;Vino Pradana;75883;lnasyidah@yahoo.com
1848;Bambang Sihombing;87946;banawa82@gmail.com
1849;Reza Nashiruddin;89011;novitasarireza@yahoo.com
1850;Ida Pertiwi, S.T.;28713;haryantikeisha@pd.ac.id
1851;Karya Fujiati;79693;jonofirmansyah@pt.or.id
1852;Drs. Zahra Prasasta, S.Farm;43551;csusanti@pt.net
1853;Jaswadi Zulaika;29722;larasnashiruddin@pd.go.id
1854;R. Prima Laksmiwati, S.Gz;23449;edi68@yahoo.com
1855;Ophelia Simanjuntak;10560;maliknovitasari@cv.my.id
1856;H. Hasim Puspita;91201;birawan@pd.go.id
1857;Sutan Lasmono Purnawati;68659;pthamrin@yahoo.com
1858;dr. Wulan Samosir, M.Ak;40654;murti56@perum.mil
1859;Faizah Nurdiyanti;01228;utamibakiman@yahoo.com
1860;Cakrabuana Sihotang;35592;intan25@ud.gov
1861;drg. Hani Haryanto, S.I.Kom;90598;padmi28@gmail.com
1862;Jasmani Gunawan, S.E.;79403;lailasarisalimah@hotmail.com
1863;Radit Hartati;22951;elisapranowo@gmail.com
1864;KH. Jamal Rajata;41158;kusuma40@cv.biz.id
1865;Ir. Puput Zulaika, M.Farm;61906;bwaskita@ud.ac.id
1866;Calista Rahmawati;03070;starihoran@gmail.com
1867;Nadia Anggraini;93166;lanjar41@yahoo.com
1868;R. Rahmi Mulyani;75389;hutapeagara@pd.net
1869;Irma Mayasari;55163;mustofakarta@yahoo.com
1870;Dr. Nilam Yulianti;76827;widiastutiyusuf@hotmail.com
1871;Cici Prasetyo;09405;jumadi81@hotmail.com
1872;Lili Permata;03567;marwata81@gmail.com
1873;Hj. Ulya Permadi;75931;wage87@hotmail.com
1874;Kemba Waluyo;86275;balamantrihabibi@hotmail.com
1875;dr. Jamal Yulianti;01108;darmannainggolan@perum.com
1876;Hesti Agustina;19583;zelda33@pd.mil
1877;R. Praba Sinaga;81166;samsul38@hotmail.com
1878;Salwa Habibi;48290;wartafujiati@hotmail.com
1879;Kani Suwarno, S.Kom;36712;opermata@gmail.com
1880;Upik Wijaya;07832;embuh35@ud.gov
1881;Hafshah Irawan;98699;arta71@hotmail.com
1882;Vicky Pratama;26983;irfan84@hotmail.com
1883;Prabu Iswahyudi;45217;wsalahudin@gmail.com
1884;Asmadi Lestari;76156;dewi63@yahoo.com
1885;Drs. Lala Utama;33698;jayeng80@pd.ponpes.id
1886;Elma Habibi;98301;kambalikusmawati@ud.or.id
1887;Puti Salimah Kuswoyo, S.Pt;47210;tsafitri@hotmail.com
1888;Kemba Hutasoit, M.Ak;62212;enteng30@ud.id
1889;Mustika Haryanto, M.M.;68563;namagapraba@pd.sch.id
1890;Tgk. Ika Hutapea;52750;prastutisiska@gmail.com
1891;Ir. Kasiyah Safitri, S.IP;65661;lnasyiah@ud.com
1892;Puti Kasiyah Najmudin, M.Pd;32209;cakrabuanahutapea@gmail.com
1893;Artanto Samosir;04424;opangestu@pt.go.id
1894;Balangga Widiastuti;43803;esafitri@pd.sch.id
1895;Dt. Liman Habibi;18440;kusmawatiajeng@hotmail.com
1896;Jasmin Lazuardi;47772;usyi33@yahoo.com
1897;Dr. Rachel Kusmawati, S.Pt;64400;firmansyahazalea@perum.sch.id
1898;Rahmi Maryadi;81896;xanana26@gmail.com
1899;Upik Lazuardi;56072;anggabayasamosir@yahoo.com
1900;Dr. Salsabila Marbun, S.E.I;72668;kamidin99@yahoo.com
1901;KH. Caket Sihombing, S.Ked;17541;danang79@hotmail.com
1902;H. Cahyono Pranowo, S.Sos;89944;baktiono08@cv.or.id
1903;Drs. Amalia Permadi;32617;usadashania@gmail.com
1904;Gatot Mandala;58546;pudjiastutijamalia@hotmail.com
1905;Martani Samosir;55937;embuh68@gmail.com
1906;Yulia Rahmawati;77876;oktavianilintang@pt.web.id
1907;Amalia Maulana;64165;knugroho@pd.biz.id
1908;Jefri Wibowo, S.Gz;50918;zsusanti@hotmail.com
1909;R. Tomi Sihotang;37808;omar19@hotmail.com
1910;Harsanto Hutasoit;89191;makaranasyiah@pd.ac.id
1911;Ayu Yulianti;53863;dipairawan@yahoo.com
1912;R.A. Keisha Pradipta;39504;cakrawangsa59@yahoo.com
1913;R.M. Dacin Dabukke;33447;luhung44@gmail.com
1914;Kardi Purnawati;04564;dacinsetiawan@pd.edu
1915;Candrakanta Zulaika;64100;anggriawandadap@cv.ac.id
1916;Michelle Kusmawati;99897;gandi27@hotmail.com
1917;Ibrani Gunarto;23478;lwasita@perum.gov
1918;Kambali Permata, M.Ak;03503;kuswoyoleo@pd.biz.id
1919;Ratna Widiastuti;36892;psinaga@gmail.com
1920;Anastasia Natsir, M.TI.;91280;cemeti44@gmail.com
1921;Clara Napitupulu;08723;wasitaradit@hotmail.com
1922;Vero Padmasari;24275;pranowotiara@gmail.com
1923;Sutan Pandu Latupono, M.M.;99185;baktiadi18@gmail.com
1924;Ella Maulana;86231;rahayucemeti@yahoo.com
1925;Tgk. Ami Widiastuti;37457;mardhiyahbaktianto@pt.my.id
1926;Drs. Labuh Megantara;41986;yolandapia@gmail.com
1927;Hj. Talia Zulkarnain;84559;wnainggolan@pt.com
1928;Jais Laksmiwati, M.Kom.;66474;nasim88@yahoo.com
1929;Gilda Sihombing;42207;mayasarimitra@pd.ponpes.id
1930;Oni Palastri;71644;jmayasari@cv.desa.id
1931;Sari Safitri;40904;banaramandasari@hotmail.com
1932;dr. Oliva Tampubolon;99438;csihombing@pd.ac.id
1933;Karen Tarihoran;38283;zizisimanjuntak@yahoo.com
1934;drg. Victoria Nurdiyanti, M.M.;05075;joko59@pt.co.id
1935;Umaya Sinaga, M.Kom.;70813;banawayuniar@gmail.com
1936;dr. Bancar Zulaika, S.H.;73709;ramadankarna@yahoo.com
1937;Sutan Jono Mandala, M.Pd;27089;hasanahprasetyo@ud.int
1938;Vera Adriansyah, S.Gz;04955;xnatsir@cv.my.id
1939;Sarah Farida;72283;tirta98@yahoo.com
1940;Yance Saputra;29417;piswahyudi@gmail.com
1941;Zamira Mangunsong, S.Ked;40625;vhastuti@perum.web.id
1942;Mitra Sihotang;70788;pmanullang@cv.com
1943;Farhunnisa Hassanah;69023;dabukkedarmaji@ud.sch.id
1944;Drs. Tania Wacana;68259;prima42@perum.ponpes.id
1945;Putri Yolanda;04091;prasetyolembah@cv.ac.id
1946;Joko Santoso, S.IP;82058;lprayoga@ud.net
1947;R.M. Mulya Prabowo;13727;febizulkarnain@yahoo.com
1948;Elvina Widiastuti;70666;ozymelani@gmail.com
1949;Pia Uyainah;38119;nataliatarihoran@hotmail.com
1950;R. Diah Rahimah, S.E.I;38907;anomharyanti@perum.ac.id
1951;Opung Nainggolan;30594;rudi02@gmail.com
1952;Endra Marbun, S.E.I;81007;maras02@hotmail.com
1953;Johan Palastri;37796;narpatiwarta@yahoo.com
1954;Gandewa Tampubolon;37220;jessicasuryono@ud.org
1955;Empluk Mustofa;14441;maras42@gmail.com
1956;Tami Irawan, S.E.I;68330;wirdauyainah@pd.go.id
1957;Kawaca Permadi;45292;wahyu41@pd.web.id
1958;Gandi Nuraini;85497;paiman72@yahoo.com
1959;Edi Wijayanti;63852;imammansur@cv.net.id
1960;Jessica Saputra;33276;hartaka18@pt.int
1961;Yuni Prasasta;00418;cyuniar@hotmail.com
1962;Yuliana Agustina;77480;johan50@hotmail.com
1963;Umar Kuswandari;21393;rosman60@gmail.com
1964;Kusuma Saragih, M.Ak;83447;cdabukke@cv.mil
1965;Cut Vera Rajata, M.M.;23119;suwarnorahayu@pt.com
1966;Kania Nababan;73358;lharyanto@perum.mil.id
1967;R. Karja Kusumo, S.H.;36387;rafid31@gmail.com
1968;Drs. Bancar Hartati;92887;pmaryati@gmail.com
1969;Maida Napitupulu;98752;pratamanurul@ud.my.id
1970;Ella Andriani, M.M.;97907;pertiwiade@hotmail.com
1971;Tgk. Vera Permata, S.Gz;48543;cakrabuanajailani@yahoo.com
1972;Drs. Satya Sudiati, S.IP;70022;veronugroho@yahoo.com
1973;Carub Mardhiyah;79408;irsad30@pd.or.id
1974;R.A. Icha Mahendra;81583;adikaranasyidah@pd.ponpes.id
1975;Harjasa Hutasoit;60595;kusumoamalia@gmail.com
1976;KH. Daru Hartati;36369;saptonomujur@pd.id
1977;Marsudi Sihombing;85023;twaluyo@yahoo.com
1978;Rafid Sudiati;23791;eagustina@yahoo.com
1979;Cut Natalia Hakim, S.Farm;17254;wahyu60@gmail.com
1980;Pangeran Gunarto;29872;emong43@perum.edu
1981;Belinda Rajata;30314;eva86@yahoo.com
1982;Jumari Saragih;06244;cintahutasoit@pd.org
1983;Melinda Andriani;30716;tnugroho@pt.desa.id
1984;Drs. Harimurti Sitompul, S.E.I;96254;ajailani@yahoo.com
1985;H. Hardi Yuliarti, M.M.;87346;lestariokta@hotmail.com
1986;Opung Ramadan;60300;margana62@pd.desa.id
1987;Siti Wulandari;73499;saefullahpaulin@perum.or.id
1988;Maria Halimah;47195;tantripangestu@pd.co.id
1989;Bella Suryono, S.Ked;10556;rahmathutapea@cv.my.id
1990;Sabri Hasanah, M.Farm;67005;maryadisafina@pd.ponpes.id
1991;Sutan Kasusra Safitri;81953;tarihoranirfan@yahoo.com
1992;Eli Rajata, S.E.;21680;hidayantocalista@yahoo.com
1993;Harimurti Pranowo;95389;prabayuliarti@cv.ac.id
1994;Upik Sitompul;61385;gardasihombing@yahoo.com
1995;Ifa Najmudin, S.Gz;85542;rwacana@gmail.com
1996;Puji Puspita;20417;kamidinmulyani@gmail.com
1997;Dt. Darimin Siregar, S.Kom;26385;ysaputra@pd.biz.id
1998;Puput Siregar;68875;prayogacecep@pd.net.id
1999;Cawuk Sitompul;04103;kalimuyainah@cv.org
2000;Pranata Rajata, S.Pd;34634;pwibowo@hotmail.com
2001;Malika Sihombing, S.Pt;87466;imamnashiruddin@cv.web.id
2002;Cawisono Suryono;17085;tramadan@pd.ponpes.id
2003;Gandi Zulaika;74006;omahendra@yahoo.com
2004;Sutan Rendy Napitupulu;27418;eprabowo@yahoo.com
2005;dr. Jono Hassanah;08209;sitorusviolet@pt.edu
2006;Endah Irawan;44000;simonsaragih@gmail.com
2007;R. Cahyadi Iswahyudi, S.Gz;63451;najamsuartini@yahoo.com
2008;Xanana Dabukke, M.M.;00684;uwaisbalijan@gmail.com
2009;Harjo Putra;12208;bala12@gmail.com
2010;Halima Sirait;62070;irsadpalastri@cv.desa.id
2011;Omar Purnawati;32186;saptononasrullah@pt.net
2012;Cut Amelia Sudiati;43344;tnurdiyanti@pt.my.id
2013;Darmana Prastuti;60481;sinagarespati@hotmail.com
2014;drg. Jail Zulaika, S.Gz;81811;purwa23@perum.edu
2015;Ghani Hartati;55185;tpurnawati@yahoo.com
2016;Ir. Mahesa Prasetya, S.Kom;70141;irawanelvin@gmail.com
2017;H. Argono Lailasari, S.IP;18146;asmunibudiman@cv.biz.id
2018;Salwa Pangestu;26016;balawahyudin@yahoo.com
2019;Intan Rahimah;36345;jarwa22@gmail.com
2020;Agnes Hassanah;09980;usmandongoran@pt.net
2021;Dina Prastuti, M.M.;40996;mustofaganda@yahoo.com
2022;Lala Pranowo;21401;bnasyidah@gmail.com
2023;Melinda Zulkarnain, S.Ked;82579;ulimangunsong@cv.net
2024;Cut Salsabila Pradana;20205;qsiregar@cv.com
2025;Drs. Rika Halimah, M.Ak;56509;nadine53@ud.ac.id
2026;Gaiman Wastuti;13056;mumpuni14@yahoo.com
2027;Cakrajiya Lailasari;85415;kasiyah46@pt.net.id
2028;Hj. Vanesa Napitupulu;88415;sabrina07@yahoo.com
2029;Okta Nasyidah;21120;prabowowulandari@gmail.com
2030;Bella Maryadi;02785;pratamahana@perum.int
2031;Banawa Natsir;06355;eva02@hotmail.com
2032;Mahmud Sihombing, S.H.;61063;jwacana@hotmail.com
2033;Catur Yuliarti;19289;adinata30@perum.net.id
2034;Bagas Adriansyah, M.Kom.;27487;dianauyainah@pd.desa.id
2035;Irma Waskita;79628;digdayaramadan@ud.com
2036;Nardi Pranowo;11709;garda24@perum.web.id
2037;Hafshah Hutapea;35046;tami28@gmail.com
2038;Siska Agustina;84913;lsantoso@hotmail.com
2039;Arsipatra Hastuti;24808;wmarbun@yahoo.com
2040;Ir. Nova Lazuardi, M.Pd;31629;cahya07@gmail.com
2041;Dinda Iswahyudi;18433;bahuwiryapadmasari@perum.co.id
2042;Dacin Sitompul;98560;wasitaaswani@pt.com
2043;Setya Situmorang;30235;drajatsuwarno@pt.int
2044;Drs. Kambali Tampubolon;69319;saragihcagak@yahoo.com
2045;Putri Wijaya;36192;ibrahim19@pd.net
2046;Puti Cornelia Mandasari;85890;xfirmansyah@gmail.com
2047;Puti Yani Nasyiah;92635;wmulyani@gmail.com
2048;Darmaji Prastuti;00435;agustinaella@yahoo.com
2049;Cengkir Januar, S.E.;92533;lantar13@pt.or.id
2050;Kania Pranowo, S.Pt;41390;irawangaiman@pt.int
2051;Marsito Maheswara, S.IP;01916;adikapurnawati@pd.mil.id
2052;Sabar Siregar;61560;thartati@pt.edu
2053;Putu Santoso;24998;xsitompul@hotmail.com
2054;Cagak Winarno;25465;hardanapangestu@cv.my.id
2055;Jessica Tarihoran;05695;maryantoirawan@perum.ponpes.id
2056;dr. Safina Januar, S.IP;43318;puspitagilang@pd.mil.id
2057;Damar Zulkarnain, S.IP;38901;latupononilam@pd.go.id
2058;Zaenab Mandasari, S.Psi;12209;hakimcemeti@gmail.com
2059;Shania Agustina;91266;urajasa@cv.mil.id
2060;Sabrina Simbolon, S.T.;20770;mandalamuhammad@yahoo.com
2061;Garan Wijaya;80534;permatalukita@yahoo.com
2062;Nyoman Sihombing;33368;puspasarishania@pt.net
2063;Maria Hutasoit;13518;tmandasari@gmail.com
2064;Tirtayasa Saefullah;92378;dmandala@cv.id
2065;Banawa Irawan;91463;naradipalastri@ud.int
2066;Dt. Cemplunk Pratiwi;59844;estionosuartini@perum.go.id
2067;Ella Wibowo;27623;balanggaadriansyah@perum.edu
2068;Mila Wijaya;29891;vkuswandari@cv.mil.id
2069;KH. Ihsan Simanjuntak;21536;ianhassanah@yahoo.com
2070;Iriana Aryani;75189;tampubolonika@hotmail.com
2071;Hana Namaga;03598;awibowo@perum.co.id
2072;Ir. Lidya Marpaung;45495;flaksita@pt.mil
2073;Salsabila Wulandari;27034;fathonah48@yahoo.com
2074;Cinta Nababan;96651;purwadi23@hotmail.com
2075;Fitria Adriansyah, S.I.Kom;58340;gamani97@pt.com
2076;Rini Padmasari;07511;jatidongoran@hotmail.com
2077;Ika Hidayat;34226;kanda22@ud.edu
2078;Gilda Hassanah;27743;fujiatijaka@yahoo.com
2079;Latika Prasasta;78413;asinaga@ud.co.id
2080;Ophelia Rahimah, M.Pd;08174;garahassanah@yahoo.com
2081;Jelita Permata, M.TI.;62899;abyasaharyanto@cv.org
2082;H. Salman Astuti, S.Ked;80377;jasmanirahmawati@pd.net.id
2083;Suci Hartati;11998;wahyudinpandu@pd.id
2084;Raden Adriansyah;07519;cakrawala50@yahoo.com
2085;Nadia Dongoran;75756;cwibisono@gmail.com
2086;Dr. Kadir Setiawan, M.M.;98314;bakdahardiansyah@perum.ac.id
2087;Dr. Nadia Prabowo, S.Psi;46536;cnugroho@perum.mil
2088;Dr. Cawisono Rahmawati;89639;elaksmiwati@yahoo.com
2089;Mala Novitasari;48741;elvinnababan@gmail.com
2090;Gatot Putra;95500;dariatimandasari@gmail.com
2091;Kacung Irawan;74499;adika17@gmail.com
2092;Eva Rahayu;43558;faridafitria@hotmail.com
2093;Purwa Novitasari;27555;mayasaritirtayasa@perum.gov
2094;Kamila Permata;98819;evabudiyanto@yahoo.com
2095;Drs. Aslijan Rahimah, M.Kom.;77431;kasim72@pt.mil
2096;Jono Hartati;54913;wastutirafi@pt.com
2097;Intan Anggriawan;69894;kawaya94@pd.org
2098;Vega Budiyanto, S.T.;68166;fitria60@hotmail.com
2099;Bakda Widiastuti;76298;zelaya98@ud.or.id
2100;Taufan Saefullah, S.Gz;63230;teguhnasyidah@yahoo.com
2101;Kenes Tamba;69529;maryanto50@ud.sch.id
2102;Hj. Oni Mahendra, M.M.;17454;gunartojarwadi@ud.com
2103;Gilda Laksmiwati;02364;kiswahyudi@yahoo.com
2104;Devi Pangestu;65052;nainggolanmaimunah@yahoo.com
2105;Asman Agustina, S.Pd;18352;titi21@yahoo.com
2106;drg. Calista Mulyani;07173;kuswoyochelsea@pd.my.id
2107;Nadia Prayoga, S.IP;76144;wibowoqueen@pd.com
2108;Malika Suryatmi;58314;gatot24@pd.id
2109;Dodo Prastuti;89692;megantaraprabawa@perum.mil.id
2110;Nabila Ramadan, M.TI.;13291;pzulkarnain@cv.co.id
2111;Purwadi Pranowo;05267;isamosir@pd.org
2112;Pranata Wahyuni;85422;hsaefullah@yahoo.com
2113;Pangestu Lestari;40503;rirawan@yahoo.com
2114;Lasmanto Winarsih;91479;ykusmawati@perum.web.id
2115;R.A. Dalima Usada;24722;martana24@hotmail.com
2116;dr. Ade Andriani;74854;niyaga88@pd.com
2117;Raden Mulyani;22128;utamailsa@pt.web.id
2118;Unggul Sihotang, S.T.;59498;gunartoteddy@gmail.com
2119;Liman Gunarto;95121;clara18@pd.my.id
2120;Fitria Situmorang, S.Farm;23712;sucimanullang@hotmail.com
2121;Cut Yessi Prabowo, M.TI.;56279;ami43@pt.my.id
2122;Balamantri Pradana;00653;prasetyamalik@hotmail.com
2123;Caturangga Maulana;65952;dagelsiregar@gmail.com
2124;Karimah Palastri;79919;lailasaridaruna@hotmail.com
2125;R. Eko Wibisono, S.E.I;64986;wakimannamaga@yahoo.com
2126;Hj. Suci Anggraini, S.H.;52365;ytampubolon@yahoo.com
2127;Melinda Nasyidah, S.Farm;11990;asirwanda22@gmail.com
2128;Dr. Amelia Halimah, S.Pt;32271;imelani@perum.gov
2129;Devi Mayasari;93124;asirwandalaksita@hotmail.com
2130;Jarwi Anggriawan, S.Pd;11714;nasyiahbalangga@gmail.com
2131;Indah Winarsih;57258;mustofaokta@cv.mil.id
2132;Titi Hartati;15940;xnainggolan@hotmail.com
2133;Tgk. Hafshah Nugroho, M.M.;51825;dono71@hotmail.com
2134;Hairyanto Pangestu, S.Pt;89621;zelaya19@hotmail.com
2135;Yosef Rajata;81139;yuliana99@hotmail.com
2136;Tgk. Tedi Usada;02132;kiandrazulkarnain@gmail.com
2137;Tania Prasasta;97104;fmahendra@yahoo.com
2138;T. Bakidin Setiawan, S.Sos;99261;upiksitumorang@yahoo.com
2139;Elon Hasanah, S.E.I;10804;januarwarta@pt.biz.id
2140;Mumpuni Kusumo;10500;fharyanti@pt.id
2141;Purwa Putra, S.Pd;73328;putragangsa@yahoo.com
2142;Nasrullah Rajasa;74955;ynovitasari@pt.mil
2143;Yahya Saptono;86680;gasti77@gmail.com
2144;Belinda Mandala, S.E.I;60741;empluk48@gmail.com
2145;Puji Nasyidah, S.E.;22386;marbunnajam@ud.or.id
2146;Danang Kusmawati;63890;lmanullang@pt.id
2147;Farhunnisa Laksmiwati;97776;martakakusmawati@hotmail.com
2148;drg. Arta Haryanto;22041;januarjaiman@cv.ponpes.id
2149;drg. Leo Sirait;04270;usuryatmi@pt.sch.id
2150;Taufan Sihotang;31587;narpatiwardi@gmail.com
2151;Tgk. Reza Haryanti, S.T.;41234;ajimanhutapea@ud.gov
2152;Laras Palastri;16484;uhutagalung@ud.net
2153;Maryadi Ardianto;96551;gardamustofa@perum.org
2154;Dt. Jumari Damanik;11888;dhastuti@cv.mil
2155;Maras Sudiati;65013;chelsea38@ud.ac.id
2156;R. Zahra Riyanti;71130;ganjaran87@gmail.com
2157;R.A. Mila Halim;03568;candramaheswara@yahoo.com
2158;Mala Pangestu;39997;irawanratih@ud.co.id
2159;Yosef Pertiwi;54658;lasmono58@yahoo.com
2160;Zamira Mandasari;06194;xprasetya@hotmail.com
2161;Cemeti Irawan;89571;putrairsad@pt.mil
2162;Darman Marbun;90166;sihotangwisnu@yahoo.com
2163;Lili Yolanda, S.Sos;45749;warta78@hotmail.com
2164;Sutan Kawaya Tamba, M.M.;79092;hutasoitintan@gmail.com
2165;Uchita Wasita;55274;okto28@pd.my.id
2166;Ghaliyati Nasyidah;26035;hnajmudin@ud.int
2167;Latif Nurdiyanti;08882;oliviasuartini@perum.ponpes.id
2168;Vera Firmansyah;86017;anakusmawati@perum.edu
2169;Warji Tarihoran, S.I.Kom;40883;zulkarnainlamar@pt.my.id
2170;Clara Pudjiastuti;56405;hutasoitpardi@pt.id
2171;Nadine Farida;26320;wibisonoelma@yahoo.com
2172;R.M. Najib Mardhiyah;42440;hsamosir@yahoo.com
2173;Maria Samosir;91015;najmudingalur@pt.mil
2174;Jelita Hartati;71553;budimanzalindra@perum.net.id
2175;Ir. Aisyah Wahyudin;02755;oktavianikalim@pt.mil
2176;Tira Wasita;01272;gunawaneman@pt.edu
2177;Laswi Gunarto, S.Psi;45778;mahendracinta@pd.mil
2178;Sakti Prabowo;12816;sutama@pt.sch.id
2179;Galiono Nainggolan;13636;devi31@yahoo.com
2180;Kamaria Santoso;42641;wibisonomaryadi@cv.desa.id
2181;Bahuwirya Suryono;73701;argonomahendra@ud.id
2182;R.A. Rahmi Nainggolan;56754;znurdiyanti@hotmail.com
2183;Irma Kusmawati, S.Psi;84701;jnasyidah@pt.int
2184;Azalea Sihombing, M.Ak;87217;vickylailasari@hotmail.com
2185;H. Prabu Nasyiah;42932;sinagarafid@pd.int
2186;Mahdi Hakim;23926;hartakakuswandari@ud.or.id
2187;Empluk Nurdiyanti, S.Gz;48470;mandasaricakrajiya@hotmail.com
2188;Iriana Yuliarti;26239;psaefullah@yahoo.com
2189;Eva Lazuardi, M.Ak;70086;galur41@hotmail.com
2190;Latika Waskita, S.I.Kom;33192;prayogagatot@pt.net
2191;Ir. Harjo Oktaviani;11735;maida53@perum.ponpes.id
2192;Bella Widiastuti;51853;santosowulan@gmail.com
2193;Cinta Puspita;21036;mustofajono@pd.web.id
2194;Jaswadi Anggriawan;07390;aditya61@pt.my.id
2195;Ir. Eluh Napitupulu, S.Kom;95670;mahendratedi@yahoo.com
2196;Natalia Siregar;22640;halima77@yahoo.com
2197;Rosman Maulana, S.H.;67935;lidya97@gmail.com
2198;Asirwanda Nasyidah, S.Sos;87699;flazuardi@yahoo.com
2199;Faizah Puspita;29540;ipalastri@hotmail.com
2200;Darsirah Fujiati;04938;simbolonhairyanto@perum.or.id
2201;Ir. Natalia Purwanti, M.Kom.;58049;dhardiansyah@gmail.com
2202;Sakura Prayoga;09195;eprabowo@pt.go.id
2203;Tirtayasa Puspasari;80350;ilsapradana@yahoo.com
2204;Cut Lalita Wasita, S.Ked;32373;gsihotang@gmail.com
2205;Dipa Haryanti;06950;gantar76@gmail.com
2206;Vanya Setiawan;34193;anggriawanmahdi@pt.id
2207;Ir. Mila Prakasa;06147;radika31@cv.com
2208;Cakrajiya Marbun;38903;garang65@gmail.com
2209;T. Gatra Maryati, M.Ak;80622;hutapeaunjani@hotmail.com
2210;Dr. Dalima Samosir, S.IP;59526;cemetisuartini@hotmail.com
2211;Ade Lestari;86399;ajiminwidiastuti@pd.ponpes.id
2212;Ir. Jayeng Mulyani;42873;gangsa36@yahoo.com
2213;Mujur Saefullah;41019;mangunsongkardi@yahoo.com
2214;Ana Lestari;02416;bahuwarnahastuti@perum.ponpes.id
2215;Hj. Sakura Palastri;76626;dindayuliarti@gmail.com
2216;KH. Gara Marpaung;70344;narpatiolivia@hotmail.com
2217;Kawaca Situmorang;33858;jamaliapratiwi@pt.biz.id
2218;R.M. Lasmanto Nurdiyanti;27873;laksmiwativega@gmail.com
2219;Radika Sinaga;21438;setyasetiawan@cv.biz.id
2220;Baktianto Melani;10680;sihotangjagapati@gmail.com
2221;Elisa Laksita, S.Ked;99535;kasim19@pd.biz.id
2222;Karimah Saragih;38753;bakijankuswoyo@hotmail.com
2223;Paulin Lestari, S.Pd;06460;laksitavinsen@ud.ac.id
2224;Ir. Intan Lazuardi;42439;pradiptabalidin@pd.net
2225;Puspa Setiawan;45828;najwa04@hotmail.com
2226;Raisa Laksmiwati;64361;indah25@gmail.com
2227;Bajragin Hasanah;44306;sabri52@cv.edu
2228;Aurora Prakasa;30877;kenari82@hotmail.com
2229;Cakrajiya Wibowo;32956;nyoman89@pt.ac.id
2230;Puti Napitupulu;11206;januarbelinda@gmail.com
2231;Omar Prastuti;77099;hasnamangunsong@pt.net
2232;R. Gabriella Wastuti, S.H.;92097;mpratiwi@yahoo.com
2233;Vicky Kuswandari;01355;wirahalimah@pd.com
2234;Gandi Kuswandari, M.Ak;68974;widiastutiajimin@yahoo.com
2235;Omar Prakasa, S.T.;88698;wasitacakrawangsa@yahoo.com
2236;Hesti Dongoran;47864;hariyahprakosa@ud.edu
2237;Uchita Agustina;02722;dsaefullah@gmail.com
2238;Makara Maryati, S.IP;86960;bbudiman@yahoo.com
2239;Kurnia Hardiansyah;02248;karmanarpati@perum.my.id
2240;Tgk. Jefri Saragih, M.TI.;10442;rfirmansyah@pd.ac.id
2241;Kariman Lazuardi, M.Pd;62062;hidayantoharjo@pd.id
2242;Fitria Suryono;30380;natsirhamima@pt.or.id
2243;Dr. Ami Prayoga, S.IP;65017;xwinarsih@gmail.com
2244;Drs. Aurora Nasyidah;47991;ellis70@cv.id
2245;Puti Faizah Saragih, M.Kom.;56402;dimas72@perum.ponpes.id
2246;R.A. Zalindra Widiastuti, M.Kom.;94981;calista51@pt.gov
2247;Dr. Okta Wibisono;57095;jokouyainah@yahoo.com
2248;Dagel Sitorus, S.Farm;57595;fujiatipurwanto@hotmail.com
2249;Genta Namaga;79585;saputraade@ud.sch.id
2250;Karimah Wahyuni;74283;harsantonuraini@pt.com
2251;R. Daru Winarno;29436;laksanahartati@pd.id
2252;Mutia Nugroho;29468;warsita25@pt.desa.id
2253;Lukita Setiawan, S.E.;43552;galionoaryani@gmail.com
2254;Cinthia Santoso;23648;tampuboloncengkal@perum.gov
2255;Ilsa Tamba, S.Kom;44370;asmunimaryati@hotmail.com
2256;R. Puspa Tamba, M.Pd;33311;lala11@pt.org
2257;Suci Setiawan;32783;raharja08@ud.sch.id
2258;Tina Gunawan;70686;siregarjabal@perum.go.id
2259;Shania Prayoga, S.T.;02307;kajen45@perum.mil.id
2260;Dr. Aisyah Wibisono, S.Pd;81580;nasyidahcengkir@pd.int
2261;Eka Hariyah;97262;ifa28@yahoo.com
2262;Marwata Napitupulu;99139;npadmasari@cv.ac.id
2263;Tgk. Patricia Usamah, S.I.Kom;06056;oktavianirafi@yahoo.com
2264;Naradi Anggraini, S.Sos;67940;uyainahmartani@gmail.com
2265;Kalim Usada;47720;dariatiwijaya@ud.org
2266;Sutan Jarwi Nugroho;10114;kandapudjiastuti@cv.go.id
2267;Puput Laksita;77315;bakdatamba@hotmail.com
2268;Caturangga Palastri;07899;jefripranowo@yahoo.com
2269;Humaira Simbolon;96485;salmanpangestu@yahoo.com
2270;Hamima Namaga;13643;rahimahusman@pt.web.id
2271;Maida Sihotang;68527;sarilazuardi@gmail.com
2272;drg. Intan Rahayu, S.Farm;19916;siraitkanda@perum.org
2273;R.A. Elvina Hidayanto;12418;amelia89@hotmail.com
2274;Ulva Nababan;65083;dagel19@gmail.com
2275;Ismail Samosir;76298;mardhiyahmitra@yahoo.com
2276;Nrima Wibowo;72911;qsaefullah@hotmail.com
2277;Makara Laksmiwati, S.E.;15860;maryadinurdiyanti@gmail.com
2278;Prabu Wibowo;12778;htamba@perum.web.id
2279;KH. Radit Uyainah;61991;hidayatbanawa@hotmail.com
2280;Drs. Kuncara Dongoran, S.E.I;63432;umayagustina@perum.desa.id
2281;Umay Sihombing;00282;nsusanti@pd.org
2282;Mulya Halimah;44763;uyainahbancar@cv.biz.id
2283;drg. Ina Hastuti;09965;sudiatigaluh@pd.sch.id
2284;Warsa Suryatmi;34850;kemalsiregar@cv.com
2285;Dinda Dabukke;44179;indraprasasta@pd.int
2286;Imam Waluyo;76137;nashiruddinharjasa@yahoo.com
2287;Dr. Cahyanto Pradipta;94895;samosirputri@hotmail.com
2288;Dalimin Sinaga;21804;sidiqsuwarno@perum.org
2289;Yance Hutasoit;00606;victoriaprasetyo@pd.mil.id
2290;Cinta Najmudin;13186;swahyudin@ud.com
2291;Jessica Hidayanto;67765;kwinarno@yahoo.com
2292;Anggabaya Siregar;85085;cemani68@yahoo.com
2293;Oskar Halimah;33319;kembasiregar@hotmail.com
2294;Puti Prasetya;76856;rmanullang@pd.co.id
2295;Jelita Yuniar;36828;piswahyudi@yahoo.com
2296;Kayla Wijaya, S.T.;22293;budi17@ud.co.id
2297;Winda Tamba;10231;yuliartibaktiono@perum.or.id
2298;H. Eka Maryati, S.Gz;83024;luissaputra@pt.desa.id
2299;Tgk. Hesti Anggraini, S.E.;16640;faridaraden@pd.id
2300;Reza Winarsih, S.E.;35602;uhidayat@hotmail.com
2301;Darmaji Waskita;34490;kwibisono@hotmail.com
2302;Sutan Jaeman Budiyanto;87359;santosokarman@ud.co.id
2303;R. Indah Prastuti, S.E.;26758;estiono41@gmail.com
2304;Nadia Maryadi;97380;nadiasimanjuntak@yahoo.com
2305;Lantar Tamba;34695;murti19@hotmail.com
2306;Uli Hartati;03434;danangwasita@cv.mil
2307;Simon Saputra;92725;fkuswandari@ud.gov
2308;Safina Santoso;70906;irianapangestu@hotmail.com
2309;Wardaya Rahimah;62256;damu35@yahoo.com
2310;drg. Kamaria Utama;14369;ewijaya@cv.biz.id
2311;Ibrahim Usada;61386;lailasariprakosa@hotmail.com
2312;Ulya Mandala, M.Kom.;82390;dianamaryadi@perum.my.id
2313;Baktianto Purwanti;47848;suryatmijarwi@yahoo.com
2314;Wirda Hastuti;77346;fsimbolon@yahoo.com
2315;drg. Farhunnisa Sudiati, S.Psi;49979;osuryatmi@gmail.com
2316;Bancar Mandasari;20144;shania20@ud.web.id
2317;Uchita Palastri;59829;enainggolan@hotmail.com
2318;Gasti Pertiwi, M.Ak;83907;kasusra94@cv.net.id
2319;drg. Laila Siregar, M.Kom.;46795;estiono25@gmail.com
2320;Hendri Siregar;21111;ddamanik@pd.web.id
2321;R.M. Drajat Putra, S.T.;73629;kambali89@pt.com
2322;Praba Utama;69786;embuh70@yahoo.com
2323;Manah Zulaika;44443;jefriirawan@pt.com
2324;Asmianto Mansur;36261;manah56@perum.net.id
2325;Dt. Atma Halimah, M.Pd;71219;dimazkurniawan@perum.com
2326;Olivia Dongoran;89291;ztarihoran@perum.mil
2327;Ella Anggraini;23043;nugrohobakidin@hotmail.com
2328;Usyi Saragih;99928;mahdidabukke@cv.mil
2329;Wirda Halimah;59591;bagas47@yahoo.com
2330;Gaman Hartati, S.IP;89224;darmajisudiati@hotmail.com
2331;Dr. Paulin Hartati, S.Gz;43615;usyihartati@gmail.com
2332;Bahuwarna Laksmiwati;77140;usimbolon@gmail.com
2333;Padmi Usada;50849;raharja71@hotmail.com
2334;Kayun Padmasari, S.E.I;10932;bajragin51@perum.biz.id
2335;Hasna Napitupulu, M.M.;77364;warsitafirmansyah@gmail.com
2336;Juli Purwanti, S.Pt;10638;asalahudin@ud.id
2337;Sutan Daru Pranowo, S.Kom;96703;upik49@perum.biz.id
2338;Tgk. Pangeran Firgantoro;77436;jatmikomaryati@hotmail.com
2339;drg. Gandi Astuti;27119;cfirmansyah@yahoo.com
2340;Dr. Septi Yuliarti;25019;uwacana@pd.co.id
2341;Eva Zulaika;82368;ajeng69@perum.gov
2342;Sutan Jaya Natsir, S.T.;25790;lulut14@perum.org
2343;Najwa Nababan;56574;wasis54@gmail.com
2344;H. Adika Hidayanto, S.Ked;70929;bakianto13@gmail.com
2345;Silvia Suartini;78904;mardhiyahjumari@hotmail.com
2346;Kuncara Pranowo, M.TI.;55883;wibowoeka@cv.ponpes.id
2347;Wage Padmasari;80396;virman94@pd.go.id
2348;Jail Ramadan;05732;ajengprakasa@ud.com
2349;Ibrahim Pertiwi;07314;vhidayat@ud.gov
2350;Drs. Tantri Ramadan;32504;endrasuwarno@yahoo.com
2351;Shakila Padmasari;02872;safitrijamalia@cv.ac.id
2352;Sutan Ridwan Tamba, M.M.;06901;ywijayanti@pd.sch.id
2353;Rachel Hastuti;16623;hhidayanto@gmail.com
2354;Septi Nasyiah, M.M.;19542;balidin39@gmail.com
2355;Ulva Santoso;70271;asmansetiawan@yahoo.com
2356;Dt. Tri Lailasari;30342;kurniawansilvia@gmail.com
2357;Mutia Pradana, M.TI.;84292;noviandriani@hotmail.com
2358;R. Shakila Situmorang;31537;mardhiyahkasusra@yahoo.com
2359;Dr. Carub Pranowo;00354;mursinin27@yahoo.com
2360;Dt. Martaka Prasasta;10020;hardiansyahjasmani@yahoo.com
2361;Tgk. Mustofa Maheswara, S.E.I;32837;fpalastri@gmail.com
2362;Gilda Lazuardi;24859;cakrawangsarahimah@perum.go.id
2363;Tgk. Kusuma Aryani;68428;prakasamarwata@cv.edu
2364;Sadina Hidayat, S.Gz;69900;rinisuartini@yahoo.com
2365;R. Vanya Prasetya;08388;zsaputra@ud.go.id
2366;Dr. Irwan Nainggolan, S.Pt;13039;pratiwipatricia@yahoo.com
2367;Upik Sitorus;99372;zmandasari@gmail.com
2368;Dr. Darimin Susanti;11308;kajenpalastri@yahoo.com
2369;Niyaga Mahendra;87787;emong50@ud.edu
2370;Ridwan Sinaga, M.TI.;14148;marwata91@hotmail.com
2371;Balapati Andriani, S.Gz;93605;prasetyo96@pd.web.id
2372;Agnes Zulaika, S.Psi;07289;ewinarno@cv.desa.id
2373;Prabowo Sirait;76199;ellis83@ud.ac.id
2374;Ghani Suartini;08714;smustofa@ud.desa.id
2375;Jayeng Jailani;34764;nilamlazuardi@perum.co.id
2376;Radika Setiawan;84691;xmansur@hotmail.com
2377;Cornelia Budiyanto, S.E.;82174;guwais@perum.int
2378;Balamantri Prasetyo, S.IP;98824;slametfarida@cv.go.id
2379;Sutan Prabu Pertiwi;48997;sinagadanu@hotmail.com
2380;Cahyo Prastuti, M.TI.;14395;esitumorang@gmail.com
2381;Genta Rajata;31517;laryani@yahoo.com
2382;Cahyadi Tamba, S.IP;42427;eardianto@yahoo.com
2383;Azalea Rahimah;74507;maryadiluwes@pd.id
2384;dr. Najwa Pertiwi, S.I.Kom;21944;mustofadaryani@cv.mil.id
2385;Bakda Jailani;73853;ajengzulaika@ud.my.id
2386;dr. Dina Melani;20842;sudiatiprasetyo@gmail.com
2387;Mulyono Hariyah;73172;cemplunksitompul@yahoo.com
2388;dr. Patricia Permata, M.Kom.;28526;asiregar@cv.org
2389;Dr. Saka Pangestu;63923;laraspudjiastuti@yahoo.com
2390;H. Bagus Hutagalung;99222;agustinaalmira@pt.desa.id
2391;Nabila Permata;24371;dsimbolon@ud.net.id
2392;Kasiran Yulianti, S.Pt;36154;putrimarpaung@yahoo.com
2393;Tedi Firgantoro;64104;kenes19@yahoo.com
2394;Arta Maheswara;72898;wmaryadi@hotmail.com
2395;Jaeman Pratiwi, M.Kom.;56776;ade75@perum.edu
2396;Putri Hassanah, S.Pt;09133;kambalitarihoran@hotmail.com
2397;Bagya Rajata;95157;imarbun@hotmail.com
2398;R.M. Bagas Hassanah;09992;megantarakawaca@gmail.com
2399;R. Ratna Winarsih, S.Sos;20675;swulandari@yahoo.com
2400;Dono Purwanti, M.Kom.;72930;dwastuti@gmail.com
2401;Kania Simbolon;30120;lanjarrahmawati@pd.biz.id
2402;Mustofa Anggriawan;46164;manullanglukita@cv.web.id
2403;Prayoga Susanti;54074;ulyasihombing@yahoo.com
2404;Maida Maryati;18782;nasim67@pt.sch.id
2405;Uli Palastri;50169;hutapeaimam@hotmail.com
2406;Widya Napitupulu;89110;damanikbahuraksa@gmail.com
2407;Shakila Salahudin;40999;edi09@pd.mil
2408;Cici Hardiansyah;14406;dsuwarno@ud.edu
2409;Zalindra Hutagalung, S.Gz;96432;saadatwinarno@gmail.com
2410;Sabri Simanjuntak;71213;digdaya31@gmail.com
2411;Slamet Prastuti;08681;radika89@yahoo.com
2412;R.M. Kadir Sihombing, M.Pd;38408;dabukkeartanto@gmail.com
2413;Hj. Salwa Rahayu, S.E.;06764;pujipertiwi@ud.go.id
2414;Dartono Mustofa;11476;utama30@hotmail.com
2415;Rahmat Simbolon;71291;yulianamulyani@pt.gov
2416;Puti Faizah Firgantoro;54246;oktavianihani@ud.biz.id
2417;Mahmud Farida, S.Ked;59162;ramautami@hotmail.com
2418;R. Kala Thamrin, S.Psi;87262;oliva11@hotmail.com
2419;Ifa Dongoran;11906;agunawan@gmail.com
2420;Latika Damanik, M.M.;99877;kairavutama@yahoo.com
2421;Heryanto Suryono;43077;butami@yahoo.com
2422;Luluh Rahayu;60227;hasanahyani@yahoo.com
2423;drg. Ami Laksmiwati, S.Pt;98525;dharyanti@cv.ponpes.id
2424;Janet Latupono;73643;maryadiviolet@ud.mil.id
2425;Opung Farida;76117;ifa53@cv.edu
2426;Kanda Suwarno;45897;asirwanda26@pt.my.id
2427;Cut Rahayu Situmorang, S.Pd;64175;dhassanah@gmail.com
2428;Ir. Ophelia Pangestu, S.I.Kom;06089;elvinamegantara@pd.mil
2429;Umi Gunawan;11976;kambaliandriani@ud.net.id
2430;Diana Hassanah;34744;pwulandari@hotmail.com
2431;Karta Astuti;77908;yuliana63@gmail.com
2432;Ciaobella Agustina;32100;naradiputra@pt.com
2433;Yessi Putra;37287;xkusmawati@yahoo.com
2434;Tgk. Okta Latupono;48106;cahya52@ud.mil
2435;Puti Zelaya Irawan, S.I.Kom;42427;devinasyiah@yahoo.com
2436;Tgk. Nurul Laksmiwati;61988;opheliahandayani@hotmail.com
2437;Ir. Paramita Zulkarnain, S.H.;77235;sihotangindra@perum.edu
2438;Rina Wasita;65788;yulianashiruddin@perum.com
2439;Rahman Novitasari;22973;phutapea@cv.edu
2440;Harsaya Laksita, S.Pd;66951;cayadi30@pt.net
2441;Almira Manullang;19299;jmardhiyah@gmail.com
2442;Gatot Gunawan;33956;harjaya32@perum.mil
2443;Ir. Nardi Rajata, S.Psi;64056;amalia51@cv.com
2444;Hasna Hakim;47358;hendranasyiah@hotmail.com
2445;Zahra Nababan;70204;dalima24@hotmail.com
2446;Cut Nurul Saptono;25323;haryantosalimah@hotmail.com
2447;Fitria Suwarno;83817;titiwaskita@hotmail.com
2448;Chelsea Pertiwi;60495;putri83@gmail.com
2449;Jasmin Waskita;47761;karta32@ud.mil
2450;R. Ihsan Sitompul, S.IP;75551;safinasihombing@cv.ponpes.id
2451;Lasmanto Zulkarnain;43560;gatra55@pt.mil
2452;Kurnia Winarsih;44423;zsantoso@ud.my.id
2453;Melinda Rahmawati;78883;deviharyanti@ud.my.id
2454;Tira Pradana;05787;gentapradana@perum.ac.id
2455;Ghaliyati Saragih;38182;narpatiega@hotmail.com
2456;Nasab Kusumo;18479;najmudinkajen@pt.or.id
2457;Ade Pratiwi, S.E.I;16590;eman11@perum.co.id
2458;R.M. Gandewa Ardianto, M.Ak;94984;xthamrin@hotmail.com
2459;Kasiran Salahudin;02698;hmaulana@cv.desa.id
2460;Jaga Salahudin;58100;narji60@perum.edu
2461;T. Johan Hariyah;72513;dodo92@yahoo.com
2462;Bahuraksa Jailani;34610;saptonoibun@yahoo.com
2463;Jessica Mardhiyah, M.M.;18279;rinamaheswara@gmail.com
2464;Lutfan Zulkarnain;71358;manah48@pd.org
2465;Dr. Eli Winarsih;00000;caket75@gmail.com
2466;Lutfan Dongoran;39737;ardiantocarla@yahoo.com
2467;Natalia Narpati;25655;nprastuti@hotmail.com
2468;Rafid Wibowo;29976;laksmiwatihendra@yahoo.com
2469;Kania Oktaviani;82690;atmaprakasa@perum.ac.id
2470;Bakiadi Andriani;86560;radikamahendra@hotmail.com
2471;Pangeran Prastuti;33065;mustofajohan@ud.my.id
2472;Empluk Mandala;33786;puputwahyuni@gmail.com
2473;Dr. Laras Dabukke, M.TI.;97663;xkusumo@pt.ac.id
2474;drg. Mursinin Dongoran, S.Farm;75848;mansurcahyadi@gmail.com
2475;Surya Puspita;96395;bmaulana@yahoo.com
2476;Puti Ella Prasetyo;96040;sihombingcahyanto@pt.net.id
2477;Titi Namaga;58507;susantizaenab@cv.web.id
2478;Ade Astuti;19794;ika89@yahoo.com
2479;Praba Samosir;94855;yyolanda@yahoo.com
2480;Tgk. Unggul Waluyo, S.Psi;02212;latifkusumo@gmail.com
2481;drg. Kamila Simanjuntak, S.Ked;34614;faizah64@pt.ponpes.id
2482;Yosef Nuraini;58810;diah85@yahoo.com
2483;Langgeng Nugroho;86904;gabriellapurnawati@cv.biz.id
2484;Rangga Halim;44905;usmansalahudin@yahoo.com
2485;Enteng Sitompul;05157;rahimahsiti@gmail.com
2486;Tgk. Jelita Purnawati;93136;aslijan43@gmail.com
2487;Panji Aryani;92965;novakusumo@hotmail.com
2488;dr. Puji Dongoran;85062;damaniksurya@gmail.com
2489;Ir. Talia Rahimah, M.Farm;72556;andrianiana@perum.or.id
2490;Cecep Uwais, S.Farm;92274;nasrullahwaluyo@yahoo.com
2491;Tgk. Kayla Oktaviani;53301;violetjailani@hotmail.com
2492;Prabu Pradana;75536;bprastuti@cv.net.id
2493;Garda Ardianto, M.TI.;07144;alika21@pd.int
2494;Genta Utami;82343;ymarbun@ud.go.id
2495;Dt. Jasmani Napitupulu, S.Kom;57278;dirjathamrin@ud.org
2496;Drs. Irma Pratama;98527;natsirdaliono@pt.ac.id
2497;Digdaya Purwanti;66121;tirta40@ud.go.id
2498;KH. Kasusra Hasanah, S.Ked;60189;jabal10@cv.ponpes.id
2499;Dr. Prayitna Hassanah;52696;swulandari@cv.biz.id
2500;Laras Utami, S.Gz;27998;clarasalahudin@perum.net.id
2501;Rosman Wacana;22989;nugroholaswi@ud.mil
2502;Syahrini Santoso;12230;irsad68@ud.int
2503;Sutan Harsaya Kusumo;40205;fhastuti@pt.gov
2504;Paris Wastuti;20609;ysafitri@cv.edu
2505;Drs. Cagak Prasetyo;20709;syuniar@cv.com
2506;Ibrani Firmansyah;87288;habibivanya@pt.desa.id
2507;R. Bambang Puspita;89881;vmandala@gmail.com
2508;Praba Nasyiah, S.Gz;49107;wirda83@pt.gov
2509;Dr. Jelita Situmorang;94463;fkuswoyo@hotmail.com
2510;Drs. Malika Siregar;63102;habibidasa@pd.int
2511;Prayitna Dabukke;87234;heru98@yahoo.com
2512;Raden Mandasari;62162;iswahyudiprabawa@gmail.com
2513;Ir. Keisha Wasita, S.H.;42807;adikara19@cv.id
2514;Ibun Waskita, S.Farm;46751;agustinadewi@pt.ac.id
2515;drg. Yunita Puspita, S.Psi;52826;bakimaniswahyudi@perum.web.id
2516;Dt. Prasetya Maheswara;07081;nwibowo@gmail.com
2517;Cut Padmi Pratama, S.Sos;02739;rudiprasetya@pt.com
2518;Hj. Rina Tamba, M.Kom.;06224;wijayakadir@perum.mil
2519;Vino Mardhiyah;08094;cindy78@ud.gov
2520;Latika Sitorus;73248;kani09@pt.go.id
2521;Drs. Endah Marbun;48435;dagelwinarsih@pt.go.id
2522;Adiarja Astuti;57028;wnapitupulu@pd.go.id
2523;Wulan Melani;16194;dmarbun@yahoo.com
2524;Lulut Kusmawati;70676;bagus28@gmail.com
2525;Dinda Fujiati;08644;hafshahzulaika@perum.edu
2526;Tami Sirait, M.Ak;75966;zaenabwijaya@gmail.com
2527;Drs. Caraka Pangestu, S.T.;60134;novitasariyance@yahoo.com
2528;Elvina Jailani;67258;zmarpaung@hotmail.com
2529;Drs. Indah Prabowo, M.Kom.;80027;ginawacana@gmail.com
2530;Hilda Laksita;78548;lestarimulya@ud.biz.id
2531;Raina Winarsih, S.E.;59173;nthamrin@yahoo.com
2532;Patricia Namaga;50647;utamapradana@perum.sch.id
2533;Azalea Winarsih;23484;haryantomujur@yahoo.com
2534;dr. Kariman Winarsih, S.E.I;66706;pangeranhandayani@hotmail.com
2535;R. Jefri Sihombing, M.Pd;43342;erahmawati@hotmail.com
2536;Prayitna Marpaung;01691;fmandasari@cv.co.id
2537;Warsa Mardhiyah;38066;olgaprastuti@pd.web.id
2538;Warji Riyanti;39875;ellissaefullah@yahoo.com
2539;Tgk. Viktor Tampubolon, S.Psi;26218;tirtamangunsong@yahoo.com
2540;Cut Ina Pratama, M.Ak;34706;teguh89@perum.desa.id
2541;Drs. Yani Tarihoran, S.Psi;28218;kokowinarsih@gmail.com
2542;Asmadi Mayasari, S.Ked;31781;rahmimustofa@gmail.com
2543;Vero Sihombing;69535;wardaya62@hotmail.com
2544;Marsito Setiawan, S.E.I;98685;galiono40@ud.ac.id
2545;Natalia Saptono;13137;jakanainggolan@cv.my.id
2546;Lalita Pradipta;04042;permatajindra@cv.sch.id
2547;Bella Melani;12352;ilyas34@yahoo.com
2548;Panji Anggriawan;59977;uyainahnadia@cv.com
2549;Aurora Mardhiyah;67996;piariyanti@pt.net
2550;Ulva Sudiati;45617;susantiicha@pt.mil.id
2551;Vivi Wahyuni;67195;siraitedison@ud.id
2552;Dt. Nasim Melani;81345;qadriansyah@cv.go.id
2553;dr. Paramita Widiastuti;98500;ylazuardi@yahoo.com
2554;R. Tasdik Saragih, S.Ked;11299;suryonokemba@cv.go.id
2555;Surya Maulana;20468;eandriani@cv.edu
2556;Hamzah Rajasa, M.TI.;67842;znajmudin@yahoo.com
2557;Almira Mansur;06503;nnugroho@perum.ac.id
2558;Tami Riyanti;63016;surya10@pd.co.id
2559;Ir. Kania Prabowo;87550;vegagunawan@cv.gov
2560;Patricia Pradipta;01497;gantar41@ud.ac.id
2561;Julia Namaga;40583;psaefullah@hotmail.com
2562;Kasiyah Prasetyo;33215;danu82@cv.desa.id
2563;Drs. Galar Marpaung, M.Pd;92289;bahuraksa00@hotmail.com
2564;Septi Anggriawan;33230;puti02@hotmail.com
2565;Sutan Gantar Samosir;38280;zdabukke@yahoo.com
2566;R.A. Febi Susanti, M.Kom.;44841;salahudinusyi@pt.ponpes.id
2567;R. Darijan Sitompul, S.Psi;15644;widiastutizulaikha@gmail.com
2568;Jefri Tamba;97894;rnababan@perum.edu
2569;Cemplunk Agustina;55511;eharyanto@yahoo.com
2570;Unjani Prasetyo;71585;manullangelvin@gmail.com
2571;Wira Susanti, M.Pd;37929;upurwanti@hotmail.com
2572;Cut Ana Hariyah, S.I.Kom;83614;larasfarida@yahoo.com
2573;Harsana Hutapea, S.IP;72295;tedi59@pt.ponpes.id
2574;Ajiman Hasanah;59992;oyulianti@hotmail.com
2575;R.M. Gamanto Halimah;77526;kenzie06@yahoo.com
2576;Bakda Zulkarnain;64018;ymelani@hotmail.com
2577;Caket Prastuti;99014;heru21@perum.go.id
2578;Karimah Oktaviani;15961;firmansyahcawuk@cv.net
2579;Vanya Budiyanto;53942;nashiruddinjasmani@yahoo.com
2580;Kayun Wastuti;37287;titi58@hotmail.com
2581;Lalita Hasanah, M.Farm;27671;hhasanah@pd.or.id
2582;Bagiya Maulana;25585;jaga12@perum.ponpes.id
2583;Kunthara Widodo;00768;kurniawankiandra@cv.mil
2584;Tania Habibi;14188;betaniasaefullah@pd.ac.id
2585;Tantri Widiastuti;34683;danurajasa@perum.mil
2586;Jefri Samosir;66432;purnawatikajen@perum.mil
2587;Tantri Jailani, S.Ked;86477;kamidin58@yahoo.com
2588;dr. Ghaliyati Pudjiastuti, M.Pd;78814;ranggriawan@pt.desa.id
2589;Dr. Lintang Mardhiyah, M.M.;19919;jmardhiyah@pd.desa.id
2590;Azalea Sitompul;54725;novawinarno@pt.ac.id
2591;Nrima Nuraini;50745;teguh03@gmail.com
2592;Dadap Rahimah, S.Gz;91509;dpermadi@perum.desa.id
2593;Ira Narpati;82071;setyaharyanti@pd.net.id
2594;drg. Syahrini Anggraini, S.Gz;42787;maryatiprabawa@hotmail.com
2595;Upik Sihombing;79051;darmanto50@ud.co.id
2596;Hj. Nadine Melani, S.Pt;94522;unggul76@yahoo.com
2597;R.M. Viktor Wasita;60783;sihotanglasmono@cv.desa.id
2598;Ami Setiawan;29913;dyuniar@gmail.com
2599;Drs. Febi Wahyuni;11524;lkusumo@hotmail.com
2600;Cut Eva Nababan, S.I.Kom;20417;gkusmawati@cv.int
2601;drg. Rahayu Hassanah, M.TI.;41637;dasa31@ud.int
2602;Puti Sarah Zulkarnain;58340;saptonododo@yahoo.com
2603;H. Jamal Saragih, S.Psi;70122;yuniarmaryadi@hotmail.com
2604;Ami Megantara;24785;xwahyudin@gmail.com
2605;Zamira Salahudin;86013;tiara75@hotmail.com
2606;Pangestu Samosir;24968;bwidodo@pd.web.id
2607;Ir. Rachel Pradipta;65016;restukusmawati@pt.edu
2608;Dr. Wulan Prastuti, M.TI.;93723;gsantoso@hotmail.com
2609;Emas Kuswandari;49828;eka38@hotmail.com
2610;Dr. Yessi Kusmawati, M.Pd;53965;halimahanggabaya@perum.mil.id
2611;Galiono Rahayu, S.H.;44032;atamba@gmail.com
2612;Yuni Permata;02019;yhartati@ud.ac.id
2613;Hilda Maryadi, M.Farm;86576;utamidasa@pt.biz.id
2614;Dr. Ulya Hidayanto;14170;jinawi41@gmail.com
2615;Purwanto Hidayat;45577;riswahyudi@ud.web.id
2616;Anastasia Widiastuti;05894;lasmonosimbolon@hotmail.com
2617;drg. Nasab Purnawati, S.H.;09469;ziswahyudi@gmail.com
2618;Winda Hidayat;87639;balidin35@pd.net
2619;Xanana Salahudin, M.Kom.;49624;cdabukke@gmail.com
2620;Vera Adriansyah;58926;nrima94@yahoo.com
2621;Hesti Mardhiyah;56084;ikhsan98@hotmail.com
2622;Dr. Saka Dongoran;40916;narjirajata@hotmail.com
2623;Mursita Kuswoyo, M.Kom.;54630;wkusumo@cv.biz.id
2624;KH. Ozy Sihotang, S.Farm;90232;jaemanpratiwi@cv.id
2625;Pranawa Simanjuntak;01681;utama50@yahoo.com
2626;Koko Damanik;87196;warta78@ud.ponpes.id
2627;Ajiman Yuniar;84415;mumpunisaptono@yahoo.com
2628;Kezia Utami, M.Ak;00116;jarwasirait@cv.desa.id
2629;Ir. Diah Suryatmi;96407;ehandayani@ud.org
2630;KH. Danuja Padmasari;14618;eminsaptono@yahoo.com
2631;Cengkir Hariyah;83899;lazuardiuda@pd.int
2632;Jamal Yuliarti, S.Kom;92626;hardiansyahmumpuni@yahoo.com
2633;dr. Kania Nuraini;14153;uhidayat@ud.net
2634;Drs. Yuliana Prasasta;52155;lmandala@ud.com
2635;Ellis Suryatmi, M.TI.;94669;pmandala@hotmail.com
2636;Uli Tarihoran;58320;zagustina@perum.ponpes.id
2637;Yoga Wibowo;09909;hesti62@yahoo.com
2638;Marsito Uyainah, S.Ked;49348;wibisonokardi@pd.edu
2639;Lalita Puspita;48733;usuartini@pd.my.id
2640;R. Nabila Purnawati;11287;prabawamustofa@ud.int
2641;Eka Anggraini, M.Kom.;62020;tsuwarno@yahoo.com
2642;Almira Yolanda;68964;ade54@yahoo.com
2643;Genta Hartati;68524;hariyahkacung@yahoo.com
2644;Cut Ifa Purwanti, M.Pd;75535;banawizulkarnain@yahoo.com
2645;Kiandra Salahudin;77587;uda85@yahoo.com
2646;Ami Saptono, S.Psi;14956;puspasaridarmana@pt.ac.id
2647;Puji Hariyah;56113;bwinarsih@hotmail.com
2648;Kemba Novitasari;73639;septikuswoyo@pt.id
2649;R.M. Heru Aryani, S.E.;84818;swastuti@pd.net.id
2650;R. Elisa Purwanti, M.Farm;00255;rahimahdamu@yahoo.com
2651;Puti Gunarto;34142;hestiwulandari@pd.edu
2652;Raina Hasanah;24669;bellamanullang@gmail.com
2653;dr. Eva Winarsih;82444;ymulyani@gmail.com
2654;Rika Sihombing;36225;djanuar@hotmail.com
2655;Nugraha Nasyidah;21227;maras66@yahoo.com
2656;Dr. Latika Nashiruddin, S.IP;87479;baktianto71@cv.org
2657;Panji Mayasari;60296;qsuryatmi@pt.id
2658;R.A. Eva Halimah, S.Kom;20771;sudiatimahfud@perum.biz.id
2659;Kani Halimah;28573;yhalimah@ud.biz.id
2660;Sutan Ajimat Lazuardi, S.Farm;14966;iprayoga@yahoo.com
2661;Niyaga Lazuardi, S.Pd;77044;jsuryatmi@pt.gov
2662;Ika Usamah, M.Farm;04904;melindamangunsong@ud.web.id
2663;Catur Kuswandari, S.Psi;07463;prakasadamar@yahoo.com
2664;Dr. Sabrina Waskita, S.Pt;16919;ajionomustofa@hotmail.com
2665;dr. Umar Rajasa;11841;kawacakurniawan@hotmail.com
2666;Gina Puspita;87835;hendrimandala@yahoo.com
2667;Mahesa Purnawati, S.Pd;34150;fmaryati@cv.net
2668;Drs. Hairyanto Sinaga, M.M.;41508;kuswoyoirwan@hotmail.com
2669;Slamet Mandasari;11128;jandriani@hotmail.com
2670;Mursita Saputra;18912;yuliana05@hotmail.com
2671;Samsul Kurniawan;87021;ciaobella73@cv.co.id
2672;Maya Natsir, M.TI.;37311;teguhwahyudin@pt.gov
2673;Pia Sirait;30330;qsimanjuntak@hotmail.com
2674;Syahrini Saputra;53473;ohariyah@cv.ac.id
2675;Kayun Handayani;01707;kusmawatiwarsita@hotmail.com
2676;Icha Prasasta, M.Kom.;68151;cengkir87@yahoo.com
2677;Bagus Tarihoran;39020;namagadian@pt.int
2678;R. Perkasa Mandala, S.T.;77194;simanjuntakamong@hotmail.com
2679;Fitriani Agustina, M.Kom.;46574;gantar85@gmail.com
2680;Irsad Sudiati;29747;ajiman82@hotmail.com
2681;KH. Tugiman Zulaika, S.Farm;91289;yuliantilega@ud.go.id
2682;Iriana Marbun;64561;ikhsanpudjiastuti@pt.sch.id
2683;Kambali Rahayu;47436;dinda35@hotmail.com
2684;Dr. Betania Prabowo;67285;wpuspasari@hotmail.com
2685;Sabar Tampubolon;92479;rahayusalahudin@yahoo.com
2686;Hj. Elisa Halim;32692;gantar38@pd.org
2687;R. Naradi Prakasa;45995;tugiman93@perum.ac.id
2688;Drs. Olivia Dongoran, S.Psi;51902;bzulkarnain@ud.ponpes.id
2689;Estiono Gunawan, M.Pd;54405;padmasariuda@gmail.com
2690;Cemplunk Januar;35648;uwaiselon@gmail.com
2691;Daniswara Hastuti;43957;jamalia60@pt.web.id
2692;Oliva Nurdiyanti;24847;ivan45@pt.biz.id
2693;Dono Mangunsong;75786;manullangkenes@hotmail.com
2694;dr. Tami Mangunsong, S.E.;36327;sakura79@yahoo.com
2695;Dipa Hakim;45583;lhakim@pt.web.id
2696;Jatmiko Mahendra;41352;salahudincakrajiya@gmail.com
2697;R.A. Syahrini Hutagalung;57397;nsuryatmi@hotmail.com
2698;Mitra Samosir;60342;iswahyudidamar@gmail.com
2699;Ajiman Hakim;12336;permatadwi@yahoo.com
2700;Jelita Agustina;52682;karimanhasanah@gmail.com
2701;Pranawa Jailani;66094;dalimin02@hotmail.com
2702;Latika Rahmawati;53411;bmaulana@gmail.com
2703;Anastasia Purwanti;84096;salimah31@pd.ac.id
2704;Humaira Zulaika;28714;jessica51@yahoo.com
2705;Zaenab Mahendra;17080;najwahidayanto@pt.net.id
2706;Hj. Malika Siregar;94004;permadiargono@hotmail.com
2707;Bakiman Nasyiah;07492;usaptono@perum.org
2708;Wulan Lailasari;07434;tramadan@ud.org
2709;Dr. Wisnu Iswahyudi;15580;galiononasyiah@perum.org
2710;Yance Mayasari, M.Pd;58719;bakiono18@ud.org
2711;Hj. Ana Firmansyah, M.M.;43041;harja83@yahoo.com
2712;Timbul Sihotang;43717;pangeranpradana@pd.web.id
2713;Prasetyo Wibowo;64242;febi70@perum.int
2714;Jamil Maryati, M.M.;05375;daryaniuwais@perum.web.id
2715;Janet Manullang, S.Pt;98256;gpermadi@perum.co.id
2716;Titi Maheswara;12436;astutibudi@cv.web.id
2717;Rini Permadi;25633;jumadimanullang@cv.org
2718;R.A. Maria Irawan;96039;lestariempluk@yahoo.com
2719;Ade Saptono;83832;gsuryatmi@hotmail.com
2720;Irma Kuswandari;53491;mandasariridwan@hotmail.com
2721;Tirta Simbolon;39143;eutama@gmail.com
2722;Darimin Andriani;88593;yulianticahyadi@hotmail.com
2723;Hj. Jelita Hidayat, S.IP;83138;mulyawidodo@ud.my.id
2724;Hana Tarihoran, S.E.;33535;aurora74@cv.ponpes.id
2725;Cinta Prakasa;93128;xananazulkarnain@yahoo.com
2726;dr. Rusman Handayani;56130;artanto12@ud.my.id
2727;dr. Ana Firgantoro;67213;anisuartini@pt.net
2728;dr. Jessica Lailasari, M.Pd;03896;cindysusanti@yahoo.com
2729;Hj. Malika Hassanah, S.Pt;11979;rtamba@pt.id
2730;Bambang Wibowo;65823;dhutagalung@hotmail.com
2731;Imam Hardiansyah, S.T.;97034;muwais@gmail.com
2732;Sakura Lazuardi;39426;mustofa38@hotmail.com
2733;Prakosa Lazuardi;15031;latika04@ud.mil
2734;Fathonah Hutasoit;69168;umi77@ud.co.id
2735;Calista Permata;50979;ppangestu@pd.net.id
2736;Mujur Hariyah;12374;suryamaheswara@cv.ac.id
2737;Damu Handayani;18617;lutami@gmail.com
2738;Elisa Mayasari;92410;ulimaryati@yahoo.com
2739;Balapati Nuraini, S.Kom;39552;calista56@pd.or.id
2740;Sutan Bajragin Hidayat;98689;hasanahfitria@pt.id
2741;Tgk. Anggabaya Zulkarnain;15960;indahzulkarnain@pd.net.id
2742;dr. Kezia Latupono;14127;viman99@hotmail.com
2743;Zaenab Usamah, M.Pd;90696;winarnohairyanto@hotmail.com
2744;Asmadi Yuliarti, S.Kom;35776;eja41@gmail.com
2745;Drs. Caturangga Najmudin;24094;cpratiwi@pd.org
2746;Drs. Ciaobella Simbolon, S.E.;60416;darunamulyani@pt.desa.id
2747;Puti Jessica Samosir, S.Gz;30918;siregargada@pt.org
2748;Jinawi Ardianto;77439;xsuwarno@pt.co.id
2749;Karman Safitri;73038;usalahudin@gmail.com
2750;Daniswara Prasasta;40698;lasmonohutagalung@pd.co.id
2751;Aswani Hariyah, M.Ak;37500;xsitumorang@pt.co.id
2752;Tgk. Mustika Marpaung;07445;janenashiruddin@cv.net.id
2753;Winda Kurniawan, M.M.;70838;prasetyonadine@yahoo.com
2754;Karta Prakasa;57381;danang18@yahoo.com
2755;Yuliana Siregar;28942;putranova@yahoo.com
2756;Luwar Haryanti, S.Kom;98027;firgantoroaswani@hotmail.com
2757;Hani Puspita;21151;nababankanda@gmail.com
2758;Estiono Purwanti;53003;irnanto54@hotmail.com
2759;Tgk. Kayun Wibowo, M.Farm;92680;sihombinghendri@pd.go.id
2760;KH. Marsito Iswahyudi;24041;iiswahyudi@perum.ponpes.id
2761;Soleh Usada, M.TI.;48634;ramasuwarno@hotmail.com
2762;Cinta Suwarno;57244;wahyudinjumadi@yahoo.com
2763;Ella Marbun;35952;wibowodanu@yahoo.com
2764;Cinthia Lazuardi;35393;sitompulana@yahoo.com
2765;Eman Siregar;39249;arta56@cv.gov
2766;Marwata Hartati;81951;ibranimaheswara@pd.ac.id
2767;Puti Fitria Kusmawati;47634;artantomaheswara@yahoo.com
2768;Jessica Laksmiwati;10169;qlaksmiwati@pt.biz.id
2769;R. Tasnim Mardhiyah, M.Pd;44196;dimas64@cv.sch.id
2770;KH. Dadap Mandasari;78432;ghanipradana@hotmail.com
2771;Cut Nova Kusmawati;44352;rahayusadina@ud.com
2772;Karimah Winarsih;35350;natsirclara@perum.net
2773;Sakura Saragih;81718;taufan90@cv.web.id
2774;KH. Nalar Zulaika;48894;rahimahdaniswara@cv.desa.id
2775;Wirda Agustina;42509;yogayuniar@hotmail.com
2776;Dr. Septi Halim;85274;emaryati@perum.mil.id
2777;Gara Marbun;32255;uyainahestiono@gmail.com
2778;Patricia Zulaika;60889;parissihombing@hotmail.com
2779;Siska Kusumo, S.Kom;80852;asaefullah@ud.biz.id
2780;Puti Astuti;89869;nhartati@pd.co.id
2781;Drs. Michelle Samosir;29021;etampubolon@perum.mil
2782;T. Sidiq Budiman, M.Kom.;12077;bwacana@gmail.com
2783;Ir. Elisa Manullang;72173;vdamanik@cv.web.id
2784;Hj. Ami Lazuardi;49929;mansuralambana@yahoo.com
2785;Hasna Hutagalung;37867;ardiantoeluh@perum.sch.id
2786;Edison Budiyanto;21346;marbunibrani@gmail.com
2787;Embuh Handayani, S.Pd;02916;owasita@gmail.com
2788;KH. Teddy Tarihoran;27810;aurorapermadi@hotmail.com
2789;Ayu Wulandari;96768;pertiwicecep@cv.ac.id
2790;Irma Nasyiah;89810;utamioskar@cv.mil.id
2791;drg. Sarah Halim, S.Psi;96507;wasitanrima@pt.org
2792;Eka Nasyidah;09904;budimanhasna@pd.sch.id
2793;Samiah Hasanah;72100;xhardiansyah@pd.gov
2794;drg. Tami Winarno;07274;kokosinaga@hotmail.com
2795;Lasmono Melani;25140;opheliamegantara@yahoo.com
2796;Eli Yuliarti;37174;anggrainihari@perum.mil
2797;Hendri Manullang;83100;tedipradana@yahoo.com
2798;Lega Irawan;53571;balidinhutasoit@cv.biz.id
2799;Aris Haryanto;75613;ibrahimmelani@gmail.com
2800;Liman Suartini;14270;xnashiruddin@cv.or.id
2801;Cut Wani Nurdiyanti, S.Kom;66190;amongmahendra@perum.go.id
2802;Bella Aryani;00754;umarsinaga@yahoo.com
2803;Tantri Thamrin;10553;devihidayat@gmail.com
2804;Aris Gunarto;68631;reksa98@cv.net
2805;Ani Padmasari;00098;ffujiati@hotmail.com
2806;Gantar Wahyudin;95834;puspasariumaya@gmail.com
2807;Drs. Shakila Jailani;36796;ramadanilsa@yahoo.com
2808;R. Kamila Wahyuni, M.Ak;03442;belinda66@gmail.com
2809;Aurora Susanti;30738;ivanmustofa@ud.go.id
2810;Jaya Safitri;14695;ssaragih@yahoo.com
2811;Ir. Paulin Firgantoro, S.E.I;70564;mrahmawati@yahoo.com
2812;Baktiono Pranowo;49757;leo85@cv.net
2813;Farah Anggriawan;55991;banawa18@gmail.com
2814;Asmianto Fujiati;94420;jaeman66@hotmail.com
2815;Ajimin Firgantoro, M.TI.;85509;damanikkani@pt.web.id
2816;Keisha Gunarto;43573;cbudiyanto@gmail.com
2817;Puti Agnes Saefullah, S.Pd;33639;dimaspurnawati@gmail.com
2818;H. Hari Hariyah, S.Pt;81946;jprasasta@hotmail.com
2819;Ella Prakasa;34998;osalahudin@ud.id
2820;Pardi Hidayanto;02697;kawaca48@perum.co.id
2821;Catur Hakim;58027;yusuf52@hotmail.com
2822;drg. Padmi Haryanto, S.Gz;32288;xprayoga@gmail.com
2823;Yunita Utama;92137;galangmarpaung@pt.co.id
2824;dr. Hesti Jailani;45133;ophelia24@hotmail.com
2825;Kamidin Budiman;11478;dabukkegara@yahoo.com
2826;Eka Kurniawan;27262;harsanafirgantoro@gmail.com
2827;Violet Mustofa;95779;lili32@cv.ponpes.id
2828;R. Bancar Marpaung;54752;zsaragih@ud.web.id
2829;Dr. Kardi Maulana, S.IP;94673;vinsen08@hotmail.com
2830;Danuja Prasasta, S.T.;41974;mahesawulandari@perum.my.id
2831;Atmaja Siregar, M.TI.;35171;fujiatieja@pd.org
2832;dr. Keisha Puspita;53342;mandalacaket@cv.ac.id
2833;Tri Kurniawan;05156;putrasakti@pt.my.id
2834;Luwes Napitupulu;36772;virman32@cv.net
2835;Lanang Uyainah;71665;rahayucawuk@yahoo.com
2836;Bella Wahyudin;87584;praboworachel@hotmail.com
2837;Dimaz Hidayanto;22015;giswahyudi@hotmail.com
2838;Lamar Rahimah;67384;ratihmayasari@ud.net
2839;Tania Firmansyah;42290;uputra@gmail.com
2840;R.A. Irma Iswahyudi, S.Pd;37391;nashiruddinlatika@gmail.com
2841;Chandra Rajasa;48992;halimirma@ud.go.id
2842;Opan Prakasa;13510;dimasprasetyo@hotmail.com
2843;Drs. Radit Rahmawati, M.Ak;51250;vanesapertiwi@gmail.com
2844;Rizki Maheswara;70135;xsaputra@hotmail.com
2845;Uchita Saputra, M.M.;25688;mangunsongedward@cv.net
2846;R.M. Najam Hasanah, S.Ked;70960;vjailani@yahoo.com
2847;Ir. Sari Samosir;19268;adriansyahjohan@hotmail.com
2848;Ir. Paulin Dabukke;11596;garda63@pt.go.id
2849;Dipa Maryati;98431;lmahendra@yahoo.com
2850;Zalindra Pudjiastuti;17956;prabowoilsa@gmail.com
2851;Mulyono Zulkarnain, M.Ak;12024;zalindrakusmawati@pd.mil
2852;Pangestu Prayoga;95736;setiawanteddy@ud.int
2853;Jasmani Mandala;75910;ksuwarno@ud.net.id
2854;Drs. Balamantri Nugroho, M.Ak;75555;putu45@ud.edu
2855;Rahman Pradipta;18958;pradiptakenzie@gmail.com
2856;Kusuma Rajata;29310;maheswarafarah@pd.biz.id
2857;Hasta Simanjuntak;59964;phidayanto@pd.ponpes.id
2858;Luwes Hutasoit;43296;wardi44@hotmail.com
2859;Hj. Suci Nurdiyanti, M.Pd;78334;brahmawati@pd.mil
2860;Dr. Kasiran Novitasari;01594;anggriawankarma@gmail.com
2861;KH. Hadi Tampubolon;73643;kayun65@hotmail.com
2862;Rachel Saefullah;54180;tarihorankadir@gmail.com
2863;dr. Lidya Nurdiyanti, M.Ak;69809;yanidamanik@yahoo.com
2864;Reksa Maulana;37389;hadiirawan@hotmail.com
2865;Gandewa Uwais;96158;vkuswoyo@perum.or.id
2866;Tomi Palastri, S.H.;19399;wartausada@yahoo.com
2867;Bagas Astuti;53079;iriana08@cv.sch.id
2868;Baktiadi Irawan;65954;dimas30@yahoo.com
2869;Sadina Setiawan, M.M.;02682;rahayusaiful@ud.mil
2870;Yance Waskita;66581;purwadimahendra@yahoo.com
2871;Hana Wahyuni;32834;artawanhakim@yahoo.com
2872;H. Malik Hidayanto;32766;dalima96@pd.net.id
2873;Tgk. Betania Prakasa, M.TI.;23002;jane60@cv.co.id
2874;Ophelia Saputra;06289;primahandayani@ud.mil
2875;Titin Kusumo;21326;gandi49@yahoo.com
2876;Anom Simbolon;40341;salsabila59@yahoo.com
2877;Ina Nasyidah;04583;satyanamaga@yahoo.com
2878;Paulin Wahyuni;12200;edisonwahyudin@pd.web.id
2879;dr. Keisha Budiman, M.Farm;96093;marbundevi@pt.sch.id
2880;Najam Rahimah;41643;usman95@pd.mil
2881;Devi Saptono;44064;ysihombing@hotmail.com
2882;Cagak Mansur;03137;isaptono@cv.go.id
2883;Usyi Pudjiastuti, S.E.I;15295;uyainahtomi@ud.go.id
2884;Victoria Mansur;59966;mutia18@hotmail.com
2885;Galuh Wahyuni;66207;hhalimah@pt.id
2886;Hj. Uli Wasita, M.Farm;27939;reza67@gmail.com
2887;Vanesa Hidayanto;79052;dmaryati@pd.biz.id
2888;Dt. Rahman Damanik, M.Pd;54434;puspasarimaida@yahoo.com
2889;Unjani Hakim;58730;gunartorendy@hotmail.com
2890;Ilyas Siregar;73661;ganep57@perum.edu
2891;H. Rizki Maheswara, S.E.;52924;timbuljailani@pd.int
2892;Puti Siska Mandasari, S.IP;11232;dyuniar@yahoo.com
2893;Agus Jailani;43872;mnamaga@perum.web.id
2894;R.A. Kania Sihombing, S.E.;95120;budiyantocornelia@ud.edu
2895;Gatot Siregar;30620;januarira@cv.desa.id
2896;Hj. Endah Kuswandari, M.Ak;08414;efirmansyah@hotmail.com
2897;Alika Maryati;48339;lukita58@pt.my.id
2898;R. Dian Hassanah, S.H.;55012;damanikbaktianto@perum.int
2899;Raina Saptono;59087;butama@perum.sch.id
2900;Martana Sitorus;14382;srahayu@perum.biz.id
2901;dr. Reksa Ramadan;88893;nthamrin@gmail.com
2902;Nadia Saragih;78282;hakimgatot@cv.web.id
2903;dr. Gilang Wasita, S.Farm;45194;anibudiyanto@yahoo.com
2904;R.A. Melinda Budiman;91979;septihalim@gmail.com
2905;dr. Daniswara Nasyidah, S.Kom;42035;noktaviani@gmail.com
2906;Hana Wahyudin;65078;prasastakemal@yahoo.com
2907;Rina Waluyo;35094;udamanik@hotmail.com
2908;Septi Melani, S.Ked;68589;yuniaraurora@gmail.com
2909;R.A. Diana Mahendra;96199;pwaluyo@gmail.com
2910;Jaya Wastuti, S.IP;93310;raina11@pt.my.id
2911;Karma Yuliarti, M.Ak;75735;banaranasyidah@pd.go.id
2912;Juli Narpati;54990;usihombing@pd.biz.id
2913;Hamima Usada;16209;riyantihasta@ud.gov
2914;dr. Safina Saputra;64110;hakimratna@hotmail.com
2915;Victoria Mahendra;33840;lailasarihadi@gmail.com
2916;Amalia Riyanti;17968;tsihombing@ud.co.id
2917;R. Yuliana Rahayu;52259;kdamanik@pd.mil
2918;Perkasa Suartini;41172;humaira90@gmail.com
2919;Dr. Kamila Mustofa;78692;mansurtaufan@pd.ac.id
2920;Hesti Rahayu, M.Pd;99165;malikatarihoran@hotmail.com
2921;dr. Karya Halimah, S.I.Kom;58884;ymayasari@hotmail.com
2922;Kacung Agustina, S.I.Kom;04789;ekuswoyo@gmail.com
2923;Ikhsan Widodo;18791;suwarnogaman@gmail.com
2924;Gading Anggraini;69224;mumpuniwahyudin@yahoo.com
2925;Victoria Mahendra, S.H.;91924;elisa73@perum.co.id
2926;Raisa Hakim;98524;haryantibagiya@pd.org
2927;Faizah Tampubolon, M.TI.;40690;rainapranowo@perum.or.id
2928;Teguh Sihombing;83037;alestari@gmail.com
2929;Yuni Lazuardi;19015;jamal53@cv.ac.id
2930;drg. Raharja Zulaika;18066;adriansyahmariadi@yahoo.com
2931;Jumadi Megantara;85377;makuta82@pd.mil
2932;Karen Usamah;75301;wastutititi@yahoo.com
2933;drg. Respati Astuti, M.Farm;27261;pangestuvirman@yahoo.com
2934;Tomi Kusmawati;78720;budimanpadmi@pd.desa.id
2935;Harsana Budiyanto;63235;titin16@cv.gov
2936;Puti Ellis Yulianti, S.E.;09965;diahprabowo@hotmail.com
2937;Cawisono Prakasa;09243;fsaptono@pd.com
2938;Uchita Samosir, M.Pd;56173;hkusumo@perum.int
2939;drg. Baktiono Kusmawati;75301;wsihombing@cv.net.id
2940;Yuni Firmansyah;02131;wibisonokayla@ud.web.id
2941;Atma Hutapea, S.Kom;88976;martakapermata@yahoo.com
2942;Anom Siregar;32852;januarjane@perum.edu
2943;Saadat Pradana;23780;tasnimlestari@pt.mil
2944;Caturangga Laksita, S.E.I;54576;hpuspita@ud.net.id
2945;Lili Gunarto, S.Sos;77417;arisnamaga@gmail.com
2946;Ulya Rahimah;94862;dinawidodo@hotmail.com
2947;Hj. Cinta Widiastuti;41607;hardiansyahupik@hotmail.com
2948;Hj. Queen Pradana;14344;wwinarsih@cv.ac.id
2949;Wasis Zulkarnain;16661;cinthia17@cv.ponpes.id
2950;Novi Usada;75584;martani63@cv.co.id
2951;R.A. Betania Waskita, M.Kom.;79645;hendrihartati@cv.ac.id
2952;Ellis Farida, S.E.;38792;hartaka19@hotmail.com
2953;Alambana Nasyiah, S.Kom;20215;hhalim@yahoo.com
2954;Cornelia Nugroho;82322;kaniasimbolon@cv.mil
2955;Drs. Viman Yolanda, S.H.;40726;mfirgantoro@cv.mil.id
2956;Dt. Timbul Yulianti;08880;habibiaslijan@gmail.com
2957;Vicky Damanik, S.Gz;47823;ynasyidah@yahoo.com
2958;Umaya Tamba, M.Farm;89566;qsinaga@gmail.com
2959;Vanesa Najmudin;63522;kkurniawan@cv.org
2960;dr. Ghaliyati Palastri;79469;yoga36@perum.int
2961;Marsito Haryanti;09734;unjani73@hotmail.com
2962;Cinthia Nababan;54375;manullangajeng@yahoo.com
2963;Nadia Andriani;29224;apermata@gmail.com
2964;Rika Budiman;79024;asman62@ud.int
2965;Respati Prabowo;00395;nababangatot@cv.or.id
2966;Dr. Vino Pertiwi;64415;tharyanti@hotmail.com
2967;Maryadi Hartati;07043;vdamanik@yahoo.com
2968;Drs. Cemani Dabukke, S.Pt;55118;bambang19@hotmail.com
2969;Drs. Padmi Hartati;76522;lalamelani@pd.ac.id
2970;Chelsea Simanjuntak;65682;prakosa86@hotmail.com
2971;Malik Sihombing, S.H.;04209;thamrinhamzah@perum.org
2972;Natalia Nashiruddin, M.M.;11221;wastutimartani@gmail.com
2973;R.A. Tina Prabowo, S.IP;46652;jasmin30@perum.mil
2974;Candrakanta Tarihoran;28581;simbolonprima@cv.org
2975;Eka Purwanti;03409;bhalim@cv.sch.id
2976;R. Jarwadi Rahayu;03856;tirta00@gmail.com
2977;R.M. Erik Maryadi, M.Pd;89007;rosmanmayasari@hotmail.com
2978;Raharja Wacana;26716;ptamba@yahoo.com
2979;Cahyono Firgantoro, S.IP;52371;bmelani@pd.edu
2980;Teddy Kuswandari, S.H.;86813;karya30@hotmail.com
2981;Balapati Simbolon;78781;nrimawidiastuti@yahoo.com
2982;Prakosa Firmansyah;08394;haryantiradika@pt.my.id
2983;Nadia Budiyanto;90670;gputra@hotmail.com
2984;Kanda Maryadi;67611;psaputra@ud.edu
2985;Sutan Cengkir Prasetya, M.Pd;52932;kajen91@gmail.com
2986;Jatmiko Hasanah;67283;galarlaksmiwati@gmail.com
2987;Jessica Purnawati;08624;hartatisidiq@pd.my.id
2988;Hj. Jasmin Wibowo, S.Psi;15036;makara23@gmail.com
2989;Balamantri Budiyanto;27551;ira63@perum.mil.id
2990;Ami Sitompul;66379;kajen90@perum.go.id
2991;Yani Simbolon;49197;wardi52@ud.net
2992;Wulan Wastuti;24129;swaskita@yahoo.com
2993;Hj. Usyi Wahyudin;19615;uwaismahesa@cv.int
2994;Intan Wibisono;91283;vero60@hotmail.com
2995;Gilda Sihotang;77766;wasis28@perum.gov
2996;Puti Ayu Palastri, M.Ak;34231;shasanah@pd.sch.id
2997;Siska Hidayanto, M.Farm;88778;carlahalim@gmail.com
2998;Wasis Agustina;95085;cpuspita@yahoo.com
2999;R. Gandi Marpaung, S.Gz;89607;marbunirfan@pd.or.id
3000;Ciaobella Saputra;10185;jailanirini@hotmail.com
3001;R.A. Jessica Tampubolon;25521;rahimahnovi@hotmail.com
3002;Prabawa Halim;27472;malikanamaga@yahoo.com
3003;Almira Oktaviani;93276;jamalia03@pt.com
3004;Karimah Hakim;60003;kamaria76@pt.web.id
3005;Vera Sudiati;48445;nfarida@yahoo.com
3006;Wani Mulyani;83276;jayeng29@hotmail.com
3007;Fitria Agustina;27823;kriyanti@gmail.com
3008;Prayoga Nugroho, S.E.I;25620;umay15@ud.com
3009;Tami Tamba;98432;novisiregar@pd.net
3010;dr. Vera Prasasta;91712;gwijayanti@yahoo.com
3011;H. Reza Habibi;61353;baktiyuliarti@gmail.com
3012;R. Laila Situmorang;34653;sihombingzalindra@pd.go.id
3013;Usyi Hutapea;77971;bakionofarida@pd.net
3014;Bahuwarna Wasita, S.Psi;73060;anggriawaneka@yahoo.com
3015;dr. Umar Zulaika;20972;drajatnashiruddin@gmail.com
3016;Dt. Ajimat Siregar;49202;drajata@cv.int
3017;Ir. Empluk Prasetyo, S.Sos;14394;swaskita@cv.mil
3018;Halim Suartini;37221;hadi67@gmail.com
3019;Sadina Kuswandari;66365;taswirhardiansyah@pd.id
3020;Ilyas Wibowo, M.Ak;70541;gaduh88@gmail.com
3021;Bancar Andriani, S.E.I;57513;pranowoophelia@cv.int
3022;T. Raden Riyanti;03402;gamblangsitorus@cv.net
3023;drg. Gina Kusumo, S.Kom;25722;eli68@hotmail.com
3024;Drs. Elisa Yuniar;61802;makuta76@yahoo.com
3025;Queen Gunawan;74245;mardhiyahpranawa@yahoo.com
3026;H. Tedi Habibi, M.TI.;89827;suryatmibancar@cv.org
3027;Mutia Nababan;04654;hakimozy@perum.net
3028;Tgk. Arta Mansur;97562;pwasita@pt.mil
3029;Hana Mardhiyah;50213;kuswoyooni@ud.or.id
3030;Irnanto Sinaga;22771;drajat07@pd.int
3031;Sarah Purwanti;44531;firgantorolulut@yahoo.com
3032;Hani Palastri;24955;mursininanggraini@perum.ponpes.id
3033;Akarsana Anggraini, S.E.;11136;kasiyahpuspita@gmail.com
3034;Kamidin Hasanah, S.Pd;29093;emilsaragih@ud.mil.id
3035;Nyoman Megantara;50862;nasyidahgilang@yahoo.com
3036;drg. Tugiman Uwais, S.Kom;88244;mandalaraden@gmail.com
3037;Raina Yulianti;72647;mkuswandari@hotmail.com
3038;Gada Safitri, S.Pd;71026;widiastutiatma@yahoo.com
3039;dr. Jail Lestari;39187;jayengharyanto@pt.id
3040;Harjasa Gunarto;40662;gunartoirfan@gmail.com
3041;Wani Rahmawati, S.Gz;80254;sihombingprayoga@hotmail.com
3042;Galar Sirait;86975;kwacana@gmail.com
3043;Prayoga Tarihoran;47316;paiman25@yahoo.com
3044;dr. Labuh Siregar, S.Pt;47102;yprasetya@pt.ac.id
3045;Najam Puspita;66707;ikin62@perum.biz.id
3046;Widya Sitorus, S.E.;06654;vmarbun@pt.id
3047;Vanesa Budiman;83763;mandasariluthfi@yahoo.com
3048;Cut Zalindra Mardhiyah, S.IP;18782;ssaragih@gmail.com
3049;Diana Andriani;80894;rajasaihsan@gmail.com
3050;Ir. Luis Firgantoro, S.Gz;07443;hairyantowahyuni@pd.web.id
3051;Maida Pudjiastuti;31950;rpurnawati@hotmail.com
3052;Rahayu Wahyuni;11242;nasabpradana@pd.gov
3053;Lala Farida;05921;ghariyah@cv.net
3054;Ibrani Rahmawati, M.TI.;45761;nilamwibisono@perum.com
3055;Rika Nurdiyanti;35993;idakusmawati@hotmail.com
3056;Nadine Mandasari;39747;mwacana@hotmail.com
3057;Hasna Astuti;20992;sfarida@perum.org
3058;drg. Dadi Riyanti;60431;thamrinozy@pt.id
3059;Tugiman Prasasta;23201;gunawanjanet@pt.edu
3060;Tania Kusumo;56927;maryatiharja@hotmail.com
3061;Juli Prabowo;08422;hartosihombing@pt.my.id
3062;Widya Tamba;61574;rahmi02@hotmail.com
3063;Dinda Thamrin;50837;ramadanfaizah@gmail.com
3064;Lurhur Prayoga;51175;esimbolon@gmail.com
3065;Tiara Mayasari;07828;baryani@cv.net.id
3066;Cici Haryanto, S.Kom;79908;virman51@pd.gov
3067;Tgk. Hari Widodo, S.Pt;26004;vhariyah@pt.edu
3068;Himawan Haryanto;31719;waluyokarna@gmail.com
3069;Lintang Sihombing;32081;carub06@ud.net
3070;Ganda Hartati;65659;inafirgantoro@pd.my.id
3071;Ade Rahmawati;02096;bajragin60@ud.gov
3072;Tgk. Gasti Prasetyo, M.Pd;37836;nadiamaryati@pd.mil
3073;Alika Setiawan;42050;mmaheswara@hotmail.com
3074;Harjo Pratama;24884;maryadisadina@cv.int
3075;Yance Puspita;26145;teddy66@hotmail.com
3076;Adhiarja Pradipta;08429;ophelia51@cv.or.id
3077;Putri Hidayanto;39061;icha04@gmail.com
3078;Endah Purnawati;02984;jokosuryono@pd.mil.id
3079;Dr. Mutia Saputra;45402;ikhsan31@hotmail.com
3080;Olga Yuliarti;13270;ajengdamanik@cv.my.id
3081;Hartana Hasanah;35054;nugrohonarji@cv.int
3082;Uchita Laksmiwati, S.I.Kom;63619;hani07@yahoo.com
3083;Gangsar Habibi;55816;sitompuledi@pd.go.id
3084;Tgk. Anastasia Nasyiah, S.Sos;47578;yuniarcengkir@pt.org
3085;Ratna Pradana, S.Sos;83315;tania87@ud.co.id
3086;Tirtayasa Hartati;10089;umustofa@gmail.com
3087;Ir. Yuliana Nasyiah, S.E.;66319;bala84@yahoo.com
3088;Raina Kurniawan;16351;uliyuniar@hotmail.com
3089;Sutan Gatra Maryadi;37907;xhandayani@pd.sch.id
3090;dr. Kemba Agustina;39971;paris29@pt.edu
3091;Patricia Wijaya;99300;utamazalindra@pd.or.id
3092;Gatot Pratama;35448;emarbun@yahoo.com
3093;Karja Halim;40119;ira30@hotmail.com
3094;R.M. Damu Pratiwi;19493;nashiruddindartono@hotmail.com
3095;drg. Timbul Winarsih;61545;nadine28@cv.co.id
3096;Gaduh Yolanda;00954;ctarihoran@yahoo.com
3097;Hendra Usada;96524;mujur98@cv.ponpes.id
3098;Najwa Napitupulu;70435;luweswulandari@pt.edu
3099;Anggabaya Kuswandari;76354;perkasa97@gmail.com
3100;Bakijan Yulianti;82920;winarsihprima@pt.ac.id
3101;Lega Prabowo, S.Pt;80329;lailautami@gmail.com
3102;dr. Umaya Maryadi, S.IP;46729;usman49@gmail.com
3103;Saiful Gunawan;95789;latuponosetya@yahoo.com
3104;Ir. Okto Prasetya, S.Farm;13348;wastutiviman@perum.org
3105;R. Ilsa Rajasa, M.TI.;61735;bnainggolan@cv.net
3106;Banawi Kusumo;61878;jane17@hotmail.com
3107;Elvin Mandasari;39213;inamangunsong@ud.web.id
3108;Prabu Kuswoyo;42934;pujimandasari@cv.or.id
3109;Daru Ardianto, S.Pt;92635;marsito78@yahoo.com
3110;Gamani Wibowo;08308;rendyanggraini@cv.com
3111;Septi Riyanti;50748;usyi39@ud.mil
3112;R. Jail Hassanah;52114;oni85@perum.gov
3113;Titi Winarsih;81790;sudiatieja@cv.ponpes.id
3114;Tira Prastuti;90019;rajataraden@hotmail.com
3115;Melinda Mayasari;05030;wmaulana@pt.desa.id
3116;Kania Pratiwi;17649;pangestuartawan@yahoo.com
3117;Diah Winarsih;96879;hestirahimah@perum.web.id
3118;Balamantri Pranowo;58169;wulandarielvin@cv.edu
3119;Slamet Melani;33470;fhasanah@yahoo.com
3120;Rendy Sirait;30523;unggul05@cv.mil.id
3121;H. Reza Yuliarti, S.H.;63781;vickyhassanah@pd.id
3122;Bakijan Natsir;32931;hmahendra@cv.sch.id
3123;Ghaliyati Januar;48596;warsitasirait@gmail.com
3124;Nurul Anggriawan, S.E.I;74527;ysuryono@cv.net
3125;Tgk. Ira Padmasari, S.E.I;55857;mulya82@perum.go.id
3126;Kacung Gunawan;81531;prasetyopertiwi@perum.mil
3127;Rika Damanik;98402;kajenlatupono@pt.desa.id
3128;Kawaca Ramadan, S.E.;03985;satya43@cv.my.id
3129;Saadat Rahayu;12165;gsaputra@hotmail.com
3130;Dimas Saefullah;94899;irfanpangestu@hotmail.com
3131;Tina Laksmiwati;37713;jaiswastuti@hotmail.com
3132;dr. Iriana Hutagalung, S.Pd;86523;twahyudin@yahoo.com
3133;Zizi Waluyo;68184;vinofarida@hotmail.com
3134;Winda Zulaika;81804;aris06@perum.gov
3135;Wahyu Wahyuni, S.E.;14770;nilamuyainah@yahoo.com
3136;Olga Latupono;31674;elvinanggraini@hotmail.com
3137;Endah Nainggolan;91115;ghalim@yahoo.com
3138;Maya Zulaika;62595;kartikamangunsong@pd.sch.id
3139;Dr. Lutfan Maheswara;52300;cardianto@yahoo.com
3140;drg. Ivan Sudiati;65432;indah73@ud.web.id
3141;Lega Dabukke;26515;purwantisaiful@yahoo.com
3142;Harsanto Firgantoro;33385;marbundadi@yahoo.com
3143;Tira Yuniar;19534;hprasetyo@ud.mil.id
3144;Adhiarja Nababan;30139;ghaliyatiwaskita@hotmail.com
3145;Bajragin Purnawati;98025;ekapermadi@perum.gov
3146;Kacung Pangestu;11580;xanggriawan@hotmail.com
3147;Umaya Nugroho;42321;okto58@hotmail.com
3148;Ir. Asirwanda Aryani, S.E.I;45902;hassanahwarta@pd.mil
3149;Darmaji Agustina;20716;ffirgantoro@hotmail.com
3150;Galuh Suryono;53776;zizi42@yahoo.com
3151;dr. Jasmin Narpati, S.Pd;88724;adikara77@perum.int
3152;Ir. Ulva Susanti, S.Kom;01490;winarnolaras@pt.mil
3153;Dinda Suwarno;58687;prasetyawijayanti@hotmail.com
3154;Belinda Uyainah;83389;wawan02@perum.go.id
3155;Cut Chelsea Nurdiyanti;86794;budiyantozahra@gmail.com
3156;Rika Adriansyah;99739;wastutibakda@cv.or.id
3157;Tgk. Kasiyah Gunarto;85781;zalindrawinarno@pt.web.id
3158;Kawaya Hutasoit;99577;adhiarja07@pt.gov
3159;Erik Prakasa;50827;chandranapitupulu@ud.org
3160;Kasusra Kuswandari;40984;maulanajanet@hotmail.com
3161;Emil Pradana;55311;irfanwinarno@gmail.com
3162;Widya Kusumo;81093;daryani92@yahoo.com
3163;Darsirah Lazuardi;07882;nabilasusanti@pd.com
3164;Malika Firgantoro;91151;hassanahjane@hotmail.com
3165;Naradi Suartini;39464;nnugroho@gmail.com
3166;Malika Sitompul, S.Gz;74158;kenziebudiman@hotmail.com
3167;Gatra Situmorang, S.Pt;10529;wutami@pt.net.id
3168;dr. Elvina Zulkarnain, S.T.;51833;wprayoga@cv.biz.id
3169;Sutan Daniswara Marpaung;33461;caturzulaika@gmail.com
3170;Ifa Firgantoro;85560;haryantialmira@cv.my.id
3171;Sutan Daliman Anggriawan, S.Ked;13452;ahakim@cv.com
3172;Bahuraksa Hassanah;30214;uwijayanti@gmail.com
3173;Cici Firgantoro;95805;mila57@hotmail.com
3174;Danu Tamba;52783;nasrullahkusmawati@perum.web.id
3175;Farhunnisa Sihombing;76187;michellekusmawati@cv.gov
3176;Genta Najmudin;35330;purnawatiadhiarja@hotmail.com
3177;H. Gadang Riyanti;45631;spurnawati@pd.ponpes.id
3178;Suci Mansur;46829;asirwada39@ud.biz.id
3179;Hafshah Budiyanto;11756;gilda76@yahoo.com
3180;Tiara Saptono, S.Gz;03126;xwijayanti@yahoo.com
3181;Dinda Melani, M.Kom.;84024;azalea69@hotmail.com
3182;Dacin Maulana;86172;gabriella18@perum.ac.id
3183;Elon Sitompul, S.E.;19714;dono89@gmail.com
3184;drg. Sarah Uwais, S.Pd;06751;irianapermata@perum.ac.id
3185;Vino Puspita;10612;bzulkarnain@yahoo.com
3186;Taswir Haryanti;63596;prayitnasiregar@pd.int
3187;Devi Ardianto;54313;ajimatrajasa@yahoo.com
3188;drg. Prasetyo Mansur, S.Farm;89714;ciaobellakuswandari@pt.biz.id
3189;Fathonah Pratiwi;66945;jamaliahidayanto@yahoo.com
3190;Nyoman Hakim;83596;asmiantowaluyo@yahoo.com
3191;drg. Gilang Hidayat;93230;permatapadma@perum.gov
3192;Langgeng Pertiwi;03791;kenari11@yahoo.com
3193;Drs. Empluk Napitupulu;39830;galur37@perum.web.id
3194;Dr. Oliva Andriani, S.Pd;59693;tfirmansyah@gmail.com
3195;Joko Winarno, S.Sos;93867;rahmawatikambali@perum.int
3196;R. Yono Sihombing, M.M.;96203;unggul99@perum.net
3197;Gading Rajasa, S.Psi;75314;eluh09@pt.id
3198;Ir. Cemplunk Rajasa;08881;harjasa15@hotmail.com
3199;Kawaya Ramadan;08429;rendy63@pt.edu
3200;Ir. Eman Haryanti, S.Farm;88237;hkusmawati@gmail.com
3201;Kambali Mansur;94415;fujiatihalima@yahoo.com
3202;Aisyah Uwais;92930;qnatsir@pd.co.id
3203;Nadine Mandala;49252;mitraanggriawan@pd.biz.id
3204;Hj. Eka Yuliarti;77684;kuswoyocakrawala@cv.edu
3205;Vera Handayani, M.Farm;87598;ivan73@yahoo.com
3206;Setya Mansur, S.H.;50162;yhandayani@gmail.com
3207;Lili Pertiwi;40147;estiawan46@hotmail.com
3208;Hartaka Januar;19567;lailasariokto@pd.mil
3209;T. Latif Tamba;92347;carlasuartini@perum.org
3210;Pandu Hutagalung;60324;simon85@ud.desa.id
3211;Eja Budiman;23560;wpurwanti@pt.com
3212;Rendy Habibi;71498;omandasari@cv.desa.id
3213;Cut Rahmi Puspita, S.Ked;46845;adriansyahnadia@yahoo.com
3214;drg. Dina Adriansyah, S.Kom;86355;dacin18@yahoo.com
3215;Mahmud Siregar;85469;swacana@cv.web.id
3216;drg. Hendri Wahyuni, S.Kom;62841;spudjiastuti@perum.net.id
3217;Sabrina Utama, M.Kom.;93274;kiandra19@ud.go.id
3218;Kardi Wacana;97115;wmanullang@pt.id
3219;Damu Wibowo, S.Sos;61469;siregardian@yahoo.com
3220;Viktor Novitasari;04278;mrahimah@hotmail.com
3221;Raden Winarsih;78147;endra96@gmail.com
3222;Ir. Pardi Suartini;77165;balijanharyanti@cv.net
3223;drg. Rafi Hutapea, M.Kom.;87735;uramadan@ud.sch.id
3224;Azalea Waluyo;75409;pmandala@perum.web.id
3225;Kajen Hartati;21359;omar70@cv.edu
3226;Paris Pratama;55043;elon11@ud.com
3227;Hartaka Yuliarti;08264;suwarnosidiq@hotmail.com
3228;Ir. Tri Mardhiyah;57180;kasiyah74@pd.edu
3229;Hilda Sihombing;43664;darmantoyuniar@ud.edu
3230;Zalindra Damanik;26980;hwidiastuti@ud.go.id
3231;Paiman Saragih, S.Psi;87386;wastutiharjo@gmail.com
3232;Kasiran Budiyanto;49826;cicipermata@pd.sch.id
3233;Maida Hardiansyah;78401;unjanimansur@perum.id
3234;Yono Samosir;63748;asirwanda90@pd.ac.id
3235;Kasusra Riyanti;85104;mulyonopratiwi@cv.net
3236;Violet Salahudin;86341;handayaninovi@pt.org
3237;R. Cawisadi Situmorang, S.Ked;57778;njanuar@yahoo.com
3238;Dr. Yessi Santoso;38405;anggabayahutapea@pt.web.id
3239;Tgk. Farhunnisa Widiastuti;31600;rahmiprasetya@gmail.com
3240;Malika Firgantoro, S.I.Kom;19952;fsirait@gmail.com
3241;H. Hardi Putra;56469;zlaksita@hotmail.com
3242;Carub Marbun, S.Farm;79670;harto60@ud.ponpes.id
3243;Nadine Yulianti;28859;pudjiastutikani@hotmail.com
3244;Tantri Widodo;15214;humairahandayani@cv.org
3245;R.A. Almira Saragih;26168;mulyaninasab@hotmail.com
3246;Bakiadi Habibi;48255;pratiwibalidin@pd.net.id
3247;Patricia Prayoga;53917;edwardhalimah@perum.sch.id
3248;Zulfa Andriani;33422;nurainizulfa@cv.or.id
3249;Cut Ika Kusmawati, S.IP;48992;mujurnainggolan@ud.com
3250;Amalia Hassanah;39176;baktiadihandayani@ud.my.id
3251;Puti Lidya Waskita, S.Sos;26591;ilyas87@pd.gov
3252;Damar Widiastuti;68257;yyolanda@gmail.com
3253;Ani Hakim;25875;kuswoyomahmud@pd.desa.id
3254;Septi Lazuardi;19753;kariman94@gmail.com
3255;Dipa Utama;01859;yuniartomi@hotmail.com
3256;R.A. Samiah Usada;66589;queenlaksmiwati@pt.web.id
3257;Yulia Suartini;77375;milawijayanti@yahoo.com
3258;R.M. Jumadi Ardianto, S.IP;41982;laswiwacana@perum.edu
3259;R.A. Olivia Wulandari;38783;bahuwiryaharyanti@hotmail.com
3260;Aurora Mulyani;14831;luhungnurdiyanti@gmail.com
3261;Hj. Cornelia Budiyanto, S.H.;34853;marwatasaputra@cv.gov
3262;dr. Devi Latupono, M.Farm;82962;mahmud84@hotmail.com
3263;Intan Agustina;50464;maryaticahyadi@perum.desa.id
3264;Jelita Situmorang;14879;kamalrahmawati@gmail.com
3265;Asmadi Wijayanti;07565;rnurdiyanti@pd.desa.id
3266;Raisa Tampubolon;85753;wisnunapitupulu@yahoo.com
3267;Wardaya Budiyanto;69595;rwijayanti@ud.com
3268;Warsita Tamba;94010;lailasaribalidin@ud.net.id
3269;Puput Winarsih;08421;jakawaskita@cv.mil.id
3270;Galih Riyanti;22367;xmayasari@yahoo.com
3271;Baktianto Wasita;74312;nuyainah@ud.sch.id
3272;Endra Budiman, M.TI.;43748;fyulianti@yahoo.com
3273;dr. Estiono Zulkarnain;42674;luluhmangunsong@pd.mil.id
3274;Laila Latupono;00853;asmadi55@perum.com
3275;Ani Hutasoit;51850;harjasahakim@gmail.com
3276;Rahmi Winarno;51733;darmantomansur@pd.or.id
3277;Karna Anggraini;76041;mahendrabakda@hotmail.com
3278;Tiara Hasanah;77124;xsaefullah@pt.desa.id
3279;Puti Karimah Puspasari, S.Farm;53343;lsiregar@yahoo.com
3280;Tri Haryanto, S.IP;34143;galihnugroho@perum.mil.id
3281;Maryadi Rahimah;97126;ifirmansyah@yahoo.com
3282;drg. Patricia Saputra, S.I.Kom;11322;hamzahfarida@yahoo.com
3283;Tri Halim;45737;ianggraini@yahoo.com
3284;Fitria Dongoran;23509;napitupulupranawa@yahoo.com
3285;Darijan Safitri;68998;jatmikowinarsih@yahoo.com
3286;Kezia Januar;47671;widyawacana@pt.web.id
3287;Bakijan Winarno;31487;belindasafitri@gmail.com
3288;Vicky Widodo, S.I.Kom;16906;onamaga@cv.co.id
3289;Dr. Cakrabirawa Habibi, S.E.;46402;ajeng32@hotmail.com
3290;Puti Mardhiyah;81878;umaya95@cv.gov
3291;Icha Laksita;36318;wfirmansyah@gmail.com
3292;Tgk. Mahdi Firgantoro, S.Farm;36205;darmantokuswoyo@gmail.com
3293;Bakianto Hakim;55206;ina00@pd.desa.id
3294;dr. Carla Hastuti;73584;umiirawan@hotmail.com
3295;Vanya Marpaung;98374;julianggraini@ud.net.id
3296;Puti Hidayanto;15890;emegantara@cv.sch.id
3297;Sabrina Waluyo;62543;aryanimakara@pd.or.id
3298;Ganda Hastuti, S.T.;64410;usadayulia@perum.mil
3299;Respati Mangunsong;42861;galih30@pd.org
3300;Suci Uyainah;09232;laraswinarno@pd.co.id
3301;Kariman Kuswoyo;87011;novitasariwisnu@yahoo.com
3302;Ciaobella Pranowo;23098;ekuswoyo@cv.biz.id
3303;dr. Mulyono Uyainah, S.Kom;61972;qhutagalung@perum.net.id
3304;Cici Rahayu, M.M.;72298;karsana17@hotmail.com
3305;Marsudi Purwanti;58349;jsirait@perum.ac.id
3306;Juli Nababan;93582;ekowulandari@hotmail.com
3307;Anastasia Sinaga;04908;xnugroho@hotmail.com
3308;Baktianto Pangestu;75942;mila41@gmail.com
3309;Ratna Najmudin;42166;manullangprayogo@cv.sch.id
3310;Clara Mulyani;42090;raisa83@perum.gov
3311;Empluk Utama;60568;abyasaprasetya@gmail.com
3312;Jais Iswahyudi;48009;jindrarahimah@ud.net.id
3313;Amelia Ardianto;33127;belindariyanti@pd.net
3314;Mursita Hutagalung;37833;qtamba@gmail.com
3315;drg. Zelaya Sitorus;54290;ibun82@hotmail.com
3316;Sakura Maryati;42547;slestari@cv.go.id
3317;Rika Riyanti, S.Kom;03004;azulaika@yahoo.com
3318;Anastasia Hasanah;74862;kenesrajata@perum.gov
3319;Darmaji Wasita;12543;ihsan50@pd.id
3320;Gabriella Suwarno, S.Pd;57148;ian08@perum.ponpes.id
3321;Iriana Pradana;47005;endra96@yahoo.com
3322;Ayu Pangestu;02410;teguhnovitasari@pd.edu
3323;Adinata Natsir;15931;suwarnorahmi@gmail.com
3324;Wahyu Nasyidah;46699;andrianiella@cv.sch.id
3325;T. Mulyono Maryati;10501;luweswibowo@yahoo.com
3326;H. Nalar Utama;62344;dwahyuni@cv.com
3327;Koko Oktaviani;91999;hrahimah@ud.my.id
3328;Malika Hutasoit;29513;endra74@cv.ac.id
3329;Nilam Nurdiyanti;47065;dprayoga@perum.gov
3330;Latika Rahimah;69398;irnantoandriani@pt.ac.id
3331;Belinda Hutapea;04378;wagenovitasari@yahoo.com
3332;Ir. Lega Saragih, M.Ak;83138;raisa54@gmail.com
3333;R. Tania Fujiati, M.Kom.;00723;tiara78@yahoo.com
3334;Yoga Wasita, M.M.;55061;puspaputra@hotmail.com
3335;Jaga Kuswandari, M.Ak;04257;halimirma@gmail.com
3336;R. Warsita Marbun, S.H.;10232;hananashiruddin@pd.com
3337;Praba Uyainah;96051;ikusmawati@pd.org
3338;Aslijan Waluyo;65969;yahya58@gmail.com
3339;Drs. Kemba Uyainah;92999;rnashiruddin@pd.go.id
3340;R. Darmana Hakim, M.Farm;55832;wmegantara@yahoo.com
3341;Gabriella Maulana;09511;lailasaripandu@yahoo.com
3342;Hana Jailani, S.I.Kom;94446;empluk92@gmail.com
3343;Drs. Victoria Mangunsong;54102;prasetyocengkir@pd.mil.id
3344;Luwar Salahudin, M.Kom.;58164;edinasyidah@gmail.com
3345;Nadia Wahyudin;62511;malawaskita@ud.gov
3346;Tirta Pangestu;69701;maimunahsirait@yahoo.com
3347;Vicky Yulianti, S.E.I;26983;sari05@pd.or.id
3348;Pia Prasasta;48645;hesti75@perum.gov
3349;Kania Saputra;88996;wacanayani@pt.edu
3350;Putri Saefullah;82017;marsitolailasari@cv.gov
3351;Uchita Wastuti;30886;umaywibowo@gmail.com
3352;Kamaria Santoso, S.Gz;59684;vnarpati@perum.or.id
3353;Dono Mustofa, S.Pt;39871;psitorus@perum.co.id
3354;Dimas Winarsih;15826;elvin45@yahoo.com
3355;Nabila Simanjuntak, S.Kom;00265;maya63@pd.biz.id
3356;Fathonah Hidayanto;10090;zwaskita@yahoo.com
3357;Elvina Pratama;58189;shabibi@pt.web.id
3358;Ibrahim Hastuti;16808;daryanitampubolon@gmail.com
3359;Cawisadi Marbun;62167;dongoranmustofa@ud.gov
3360;Indah Suartini;95625;samosirviman@pt.edu
3361;Bakidin Nuraini;46619;rosman28@hotmail.com
3362;Septi Pratama;34230;damumandasari@cv.web.id
3363;Dt. Edward Siregar, M.M.;96429;kacung07@ud.desa.id
3364;Farhunnisa Halimah;86877;fsalahudin@yahoo.com
3365;Cengkal Pratiwi;41610;mursininyuliarti@gmail.com
3366;Virman Yolanda;66079;afirgantoro@yahoo.com
3367;Ade Simbolon, M.TI.;76054;tirtayasa11@gmail.com
3368;Lutfan Suwarno;95468;kusumasihotang@hotmail.com
3369;T. Ganda Sihombing, S.E.;87822;niyaga66@pt.ac.id
3370;Ana Yolanda;99554;karjarahimah@yahoo.com
3371;Raditya Najmudin;15838;wrahmawati@perum.mil
3372;R. Betania Wacana;01740;milahakim@yahoo.com
3373;Gambira Halim;00393;sdabukke@cv.mil.id
3374;H. Gambira Pertiwi;25661;teguhhalim@hotmail.com
3375;R.A. Gilda Handayani, S.Kom;23349;najwa96@pd.biz.id
3376;Oni Anggriawan;09826;uyainahvivi@gmail.com
3377;Sabrina Puspasari;49822;kusmawatidarmaji@hotmail.com
3378;Tgk. Intan Pratiwi;53761;ciciastuti@pt.mil
3379;Harimurti Hardiansyah;42720;karya46@yahoo.com
3380;Gamanto Fujiati;57385;ltampubolon@hotmail.com
3381;Putri Susanti;93407;mahmud34@pd.org
3382;Padma Mandasari;91528;pradiptagarda@yahoo.com
3383;Laila Wahyuni;67828;jprasetya@gmail.com
3384;Harjo Lazuardi;48020;pradiptadarmaji@pt.ac.id
3385;Puti Zelaya Sirait, S.H.;11902;hutasoitusman@gmail.com
3386;Puput Pradipta;02194;ouyainah@ud.sch.id
3387;Argono Latupono, S.Pd;50382;bahuwirya55@gmail.com
3388;Vanesa Nainggolan;96805;icha43@gmail.com
3389;Ajeng Maryadi, M.Farm;43391;xanana07@hotmail.com
3390;Sadina Sihotang;60765;ivan27@ud.ac.id
3391;Azalea Dongoran;35241;aswanisihombing@yahoo.com
3392;R. Ajiman Prasetya;41457;winarnogaduh@pd.net
3393;Cut Tiara Prastuti;09026;ganeppratiwi@cv.com
3394;Dacin Rahimah;37049;mursita08@hotmail.com
3395;Banawi Kusumo;75922;ifa25@yahoo.com
3396;drg. Ayu Usada;34341;dongoranwarsita@pt.net.id
3397;Martana Situmorang;62376;nadiagunawan@cv.ac.id
3398;drg. Atma Lazuardi, S.IP;51732;susanticemplunk@pd.my.id
3399;Hj. Clara Anggraini, S.Gz;33041;yrahayu@yahoo.com
3400;Hartaka Wastuti, S.Sos;59628;pradiptaenteng@yahoo.com
3401;Kuncara Laksita, S.Pd;09138;haryantoibun@gmail.com
3402;drg. Harimurti Nashiruddin, S.E.I;28900;hidayantosalwa@perum.go.id
3403;Puti Kartika Maulana, M.Kom.;57381;uchitahutasoit@yahoo.com
3404;Gaman Farida;59140;pradiptajessica@gmail.com
3405;Legawa Ardianto;42917;galurnajmudin@gmail.com
3406;Natalia Sirait;66946;rbudiman@gmail.com
3407;Tgk. Jarwadi Wulandari;79858;uastuti@gmail.com
3408;Eluh Namaga;72526;zhandayani@perum.desa.id
3409;R.M. Setya Waskita;72227;darmanawahyuni@cv.go.id
3410;Ganep Prasasta;77197;zprasetya@pd.my.id
3411;Kiandra Tamba, S.I.Kom;03351;gunawanraditya@ud.net.id
3412;Amelia Prasasta;88291;puti92@gmail.com
3413;Bakidin Suryatmi;89887;gawatiyuniar@pd.net
3414;Dirja Zulkarnain, M.Kom.;24058;hidayantoheru@gmail.com
3415;Ir. Jane Pertiwi, S.Gz;60580;laksitasalimah@hotmail.com
3416;Dipa Uwais;51576;saputrabalijan@cv.co.id
3417;Simon Haryanti;74545;waluyorahman@gmail.com
3418;Wahyu Setiawan, S.Gz;17075;hassanahsari@perum.net.id
3419;Lala Laksmiwati;52006;sadina33@pt.com
3420;Teguh Namaga, S.Psi;65619;milasiregar@perum.go.id
3421;Ajiono Hartati;10233;garangunarto@gmail.com
3422;Febi Novitasari;09536;tambaestiawan@perum.edu
3423;Adhiarja Kuswandari, S.Kom;91991;sgunarto@gmail.com
3424;T. Mursita Hakim, S.Pd;25858;hanafirmansyah@cv.mil
3425;Hasna Irawan;20362;latuponorahman@pd.desa.id
3426;Dariati Dabukke, S.Pd;46568;bwijayanti@cv.gov
3427;Restu Latupono;23647;asmanmulyani@pd.co.id
3428;Ian Wastuti;15901;mayawastuti@yahoo.com
3429;Puti Kania Wacana;39524;wijayagasti@gmail.com
3430;Tari Padmasari, S.H.;94758;faizah38@gmail.com
3431;Zelda Narpati;46478;cpuspasari@gmail.com
3432;Panca Wibisono;93558;ypalastri@pd.biz.id
3433;Yance Suryatmi;95017;kusumafirgantoro@pt.gov
3434;Kamaria Fujiati;51983;saifulfirmansyah@gmail.com
3435;Eka Prasasta, S.Kom;24588;carub03@gmail.com
3436;drg. Zaenab Wastuti;38069;rsuryono@cv.web.id
3437;dr. Malika Kuswandari, S.IP;79302;karta01@pt.gov
3438;Elvin Siregar, S.H.;38489;hassanahfebi@cv.net
3439;Ellis Thamrin;96996;lantar67@perum.mil
3440;Damar Prabowo, S.IP;77726;samosircaraka@gmail.com
3441;Hasim Mangunsong;92116;qhutapea@cv.int
3442;Elma Haryanti;25819;asmunipuspita@perum.my.id
3443;Galuh Puspita;56870;fitria29@yahoo.com
3444;Olga Winarno;82255;zlazuardi@gmail.com
3445;Calista Mulyani;56938;samiah41@ud.mil.id
3446;Talia Yuliarti;80456;entenganggriawan@yahoo.com
3447;Olivia Pertiwi;11727;alambana51@hotmail.com
3448;Kunthara Saragih, S.H.;84508;violetsitompul@gmail.com
3449;Silvia Situmorang;23853;udausamah@cv.biz.id
3450;drg. Gadang Saefullah, S.Sos;79084;xpalastri@yahoo.com
3451;Ayu Prakasa, S.I.Kom;37917;garan19@pd.ac.id
3452;Rafi Farida;97300;karensudiati@pd.ac.id
3453;KH. Paiman Natsir, M.Pd;31792;xanana18@yahoo.com
3454;Kardi Usada, S.Kom;28126;hartaticandra@gmail.com
3455;Adikara Narpati, M.TI.;32313;natsirnajwa@perum.int
3456;Nilam Wahyuni;93113;iprabowo@yahoo.com
3457;Tgk. Gilda Mardhiyah, M.Kom.;61508;tinanurdiyanti@cv.mil
3458;KH. Ismail Laksmiwati;24852;kusumouda@hotmail.com
3459;Usyi Ardianto, M.TI.;47998;karta67@ud.com
3460;Opan Widiastuti;28688;paimanhidayat@cv.edu
3461;Gambira Fujiati;08426;gandi49@hotmail.com
3462;Rahmat Maryadi, S.Gz;53119;salwasuartini@hotmail.com
3463;Wakiman Hutagalung;03352;dodo92@perum.co.id
3464;Ayu Setiawan;81719;warsa57@hotmail.com
3465;dr. Ami Halim;90056;vino64@cv.desa.id
3466;Dalimin Tampubolon;07380;wahyudinhani@yahoo.com
3467;Malika Yuliarti;28871;sihombingrahmi@cv.ac.id
3468;Rika Astuti;12273;situmorangmakuta@cv.net.id
3469;Cut Keisha Mardhiyah;98272;zwijaya@pt.go.id
3470;Ismail Halim, M.Pd;59472;inashiruddin@pt.int
3471;Talia Waluyo;24156;tugiman71@perum.ac.id
3472;Najwa Pratama;46145;bagashidayanto@pt.com
3473;Alambana Wulandari;00781;hutagalunglaksana@yahoo.com
3474;Shakila Hasanah;04251;baktiadipermata@pt.net
3475;Ibrahim Iswahyudi;69556;teddyjanuar@pt.int
3476;Hesti Firgantoro;43845;xsitompul@yahoo.com
3477;Akarsana Halimah, S.Pt;66503;prabawa98@hotmail.com
3478;T. Asirwanda Pradana, S.Kom;48731;nhutasoit@hotmail.com
3479;Dr. Nilam Waskita, M.Kom.;93045;bakimanhasanah@gmail.com
3480;Yani Habibi, M.M.;20118;queenpalastri@perum.biz.id
3481;dr. Raihan Nashiruddin, S.Pd;95452;prabowosiregar@hotmail.com
3482;Puti Nuraini;43566;mwulandari@gmail.com
3483;Drs. Prasetya Utama, S.IP;52273;bakiman00@cv.desa.id
3484;Zaenab Rahayu;40211;xanananashiruddin@hotmail.com
3485;Surya Laksita;31142;daliononajmudin@yahoo.com
3486;Laila Permata;51758;drajat27@yahoo.com
3487;Kajen Riyanti;59937;jessica20@cv.mil
3488;Ir. Ikhsan Budiyanto, S.Ked;30384;gina89@hotmail.com
3489;R. Yuliana Prasetyo;14799;gamblang55@pt.gov
3490;Puti Eva Budiman, S.H.;61094;tambakarman@pt.biz.id
3491;Empluk Pratiwi;59049;enteng62@pt.mil
3492;KH. Cakrajiya Januar, M.Pd;84221;ntarihoran@ud.int
3493;Puti Tina Mulyani;06576;lazuardiusman@gmail.com
3494;Umar Pangestu;19317;vivisitorus@hotmail.com
3495;Unjani Maheswara;37670;rikawijaya@cv.com
3496;Enteng Melani;85801;caketsaefullah@pt.or.id
3497;Kadir Najmudin;33717;kurnia23@yahoo.com
3498;Gadang Situmorang;75568;saifulnasyidah@hotmail.com
3499;drg. Luhung Rajata, M.Ak;76416;fgunawan@gmail.com
3500;Makuta Siregar;55373;prastutikawaya@ud.web.id
3501;Zulfa Hidayat;69726;umi30@cv.id
3502;Wawan Hardiansyah;11755;zriyanti@pt.desa.id
3503;Kasiyah Lazuardi;99015;iswahyudianggabaya@perum.com
3504;Cagak Mansur;61877;hsuwarno@yahoo.com
3505;Wage Natsir;47148;kaniawibisono@pt.co.id
3506;T. Gamblang Hartati;52838;jumadi27@yahoo.com
3507;Asmuni Yolanda;95479;candrasihombing@gmail.com
3508;Ir. Cici Novitasari;23634;dagelhalimah@gmail.com
3509;Nadine Thamrin;72842;oni01@pt.net.id
3510;R. Umay Mansur, S.E.;68814;wanisudiati@hotmail.com
3511;Jasmin Sitompul;84685;nhardiansyah@yahoo.com
3512;R. Hesti Pangestu;68295;alambananuraini@gmail.com
3513;Umi Ramadan, S.H.;38632;hariwinarno@hotmail.com
3514;Oliva Riyanti;59516;tprayoga@cv.gov
3515;Belinda Prasetyo;80218;gpermata@cv.int
3516;Agnes Rahmawati, S.T.;27587;mpratiwi@hotmail.com
3517;Mariadi Uwais;87836;knainggolan@yahoo.com
3518;Wakiman Prasasta;31522;lwibisono@gmail.com
3519;dr. Ana Suwarno;63546;larasnajmudin@pd.int
3520;Tgk. Olga Saputra, S.E.I;07001;vino53@pt.biz.id
3521;Yuliana Kurniawan, M.Kom.;76844;darijanagustina@yahoo.com
3522;Praba Hariyah;54402;saefullahharto@yahoo.com
3523;Talia Farida;77981;luwesrajata@hotmail.com
3524;Balapati Pertiwi, S.H.;89957;dpratama@hotmail.com
3525;Silvia Hutasoit;78048;ianhartati@perum.net.id
3526;Darmanto Nuraini;33901;pardilatupono@cv.ponpes.id
3527;Mahdi Wahyudin;13597;pradiptaciaobella@gmail.com
3528;Devi Sihombing;55553;puji47@cv.or.id
3529;Titi Hutagalung, S.IP;25398;bkurniawan@gmail.com
3530;Elisa Simbolon;13917;cornelia57@ud.mil
3531;Indah Pudjiastuti;98867;yessi50@hotmail.com
3532;Dr. Kasim Puspita, S.Pd;85697;cahyono02@pt.desa.id
3533;Cecep Saputra;34143;suartinibanara@yahoo.com
3534;Sabrina Hasanah, S.Kom;32010;jutami@pd.net.id
3535;Balidin Suwarno;47661;waluyodanuja@hotmail.com
3536;Jasmin Wasita, S.Kom;83195;paris77@gmail.com
3537;Yono Simbolon;60579;bsuryatmi@gmail.com
3538;Pranata Situmorang;05111;qbudiman@yahoo.com
3539;Hasta Marbun, S.I.Kom;15668;hendrisaputra@yahoo.com
3540;Putri Yuniar;07168;otarihoran@pd.my.id
3541;Gilang Maryadi;36493;firgantoroellis@perum.net.id
3542;Tedi Ramadan;96748;mala87@ud.org
3543;Ulva Purnawati;88502;thamrinolga@hotmail.com
3544;Rachel Budiyanto;39571;kusmawatieja@perum.mil
3545;R. Dinda Palastri, S.I.Kom;58432;pmaulana@perum.sch.id
3546;Tgk. Jaswadi Putra, S.Psi;37107;ymandala@perum.web.id
3547;Cut Mala Pradana;71408;utamavivi@gmail.com
3548;Fathonah Mustofa;48782;hhartati@hotmail.com
3549;R. Genta Setiawan, S.E.;75106;candrakantajanuar@perum.sch.id
3550;Nilam Puspita;45789;hassanahina@perum.desa.id
3551;Hasna Sirait;78442;nababanjuli@pt.com
3552;Diana Firgantoro;91772;dacinyulianti@ud.net.id
3553;Drs. Dina Anggriawan, M.M.;40071;qlatupono@ud.org
3554;Aris Purwanti;05564;irfan15@pt.biz.id
3555;Yuliana Utami, S.Psi;57667;daliminhassanah@yahoo.com
3556;Opung Thamrin;89870;usadabaktiono@pt.my.id
3557;Endah Oktaviani;74311;siraitgalar@hotmail.com
3558;Mustika Iswahyudi;77519;candra76@hotmail.com
3559;Mala Andriani, M.Ak;42907;ssiregar@yahoo.com
3560;Gangsa Wastuti;08153;cahyadisitompul@cv.net.id
3561;Dt. Radika Winarno;59050;fwidiastuti@hotmail.com
3562;Endah Hidayanto;81871;uda29@gmail.com
3563;Dr. Dian Sirait, M.M.;36060;gildahutapea@gmail.com
3564;Laksana Hassanah;12541;zulaikakamidin@gmail.com
3565;Nyoman Natsir;23100;tamizulkarnain@pd.net.id
3566;Legawa Yuliarti;89759;rajatahasta@pt.web.id
3567;Tgk. Cayadi Nababan, S.E.I;65394;ehassanah@pd.net
3568;Amelia Nurdiyanti;88380;siti12@pt.mil.id
3569;Nadine Halimah;79921;nurdiyantitimbul@gmail.com
3570;Dinda Rahmawati;74444;faizahsaefullah@gmail.com
3571;Yessi Pratiwi;74196;prasetyaellis@pd.desa.id
3572;Dr. Yani Nababan;10243;purwa63@pt.net.id
3573;Ellis Mulyani;10219;darsirahpradipta@gmail.com
3574;Belinda Mangunsong, M.Farm;03222;xtarihoran@gmail.com
3575;Kamidin Permadi;27046;galihmansur@pt.sch.id
3576;Salwa Rahimah;35814;pudjiastutijamil@gmail.com
3577;Clara Puspasari;14959;himawan70@pd.or.id
3578;drg. Lulut Yolanda, S.T.;03038;daruhastuti@yahoo.com
3579;Ella Ramadan;21774;cager51@yahoo.com
3580;Dewi Budiyanto;62430;ewastuti@hotmail.com
3581;Siti Hassanah;63795;lurhur81@pd.ponpes.id
3582;Ir. Ida Siregar;13968;purnawatijaka@cv.co.id
3583;dr. Usyi Usamah, S.IP;72973;cwaluyo@hotmail.com
3584;Tami Tamba;79252;dewi55@yahoo.com
3585;Wani Padmasari;08369;rachel99@hotmail.com
3586;Raisa Saefullah;80141;cemplunk56@ud.ponpes.id
3587;Puti Queen Nashiruddin, M.Farm;14113;bkuswandari@hotmail.com
3588;Kajen Mandasari;17494;aditya45@cv.id
3589;Reza Uwais;90535;gawatihutapea@ud.id
3590;Dt. Gangsar Widiastuti;84628;kawaya00@gmail.com
3591;R.A. Febi Jailani, S.H.;75993;yprakasa@gmail.com
3592;Zulfa Sudiati;38589;garang00@pt.web.id
3593;Lukita Astuti, M.Farm;00192;rizkisitompul@ud.gov
3594;Drs. Fathonah Mahendra, M.TI.;74895;widodopuspa@hotmail.com
3595;Ibun Mandala;84306;saifulprayoga@perum.sch.id
3596;Drs. Laila Nugroho, S.E.;14305;dhardiansyah@perum.org
3597;Laras Hutasoit;23157;pradiptaharjo@perum.go.id
3598;Ulya Hardiansyah;94157;giswahyudi@gmail.com
3599;T. Hasan Rahmawati;41132;citrawulandari@yahoo.com
3600;Puti Vicky Mulyani;80232;daryani@pd.sch.id
3601;Hj. Unjani Simanjuntak, S.Gz;62964;jaka67@hotmail.com
3602;Yance Sihombing, M.Kom.;36957;bakdarahayu@hotmail.com
3603;Marwata Mandala;67391;prakosa02@ud.mil.id
3604;R.M. Waluyo Purnawati;50633;suryonobagus@yahoo.com
3605;Prayitna Napitupulu;52496;inarpati@yahoo.com
3606;Hana Hutasoit;09764;halimraditya@yahoo.com
3607;Shania Putra;29226;pwastuti@perum.int
3608;Hadi Prasetya;04019;suryatmihasna@yahoo.com
3609;Yoga Thamrin;65490;gaduhjanuar@hotmail.com
3610;dr. Balidin Pertiwi, S.I.Kom;73999;nnajmudin@yahoo.com
3611;Cinta Uwais, S.T.;79755;uoktaviani@perum.ponpes.id
3612;R.A. Queen Padmasari;69182;ppradana@gmail.com
3613;Ir. Leo Purnawati;45402;ygunarto@pt.id
3614;Ir. Farhunnisa Padmasari, S.Ked;02716;tasdik70@cv.mil.id
3615;Edison Hidayanto;31402;purnawatianom@gmail.com
3616;Prabawa Yolanda;45828;rama90@yahoo.com
3617;Ciaobella Rajasa;42841;putramaryadi@gmail.com
3618;Cinthia Namaga;04295;jessica85@hotmail.com
3619;Jati Tamba;72933;padmasarilukita@pt.mil.id
3620;Tomi Setiawan;24314;vmandasari@yahoo.com
3621;Fitriani Pradana;85970;victoriamanullang@pd.id
3622;Hari Sihombing;44205;ekuswandari@gmail.com
3623;dr. Purwanto Halimah, S.Farm;13714;charyanto@hotmail.com
3624;dr. Jaya Mandala;95132;lamar55@yahoo.com
3625;Aris Wijaya;93843;daruhakim@ud.mil.id
3626;Vanesa Situmorang;13368;diansamosir@cv.co.id
3627;Naradi Hariyah, M.Kom.;44084;nwidiastuti@ud.sch.id
3628;Cut Puji Sitorus;99580;hartana46@yahoo.com
3629;T. Bakianto Suwarno;49415;osuryono@pd.mil
3630;Bambang Simbolon;97418;corneliakusmawati@gmail.com
3631;Cut Puti Padmasari, M.M.;84203;lnababan@hotmail.com
3632;Oskar Maryadi, S.I.Kom;34260;waskitasiti@yahoo.com
3633;Prima Pradana;99950;chutasoit@pd.web.id
3634;Uchita Prasetyo;82339;cemeti40@pd.ponpes.id
3635;Jamil Rajasa;54099;riyantiirsad@hotmail.com
3636;Ir. Victoria Lazuardi, S.E.;43449;najwaastuti@yahoo.com
3637;Drs. Rina Setiawan;06832;ywijaya@pd.my.id
3638;Salwa Waskita;32128;garanlaksita@pd.com
3639;Fitriani Sihombing;96837;among03@yahoo.com
3640;Tgk. Sari Widodo, M.TI.;47629;rajasakairav@perum.edu
3641;Ghaliyati Uyainah;30391;rahmawatinasrullah@gmail.com
3642;Bagya Saputra;68997;kamidinwibisono@hotmail.com
3643;drg. Zulfa Winarsih, S.Psi;64928;victoriasitompul@ud.net
3644;Dr. Ulva Rahayu, S.Pd;46550;kurnia51@pd.id
3645;Ika Purnawati;81292;ghasanah@ud.edu
3646;KH. Ian Prastuti;20914;candrakanta56@yahoo.com
3647;Ulya Dongoran, M.Pd;98717;ajiminsihombing@gmail.com
3648;T. Galuh Haryanti, S.Farm;19928;csitorus@hotmail.com
3649;H. Gaiman Prasetyo;68413;ywibowo@pt.my.id
3650;R. Martani Puspasari;01203;jaka24@pd.org
3651;Kusuma Rajasa;92381;hariyahsamsul@pd.gov
3652;Dagel Yolanda;91674;purnawatiwinda@cv.int
3653;Ella Suryono;05683;bahuwarna51@hotmail.com
3654;Lalita Siregar;05783;kenari40@gmail.com
3655;Tgk. Paulin Siregar;97096;qmaulana@yahoo.com
3656;drg. Almira Utama, S.I.Kom;41061;lalalailasari@yahoo.com
3657;Rika Novitasari;77511;uhandayani@hotmail.com
3658;Dr. Pia Pranowo, M.Kom.;47574;putami@yahoo.com
3659;dr. Gamblang Nugroho;40722;utamaupik@pt.my.id
3660;Hendra Anggriawan;02758;dartonowinarsih@pd.co.id
3661;Halim Rahimah;95117;maraspranowo@perum.biz.id
3662;Daliono Melani;17562;maras98@pd.or.id
3663;Daliman Habibi;40943;ina62@yahoo.com
3664;Dr. Wakiman Wahyuni;40804;zutami@cv.int
3665;Cindy Pradana, S.Ked;40101;jprasetya@hotmail.com
3666;Mumpuni Wibowo;32441;sakurahasanah@gmail.com
3667;Ilsa Utama;13779;putramurti@gmail.com
3668;Cawisono Suryatmi;36813;mulya78@pd.edu
3669;Imam Wulandari;32260;bwinarno@pd.sch.id
3670;Jaga Hasanah;51672;rosmanbudiman@pd.gov
3671;Saka Palastri;47485;lukmansirait@yahoo.com
3672;Tgk. Bagiya Hidayanto, S.T.;95128;andrianikadir@pt.go.id
3673;Drs. Kemba Suryatmi, S.E.;59874;hilda94@pt.org
3674;R. Humaira Lestari;80625;yani86@yahoo.com
3675;T. Daruna Pangestu, M.TI.;32394;ihutapea@pd.id
3676;Raina Fujiati;65459;ayulailasari@hotmail.com
3677;Nova Marbun;23881;blestari@hotmail.com
3678;Olivia Rajata, S.Kom;48438;ismail57@ud.co.id
3679;Dr. Samiah Prakasa, M.Farm;62737;anggrainiyunita@gmail.com
3680;Ophelia Rajata, S.Pt;23310;zpangestu@hotmail.com
3681;Chelsea Adriansyah;77588;balanggakuswandari@yahoo.com
3682;Harsanto Prasetyo;74651;baktiantosetiawan@ud.id
3683;Tirta Winarno;26794;malika96@ud.org
3684;Shania Simanjuntak;06099;nadiasiregar@yahoo.com
3685;Tgk. Novi Haryanti;00567;cemetipertiwi@ud.desa.id
3686;drg. Balamantri Wastuti, M.TI.;36261;yuliantijatmiko@yahoo.com
3687;Salwa Kuswandari;36567;cmelani@gmail.com
3688;Ilsa Hassanah;22459;liman80@perum.int
3689;Tomi Pranowo;33144;unggul57@gmail.com
3690;Ismail Safitri;42651;wanggriawan@gmail.com
3691;Hafshah Handayani;08002;waluyowardaya@pt.go.id
3692;Calista Marbun;05208;gatot59@pd.co.id
3693;drg. Bakiono Sitompul, M.Farm;92243;lmahendra@hotmail.com
3694;Hendri Hutagalung;97497;saktiwinarsih@yahoo.com
3695;Gatra Sihombing;29129;humaira76@hotmail.com
3696;Gara Wibowo, S.Psi;87619;gandawijayanti@hotmail.com
3697;Farhunnisa Simanjuntak;53838;soleh50@pd.com
3698;Lili Budiman, S.Gz;84358;haryantikoko@cv.mil
3699;Elvin Samosir;74697;januaroni@hotmail.com
3700;Heru Salahudin;11387;suartiniaslijan@yahoo.com
3701;Pia Halim;66480;nababangalang@gmail.com
3702;Cici Yolanda;38351;jayeng54@yahoo.com
3703;Vivi Santoso;65506;ajimat00@pt.mil.id
3704;R.A. Maimunah Mangunsong;19374;veganapitupulu@pt.sch.id
3705;KH. Latif Hutasoit;47501;martani87@hotmail.com
3706;Zahra Fujiati, M.Farm;20353;mardhiyahwasis@cv.id
3707;Calista Yuniar;03251;citrayuliarti@cv.org
3708;Dadi Januar, M.Ak;01858;harsana20@gmail.com
3709;Cut Hilda Kusumo, S.Ked;88031;thardiansyah@perum.int
3710;Paulin Nasyiah, S.Gz;41017;magustina@ud.net
3711;Najwa Sirait;12577;mlazuardi@gmail.com
3712;Yunita Waskita;02432;tagustina@perum.web.id
3713;dr. Hari Pranowo;37263;jailanigara@ud.ac.id
3714;T. Opung Maryadi, S.Kom;85822;karimah87@perum.mil.id
3715;Umay Tampubolon, S.Gz;30084;ginaandriani@yahoo.com
3716;Gina Pertiwi;49359;mahmud59@gmail.com
3717;Harjasa Mahendra;07358;lailasarinaradi@perum.or.id
3718;R.A. Sarah Hutasoit, S.Farm;44184;dhartati@pd.or.id
3719;Ghaliyati Wacana;38569;mustofaleo@cv.sch.id
3720;Kurnia Latupono, S.IP;90917;cyolanda@ud.org
3721;Karna Napitupulu;44411;joko63@ud.id
3722;Waluyo Napitupulu;89481;rajatajayeng@ud.ponpes.id
3723;Ir. Mustika Damanik;58136;endraandriani@pd.edu
3724;drg. Tomi Prastuti, S.Kom;72680;hyuniar@cv.edu
3725;Hj. Rina Yuniar, M.Farm;87749;darijanpuspita@hotmail.com
3726;Prabu Astuti;91786;prasetyayulia@ud.co.id
3727;Hj. Ratih Padmasari, S.E.I;60715;galangprabowo@hotmail.com
3728;KH. Garda Wibowo, M.Pd;60672;isaragih@ud.ponpes.id
3729;Yuliana Sihotang;76597;ziziwahyudin@yahoo.com
3730;drg. Heryanto Iswahyudi, M.M.;03826;qtarihoran@yahoo.com
3731;Rahmi Adriansyah;71566;rosmankusumo@yahoo.com
3732;Usyi Budiyanto;66905;ajiono53@yahoo.com
3733;Drs. Amelia Anggriawan;60102;ina42@hotmail.com
3734;Lanjar Ramadan;13940;damanikkeisha@cv.ac.id
3735;Dt. Sabri Pangestu;18448;wrahayu@pd.my.id
3736;Umar Firmansyah;78563;galar98@ud.ponpes.id
3737;Puti Maida Hardiansyah;02664;sarah62@hotmail.com
3738;R.M. Jaswadi Pratama, M.Farm;24822;gsusanti@yahoo.com
3739;Vivi Laksita;04957;hyuliarti@hotmail.com
3740;Bambang Suryono;82440;yolandamulyanto@hotmail.com
3741;Karen Mandasari;80786;kartawastuti@ud.net
3742;Agnes Winarno, S.IP;31500;radityalazuardi@pt.mil
3743;Arsipatra Nainggolan, S.Pd;28685;gwacana@yahoo.com
3744;Sutan Slamet Hartati, S.Pt;24272;zulfa41@ud.ponpes.id
3745;Rahmi Rahayu;71500;namagaega@yahoo.com
3746;Hani Pradipta, M.TI.;95970;gamanto34@hotmail.com
3747;Ir. Dian Prasetyo;59070;gunartodaniswara@yahoo.com
3748;Drs. Cahyanto Wahyudin, S.Farm;25844;rhariyah@gmail.com
3749;Zulaikha Putra;44788;agus74@perum.sch.id
3750;Agus Utama;27467;agustinanatalia@perum.sch.id
3751;Dariati Nugroho, S.IP;88491;corneliapalastri@hotmail.com
3752;drg. Almira Rahayu, M.M.;32349;rahimahasmuni@ud.gov
3753;Ir. Prabu Prakasa, S.Ked;85278;firgantoroprayogo@yahoo.com
3754;Ir. Ophelia Pradipta;46149;gaiman26@yahoo.com
3755;Lintang Nababan, S.E.;85178;jarwi00@perum.net.id
3756;Dr. Najib Saputra;82815;prabasitompul@cv.go.id
3757;Dalima Haryanti;18145;betaniasimbolon@cv.ponpes.id
3758;H. Martani Gunarto;84485;uwastuti@gmail.com
3759;R. Aisyah Prasetya;04807;qardianto@gmail.com
3760;Bambang Nababan;44278;siskaprasetyo@cv.or.id
3761;Adinata Rahayu;96016;marwatarahayu@pd.web.id
3762;R.M. Kanda Waskita, M.TI.;12994;awidiastuti@gmail.com
3763;Gawati Irawan;64772;waskitaika@hotmail.com
3764;Shania Usada;48719;saragihreksa@gmail.com
3765;dr. Leo Damanik, S.Ked;44452;gantar88@pd.com
3766;Dr. Najwa Hasanah, S.Pd;27224;warsamustofa@yahoo.com
3767;Dt. Gambira Saputra;39744;slametrahimah@cv.ac.id
3768;Tgk. Cengkal Pertiwi, S.E.;42198;rini67@hotmail.com
3769;KH. Luthfi Novitasari, M.Farm;23484;karsanasiregar@perum.net.id
3770;Drajat Pratama;11383;wirda39@gmail.com
3771;Farah Nasyiah;07511;xwijayanti@ud.co.id
3772;Ir. Belinda Mandala, S.Kom;88503;artantohasanah@yahoo.com
3773;Bakiadi Sinaga;69637;prajasa@yahoo.com
3774;dr. Tiara Utama;42754;cakrabuana57@pd.edu
3775;Makara Puspasari, S.Pd;42283;galihpertiwi@gmail.com
3776;R.A. Ani Zulkarnain, S.H.;46731;wani31@yahoo.com
3777;Kusuma Megantara;39060;lamarrajasa@ud.co.id
3778;Nabila Aryani;77000;cintawahyuni@hotmail.com
3779;Nova Andriani;29324;utamamardhiyah@pt.mil.id
3780;R.A. Fitria Saragih, M.Kom.;66325;wprayoga@yahoo.com
3781;Tgk. Zahra Kuswandari;81975;rmaryadi@cv.my.id
3782;drg. Natalia Widodo;26750;lwacana@hotmail.com
3783;Ivan Widodo;29320;clarahartati@hotmail.com
3784;Asmadi Widodo, M.M.;36371;halimedi@gmail.com
3785;dr. Cayadi Wahyuni, S.I.Kom;34112;raihanmangunsong@perum.net
3786;Alambana Handayani;58273;ppudjiastuti@gmail.com
3787;R. Erik Safitri, S.Kom;30682;banawa53@yahoo.com
3788;Harto Sihombing;06136;luluhwaluyo@pt.co.id
3789;Tgk. Dian Puspita, M.Farm;40338;nugrohomumpuni@gmail.com
3790;Fathonah Lestari, S.Pd;89611;haryantooskar@pt.int
3791;Zalindra Utami;37428;hardiansyahamong@gmail.com
3792;Sabrina Sihombing;88546;lananglaksmiwati@hotmail.com
3793;Catur Yolanda;22070;dhardiansyah@cv.go.id
3794;Ir. Belinda Wulandari;49793;firgantorohasta@hotmail.com
3795;Karna Nuraini, S.Ked;63571;hyuliarti@hotmail.com
3796;Ida Pranowo;45225;wardayawijaya@gmail.com
3797;R. Restu Latupono;04961;pratamafarhunnisa@pt.net
3798;Darmaji Hidayat;86561;pardisihotang@ud.ponpes.id
3799;Respati Dabukke;61370;adinatarajata@pd.mil.id
3800;Kayla Dabukke;67324;liman42@hotmail.com
3801;Bakti Hidayat;90514;jessica26@hotmail.com
3802;Samsul Gunarto;58757;yancekuswoyo@hotmail.com
3803;Darmanto Novitasari, M.TI.;64805;kardianto@hotmail.com
3804;R. Raden Firgantoro;19170;mursita36@pt.net.id
3805;R.M. Hardana Hariyah, S.I.Kom;19116;winarsihtira@hotmail.com
3806;Hj. Lili Wacana;10881;qori26@ud.int
3807;Ir. Jinawi Anggraini;98949;mardhiyahgandi@perum.com
3808;R. Ivan Halimah, M.Pd;44010;anggrainiprayoga@ud.gov
3809;Dt. Bambang Latupono, S.Pd;44618;daliman68@yahoo.com
3810;Nardi Yulianti;30206;oprastuti@perum.desa.id
3811;Betania Situmorang;73868;drahayu@hotmail.com
3812;Clara Napitupulu;32896;purnawatipaiman@ud.biz.id
3813;Kasiran Manullang, S.Gz;18963;cahyanto37@ud.net
3814;Muni Dongoran;40009;hadiwastuti@hotmail.com
3815;Belinda Laksita;41296;raisa47@hotmail.com
3816;Ani Oktaviani, S.Pt;72355;ksihotang@yahoo.com
3817;Kamaria Waskita;34060;maheswaratirta@hotmail.com
3818;Wulan Utama;47714;luluhkurniawan@ud.net
3819;Cakrawangsa Lestari, S.Pd;66324;yuliarticaraka@hotmail.com
3820;Kani Kuswandari;84833;grahmawati@ud.id
3821;Hani Prasetyo;55129;darsirah15@yahoo.com
3822;Eva Laksmiwati;91258;putripalastri@hotmail.com
3823;Rahayu Pradipta;59968;situmorangsalwa@ud.net
3824;Jumadi Prastuti, S.Pd;88276;samosirellis@pt.sch.id
3825;Sabri Hartati;99670;emandasari@pt.net.id
3826;Hardi Riyanti, S.Gz;11921;kasiyah97@yahoo.com
3827;Sutan Emin Puspasari, M.Farm;45845;eko44@yahoo.com
3828;Dr. Ismail Prasetya;93280;wastutirahmat@pd.go.id
3829;R. Narji Yulianti, M.Farm;29925;uyuliarti@yahoo.com
3830;dr. Salwa Rahayu, M.M.;46066;sari20@cv.net.id
3831;Dt. Luhung Latupono, S.Gz;91235;safina43@hotmail.com
3832;Gaduh Nasyiah;77565;pardihidayat@pt.net.id
3833;Tania Melani;05500;ewijaya@ud.org
3834;R. Dariati Usada;36929;yuliartianom@yahoo.com
3835;Ika Hasanah;88620;kwibowo@gmail.com
3836;R.A. Nadine Ardianto, S.E.I;88280;adriansyahjabal@cv.go.id
3837;Martana Puspasari, S.E.I;17961;upikhidayat@cv.id
3838;Lasmanto Situmorang, S.IP;78717;jatihalimah@pd.ponpes.id
3839;Uda Latupono;56541;harsayapratama@gmail.com
3840;KH. Maryadi Pradana;72675;restu47@yahoo.com
3841;Candra Waluyo;78759;silvia22@pt.mil.id
3842;Dr. Dacin Rajata;49111;zulfahassanah@gmail.com
3843;Cakrajiya Pradana;43582;ilsa35@perum.sch.id
3844;Cut Maimunah Halimah, S.Farm;85109;kusmawatirafid@hotmail.com
3845;Labuh Melani;23117;hartatiagus@cv.desa.id
3846;Hani Hutasoit;07691;hakimwinda@pt.my.id
3847;Rina Jailani;31901;hasimsaptono@hotmail.com
3848;Silvia Waskita;88495;daniswara10@pd.org
3849;Fathonah Permata;84551;nalartampubolon@ud.net
3850;Wasis Lailasari, S.H.;69974;vivi56@gmail.com
3851;Jayeng Uwais;29693;nasyidahtasdik@pt.co.id
3852;Ir. Kawaya Setiawan;98707;anggriawandadi@hotmail.com
3853;Tgk. Atmaja Putra;48196;zsalahudin@pt.biz.id
3854;Gamani Palastri;36720;iswahyudigandewa@ud.mil.id
3855;Karman Fujiati;67179;irwanhidayat@yahoo.com
3856;Kanda Tampubolon;12048;karma92@yahoo.com
3857;Shania Saptono;28755;usmanprasasta@cv.int
3858;Lalita Hasanah, S.IP;64075;gildazulaika@yahoo.com
3859;Drs. Perkasa Winarno;65394;gunartoprayogo@gmail.com
3860;Pia Kuswandari;91945;raharjapradipta@hotmail.com
3861;drg. Carla Susanti;04202;winda23@pd.net.id
3862;T. Warsita Lestari, M.Kom.;06843;kemalastuti@perum.id
3863;Ratna Namaga;88045;gandi98@pd.go.id
3864;T. Nasab Wasita;23994;vnurdiyanti@hotmail.com
3865;Farhunnisa Pertiwi;80238;tjailani@ud.co.id
3866;KH. Jabal Tarihoran;15816;gpuspita@gmail.com
3867;Harsaya Riyanti;69537;murti59@gmail.com
3868;Hj. Ina Ardianto, S.Psi;61372;suryonoharsana@gmail.com
3869;Rahmi Wibisono, S.E.;59606;ilyaspangestu@hotmail.com
3870;Pia Ardianto;89574;jprastuti@ud.web.id
3871;Hendri Palastri;44770;dipa04@hotmail.com
3872;Hesti Mustofa, S.Pd;38353;latika61@perum.ponpes.id
3873;drg. Bella Lazuardi;61999;lestarikalim@perum.my.id
3874;Puti Yani Najmudin, S.Kom;89055;kemba05@cv.id
3875;Titi Yuniar;68848;wlatupono@perum.mil
3876;dr. Dian Pratama, M.Kom.;53241;dabukkebakiadi@yahoo.com
3877;Balidin Hariyah;64469;yosef27@hotmail.com
3878;Tgk. Hadi Januar, M.TI.;23743;sabarsudiati@pd.gov
3879;Eva Santoso;99178;wnamaga@gmail.com
3880;R.M. Bakianto Uyainah;63531;uutama@perum.int
3881;Ratna Salahudin, M.Kom.;68860;pratiwigalih@ud.org
3882;R. Ozy Yulianti;71122;legawalailasari@yahoo.com
3883;Paiman Kusumo;05456;gina14@gmail.com
3884;drg. Mulyono Usada;59212;hasta04@hotmail.com
3885;Jessica Mansur;24165;estionoprayoga@gmail.com
3886;Artanto Purwanti;87420;hassanahkalim@yahoo.com
3887;drg. Kariman Wacana, S.H.;86367;prasetyaganep@perum.net.id
3888;H. Purwadi Pranowo;98583;snarpati@yahoo.com
3889;Iriana Lailasari;46752;kamidin85@perum.net.id
3890;Asmianto Kusumo;90405;samiahrahayu@yahoo.com
3891;Ratih Nainggolan;04073;vmulyani@yahoo.com
3892;Mursinin Wasita;29034;ella74@yahoo.com
3893;Restu Siregar;19134;xthamrin@yahoo.com
3894;Gaiman Wastuti;41124;qfirmansyah@perum.org
3895;R.A. Hasna Haryanto;18576;unjani93@hotmail.com
3896;Melinda Purwanti;63609;zrajasa@pt.gov
3897;Ir. Oni Wahyudin;81000;emanwinarno@cv.mil.id
3898;R. Widya Ramadan, M.M.;07258;gastimarpaung@yahoo.com
3899;Sakti Lestari;35142;nkusmawati@yahoo.com
3900;Amelia Santoso;38791;ajionohidayanto@gmail.com
3901;Paiman Sinaga;14518;oliva64@yahoo.com
3902;Rika Sihombing;36247;edi47@pt.or.id
3903;Hasna Damanik;83094;hasanahdarsirah@hotmail.com
3904;drg. Tami Nashiruddin;01829;laswi76@hotmail.com
3905;Drs. Vega Setiawan;76371;queen56@yahoo.com
3906;Alika Siregar;63122;yutama@pt.desa.id
3907;Danu Oktaviani, M.Ak;86351;parmanhartati@cv.web.id
3908;Jane Laksita, S.I.Kom;20360;eka05@perum.ponpes.id
3909;Nurul Mandasari, M.Farm;28404;lsuryono@gmail.com
3910;Daruna Gunarto, S.E.I;10182;apermata@pd.mil.id
3911;dr. Balamantri Latupono;11907;hutasoitpaiman@pd.com
3912;Marsito Pradipta;09087;malik38@yahoo.com
3913;Dr. Gawati Adriansyah, S.Ked;95681;eprasetyo@gmail.com
3914;Uda Samosir;25257;paulin72@pt.id
3915;Rendy Suartini;17311;cakrajiyanababan@hotmail.com
3916;Prayoga Napitupulu;23050;ddongoran@cv.co.id
3917;Baktiono Najmudin, M.Farm;92861;kasiyah24@ud.com
3918;dr. Cakrajiya Nuraini;85571;kaniasitompul@ud.com
3919;Tasdik Halim, S.Pt;21093;suryatmirika@yahoo.com
3920;Harto Hastuti;84810;pia16@cv.int
3921;Azalea Hutapea;61632;isimanjuntak@hotmail.com
3922;Karta Kuswoyo;95492;bagas86@gmail.com
3923;Indah Dabukke;00653;hastutidiana@cv.mil.id
3924;Lili Waluyo;89711;drajatardianto@yahoo.com
3925;Elvina Kusumo;15016;hassanahdamu@yahoo.com
3926;Narji Kusumo;50816;surya94@pd.id
3927;Najam Palastri, M.TI.;21546;halimahhairyanto@hotmail.com
3928;Prabowo Adriansyah, M.TI.;46363;bakiadi57@pd.id
3929;Yosef Suryono;12266;cemeti70@pd.co.id
3930;Aditya Pratiwi;46083;agnesmarpaung@pd.org
3931;Icha Gunawan;80953;puspitaajiman@ud.edu
3932;Tgk. Hasna Mangunsong;30941;epradana@pt.mil
3933;R. Zizi Wacana, M.Pd;41772;pratamabala@pd.int
3934;Carub Wahyudin;79043;labuhhidayanto@pt.desa.id
3935;drg. Belinda Suwarno, M.Ak;99349;ghakim@gmail.com
3936;Lala Novitasari;64327;thamrinprayitna@cv.my.id
3937;H. Rahmat Kuswandari, M.M.;81632;wulandarivirman@gmail.com
3938;Kunthara Winarno;13840;dariminrajata@pd.my.id
3939;Ulya Hardiansyah;09970;ifa49@gmail.com
3940;drg. Raina Farida;18453;kenzie93@pt.web.id
3941;Emas Iswahyudi;31802;hidayantowadi@gmail.com
3942;Parman Prabowo;96550;mahfud04@cv.int
3943;Drs. Hendri Pudjiastuti;40311;dalimasiregar@hotmail.com
3944;drg. Karja Yolanda;44776;hadimaryati@pt.sch.id
3945;Candrakanta Wahyuni, S.Sos;61707;prayogadabukke@pd.biz.id
3946;Ir. Kenzie Hidayat, S.Psi;77727;edimangunsong@ud.desa.id
3947;Praba Palastri;19445;tarihoranadhiarja@cv.sch.id
3948;Drs. Jarwa Suryatmi;90987;cemplunkhutapea@gmail.com
3949;Teddy Hartati;10322;tsuryono@gmail.com
3950;Ganda Pudjiastuti;08907;pwulandari@gmail.com
3951;Tina Hassanah;25614;novitasariclara@gmail.com
3952;Mulya Laksita, M.TI.;34139;osaefullah@hotmail.com
3953;Nurul Zulkarnain, S.Kom;82882;prabowomaman@ud.gov
3954;Dr. Raina Wibisono, M.M.;68277;zaenab02@perum.ponpes.id
3955;Ozy Wibowo;89381;mangunsongian@pd.gov
3956;Opung Narpati;95021;anggriawankenes@gmail.com
3957;Radika Tarihoran;35652;humairaharyanti@yahoo.com
3958;Cornelia Tampubolon, S.Pt;79926;siregarprabowo@perum.ponpes.id
3959;Hardana Adriansyah;84810;gunawancindy@ud.int
3960;Balijan Mansur, S.E.;18242;janekuswandari@pd.or.id
3961;Najwa Salahudin, S.Sos;76437;pangestudaru@pd.biz.id
3962;dr. Ghaliyati Nababan;04019;kmahendra@hotmail.com
3963;Clara Mayasari;45807;megantaraputri@gmail.com
3964;Faizah Siregar;26224;tirta02@perum.edu
3965;Balapati Novitasari, S.Pd;74514;asmanfirgantoro@cv.org
3966;Qori Setiawan;23705;oyulianti@pd.com
3967;Salwa Wastuti;67293;maya26@hotmail.com
3968;Koko Prayoga;82721;ilaksmiwati@hotmail.com
3969;Lala Maryadi;99656;salsabila92@yahoo.com
3970;Radika Hidayat, S.Farm;88451;kamariatarihoran@perum.biz.id
3971;Janet Sudiati;99204;halimahumay@cv.gov
3972;Baktiadi Mahendra;43149;wastutimaida@cv.org
3973;Vicky Puspasari;85647;oktavianiasman@gmail.com
3974;Galar Lestari, S.Ked;27040;cakrawalapuspita@yahoo.com
3975;Mahdi Mustofa;51627;alaksita@cv.ponpes.id
3976;Dt. Ade Wulandari;66393;upurnawati@perum.ac.id
3977;Salimah Simanjuntak;80952;reza46@cv.mil
3978;Adhiarja Waskita;64137;kasusrapratiwi@pd.int
3979;Yoga Wulandari;02645;mulyanijamil@pd.com
3980;Dr. Kajen Kusumo;48711;astutisalwa@yahoo.com
3981;Drs. Dina Puspita, S.Pt;14164;lukman63@hotmail.com
3982;Nurul Usamah, S.Psi;82055;susantiajimin@gmail.com
3983;Jaga Wijaya;90868;uyainahjati@gmail.com
3984;Dasa Suartini;46019;prayogatania@pd.com
3985;Mustofa Marbun;51801;bambangthamrin@ud.sch.id
3986;Umi Padmasari;73383;eka57@hotmail.com
3987;Dt. Artawan Novitasari;37287;rahimahrama@hotmail.com
3988;Rachel Permadi;53143;melinda57@perum.edu
3989;Ir. Ina Simbolon;33753;jagaraga03@hotmail.com
3990;Dewi Santoso;93517;radityahakim@pt.edu
3991;Sutan Garang Mangunsong, S.T.;36838;dabukkeadhiarja@gmail.com
3992;Praba Setiawan;34672;ulvawinarsih@hotmail.com
3993;R. Kayla Samosir;80655;ismailprasasta@cv.org
3994;Gambira Firgantoro, S.Ked;69731;puspitaozy@pt.desa.id
3995;Galuh Zulkarnain;30871;taswirmardhiyah@cv.biz.id
3996;Usman Mangunsong;15520;icha10@pt.web.id
3997;Kalim Purnawati, S.Pt;20714;lsamosir@gmail.com
3998;Gada Natsir;83841;hmaheswara@hotmail.com
3999;Dr. Kariman Winarsih;07536;rahmat85@hotmail.com
4000;Fathonah Situmorang, S.E.;28569;lasmono71@ud.net.id
4001;Puspa Nugroho;63029;harto68@hotmail.com
4002;KH. Argono Farida;96654;jsihombing@pt.edu
4003;Lintang Prasetya;17362;kenariastuti@hotmail.com
4004;Digdaya Suryono;46601;frajasa@hotmail.com
4005;Makuta Laksmiwati;79352;gada49@pd.my.id
4006;R.M. Bahuwarna Marpaung, S.E.I;91476;sudiatiratih@gmail.com
4007;R.M. Damu Siregar;87159;nurul66@gmail.com
4008;Wage Kuswoyo;51681;nnainggolan@cv.edu
4009;Umar Firgantoro;88636;dongoranuda@pd.org
4010;Makara Setiawan;88617;hasanahtri@gmail.com
4011;Ridwan Najmudin, S.E.I;18885;rrahimah@gmail.com
4012;R.M. Argono Waskita, S.Psi;00409;rahmisudiati@cv.net
4013;Tomi Yulianti, S.Psi;44799;ratnasihotang@pd.net.id
4014;Drs. Najwa Padmasari;80268;tarihoranbalamantri@yahoo.com
4015;Prabawa Prasasta;64715;setiawanprasetyo@ud.com
4016;Dt. Gadang Situmorang;88809;zmelani@gmail.com
4017;Puti Zaenab Wastuti, S.Pd;79418;tiara55@yahoo.com
4018;Maman Maheswara;21836;tugimanadriansyah@hotmail.com
4019;Garda Wibisono;94298;rafisimanjuntak@hotmail.com
4020;Natalia Putra;34822;owastuti@pd.ac.id
4021;Dt. Jamil Firmansyah, S.I.Kom;84709;manullangsakti@gmail.com
4022;R. Capa Halim;92686;diana72@yahoo.com
4023;Ir. Joko Suartini;61459;umayairawan@perum.sch.id
4024;Amelia Narpati;35540;dalima14@perum.or.id
4025;Taufan Astuti;51899;usaptono@pd.ponpes.id
4026;Hj. Tira Mayasari, M.TI.;61362;pudjiastuticager@hotmail.com
4027;Tami Saputra;48334;candrakantauyainah@pd.mil
4028;Sakti Waskita, M.Pd;87290;nilamwaluyo@yahoo.com
4029;Bala Siregar;60674;sudiatigangsa@perum.int
4030;Tgk. Ajeng Usamah;35953;olgahariyah@gmail.com
4031;Radit Zulaika;56177;emanramadan@yahoo.com
4032;R.M. Irsad Hidayanto, S.I.Kom;64680;bambanganggriawan@hotmail.com
4033;Hendri Habibi;50843;nadineprasasta@hotmail.com
4034;Dr. Cinthia Nasyidah;62616;kala04@yahoo.com
4035;Vanya Prasetyo;84085;halima75@hotmail.com
4036;Puti Dina Gunarto;02602;cahyantopradana@cv.gov
4037;Drs. Vanya Narpati, S.E.;27980;jelitapradipta@gmail.com
4038;Paulin Aryani;33910;ekawahyudin@gmail.com
4039;Lembah Maryati;85686;kuncarabudiyanto@gmail.com
4040;Panca Usamah;38664;asmianto87@pd.mil.id
4041;Ikin Pratiwi;94710;sabrinamaheswara@yahoo.com
4042;Hana Winarsih;07363;rizki63@pd.net
4043;Oskar Handayani, M.M.;47501;vero08@yahoo.com
4044;Drs. Cornelia Hutagalung;26969;faridapurwanto@perum.biz.id
4045;Humaira Tamba;50914;artawanhidayat@pt.web.id
4046;Fathonah Waluyo;23406;nasyiahgatra@cv.biz.id
4047;Embuh Novitasari;89671;wiraprakasa@hotmail.com
4048;Jabal Gunarto;28945;kayla13@pt.mil
4049;Nalar Ramadan, S.Sos;71299;dkusumo@ud.gov
4050;Ciaobella Ardianto;02429;artawan13@cv.web.id
4051;Galur Jailani;75413;heruwinarno@cv.int
4052;Unggul Wacana, S.Gz;26033;bakda10@yahoo.com
4053;Utama Pratama;51508;jane95@ud.web.id
4054;Anita Saputra;34267;marsudi60@cv.ponpes.id
4055;Nugraha Sitorus, S.H.;98885;kusmawatiwarta@ud.desa.id
4056;Lasmanto Rahayu, M.M.;39162;heryantomaryati@perum.net.id
4057;Mulya Maheswara;65788;nurul06@gmail.com
4058;drg. Ana Sitorus, S.Ked;34311;prayogo71@ud.org
4059;Zaenab Purnawati;80495;lulutputra@hotmail.com
4060;Uchita Pradana;05112;sihombingkeisha@gmail.com
4061;Alika Anggraini;12900;dnasyiah@ud.go.id
4062;Gatra Simbolon;88587;safitrieva@yahoo.com
4063;drg. Nurul Hassanah;70388;mandalagandi@pd.sch.id
4064;dr. Prayitna Hidayat;01018;rahmi14@pd.net
4065;Najwa Wacana, M.Farm;34053;hwastuti@ud.net.id
4066;R.M. Kawaca Prastuti;91212;ibun65@cv.web.id
4067;Genta Yuliarti;29014;ywahyuni@yahoo.com
4068;R.M. Ilyas Handayani, S.Kom;72192;umaya14@pt.sch.id
4069;Dipa Mardhiyah;57178;waskitawidya@pt.my.id
4070;Koko Wibowo, M.Pd;22509;salwa10@pt.com
4071;Wulan Kuswandari;31514;aurorapradana@yahoo.com
4072;KH. Bancar Halimah, S.Farm;43441;pertiwibahuraksa@hotmail.com
4073;Radika Hutagalung;05237;gadang53@yahoo.com
4074;Siti Lestari;36610;agus78@pt.id
4075;Okta Wulandari;90347;jfujiati@pd.edu
4076;Salimah Tampubolon;21591;kmulyani@yahoo.com
4077;Jaiman Najmudin;73588;lembah94@ud.int
4078;Cut Hamima Safitri, M.Farm;97438;qsuartini@gmail.com
4079;Ir. Rika Mahendra;75570;sitijailani@gmail.com
4080;Drs. Mursita Prakasa, S.Pt;13966;ozywinarsih@hotmail.com
4081;Danuja Saefullah;95941;mandalairsad@gmail.com
4082;Bakijan Suryatmi;53353;mariamelani@gmail.com
4083;Agnes Mandala;84788;putu40@pt.org
4084;Ulva Haryanti;87729;lutfanhariyah@pd.net
4085;Anggabaya Permadi;61212;bahuwarna38@pd.mil
4086;Hafshah Waskita;39348;prayogalaksana@perum.int
4087;Cornelia Hariyah, M.M.;24351;siska94@pt.biz.id
4088;Prabawa Prakasa, S.Gz;89135;sinagadewi@yahoo.com
4089;Ir. Harjaya Rahayu;22485;makara05@yahoo.com
4090;Lalita Nababan;34007;karimahhardiansyah@ud.mil.id
4091;Rahmi Wastuti;09298;lanjarhasanah@gmail.com
4092;Ir. Cecep Hastuti;36772;sabrina50@yahoo.com
4093;Eli Nurdiyanti;47026;edi81@pd.mil
4094;R.M. Luwar Kusumo;15072;mulyanikajen@cv.com
4095;R.M. Lembah Rajasa;02363;mustofafirmansyah@perum.web.id
4096;dr. Naradi Zulaika;15214;fitria90@ud.ponpes.id
4097;Lili Simbolon;85098;bagya71@gmail.com
4098;Ciaobella Wasita, S.Gz;83804;rutama@pt.desa.id
4099;Warta Wulandari;64713;fyulianti@pd.ponpes.id
4100;Jaya Najmudin;61581;laksitakamila@pt.web.id
4101;Kartika Purwanti;82206;waluyomitra@pd.mil.id
4102;Galang Sihombing;44045;zaenab51@hotmail.com
4103;Makara Yuniar, M.Farm;55049;ewaluyo@pt.id
4104;Sakura Zulkarnain;77618;banawakuswandari@yahoo.com
4105;Hj. Anita Maryati, S.Pt;82764;jayahassanah@yahoo.com
4106;Rahmi Permadi;64823;tugimananggraini@pt.mil.id
4107;Ilsa Mulyani;06448;kusumawasita@hotmail.com
4108;Hj. Cici Wahyuni;01830;hidayantosetya@perum.mil.id
4109;Ir. Shania Siregar;42082;mrahayu@perum.net
4110;Keisha Kuswandari;64797;gadangrahayu@perum.sch.id
4111;dr. Xanana Widodo, S.Sos;67477;wage35@gmail.com
4112;Latika Simbolon;14085;nlaksmiwati@cv.biz.id
4113;Kalim Budiman, S.Ked;78952;jessicanasyidah@cv.com
4114;Galiono Adriansyah;99613;harsanasirait@perum.id
4115;Drs. Amalia Aryani, S.Kom;55676;syahrini05@gmail.com
4116;Puti Kani Uyainah;40361;putrasatya@gmail.com
4117;Devi Kurniawan;67403;emarpaung@yahoo.com
4118;Kani Rahayu, M.Farm;57759;iputra@pd.int
4119;Bakijan Hidayanto;57342;liman11@yahoo.com
4120;Dt. Warji Simbolon;44218;ffirmansyah@cv.net
4121;R.A. Juli Wijaya, S.Sos;22335;fsuwarno@gmail.com
4122;Mutia Oktaviani;57724;cagersamosir@ud.mil
4123;Gantar Maryati;40481;lukman09@yahoo.com
4124;Sari Agustina, M.TI.;41592;perkasawibowo@gmail.com
4125;Lasmono Wulandari;89292;marbunpranata@ud.co.id
4126;Purwadi Hutagalung, S.Psi;24412;candrakanta26@cv.mil.id
4127;Calista Marpaung;06640;luwes65@pt.co.id
4128;Rina Budiman, M.Ak;78955;rendy43@ud.desa.id
4129;Laila Kuswandari, M.Ak;08276;oktavianichandra@gmail.com
4130;Darimin Nurdiyanti;85807;ardiantodigdaya@yahoo.com
4131;Carla Maheswara;57335;jharyanti@yahoo.com
4132;Yusuf Najmudin;28590;pratamayulia@pd.ponpes.id
4133;Putri Riyanti;42168;okta57@pt.net.id
4134;Uchita Saefullah;44327;ganda56@pt.go.id
4135;Clara Mandala;88955;betania68@ud.id
4136;Titin Oktaviani, M.Kom.;61414;pudjiastutiyessi@yahoo.com
4137;Drs. Hafshah Sinaga, S.Pd;45815;wnuraini@gmail.com
4138;Amelia Handayani, S.Kom;32577;hutapeakarna@pd.net.id
4139;Maria Purwanti;16771;cinthiafirgantoro@gmail.com
4140;Lasmono Padmasari;56414;irwanmaheswara@perum.mil.id
4141;Jaya Prasasta, S.Kom;22648;hidayatcinthia@hotmail.com
4142;Nugraha Gunawan;44822;olgahutapea@pt.mil.id
4143;drg. Rahmi Mangunsong, S.Sos;70784;oyolanda@ud.net.id
4144;Eluh Prastuti;27946;budi30@pt.sch.id
4145;Jaiman Hidayanto;58812;umi10@yahoo.com
4146;Janet Halimah;95416;irnantosalahudin@pt.co.id
4147;Koko Kusumo;18931;csaefullah@cv.web.id
4148;Argono Firgantoro, M.Farm;29188;yono15@hotmail.com
4149;Eva Gunawan;67843;galar34@ud.net.id
4150;Paris Santoso;19387;gbudiman@gmail.com
4151;Genta Nuraini;37676;qagustina@pd.mil
4152;Rina Wulandari;59639;candra87@perum.biz.id
4153;Umi Firmansyah;00282;ganepharyanti@cv.gov
4154;Aisyah Safitri;72088;nadinehidayat@pd.biz.id
4155;Titi Puspita, S.Ked;94030;heru62@pt.my.id
4156;Reksa Pratiwi;97701;wsimanjuntak@yahoo.com
4157;Irfan Mandala;74000;santosoyosef@yahoo.com
4158;Asmuni Budiyanto;22405;fmardhiyah@perum.mil
4159;Sutan Jais Dongoran;69652;gtarihoran@pt.biz.id
4160;Pranata Zulaika;55794;irapuspita@pt.biz.id
4161;Utama Marpaung;26143;aanggriawan@gmail.com
4162;Ella Megantara;47272;karmanwijayanti@perum.com
4163;Niyaga Ardianto;09694;natsircager@pt.id
4164;dr. Usman Mandasari;43619;ganjaran73@ud.id
4165;R.M. Margana Irawan;97608;jsimbolon@perum.go.id
4166;Teguh Saputra;81159;daniswara57@ud.go.id
4167;Citra Uyainah;33716;legamulyani@perum.com
4168;Ozy Simbolon;98836;rinautami@yahoo.com
4169;drg. Safina Mardhiyah, S.Pt;93278;drajatadriansyah@perum.net
4170;Malika Waskita, S.Ked;61916;maulanareza@pd.or.id
4171;Anita Nababan, S.IP;64724;sakalazuardi@hotmail.com
4172;H. Cakrawangsa Adriansyah;08456;klatupono@cv.org
4173;Tina Astuti;49987;bakiman51@hotmail.com
4174;Tgk. Ajeng Kuswandari, S.IP;85062;anom46@perum.my.id
4175;H. Lasmanto Mangunsong;83142;lazuardigalar@hotmail.com
4176;Cawisadi Mulyani;81101;laksitarika@hotmail.com
4177;Puti Gilda Hidayanto;88980;wawan92@cv.mil.id
4178;Darmaji Kuswandari;48056;fmarbun@perum.co.id
4179;Indra Waskita;25802;owijayanti@ud.org
4180;Nyoman Usamah;20932;latika62@ud.gov
4181;Wani Hutagalung;26141;raihanpuspita@perum.com
4182;R.M. Kenari Rajasa, M.M.;74183;olga54@yahoo.com
4183;Mulyanto Setiawan;79570;uyainahdipa@gmail.com
4184;Dr. Jelita Sirait;86137;endrapranowo@yahoo.com
4185;Kairav Hartati;14338;elimahendra@yahoo.com
4186;Hafshah Suryatmi;54863;vrajasa@yahoo.com
4187;Eka Kurniawan, S.Pd;69905;radika44@gmail.com
4188;dr. Okta Uwais;48784;ellafirmansyah@hotmail.com
4189;Najwa Sudiati;07987;jinawiyuliarti@pt.mil.id
4190;Jasmani Sitompul;00269;irsad54@yahoo.com
4191;Hesti Hassanah;60281;wasitacornelia@ud.int
4192;Vera Tarihoran;90258;zjanuar@yahoo.com
4193;Ikin Damanik;73553;ridwanputra@pt.net
4194;Drs. Mursita Hastuti;97074;banawi48@pd.com
4195;Harto Wahyuni;85606;saefullahmulyanto@hotmail.com
4196;Bancar Nasyidah;77564;kusumoeman@gmail.com
4197;Dadi Nuraini;89419;bahuraksa69@ud.ac.id
4198;Ratna Situmorang, S.Psi;61412;ymulyani@cv.com
4199;Erik Lestari;62696;mulyanitimbul@gmail.com
4200;Lalita Prayoga, S.H.;67899;nrajata@gmail.com
4201;Hj. Sabrina Adriansyah;20826;mamanlestari@pt.net
4202;Darman Andriani;34200;salahudinjaswadi@pd.mil.id
4203;Tgk. Gina Zulaika;57375;mariadi91@pd.my.id
4204;Akarsana Nainggolan, S.IP;05506;galih46@perum.ponpes.id
4205;Michelle Puspita;46723;fmandala@pt.web.id
4206;R. Farah Zulkarnain, S.Pt;29184;widodoedward@hotmail.com
4207;Eva Suartini;17754;amarpaung@pd.co.id
4208;R. Ibrahim Napitupulu, S.Pt;62232;asmiantomulyani@pt.int
4209;Ilyas Nasyiah;28035;utamasari@gmail.com
4210;Ir. Galar Astuti, M.TI.;09590;lpertiwi@gmail.com
4211;Amelia Fujiati;46443;saputraeko@perum.web.id
4212;Jayadi Mayasari;21338;bella56@ud.net.id
4213;Kasiran Purnawati;19535;mayasarivinsen@hotmail.com
4214;dr. Irwan Purnawati;87932;donowinarsih@yahoo.com
4215;Kawaya Lailasari;35425;ksuryatmi@yahoo.com
4216;Luluh Haryanti;28603;astutiviolet@ud.net.id
4217;Cut Paulin Habibi;79509;rahmanlazuardi@yahoo.com
4218;Tirtayasa Suwarno;19365;gkuswandari@cv.go.id
4219;Mursita Setiawan;23664;laila59@gmail.com
4220;Cahyono Halimah;02083;siraitjarwadi@yahoo.com
4221;Arsipatra Manullang, S.E.;31669;qthamrin@pd.edu
4222;Mursinin Aryani;67809;kuswoyoyoga@yahoo.com
4223;Zalindra Manullang;67130;wacanacengkir@yahoo.com
4224;Raditya Nugroho;32233;dmayasari@ud.net.id
4225;T. Arta Waskita, S.Ked;56070;bagiya51@perum.sch.id
4226;Eli Firmansyah, S.T.;28654;qsudiati@gmail.com
4227;Drs. Eko Nuraini, M.TI.;79758;samsul90@cv.gov
4228;Candra Anggriawan;49218;lasmonokusumo@yahoo.com
4229;Pandu Rahayu, S.H.;30871;vero97@hotmail.com
4230;Eja Nababan;57782;sfujiati@pt.ac.id
4231;Kamaria Tampubolon;69422;yonobudiyanto@gmail.com
4232;Paiman Padmasari;89696;violetaryani@cv.co.id
4233;Latika Januar;33221;vrajasa@yahoo.com
4234;Indra Kusumo;46419;warji64@ud.id
4235;dr. Rosman Uyainah, S.IP;77893;kusmawatijail@cv.ac.id
4236;Saiful Hardiansyah, M.TI.;03275;hutasoitgamanto@gmail.com
4237;Raden Pradana;56052;saadattamba@ud.sch.id
4238;Belinda Maryadi;96162;mdabukke@hotmail.com
4239;Ivan Budiman;08879;saputramitra@yahoo.com
4240;Warsita Simbolon;83215;ekaprasasta@gmail.com
4241;Drs. Marwata Suartini;07323;kamal18@gmail.com
4242;Sutan Nasim Prakasa, S.Psi;73609;kuswoyoamelia@cv.org
4243;Tgk. Okto Novitasari;69097;puspasariumaya@pt.org
4244;Ina Prakasa, S.E.;93802;zsantoso@ud.sch.id
4245;Dagel Sihotang;30061;hutagalungbagiya@cv.ponpes.id
4246;Paiman Pratama;64476;pusamah@gmail.com
4247;Purwa Sitompul;42152;hardiansyahvanya@pd.int
4248;Mursita Hidayat;33955;tampubolonjanet@gmail.com
4249;Kurnia Prastuti;53144;ghaliyatiwidiastuti@pd.com
4250;R.M. Wardaya Namaga, S.Psi;61231;dnugroho@gmail.com
4251;Paulin Puspita;54279;vanesakuswandari@gmail.com
4252;Ifa Rahayu;04566;lantarthamrin@yahoo.com
4253;Prayogo Novitasari;27774;harsanto59@cv.biz.id
4254;H. Bagiya Sitompul;80430;hardiansyahirwan@perum.ponpes.id
4255;dr. Nugraha Aryani;96220;vpurnawati@ud.my.id
4256;R.A. Pia Andriani;16527;ukusmawati@yahoo.com
4257;Kamila Wijayanti;66808;lsitorus@gmail.com
4258;Tira Pratiwi;28204;saadat46@pt.web.id
4259;Tantri Prasetyo;57350;pradanatirtayasa@gmail.com
4260;Pangeran Situmorang, S.E.I;91713;nhastuti@gmail.com
4261;Ir. Atma Pudjiastuti, M.Kom.;16342;timbul63@cv.net.id
4262;Carub Usada;07042;waskitaalika@pt.net.id
4263;dr. Rahmi Wijaya, S.E.;43720;dagelusamah@hotmail.com
4264;Lukman Agustina;17475;ghaliyati33@gmail.com
4265;drg. Manah Hidayanto;79634;andrianiulya@pd.desa.id
4266;Bahuwirya Suryono;26027;nrima08@hotmail.com
4267;Tira Andriani, S.Gz;85691;namagajarwa@gmail.com
4268;drg. Mujur Safitri;87164;cindynugroho@gmail.com
4269;Salsabila Nugroho;98551;galang95@hotmail.com
4270;Drs. Irma Anggriawan, S.Psi;93343;cakrajiya72@cv.web.id
4271;Kania Saptono;59426;owijaya@ud.go.id
4272;Hamima Kusmawati;41047;zelaya89@perum.web.id
4273;Tgk. Kasusra Tarihoran;18816;saadat62@perum.net
4274;Puji Prayoga, S.H.;66408;ichapertiwi@cv.com
4275;T. Jinawi Palastri, S.Gz;06110;pratiwiuchita@pt.ponpes.id
4276;Nugraha Widiastuti;32840;mpermata@pt.edu
4277;Dr. Puji Jailani, S.Psi;26762;prasetyo88@gmail.com
4278;Paulin Yuliarti;74146;rardianto@hotmail.com
4279;Ir. Kamila Pradipta, S.Pd;18851;dirja98@ud.web.id
4280;Murti Yuniar;80470;januarjaswadi@gmail.com
4281;Danu Mulyani;91110;cinta54@yahoo.com
4282;Patricia Hassanah, S.Ked;60654;kusumoasirwanda@gmail.com
4283;Jessica Hastuti;15766;gangsar17@yahoo.com
4284;Hamzah Haryanti;85724;amelia20@ud.mil
4285;Najam Megantara;02438;tiaramahendra@hotmail.com
4286;Dr. Kamaria Ramadan, S.E.;11936;hutasoitmahesa@hotmail.com
4287;Rini Zulkarnain, S.Pt;63982;himawan32@gmail.com
4288;Dono Wacana;88329;atmajamanullang@perum.com
4289;Kuncara Rajasa;88582;suwarnocakrabuana@perum.web.id
4290;H. Yono Wacana;33693;gantarnarpati@cv.mil
4291;Dr. Syahrini Mahendra, S.Pd;94382;suryatmiwirda@cv.co.id
4292;R.M. Indra Dongoran;45609;sari09@hotmail.com
4293;Amelia Januar;68387;kusumorahmi@pt.id
4294;Tania Budiyanto;27827;vnasyidah@gmail.com
4295;Ilsa Sitorus;96992;ikhsanpurwanti@pd.biz.id
4296;Safina Rahmawati;72240;pmangunsong@cv.web.id
4297;R.A. Keisha Laksmiwati, S.I.Kom;79891;jatmikobudiyanto@yahoo.com
4298;Natalia Santoso, M.TI.;47398;luluhkuswandari@ud.or.id
4299;drg. Gatot Situmorang, M.M.;21047;hartosuryatmi@hotmail.com
4300;Lega Hidayat;99431;kamidinlestari@ud.gov
4301;Ratna Maryadi;20155;isitompul@ud.gov
4302;drg. Unjani Novitasari;29340;obudiman@perum.ponpes.id
4303;Harto Mahendra, S.Pd;16113;anarpati@yahoo.com
4304;Jail Melani;68924;bpalastri@hotmail.com
4305;Warsa Saragih;08057;sitompulkanda@gmail.com
4306;Dinda Melani;28673;maras05@pt.biz.id
4307;Gantar Ardianto;75838;galihtarihoran@perum.mil.id
4308;Aswani Latupono, S.IP;95861;titingunawan@hotmail.com
4309;Nardi Sinaga;01475;mahdi58@hotmail.com
4310;Lintang Purwanti;93547;csaragih@yahoo.com
4311;Oliva Prakasa;58230;rwinarsih@cv.my.id
4312;Karen Dongoran, M.Ak;99107;wahyudinalambana@ud.web.id
4313;Betania Utami;97719;smansur@hotmail.com
4314;Manah Uyainah;32679;nurulsaragih@cv.edu
4315;Harjasa Namaga;45656;ira54@gmail.com
4316;Cakrawangsa Maheswara;95204;rpurnawati@gmail.com
4317;Bagya Yuniar;47663;cemanipadmasari@pd.co.id
4318;Bakiono Novitasari;23446;mulyanto62@yahoo.com
4319;Rusman Halimah;02386;gantarnuraini@hotmail.com
4320;drg. Elma Prayoga;54868;perkasa53@pd.net.id
4321;Anita Gunawan;43353;prasetyo18@perum.ponpes.id
4322;Dt. Bakiman Safitri, S.Gz;28014;kenarilatupono@perum.org
4323;Wira Padmasari;66609;garang32@yahoo.com
4324;Usyi Suryatmi, M.Ak;44264;saptononovi@hotmail.com
4325;Hasna Pratiwi, M.M.;36665;muhammadmandasari@hotmail.com
4326;R. Hafshah Habibi;56804;paramita46@perum.edu
4327;Zelaya Sinaga;26040;jarwa74@cv.ponpes.id
4328;Zelda Hardiansyah;20741;gtarihoran@hotmail.com
4329;Cahyanto Waskita, S.E.;15229;panduhandayani@yahoo.com
4330;dr. Irma Prabowo;82405;gangsarpuspita@gmail.com
4331;Dt. Kariman Rahimah, M.TI.;80873;qwahyudin@gmail.com
4332;Bella Damanik;22861;cecepwijayanti@hotmail.com
4333;Tari Hutagalung;12906;qwinarno@cv.ponpes.id
4334;R.M. Gaiman Simanjuntak;64364;tzulaika@pd.go.id
4335;Raina Rahimah;07908;irwan03@yahoo.com
4336;T. Drajat Puspita, M.M.;90135;opranowo@yahoo.com
4337;Febi Tampubolon;32427;dongoranhardana@yahoo.com
4338;Cut Oliva Natsir;95467;galangnasyidah@cv.or.id
4339;T. Prabowo Sitorus, S.Pt;99620;gada67@hotmail.com
4340;Elvina Rahmawati;24612;darmana33@hotmail.com
4341;Tantri Wibisono;27903;yuliartiperkasa@perum.sch.id
4342;Cut Hana Lazuardi, S.T.;25536;umilailasari@cv.go.id
4343;Hj. Kezia Budiyanto;78317;dewiprakasa@pt.biz.id
4344;Mila Prasasta;34318;permataemin@gmail.com
4345;Puti Haryanto;60232;pradanaharimurti@ud.web.id
4346;Janet Simanjuntak;57759;sfarida@gmail.com
4347;Harto Mangunsong, S.E.;75914;haryantivera@yahoo.com
4348;R.M. Caraka Wahyuni, S.Pd;92800;cahyohidayat@gmail.com
4349;Digdaya Latupono;74474;msaefullah@gmail.com
4350;Rahmat Kuswoyo;21152;diah30@hotmail.com
4351;Zulfa Irawan, M.M.;17650;cici58@yahoo.com
4352;Darijan Hidayat;86124;sudiatirestu@yahoo.com
4353;Dr. Mutia Siregar;39043;nsiregar@yahoo.com
4354;Makara Siregar, M.TI.;47923;fwibowo@pt.id
4355;Darmanto Suartini;86727;wahyudinemil@pt.int
4356;Upik Gunarto;09128;lbudiman@cv.mil.id
4357;T. Sidiq Prabowo, S.E.I;74566;jarwa55@pt.desa.id
4358;Vicky Irawan;90497;mnasyiah@cv.sch.id
4359;T. Vino Purwanti, M.Farm;42950;vbudiyanto@pt.biz.id
4360;Rika Novitasari;21100;haryantiomar@hotmail.com
4361;R. Cahyo Winarno, M.Kom.;96138;hariyahrangga@hotmail.com
4362;Zamira Aryani;83604;aprasasta@gmail.com
4363;Rahman Yuniar;45860;hkuswandari@yahoo.com
4364;Aslijan Simbolon;53726;baktiono46@perum.go.id
4365;Virman Pangestu;40217;shakila81@pd.web.id
4366;Winda Utama, S.H.;49484;dabukkemarsudi@pd.co.id
4367;Oman Astuti;59827;ani66@hotmail.com
4368;Hamima Yulianti, M.Ak;78426;suartiniaditya@pt.biz.id
4369;Galiono Widodo;08710;ohartati@gmail.com
4370;Jasmin Gunawan;22981;gunartomumpuni@gmail.com
4371;Jarwadi Winarno;64937;iswahyudimanah@pt.edu
4372;Drs. Labuh Firmansyah;00875;kasusra34@yahoo.com
4373;Nadine Waskita;06801;nadinenashiruddin@pt.sch.id
4374;Drs. Kartika Waskita;68794;luluh52@hotmail.com
4375;Maida Melani;45889;nfarida@hotmail.com
4376;Hesti Mardhiyah;85929;permadikasim@pt.co.id
4377;Bahuwarna Farida;67824;jumarisantoso@hotmail.com
4378;KH. Legawa Puspita;92334;fmaryati@ud.gov
4379;Vanya Puspasari, S.Pt;44020;thamrinhasan@pt.ac.id
4380;Jinawi Pratama;33075;yulianahartati@pt.my.id
4381;Lutfan Natsir, S.IP;00899;yhutagalung@ud.my.id
4382;Diana Wahyuni;16457;vnuraini@gmail.com
4383;dr. Ajiono Irawan;80246;enugroho@cv.net.id
4384;Asmianto Agustina;79271;winarnoopan@hotmail.com
4385;Ilsa Mandasari;42789;gmangunsong@hotmail.com
4386;Ifa Hartati;85874;kuswandarikania@hotmail.com
4387;Warsa Halimah;22483;bahuwirya22@hotmail.com
4388;R. Eko Prastuti;41272;cahyasiregar@ud.ac.id
4389;Amalia Sudiati;34239;usmanlestari@hotmail.com
4390;Eluh Sitompul;17352;raisahakim@perum.edu
4391;Hamima Simanjuntak;25580;firgantorocarub@pt.edu
4392;Kacung Santoso, S.Pt;03285;jefri98@ud.ac.id
4393;Zelaya Mahendra, S.IP;38935;zaenabpermata@cv.gov
4394;Melinda Wasita, S.H.;05639;lailasaridiana@cv.my.id
4395;Tgk. Cahyono Agustina;81160;pradiptajarwi@yahoo.com
4396;Cakrawala Hartati;63329;gina51@cv.my.id
4397;Qori Utama;22074;agustinawasis@gmail.com
4398;Jaiman Wibisono, S.Kom;04134;opuspasari@perum.ac.id
4399;T. Anggabaya Padmasari, S.Farm;59575;dongoranemin@ud.ac.id
4400;Mala Napitupulu;67105;pwacana@cv.ponpes.id
4401;Pia Pudjiastuti, M.Ak;83400;limar58@gmail.com
4402;Puti Widya Farida;50249;ikhsan64@cv.ac.id
4403;Bahuwirya Pranowo;96201;yuniardinda@pd.ponpes.id
4404;Hadi Usamah;84059;asirwandasimbolon@yahoo.com
4405;Maman Suryono;35943;pudjiastutilaras@gmail.com
4406;Uchita Yolanda;99576;wprayoga@hotmail.com
4407;Hj. Bella Januar, M.Farm;17732;padmiwijayanti@cv.mil
4408;Ellis Samosir;11298;balijan33@pt.biz.id
4409;Elma Purnawati;59320;jarwiwinarno@pd.mil.id
4410;Puput Prasasta;60567;kwacana@cv.co.id
4411;Pia Mulyani;86047;imelani@perum.int
4412;Nadine Wacana, S.Psi;56729;adhiarjatarihoran@gmail.com
4413;Ir. Nrima Utama;46440;mwahyuni@gmail.com
4414;Febi Waluyo;90337;elonlaksmiwati@hotmail.com
4415;Dr. Kani Pratiwi, S.IP;92274;wibisonobanara@perum.desa.id
4416;R.A. Elma Widiastuti;18172;wardayanashiruddin@perum.mil
4417;Oni Astuti, S.E.;86306;anggabayalatupono@hotmail.com
4418;Halima Permadi, S.E.I;98745;vega02@gmail.com
4419;Padma Sinaga;03915;rlaksmiwati@ud.ponpes.id
4420;Jasmin Prayoga;44454;prabowohartaka@hotmail.com
4421;Mala Putra;54548;adinata62@hotmail.com
4422;Vera Hardiansyah, M.M.;65896;rudi72@hotmail.com
4423;R.A. Amalia Setiawan, S.Kom;73691;iswahyudiibrani@pt.sch.id
4424;drg. Atmaja Pudjiastuti, S.Farm;00620;teddy85@pd.or.id
4425;Umi Samosir;64886;hardiansyahrudi@yahoo.com
4426;Widya Anggraini;67011;xyulianti@pt.web.id
4427;Calista Puspita;91770;dimas22@yahoo.com
4428;Martani Manullang;05605;bagiyapurwanti@cv.sch.id
4429;Daliman Sitompul, M.TI.;88130;sabrina94@ud.go.id
4430;R.M. Simon Thamrin, M.M.;96660;ayu55@gmail.com
4431;Gasti Prabowo;58419;garang09@yahoo.com
4432;drg. Caraka Pradana, M.Pd;99766;fyuliarti@gmail.com
4433;Ikhsan Farida;02264;bagus61@hotmail.com
4434;Darijan Rajata;18756;laksitabakti@pt.id
4435;Rahayu Prasetyo;60161;bnasyiah@cv.mil
4436;Drs. Zelaya Hasanah;31183;tsamosir@cv.net.id
4437;Ulva Namaga;55086;bakda47@cv.desa.id
4438;Vicky Anggraini;99800;jasmin75@yahoo.com
4439;Sutan Dacin Samosir;42462;tharyanto@perum.or.id
4440;Cici Adriansyah;23863;zusada@yahoo.com
4441;Lembah Sudiati;44714;edisonyuliarti@perum.web.id
4442;Kasiyah Mardhiyah;98126;keisha94@yahoo.com
4443;Ajeng Rajata;25885;uprabowo@ud.net.id
4444;Ibun Maryadi;94145;awinarno@pd.edu
4445;Rachel Salahudin;14237;prasastanova@hotmail.com
4446;Galar Maulana;90943;wacanahamima@pt.net
4447;Tgk. Kamal Hastuti;29760;mayasaridimas@yahoo.com
4448;Panca Megantara, M.Farm;83889;garang69@gmail.com
4449;Margana Manullang;78730;kambali84@hotmail.com
4450;dr. Malika Januar, M.Ak;63507;mardhiyahendra@gmail.com
4451;Kasiyah Mansur, S.Sos;06146;cemani82@yahoo.com
4452;drg. Laras Budiman;88857;pmarpaung@pt.mil.id
4453;Tgk. Lili Prabowo, S.T.;04489;lprasetyo@ud.edu
4454;Mursinin Lazuardi;72074;pudjiastutiwirda@hotmail.com
4455;Tgk. Bakiadi Novitasari, M.Pd;68298;abyasa19@pd.mil
4456;Ilyas Haryanti, S.E.;13807;spratama@hotmail.com
4457;KH. Gadang Maryadi, M.M.;62001;esimanjuntak@perum.sch.id
4458;Argono Hassanah;25904;yosefandriani@gmail.com
4459;Caket Palastri;28124;bmelani@hotmail.com
4460;Ibun Maulana;45427;diah43@cv.net
4461;dr. Prasetya Natsir;33340;cakrabirawawaskita@hotmail.com
4462;drg. Jelita Rahmawati, S.IP;93451;kasiyahardianto@cv.biz.id
4463;Rahmat Najmudin;87763;asmadihakim@ud.my.id
4464;R. Argono Thamrin;30277;pranawawibisono@yahoo.com
4465;Hartaka Uyainah;32669;ciaobella57@perum.my.id
4466;H. Simon Lailasari, S.Kom;98636;hasanaheva@gmail.com
4467;dr. Gamani Marbun;73254;tasdikmarpaung@pd.ponpes.id
4468;Makara Wahyudin, S.Psi;65722;sidiq41@gmail.com
4469;Cahyo Hartati;60208;cahyo48@yahoo.com
4470;Aisyah Wacana;23832;paiman81@yahoo.com
4471;Paris Riyanti, S.E.;28307;ppradana@ud.ponpes.id
4472;Tiara Astuti;97712;galur30@gmail.com
4473;Violet Padmasari;50109;utamaasmadi@yahoo.com
4474;Cawisadi Hastuti;06678;puspitahimawan@perum.int
4475;Fitriani Megantara;78990;wardilestari@pd.int
4476;Uda Mansur;96500;xhartati@cv.go.id
4477;Dodo Safitri;60598;budimanwardi@yahoo.com
4478;Maya Hidayat, S.I.Kom;32415;eyuniar@cv.mil
4479;Hj. Gilda Mandala, M.Ak;99704;qriyanti@pd.gov
4480;R.M. Aditya Hasanah;44193;cawuk61@gmail.com
4481;Danuja Saragih;87997;andrianinugraha@gmail.com
4482;Cemplunk Palastri;29235;hariyahdalimin@yahoo.com
4483;Vinsen Permata;05069;hutagalunggada@perum.int
4484;Ir. Fitriani Safitri, S.IP;46719;nasrullahhalim@cv.biz.id
4485;Rafid Handayani;99355;salman44@gmail.com
4486;Tgk. Iriana Wibowo;04028;wahyunifebi@gmail.com
4487;Mala Mardhiyah;33970;santososakti@gmail.com
4488;Usyi Hakim;22539;vanesa69@yahoo.com
4489;Cengkal Hardiansyah;72788;hkuswandari@gmail.com
4490;Hafshah Puspita, S.Pd;04616;nsihombing@cv.desa.id
4491;Jaka Hariyah;05015;mutami@ud.biz.id
4492;Dr. Irfan Hidayat, S.IP;52529;utamisalman@ud.desa.id
4493;Dr. Sabrina Utama;54925;nyanahandayani@yahoo.com
4494;dr. Tomi Suwarno, S.I.Kom;57640;jwulandari@gmail.com
4495;T. Jarwi Halim, M.M.;73232;galih99@hotmail.com
4496;Prabowo Hutasoit;03338;lestarigamanto@perum.mil.id
4497;Taufan Namaga;80885;anastasia38@pt.edu
4498;Mila Putra, S.Sos;51814;psitompul@hotmail.com
4499;Hj. Laras Winarsih;41132;limar87@gmail.com
4500;R. Raisa Riyanti;98187;rusmananggriawan@cv.org
4501;Ida Pudjiastuti;11056;wage23@yahoo.com
4502;Laswi Sihotang;03970;lukman22@gmail.com
4503;Dr. Ani Budiman;73138;fuwais@hotmail.com
4504;Gina Halimah;94171;rafid44@yahoo.com
4505;Drs. Prima Kusumo;80057;wramadan@ud.desa.id
4506;Cinta Suryatmi;73702;jamal55@hotmail.com
4507;Drs. Digdaya Yulianti, M.Kom.;18126;martanapuspasari@yahoo.com
4508;Lulut Hutapea;76379;elisahutagalung@pt.net.id
4509;Drs. Malika Zulkarnain;52658;zulkarnainjumari@gmail.com
4510;Aurora Dongoran, S.Farm;74270;padmasarijayeng@perum.com
4511;Puti Kania Uwais, M.Farm;86800;tnasyiah@gmail.com
4512;Mujur Wibowo, M.Ak;73734;marassuwarno@hotmail.com
4513;Erik Prayoga;08858;nilam97@perum.org
4514;Siska Hasanah;05198;muhammadhakim@yahoo.com
4515;Ir. Daru Tamba;45481;zalindra65@gmail.com
4516;Hadi Suartini;95366;adikalaksmiwati@yahoo.com
4517;Paulin Rahayu;71778;nnarpati@pd.net
4518;Bakda Utami;02746;ekarahimah@cv.my.id
4519;Drs. Salimah Samosir, S.Psi;94376;gardariyanti@pd.gov
4520;Ina Mansur, M.M.;68565;eusada@cv.biz.id
4521;Qori Marpaung;94251;nasyiahrizki@yahoo.com
4522;Elisa Padmasari;96418;lembahhutagalung@cv.or.id
4523;Garang Prasetya;08995;zwaskita@hotmail.com
4524;Abyasa Kuswoyo;28391;baktiadiwaluyo@perum.web.id
4525;Cut Mila Hasanah;76866;puspasariilyas@gmail.com
4526;drg. Hamzah Saragih;94536;emong56@ud.id
4527;Irma Hutagalung;81634;hutasoitbanawi@yahoo.com
4528;Adhiarja Permata;18465;oharyanto@yahoo.com
4529;R.A. Natalia Nugroho, M.Kom.;12878;damanikshakila@hotmail.com
4530;Gangsar Pratiwi, M.Farm;07688;zulfa95@pt.net
4531;Lanjar Marpaung;66067;maria39@ud.mil
4532;Tgk. Zelda Uwais;16689;usuwarno@cv.com
4533;Gawati Mansur;20928;erajata@ud.net
4534;Yuliana Siregar;55560;nurdiyantiaditya@hotmail.com
4535;Cahyadi Wahyuni;93968;pia21@gmail.com
4536;Ratih Rahayu;86140;prasetyokarja@yahoo.com
4537;Sutan Timbul Prabowo, M.M.;29027;vnatsir@perum.net.id
4538;Nabila Farida;16513;indah91@pd.mil.id
4539;Umi Wahyuni, S.Farm;82001;hari45@cv.mil.id
4540;Ella Iswahyudi;32516;paulinpuspita@cv.id
4541;Taswir Prasetya;93576;januarina@ud.int
4542;Dt. Respati Wibowo;46004;siraitkarya@pt.biz.id
4543;Karimah Wulandari;00618;jharyanto@hotmail.com
4544;Widya Zulaika;83178;harjasa25@yahoo.com
4545;Rachel Saragih;70757;zaenab33@gmail.com
4546;Hadi Rahayu, S.IP;49450;darman79@pd.or.id
4547;Widya Damanik;78782;sitompulganda@hotmail.com
4548;Kairav Astuti;58723;cintahutagalung@yahoo.com
4549;Tina Dabukke;12994;znajmudin@yahoo.com
4550;Tira Ardianto;89731;mamanriyanti@gmail.com
4551;T. Reza Safitri, S.Psi;57118;nabilathamrin@gmail.com
4552;Aisyah Adriansyah;64978;emarbun@gmail.com
4553;Tedi Dabukke;99129;pirawan@pt.go.id
4554;Gasti Rajata;70406;tasdik55@hotmail.com
4555;Murti Uwais;94827;adiarja99@gmail.com
4556;Paramita Purwanti;32463;heru53@yahoo.com
4557;Febi Wahyuni;43244;zulfa90@yahoo.com
4558;Sakura Wibowo;40299;rahmawatiyulia@hotmail.com
4559;Ganep Widodo;64978;gunartokajen@pd.com
4560;Drs. Jamalia Riyanti, S.I.Kom;96183;kpurnawati@perum.ponpes.id
4561;Hj. Ophelia Rahmawati;13691;marwata04@yahoo.com
4562;Citra Namaga;48956;dfujiati@gmail.com
4563;Drs. Ihsan Pranowo;39917;ratihsamosir@ud.biz.id
4564;Taswir Santoso;62747;hartatibahuwirya@cv.web.id
4565;Ganjaran Lestari;49455;qhutagalung@yahoo.com
4566;Dr. Natalia Anggriawan, S.Farm;65624;purnawatibalangga@pt.sch.id
4567;Asirwanda Usada, S.E.I;53653;adityasaefullah@hotmail.com
4568;dr. Yusuf Agustina;54716;mustofa15@yahoo.com
4569;Kambali Thamrin;61232;haryantivanesa@ud.org
4570;KH. Kambali Anggriawan;60362;gwaskita@yahoo.com
4571;Gamanto Mangunsong;24495;nhardiansyah@pd.web.id
4572;Puti Ana Fujiati, S.Pd;17330;setiawandarmanto@cv.org
4573;Yessi Yolanda, M.TI.;28196;situmorangcapa@hotmail.com
4574;Cici Prabowo;50039;gatraandriani@hotmail.com
4575;Ir. Saadat Rahimah;68706;kusuma53@cv.int
4576;Paris Zulaika;34051;hutasoitedi@hotmail.com
4577;Maria Suartini;55103;qnuraini@pd.net.id
4578;R. Ciaobella Palastri;38259;jamalsetiawan@pd.org
4579;Lantar Narpati;33703;widodonrima@ud.biz.id
4580;Ulva Mangunsong;58884;susantibakda@pd.mil
4581;Kenari Salahudin;64332;parishutapea@ud.ponpes.id
4582;Jarwi Puspita;87590;adriansyahpurwa@perum.ac.id
4583;Dt. Najib Puspasari;82210;jsuryatmi@gmail.com
4584;drg. Lalita Nashiruddin;32192;bancarwibowo@hotmail.com
4585;Rizki Mandasari;48546;lailasarijasmin@gmail.com
4586;Asmadi Pradana;45619;gawati00@yahoo.com
4587;Yance Budiman, S.Pd;99155;puspasarilaswi@ud.co.id
4588;Patricia Dabukke;90476;raihan78@hotmail.com
4589;Eman Simanjuntak, S.Psi;30827;yunifujiati@pt.sch.id
4590;Jayeng Nababan;01532;hidayantohimawan@yahoo.com
4591;Drs. Padma Budiyanto;64728;lanjarnuraini@cv.go.id
4592;Prayogo Rajasa;00057;eluh67@perum.com
4593;Amalia Hakim;47456;mulyanibanara@perum.ac.id
4594;Ciaobella Uyainah;35278;awinarno@gmail.com
4595;Cut Shania Yuniar;31183;abyasa57@pd.int
4596;Ir. Humaira Andriani;37438;whutapea@yahoo.com
4597;Vanesa Wijaya;92985;ibrahim47@hotmail.com
4598;Sutan Harimurti Zulaika;45144;ardiantofaizah@yahoo.com
4599;Jail Padmasari;91754;nasyiahcalista@ud.web.id
4600;Jamalia Ardianto;90893;pranowowira@ud.net
4601;Tania Yulianti, M.M.;35433;sitompulmurti@gmail.com
4602;Hj. Puspa Mardhiyah, M.M.;88486;shaniamangunsong@yahoo.com
4603;Karen Thamrin;59221;mwahyudin@ud.sch.id
4604;T. Balidin Rajasa;87600;fpermadi@cv.org
4605;Kezia Napitupulu;51137;kayunsusanti@pt.ponpes.id
4606;Sarah Purnawati;50215;dimazmelani@gmail.com
4607;Rudi Rahayu;03419;dacin97@hotmail.com
4608;Nurul Sihotang;94716;mnamaga@pt.co.id
4609;Simon Napitupulu;24053;fhutasoit@yahoo.com
4610;Martaka Fujiati, S.Kom;48643;marbuncengkir@gmail.com
4611;Galiono Saragih;52383;qkusmawati@cv.ac.id
4612;Ega Uwais;20384;hardana96@yahoo.com
4613;Pranawa Nababan;90111;wmandala@hotmail.com
4614;Rendy Yolanda;90966;susantiprayoga@pt.mil
4615;Janet Wacana;06322;padmasariibun@hotmail.com
4616;Dr. Gamani Pratiwi, S.Pt;63424;yuniprasasta@hotmail.com
4617;Kamaria Suartini, S.Pt;61283;pjailani@cv.my.id
4618;Nabila Natsir, S.H.;52526;hakimagus@yahoo.com
4619;Hj. Anita Hassanah, S.Farm;77461;limarfarida@perum.web.id
4620;Aditya Natsir;56360;qsitompul@perum.edu
4621;Gilda Rahmawati;51629;oman21@gmail.com
4622;Salsabila Adriansyah;59875;wijayantikarma@yahoo.com
4623;Siti Wahyuni;42079;mayamaheswara@pd.int
4624;Dr. Latif Pratiwi, M.Ak;59393;balapatipadmasari@perum.go.id
4625;Cayadi Januar;51719;mprakasa@cv.int
4626;Jefri Simanjuntak, S.Pt;58916;gatra04@cv.net
4627;Irma Pangestu;87148;radit97@gmail.com
4628;Vicky Yuliarti, S.IP;37776;mulyonowahyuni@cv.mil.id
4629;Ira Wasita, S.Gz;35848;ahassanah@yahoo.com
4630;Dr. Puput Gunawan, S.Farm;34173;candrakantapurwanti@yahoo.com
4631;Kasiran Agustina;18902;prayogowijayanti@pd.desa.id
4632;H. Ibrani Fujiati, S.Sos;15245;mujurardianto@yahoo.com
4633;Paris Yulianti, S.Pt;93630;adikarakuswoyo@perum.net
4634;Damar Usamah, M.Farm;32715;yuliana03@gmail.com
4635;Prayogo Adriansyah;93331;sarah20@cv.gov
4636;Elma Nugroho, S.Kom;39759;psaptono@gmail.com
4637;Ulya Irawan;11516;vsaragih@gmail.com
4638;Hasim Aryani;10065;rsusanti@hotmail.com
4639;Ade Laksita;33281;hlaksmiwati@cv.mil
4640;Digdaya Haryanto;41851;atmajafarida@hotmail.com
4641;Maida Lazuardi;43688;bsudiati@gmail.com
4642;Hj. Jane Widodo;06793;harjayanovitasari@hotmail.com
4643;Agnes Marbun;66053;anggrainileo@pd.org
4644;Dr. Dewi Maheswara, S.E.;52809;banawi78@pt.mil
4645;Wisnu Mandasari;92492;ikhsanlaksmiwati@pd.go.id
4646;Puti Wirda Wasita, S.Psi;00655;lanjarwastuti@pd.gov
4647;Harjo Usada;19601;sihotangbagas@pt.gov
4648;Ajeng Saputra;23730;ajimannamaga@gmail.com
4649;Cut Anastasia Saputra, S.Pd;60173;purwantomandala@ud.co.id
4650;Faizah Ardianto;09431;padma94@pt.id
4651;Dr. Baktiadi Wasita, S.Ked;09464;shandayani@hotmail.com
4652;Rahman Habibi;26943;laras49@yahoo.com
4653;Maria Dabukke, S.Farm;49637;adriansyahkurnia@cv.gov
4654;Oliva Januar;55537;onipadmasari@hotmail.com
4655;Lantar Andriani;43881;nugrohoviman@pt.web.id
4656;drg. Karsa Ardianto, S.Farm;49665;almira35@hotmail.com
4657;Drs. Prima Kuswoyo, S.E.I;60808;galangpradana@pt.my.id
4658;Endah Anggriawan;52681;shakila07@gmail.com
4659;Ian Januar, S.Ked;69528;nurainieli@gmail.com
4660;Dina Yolanda, M.TI.;73260;sakapalastri@pd.gov
4661;drg. Zahra Hardiansyah;37957;urahimah@pd.my.id
4662;Tgk. Zamira Latupono, S.Sos;50665;jumadi47@yahoo.com
4663;Embuh Rahmawati;55404;prastutiella@yahoo.com
4664;Siti Puspasari;05485;hakimcahyadi@perum.or.id
4665;Vanya Budiman;20941;ssitompul@pd.mil.id
4666;Lidya Irawan;37087;ellahalimah@pt.web.id
4667;Harjaya Rahimah, S.E.;17581;lrajata@yahoo.com
4668;Maras Mangunsong, S.IP;44475;hutagalungpangeran@yahoo.com
4669;Prima Wijaya;83446;prastutisuci@yahoo.com
4670;Marwata Santoso;39236;firmansyahmursinin@perum.web.id
4671;Endah Wacana, S.Psi;64820;lanangkusumo@pd.web.id
4672;Ir. Unggul Siregar;19026;irawanbanawi@hotmail.com
4673;drg. Ratna Mulyani;63253;swahyudin@yahoo.com
4674;Danuja Kurniawan, S.Sos;44175;nasrullahsuwarno@gmail.com
4675;Paramita Sitorus;46980;sari65@pd.id
4676;Baktiono Gunarto;61702;daryani74@yahoo.com
4677;Dr. Cakrawala Purwanti, S.Kom;62650;malik70@gmail.com
4678;Dt. Hasim Waskita;44645;dalima45@perum.biz.id
4679;drg. Aisyah Rahmawati, S.E.I;56508;alaksmiwati@pt.org
4680;Syahrini Suartini;37165;pwacana@pt.mil.id
4681;Dr. Hendri Farida;81409;keziapudjiastuti@ud.net
4682;Dr. Upik Ardianto, S.Sos;68228;usihotang@pt.id
4683;Puti Cinthia Maheswara, S.Psi;16884;simboloncakrawala@hotmail.com
4684;drg. Juli Rahayu, M.Ak;47667;kuswandariulya@hotmail.com
4685;Ajimat Prayoga;74417;kuswoyozulfa@gmail.com
4686;Vero Pudjiastuti;94712;cnuraini@gmail.com
4687;Kala Yulianti;10746;kajensalahudin@yahoo.com
4688;Ir. Emil Pranowo;20426;dkusumo@hotmail.com
4689;Bahuraksa Hutasoit;70566;mutia42@gmail.com
4690;R. Iriana Nurdiyanti;35185;jelitasihombing@ud.go.id
4691;Hasim Anggraini;76033;yuniarluhung@perum.co.id
4692;Puti Rahmi Hasanah;40732;nashiruddinbanawa@hotmail.com
4693;Maimunah Novitasari;26752;tasdikrahmawati@yahoo.com
4694;dr. Maryanto Lailasari;95023;yuliartiilsa@yahoo.com
4695;Jasmani Rajasa, S.Psi;88894;bakimanlestari@ud.web.id
4696;Ir. Cecep Hasanah, S.E.I;30731;puspitakamila@pt.co.id
4697;Dalima Namaga;57818;damudongoran@hotmail.com
4698;R. Hari Putra;37756;nasimsudiati@pt.ponpes.id
4699;Galur Prasetya;21607;mujurkusumo@cv.sch.id
4700;Jessica Hidayanto;61833;saptonoraden@pt.gov
4701;Tina Iswahyudi;25811;dononamaga@yahoo.com
4702;Puti Endah Pangestu, S.Ked;16996;ella35@cv.mil.id
4703;Puti Lintang Hassanah, S.Gz;25793;hamzahsafitri@hotmail.com
4704;Aurora Salahudin;89783;nugrohomursita@ud.org
4705;Galuh Maheswara;92393;permaditaswir@ud.gov
4706;Daryani Lailasari;18179;radengunarto@pt.co.id
4707;Harja Situmorang;53700;karsa14@cv.org
4708;T. Radika Saptono, S.I.Kom;60048;dpurwanti@pd.int
4709;Halima Wulandari;50865;sabri56@cv.co.id
4710;Wirda Nashiruddin, M.TI.;05734;tedi16@yahoo.com
4711;Cakrawangsa Safitri;02130;blatupono@gmail.com
4712;KH. Darijan Habibi, S.E.I;30991;jumadihartati@pt.net.id
4713;Yahya Saputra;62143;eminmayasari@gmail.com
4714;Siti Hakim;15303;narpatilalita@yahoo.com
4715;Cici Widodo;44256;asmiantosiregar@yahoo.com
4716;Martani Najmudin;12719;januareman@gmail.com
4717;Gandewa Mandasari;02348;isimanjuntak@perum.web.id
4718;Makara Wibowo;77899;shakila07@perum.com
4719;Ade Ramadan;68912;astutiprayoga@perum.edu
4720;Daryani Nashiruddin;33276;iramadan@hotmail.com
4721;Hasta Najmudin;14877;fitria42@gmail.com
4722;Harsana Sirait;04578;wijayajarwa@hotmail.com
4723;Lulut Sihombing, M.Farm;34093;nyomanprabowo@pd.mil
4724;Purwanto Wastuti, M.Kom.;38575;yuliapradipta@gmail.com
4725;Budi Najmudin;39883;mlatupono@yahoo.com
4726;Aswani Sitorus, S.E.;17175;ridwanhalimah@cv.int
4727;Arsipatra Padmasari;90386;wardayathamrin@yahoo.com
4728;R.M. Putu Mansur, M.Ak;87401;banarasamosir@yahoo.com
4729;Elisa Budiyanto;32779;mprasetyo@gmail.com
4730;Dt. Himawan Saefullah, M.Pd;92970;umarsaragih@yahoo.com
4731;Bella Hutapea;28389;kuntharasusanti@pt.com
4732;R. Puti Nababan, S.E.;77113;galang94@perum.net.id
4733;drg. Mutia Fujiati;01049;pertiwipanca@yahoo.com
4734;Tira Zulkarnain;70848;smegantara@hotmail.com
4735;Cut Rahmi Sihotang;85252;irnanto66@perum.net.id
4736;Cut Hamima Firmansyah;88683;esiregar@hotmail.com
4737;Calista Nasyidah;59047;oprayoga@pt.my.id
4738;Nilam Sitompul;07630;hakimdirja@gmail.com
4739;Rahmi Simanjuntak;08951;hutasoitharjasa@pd.my.id
4740;Anom Suwarno;57128;lhabibi@hotmail.com
4741;Patricia Budiman;46437;dalimaprakasa@pd.ac.id
4742;Eva Prasetyo, M.Pd;03648;jaemansaputra@hotmail.com
4743;Cut Cindy Yolanda;85173;harja49@ud.net.id
4744;Bakda Hidayanto;88630;alika47@cv.id
4745;Lurhur Utami;95865;balanababan@ud.net.id
4746;Ade Suryono;69030;mandalanilam@hotmail.com
4747;Kasusra Pratiwi;03472;nurdiyantijasmin@hotmail.com
4748;R.M. Cager Pradipta;35704;maryadinova@cv.mil.id
4749;Septi Suryatmi;88162;nurdiyantipurwa@yahoo.com
4750;Jagapati Nuraini;99810;utamacaturangga@hotmail.com
4751;Puti Zulfa Dabukke, M.Farm;25745;zpratiwi@gmail.com
4752;Rahmi Hassanah;98031;darmansuryono@ud.mil
4753;Eman Winarno, S.Pt;80937;kamila26@yahoo.com
4754;Puti Rahayu Prasetya, S.H.;39861;handayanigalar@pt.net
4755;Ratih Safitri;75174;violet64@ud.my.id
4756;Tina Simanjuntak;00716;kuswoyoluhung@perum.mil.id
4757;Intan Uyainah;57586;daruhariyah@pt.edu
4758;dr. Jaeman Nainggolan;07110;fitriasalahudin@pt.ponpes.id
4759;R. Galak Simbolon;01739;putugunawan@cv.id
4760;Rika Widodo;46959;ddabukke@yahoo.com
4761;Vivi Purnawati;06861;karsawijayanti@gmail.com
4762;Ajeng Pratiwi;87421;mahdihutasoit@perum.net
4763;R.M. Emin Laksita;47904;xnamaga@gmail.com
4764;Aslijan Dongoran;51948;vyulianti@hotmail.com
4765;Ayu Agustina;77231;prasetyoarsipatra@hotmail.com
4766;Zulfa Riyanti;75299;bsirait@hotmail.com
4767;Julia Nurdiyanti;51456;prayogapraba@hotmail.com
4768;Bakti Winarno, M.TI.;36931;maryadiprima@cv.desa.id
4769;Tgk. Balijan Saefullah, S.E.I;18221;vera07@perum.ac.id
4770;Diana Rajasa, S.I.Kom;38819;mulyono41@ud.desa.id
4771;Padmi Utama;92818;handayaniviman@gmail.com
4772;R. Yulia Lailasari, S.I.Kom;66699;alambana93@perum.org
4773;Pangeran Purnawati;34037;nurdiyantiimam@pt.ac.id
4774;Uchita Pratiwi;70500;mustofakurnia@yahoo.com
4775;Qori Lestari, M.Farm;96826;gandisamosir@perum.ponpes.id
4776;Wani Pranowo;11670;lembahiswahyudi@hotmail.com
4777;Puti Iriana Agustina, S.H.;54318;danupurnawati@yahoo.com
4778;Hj. Vera Yulianti, S.Pt;90713;airawan@ud.net.id
4779;Syahrini Lazuardi;42112;maheswaratami@hotmail.com
4780;Dr. Indah Sinaga, S.Psi;15899;kmelani@pt.biz.id
4781;Devi Wibowo;56257;adityapurnawati@pt.sch.id
4782;Eli Wasita;05963;narpatikarman@hotmail.com
4783;KH. Caket Uyainah;67899;dwijayanti@gmail.com
4784;Elvin Nainggolan, S.H.;67885;swulandari@hotmail.com
4785;Elma Jailani;07100;utamairsad@ud.ac.id
4786;Ian Saputra;29228;yancepadmasari@gmail.com
4787;Jasmani Handayani;99465;birawan@gmail.com
4788;drg. Wasis Simanjuntak, M.TI.;47648;cramadan@yahoo.com
4789;Amalia Andriani;52128;megantaraendra@gmail.com
4790;Tari Susanti, S.Psi;75016;rutama@hotmail.com
4791;Zelaya Aryani;49761;niyaga34@perum.ponpes.id
4792;Drs. Darijan Tampubolon;72444;lhasanah@cv.ac.id
4793;Nrima Saptono;70186;uwaisdono@gmail.com
4794;Dr. Tugiman Prakasa, S.Kom;33625;kemalmustofa@cv.biz.id
4795;Amalia Usamah;94073;enuraini@hotmail.com
4796;Tiara Utami, M.Farm;82401;vero22@yahoo.com
4797;Prayogo Nashiruddin;64248;lasmonohalim@pt.co.id
4798;Dt. Cemani Safitri, M.Kom.;61790;firmansyaholga@gmail.com
4799;Calista Winarsih;09901;namagacandra@pd.my.id
4800;Cager Sihotang;00606;ssaragih@ud.net.id
4801;Agnes Sudiati;02838;kmansur@hotmail.com
4802;Harimurti Iswahyudi;05652;xnajmudin@pd.mil.id
4803;R. Suci Hartati, S.Pt;95468;laksmiwatielvina@cv.go.id
4804;Dt. Soleh Najmudin;02809;vmanullang@hotmail.com
4805;Paramita Manullang;12660;kutami@perum.gov
4806;Hj. Zalindra Dabukke, S.E.I;52105;handriani@yahoo.com
4807;Puput Yolanda;71297;saadat72@pd.web.id
4808;Hj. Ajeng Maryadi;72612;wastutigenta@perum.desa.id
4809;Ulya Dongoran;61613;hardana67@gmail.com
4810;Tgk. Usyi Saefullah;89254;jefri95@hotmail.com
4811;Sutan Himawan Nuraini;31868;xhalim@pd.org
4812;Julia Nashiruddin;08994;bpangestu@pd.ponpes.id
4813;Cahyo Sudiati;33876;nastuti@gmail.com
4814;Cinta Maryadi;16709;ratih24@hotmail.com
4815;Aisyah Hassanah;89912;jumadi43@perum.my.id
4816;Agnes Farida;76327;ibrahim22@pd.com
4817;Tirta Firgantoro;97519;nasrullahmaulana@yahoo.com
4818;Wisnu Riyanti;77313;esuryono@pd.mil.id
4819;Elvina Saptono, S.I.Kom;40327;ewidiastuti@gmail.com
4820;Dr. Daliman Marpaung;65484;zelaya50@yahoo.com
4821;Baktiadi Gunarto;83803;milawidodo@hotmail.com
4822;Zaenab Winarno;16689;farah68@pt.org
4823;Galar Uyainah, S.Kom;18500;edwarddamanik@gmail.com
4824;R. Jamalia Putra;31610;candrapermadi@gmail.com
4825;drg. Prayitna Zulkarnain, S.Farm;29183;prima64@hotmail.com
4826;Radika Usada;29186;mulya01@pt.int
4827;Padma Novitasari;64748;rlailasari@pt.desa.id
4828;Dagel Palastri;14228;lfujiati@hotmail.com
4829;Padmi Sihotang;72528;phartati@hotmail.com
4830;Lalita Uwais;33205;mandasaripranata@perum.ac.id
4831;Danuja Thamrin;63827;mtampubolon@pd.id
4832;Bakiman Anggriawan;44657;sucihakim@yahoo.com
4833;Kusuma Pradipta;75644;paulin23@pd.org
4834;Harimurti Tarihoran, S.Farm;26966;daditampubolon@pd.go.id
4835;Puti Hilda Pratama;97597;baktiadi79@gmail.com
4836;Dr. Maras Nuraini;76521;marsudi50@pt.int
4837;Titin Nababan, S.Sos;46432;permadisabri@gmail.com
4838;Kani Prastuti, S.Sos;64092;milasiregar@hotmail.com
4839;Gawati Haryanto;44663;tsitumorang@gmail.com
4840;Drs. Atmaja Sihombing;82382;ella65@pd.net
4841;Iriana Safitri;73341;lsitumorang@pd.mil
4842;Winda Habibi;72266;twinarno@yahoo.com
4843;dr. Ciaobella Rahayu, M.TI.;06834;lwulandari@gmail.com
4844;Dr. Bella Santoso, S.Pd;08612;laksitajarwa@ud.gov
4845;Wasis Ardianto;74414;kurnia28@ud.web.id
4846;Septi Hasanah;43026;otarihoran@pt.edu
4847;Leo Hutagalung, M.Farm;02387;jaka82@pd.com
4848;Sakti Irawan;41779;prasastamaida@yahoo.com
4849;Murti Purwanti, S.Pd;74407;waluyomaryadi@hotmail.com
4850;Lukita Dongoran;88120;wibowowakiman@perum.go.id
4851;Dirja Rajasa;28197;putri27@yahoo.com
4852;Warta Marpaung;50369;mhariyah@pt.ac.id
4853;R.A. Hana Najmudin, M.Kom.;78375;kalim91@hotmail.com
4854;Laila Wulandari;03459;kaniawacana@yahoo.com
4855;Dr. Karen Kuswandari;71553;karnakuswoyo@ud.mil.id
4856;Puti Ellis Wasita, S.I.Kom;01297;sitompulusman@ud.net.id
4857;Wirda Nasyiah, S.Psi;40150;mulyononasyidah@pt.net.id
4858;dr. Ajeng Firgantoro;16050;bella09@cv.gov
4859;R.A. Salwa Sitompul, S.I.Kom;45879;hardihutapea@yahoo.com
4860;Eva Prastuti;55442;budinababan@pd.mil.id
4861;Mutia Novitasari, S.H.;54877;wibisonoeman@pt.org
4862;Hj. Vanesa Mardhiyah;40641;niyagahalim@gmail.com
4863;Darsirah Uwais;53508;oman11@ud.id
4864;Wulan Prabowo;28075;asirwanda28@yahoo.com
4865;Dalima Maulana;73242;damanikatmaja@yahoo.com
4866;Marwata Dongoran, M.Kom.;49124;budimaryati@ud.id
4867;Hardana Maryati;18644;jais46@gmail.com
4868;R.A. Kamila Setiawan, S.Kom;55552;tirtayasakusumo@perum.ponpes.id
4869;Belinda Zulaika;45785;raisalazuardi@perum.org
4870;Marwata Wulandari;39274;kamilaadriansyah@perum.mil
4871;drg. Kunthara Putra;20891;hhabibi@perum.id
4872;Harimurti Nainggolan;56488;osudiati@hotmail.com
4873;Vivi Mustofa;28480;cager11@yahoo.com
4874;Patricia Widodo, S.Farm;67172;warsita74@pd.gov
4875;H. Bajragin Thamrin, S.IP;43466;nhastuti@ud.go.id
4876;Hafshah Yolanda;78752;permataeli@gmail.com
4877;Mustofa Pradana;95514;zhutasoit@ud.mil
4878;Kartika Melani, S.Pt;08454;wandriani@pd.net.id
4879;Kajen Melani;91238;wardi89@hotmail.com
4880;Yuliana Prakasa;90503;kairavsusanti@yahoo.com
4881;Slamet Haryanti;80682;ssitumorang@perum.desa.id
4882;Ani Namaga;91235;novitasariajiono@perum.co.id
4883;Akarsana Sudiati;02717;juli09@yahoo.com
4884;Irfan Kurniawan;93419;dalimanoktaviani@hotmail.com
4885;Puti Zulfa Usamah, S.H.;67144;putri11@hotmail.com
4886;Carla Kuswandari;69678;waluyocaket@ud.biz.id
4887;Hj. Zahra Hidayanto;11283;rajasaedi@perum.co.id
4888;Salwa Andriani, S.Pd;54634;puspasarikamaria@pt.net.id
4889;KH. Ibrani Permadi;66543;mahdikuswoyo@cv.net.id
4890;Bakianto Kuswandari;55325;paulindongoran@yahoo.com
4891;drg. Rusman Pradipta, M.Farm;04348;bahuraksa42@pt.co.id
4892;Galak Safitri;66729;nababangada@gmail.com
4893;Kadir Pranowo;54382;cutami@pt.co.id
4894;Zahra Hakim;71792;ifa52@perum.com
4895;Padma Hariyah;54434;nmardhiyah@perum.my.id
4896;Olivia Megantara;10057;gilang65@ud.ac.id
4897;Legawa Kuswoyo;56373;baktiadisimanjuntak@ud.net
4898;Jaga Zulkarnain;38392;andrianiyoga@pd.ac.id
4899;Dr. Jagapati Usada;91433;twidiastuti@pd.id
4900;Ulva Sitompul;18605;imam54@gmail.com
4901;R. Kezia Hutasoit;77527;situmorangpaulin@yahoo.com
4902;Caturangga Januar;26754;fyuliarti@ud.web.id
4903;Wirda Nashiruddin;48364;raihan57@yahoo.com
4904;Raharja Prabowo;05034;kurniawankamila@hotmail.com
4905;dr. Anastasia Maryati, S.I.Kom;67792;najamwinarno@hotmail.com
4906;Ira Prasasta, S.Farm;10910;paiman71@pd.desa.id
4907;R. Kawaya Nababan, S.I.Kom;26117;kartikahalimah@gmail.com
4908;Gina Pratama, S.E.;71981;atmajaharyanti@cv.gov
4909;Muhammad Gunawan;89283;ilsawibisono@hotmail.com
4910;Galuh Anggriawan;64642;elonjailani@cv.edu
4911;Umay Tarihoran;51947;nashiruddinkasiran@perum.net.id
4912;Maida Tampubolon;33229;elvinaramadan@yahoo.com
4913;Puti Padmi Maheswara;60261;csimanjuntak@cv.edu
4914;Kemal Kusmawati;25728;elvinpradipta@cv.go.id
4915;Siti Maryati;78869;violet01@hotmail.com
4916;Maria Padmasari;35177;eko85@cv.biz.id
4917;Maida Marpaung;90355;ksiregar@perum.net.id
4918;KH. Darmana Yolanda;77949;emelani@gmail.com
4919;KH. Yoga Sihombing, S.Pd;88791;rzulkarnain@hotmail.com
4920;Damar Hidayat;38962;epermata@pd.co.id
4921;Parman Yulianti;79671;halimahraina@gmail.com
4922;Luis Suryatmi;58756;asmanwahyuni@pt.gov
4923;Karya Sudiati, M.Pd;00792;jindra36@hotmail.com
4924;Dt. Ghani Halimah, M.Pd;26286;kalalatupono@ud.desa.id
4925;Ir. Tari Budiman;07938;asirwanda85@pd.co.id
4926;Drs. Ade Hakim, M.Kom.;94753;cakrabirawa78@perum.com
4927;Puput Andriani;39969;zhakim@pd.go.id
4928;Xanana Marpaung;56981;azaleakusumo@pd.desa.id
4929;Ajiono Natsir, S.T.;84748;utamawarsa@perum.com
4930;Wisnu Hassanah;54182;icha90@gmail.com
4931;R.M. Mulyono Suryono, M.Pd;44593;xwahyuni@perum.net.id
4932;Daru Megantara;26025;karsayuliarti@pd.ac.id
4933;Candra Agustina;74987;wijayantimurti@perum.co.id
4934;Kemal Wijaya;04093;cakrawalapratiwi@pt.id
4935;Puti Natalia Nasyidah;77315;hasim89@hotmail.com
4936;Yoga Waluyo;45466;saefullahabyasa@gmail.com
4937;Aisyah Habibi, S.Gz;44177;psuryono@cv.go.id
4938;Aslijan Suartini;51739;elon22@pt.my.id
4939;Mutia Nababan;72767;estiono64@pd.org
4940;Ir. Gamani Yolanda, S.Farm;54867;garang74@yahoo.com
4941;Rosman Suryono;70819;ywastuti@pt.biz.id
4942;Silvia Waskita, S.H.;57571;baktionoadriansyah@pd.com
4943;Fitriani Sitompul;12029;caket19@pd.biz.id
4944;Bakiono Sihombing;60224;raden58@gmail.com
4945;Iriana Damanik;77611;dipasuryatmi@ud.edu
4946;Raihan Sinaga;98199;margana54@yahoo.com
4947;Jane Januar;09262;karmansitompul@perum.my.id
4948;Umar Rahayu;53585;ardiantojaswadi@cv.co.id
4949;R.A. Vanya Kusumo;24581;wardaya57@pt.gov
4950;Jasmin Suryono, S.IP;22992;qwahyudin@pt.sch.id
4951;Pia Rahmawati;03337;uyainahlukman@pd.web.id
4952;Oliva Siregar;86069;nrimayolanda@pt.biz.id
4953;Bakidin Wijayanti;79971;edward43@perum.my.id
4954;Drs. Koko Hakim, S.E.;52389;darmantodamanik@hotmail.com
4955;Bala Zulkarnain;61567;dkuswoyo@gmail.com
4956;dr. Prabawa Budiyanto;76923;paris80@gmail.com
4957;Dr. Zelda Sirait, M.TI.;52140;jsaragih@perum.co.id
4958;Rendy Wibisono;73360;nugrahasihombing@pd.gov
4959;Dr. Raharja Rajata, S.Farm;88524;qsihombing@gmail.com
4960;Anita Jailani;98673;vkuswandari@gmail.com
4961;Praba Permata;26430;nugrohodewi@pt.desa.id
4962;Tgk. Jelita Permata;54935;candrahastuti@gmail.com
4963;Icha Rajasa;16591;nurdiyantirudi@yahoo.com
4964;Luwar Prakasa;68438;luthfihardiansyah@cv.ac.id
4965;Ophelia Rajata;31334;lantarhutasoit@perum.edu
4966;Puti Raina Suwarno;21064;okto40@hotmail.com
4967;Prasetyo Yuliarti;61700;hairyanto55@gmail.com
4968;Marwata Mulyani;16849;xpangestu@perum.or.id
4969;Tgk. Sari Thamrin, S.Kom;21195;nainggolanunjani@gmail.com
4970;Pranawa Napitupulu, M.M.;09244;harsana12@hotmail.com
4971;Ami Hidayanto;03384;handayaniwardaya@cv.co.id
4972;Dr. Ida Nasyidah, S.Psi;22391;perkasa34@ud.gov
4973;Drs. Amelia Mansur;18697;daniswara45@yahoo.com
4974;Kawaca Salahudin;73670;darmana74@yahoo.com
4975;Kawaya Mustofa;17080;garan50@yahoo.com
4976;Tgk. Zelda Maulana, S.Sos;82384;harjopratiwi@yahoo.com
4977;Tirta Astuti;22478;opan22@cv.id
4978;R.M. Mustofa Pratama;01219;harsana03@ud.org
4979;Luhung Dongoran;89118;usalahudin@hotmail.com
4980;Titin Aryani, S.Ked;31211;kasiran79@ud.co.id
4981;Murti Maryadi;96808;qhasanah@pd.ac.id
4982;Tgk. Yosef Hariyah, S.Ked;16028;yanihutagalung@gmail.com
4983;Pia Hastuti;41127;uwidiastuti@gmail.com
4984;Maimunah Safitri;28921;viktorjailani@pt.edu
4985;Teddy Safitri;68103;qyuniar@pd.gov
4986;R.M. Kairav Hastuti;04413;jamal93@ud.biz.id
4987;Dr. Balamantri Winarno;55637;karnaagustina@gmail.com
4988;Gaman Prasasta, S.H.;99511;utama28@pt.my.id
4989;Shakila Novitasari, S.Ked;14901;gwahyudin@gmail.com
4990;Bajragin Maulana;87835;samosirprayogo@ud.biz.id
4991;Murti Santoso;36828;voktaviani@cv.edu
4992;Dr. Mutia Saputra, S.Farm;04663;balidinkuswoyo@yahoo.com
4993;Nilam Nurdiyanti;17569;hartanahalimah@pd.web.id
4994;Shania Sudiati;36737;ida12@pt.mil
4995;R.M. Banawi Wibisono, S.E.I;91752;dwi44@pd.mil.id
4996;Hj. Eva Purwanti, S.T.;83016;kasiyahmelani@perum.int
4997;Tgk. Shania Prabowo;80801;sudiatigangsa@cv.org
4998;Nasab Waskita;36559;primabudiyanto@perum.go.id
4999;Jail Widiastuti, M.Ak;67984;karjapratiwi@gmail.com
5000;Asmuni Andriani, M.Kom.;78991;qsihotang@yahoo.com
5001;Virman Tampubolon;19509;manullangeko@pt.co.id
5002;Ir. Restu Hartati, M.Pd;08239;permadiirsad@hotmail.com
5003;T. Garda Rahimah, S.Pd;00063;farhunnisa03@perum.net.id
5004;Nova Prastuti;30694;nrima18@perum.my.id
5005;Kamila Fujiati;60299;tagustina@cv.go.id
5006;T. Uda Rahmawati;03413;intanwinarsih@cv.id
5007;Endra Tampubolon;77650;tnurdiyanti@yahoo.com
5008;Zaenab Wahyudin;83047;kurniawansiska@cv.gov
5009;Puspa Purnawati;97094;saputraliman@pd.gov
5010;Lala Gunawan;98087;atma73@gmail.com
5011;Dwi Saputra;93714;lprasetyo@yahoo.com
5012;Ir. Slamet Suryono;47956;hendrahalimah@pd.co.id
5013;Amelia Budiyanto, S.Farm;35394;vlestari@cv.biz.id
5014;Bajragin Saptono;50781;emilhidayat@pt.ponpes.id
5015;Nyoman Natsir;09063;perkasarajata@yahoo.com
5016;Drs. Baktiono Wibisono, S.T.;58743;gardamarbun@pd.id
5017;Humaira Wijaya;98446;novitasarisalimah@pd.mil
5018;Makara Nainggolan;48504;hamzah78@hotmail.com
5019;dr. Dodo Siregar, S.Sos;34253;fujiatidirja@pt.org
5020;Ega Saragih;93363;lazuarditasnim@ud.mil
5021;Ajeng Uyainah;05258;vega33@cv.desa.id
5022;Olga Hardiansyah;07986;wsudiati@gmail.com
5023;T. Mursinin Melani, M.Pd;10864;pranowobakiman@hotmail.com
5024;Tomi Anggriawan;73733;widodoemong@gmail.com
5025;Keisha Gunawan;87462;pranowocindy@pd.int
5026;Tgk. Nadine Samosir, S.T.;05270;diah69@yahoo.com
5027;Talia Sudiati;11052;rafimanullang@perum.org
5028;Cengkir Siregar;04821;cindysihotang@cv.net
5029;Imam Tamba;01367;nrimarahimah@ud.ponpes.id
5030;Elma Marbun;43064;hamimanovitasari@ud.org
5031;Hj. Aurora Siregar, M.Ak;16927;setyaprastuti@pd.edu
5032;Chandra Yulianti, M.Farm;14170;fsihombing@yahoo.com
5033;Uchita Prasetyo;57925;rnajmudin@yahoo.com
5034;R.M. Umay Nababan;11424;mulyonogunawan@cv.biz.id
5035;Umi Maulana;64152;salahudinbagiya@pt.desa.id
5036;Elvina Pradipta;41368;asmansirait@pd.gov
5037;Raditya Pudjiastuti;09616;emas65@cv.ponpes.id
5038;Ade Nasyidah;41890;narji63@pt.net
5039;H. Hendra Rajasa, S.T.;91014;winarsihivan@hotmail.com
5040;Nugraha Hastuti;79899;fsiregar@gmail.com
5041;Intan Maryadi;64187;febi21@yahoo.com
5042;Satya Rahayu, S.H.;87235;napitupulumila@pd.go.id
5043;Cut Laras Iswahyudi;43313;pnamaga@hotmail.com
5044;Setya Rahayu;43707;brahimah@hotmail.com
5045;Drs. Amelia Widiastuti, S.Farm;95025;victoria89@yahoo.com
5046;Rangga Situmorang, S.Gz;94938;cornelia30@cv.biz.id
5047;Azalea Pangestu;09383;ysafitri@ud.com
5048;Sakura Hutapea;17058;ksetiawan@pd.ponpes.id
5049;Novi Dongoran;76838;fprakasa@hotmail.com
5050;Zulaikha Pradana;86055;rbudiman@gmail.com
5051;Unjani Wibisono;13339;wsimanjuntak@yahoo.com
5052;Ina Simbolon, S.Kom;11705;umaynajmudin@hotmail.com
5053;Wirda Pradana;24446;mustikapradipta@perum.org
5054;Yono Budiman, S.I.Kom;06326;narpatidadi@gmail.com
5055;dr. Paulin Simanjuntak, S.Ked;78111;cawisadimarbun@gmail.com
5056;R. Lembah Riyanti;88529;gmayasari@pt.net
5057;Gaduh Nasyiah, S.E.;23312;dadap13@yahoo.com
5058;Gandi Waskita;25345;sudiatimarsudi@yahoo.com
5059;Drs. Rika Hassanah;05097;danuputra@yahoo.com
5060;Muni Permata;70447;ibrani89@yahoo.com
5061;Bella Iswahyudi;61814;xsetiawan@hotmail.com
5062;Tirtayasa Mayasari;98609;thariyah@perum.mil
5063;drg. Violet Usada;80960;muniprasetya@pd.ac.id
5064;Jasmin Hutasoit;34227;vnainggolan@cv.biz.id
5065;Luis Winarno;17245;haryantooni@pd.mil.id
5066;Teguh Winarno, S.Farm;35388;fmarpaung@gmail.com
5067;Ir. Galih Iswahyudi, M.Farm;62582;cawisadi35@gmail.com
5068;Artawan Hasanah, S.Sos;28062;silvia96@gmail.com
5069;KH. Purwa Hutagalung, S.Kom;62425;firmansyahgaman@pd.ac.id
5070;Aditya Dongoran;95802;gading70@yahoo.com
5071;Ir. Purwanto Halim, S.Gz;52696;kamidinlailasari@gmail.com
5072;R. Legawa Saefullah, M.M.;09863;teddy29@pt.ponpes.id
5073;Diana Rajata;92416;gina69@gmail.com
5074;Uli Najmudin;52503;rahayudariati@gmail.com
5075;Salman Novitasari, S.Farm;62190;ksaefullah@pt.biz.id
5076;Lala Prasetyo;53625;ismail70@yahoo.com
5077;Enteng Nainggolan;13231;lilisaragih@gmail.com
5078;Icha Pudjiastuti;29772;karsana46@cv.ac.id
5079;Ir. Wawan Budiman;16446;nadia50@hotmail.com
5080;Asman Pertiwi;51452;dabukkeprabowo@gmail.com
5081;Taswir Hariyah;87201;ulirajata@gmail.com
5082;Mahesa Rahayu;38750;vera52@perum.com
5083;Taufan Hassanah;06586;waluyomaheswara@yahoo.com
5084;Ir. Ratna Prabowo, M.Kom.;07788;dian51@yahoo.com
5085;R.M. Saka Pranowo, S.E.;72572;tpertiwi@hotmail.com
5086;Cut Anita Pratama;41418;kambalinarpati@gmail.com
5087;Vero Suryono, S.H.;47890;maryatigaluh@yahoo.com
5088;Karman Wijayanti;55221;sihombingvanya@ud.sch.id
5089;Paulin Pradana;83828;nurdiyantimitra@yahoo.com
5090;dr. Muni Sudiati;52635;baktianto73@yahoo.com
5091;Laras Tamba;78393;yusufuyainah@pd.net
5092;Hartaka Wasita;90323;cakrabuanapranowo@perum.edu
5093;Jail Rahimah;89408;malik31@hotmail.com
5094;Rahmat Laksita;17209;putri43@yahoo.com
5095;Kamaria Najmudin;14280;ganjaran73@cv.desa.id
5096;Humaira Hariyah;93522;ridwan17@cv.my.id
5097;Samiah Mansur, S.Psi;63000;galihwacana@pd.mil
5098;Cinta Hidayat;59623;jwinarsih@yahoo.com
5099;Caraka Astuti, M.TI.;64062;faizah41@hotmail.com
5100;Lili Putra, S.H.;87786;entengsirait@ud.or.id
5101;Ganda Yuliarti;85071;wawantamba@ud.org
5102;Lidya Salahudin;10197;laksitadasa@ud.web.id
5103;dr. Patricia Pangestu;60457;saputrajulia@gmail.com
5104;Balapati Firgantoro;80734;adiarja54@pt.co.id
5105;Vivi Nasyidah, S.Gz;61671;dongorancemplunk@perum.ponpes.id
5106;Gamblang Hutasoit, S.Gz;05672;bakijanprasasta@yahoo.com
5107;Ratna Budiman;01032;rahimahyuliana@pt.web.id
5108;R. Lasmanto Nababan, S.E.I;93551;wibisonointan@yahoo.com
5109;Jamalia Nugroho;25566;aurora81@cv.desa.id
5110;Gabriella Simanjuntak;97118;safitrisalwa@pd.web.id
5111;Bahuwarna Pratama;02512;gada33@pt.mil
5112;Oman Sudiati;43651;aniwasita@hotmail.com
5113;dr. Elvina Haryanti, S.Pd;91144;hardi49@yahoo.com
5114;Utama Santoso, S.E.I;71427;putrifujiati@perum.sch.id
5115;Hardana Kuswandari, S.Pd;44588;edwardprastuti@yahoo.com
5116;Mahmud Putra, S.IP;85322;humairasimanjuntak@pd.org
5117;Tedi Sitompul;31204;bajragin65@pd.ponpes.id
5118;Fathonah Wasita;25268;natsireka@ud.desa.id
5119;Laras Anggriawan;01408;zpuspita@cv.desa.id
5120;drg. Sadina Megantara;63459;dputra@pt.my.id
5121;Kanda Hariyah;11522;bagiya41@gmail.com
5122;dr. Galih Budiman, S.Farm;96753;aryaniqueen@pd.gov
5123;Malika Rahayu, M.M.;52536;ssuwarno@pd.org
5124;Enteng Purnawati;73338;smarbun@yahoo.com
5125;Hari Padmasari;06376;daliminsimbolon@yahoo.com
5126;Ir. Putri Oktaviani, M.Kom.;35146;dmegantara@pd.biz.id
5127;R.A. Puput Maulana, M.Pd;30564;nataliapangestu@gmail.com
5128;Cawisono Rahmawati;38101;vrahayu@yahoo.com
5129;Karja Sirait;46498;safitrialmira@ud.edu
5130;Qori Santoso, S.Farm;86072;wastutizelaya@yahoo.com
5131;Dr. Kairav Lailasari;31517;pratiwirizki@gmail.com
5132;Cengkir Wijayanti;04048;ssihotang@ud.my.id
5133;Karsa Sihotang;05088;lyulianti@hotmail.com
5134;Yulia Aryani, M.M.;96861;ranggapadmasari@gmail.com
5135;Ratih Sitompul, S.Farm;24123;upuspita@cv.co.id
5136;Sabri Tamba;65051;htampubolon@yahoo.com
5137;Carub Anggraini, S.Pd;79415;ewibisono@yahoo.com
5138;T. Raihan Prakasa, S.E.I;36546;prakasaaswani@hotmail.com
5139;Fitria Sihombing;68333;owijaya@yahoo.com
5140;Nasim Yuniar;84371;lukita31@cv.my.id
5141;Cahyono Yulianti;84753;sitoruszamira@hotmail.com
5142;Drs. Vivi Handayani, M.M.;37709;garangsuartini@hotmail.com
5143;Hj. Ade Sihotang;08101;ganjaransuryatmi@gmail.com
5144;Maya Jailani;19215;apertiwi@hotmail.com
5145;Viktor Hasanah;21173;bakianto91@hotmail.com
5146;Ida Pradipta;83461;mahesarahayu@gmail.com
5147;Puput Safitri;65569;opadmasari@hotmail.com
5148;Puti Winda Nainggolan, S.Pd;08992;ianardianto@yahoo.com
5149;Nilam Pradana;41232;galurmansur@gmail.com
5150;Cengkir Padmasari, S.Gz;19204;gandewa19@ud.net.id
5151;Puput Firmansyah;39097;gunawanenteng@yahoo.com
5152;Gilda Hutapea, M.Pd;38346;yusufiswahyudi@pd.com
5153;Samiah Pradana;85241;anihidayat@hotmail.com
5154;Jumadi Gunawan;82455;danusalahudin@gmail.com
5155;Yono Putra;63929;dariati17@cv.org
5156;Nurul Widodo, S.Kom;40814;kenes57@perum.or.id
5157;Vanya Astuti;17430;cahyadiutami@yahoo.com
5158;KH. Luthfi Hakim;35253;vera53@hotmail.com
5159;Harjo Maulana;89988;zaenab29@gmail.com
5160;Zizi Simanjuntak;65474;kawayaaryani@hotmail.com
5161;Dr. Waluyo Anggriawan;04387;bella49@gmail.com
5162;Farah Pratiwi, M.Ak;27224;kawaya35@pd.web.id
5163;Melinda Mansur;68112;ilsahastuti@gmail.com
5164;drg. Silvia Rahayu;17617;purwantizizi@yahoo.com
5165;Genta Pudjiastuti;21103;zulfasudiati@pd.net.id
5166;Umar Astuti;52001;knatsir@gmail.com
5167;R.A. Yuliana Halim;10712;anggriawansabrina@gmail.com
5168;Cici Nuraini;82685;prakasadigdaya@perum.ac.id
5169;Cut Shania Rahimah, S.Psi;91517;zanggriawan@hotmail.com
5170;Lasmanto Pudjiastuti;51609;budiyantonalar@cv.ac.id
5171;Uli Rahmawati;50893;joko65@hotmail.com
5172;Lili Sudiati;95734;balapurwanti@cv.id
5173;Dr. Rafid Mahendra, M.Ak;94553;yusufputra@gmail.com
5174;Warsita Puspasari;02853;afirgantoro@pd.net
5175;Raina Hakim, M.Pd;40052;mulya01@ud.net
5176;Dono Hastuti;07012;ira42@perum.or.id
5177;Aswani Hutapea;97027;twidodo@perum.ac.id
5178;Anggabaya Halim, S.Pt;96631;citrahalimah@yahoo.com
5179;Paris Gunarto;74610;zamiranasyidah@cv.ponpes.id
5180;Unjani Salahudin;58777;gfirgantoro@cv.co.id
5181;Ir. Dalimin Nugroho, M.Farm;96019;santosoasmuni@pd.org
5182;Malik Utama;80075;malika30@yahoo.com
5183;Rahman Samosir;48282;purnawatisamsul@gmail.com
5184;Shakila Namaga;01297;pangeran92@pt.net.id
5185;Dr. Maman Pangestu, M.Ak;31037;jefripermata@ud.int
5186;Dimas Fujiati;53452;mardhiyahbahuwirya@yahoo.com
5187;Kiandra Saptono, S.IP;73337;sarah60@cv.ac.id
5188;Ophelia Saptono;90843;unurdiyanti@gmail.com
5189;KH. Jayadi Ardianto;10090;yandriani@cv.edu
5190;Gamani Lailasari;09140;nabilamelani@ud.sch.id
5191;Mursita Suwarno;99088;onipadmasari@cv.desa.id
5192;Wardi Nababan;15269;gambirarahimah@gmail.com
5193;Embuh Dongoran;78464;nainggolanpranata@hotmail.com
5194;Hj. Winda Sihombing;95413;saka25@pt.int
5195;Enteng Gunarto;09838;lestarisalwa@ud.com
5196;Eli Suryono;21359;prasetyacindy@yahoo.com
5197;Gaiman Hidayat;76402;cengkal21@pd.com
5198;drg. Jabal Laksmiwati, S.I.Kom;63452;tmegantara@cv.ac.id
5199;Yunita Haryanti, M.TI.;89961;apertiwi@gmail.com
5200;Prabowo Laksita;88838;qnarpati@hotmail.com
5201;Intan Simbolon, S.Pt;35774;artawanpadmasari@pt.ac.id
5202;Bajragin Rahmawati;98631;yhakim@yahoo.com
5203;Artawan Jailani, M.TI.;82782;zalindra88@gmail.com
5204;Sabrina Siregar;52091;yuliana77@perum.edu
5205;dr. Eka Nuraini;13223;lurhurastuti@hotmail.com
5206;Emin Saefullah;89788;rwasita@hotmail.com
5207;Balapati Yuliarti;14230;iwibisono@hotmail.com
5208;Ir. Kawaya Wulandari, M.TI.;50616;puti57@perum.id
5209;Bala Puspasari;70840;halimtamba@gmail.com
5210;Natalia Ardianto;15038;kartasihotang@gmail.com
5211;Emong Waskita, S.I.Kom;24050;nhartati@ud.org
5212;Agnes Prasasta;00993;sariyulianti@gmail.com
5213;Ifa Sinaga;26153;prayogamayasari@hotmail.com
5214;Kayun Najmudin;75459;fujiatiestiawan@pd.net.id
5215;Hamima Siregar;13435;sihombinggading@cv.web.id
5216;Fitria Winarno;06157;santososetya@yahoo.com
5217;Tgk. Titi Tampubolon;31003;gandahassanah@yahoo.com
5218;Jaswadi Hasanah;68583;wacanacalista@hotmail.com
5219;Harja Rahimah, S.IP;11348;karimangunarto@yahoo.com
5220;Mursita Puspasari;00944;ehidayat@yahoo.com
5221;Lega Utami;48840;cindyfujiati@pt.biz.id
5222;Tgk. Malik Wijayanti;49007;nasyidahcakrabuana@pt.mil
5223;Zahra Hutagalung;20151;fmustofa@perum.web.id
5224;Kasiran Habibi, M.M.;19438;vivilatupono@cv.sch.id
5225;Jatmiko Najmudin;46774;cdabukke@yahoo.com
5226;Balangga Anggriawan;28132;dalimandongoran@perum.co.id
5227;Ibrahim Prasasta;30888;susantiwakiman@gmail.com
5228;T. Prayoga Megantara;48001;niyagawijaya@pt.mil.id
5229;Ulva Firgantoro;54469;dpranowo@hotmail.com
5230;Marwata Irawan;82263;bakiman16@yahoo.com
5231;Farah Anggraini;99882;kadirwasita@cv.ac.id
5232;drg. Zelda Budiyanto;31572;firgantorogarang@hotmail.com
5233;Drs. Usyi Halim, M.Farm;06699;utama98@pt.ac.id
5234;Cahyadi Wijayanti;46177;pangestujane@yahoo.com
5235;Syahrini Mahendra, S.I.Kom;04192;lukman75@pd.web.id
5236;Wulan Yolanda;10648;cmarbun@ud.desa.id
5237;Rahmi Prasetya;66700;cakrawalausada@yahoo.com
5238;Sutan Nalar Kurniawan, S.Kom;93664;rika10@ud.mil.id
5239;Ilsa Nababan;52320;cpalastri@ud.com
5240;Akarsana Jailani;39304;irfankurniawan@gmail.com
5241;Gabriella Nugroho;28982;anggriawandaruna@ud.biz.id
5242;R. Febi Uyainah;26884;niyaga28@cv.desa.id
5243;Padmi Saputra, S.Kom;49556;mustofa50@pd.go.id
5244;Rahman Ramadan, S.Sos;01462;saptonokeisha@pt.or.id
5245;Lili Winarno, S.E.I;59534;putripratama@yahoo.com
5246;Tina Nashiruddin;53801;naradiwinarno@ud.mil
5247;Gasti Uwais;62996;kadirnashiruddin@hotmail.com
5248;dr. Sakti Najmudin;76285;csalahudin@perum.int
5249;Ajiman Anggriawan;83463;karmanhutagalung@ud.gov
5250;Hj. Indah Sinaga, S.H.;43904;csihombing@gmail.com
5251;Sutan Argono Kurniawan;91137;simbolongandewa@gmail.com
5252;Dr. Aurora Winarsih, S.I.Kom;47941;ymaheswara@yahoo.com
5253;Yuni Hutagalung, S.T.;84646;xyuliarti@pd.go.id
5254;Ella Pangestu;23905;jindrapurwanti@ud.sch.id
5255;Bahuwarna Sinaga;77848;lwaskita@cv.co.id
5256;Tgk. Sarah Marbun;12849;harimurtisirait@hotmail.com
5257;Agnes Tarihoran;65219;vgunawan@hotmail.com
5258;R. Danu Wijayanti;29388;hasimtamba@pt.int
5259;Drs. Pranawa Anggriawan, S.Farm;93108;gilangsitorus@yahoo.com
5260;Drs. Wage Firgantoro, S.Gz;74739;qsaragih@yahoo.com
5261;Jati Wulandari;90715;capa31@ud.co.id
5262;Viman Prasetyo;05198;nutama@hotmail.com
5263;Paulin Nugroho;60730;suryatmijanet@perum.id
5264;Yuni Mardhiyah;06272;ira78@pt.web.id
5265;Taufik Uyainah;09039;itarihoran@ud.or.id
5266;Almira Sitompul;64849;wibisonodipa@yahoo.com
5267;Irsad Budiman;01974;sadinapangestu@pd.org
5268;Umaya Mustofa;11727;nsetiawan@ud.org
5269;Syahrini Hakim, M.TI.;72022;tampuboloncarla@perum.net.id
5270;Dasa Haryanto;03082;parman84@ud.int
5271;dr. Lalita Waluyo;68824;zulaikapranawa@pd.org
5272;Dr. Titin Maulana, S.Farm;70870;lprasetyo@ud.net.id
5273;Darijan Rajata;02362;umartampubolon@pt.or.id
5274;Emas Winarsih, S.E.I;02928;winarnogantar@gmail.com
5275;Cut Latika Marpaung;78006;utamimila@hotmail.com
5276;Hj. Betania Hassanah, S.Ked;59867;yogawinarsih@ud.mil
5277;Tgk. Lukman Napitupulu, S.Psi;99754;kuswandarizizi@pd.int
5278;Zelaya Mahendra;21605;mamanrahimah@ud.gov
5279;Tri Permadi;18311;pangestu09@hotmail.com
5280;drg. Ian Santoso;26174;oktavianinugraha@hotmail.com
5281;Purwanto Widiastuti;36984;kenessusanti@gmail.com
5282;Hari Wastuti;22224;hartatiyuliana@pd.id
5283;Hj. Lintang Prabowo, M.TI.;79410;citramarbun@gmail.com
5284;Rizki Padmasari;75210;vsaputra@hotmail.com
5285;Yunita Budiman, S.H.;79420;pwahyuni@perum.go.id
5286;Nalar Hastuti, M.Kom.;62566;marwata10@ud.or.id
5287;Tgk. Paris Hidayanto;84553;kamilahidayat@perum.net
5288;Jaga Dongoran;59810;mmaulana@hotmail.com
5289;Salimah Saptono;45297;lutfan34@hotmail.com
5290;Hj. Kamaria Wasita;52382;mujur65@pd.go.id
5291;R. Hana Yuliarti, M.Kom.;05298;harjolaksita@ud.or.id
5292;Sutan Lasmono Utami;58956;manullangmumpuni@perum.int
5293;Dinda Budiman;91212;gangsa24@gmail.com
5294;Dr. Nyoman Laksita, M.Pd;81391;taswirnashiruddin@cv.int
5295;Ir. Eluh Yuliarti, M.Farm;60528;isimbolon@gmail.com
5296;Hj. Cindy Susanti, M.Pd;81192;namagamuni@gmail.com
5297;Nalar Ramadan;11664;lestariintan@yahoo.com
5298;Icha Usada;67447;lestariprasetya@gmail.com
5299;Nugraha Firgantoro;05448;balanggapranowo@yahoo.com
5300;Bala Yuniar;06321;jamil98@gmail.com
5301;Siska Sihombing, S.Sos;21879;baktiono11@ud.or.id
5302;Tgk. Talia Maryadi;19802;mahmudwinarno@hotmail.com
5303;Tiara Setiawan;59330;yuliartinajib@pt.id
5304;dr. Farhunnisa Haryanti;98519;hari79@perum.ponpes.id
5305;Ir. Aurora Saputra, S.IP;16762;yunikuswoyo@hotmail.com
5306;Talia Sudiati;08745;qkusumo@gmail.com
5307;Drs. Cawisono Usamah, S.Kom;35568;sarahnugroho@ud.co.id
5308;Yance Najmudin;37238;adikarapermadi@cv.sch.id
5309;Darsirah Haryanto;73414;purwantofirmansyah@perum.id
5310;Damar Firgantoro;69567;fdabukke@ud.desa.id
5311;Mutia Wibisono;74782;dindakuswoyo@cv.web.id
5312;Balijan Sitompul;12832;qmangunsong@gmail.com
5313;Pranata Purwanti;52681;aisyah53@gmail.com
5314;Rina Nuraini;70309;asmadi79@pt.id
5315;Titi Mustofa, M.M.;72927;tambataswir@ud.biz.id
5316;Nasrullah Anggriawan;62862;putrapardi@pd.web.id
5317;Niyaga Namaga;12182;halima60@cv.sch.id
5318;Danang Oktaviani, S.I.Kom;96740;wahyunibakda@perum.desa.id
5319;Irfan Maryadi, S.Ked;00042;rhassanah@hotmail.com
5320;Kezia Hassanah;08770;wmustofa@gmail.com
5321;Indah Zulkarnain;03576;jnababan@gmail.com
5322;Aisyah Sudiati;93767;dasa47@hotmail.com
5323;drg. Slamet Hassanah;22508;putigunawan@hotmail.com
5324;Kayla Mangunsong, S.Gz;08974;jamalia13@cv.org
5325;R.M. Cahyo Saptono, S.I.Kom;03064;suryonotri@pd.gov
5326;Putri Prasasta;16204;qkuswandari@gmail.com
5327;drg. Betania Usamah;45405;wisnuyulianti@pd.edu
5328;T. Karsa Permata, S.Pd;26141;tsuryatmi@perum.edu
5329;Dr. Ulya Narpati;30643;salahudinjamil@pt.net.id
5330;Sabrina Wibisono, S.Pt;63914;sthamrin@pt.int
5331;Niyaga Kurniawan;99008;uwaisrestu@yahoo.com
5332;Sutan Respati Purwanti, M.Kom.;36454;rajatavero@pt.edu
5333;Cut Mutia Puspita, S.T.;85281;marpaungjaeman@gmail.com
5334;Tgk. Yance Widiastuti;98737;zpratama@hotmail.com
5335;Empluk Prayoga;76685;bramadan@cv.edu
5336;Cinthia Kusmawati;58465;gsimbolon@cv.edu
5337;Lasmanto Natsir;52800;anirajata@hotmail.com
5338;Sabri Prasasta;31576;marpaungmumpuni@pd.co.id
5339;Clara Saragih;56618;among29@pt.sch.id
5340;Amelia Rahmawati;28067;eriktarihoran@cv.my.id
5341;Hartaka Permata, M.Pd;60676;sidiqwasita@hotmail.com
5342;Dr. Tantri Novitasari;51118;bakijanprakasa@hotmail.com
5343;Ani Kusmawati;00691;upikrahimah@pd.desa.id
5344;Garda Wibisono;38220;putrarespati@perum.desa.id
5345;Gasti Riyanti;79025;adinataaryani@perum.or.id
5346;R.M. Bakda Sinaga, S.Psi;39858;thalimah@ud.mil
5347;Okto Nurdiyanti;33128;mumpuniwulandari@hotmail.com
5348;Yance Suwarno;85675;zdongoran@pt.web.id
5349;Anastasia Nashiruddin;09174;ahidayanto@pt.desa.id
5350;Diana Namaga;16106;elonmulyani@yahoo.com
5351;Raden Adriansyah;12740;samosirimam@pd.int
5352;Icha Situmorang, S.T.;72084;ramapuspasari@pd.ac.id
5353;Lukman Yuliarti;43102;dkurniawan@pd.web.id
5354;Ikhsan Puspita;14817;lutfan59@ud.com
5355;Hj. Fitriani Aryani, M.Kom.;51782;hthamrin@hotmail.com
5356;Hj. Vanya Tarihoran;83445;widodomahfud@yahoo.com
5357;Emin Ardianto;83749;maryatikanda@perum.gov
5358;Harjasa Iswahyudi;23005;siregarmahmud@cv.mil.id
5359;Tgk. Almira Ramadan, S.Gz;62074;zulaikadwi@yahoo.com
5360;drg. Vanya Uwais, S.Pd;18704;gadingwidiastuti@perum.or.id
5361;Gamanto Napitupulu;72985;mpratiwi@pt.id
5362;Maria Andriani;69184;qiswahyudi@cv.desa.id
5363;Uli Mandala, S.T.;56025;victoriazulkarnain@hotmail.com
5364;Ghaliyati Ardianto;80124;nwidiastuti@hotmail.com
5365;Argono Mandasari;20724;hastutipanca@perum.my.id
5366;Tgk. Titi Utama;21996;karsamansur@yahoo.com
5367;Taufik Aryani, S.Kom;45552;glaksita@yahoo.com
5368;Cawuk Permadi;61261;budimanvega@pd.web.id
5369;Endra Dabukke, S.Gz;73435;kyuliarti@cv.org
5370;R. Embuh Rahmawati;18693;gasti76@yahoo.com
5371;Garda Purwanti, S.Gz;29669;lazuardikeisha@pt.net.id
5372;Yessi Firmansyah;87170;jonoprasasta@gmail.com
5373;Tina Prasetya;36303;balamantriwijayanti@pd.ac.id
5374;Farhunnisa Prasasta;48360;kusumowawan@ud.ponpes.id
5375;Estiono Prasetyo;37968;dsaputra@cv.mil.id
5376;Imam Aryani;48692;qkusmawati@gmail.com
5377;Cakrabuana Prakasa;58503;yhandayani@hotmail.com
5378;Karta Yulianti, S.Psi;26539;lestarimartana@yahoo.com
5379;Karen Wibowo;12182;belindahutapea@hotmail.com
5380;Jayeng Prastuti;56678;kuncara49@cv.mil
5381;Galur Sirait, S.Sos;16780;prabowoganjaran@ud.mil.id
5382;Dr. Yulia Waluyo;25971;umarmustofa@perum.mil.id
5383;Mulyono Yuliarti;72881;erikwastuti@yahoo.com
5384;Kania Wulandari;41597;zsetiawan@pd.sch.id
5385;dr. Zamira Suartini;40810;gilangagustina@pt.desa.id
5386;R.A. Anastasia Tampubolon;69178;uliyuliarti@pd.co.id
5387;Septi Marpaung, M.Kom.;55606;sitompuladitya@hotmail.com
5388;Drs. Vivi Haryanto, S.I.Kom;66960;thamrinyosef@cv.go.id
5389;Dipa Yolanda;23549;adinata96@cv.web.id
5390;Mitra Winarno;95439;bagas36@ud.sch.id
5391;Setya Najmudin, S.Sos;19299;kurnia23@hotmail.com
5392;drg. Bakiman Hutapea;30912;hakimelvin@yahoo.com
5393;Umar Pratiwi;81952;lestaricarla@hotmail.com
5394;Sutan Warta Sinaga, S.E.;89561;wirdadamanik@ud.edu
5395;Prayoga Nashiruddin;44645;cornelia51@pd.desa.id
5396;Wirda Wastuti;98626;tasdikkuswandari@perum.com
5397;Nilam Anggraini, S.Psi;11146;ajimatsuryono@perum.sch.id
5398;Jais Jailani;06346;sinagasalsabila@pd.my.id
5399;Ade Yuniar;61638;sakamaryadi@cv.or.id
5400;Rafi Mustofa;81532;ratnanamaga@hotmail.com
5401;Asirwanda Budiyanto;70430;gnarpati@yahoo.com
5402;Puti Shania Waluyo;72585;lazuardimulyono@yahoo.com
5403;Maryanto Tampubolon;38017;nasyiahgatot@cv.ac.id
5404;dr. Emas Nasyiah, S.I.Kom;56166;nasyidahmahesa@gmail.com
5405;Cut Maya Iswahyudi, M.Kom.;07476;mulyaniarta@ud.mil
5406;Hani Wijaya;23380;teguhpertiwi@pd.ac.id
5407;Alambana Suwarno, S.Pt;18483;sihombingdiana@yahoo.com
5408;Yessi Nasyidah;63433;zulaikha78@pd.mil.id
5409;Bakiono Utama;10053;waluyojanuar@pd.my.id
5410;Hasna Wijaya;46671;edward85@hotmail.com
5411;Drs. Saka Winarsih, M.Kom.;51302;bakidinhassanah@perum.ac.id
5412;Zamira Firgantoro;47810;anggriawanfarah@pd.int
5413;Tania Hardiansyah;05992;ajeng46@yahoo.com
5414;Salimah Widodo;49709;amanullang@yahoo.com
5415;Rosman Kuswoyo;08500;faridalaras@yahoo.com
5416;Zelda Rahmawati;99729;balamantrisinaga@gmail.com
5417;Dt. Radit Zulaika;55666;emandala@ud.id
5418;Nugraha Maryadi;97966;rgunawan@hotmail.com
5419;Rusman Hakim;14450;lhutapea@pd.ac.id
5420;Bella Setiawan;01067;ellis75@hotmail.com
5421;Drs. Yance Kuswandari;21237;chardiansyah@hotmail.com
5422;Cawisadi Hidayat;92341;sihombingkenari@yahoo.com
5423;Hamima Nasyidah, S.Pd;38797;cakrawangsapermata@pd.or.id
5424;Silvia Mandala;45040;anastasia43@gmail.com
5425;Raina Thamrin;17834;rahimahumi@yahoo.com
5426;Cemeti Lazuardi, S.Sos;86545;yusufsihotang@pd.net.id
5427;Jamal Pertiwi;93377;slamet48@gmail.com
5428;Lasmanto Hassanah;82582;megantaragangsar@perum.co.id
5429;Cemeti Salahudin;16040;asiregar@yahoo.com
5430;Elisa Waskita;74090;bagas24@pd.co.id
5431;Murti Marbun;78396;himawan90@pd.web.id
5432;dr. Karma Pradipta, S.Pt;51881;fujiatiajeng@pd.net
5433;Ajimat Sitompul;51037;ssantoso@cv.my.id
5434;Ghaliyati Waluyo;83312;spuspasari@gmail.com
5435;Cinta Kuswandari;05852;kambali76@pd.desa.id
5436;Soleh Nurdiyanti;54046;qhardiansyah@cv.ponpes.id
5437;Maria Namaga;46602;mmaheswara@hotmail.com
5438;Bakidin Latupono;69365;hnababan@perum.org
5439;Kardi Widiastuti;48184;nbudiyanto@hotmail.com
5440;Jessica Nurdiyanti;10664;mariadi28@cv.int
5441;Kania Prabowo;56998;kacung75@hotmail.com
5442;Zalindra Prabowo;11991;palastridamu@ud.gov
5443;Rachel Sitompul;23012;rachelsuryono@pt.web.id
5444;Drs. Mitra Kusmawati;47997;harsanto63@yahoo.com
5445;Putri Prayoga;73118;teddy78@perum.desa.id
5446;Ir. Yunita Manullang;53149;hendradongoran@cv.ponpes.id
5447;Pranata Simanjuntak, S.Psi;92205;genta29@yahoo.com
5448;R. Mitra Yolanda, S.Ked;25807;martaka03@yahoo.com
5449;Titi Maheswara, S.Pt;27820;nasyidahvivi@pd.net.id
5450;Jaeman Prabowo, S.Kom;43695;usitompul@pt.web.id
5451;Lukita Sihombing;92007;adityabudiman@gmail.com
5452;Cut Dewi Prasetya, S.E.I;59706;najam50@gmail.com
5453;Pia Permadi;95593;nabila31@yahoo.com
5454;Amalia Widiastuti;61976;xfujiati@gmail.com
5455;R.M. Galur Siregar, S.E.;60975;citrasiregar@cv.gov
5456;dr. Sari Prastuti, S.E.I;48006;lurhurwaluyo@ud.my.id
5457;Saiful Pranowo;16112;dongoranlatika@pt.desa.id
5458;Jaya Yuniar;14966;zmaryati@perum.int
5459;Betania Agustina;64832;balamantri48@perum.go.id
5460;Wage Sihotang;40868;emildabukke@hotmail.com
5461;Maimunah Puspita, M.M.;41307;ladriansyah@yahoo.com
5462;Betania Halim;00222;carlausada@hotmail.com
5463;Dr. Imam Rajata, S.E.I;22709;wijayantibaktiono@ud.com
5464;Yance Yulianti;13755;puti03@hotmail.com
5465;Zelda Mandasari;04364;nabila35@hotmail.com
5466;Kezia Prastuti;28204;kusumopanca@pd.ac.id
5467;Vanya Sitorus, S.Ked;56198;qsinaga@yahoo.com
5468;Dina Narpati;24494;pertiwibalangga@cv.id
5469;Jane Pertiwi;27740;vanesa48@pt.my.id
5470;Cut Dewi Mulyani;96395;danang07@pd.ponpes.id
5471;Dr. Ulva Damanik, S.Farm;09323;spermadi@ud.mil.id
5472;Ir. Ega Hardiansyah;85253;nurul72@yahoo.com
5473;Victoria Narpati;26248;ragustina@yahoo.com
5474;Bella Simbolon;12465;kasusra07@yahoo.com
5475;Queen Winarsih;02298;ganjaransitumorang@pd.edu
5476;Jaswadi Maulana;04663;prakasasamsul@perum.sch.id
5477;Eman Hutasoit;15311;tomi95@hotmail.com
5478;R.A. Paris Samosir, S.I.Kom;59163;latif97@pt.ac.id
5479;Michelle Pratiwi;57555;kuswandarilalita@hotmail.com
5480;Argono Kusmawati;55952;ajeng65@hotmail.com
5481;R. Gasti Manullang;52711;siraityosef@cv.com
5482;Putri Laksmiwati, S.E.;79358;vyolanda@pt.web.id
5483;H. Cager Simbolon;72030;mansurwarji@cv.org
5484;Purwa Gunarto, S.Farm;06272;anita72@hotmail.com
5485;Juli Wijaya, S.Ked;28283;raharja08@yahoo.com
5486;Rafid Uwais;57030;fnashiruddin@perum.go.id
5487;Diah Kuswandari;52002;hesti91@ud.my.id
5488;Banawa Kuswandari;79284;zamirahalim@hotmail.com
5489;dr. Dariati Jailani;68235;cmaryadi@pt.desa.id
5490;R. Jasmin Rajasa;62759;upurwanti@gmail.com
5491;R.M. Rusman Rahmawati;26885;eli37@yahoo.com
5492;Almira Halim, M.M.;56000;limarandriani@gmail.com
5493;Mursinin Nababan;97715;siregarulya@gmail.com
5494;Anggabaya Samosir;83968;rudipermata@perum.ponpes.id
5495;Ganjaran Januar;37508;jaemanmulyani@gmail.com
5496;Lintang Wibowo, S.Gz;64870;znashiruddin@cv.gov
5497;Karma Rajata;95762;dadriansyah@ud.net
5498;Cemani Marpaung;78165;fsuwarno@yahoo.com
5499;Belinda Susanti, S.I.Kom;27404;mujur57@hotmail.com
5500;Muhammad Saefullah;11583;gthamrin@yahoo.com
5501;Ira Thamrin;97836;irfanhabibi@gmail.com
5502;Karja Prasasta;90538;ella06@hotmail.com
5503;Endra Sihotang;38193;gprastuti@cv.or.id
5504;Yuni Marbun;72805;yuliantiasirwanda@hotmail.com
5505;Ella Adriansyah, S.E.I;70005;gsiregar@cv.or.id
5506;Zulaikha Lailasari;42728;titinanggriawan@ud.gov
5507;Winda Haryanti;37264;mulyonohartati@yahoo.com
5508;Jelita Maryadi;48580;emelani@yahoo.com
5509;Shakila Saefullah, M.TI.;56938;tnuraini@ud.ponpes.id
5510;Ir. Asmuni Rahayu, S.Ked;47408;orahimah@yahoo.com
5511;Hafshah Jailani, S.E.;87438;faridamahmud@pt.mil
5512;Mulyanto Wasita;71005;xmarbun@ud.mil.id
5513;Padmi Laksmiwati;57287;oktavianijail@cv.go.id
5514;Ir. Bakiono Latupono, S.Kom;23732;marsudinashiruddin@yahoo.com
5515;Malik Megantara, M.Kom.;55080;gamanto24@hotmail.com
5516;Lurhur Hardiansyah;72564;adriansyahnalar@hotmail.com
5517;Vicky Adriansyah, M.Ak;77285;limar83@ud.ponpes.id
5518;Rudi Hartati;55109;sjanuar@yahoo.com
5519;Balamantri Sitompul, S.IP;33278;tasnimandriani@perum.web.id
5520;Marwata Rajata, S.Pt;97957;rajasahafshah@perum.or.id
5521;Dt. Gadang Wibowo;42219;jsafitri@yahoo.com
5522;Tiara Najmudin, S.Pd;67314;fujiatitugiman@yahoo.com
5523;Zizi Setiawan;30572;oman81@hotmail.com
5524;Dr. Hafshah Thamrin;93333;bagussalahudin@hotmail.com
5525;Dt. Mustofa Pradana, S.Kom;81716;kamaria34@cv.mil
5526;Soleh Hassanah;97571;hutasoitzelaya@perum.com
5527;Maimunah Hariyah;78009;haryantimursinin@hotmail.com
5528;Darmaji Kuswandari, S.Ked;80705;elmalatupono@yahoo.com
5529;Dr. Edward Pranowo, S.Pt;86651;hendrakusumo@pd.web.id
5530;drg. Ilyas Saragih;73823;sucimardhiyah@pd.net.id
5531;Drs. Cahyanto Saptono, S.E.I;36369;drajat31@ud.mil.id
5532;Vanya Mardhiyah, M.M.;30042;heru17@yahoo.com
5533;Raisa Melani;25573;znababan@gmail.com
5534;R. Nurul Safitri, M.M.;01959;rpadmasari@hotmail.com
5535;Ika Anggriawan;25292;ihardiansyah@cv.gov
5536;R. Lintang Prabowo, S.Psi;67229;paiman58@yahoo.com
5537;Icha Suryatmi;16815;pmelani@hotmail.com
5538;Puput Suwarno;41470;ppradipta@yahoo.com
5539;Emong Farida;48817;bella96@hotmail.com
5540;Gatot Fujiati;13025;ikhsanwijayanti@gmail.com
5541;Sutan Ganep Halimah, S.E.I;27006;gangsa05@gmail.com
5542;Cindy Anggraini;77637;winarnoyusuf@pt.net.id
5543;Restu Wastuti;70206;paimanhastuti@hotmail.com
5544;Fitriani Hassanah;69027;najmudinbalangga@ud.biz.id
5545;Septi Wasita;36928;simbolonmaryadi@yahoo.com
5546;Ghaliyati Pradipta;54312;jinawi29@pd.desa.id
5547;Restu Budiman, S.I.Kom;48356;kariman74@hotmail.com
5548;Tina Sudiati;58761;pandu25@pd.desa.id
5549;Saadat Wijayanti;96285;limarpranowo@cv.int
5550;Raina Aryani;33592;kurniawanlimar@yahoo.com
5551;Drs. Bala Riyanti;50554;cwahyuni@yahoo.com
5552;Tedi Purnawati;20908;bakti16@pd.or.id
5553;Jelita Anggraini, S.Sos;06151;obudiyanto@pd.edu
5554;Galar Suwarno;20182;fwacana@ud.biz.id
5555;Dinda Farida;03307;aanggriawan@perum.net
5556;dr. Olivia Novitasari;00895;cahyanto59@yahoo.com
5557;dr. Usyi Kuswandari;93925;qsaptono@hotmail.com
5558;Zaenab Siregar;74189;ameliaastuti@pt.net
5559;Cahyadi Simanjuntak;26367;ulvamaheswara@perum.ac.id
5560;Bahuwirya Namaga;81087;unggulpangestu@gmail.com
5561;Ade Widodo, S.Pd;00126;nataliawinarsih@gmail.com
5562;Ciaobella Prastuti;11259;usamahkajen@gmail.com
5563;Gabriella Suryono;47681;vicky56@gmail.com
5564;KH. Saadat Zulkarnain, S.Pt;37883;marsudi48@ud.biz.id
5565;Murti Puspasari, S.Farm;19891;mutami@pt.biz.id
5566;Hasna Haryanti;15991;prabawasiregar@gmail.com
5567;Tantri Nugroho;92161;hutasoitjarwa@pd.sch.id
5568;Umi Natsir, S.Psi;96181;nurdiyantiganjaran@pt.co.id
5569;Cut Hesti Palastri;64316;rsalahudin@yahoo.com
5570;dr. Tiara Siregar;26891;daru27@perum.web.id
5571;Rini Rajata;50639;wisnuastuti@ud.sch.id
5572;drg. Jaswadi Andriani, M.Ak;32631;efirgantoro@ud.org
5573;Zamira Riyanti, S.Gz;56030;jokomansur@yahoo.com
5574;Elisa Purwanti;62745;suryonogarang@yahoo.com
5575;Diah Siregar;42921;maryativanya@yahoo.com
5576;Lurhur Oktaviani, S.Sos;96987;atmajalatupono@ud.co.id
5577;Silvia Salahudin;36086;gabriella80@ud.my.id
5578;Anastasia Wasita;65242;najibprayoga@ud.biz.id
5579;Zulaikha Prabowo, S.Kom;47224;ryuliarti@pd.my.id
5580;R. Karna Sihombing;96908;mardhiyahmarwata@hotmail.com
5581;Edi Najmudin, S.Kom;69182;sihotangasmianto@yahoo.com
5582;drg. Gilda Pratama;58191;dartonouyainah@perum.mil.id
5583;drg. Tari Wahyuni;60720;sadinawidodo@pt.sch.id
5584;Gandi Wastuti;18737;tiarapradana@ud.net
5585;Gabriella Nasyiah, M.Pd;58038;aslijanhassanah@yahoo.com
5586;Warsa Natsir;33697;pmelani@ud.gov
5587;Ir. Farah Hidayat;50602;hutagalungprasetyo@pt.org
5588;Kamaria Suwarno, S.E.I;12390;xrajasa@hotmail.com
5589;Azalea Halimah, S.Pd;08387;hardiansyahpranata@perum.com
5590;Ir. Olga Iswahyudi;60010;astutivirman@pd.go.id
5591;Mala Prasetya, S.Kom;20811;irawangamanto@yahoo.com
5592;Wirda Yolanda;61951;zdongoran@ud.id
5593;Jati Saputra, M.TI.;65370;cawisono87@hotmail.com
5594;Atmaja Hardiansyah;59260;edisonsitumorang@yahoo.com
5595;Hafshah Kurniawan, S.E.;78309;dadapprasasta@pd.gov
5596;Carla Mayasari, M.Kom.;18947;balangga87@hotmail.com
5597;Bakijan Saputra, M.TI.;99799;lailasarivivi@pt.sch.id
5598;Asirwanda Santoso, S.Kom;25126;umelani@pt.id
5599;Ilyas Prasetya, S.Sos;34607;makara84@hotmail.com
5600;Ika Wahyuni;62326;gpadmasari@ud.org
5601;Fitria Oktaviani;34420;winda69@perum.int
5602;Kairav Lailasari;21560;johanramadan@pt.gov
5603;Bala Andriani;84559;rahmanwulandari@yahoo.com
5604;Kamila Simanjuntak;65827;hartatihesti@gmail.com
5605;dr. Gangsa Wibisono;33664;talia92@pd.my.id
5606;Kiandra Hassanah;20976;melanigangsar@perum.or.id
5607;Dt. Wage Nababan;28165;suryatmikanda@hotmail.com
5608;Kunthara Hardiansyah;87924;dlestari@gmail.com
5609;Diana Melani;31051;catur95@perum.co.id
5610;Ganjaran Permadi;59262;budiyantopangestu@cv.go.id
5611;dr. Kamila Januar;46161;rendy62@pt.id
5612;Fitriani Nasyiah;56475;onababan@yahoo.com
5613;Julia Farida;49674;qwibowo@yahoo.com
5614;dr. Kambali Narpati;21738;syahrinilailasari@cv.org
5615;Umi Santoso;12611;npudjiastuti@cv.gov
5616;dr. Titin Puspasari;44339;yuliantiunggul@ud.sch.id
5617;Cut Indah Permadi;38199;kardi15@cv.my.id
5618;Shakila Puspita;51467;oliviasuryono@perum.org
5619;Budi Rajata;18498;pratiwikasusra@hotmail.com
5620;Cakrawangsa Habibi;04010;namagaargono@hotmail.com
5621;Olga Aryani;24002;cindysaefullah@hotmail.com
5622;Jamil Lestari;53545;gara81@hotmail.com
5623;Yusuf Rahimah;84854;estiononuraini@hotmail.com
5624;Malika Nashiruddin, S.Sos;38275;cakrawalazulaika@cv.net
5625;Kamaria Purnawati, M.M.;41579;smelani@perum.desa.id
5626;Ratih Damanik, M.Farm;03778;ibunjailani@ud.mil
5627;Bala Agustina;39152;suryonolaila@gmail.com
5628;Halima Yolanda;65644;iansirait@perum.edu
5629;Adikara Permadi;12547;latikahidayat@ud.ac.id
5630;drg. Dewi Simbolon, S.Pt;40436;zahra04@perum.ponpes.id
5631;Darmanto Natsir, M.M.;50674;belinda16@hotmail.com
5632;Usman Irawan;20187;dadi45@ud.biz.id
5633;Kawaca Sitompul;50002;suartiniwasis@gmail.com
5634;Uchita Halimah;37089;sinagacinthia@gmail.com
5635;Cut Cornelia Wulandari, M.M.;41782;permadiicha@gmail.com
5636;Tgk. Siska Mustofa, S.Gz;39641;oktomardhiyah@yahoo.com
5637;Elisa Namaga;15703;hfirmansyah@gmail.com
5638;Tgk. Gamanto Pranowo;55422;pandu29@yahoo.com
5639;Tgk. Hafshah Winarsih;96907;suryapermata@pt.mil.id
5640;Ir. Usyi Mangunsong, M.Pd;20152;nilamwahyudin@yahoo.com
5641;Suci Gunarto;85370;wulandarilintang@pd.or.id
5642;Kania Suryono;64976;anggriawandaryani@yahoo.com
5643;Nova Prasetya;35634;tirtanuraini@gmail.com
5644;Simon Hidayat, S.I.Kom;74291;karimahlailasari@hotmail.com
5645;Rudi Suartini;50331;foktaviani@hotmail.com
5646;Tgk. Wawan Simanjuntak;03641;natsirdaniswara@cv.ponpes.id
5647;Banara Riyanti, M.M.;08885;purwatamba@gmail.com
5648;Vega Maulana, S.Gz;95879;permatasakti@gmail.com
5649;Nadia Suryatmi;11268;yuliantimila@cv.net
5650;Tgk. Makara Iswahyudi;41894;vanyahalim@yahoo.com
5651;Asman Pradana;99528;pudjiastutilantar@ud.or.id
5652;Calista Sirait;26777;twastuti@gmail.com
5653;Oskar Saputra, S.IP;16941;csinaga@cv.my.id
5654;Maryanto Maulana;53391;halimliman@hotmail.com
5655;Melinda Novitasari, S.Ked;80067;prasetyo34@gmail.com
5656;Lala Prakasa;85357;sputra@yahoo.com
5657;Najam Uyainah;29927;halim47@perum.net
5658;R.M. Nasim Laksmiwati, S.I.Kom;96661;atmasalahudin@cv.ac.id
5659;Devi Wasita;58287;samsulpranowo@cv.net.id
5660;Bakiman Kuswoyo;52228;lukita52@cv.com
5661;Yono Lailasari;09550;wfujiati@hotmail.com
5662;T. Dimaz Uyainah, S.Kom;63039;rafi66@pt.net
5663;Ega Prayoga;17032;simanjuntakpraba@cv.ponpes.id
5664;R.M. Ganep Yolanda, S.IP;32664;mursita51@pt.biz.id
5665;Titi Mandasari;57805;asirwada23@yahoo.com
5666;drg. Zulfa Sihombing, M.M.;49061;dartono01@pt.go.id
5667;Rini Melani;09059;bakda10@cv.com
5668;Elvin Purnawati;64287;anajmudin@yahoo.com
5669;Dt. Himawan Nasyiah, M.TI.;07469;cemplunk97@gmail.com
5670;Endra Pratama;77827;opermadi@gmail.com
5671;Tgk. Banara Mahendra, S.Farm;86513;eminbudiman@yahoo.com
5672;Prakosa Susanti;88696;dmulyani@yahoo.com
5673;Asirwanda Marpaung, S.E.I;33341;kajen44@yahoo.com
5674;Radit Nasyidah;50444;kasim73@yahoo.com
5675;Ir. Gamani Puspasari, M.M.;38122;banawa42@cv.desa.id
5676;Ir. Ciaobella Nainggolan, S.E.I;88441;janeharyanti@yahoo.com
5677;Galiono Pranowo;28498;anggriawaniriana@gmail.com
5678;Endra Maheswara;96965;sakti83@cv.web.id
5679;Yuliana Samosir;35091;harsanto92@gmail.com
5680;Kadir Wahyuni;67172;tampubolonedward@hotmail.com
5681;Dimaz Saefullah, S.Sos;61244;galuh25@pd.net
5682;Fitria Wulandari, M.TI.;30343;iwastuti@hotmail.com
5683;T. Dono Halim, S.E.I;27031;lestarigaran@cv.net
5684;Kairav Simanjuntak, M.TI.;81395;csuryono@gmail.com
5685;Ika Waluyo;11756;gpermata@hotmail.com
5686;dr. Paramita Hidayanto;74557;ghanisaputra@pt.ac.id
5687;Margana Budiman;31544;asirwada64@pd.or.id
5688;H. Darmanto Kuswandari;46332;ihakim@pd.desa.id
5689;Unjani Irawan;99741;enamaga@gmail.com
5690;Yani Latupono;06568;pudjiastutiyance@hotmail.com
5691;Hj. Victoria Samosir, S.Farm;56629;cintahutagalung@ud.com
5692;Galuh Hidayanto;09625;gadangharyanto@gmail.com
5693;Farah Ramadan;31193;dalimin25@pt.co.id
5694;Gandi Budiman;17963;shardiansyah@pd.int
5695;Salimah Situmorang;24356;sitoruseluh@gmail.com
5696;Puti Chelsea Utama, M.Kom.;65672;kamilawastuti@gmail.com
5697;Dr. Almira Damanik, S.E.I;63310;adinatawibowo@cv.mil.id
5698;Hj. Hesti Sirait;30867;mandalakardi@gmail.com
5699;drg. Intan Winarno;68699;srahayu@yahoo.com
5700;Putu Safitri;45228;pratamadiah@pt.org
5701;Lili Nasyidah, S.T.;74484;ramadanwarji@yahoo.com
5702;Gantar Wulandari;81543;almira54@yahoo.com
5703;dr. Lintang Saputra;77250;fiswahyudi@yahoo.com
5704;Mahmud Kurniawan, S.Pd;84622;dariati36@gmail.com
5705;Lalita Natsir, S.Pd;88776;cindymegantara@ud.ac.id
5706;R. Ian Megantara, M.Ak;50544;ehakim@yahoo.com
5707;Maria Haryanti;22190;hassanahkadir@gmail.com
5708;Talia Prabowo;29833;bellapermadi@gmail.com
5709;Cornelia Maulana, M.Kom.;53207;winarsihpangestu@yahoo.com
5710;Restu Iswahyudi, M.Kom.;43082;waluyoaditya@yahoo.com
5711;Maria Dabukke;26579;jatipurwanti@yahoo.com
5712;Jumadi Narpati, S.I.Kom;45356;putri20@yahoo.com
5713;Yuni Setiawan;98193;ikhsan90@pt.com
5714;Yani Nashiruddin;17390;prabanatsir@hotmail.com
5715;Hj. Tantri Wahyuni;84796;claksmiwati@gmail.com
5716;Ulva Tampubolon;22411;fhardiansyah@perum.my.id
5717;Dr. Hesti Yuniar, M.Farm;87413;ganephutagalung@perum.com
5718;Salwa Winarsih, M.M.;58222;yulianasantoso@cv.int
5719;Hardana Rajata;33636;dramadan@cv.net
5720;Drs. Ophelia Mandala;14757;sitikusumo@yahoo.com
5721;dr. Tri Siregar, M.Kom.;44787;akarsanawinarsih@cv.ac.id
5722;Daruna Usada;12773;irawanpurwadi@hotmail.com
5723;Dina Wastuti, S.H.;34477;prasetyo46@perum.biz.id
5724;Taufik Nainggolan;80863;vhasanah@yahoo.com
5725;dr. Zamira Fujiati, S.Kom;40915;nzulkarnain@yahoo.com
5726;Vivi Napitupulu;79167;aharyanti@hotmail.com
5727;T. Muni Haryanto;95969;safinamulyani@hotmail.com
5728;Endah Lestari;56842;imustofa@ud.web.id
5729;Tgk. Nadia Santoso;33478;ganda63@hotmail.com
5730;dr. Mutia Prastuti, M.TI.;65874;bsimanjuntak@yahoo.com
5731;Aris Uwais;05661;mnatsir@yahoo.com
5732;Dr. Farhunnisa Sirait;16207;puti82@cv.mil
5733;Luthfi Fujiati;62244;tinawijayanti@yahoo.com
5734;Hardana Sudiati;52365;osiregar@pd.desa.id
5735;Drs. Ana Firgantoro, M.Ak;63535;rajatamuni@gmail.com
5736;Harsanto Halimah;23785;warta07@yahoo.com
5737;Gilda Jailani;54624;gprastuti@hotmail.com
5738;Gara Sihombing, S.Pt;46901;vivi76@cv.gov
5739;Faizah Santoso;42116;gatotnababan@ud.or.id
5740;drg. Ani Laksita, M.Farm;78701;rahayuemong@pt.co.id
5741;Hasta Hidayat;63885;gunawancindy@yahoo.com
5742;Opan Oktaviani;05984;permatadacin@cv.org
5743;Bala Saragih;74384;imulyani@perum.net
5744;Yuliana Wahyuni;73716;rahmi99@gmail.com
5745;Iriana Fujiati;04798;ivan60@hotmail.com
5746;Tedi Nuraini, M.TI.;45354;rnurdiyanti@pd.sch.id
5747;Gamanto Latupono;83900;rafidnashiruddin@yahoo.com
5748;Juli Sinaga, M.Ak;48308;jaishutasoit@hotmail.com
5749;Kayla Maheswara, S.I.Kom;06118;dewi18@yahoo.com
5750;Tira Prastuti;75252;pudjiastutiharsana@perum.ponpes.id
5751;Rika Iswahyudi;55775;wadiriyanti@ud.web.id
5752;Hesti Pranowo;11244;xwasita@pd.mil
5753;Ghaliyati Utama, S.Gz;74704;kanisafitri@yahoo.com
5754;Drs. Saiful Astuti, S.E.;53783;faridahari@pd.org
5755;Elvina Kuswoyo;81858;ppudjiastuti@yahoo.com
5756;Silvia Mandasari;17250;kenziesamosir@gmail.com
5757;Jaeman Jailani;63714;ira42@cv.co.id
5758;Nurul Waluyo;39977;cakrabirawa20@gmail.com
5759;Suci Hassanah;59743;gyuniar@hotmail.com
5760;Nurul Nasyiah;94952;bakti52@gmail.com
5761;Rahman Hidayanto;96178;nardi98@gmail.com
5762;Almira Pranowo, M.TI.;91882;igunarto@yahoo.com
5763;Ir. Juli Putra;28472;aswani39@pt.net.id
5764;Siti Lazuardi;91636;hassanahkarman@ud.biz.id
5765;Hana Maryadi;30653;ciaobella28@yahoo.com
5766;Puti Mila Wacana, S.Gz;26387;raihanagustina@cv.mil.id
5767;Abyasa Samosir;40814;dabukkeyahya@cv.or.id
5768;Cindy Riyanti;57881;ratnanasyidah@perum.my.id
5769;Gantar Agustina;45012;saefullaheva@cv.biz.id
5770;Darman Ardianto;46246;najmudinumar@pd.go.id
5771;Jarwi Sihombing;19935;aditya30@yahoo.com
5772;Putu Firmansyah;86142;saefullahprakosa@gmail.com
5773;H. Edward Wibowo;66787;eluhmangunsong@cv.sch.id
5774;Janet Andriani;56308;enteng91@hotmail.com
5775;Tgk. Ibrahim Hidayanto;99992;nyulianti@yahoo.com
5776;Anita Budiman;63824;bkusumo@perum.edu
5777;Ir. Lili Mustofa;15953;januarindra@hotmail.com
5778;Harjasa Nainggolan, M.Pd;08178;elaksita@hotmail.com
5779;dr. Gilda Sihombing;06362;tambaumi@pd.go.id
5780;Febi Usamah;64182;paulinsuartini@pt.gov
5781;dr. Vivi Putra, S.I.Kom;85586;asmunitamba@pt.mil
5782;Drs. Jaeman Narpati, S.Sos;44508;dwastuti@gmail.com
5783;Yono Prasetya;33222;qsiregar@ud.mil
5784;dr. Zulfa Uwais, S.H.;00211;cahyamegantara@pt.id
5785;Zaenab Usada, S.Kom;28850;wani92@hotmail.com
5786;Jaswadi Wastuti, S.I.Kom;92483;usadabakda@perum.net
5787;Hj. Calista Purnawati, M.Ak;94693;handayanigalang@pt.my.id
5788;Hadi Kuswoyo;80331;arislailasari@pt.mil
5789;Paramita Hidayat;70538;haryantoharimurti@yahoo.com
5790;drg. Ifa Rahayu, M.Farm;95844;mansurmurti@cv.net.id
5791;Panca Usamah;08024;jarwadi05@yahoo.com
5792;Reza Suartini, S.E.I;44620;pratiwisadina@yahoo.com
5793;Lala Suwarno;08018;gsamosir@gmail.com
5794;Cahyono Pangestu, M.Kom.;96678;rahmi20@pd.id
5795;Galak Lestari;73224;adikarawaluyo@cv.net.id
5796;Okta Hutasoit, S.Pt;08550;wibowokenes@cv.int
5797;Hardana Hidayat;65563;vimanmardhiyah@ud.id
5798;Xanana Nuraini;98840;nasyidahasirwanda@pt.desa.id
5799;dr. Eka Saputra;00267;wandriani@gmail.com
5800;Hana Hastuti, S.Sos;18561;csaputra@hotmail.com
5801;Belinda Kurniawan;36486;astutihumaira@yahoo.com
5802;Ulva Rajasa;12867;mulyaniella@gmail.com
5803;drg. Leo Suryono, M.Pd;28672;khalimah@gmail.com
5804;Unggul Laksita;83985;paulinsihombing@gmail.com
5805;Dt. Ajiono Dongoran;99709;sabrina35@gmail.com
5806;Cut Gilda Jailani;53356;danangnajmudin@cv.mil.id
5807;Ajeng Dongoran, M.Pd;52816;rendysaefullah@hotmail.com
5808;Mahmud Wijayanti;78367;elaksita@perum.sch.id
5809;Endra Adriansyah;00530;legawa87@gmail.com
5810;Jagapati Dongoran;72909;bakidinsaragih@hotmail.com
5811;Nilam Maulana;44702;ghariyah@gmail.com
5812;Galar Wulandari;92592;dipa20@yahoo.com
5813;Jane Purnawati;53378;pputra@gmail.com
5814;dr. Harjaya Anggraini, S.Psi;22650;cicinuraini@gmail.com
5815;Dt. Simon Yuniar, S.Gz;30301;vanyajailani@yahoo.com
5816;Dr. Ratih Dabukke, M.TI.;73689;wage51@ud.com
5817;Yulia Nababan;12299;kuyainah@cv.biz.id
5818;Cengkal Novitasari;15978;waskitadariati@hotmail.com
5819;Siti Lailasari;38190;bambangandriani@hotmail.com
5820;Uli Utami;42824;budimanlanang@hotmail.com
5821;Harsanto Pangestu;20910;btarihoran@ud.my.id
5822;Galur Sihotang, M.Pd;17380;wrahimah@pd.edu
5823;R.M. Darmanto Palastri;64059;kartika35@pt.go.id
5824;Garang Yulianti, S.T.;15761;gabriella78@pd.int
5825;Heryanto Zulaika;10183;isaputra@cv.int
5826;Hana Maulana;33779;emil97@cv.net.id
5827;Jamal Usada;28367;sinagaghani@yahoo.com
5828;Fitria Hariyah;14416;uyainahkunthara@gmail.com
5829;Cut Ayu Lazuardi;66250;hyolanda@gmail.com
5830;Usman Siregar;74945;ramadannaradi@perum.sch.id
5831;Intan Melani, S.E.;82395;jaiman85@gmail.com
5832;Jayeng Safitri, M.Kom.;31590;cmelani@pt.ac.id
5833;Puti Natalia Hartati, S.I.Kom;12493;entengsetiawan@hotmail.com
5834;Himawan Samosir, S.T.;36221;zaenab74@pd.com
5835;Sutan Gamani Wahyuni, M.Ak;19098;rwaskita@yahoo.com
5836;T. Indra Ramadan, S.H.;98660;mulya54@yahoo.com
5837;dr. Nabila Maryati, M.Farm;67354;uchitaharyanti@ud.ac.id
5838;Radit Hutapea;53270;emin35@yahoo.com
5839;Belinda Tamba;24835;zulfahidayat@gmail.com
5840;Kania Tamba;52386;wijayaemil@cv.ac.id
5841;Harimurti Siregar;25343;aprabowo@pt.mil.id
5842;Yulia Hutagalung;16193;candra26@yahoo.com
5843;Dasa Pratama, M.Ak;59070;cager71@pd.org
5844;Cemplunk Yuniar;76789;tnarpati@gmail.com
5845;Muni Waskita, S.T.;13235;luishutapea@perum.co.id
5846;Taufik Safitri, M.Pd;56420;iprasasta@gmail.com
5847;Cemplunk Susanti;42686;wibowovero@hotmail.com
5848;Kasiran Megantara;96537;cemplunkramadan@gmail.com
5849;Irsad Hutasoit, S.H.;88333;najmudinoskar@gmail.com
5850;Bakda Setiawan;83947;kadriansyah@yahoo.com
5851;R.A. Cinthia Wahyuni, S.Pt;67054;sitorusunggul@yahoo.com
5852;Ozy Wibowo;82329;ewinarsih@ud.mil.id
5853;R.A. Unjani Widiastuti, M.Farm;50987;maheswaramarwata@hotmail.com
5854;Omar Mustofa;86627;ifahakim@perum.sch.id
5855;Dr. Intan Astuti;33902;maryadinamaga@gmail.com
5856;Oliva Habibi;04437;kaylahastuti@ud.com
5857;Drs. Icha Pertiwi, S.Farm;52594;wijayantihasim@yahoo.com
5858;Ir. Ihsan Prasetyo;30519;daniswarasetiawan@ud.net.id
5859;Makuta Halimah;34179;uyainahaslijan@perum.biz.id
5860;Lukita Saputra;85319;zulkarnainmaida@yahoo.com
5861;Laksana Simanjuntak;97269;unajmudin@gmail.com
5862;Cahyadi Nashiruddin;36065;ejanajmudin@ud.ponpes.id
5863;Ir. Indra Pradana, S.Farm;55179;paulin88@cv.biz.id
5864;Drs. Estiawan Hakim;12847;hardiansyahkacung@ud.or.id
5865;Ghani Saragih, S.IP;67108;koko57@pd.id
5866;dr. Devi Damanik, M.M.;13308;damanikwinda@cv.mil
5867;Laswi Rajasa;57309;keziapurwanti@ud.web.id
5868;dr. Fathonah Habibi, M.Farm;64767;sadina24@perum.my.id
5869;Tgk. Mutia Mandala, S.Pd;65782;oktadamanik@ud.id
5870;Fitria Napitupulu;72075;dkuswandari@yahoo.com
5871;Edward Januar, M.M.;11550;gmandala@cv.id
5872;Novi Setiawan;15069;hidayatcakrawala@pd.net
5873;Drs. Cici Siregar, M.TI.;12390;karma17@perum.net.id
5874;Hasim Pertiwi, M.TI.;73303;vivimarpaung@perum.ponpes.id
5875;Galih Saefullah;19421;hastutiarsipatra@pt.ac.id
5876;Fitria Aryani, S.Pd;42595;simanjuntakcindy@hotmail.com
5877;Dian Maryadi;59088;jabal27@perum.co.id
5878;Ina Natsir, S.Kom;03615;halimahdanu@perum.ponpes.id
5879;Lega Wijaya;72915;damanikira@pd.my.id
5880;Perkasa Sinaga, S.Sos;86844;jailmandasari@ud.com
5881;T. Opung Pangestu;74611;mulyasirait@cv.go.id
5882;T. Mujur Jailani, S.Sos;20523;shaniauwais@hotmail.com
5883;Yuni Salahudin;69736;tina66@gmail.com
5884;Hasna Marpaung;14740;amongrahimah@gmail.com
5885;Janet Kusmawati;29240;mulyanienteng@yahoo.com
5886;Cut Ami Waluyo, S.E.;67078;nhalimah@cv.id
5887;Dr. Adika Prasetya;06882;haryantimulyono@pd.sch.id
5888;Fitria Purnawati, M.Kom.;66651;kamariasaptono@pt.net
5889;Darmana Pranowo, M.M.;33924;gamanto37@pd.int
5890;Usyi Wastuti;63065;wahyunifarhunnisa@gmail.com
5891;Tedi Iswahyudi, M.TI.;82969;hakimkemal@hotmail.com
5892;Ani Natsir;30946;nrimagunarto@gmail.com
5893;Lintang Hutagalung;73853;kyolanda@yahoo.com
5894;Wulan Nurdiyanti;81192;laksitapurwanto@yahoo.com
5895;Jane Nugroho;37487;ibunmarpaung@gmail.com
5896;Mahdi Safitri;13378;dpangestu@yahoo.com
5897;Dacin Sirait;79416;cemani68@gmail.com
5898;Carla Novitasari, S.Psi;01670;baktiadi30@cv.mil.id
5899;Hj. Salimah Sihotang, S.I.Kom;30051;darmantohutasoit@perum.com
5900;Hj. Anita Widiastuti;32977;ivanjanuar@hotmail.com
5901;Syahrini Hartati;41937;asuwarno@gmail.com
5902;Dr. Rangga Suartini;59769;ikin63@hotmail.com
5903;Paramita Kuswandari;45001;arahmawati@yahoo.com
5904;dr. Dewi Sihombing, S.Ked;34099;xsaptono@perum.mil
5905;Juli Melani;87037;restu60@yahoo.com
5906;R. Ifa Pranowo, S.Kom;54428;mujurutami@cv.org
5907;Ayu Sihotang;63533;hartatiaris@hotmail.com
5908;Tami Prabowo;72880;waskitadarmanto@hotmail.com
5909;Cut Paramita Suwarno;54766;permadinadia@hotmail.com
5910;Bahuwirya Prakasa;37514;warta83@yahoo.com
5911;Anita Suryono, M.Pd;52821;hairyanto33@ud.biz.id
5912;Capa Wibisono;97392;gamblang11@ud.go.id
5913;Kezia Melani;00235;yandriani@hotmail.com
5914;dr. Bajragin Hutasoit, S.E.;26908;bakianto39@cv.sch.id
5915;Citra Puspita, M.Farm;37651;kurniawankurnia@perum.sch.id
5916;R. Calista Sinaga;85554;agnesgunarto@yahoo.com
5917;Jati Puspita, S.Ked;78009;safitricahyanto@pt.ac.id
5918;Fathonah Saputra, S.Psi;02036;gunartoindah@pd.mil
5919;KH. Cahyo Hidayanto, M.Kom.;10790;suartinitaswir@ud.co.id
5920;Jamil Andriani;16061;jail49@yahoo.com
5921;Puti Maida Siregar;05133;yuni32@yahoo.com
5922;Banara Suryono;66303;sinagaestiono@yahoo.com
5923;Puti Nilam Hakim, S.I.Kom;95907;latuponoratih@yahoo.com
5924;Arta Mansur;05235;uprasasta@gmail.com
5925;Cut Cornelia Novitasari;98951;fmulyani@perum.com
5926;Estiono Siregar, S.Pd;96182;zelaya54@cv.edu
5927;Irwan Pranowo;16374;thamrinheru@hotmail.com
5928;Panca Hutapea;39090;goktaviani@hotmail.com
5929;dr. Tantri Pradipta, S.Sos;07236;oanggriawan@perum.org
5930;Tantri Mahendra;14522;latikajailani@cv.net
5931;Atma Nababan;21404;npuspita@cv.ponpes.id
5932;Niyaga Yolanda;19611;nbudiyanto@gmail.com
5933;Indah Saptono;05572;upikriyanti@cv.desa.id
5934;Embuh Yuliarti, S.Psi;79790;ykusmawati@yahoo.com
5935;Candra Zulaika;39037;halimharyanti@perum.my.id
5936;Paiman Kuswoyo;64619;wirdawastuti@pt.net.id
5937;Silvia Nuraini;68212;csuryono@hotmail.com
5938;Ifa Pudjiastuti;98695;zulaikha25@pd.net.id
5939;Banawi Palastri;53040;gamanto91@hotmail.com
5940;Daruna Utama;82217;permatadian@gmail.com
5941;Bagas Lazuardi;82753;ythamrin@pt.ac.id
5942;Vicky Mahendra, S.Farm;55587;respatiharyanti@gmail.com
5943;Ade Pertiwi;99004;bakiantoyolanda@hotmail.com
5944;Dt. Vero Suwarno, S.Kom;64182;umarpaung@hotmail.com
5945;Catur Mayasari;56421;tiara68@ud.net
5946;Dt. Lulut Megantara;49454;fujiatilurhur@pt.org
5947;Okto Maryati, S.Gz;89290;mulyanizelda@pt.gov
5948;Safina Permadi;91023;gatot76@cv.sch.id
5949;Hj. Nilam Rahmawati, M.Farm;87545;nashiruddindiana@pt.web.id
5950;Maida Pertiwi;21782;wadi33@hotmail.com
5951;Tasdik Napitupulu;30288;jthamrin@cv.net
5952;Tgk. Paulin Laksita, S.Psi;54074;fujiatidalima@yahoo.com
5953;Naradi Winarno;43296;kusumahartati@yahoo.com
5954;Cindy Setiawan;36546;januarlantar@yahoo.com
5955;Cindy Narpati, S.Pt;01703;kmahendra@perum.ac.id
5956;Paramita Budiyanto, M.Kom.;27203;fhartati@hotmail.com
5957;Dian Sitompul;99425;artawan20@hotmail.com
5958;Irfan Januar;88894;hidayantogara@cv.web.id
5959;Purwadi Mandasari, S.Farm;92754;rpranowo@yahoo.com
5960;Fitria Situmorang;87551;kani19@ud.net.id
5961;dr. Ratna Najmudin, M.M.;07483;unggul00@cv.go.id
5962;Asmianto Nasyidah;79263;lmandala@hotmail.com
5963;Asirwada Siregar;01114;asmianto85@gmail.com
5964;Drs. Yulia Tarihoran, S.H.;36376;carlahutasoit@yahoo.com
5965;Lurhur Zulkarnain, S.E.;28914;sitompuliriana@ud.net
5966;Ira Hakim;66649;ibrahimsaputra@ud.mil.id
5967;Hj. Zahra Nasyidah;48304;oktavianimurti@gmail.com
5968;Ulva Kurniawan;88795;pertiwiemong@yahoo.com
5969;Kasiran Riyanti, S.Pt;04707;ulazuardi@ud.ac.id
5970;Puji Halimah, S.Kom;72228;rajasarahayu@pd.org
5971;H. Halim Suartini;42295;mandasariestiono@gmail.com
5972;Dartono Nashiruddin;45885;prasetyasudiati@perum.web.id
5973;Yessi Lailasari, S.E.I;36017;hwinarsih@yahoo.com
5974;Karsana Tarihoran;18978;sabar66@hotmail.com
5975;drg. Kamaria Mustofa, S.Pd;93951;hairyanto54@yahoo.com
5976;Sutan Emong Napitupulu, S.Gz;30398;galurhabibi@pt.mil.id
5977;Vanya Yuliarti;64904;nasab46@hotmail.com
5978;Lala Fujiati;40142;ajanuar@cv.gov
5979;drg. Zalindra Yulianti, S.E.;41012;ysamosir@cv.org
5980;Cici Uyainah;95050;gamblang27@pd.com
5981;Dr. Cemani Prastuti, M.Farm;28111;napitupulucakrabuana@perum.biz.id
5982;Wani Purnawati;00631;ramadantaswir@gmail.com
5983;Indah Utami;41744;wirdanugroho@yahoo.com
5984;drg. Lutfan Ramadan, M.Pd;81296;zhalimah@hotmail.com
5985;Harjo Megantara;09268;kusumoharimurti@yahoo.com
5986;Jessica Salahudin, S.IP;52537;maryanto45@perum.ac.id
5987;Eman Winarsih;33907;marsitodabukke@yahoo.com
5988;Padma Winarsih;31606;erajasa@gmail.com
5989;Zizi Mandasari;46490;humairakuswoyo@pd.mil.id
5990;Kariman Laksita;08995;fyuliarti@hotmail.com
5991;Gatot Saragih;88273;oniprabowo@gmail.com
5992;Halima Kurniawan, S.Farm;98621;vimansuryono@gmail.com
5993;Prayoga Hastuti, S.I.Kom;50971;bagas41@hotmail.com
5994;Puti Ratih Prasetyo, S.Gz;52158;enarpati@hotmail.com
5995;Yani Widiastuti;36642;hendri55@cv.mil
5996;Dina Farida;62082;wastutigalang@ud.org
5997;Asmuni Ardianto;43103;queen34@cv.co.id
5998;Vero Saptono, M.Pd;53849;dongoranjatmiko@gmail.com
5999;R.A. Ulva Kuswoyo;98943;maryatienteng@yahoo.com
6000;Carla Nurdiyanti;62285;nlaksmiwati@gmail.com
6001;Gatra Wasita, M.Pd;18772;ldabukke@hotmail.com
6002;Jaswadi Ramadan;71579;galihwibowo@hotmail.com
6003;Prabu Pradana;84060;asuartini@hotmail.com
6004;Elvin Yuliarti, S.Pd;19619;pudjiastutishania@pt.desa.id
6005;Raden Susanti;03195;candra86@cv.web.id
6006;Eli Kuswandari;47188;prasastadewi@yahoo.com
6007;Irfan Nuraini;52610;latif92@ud.sch.id
6008;dr. Rachel Hakim, S.I.Kom;91958;oktavianipuji@gmail.com
6009;Bakti Handayani;71817;simanjuntaksilvia@pt.ac.id
6010;Kartika Waluyo;38863;uwastuti@gmail.com
6011;Karna Pangestu;96790;wfirgantoro@cv.ac.id
6012;Ellis Utama;96240;darijanrahayu@ud.co.id
6013;Samiah Zulkarnain;20595;abyasaprabowo@pt.org
6014;Dr. Hilda Suryatmi, S.Gz;79130;mwastuti@hotmail.com
6015;Gasti Hidayanto;09378;astutisabrina@hotmail.com
6016;Karimah Widodo;83790;banaralestari@perum.int
6017;Almira Wulandari;97421;eka75@pd.edu
6018;Rahmi Mulyani;99335;qlestari@ud.co.id
6019;R. Raisa Fujiati, M.M.;33168;farahnurdiyanti@ud.edu
6020;Cemani Sitorus;58298;wadisafitri@cv.web.id
6021;Ikhsan Jailani;90715;kasim38@yahoo.com
6022;Ana Mardhiyah;83055;legawasihombing@hotmail.com
6023;Nardi Yuliarti;91979;rmaheswara@cv.web.id
6024;dr. Cindy Laksmiwati, S.IP;27473;yoga79@pd.my.id
6025;Eja Pradana;87547;winarsihtami@yahoo.com
6026;Ir. Siti Setiawan;71908;zsafitri@yahoo.com
6027;Fathonah Padmasari;25945;wtarihoran@yahoo.com
6028;Putri Sihotang, S.I.Kom;86868;martani48@cv.com
6029;Febi Rahmawati;18247;hadi18@yahoo.com
6030;Kania Pudjiastuti;93433;wijayantigenta@gmail.com
6031;Nova Maheswara, S.Kom;74029;cornelia17@cv.web.id
6032;Karimah Anggraini;75492;dina42@gmail.com
6033;Sakura Saragih;99101;maria09@yahoo.com
6034;H. Warsa Narpati;20557;lkusmawati@yahoo.com
6035;drg. Ibrahim Mangunsong;34572;halimahusyi@hotmail.com
6036;Agnes Suartini;22318;ahardiansyah@perum.ac.id
6037;Parman Kuswoyo;39166;violet09@yahoo.com
6038;Belinda Wastuti;29852;wahyudinasmuni@perum.net
6039;Rahayu Simanjuntak, S.Pt;98110;eluh51@pt.go.id
6040;Puti Hesti Anggriawan;75296;tprasasta@perum.com
6041;Kanda Gunawan;49576;prayogaembuh@pt.net.id
6042;Tania Yulianti;27436;utamicalista@gmail.com
6043;Wirda Sihombing;53598;sihotangcalista@ud.net.id
6044;Kamidin Laksita, M.M.;82062;yance14@pd.ac.id
6045;Mahdi Uwais;04636;rrahayu@cv.mil.id
6046;Yance Wahyudin;55456;gpranowo@perum.mil
6047;Mumpuni Adriansyah;69471;pratiwihamzah@gmail.com
6048;Tantri Saputra;64959;ana95@gmail.com
6049;Sutan Raden Sihombing;08886;namaganasrullah@pd.ac.id
6050;Hari Purwanti;98054;cwinarsih@pd.biz.id
6051;Michelle Rahimah;82444;ipratama@ud.co.id
6052;Ajeng Novitasari;29203;tugiman00@pd.int
6053;KH. Daryani Setiawan, M.Ak;71228;thamrinwani@perum.ac.id
6054;drg. Laila Kuswandari, M.Ak;89896;dwastuti@perum.edu
6055;Zalindra Aryani;77419;irsad64@ud.mil
6056;Cinta Manullang;65763;yolandakayun@yahoo.com
6057;Latika Nuraini;34886;fujiatiade@hotmail.com
6058;Karimah Haryanti;45640;budi77@hotmail.com
6059;Prayogo Utami;29599;julilestari@hotmail.com
6060;Wulan Hidayat, S.Pd;92225;tiara93@cv.edu
6061;KH. Karna Utami, M.Kom.;31561;wastutireksa@yahoo.com
6062;Darsirah Waskita;95870;nasyidahcahyono@gmail.com
6063;Paiman Ramadan;39299;jarwarahayu@perum.biz.id
6064;Eka Januar;97848;lukman77@gmail.com
6065;Septi Simbolon;71228;hbudiman@gmail.com
6066;Dt. Cengkal Marpaung, S.E.I;56443;ika96@hotmail.com
6067;Irwan Rahimah;71629;knarpati@ud.web.id
6068;dr. Ajeng Mayasari;09284;xrahimah@hotmail.com
6069;Hesti Pratama;92796;siraitjelita@gmail.com
6070;Jaiman Permata;72633;pranatamahendra@yahoo.com
6071;Hartaka Mayasari;81422;prabowocornelia@hotmail.com
6072;Laila Simanjuntak;10081;intan06@perum.mil.id
6073;Gilang Halimah;03751;nurulsuryatmi@yahoo.com
6074;T. Warsa Nashiruddin;35769;yuliartijasmin@yahoo.com
6075;Darsirah Kuswoyo;62790;hhalimah@hotmail.com
6076;Rahmi Halim;11987;yahya17@pt.net.id
6077;Elisa Mansur;38481;megantarawira@perum.gov
6078;Gilang Waskita;53047;zamira61@perum.my.id
6079;Tgk. Emin Haryanti, S.T.;99492;raditya64@pd.my.id
6080;R.A. Elisa Santoso;36452;hakimlurhur@yahoo.com
6081;Ellis Nainggolan;00208;caturanggawibowo@gmail.com
6082;Aisyah Hariyah;63562;rahayuharjaya@yahoo.com
6083;Garang Pratama;00252;purwantiyahya@cv.go.id
6084;Tri Pratiwi;29940;wibowosepti@ud.id
6085;KH. Cahyadi Kuswoyo, M.M.;67634;chelseazulkarnain@gmail.com
6086;Cut Belinda Prasasta;25181;napitupuluirma@perum.gov
6087;Humaira Wibisono;38121;nramadan@gmail.com
6088;Lasmanto Gunarto;35601;michelle41@hotmail.com
6089;Dian Dabukke;06343;jaiman27@hotmail.com
6090;Tgk. Aurora Saptono, M.M.;39838;karimanwijaya@pd.gov
6091;Carla Oktaviani;08733;znababan@yahoo.com
6092;Cornelia Adriansyah;55161;bhardiansyah@gmail.com
6093;H. Reza Mulyani;85646;wasitadadi@perum.gov
6094;Kambali Hidayanto;38378;kusumokarna@ud.go.id
6095;Yuni Mandala;60815;candrahutapea@pd.mil.id
6096;Kadir Narpati;32692;jriyanti@perum.sch.id
6097;Sarah Siregar;58719;hari61@perum.desa.id
6098;Ajeng Puspasari;46084;rachelpermadi@cv.co.id
6099;Vera Budiyanto;26452;anitarajata@hotmail.com
6100;Najwa Kuswoyo;19962;ami45@perum.co.id
6101;Safina Permadi;55006;umayasitumorang@hotmail.com
6102;Abyasa Hasanah;72826;ikabudiman@pt.ac.id
6103;Pangeran Kuswandari;59368;qpradana@pt.org
6104;Okta Astuti;19327;saefullahvero@yahoo.com
6105;Bakda Winarno;69867;lutfan54@yahoo.com
6106;Labuh Tarihoran;28776;thamrinlurhur@pt.org
6107;Puti Uli Marpaung;21534;hafshah39@pd.co.id
6108;Samiah Wibisono;81388;faridalaila@pd.desa.id
6109;Julia Rajata;40598;vanesa82@ud.com
6110;Gamani Pradana;98358;nainggolanclara@hotmail.com
6111;Calista Ardianto;60835;zulkarnaincaturangga@gmail.com
6112;Tgk. Ida Suwarno, M.Ak;08456;bahuwarnasiregar@gmail.com
6113;Novi Lailasari;00082;tambamaida@hotmail.com
6114;dr. Anita Saputra;69910;kasusra47@pt.id
6115;R.A. Ciaobella Widodo, M.Ak;37417;cemplunknovitasari@yahoo.com
6116;Tgk. Hasna Hartati;82012;prasetyaparamita@pd.web.id
6117;Yance Prasasta;48426;tlaksita@perum.my.id
6118;Cut Cornelia Melani;04350;intan58@hotmail.com
6119;Cindy Zulaika;02348;maryadimaryadi@yahoo.com
6120;Puti Ratih Rajasa, S.T.;88043;adikara86@perum.com
6121;Tgk. Zalindra Tarihoran, S.Farm;27849;baktiono97@pt.edu
6122;Satya Maryadi;95175;usiregar@yahoo.com
6123;Ir. Janet Maryadi;64268;wahyunibajragin@gmail.com
6124;Vivi Pudjiastuti;06453;napitupuluolivia@pd.gov
6125;Siska Widodo;88373;kadirputra@ud.co.id
6126;Danang Suryatmi;10775;hartatigalih@perum.net.id
6127;Raihan Yulianti, S.Gz;29273;puspasarisakti@ud.sch.id
6128;Siti Yuniar;80053;tiradamanik@pt.go.id
6129;Jelita Lazuardi;76170;mandaladacin@gmail.com
6130;Asmianto Handayani;72413;irawanyono@perum.gov
6131;Vicky Kusmawati;96355;bagiya58@yahoo.com
6132;Tantri Halimah;01134;gambirawastuti@hotmail.com
6133;Darmana Iswahyudi;39442;wmulyani@perum.mil
6134;Gada Maryati;75980;kasiran37@perum.go.id
6135;Elma Adriansyah;33719;xmelani@pd.gov
6136;Bala Megantara;24231;handayanighaliyati@pd.id
6137;dr. Ellis Nainggolan, S.E.;57789;puji87@hotmail.com
6138;Samiah Setiawan, S.Gz;19603;jlaksmiwati@yahoo.com
6139;Eko Najmudin, S.Sos;28297;fgunarto@ud.mil.id
6140;Rachel Mayasari;08158;latuponosalman@pd.web.id
6141;Kariman Mayasari;58337;nadiapranowo@pd.web.id
6142;Mulyono Megantara;03121;friyanti@ud.sch.id
6143;Eli Pudjiastuti, S.H.;09748;dongoranoliva@gmail.com
6144;Mila Mulyani;05154;rnainggolan@perum.my.id
6145;Ajimat Situmorang;97977;owacana@hotmail.com
6146;Cici Yulianti;82401;silvia41@yahoo.com
6147;Nadine Iswahyudi, M.TI.;25658;palastrirendy@gmail.com
6148;Michelle Tarihoran, S.I.Kom;36899;marpaungpandu@gmail.com
6149;Putri Anggriawan;49852;uuwais@ud.or.id
6150;Jayeng Kurniawan;33723;wfirgantoro@pd.id
6151;Kawaca Mandasari;33135;mursita92@ud.co.id
6152;Adika Damanik;17734;astutiika@hotmail.com
6153;drg. Gamblang Andriani;61623;sihotangemong@gmail.com
6154;Talia Siregar;48314;wawanramadan@cv.desa.id
6155;Almira Uyainah;81759;megantarayulia@perum.or.id
6156;Ir. Maimunah Dabukke;08519;yessi38@hotmail.com
6157;Harimurti Laksmiwati, M.Ak;36184;uwaisjaya@pt.org
6158;Ir. Liman Thamrin;61992;ywibowo@pt.ac.id
6159;Dr. Eko Pangestu;06521;jarwadi26@perum.web.id
6160;Dr. Cakrabuana Lailasari, S.Ked;83984;xutama@hotmail.com
6161;Harsanto Simbolon;52296;hardanahidayanto@ud.my.id
6162;Lili Mansur;20612;banawi34@cv.net
6163;Nugraha Nurdiyanti;55864;cawisadi63@gmail.com
6164;Drs. Gambira Susanti;04754;irma69@hotmail.com
6165;Harimurti Riyanti;24197;bahuwarnasudiati@pd.or.id
6166;drg. Diana Jailani, S.Psi;13256;winarnohartaka@pt.mil
6167;Febi Maulana;46862;whutasoit@hotmail.com
6168;Bagya Aryani;54956;nyoman79@hotmail.com
6169;Dinda Hardiansyah;93786;dinda64@hotmail.com
6170;Ir. Tiara Santoso;03473;nababangalih@perum.my.id
6171;Ir. Prayitna Dongoran;19383;vivi87@gmail.com
6172;Hadi Kusumo, M.Farm;83214;dnatsir@hotmail.com
6173;Jamil Hartati;81253;ellissitompul@gmail.com
6174;Harto Farida;89590;rahmawatihartaka@perum.org
6175;Uda Utama;40464;kurniawanzulaikha@yahoo.com
6176;Qori Mahendra;39706;satyaadriansyah@yahoo.com
6177;dr. Ami Mahendra;67397;marbunharjo@cv.biz.id
6178;Ciaobella Permadi, S.Psi;21166;yuliartishania@cv.id
6179;R. Bala Nurdiyanti;92655;laksmiwatigaduh@pd.org
6180;Tania Tampubolon;22964;laras42@perum.go.id
6181;Mahfud Marbun;83914;nfirgantoro@yahoo.com
6182;Cut Gilda Zulkarnain;06655;cuyainah@cv.my.id
6183;drg. Puti Yuniar, S.E.I;77015;oktavianiirma@pd.net
6184;Radit Saefullah;94125;rsirait@yahoo.com
6185;Salsabila Pranowo, S.I.Kom;41694;mandalaanita@cv.edu
6186;Karman Nugroho, M.M.;27657;natsirwani@yahoo.com
6187;Cut Umi Nuraini, S.Pd;27238;narpatihartaka@perum.id
6188;Wani Setiawan;47621;dmardhiyah@ud.desa.id
6189;Raisa Dabukke;74489;saputramahesa@hotmail.com
6190;Calista Irawan;07593;purwantiajiono@cv.my.id
6191;Gilda Winarno;61840;budi41@yahoo.com
6192;Dalima Widiastuti, S.E.I;52557;paramitariyanti@cv.ac.id
6193;drg. Ophelia Maryadi;04598;tasnimaryani@ud.or.id
6194;Cut Kayla Januar, S.Farm;23517;uyainahrahman@yahoo.com
6195;Dr. Eva Hidayat, S.Kom;86547;jono95@pd.id
6196;Tgk. Himawan Hariyah, S.Psi;21175;mzulkarnain@yahoo.com
6197;Maman Gunawan;66363;yuliartilanjar@pd.or.id
6198;Najam Kusmawati;53062;mala39@hotmail.com
6199;Aurora Pradipta;12516;cakrawalaharyanto@ud.net.id
6200;Dewi Maryati;51322;jmaryati@yahoo.com
6201;Saiful Handayani;52609;prastutiraden@yahoo.com
6202;Ajiono Prakasa;39106;respati08@gmail.com
6203;Silvia Tarihoran, M.TI.;83513;omaryadi@yahoo.com
6204;Ani Adriansyah;40110;situmorangbagya@gmail.com
6205;Galiono Ardianto, S.Pd;05419;xriyanti@pt.mil
6206;Nova Suartini;32380;zsaragih@yahoo.com
6207;Pandu Safitri;97289;gamanto27@perum.mil.id
6208;Talia Mustofa;01191;zelayautama@yahoo.com
6209;Raina Permata;11895;cemplunkwasita@yahoo.com
6210;Marsito Nuraini;47634;bhalim@gmail.com
6211;Among Pradana;78916;luwar04@hotmail.com
6212;Qori Uwais;48018;dasa99@pt.my.id
6213;Diana Hakim, M.Farm;26773;latuponoasmuni@cv.net
6214;Himawan Nugroho;10369;mujur54@hotmail.com
6215;Fitriani Anggriawan, M.Pd;38492;anihalim@perum.org
6216;R.A. Kezia Megantara, S.Sos;46309;cahyono38@pt.sch.id
6217;Tgk. Estiono Wulandari;06068;xwasita@pt.ac.id
6218;Oliva Pradana, S.T.;00778;maulanaabyasa@gmail.com
6219;Teguh Dabukke;88610;wahyunizelaya@gmail.com
6220;Zizi Prastuti;36067;rahman34@perum.or.id
6221;drg. Zulaikha Anggraini;82849;rsitumorang@pt.go.id
6222;Jaka Budiman;04680;yagustina@ud.my.id
6223;Yani Prasasta;30561;tdongoran@pd.my.id
6224;Cinthia Saputra;32020;hadi95@pt.or.id
6225;Eka Januar;47884;omarprasetyo@pt.net.id
6226;Makuta Irawan;97356;narpatirahayu@yahoo.com
6227;Ir. Winda Hariyah;06172;uwibowo@ud.id
6228;Sari Hidayanto;79581;melanimartana@yahoo.com
6229;Vanesa Pradipta;36388;gamanto22@ud.int
6230;Manah Wahyuni;55035;yuniarcakrajiya@pd.net.id
6231;Nilam Mandasari;66782;skusmawati@hotmail.com
6232;Farhunnisa Nuraini;21835;ewidodo@hotmail.com
6233;Jumari Prasetya, S.Sos;75094;sitorushasna@cv.gov
6234;Hasim Hartati;63254;murtisetiawan@gmail.com
6235;Cornelia Napitupulu;81559;eprakasa@yahoo.com
6236;Nadia Prabowo;60643;chariyah@yahoo.com
6237;Elma Wacana;50278;iswahyudiwarji@hotmail.com
6238;Tgk. Candra Wibisono;02474;situmoranglaswi@ud.edu
6239;Umi Narpati;16842;canggraini@hotmail.com
6240;Fathonah Mandasari;32585;atarihoran@hotmail.com
6241;Hardi Prabowo;91688;etarihoran@pd.com
6242;Ganep Yuliarti;84189;dongoranembuh@yahoo.com
6243;R.M. Eka Wijaya;45390;kuncara88@hotmail.com
6244;Ulva Habibi;86853;hnarpati@perum.web.id
6245;Dr. Ratna Kuswandari;00309;bsimbolon@yahoo.com
6246;Dr. Emong Handayani;27965;irawanhesti@gmail.com
6247;Halima Ramadan;34160;tarihorankambali@pt.go.id
6248;drg. Calista Fujiati;93500;candrakanta88@hotmail.com
6249;Rafi Prasasta;75398;hutapeavino@perum.or.id
6250;H. Bagiya Yolanda, S.Pd;91436;kamalyulianti@cv.my.id
6251;drg. Yance Fujiati, S.Ked;09622;tfirgantoro@ud.gov
6252;Rini Narpati, S.Psi;87376;ibranipalastri@perum.co.id
6253;Puput Nurdiyanti;94519;pnovitasari@gmail.com
6254;Nova Wibisono, M.M.;36688;pangestucahya@gmail.com
6255;Galih Rahmawati;08796;etamba@pd.web.id
6256;R. Genta Nasyiah;80487;dalimanajmudin@pt.go.id
6257;Puti Yulia Suwarno, S.IP;02205;simon39@hotmail.com
6258;Baktiadi Riyanti;79421;mariadi05@hotmail.com
6259;Cawisadi Hakim;88570;esaefullah@gmail.com
6260;dr. Septi Dabukke;46284;rfujiati@ud.my.id
6261;dr. Langgeng Budiman;63594;elestari@pt.net
6262;Ir. Embuh Uyainah, S.E.I;96387;hutapeazulaikha@pd.co.id
6263;Ozy Nugroho, S.Sos;64785;qwibowo@yahoo.com
6264;Emong Saputra;22476;byulianti@hotmail.com
6265;Drs. Wani Situmorang;08967;nainggolansepti@gmail.com
6266;Sutan Karta Siregar;81826;gambira34@ud.my.id
6267;Viman Gunawan;50587;eprastuti@gmail.com
6268;Safina Andriani, M.Pd;46372;dimas65@pd.mil.id
6269;Samiah Lazuardi;41239;yuniarbancar@pt.ponpes.id
6270;Mahmud Firgantoro;20631;ramafirgantoro@yahoo.com
6271;Jinawi Riyanti;95344;kawaca24@perum.ponpes.id
6272;Yulia Pranowo;50171;eoktaviani@ud.biz.id
6273;KH. Viktor Ardianto, S.E.I;91523;abyasayuniar@hotmail.com
6274;Dt. Hartana Hartati;56409;uyainahlimar@ud.ponpes.id
6275;Kuncara Mangunsong;52266;widiastutijaka@yahoo.com
6276;Kurnia Riyanti;33372;suryahardiansyah@pt.edu
6277;Cut Diana Puspita;39891;prabowocahyo@yahoo.com
6278;Yuliana Tamba;61363;gamanto20@pt.net.id
6279;Ana Pertiwi;13320;candra05@perum.web.id
6280;drg. Murti Lazuardi;05125;nurainiellis@hotmail.com
6281;Sarah Pertiwi;93022;cintamelani@pd.net.id
6282;Darmaji Utami;96199;marbunwasis@cv.id
6283;Usman Hardiansyah;92744;okurniawan@pd.net
6284;R. Lamar Astuti;42657;wardaya55@cv.sch.id
6285;Balijan Novitasari;20544;kasim10@hotmail.com
6286;Rudi Samosir, S.H.;47472;lprayoga@hotmail.com
6287;Rahmi Maryati;78638;lukitayuniar@pt.mil
6288;Sakura Dabukke;47041;vdongoran@pt.com
6289;dr. Maryanto Jailani;93822;xanananuraini@ud.net
6290;Prabawa Prayoga, S.Kom;55533;spuspita@pt.id
6291;drg. Raina Rahayu;79771;fujiatiimam@yahoo.com
6292;Banawa Wacana;12659;prayitnasaragih@pd.web.id
6293;Qori Permata, S.Pt;98381;diah42@hotmail.com
6294;Jono Wibowo;73140;elma62@yahoo.com
6295;Gilda Saputra;18028;mardhiyahyoga@gmail.com
6296;Tgk. Drajat Putra, M.Kom.;89370;murti87@cv.go.id
6297;Puput Irawan;84597;candrakantasalahudin@cv.ac.id
6298;KH. Omar Januar;11194;abyasa64@perum.go.id
6299;Sutan Salman Halimah, S.H.;46258;edison26@pt.int
6300;Drs. Digdaya Usamah, S.Farm;18386;kunthara80@perum.id
6301;Gina Pudjiastuti;33255;mangunsongghaliyati@yahoo.com
6302;Puspa Maulana;50504;pmandala@perum.my.id
6303;Dewi Nugroho;93913;saptonosadina@yahoo.com
6304;Ghaliyati Namaga;67985;karsana86@ud.ponpes.id
6305;Karma Mardhiyah;40765;gangsarsusanti@ud.mil
6306;Ayu Sihombing;97298;darukuswoyo@hotmail.com
6307;drg. Cici Prasetya;28576;zulaikha52@perum.mil
6308;Oni Anggriawan;34638;hprasasta@perum.com
6309;Yahya Widodo;05711;jinawiyolanda@perum.id
6310;Anastasia Pratama, S.Gz;95254;bellasuryono@hotmail.com
6311;Hartana Mardhiyah;04487;ekolailasari@yahoo.com
6312;drg. Febi Handayani;13979;ajiman23@ud.net.id
6313;Rachel Waskita, S.Pd;90460;zulaikha11@hotmail.com
6314;Betania Prasetyo;08565;galuhnashiruddin@pt.edu
6315;Uda Uyainah;25284;mujur86@hotmail.com
6316;Dwi Aryani;47501;jaya62@gmail.com
6317;Hj. Kani Halimah;47858;anita17@hotmail.com
6318;Drs. Ratna Novitasari, M.Kom.;88046;ypradipta@pt.ac.id
6319;Tami Wijayanti;01845;maryadibella@ud.ac.id
6320;dr. Hasim Palastri, M.Kom.;57782;winda64@gmail.com
6321;Tgk. Lukman Anggraini;89358;mulyanikamidin@cv.desa.id
6322;Zalindra Sihombing;57724;danangmayasari@gmail.com
6323;Drs. Dariati Adriansyah, S.Ked;65448;gambira43@gmail.com
6324;Ratna Mahendra;79948;uwaispuji@pt.desa.id
6325;drg. Jamalia Utama;83860;pandu45@cv.biz.id
6326;Carla Narpati;40908;pjanuar@yahoo.com
6327;Jarwadi Kuswoyo, M.M.;30484;tsitumorang@cv.com
6328;Drs. Ghaliyati Suartini;50332;ade18@yahoo.com
6329;Siska Siregar;92484;bakijandamanik@pt.org
6330;Yuni Santoso;28625;zmansur@yahoo.com
6331;Marsudi Wasita, S.Pd;00792;zulkarnainestiawan@pt.ac.id
6332;Ajeng Winarsih;46546;baktiantomulyani@perum.ponpes.id
6333;drg. Aris Haryanto, S.H.;39249;tmustofa@hotmail.com
6334;Kamaria Santoso;46728;ghaliyati60@gmail.com
6335;Yani Sitompul;36046;martaka03@perum.net.id
6336;Puspa Susanti;99883;taufikfirmansyah@ud.int
6337;Harjasa Rahimah;74041;hastutikambali@hotmail.com
6338;drg. Ana Setiawan;05848;balapatiwaskita@pt.ac.id
6339;Luwes Suryono, S.Sos;36175;ozysitorus@hotmail.com
6340;Galih Pudjiastuti;84827;darsirahpertiwi@hotmail.com
6341;Ellis Zulaika;86812;iswahyudicagak@pd.id
6342;Tgk. Ian Anggriawan, S.Psi;10775;nadiasuartini@perum.net.id
6343;Dalima Pradipta;96818;fathonah11@pt.mil.id
6344;Drajat Hastuti, S.Psi;57469;nprastuti@yahoo.com
6345;Lulut Pradana;85201;dipawinarsih@cv.mil
6346;Sakura Zulaika;89832;embuhkusmawati@yahoo.com
6347;Maria Samosir;91604;mayasariajeng@perum.web.id
6348;Utama Saragih;66212;zeldasamosir@ud.ac.id
6349;dr. Harjo Hutapea;06170;titipratama@pt.co.id
6350;Uli Habibi;66170;snashiruddin@hotmail.com
6351;Drs. Sabrina Hardiansyah, M.Ak;92204;jayeng95@ud.sch.id
6352;Damu Riyanti;55025;muni07@pt.int
6353;Mila Nainggolan;11511;alambana05@yahoo.com
6354;drg. Tami Sitorus;20131;gandewa03@yahoo.com
6355;Salwa Ardianto;09626;marsitokurniawan@pd.net.id
6356;Drajat Nasyiah;61938;kusumoirwan@pt.gov
6357;H. Ozy Hastuti, M.Farm;19418;nasrullah12@ud.net
6358;Bagas Nainggolan;89597;wrahimah@gmail.com
6359;Digdaya Samosir, S.Ked;41950;yyulianti@gmail.com
6360;Balangga Mustofa;52112;purwantosaptono@perum.ac.id
6361;Yance Wacana;76165;nsuryono@perum.net.id
6362;Lidya Pranowo;41635;cyolanda@yahoo.com
6363;Gamblang Novitasari;91849;kasimsimanjuntak@hotmail.com
6364;Genta Puspasari;38059;lhasanah@hotmail.com
6365;R. Kawaya Najmudin, S.I.Kom;02662;safitrijefri@cv.web.id
6366;Eluh Anggraini;10337;siska52@ud.sch.id
6367;Eva Rahimah;04569;purwadi30@yahoo.com
6368;Cagak Haryanti;08178;hidayatophelia@pd.id
6369;R. Luwes Halim, S.Gz;15285;saefullahasman@ud.mil.id
6370;Panji Sihombing, S.Pd;79973;khariyah@cv.web.id
6371;Rudi Budiman;26866;johanpermata@gmail.com
6372;Kamila Damanik;44337;qtampubolon@pd.co.id
6373;Dr. Caraka Wastuti;44261;estiawantampubolon@yahoo.com
6374;Drs. Rahayu Nurdiyanti, S.Ked;60125;qnasyiah@hotmail.com
6375;Eko Wastuti;51719;irfan49@yahoo.com
6376;drg. Hadi Mangunsong;86584;tdamanik@perum.org
6377;Caket Mandala;38598;nasrullah83@cv.net
6378;Kardi Nugroho;64809;galiono28@hotmail.com
6379;Harimurti Purnawati, S.Farm;36472;hpuspasari@pd.my.id
6380;Hj. Najwa Rajasa, S.I.Kom;70359;ibrahimtampubolon@gmail.com
6381;Sutan Praba Fujiati, S.H.;70130;pujiuwais@cv.mil
6382;Citra Wijayanti;59894;nasim81@pd.org
6383;Irma Ramadan, S.Psi;46924;natalia42@pt.org
6384;Icha Winarsih;63078;hidayatpurwa@ud.gov
6385;Jumadi Rahayu;10166;zulkarnainmahesa@cv.co.id
6386;Rahayu Sudiati;75436;cmandala@hotmail.com
6387;Anastasia Hariyah;02280;ganjaranlailasari@perum.sch.id
6388;Kamidin Marpaung, M.M.;22863;hidayantomariadi@hotmail.com
6389;Dt. Sakti Tamba;21474;kawaya93@yahoo.com
6390;T. Dimas Melani;55098;yolandaraihan@yahoo.com
6391;dr. Kezia Laksita, S.Pd;44412;firgantorocahyono@hotmail.com
6392;Luhung Padmasari;83454;ithamrin@cv.web.id
6393;Jamalia Suwarno;78680;lkusmawati@hotmail.com
6394;Wage Pratama;68698;corneliapurwanti@pd.com
6395;Salwa Haryanto;50915;uyolanda@cv.desa.id
6396;Jelita Hartati;08903;gantarwulandari@pd.my.id
6397;Jessica Purnawati;34670;manah78@pt.ponpes.id
6398;KH. Jais Rajasa;85360;susantiupik@pd.biz.id
6399;Tgk. Salimah Pratiwi;60367;dnapitupulu@perum.biz.id
6400;Adika Anggriawan;57883;novitasariyani@pd.gov
6401;Mustofa Rahayu, S.E.I;38873;lurhur98@hotmail.com
6402;Dr. Dimaz Mardhiyah;74291;ywijayanti@cv.ac.id
6403;H. Karja Sudiati;25245;ganjaran88@hotmail.com
6404;Zaenab Mustofa;14178;harsayajanuar@pt.net
6405;Silvia Suartini;85414;siregarwidya@hotmail.com
6406;Vivi Saputra, M.Farm;83286;mwaskita@ud.id
6407;Ir. Jelita Pudjiastuti, S.IP;62213;asman03@pt.desa.id
6408;Indra Siregar, S.Pd;10024;gaduh78@gmail.com
6409;Cawisadi Gunawan, M.TI.;10365;grahimah@gmail.com
6410;Ana Najmudin;77877;raharjabudiyanto@pd.edu
6411;Lasmanto Hidayat, M.Ak;92598;fsudiati@ud.or.id
6412;R.M. Mulyanto Suwarno, S.Ked;96586;murti85@yahoo.com
6413;Rudi Sihombing, S.Kom;67515;jatifirgantoro@pd.co.id
6414;Timbul Hidayanto;26125;mulyanighaliyati@perum.mil
6415;Kamaria Salahudin, S.Ked;48048;irfanmandala@gmail.com
6416;Zalindra Rahmawati;42966;budiyantowardi@pd.gov
6417;dr. Fitria Nainggolan;86608;bwasita@cv.go.id
6418;Labuh Haryanti;97636;ajimanwasita@ud.ponpes.id
6419;Sabrina Damanik;19322;dacinlaksmiwati@pd.org
6420;Liman Rahimah;74406;banara67@ud.or.id
6421;Zelda Kusumo;01658;jumari14@pt.com
6422;Chelsea Yulianti, M.M.;68652;zulfamarpaung@yahoo.com
6423;Hesti Maryati;53422;yolandakemal@gmail.com
6424;Salwa Firgantoro;74798;talia75@perum.mil
6425;Sidiq Fujiati;55502;laksmiwatilaswi@ud.sch.id
6426;Drajat Sihombing;79869;candrakanta58@hotmail.com
6427;KH. Nasrullah Ardianto, S.H.;46096;widiastuticalista@ud.net.id
6428;Septi Riyanti;35523;siregarasman@gmail.com
6429;Jaga Melani;63739;siraitchandra@yahoo.com
6430;Zaenab Farida, M.Pd;21106;lalita13@perum.go.id
6431;Anita Susanti;19935;maria21@perum.com
6432;Ir. Kezia Sudiati, M.Ak;86762;mustofamulyanto@ud.id
6433;drg. Dalimin Novitasari;95720;banawinatsir@yahoo.com
6434;Vanesa Damanik;91218;pradiptacahyo@ud.sch.id
6435;Sutan Pandu Maulana, S.Kom;71651;rahmawatidamu@yahoo.com
6436;Mahdi Lailasari;39497;jaeman69@hotmail.com
6437;Maryanto Marpaung;79454;kenzie77@yahoo.com
6438;Prabu Fujiati;62955;kuswoyotalia@pt.my.id
6439;Eva Suartini, S.I.Kom;02930;mustofaprasetyo@pd.net
6440;Violet Sitompul, M.M.;87997;maryantobudiman@gmail.com
6441;Wadi Rajata;61942;damarhutapea@hotmail.com
6442;T. Ibrahim Anggriawan;50503;rafid20@gmail.com
6443;Uchita Hidayanto, M.Farm;12669;aguspurwanti@hotmail.com
6444;Tgk. Wardi Suwarno;13243;elisa89@hotmail.com
6445;R.A. Clara Halimah, M.Farm;10848;hsinaga@yahoo.com
6446;Almira Nainggolan, S.Kom;32919;nardi03@yahoo.com
6447;Lala Mandala;07959;yuniarkamidin@perum.int
6448;Drs. Halima Mayasari, S.Sos;86991;karsa53@perum.mil
6449;Silvia Halim;74098;lestarisalsabila@gmail.com
6450;Joko Yulianti;24417;betanianovitasari@ud.biz.id
6451;Vega Lailasari, M.Kom.;16781;kandamanullang@pt.sch.id
6452;Zulfa Hutagalung;27224;smahendra@pd.web.id
6453;Kartika Waluyo;01484;wthamrin@cv.sch.id
6454;Tri Kusmawati;92718;bakiono00@hotmail.com
6455;Harimurti Thamrin, S.Farm;31764;darmajisusanti@cv.mil
6456;Kurnia Jailani;08886;halimyusuf@pd.net
6457;Victoria Kuswoyo;78104;endah43@cv.desa.id
6458;Umi Laksmiwati;83405;prasetyoasirwada@pd.edu
6459;Drs. Damar Putra;95959;ismailsaputra@yahoo.com
6460;Martana Halim;06335;nainggolanoman@hotmail.com
6461;Putu Aryani;55598;suartinizelda@ud.desa.id
6462;Qori Iswahyudi;80617;adriansyahjaswadi@ud.gov
6463;Mahesa Oktaviani;03570;pardirahmawati@gmail.com
6464;drg. Yoga Marbun;58587;situmorangcemeti@yahoo.com
6465;R. Tirta Nasyidah;74376;tirafirmansyah@pd.ac.id
6466;Imam Halim;07456;ganeplailasari@yahoo.com
6467;Paramita Mangunsong;89519;diah08@hotmail.com
6468;drg. Cinthia Hutagalung;50000;gyuliarti@yahoo.com
6469;Endra Kurniawan;15424;pradanaeva@yahoo.com
6470;dr. Yessi Maulana, M.Farm;83839;bancarkusmawati@yahoo.com
6471;Mulyono Nababan, M.Farm;23115;adinata14@gmail.com
6472;Indra Hidayanto, M.Farm;11112;artawanutami@yahoo.com
6473;Carla Suryono, S.IP;34270;hakimkurnia@hotmail.com
6474;Titin Andriani;17422;bambangwijaya@gmail.com
6475;Atma Handayani;41937;among40@yahoo.com
6476;Bella Pranowo;09551;irawansamsul@perum.biz.id
6477;Drs. Pranata Sirait, S.E.I;76727;ibraniharyanti@gmail.com
6478;Hani Santoso, S.Psi;56777;tirtayasanababan@yahoo.com
6479;T. Tomi Rajasa, M.Pd;52220;oktamahendra@hotmail.com
6480;Siska Hutapea;63908;ranggalestari@gmail.com
6481;Ajimin Aryani;03185;gaimaniswahyudi@yahoo.com
6482;Bakti Nugroho;66470;nmulyani@perum.web.id
6483;Drs. Gandewa Hassanah, M.Ak;81166;tampubolonira@cv.biz.id
6484;Kamal Widiastuti;73420;pranowocakrawala@yahoo.com
6485;Caraka Widiastuti;84559;ghasanah@hotmail.com
6486;Jinawi Wahyuni, M.Ak;89013;oliva45@cv.id
6487;Tgk. Lintang Nababan, S.E.I;87952;bahuwiryalatupono@yahoo.com
6488;Puji Halim;58831;widiastutikayun@gmail.com
6489;Zelaya Jailani;17534;hnababan@pd.ac.id
6490;Shania Nasyidah, M.Farm;78300;raharjadabukke@ud.int
6491;Raharja Prastuti;70902;hairyantomangunsong@gmail.com
6492;Anom Uwais;79066;entenguwais@ud.or.id
6493;Nasab Siregar;00685;labuh72@yahoo.com
6494;Drs. Tania Tamba, S.Gz;24109;ami34@yahoo.com
6495;Radit Laksmiwati;48685;yance94@ud.id
6496;Farhunnisa Pradipta;46394;prastutilasmanto@gmail.com
6497;Ajimat Rahayu;56802;igunawan@yahoo.com
6498;R. Yance Nababan;46612;putu82@hotmail.com
6499;Maria Latupono;92330;lulut35@gmail.com
6500;Eka Hassanah;99867;ehassanah@pd.edu
6501;Jumadi Astuti;79329;novitasariputi@pt.web.id
6502;dr. Vivi Gunarto, M.M.;29230;umayusamah@gmail.com
6503;Dr. Cinthia Hidayanto;01884;lutfan50@pd.int
6504;Sutan Jagapati Pertiwi;23784;waluyokambali@ud.or.id
6505;Darmana Nurdiyanti;53535;lwidodo@ud.mil
6506;R.A. Melinda Hutapea, S.Ked;95634;ynajmudin@pt.edu
6507;Marwata Yuniar, M.Pd;06956;sidiq01@yahoo.com
6508;R.M. Kajen Salahudin, S.E.I;95010;vmegantara@perum.go.id
6509;Bahuwarna Tampubolon;34227;latika97@perum.web.id
6510;Paris Zulaika;83967;titinhasanah@yahoo.com
6511;Dasa Kurniawan;37217;wahyudinjoko@pt.biz.id
6512;Sadina Handayani, S.I.Kom;38622;silvia55@cv.mil
6513;Rangga Farida;60587;bagas12@gmail.com
6514;Drs. Rafid Permadi;70646;iardianto@hotmail.com
6515;Cut Janet Januar;00492;tampubolonella@cv.ac.id
6516;Maida Susanti;72151;dyulianti@gmail.com
6517;KH. Cakrawangsa Wijayanti;43076;luis67@yahoo.com
6518;Sabri Maulana;73967;gamanagustina@hotmail.com
6519;Ida Saragih;50668;kandajanuar@hotmail.com
6520;Puti Sarah Nasyiah, S.Farm;21551;januarjati@hotmail.com
6521;Damu Tamba, S.Gz;47632;cutami@pd.my.id
6522;T. Najam Prastuti;03731;laras98@perum.my.id
6523;Wulan Sihombing;68651;saragihoskar@yahoo.com
6524;Dadap Prastuti;71949;prakosa59@hotmail.com
6525;drg. Elma Permata;34917;jarwi36@gmail.com
6526;Ir. Viktor Kurniawan, M.M.;64360;sdamanik@gmail.com
6527;Dr. Rusman Tarihoran;78051;saputramitra@gmail.com
6528;drg. Kenzie Novitasari, M.Farm;66871;hhutagalung@hotmail.com
6529;Pia Sihotang;54161;nutami@ud.org
6530;Sabri Safitri;39895;gagustina@ud.biz.id
6531;R. Eva Hastuti;81117;ohardiansyah@pt.gov
6532;Karman Firgantoro;25093;ctamba@yahoo.com
6533;Melinda Zulkarnain;68246;farahmayasari@hotmail.com
6534;Ir. Faizah Aryani;72866;adhiarjaharyanti@gmail.com
6535;R. Siti Laksmiwati;12256;psuwarno@gmail.com
6536;T. Indra Saefullah;12890;pranata96@yahoo.com
6537;Drs. Diah Oktaviani;16710;galih72@pt.org
6538;Malika Permadi;57766;gardianto@perum.com
6539;Rahman Oktaviani, S.IP;68825;xsuryono@pd.ac.id
6540;drg. Fathonah Salahudin;86539;gadang74@gmail.com
6541;Reza Hidayat;67214;inamaga@pd.or.id
6542;Yani Haryanto;22122;lestaridacin@cv.ac.id
6543;Edi Anggraini, S.E.I;35824;garansuryatmi@pt.or.id
6544;Kasiran Mahendra;95408;cpuspasari@pt.mil
6545;Kawaya Halim;49968;hilda78@hotmail.com
6546;Dt. Nyoman Saptono, S.IP;53525;luhung91@pd.or.id
6547;Lukman Sinaga;25336;yhutapea@ud.go.id
6548;Hj. Paramita Najmudin;23446;bwinarno@pd.sch.id
6549;Luthfi Kurniawan, S.Ked;50858;laksmiwatizamira@cv.go.id
6550;Febi Simanjuntak;40629;hidayatnova@hotmail.com
6551;Kasiyah Megantara, S.Psi;13982;garang62@gmail.com
6552;Vanesa Budiman;07578;wasitajoko@pt.desa.id
6553;Ami Novitasari;54197;ktampubolon@ud.ponpes.id
6554;Bella Nasyiah;76381;lazuardisari@perum.org
6555;Darimin Ardianto;94574;lazuardimarwata@perum.go.id
6556;Umi Suryono, M.TI.;22207;waskitashania@yahoo.com
6557;Heryanto Hakim;74105;marpaunganita@hotmail.com
6558;Jasmani Andriani;80071;winarsihkanda@perum.int
6559;Laras Salahudin, S.Kom;64158;wahyudintirtayasa@pd.go.id
6560;Kanda Saputra;89796;diah86@yahoo.com
6561;Zulaikha Anggriawan;33919;syahrini19@ud.gov
6562;Tiara Kuswandari;67594;cahyomandala@gmail.com
6563;Ir. Lurhur Siregar;83493;rafid19@pd.com
6564;Kezia Pratiwi;47301;gamantosiregar@pt.or.id
6565;Among Januar;87425;simanjuntakkenzie@perum.mil.id
6566;Laila Nainggolan, S.IP;73557;bwibowo@hotmail.com
6567;dr. Cinthia Fujiati;03162;dprabowo@pt.org
6568;Intan Wastuti;36695;tkusmawati@gmail.com
6569;Cakrajiya Nasyidah, S.E.I;58252;cengkalnasyidah@hotmail.com
6570;Mutia Pranowo;54978;hestiwacana@yahoo.com
6571;Dian Rajasa;96852;kenes82@yahoo.com
6572;dr. Rini Latupono, S.Psi;65623;pertiwiharimurti@pt.desa.id
6573;Laila Prasasta;51013;warjinovitasari@pt.mil.id
6574;Jinawi Dabukke;40026;wulandaribala@gmail.com
6575;dr. Dadi Hasanah;21281;dimas67@pd.ponpes.id
6576;Pia Nugroho, S.Psi;56327;etampubolon@pt.net
6577;Hj. Ifa Maryadi, S.Psi;10612;emas68@perum.int
6578;Oliva Rahimah;61509;galih47@yahoo.com
6579;Rendy Utama, S.Gz;46162;qnashiruddin@perum.sch.id
6580;Bahuraksa Prasasta;45988;siraitlanggeng@hotmail.com
6581;Uli Wahyuni;55820;rajatakamila@hotmail.com
6582;Tari Nasyiah;59573;prasetya05@yahoo.com
6583;Abyasa Saragih;86313;gusamah@gmail.com
6584;Ayu Santoso;65573;hutapeadimas@yahoo.com
6585;Tgk. Yosef Pradipta, M.Pd;16753;sadinapangestu@gmail.com
6586;Violet Haryanti;96689;raditya90@cv.biz.id
6587;Janet Yolanda;26375;hsaputra@perum.sch.id
6588;Muhammad Widodo;12567;cakrawalaharyanti@yahoo.com
6589;Hendri Wibowo;98690;carub66@cv.ac.id
6590;dr. Ratna Pratama;70231;caket82@pd.int
6591;R.A. Kasiyah Astuti, S.Gz;56145;tasnimriyanti@perum.edu
6592;Keisha Sudiati, M.M.;47119;qsirait@pd.web.id
6593;R.M. Leo Waluyo;17050;isuryono@yahoo.com
6594;Martaka Anggriawan, S.Kom;53883;mrahmawati@pd.sch.id
6595;Sutan Kalim Haryanti;23906;napitupulurina@pt.web.id
6596;Timbul Maryati, S.E.;91731;habibiemong@hotmail.com
6597;Wahyu Lailasari, M.M.;63419;icha23@yahoo.com
6598;R.A. Shakila Nainggolan;58395;uda12@gmail.com
6599;Hesti Fujiati;87714;jessica74@hotmail.com
6600;Ina Suartini;84659;msamosir@gmail.com
6601;Baktianto Laksmiwati;96580;wiswahyudi@perum.go.id
6602;Betania Rahimah;45886;zhalimah@cv.mil
6603;Danu Prasetyo, M.Kom.;36730;msiregar@perum.ponpes.id
6604;Aurora Utami;20315;mulyanimanah@ud.edu
6605;Tgk. Anom Rajata, M.Ak;99152;rprasetya@gmail.com
6606;Cakrabuana Nababan;48399;devimaulana@cv.net.id
6607;Cawisadi Setiawan, S.Farm;46189;ratna23@perum.go.id
6608;Tgk. Ajiman Wahyuni, M.Kom.;22429;bhabibi@ud.edu
6609;Halim Dabukke, S.Pt;71724;widiastutiradit@perum.ponpes.id
6610;drg. Balidin Pratama, S.H.;82240;galuh11@pt.org
6611;Mutia Widiastuti;85925;nasrullahwibowo@hotmail.com
6612;Calista Marpaung, M.Ak;32772;csaefullah@gmail.com
6613;Praba Damanik;68604;hassanahami@hotmail.com
6614;Hardi Widiastuti, S.E.;76204;nalar60@pd.web.id
6615;Jessica Irawan;56839;baktiononatsir@pd.net
6616;Raina Wasita;79312;tania64@gmail.com
6617;Ir. Pandu Purnawati;46859;mhandayani@perum.go.id
6618;Drs. Bala Winarno;34451;utamapurwanto@cv.my.id
6619;Diah Tarihoran;38801;ibun09@cv.org
6620;Cut Silvia Napitupulu, M.Pd;62106;umaryadi@hotmail.com
6621;Marsito Mandasari;88877;xlestari@cv.com
6622;Julia Waskita, S.Sos;70583;jarwimaulana@yahoo.com
6623;Gangsar Utami, S.Farm;22246;hardanaanggraini@gmail.com
6624;Daniswara Mahendra;53069;simbolonerik@perum.mil.id
6625;R.M. Galang Saragih;94488;bakidin73@gmail.com
6626;Indah Sudiati;04617;vanesaoktaviani@gmail.com
6627;Ian Pranowo, M.Ak;26189;kamidin37@cv.net.id
6628;Rina Rahimah;44443;laksanasiregar@cv.my.id
6629;Indra Laksmiwati;11928;pangestuhutagalung@cv.sch.id
6630;dr. Yusuf Puspita;98078;prasetya67@ud.ponpes.id
6631;Tgk. Agnes Waskita;65946;jhasanah@gmail.com
6632;Dr. Asirwanda Puspasari, S.IP;07982;darmana31@gmail.com
6633;Dr. Tasdik Santoso, S.H.;92355;sakti29@hotmail.com
6634;Genta Manullang;59222;waskitakasiran@yahoo.com
6635;Murti Uwais, M.M.;97830;raihan74@ud.my.id
6636;Dartono Wahyudin;98300;hendrihariyah@perum.my.id
6637;Dt. Rafid Uwais;94761;ichauyainah@cv.sch.id
6638;Pia Samosir, S.Ked;52250;nasyidahsiska@cv.go.id
6639;Mumpuni Utami;64359;lanang14@pd.my.id
6640;Tgk. Prakosa Hassanah;74170;zrahayu@gmail.com
6641;Tgk. Wardaya Hakim;45783;qaryani@hotmail.com
6642;Laila Santoso;58686;teddylaksita@yahoo.com
6643;Bambang Prasetya;25127;calistadongoran@ud.com
6644;Lasmono Nashiruddin;93045;padmipradana@gmail.com
6645;Malik Latupono, S.IP;75922;shania66@yahoo.com
6646;Laila Zulkarnain;10966;manullangbalamantri@yahoo.com
6647;Faizah Pradana;73963;ismail74@ud.net.id
6648;R. Humaira Hutagalung, S.IP;37617;nova65@hotmail.com
6649;Cut Kasiyah Zulkarnain;61662;rafid63@ud.net.id
6650;Ulya Farida;43496;purwantisabar@pt.or.id
6651;Tgk. Rahmi Namaga, S.H.;38630;toktaviani@pd.int
6652;Karsa Siregar;29702;iansafitri@hotmail.com
6653;KH. Estiawan Anggriawan;78480;pusada@hotmail.com
6654;Syahrini Farida;78257;ywibisono@pt.or.id
6655;Ian Wasita;15721;hassanahhafshah@yahoo.com
6656;Zalindra Sudiati, S.Ked;90627;sitorusnadine@yahoo.com
6657;Anita Widodo;99681;clazuardi@pd.net.id
6658;Diah Maryati;53588;saragihcakrabuana@perum.or.id
6659;Prima Gunawan, S.Ked;28009;wibowolutfan@hotmail.com
6660;Mustofa Waluyo;92179;oprasetyo@yahoo.com
6661;Putri Rahimah;71482;qnapitupulu@pd.edu
6662;Rahayu Nurdiyanti;81003;uwaisdian@hotmail.com
6663;Putri Pertiwi, S.T.;37994;psetiawan@hotmail.com
6664;Puti Sari Wijayanti;08452;raina91@pt.net.id
6665;Galur Hutasoit;96696;warsa63@hotmail.com
6666;Lantar Susanti, S.E.;64770;wardi79@gmail.com
6667;Jasmani Rahimah;75914;cprasasta@ud.id
6668;Karna Siregar;95385;nalar40@pt.net
6669;Elvina Hardiansyah;96281;uyainahharsanto@cv.id
6670;Suci Hidayat, S.E.I;01793;mahesamandala@yahoo.com
6671;Dalimin Tarihoran;04135;lembah15@yahoo.com
6672;Tgk. Yance Wasita, S.Kom;11288;kembasusanti@hotmail.com
6673;Dr. Akarsana Handayani, S.I.Kom;89333;winarsihpranawa@gmail.com
6674;R. Belinda Ardianto;42084;nlaksmiwati@gmail.com
6675;Anastasia Mangunsong;80427;pratamaparis@perum.sch.id
6676;R. Tania Mandasari, S.Sos;19556;unjani03@hotmail.com
6677;R. Prabowo Pranowo, S.IP;81844;hassanahgalih@hotmail.com
6678;Paiman Wacana;08538;uanggriawan@ud.net
6679;Rahmat Kuswoyo, S.Kom;94273;hamimapuspita@ud.sch.id
6680;Ir. Ophelia Siregar, S.H.;62789;prima63@ud.edu
6681;Belinda Susanti;16980;simanjuntakraharja@yahoo.com
6682;Hamzah Nashiruddin;69029;qsetiawan@pt.org
6683;Puti Haryanti;85655;ellis91@gmail.com
6684;Kawaca Suryono, S.Psi;49232;winarnomahdi@hotmail.com
6685;Kunthara Lailasari;47663;timbulnarpati@pd.ponpes.id
6686;Zelda Ardianto;82824;padmafirmansyah@yahoo.com
6687;Dewi Dabukke;37957;adriansyahkasusra@pt.sch.id
6688;Raina Puspita;29648;puspitaempluk@perum.id
6689;H. Reksa Yuniar, S.Pd;52205;jail00@ud.org
6690;Prabu Lazuardi;62993;maryadisimanjuntak@yahoo.com
6691;Najwa Sudiati;67219;slamet80@perum.biz.id
6692;Uchita Samosir, S.E.;85332;galih22@hotmail.com
6693;T. Wawan Anggraini;40936;fujiatinarji@perum.net.id
6694;Calista Natsir;99003;kayun10@cv.int
6695;drg. Genta Marpaung;20359;rajatapurwa@hotmail.com
6696;Drs. Febi Sinaga, M.M.;97818;namagarina@perum.co.id
6697;Johan Aryani;48129;mandasarilantar@pt.int
6698;Tiara Wastuti, S.Pd;41093;elma24@hotmail.com
6699;Zahra Damanik;78791;ibrahimmandala@perum.mil
6700;Wisnu Anggriawan;68334;dadapriyanti@cv.mil
6701;dr. Fitria Nainggolan;79918;clara85@pd.desa.id
6702;Tgk. Ghaliyati Budiyanto, S.Kom;18826;maman76@cv.net
6703;Banawa Irawan;74766;ibrahim59@pd.com
6704;drg. Prayitna Tampubolon;77887;taliasaptono@pd.my.id
6705;drg. Hardana Suryono;40400;prakasaeluh@yahoo.com
6706;Uchita Manullang;27994;elizulaika@cv.go.id
6707;Alika Ramadan;49877;banawa47@cv.biz.id
6708;Mala Astuti;08154;ratnasihombing@ud.ponpes.id
6709;Caraka Fujiati;37953;siti94@hotmail.com
6710;Iriana Lailasari;70114;tmardhiyah@ud.ponpes.id
6711;R.M. Kamal Nugroho, M.TI.;47857;pnugroho@ud.sch.id
6712;Zaenab Iswahyudi, M.Kom.;73306;aputra@yahoo.com
6713;Asmuni Handayani, S.Kom;96196;uusamah@cv.ponpes.id
6714;Kemba Uyainah;92521;saefullahkamal@yahoo.com
6715;Balangga Pradipta;84487;sihombingwardaya@gmail.com
6716;Zalindra Agustina;71237;hadi39@yahoo.com
6717;Kasiyah Palastri;74814;ladriansyah@yahoo.com
6718;drg. Heryanto Wijayanti, S.Farm;95186;gardasuartini@gmail.com
6719;Zulfa Marbun;32477;widiastutifarhunnisa@pd.mil.id
6720;Ade Hassanah, S.Ked;30266;usiregar@ud.ac.id
6721;Bala Pudjiastuti;53202;paramita12@pt.com
6722;Rachel Mustofa;91579;nmaryati@yahoo.com
6723;R. Maida Astuti;38902;garda37@cv.go.id
6724;Cut Tantri Hutapea, S.Sos;37417;wahyunikasusra@yahoo.com
6725;Dt. Adikara Jailani, S.IP;32068;cdabukke@perum.ac.id
6726;Nalar Yuniar;31960;taliapratiwi@gmail.com
6727;Dr. Reza Hariyah, S.Sos;54960;manullangmaryadi@pt.net
6728;Koko Sudiati;27120;rini70@gmail.com
6729;Hani Sihombing;79717;jsaefullah@perum.org
6730;Winda Hariyah;50572;andrianiaisyah@yahoo.com
6731;Dr. Cici Wibisono, M.Pd;28962;pratiwigalar@pt.int
6732;Kenes Yuliarti;76124;zsitompul@pd.mil.id
6733;Sutan Ozy Wahyuni, M.TI.;41030;putrahamzah@gmail.com
6734;Hasna Laksmiwati;11953;ypertiwi@cv.gov
6735;Eman Saragih;59586;rahimahmartani@hotmail.com
6736;Cawisono Wijaya;60550;handayaniviman@hotmail.com
6737;Dr. Maria Yulianti;39239;jjailani@pt.org
6738;Sutan Aris Mahendra, M.M.;53836;smardhiyah@yahoo.com
6739;Dr. Laila Rahimah, S.Pd;64430;ayolanda@pd.web.id
6740;Dr. Olivia Prayoga, S.Pd;05553;wrajata@gmail.com
6741;Elvin Winarsih;77575;ganepsuartini@ud.gov
6742;Ir. Ellis Mandasari, S.IP;68877;zulkarnainmala@cv.org
6743;KH. Jindra Hartati;88151;jinawi96@gmail.com
6744;Artanto Siregar;88866;oyolanda@yahoo.com
6745;Kamidin Winarsih, S.Sos;51087;parmanrahayu@ud.org
6746;R. Maria Pranowo, S.H.;56072;faizah26@pt.ponpes.id
6747;Olga Widiastuti;86447;oktamaheswara@hotmail.com
6748;Daru Hidayat;22935;yolandavivi@yahoo.com
6749;Wakiman Narpati;17894;asmiantonainggolan@cv.edu
6750;Febi Kurniawan;26136;caket12@perum.int
6751;Cici Pertiwi;73523;kezia48@gmail.com
6752;Amalia Wibisono, M.M.;06466;muhammadputra@gmail.com
6753;Garang Uwais;46453;luissuwarno@pd.ac.id
6754;Saadat Mangunsong, M.Pd;16075;emil58@hotmail.com
6755;Puti Tari Winarno;69673;puji03@gmail.com
6756;Nova Maryati;31404;kasiran86@perum.gov
6757;Lembah Wijaya;70190;thidayanto@hotmail.com
6758;Humaira Simbolon;70897;jokohalim@yahoo.com
6759;Amalia Siregar;26365;pfujiati@ud.int
6760;Gasti Mardhiyah;07845;yanilazuardi@cv.net.id
6761;R.M. Lurhur Suwarno;04797;gatot41@pt.mil
6762;Kasiyah Namaga;97935;gamanto65@cv.biz.id
6763;Jinawi Padmasari;04208;sabrinayuniar@ud.go.id
6764;Puti Raina Mulyani, S.Ked;44955;paiman89@yahoo.com
6765;Sutan Lurhur Melani;34174;ngunarto@pd.gov
6766;Cinta Maulana;68113;makutaprasetyo@hotmail.com
6767;Jamalia Rahayu;17296;gsuryatmi@hotmail.com
6768;Samsul Wijaya;83717;soktaviani@yahoo.com
6769;Among Pudjiastuti, S.Pt;09013;raihanrahayu@pd.net
6770;Dartono Handayani;13351;haryantihalim@pt.ponpes.id
6771;R. Daryani Haryanti, M.Farm;11398;frajata@ud.com
6772;Widya Siregar;73566;mustofa01@hotmail.com
6773;Farah Napitupulu;97462;iwidiastuti@hotmail.com
6774;Asmuni Suartini, S.E.I;77756;cutami@pd.id
6775;Yuni Wulandari, S.E.;43666;gsinaga@yahoo.com
6776;Raisa Hassanah;30736;napitupulukarma@hotmail.com
6777;Ade Simanjuntak, S.T.;58267;adityatamba@ud.mil
6778;Candrakanta Purnawati, M.Farm;49382;pmustofa@ud.int
6779;Dr. Kani Salahudin;07093;ina72@cv.my.id
6780;Vinsen Natsir;97297;permatafitriani@gmail.com
6781;R. Unjani Handayani;47345;rainaprastuti@yahoo.com
6782;Drs. Widya Lailasari;81454;upudjiastuti@cv.web.id
6783;Nabila Sudiati;32565;gamanto16@yahoo.com
6784;Kenes Wasita;90188;novitasariasmadi@pt.com
6785;Darmaji Wibowo;35976;jaya94@yahoo.com
6786;Mursinin Susanti, M.Pd;99474;aadriansyah@hotmail.com
6787;Cindy Namaga;80253;pudjiastutikasim@pd.edu
6788;Jamalia Andriani;37452;bakijanwinarsih@ud.my.id
6789;Ir. Darman Utami;59705;limanlatupono@gmail.com
6790;Hj. Anastasia Latupono, S.E.I;00623;tambarizki@hotmail.com
6791;Restu Latupono;41571;vnurdiyanti@yahoo.com
6792;Margana Sihotang;08645;jlatupono@perum.co.id
6793;Daniswara Widodo, S.Psi;92059;suryatmiartanto@gmail.com
6794;Drs. Mahfud Tarihoran;86865;yusuf28@hotmail.com
6795;Kasiyah Hardiansyah, S.T.;42015;fujiatiwarta@hotmail.com
6796;Intan Simanjuntak;42289;isuryono@cv.web.id
6797;Saka Santoso;94207;dartonolaksita@perum.mil.id
6798;Cakrabuana Safitri;45207;alika22@cv.sch.id
6799;dr. Raisa Puspasari;60355;chutapea@hotmail.com
6800;KH. Raharja Simbolon;14649;pradanaaslijan@perum.mil.id
6801;Ilsa Rahmawati;97767;zelaya11@yahoo.com
6802;Gaman Halimah;24254;shania58@gmail.com
6803;Jelita Melani;82998;prabutarihoran@gmail.com
6804;Empluk Prabowo;26036;uwaisparis@ud.ac.id
6805;Puti Natalia Aryani, S.Psi;31722;kuswandariwadi@gmail.com
6806;Cawuk Wasita;97989;znarpati@pt.or.id
6807;Unggul Nugroho;82348;elma81@perum.com
6808;dr. Agnes Andriani, S.I.Kom;02020;olivamarpaung@hotmail.com
6809;Yuni Padmasari;79607;hutagalungperkasa@pt.ac.id
6810;Kamila Maryadi;60593;hardi19@pt.go.id
6811;Tina Anggriawan;87160;atma13@gmail.com
6812;Jagaraga Laksmiwati;74728;napitupuluchelsea@yahoo.com
6813;Ir. Zizi Suryatmi, S.Pt;22807;fpermata@yahoo.com
6814;Hamima Wahyudin;36372;zpalastri@pt.edu
6815;Cakrajiya Fujiati;26817;agus93@hotmail.com
6816;T. Kanda Mandasari;79426;hartatipuji@gmail.com
6817;Ajimat Permata;14957;htampubolon@perum.go.id
6818;Akarsana Hakim, S.IP;82585;queen48@cv.or.id
6819;Ciaobella Sitorus;51274;alikahalim@cv.id
6820;Tgk. Budi Samosir;69660;lanjarsitompul@yahoo.com
6821;Iriana Siregar;10201;jsiregar@gmail.com
6822;Raharja Natsir;67465;gunartodarmanto@gmail.com
6823;Devi Riyanti;09905;hzulkarnain@hotmail.com
6824;Hani Budiman;52229;ekohidayat@hotmail.com
6825;Nilam Padmasari;88558;hartaka31@ud.ponpes.id
6826;Eka Irawan;71963;ihsansudiati@cv.desa.id
6827;R.M. Mustofa Prabowo;14290;farahlaksita@hotmail.com
6828;Marsito Irawan, S.IP;25407;huyainah@cv.mil
6829;Lukita Sihotang, S.H.;14915;zulaikha61@gmail.com
6830;Dr. Septi Uwais, M.Pd;48029;irnantolatupono@pt.id
6831;Cager Saefullah;75464;restuhabibi@yahoo.com
6832;Bahuwarna Prasetyo;72556;oktavianirusman@cv.go.id
6833;Ratna Nugroho;24797;agustinaumi@yahoo.com
6834;Chandra Halim;94178;rwahyuni@pt.biz.id
6835;Tiara Novitasari;48941;nova35@hotmail.com
6836;Balamantri Kuswoyo;57428;sadina52@gmail.com
6837;R.A. Titin Sirait, M.TI.;57305;kusumobambang@yahoo.com
6838;Tira Prayoga, S.Pt;61127;jarwasihombing@cv.ponpes.id
6839;Ellis Hutagalung, S.Pt;32430;fusada@hotmail.com
6840;Cut Hesti Winarno;19928;cahyanto84@pd.net.id
6841;Sidiq Thamrin;91330;yuliantitaufik@pd.web.id
6842;Tina Purnawati;84370;anggrainiutama@hotmail.com
6843;Nasim Hariyah, M.Farm;90001;aryanipranata@yahoo.com
6844;Ophelia Tamba;04612;pertiwijefri@yahoo.com
6845;Kanda Suartini;56773;darijantampubolon@cv.edu
6846;Hj. Farah Melani, M.Pd;63916;xwijaya@hotmail.com
6847;Qori Purwanti;00978;kurniawandrajat@perum.id
6848;Mulyono Aryani;51448;teddynasyiah@yahoo.com
6849;Hj. Carla Nababan, M.TI.;77217;hsiregar@ud.co.id
6850;Qori Wibowo;79692;hakimgadang@yahoo.com
6851;Ir. Puput Pertiwi, S.E.I;77963;bakijan33@gmail.com
6852;Ajiman Wibisono;41899;fpuspita@gmail.com
6853;Puji Gunawan, S.I.Kom;09151;ami34@ud.net
6854;Argono Saragih, M.Farm;09642;karen17@perum.or.id
6855;Dt. Banawa Nuraini;09188;cawisono57@hotmail.com
6856;Uchita Permata;62767;jakakuswoyo@pt.int
6857;Gaman Laksita;82555;owinarsih@cv.or.id
6858;drg. Tira Simbolon;50860;abyasa30@ud.net
6859;dr. Lukita Safitri;85504;eka94@yahoo.com
6860;Puti Titi Prasetya, M.Farm;21311;yolandasidiq@pt.net
6861;Darimin Gunarto;91854;prayoga52@ud.net
6862;Emas Hutagalung;77187;surya70@perum.web.id
6863;R. Prayitna Riyanti;30992;tania12@yahoo.com
6864;Dt. Panji Mansur;08456;wastutiolga@yahoo.com
6865;Elvina Sihombing;14230;radika42@yahoo.com
6866;Dr. Harja Mansur, M.Farm;91396;habibishania@gmail.com
6867;Siska Sitorus;63581;limanhakim@pt.net.id
6868;T. Johan Jailani, S.Farm;33294;owahyudin@yahoo.com
6869;Ikin Nurdiyanti;10226;mustofacahya@ud.net.id
6870;Ratih Budiman;79076;maman27@pd.mil.id
6871;Maria Puspasari;66312;mahesa34@hotmail.com
6872;Genta Januar;32297;bakda81@ud.sch.id
6873;Latika Habibi;62353;ade71@ud.net
6874;Sakura Fujiati;80102;yuliantipaiman@gmail.com
6875;Drs. Hendri Prayoga;46026;yoseflailasari@gmail.com
6876;Umaya Siregar, M.Farm;25417;gangsar46@perum.ac.id
6877;Samiah Gunawan;67639;anastasia83@ud.co.id
6878;Salsabila Mangunsong;46967;vsiregar@hotmail.com
6879;Maria Suartini, S.IP;83784;tadriansyah@gmail.com
6880;R. Indah Mandasari;81661;arta35@perum.com
6881;Yani Hidayanto;08241;elvin48@gmail.com
6882;Jessica Nasyidah;71801;yuyainah@pd.desa.id
6883;R. Jessica Tarihoran;05493;bnatsir@gmail.com
6884;Irnanto Mangunsong;12066;adhiarjamulyani@pd.desa.id
6885;Intan Dongoran;27773;gpangestu@hotmail.com
6886;Citra Napitupulu;91391;latika34@hotmail.com
6887;Gatot Hastuti;95079;kusmawatieja@pd.mil
6888;Ciaobella Mandasari;47020;muwais@yahoo.com
6889;Oni Aryani;58112;asmuni29@gmail.com
6890;Gasti Hidayat;31226;saputrarafid@pt.id
6891;Dinda Mardhiyah;31476;gilda64@pt.mil.id
6892;Gamblang Hidayat;81528;mustofajoko@gmail.com
6893;Karsa Salahudin;66737;ameliakuswoyo@pt.net
6894;Cornelia Simbolon;64310;latif80@ud.or.id
6895;Joko Prasetya;89600;yuniardarmaji@hotmail.com
6896;drg. Reksa Habibi;27583;rsuartini@gmail.com
6897;Bala Puspita;14469;namagaviman@pt.go.id
6898;Ella Saefullah;56303;capaprakasa@perum.com
6899;Tgk. Ifa Waskita;55004;harjamarbun@hotmail.com
6900;Harja Siregar;20218;jagapatiwaskita@ud.my.id
6901;Luwes Mustofa, S.Sos;29327;unainggolan@perum.or.id
6902;Rafid Mustofa;49087;jarwa31@pd.gov
6903;Padma Suryono;82572;satya05@pt.desa.id
6904;Dr. Raina Pertiwi;05257;firmansyahamong@hotmail.com
6905;Ir. Lanjar Wijayanti;18731;luwes45@gmail.com
6906;Darmana Hakim;46813;hasnahasanah@yahoo.com
6907;Yusuf Mustofa;71401;ikhsan20@gmail.com
6908;Hamzah Uyainah;16881;hartaka52@yahoo.com
6909;Drs. Yani Purwanti, M.Ak;76347;dalimanugroho@cv.gov
6910;Rina Winarsih;76923;jagapatirahayu@yahoo.com
6911;Hana Winarno;93345;jailaninadia@hotmail.com
6912;Wulan Salahudin;96999;toktaviani@gmail.com
6913;Wawan Nashiruddin;41138;haryantiviolet@cv.com
6914;Arsipatra Maryadi;84259;gpurnawati@ud.id
6915;R.M. Jamal Irawan, S.Sos;88014;mangunsongajeng@yahoo.com
6916;Fathonah Damanik;00791;nasyiahvictoria@hotmail.com
6917;Cinthia Maryati;05751;widodozulaikha@gmail.com
6918;Cahyono Maheswara;66269;kasiyah80@ud.gov
6919;Margana Rahimah, M.M.;81558;michelleanggraini@ud.my.id
6920;Jati Wulandari;55030;citra13@ud.id
6921;Gamblang Narpati;07300;nyana45@pt.go.id
6922;Ir. Kartika Aryani;66133;permatagangsa@gmail.com
6923;Bakda Hutapea;07323;candrakanta07@gmail.com
6924;Johan Nasyidah, S.E.;47510;gastifujiati@perum.go.id
6925;Dt. Rafid Mansur, M.TI.;18721;psusanti@yahoo.com
6926;Dr. Ophelia Lailasari;24779;doktaviani@yahoo.com
6927;Adikara Kusmawati;08206;dongoranfarah@hotmail.com
6928;Puti Sirait, S.Psi;01593;epurnawati@gmail.com
6929;Jati Narpati, M.Farm;71287;pratamajayeng@gmail.com
6930;dr. Caket Kusumo;72695;radika24@pt.ac.id
6931;Puti Situmorang;18642;bakijanrajasa@pd.ac.id
6932;drg. Ami Damanik;16726;muhammadpertiwi@hotmail.com
6933;Opan Prayoga, M.Kom.;03017;hsusanti@yahoo.com
6934;Bahuraksa Andriani, M.TI.;06394;haryantibalijan@ud.ponpes.id
6935;Qori Nainggolan;30634;ehardiansyah@pd.com
6936;Jefri Nurdiyanti;76291;halimasalahudin@hotmail.com
6937;Hasna Kuswoyo;30098;lamarmandala@cv.com
6938;Ilyas Santoso;99647;ajengsamosir@perum.gov
6939;Maimunah Sihotang, M.TI.;47384;ina52@cv.desa.id
6940;Paulin Setiawan;29283;maheswaracahyanto@yahoo.com
6941;Nadine Wijaya;34822;luluh98@gmail.com
6942;Zahra Najmudin;95049;pardi45@yahoo.com
6943;Rizki Mardhiyah;24782;nanggriawan@ud.mil
6944;Dipa Purnawati;29503;rahmawatimulyono@pt.com
6945;Hasta Wijayanti;25598;cengkir50@yahoo.com
6946;Tirtayasa Maulana;53683;ebudiyanto@gmail.com
6947;Tgk. Karen Permata, S.T.;27225;atmasantoso@perum.mil.id
6948;R. Cindy Permadi;26054;zdabukke@perum.ac.id
6949;Ajimat Latupono;78017;fnugroho@gmail.com
6950;Drs. Tania Kuswandari, S.Gz;84022;rahimahkarman@yahoo.com
6951;Putri Farida;08839;nyana46@pt.biz.id
6952;Drs. Gading Nababan;37989;balamantri00@ud.edu
6953;Caraka Samosir;57715;ejanuar@gmail.com
6954;Heryanto Riyanti;49216;pranawa46@hotmail.com
6955;drg. Chandra Firmansyah;86656;zulaikadimas@hotmail.com
6956;Karna Nasyiah;03933;laksanalatupono@cv.gov
6957;R.M. Rusman Maryati;00877;marsudijanuar@pt.sch.id
6958;Nrima Yolanda;30688;kusmawatioskar@cv.ac.id
6959;Nilam Najmudin;54833;khassanah@pd.biz.id
6960;Janet Prasetya;51245;jastuti@cv.edu
6961;Zelda Budiman;32825;zadriansyah@pt.web.id
6962;Among Hutapea, S.Ked;67268;rachel38@pt.web.id
6963;Olivia Maryadi;90083;halim90@gmail.com
6964;Ir. Olga Rajata, S.Pd;12520;ksihombing@perum.net
6965;KH. Karsana Wahyudin, S.IP;14886;tirta69@gmail.com
6966;Prakosa Iswahyudi;14479;bsiregar@gmail.com
6967;Erik Prakasa;48509;yrahmawati@gmail.com
6968;Sutan Galar Habibi;14248;omanwinarno@gmail.com
6969;Tgk. Ida Yuniar;49445;agustinagambira@hotmail.com
6970;Samsul Sihombing, S.H.;95456;kusmawaticici@yahoo.com
6971;Asirwanda Sudiati;15845;karimahbudiman@pd.desa.id
6972;Bancar Suartini, S.IP;00026;zelayamayasari@pt.ponpes.id
6973;Ir. Virman Sihotang;07407;eko99@yahoo.com
6974;Irwan Firgantoro, M.Ak;96977;lega64@pt.go.id
6975;Prima Situmorang;83183;hariyahibun@cv.my.id
6976;Saka Hartati;41705;hendrawahyuni@hotmail.com
6977;Drs. Citra Hutapea, S.Pd;55523;wanggraini@gmail.com
6978;Vera Hidayanto, S.Farm;86428;pratiwipardi@perum.desa.id
6979;Kenes Suartini;81572;gwibisono@hotmail.com
6980;Dewi Sudiati;89279;jatipuspita@yahoo.com
6981;R. Eka Suartini, S.Sos;09647;nurdiyantiifa@yahoo.com
6982;Jindra Nuraini;84125;rahayukarja@yahoo.com
6983;Latika Aryani, S.Pd;73421;tiara06@pd.com
6984;Tgk. Erik Hariyah, S.E.;55319;gatramulyani@hotmail.com
6985;Rika Damanik, M.TI.;21671;darmaji03@cv.mil
6986;Wage Mandala;42116;kpratama@cv.my.id
6987;Danang Januar;44513;wacanakezia@ud.or.id
6988;Tira Maryadi;68356;prayogamursinin@perum.mil.id
6989;Atma Thamrin;71732;osamosir@yahoo.com
6990;Zamira Lailasari;47977;xanana57@yahoo.com
6991;Sadina Halimah, S.E.I;03474;wijayagamanto@hotmail.com
6992;Daruna Hakim;06946;prayogo19@gmail.com
6993;Intan Suryatmi;49155;anitamba@cv.gov
6994;Hasna Permata, S.Farm;59848;bmardhiyah@pd.co.id
6995;Dt. Digdaya Anggraini, M.TI.;05283;mpertiwi@yahoo.com
6996;Hamima Puspasari;90959;jasmani91@perum.biz.id
6997;Gilda Wastuti, S.IP;51492;rezaprakasa@perum.net
6998;Jono Kusmawati, S.E.;68137;martana77@yahoo.com
6999;Harsaya Zulkarnain;79893;artagunawan@pt.co.id
7000;Zelaya Mandasari, M.TI.;21726;asmadi54@perum.desa.id
7001;Pranata Sihotang;40318;jnarpati@yahoo.com
7002;Tari Wastuti;19268;elisa38@cv.or.id
7003;Sakura Mangunsong;70734;lukmansudiati@yahoo.com
7004;Salsabila Kusumo;73339;pranowokiandra@perum.mil.id
7005;Drs. Kala Salahudin;75116;oni12@hotmail.com
7006;Tgk. Umar Andriani;98345;bnovitasari@gmail.com
7007;dr. Yunita Nuraini, S.Gz;59426;galuh79@perum.mil.id
7008;Dartono Nasyidah;06926;indraprayoga@perum.ponpes.id
7009;H. Balidin Sudiati;31201;ajiman45@gmail.com
7010;Dr. Vino Wijayanti;85980;bakiantoyuliarti@gmail.com
7011;Dt. Karman Astuti;54272;melanitiara@cv.net
7012;Kurnia Puspita, S.Sos;47177;chelsea14@ud.desa.id
7013;Karen Saptono;37048;dadi89@pt.net.id
7014;Karman Simbolon;64954;hpurnawati@pd.ac.id
7015;T. Galang Ardianto, M.Farm;67107;koktaviani@gmail.com
7016;Hj. Mila Purwanti;63668;edward02@gmail.com
7017;Drs. Chelsea Mangunsong, M.Pd;54219;hakimpanca@pt.my.id
7018;Najib Melani;08807;thalimah@pt.web.id
7019;Dt. Asmadi Prasasta, M.M.;13130;hpradana@perum.my.id
7020;Hasan Prayoga;11973;waluyogaiman@pt.net.id
7021;Adiarja Pranowo;94130;kardi57@perum.ponpes.id
7022;Kurnia Prasetya;67629;firmansyahirwan@hotmail.com
7023;Gandi Wahyudin;45525;nsiregar@yahoo.com
7024;Jessica Pangestu;37314;prabusuartini@pt.go.id
7025;T. Tasnim Samosir, S.Sos;18957;damanikkalim@gmail.com
7026;Tgk. Kani Yulianti;23472;rajasajane@gmail.com
7027;Puji Nugroho;17562;kuswoyoharsana@yahoo.com
7028;Clara Salahudin, M.Ak;23506;chelsea07@pd.net
7029;Anom Safitri, S.Gz;79087;tpadmasari@gmail.com
7030;Almira Ardianto;15706;thamrindipa@yahoo.com
7031;Puti Calista Setiawan, S.Psi;08217;iwinarsih@gmail.com
7032;Eman Pertiwi;41706;farhunnisa59@hotmail.com
7033;Daryani Anggriawan, M.M.;79946;darmaji49@yahoo.com
7034;Wisnu Pratiwi, M.M.;25313;prasetyajulia@ud.mil.id
7035;Tgk. Anastasia Mayasari;47632;xsuwarno@pd.mil.id
7036;Tgk. Silvia Adriansyah, M.Kom.;88673;galuhjailani@gmail.com
7037;Dwi Rahmawati;77111;anggrainifaizah@ud.com
7038;Tirta Gunarto;19486;elonsirait@pd.gov
7039;Iriana Wijaya, S.H.;35118;entengwibowo@yahoo.com
7040;Unjani Uyainah, M.Ak;55071;nalarpratama@yahoo.com
7041;Hj. Padmi Rahimah, M.Pd;71795;ulva74@gmail.com
7042;Irnanto Firgantoro;22126;laksana91@perum.id
7043;Cindy Irawan;09846;maheswararidwan@perum.web.id
7044;Wardaya Wahyudin;56243;maheswarahana@ud.sch.id
7045;Cakrabuana Nurdiyanti;50371;damar57@pt.biz.id
7046;Dadi Tarihoran;94092;irnanto44@gmail.com
7047;Dadap Budiman;03385;wawan40@pt.sch.id
7048;Amelia Prayoga, S.Psi;40828;znugroho@pd.biz.id
7049;Puti Kamila Irawan;12024;hsihombing@perum.id
7050;Nabila Riyanti;62404;ghalim@pt.mil
7051;Cakrajiya Hastuti;55515;cmarpaung@hotmail.com
7052;Sutan Harsanto Sitompul;61845;xpradana@gmail.com
7053;Galiono Novitasari;97177;farhunnisa67@cv.ponpes.id
7054;dr. Michelle Prasasta, S.T.;91309;vthamrin@gmail.com
7055;Malika Lestari, S.Psi;65867;mayasarikoko@perum.ponpes.id
7056;Daliman Hariyah;06752;ratih54@yahoo.com
7057;Vivi Marpaung;37382;yahya57@yahoo.com
7058;Yani Sudiati;23835;violethasanah@hotmail.com
7059;Uli Firmansyah;81106;suryatmibalijan@gmail.com
7060;Galar Habibi, M.Farm;45410;amalia54@pd.desa.id
7061;Catur Hakim, S.Sos;54851;ellanasyidah@pt.web.id
7062;Budi Simbolon, S.Gz;97382;fsafitri@ud.net
7063;drg. Alika Nashiruddin;36769;luthfiwibisono@cv.ponpes.id
7064;Hafshah Zulkarnain;49176;tami73@gmail.com
7065;KH. Nyoman Hardiansyah, S.Sos;89002;luluh08@pt.edu
7066;Wulan Prasetyo;43763;omaryati@yahoo.com
7067;Cemani Wahyuni;19027;humaira69@perum.edu
7068;Hj. Betania Najmudin, M.Pd;99871;vivi96@gmail.com
7069;Sabrina Kurniawan;19058;eman85@hotmail.com
7070;KH. Jaswadi Pradana, S.Ked;89926;okuswandari@yahoo.com
7071;Irma Melani, S.E.I;17658;balidin19@cv.go.id
7072;Raden Pertiwi;49817;iputra@hotmail.com
7073;Ega Sudiati;24340;gentalailasari@gmail.com
7074;Qori Tarihoran;95149;bagus80@pd.ponpes.id
7075;Sutan Kajen Mandala;49403;asirwadasimanjuntak@gmail.com
7076;Caraka Sitorus, S.I.Kom;43511;harja99@pd.my.id
7077;Unggul Prasasta, S.Ked;65178;waluyoharyanto@perum.or.id
7078;Puti Nilam Yolanda;97379;cawisadimardhiyah@hotmail.com
7079;Nova Tamba;55479;heryanto52@hotmail.com
7080;Zelda Wahyuni;39994;purwantibahuwarna@perum.net
7081;Caraka Nashiruddin;00616;ayu51@pd.edu
7082;Ir. Belinda Saefullah;63563;yuliantiuli@hotmail.com
7083;Gaiman Wastuti;27096;trahayu@ud.desa.id
7084;Elisa Sihombing, S.H.;64216;xsamosir@cv.id
7085;Raden Adriansyah;17364;ivan02@hotmail.com
7086;drg. Tira Padmasari;71696;wnatsir@pd.net
7087;Gading Handayani;22245;yuliantidrajat@yahoo.com
7088;Zaenab Mardhiyah;08348;damunababan@hotmail.com
7089;Restu Simbolon;77441;prayitnaprabowo@pd.co.id
7090;Widya Andriani, M.M.;03187;umar19@pd.or.id
7091;Cinta Nasyidah;83886;latuponomartani@hotmail.com
7092;drg. Najam Samosir, S.IP;44988;situmorangcakrawangsa@yahoo.com
7093;Amalia Puspasari, S.H.;00354;wacanasaka@pt.biz.id
7094;R.A. Fitriani Hassanah;71586;azalea54@gmail.com
7095;Jamil Usamah, S.E.I;87130;mmustofa@pd.org
7096;Amelia Lailasari, S.H.;10153;rmahendra@cv.mil
7097;Ir. Jail Sirait;30811;hari41@hotmail.com
7098;Emil Saputra, S.Pt;66575;gsitumorang@cv.my.id
7099;Dipa Pudjiastuti;86147;ega82@gmail.com
7100;Salwa Hastuti, M.Pd;44151;emansuwarno@gmail.com
7101;Eva Maryati, S.E.I;14742;yuliana64@ud.go.id
7102;Raden Waskita, S.Pt;58964;banawi67@pd.mil
7103;Dacin Mulyani;93645;maulanacagak@cv.web.id
7104;Artanto Pratama, S.Kom;95217;lestarisaadat@yahoo.com
7105;Harjasa Pertiwi;92806;shakila12@pt.ac.id
7106;Kanda Nugroho;34973;kuswoyoika@perum.biz.id
7107;Yulia Mangunsong;79766;kartapratama@perum.net.id
7108;Zalindra Riyanti;36046;bancar61@gmail.com
7109;Tgk. Zalindra Permata;48910;iriana65@yahoo.com
7110;Cut Ana Sitompul;02572;vwastuti@pt.desa.id
7111;R. Atmaja Mansur;68191;pardi26@yahoo.com
7112;T. Imam Uyainah;77698;malik21@hotmail.com
7113;Ajimin Hartati;47402;tmelani@hotmail.com
7114;T. Irnanto Gunawan;40357;rama02@hotmail.com
7115;R.M. Edison Januar, M.TI.;36519;jatiwahyuni@ud.or.id
7116;Nadia Najmudin;41543;asirwadazulkarnain@ud.sch.id
7117;Ikin Prabowo;61098;wastuticakrawangsa@cv.org
7118;Jumari Astuti;16980;rhartati@pt.com
7119;Paris Siregar, S.Psi;29497;rpangestu@pt.sch.id
7120;Hamima Adriansyah;14271;karsana37@perum.gov
7121;Omar Agustina;60536;zelaya28@hotmail.com
7122;Putri Lailasari, S.Psi;04423;fprabowo@yahoo.com
7123;Padma Zulaika, S.IP;58752;usmannamaga@gmail.com
7124;Dadi Hutasoit;55302;gunartorina@cv.co.id
7125;Cut Almira Hidayanto, S.E.I;13675;legawa43@hotmail.com
7126;Laila Safitri;65887;gwaluyo@gmail.com
7127;Dt. Johan Susanti, S.T.;78635;nmarbun@gmail.com
7128;dr. Hairyanto Kurniawan, S.Sos;53603;panjimaryadi@hotmail.com
7129;Zamira Mulyani;50169;khutapea@perum.ponpes.id
7130;Dr. Maras Permata;08982;cakrawalanuraini@cv.go.id
7131;Cemeti Tamba;80437;natsirihsan@pd.gov
7132;Jasmani Gunawan;15447;prayogo78@perum.id
7133;Sabri Prasetya, M.Kom.;63033;garanaryani@cv.gov
7134;Tari Hastuti;16557;cagermahendra@pt.org
7135;Amelia Gunarto, S.Pd;93771;rahayumalik@gmail.com
7136;Gamblang Prakasa;77277;elvinhutagalung@cv.com
7137;Ana Hassanah;16678;aswanijailani@gmail.com
7138;Labuh Usamah;15916;rahmawatikasim@perum.mil
7139;Dr. Heryanto Haryanto, M.Ak;92150;sabrinauwais@perum.sch.id
7140;Sarah Wijayanti;97554;rahayunasyiah@gmail.com
7141;Enteng Sitorus;04441;adikasuryono@pd.int
7142;Ade Purwanti;84813;kasiranpalastri@gmail.com
7143;Mursita Hutasoit;27384;wpratiwi@gmail.com
7144;Nadia Mustofa;64026;gabriellawijayanti@cv.int
7145;Jamalia Widiastuti;55982;gardianto@pd.mil.id
7146;Sutan Slamet Handayani;49143;eka05@pd.co.id
7147;Drs. Diah Uwais, M.TI.;61949;yunigunarto@pd.web.id
7148;Laksana Latupono, S.Kom;35011;cwaluyo@yahoo.com
7149;Nasab Maryadi;12002;wijayasaka@yahoo.com
7150;Lala Sudiati;36351;lsihombing@gmail.com
7151;Koko Prasasta;52953;viman01@ud.ac.id
7152;Balijan Maryati;99836;caketprayoga@yahoo.com
7153;Kamila Sihotang;71329;shandayani@ud.net.id
7154;R. Gilda Hakim, S.E.I;31182;dnurdiyanti@yahoo.com
7155;Gaiman Sihombing;32540;arta30@pt.org
7156;Bagas Wastuti;42385;kenesbudiman@yahoo.com
7157;Heru Gunarto;98718;gamblanghalimah@cv.com
7158;Rini Haryanti;69660;prayogajanet@cv.go.id
7159;drg. Tina Rajasa, S.I.Kom;33133;tirtayasa78@yahoo.com
7160;drg. Tiara Permadi, S.Gz;63376;ghani06@cv.ponpes.id
7161;Rahayu Damanik, M.TI.;03798;qprabowo@cv.mil
7162;Gabriella Suryatmi;25052;andrianipanca@cv.go.id
7163;Kania Ramadan, S.Psi;81256;wibisonolanang@yahoo.com
7164;Julia Wibisono;04316;latikagunawan@yahoo.com
7165;Usyi Wastuti;70178;lailasariputri@cv.id
7166;Yani Wahyudin;11732;prasetyomandala@hotmail.com
7167;Dr. Setya Samosir, M.Pd;44802;ade42@pd.sch.id
7168;Tugiman Nasyiah, S.Pd;35662;rajasamarsito@yahoo.com
7169;Titin Namaga;79561;siraitpadmi@ud.gov
7170;Irfan Melani, S.Sos;66122;lmarpaung@yahoo.com
7171;Siska Nurdiyanti;08258;makara00@yahoo.com
7172;Drs. Farah Laksmiwati, S.Ked;66483;umaya63@pd.ponpes.id
7173;Paramita Pradana, S.E.I;19531;uyainahdagel@hotmail.com
7174;Citra Prayoga;71412;fmanullang@gmail.com
7175;Ismail Mandala;08948;rendy39@pt.my.id
7176;Hilda Budiyanto;13558;galur25@ud.net
7177;Mursinin Wijayanti;49946;prakasakajen@yahoo.com
7178;Dewi Zulaika, S.Gz;34212;darimin08@pt.net
7179;Elma Lazuardi, M.Pd;26108;teguhmarpaung@yahoo.com
7180;drg. Karen Siregar;44941;xhutasoit@pt.com
7181;Laras Januar;45295;jayaprasasta@yahoo.com
7182;Rusman Mardhiyah;19156;ynasyiah@hotmail.com
7183;Ismail Prastuti;92974;efarida@yahoo.com
7184;Dr. Janet Lailasari, S.Psi;64637;victoria82@yahoo.com
7185;Eman Mandala;56939;banawa99@cv.desa.id
7186;Hj. Yani Napitupulu, S.H.;83619;iiswahyudi@yahoo.com
7187;Puti Unjani Waskita;04584;johan14@ud.org
7188;Halima Putra, S.Farm;24873;nnugroho@yahoo.com
7189;Ratna Siregar, M.Kom.;81694;estiono42@hotmail.com
7190;Soleh Kusumo, S.Farm;35077;purwantiasmadi@hotmail.com
7191;Arsipatra Laksita;85215;melanicitra@hotmail.com
7192;Syahrini Budiyanto;30132;rizki53@hotmail.com
7193;Kamila Adriansyah;21984;iswahyudihimawan@hotmail.com
7194;Cut Ira Usamah, S.Ked;26544;fathonah11@ud.web.id
7195;Ir. Endah Sudiati, S.Farm;66096;suwarnopadmi@hotmail.com
7196;Abyasa Hariyah;29962;wardaya51@perum.gov
7197;R. Unjani Hardiansyah, M.Ak;00745;dartononugroho@pt.go.id
7198;Cakrabirawa Utami;29632;ghardiansyah@gmail.com
7199;Laras Tampubolon;93334;xsitorus@ud.my.id
7200;Ajeng Marbun, S.Psi;46076;hani49@yahoo.com
7201;Virman Latupono;55030;hsantoso@ud.edu
7202;Puti Lintang Irawan;95961;lalapurwanti@yahoo.com
7203;Bancar Hartati, M.TI.;33678;rikahidayanto@ud.edu
7204;Halima Manullang;45715;mayasarikemba@cv.id
7205;Tgk. Gaman Zulkarnain;49521;galakanggriawan@hotmail.com
7206;Saka Yuliarti;98266;langgengpratiwi@ud.my.id
7207;Murti Padmasari;00388;jpangestu@gmail.com
7208;Makuta Maheswara;57671;lananghalim@yahoo.com
7209;Darijan Puspasari;19663;iardianto@hotmail.com
7210;Laksana Napitupulu;88757;nasab36@ud.biz.id
7211;Paiman Adriansyah;06036;onugroho@yahoo.com
7212;Emong Kuswandari;74090;ademandala@perum.biz.id
7213;Hardi Puspita;26748;qnugroho@pd.net.id
7214;Sabrina Prastuti;50425;pancamaryati@perum.co.id
7215;Janet Pratama;93156;narjilazuardi@pt.int
7216;Umar Lazuardi;57882;wakiman07@pd.or.id
7217;Hj. Violet Padmasari;00137;mahesa61@yahoo.com
7218;Kania Saputra;62733;ismailnasyiah@pt.biz.id
7219;Cengkal Riyanti;37373;wahyudinabyasa@gmail.com
7220;Sutan Saadat Megantara, S.H.;94675;gandi34@yahoo.com
7221;Sadina Santoso;37861;yanggriawan@yahoo.com
7222;Winda Pratama;43229;sinagabancar@yahoo.com
7223;Putri Sihotang;65634;mayasarivanya@pd.com
7224;Sarah Nababan;65195;mahendradaryani@pd.go.id
7225;Aisyah Tampubolon;01482;rahayususanti@pd.sch.id
7226;Zulfa Aryani;40314;oskarmegantara@perum.sch.id
7227;Cecep Januar;78824;laswi23@pt.net
7228;Waluyo Nasyidah;58532;wibowoshakila@pt.edu
7229;Jumadi Fujiati;89834;hasansaputra@cv.net.id
7230;Natalia Prasetyo;97784;bagiyasihombing@gmail.com
7231;Genta Pangestu;99172;smulyani@pt.go.id
7232;Vera Prakasa;09598;ayu67@pd.mil.id
7233;Tgk. Lidya Ramadan;70160;vprayoga@yahoo.com
7234;Usyi Mustofa;41106;zhalim@pt.sch.id
7235;Ayu Padmasari, M.Farm;35818;clatupono@hotmail.com
7236;Cut Kasiyah Namaga;18585;santosojarwadi@cv.int
7237;R. Unggul Widiastuti, M.Pd;66535;hildamaryadi@hotmail.com
7238;Catur Mulyani;52279;wulandaripanji@ud.my.id
7239;Unjani Halimah;13765;pratamaraihan@hotmail.com
7240;Dalima Latupono;45553;vnababan@pt.web.id
7241;Kawaya Marpaung, M.Farm;78807;ophelia01@pt.net.id
7242;Suci Pratiwi;54540;jamiladriansyah@pd.net.id
7243;Gara Yuliarti;20799;jaiswaluyo@perum.sch.id
7244;R. Dono Suwarno;41310;uchita92@perum.id
7245;Vino Napitupulu;79267;vwastuti@cv.edu
7246;H. Cengkal Gunawan, S.T.;34393;wage07@gmail.com
7247;Digdaya Wacana;52603;yono21@perum.org
7248;R.M. Jumari Samosir, M.Ak;93967;mamansudiati@yahoo.com
7249;R. Titin Gunarto;80354;prakasalaras@gmail.com
7250;Ratih Ardianto;97708;gwidiastuti@gmail.com
7251;Laila Waskita;24945;jonoyulianti@perum.net
7252;Irnanto Siregar;33034;bprasetyo@hotmail.com
7253;Yance Usamah, S.E.;19308;perkasa79@ud.int
7254;Among Sihombing;54627;titin98@gmail.com
7255;Hafshah Manullang;79316;ppurwanti@hotmail.com
7256;Dt. Galiono Wibowo, S.Gz;22422;megantararadika@pt.gov
7257;Indah Simanjuntak;88568;tarisaptono@ud.id
7258;Langgeng Hidayat;55928;prayoga78@ud.ponpes.id
7259;R.A. Olivia Prastuti;67219;esinaga@pt.mil.id
7260;Hilda Suryatmi, S.IP;77309;rajataakarsana@perum.ac.id
7261;Erik Samosir, S.Ked;37586;argono84@pd.biz.id
7262;Cut Rahayu Mustofa, S.Sos;32094;cinthiawacana@perum.mil
7263;Ir. Darmanto Hardiansyah, M.Pd;63807;ani70@perum.ac.id
7264;R. Chelsea Saefullah;48675;gunartooskar@hotmail.com
7265;R.A. Siska Nasyidah, S.Psi;03902;sirawan@yahoo.com
7266;Salwa Permata;58258;susantibella@ud.my.id
7267;dr. Bagiya Tampubolon;75728;iwulandari@cv.sch.id
7268;Edison Napitupulu;58423;rpratama@yahoo.com
7269;Jaeman Tarihoran, S.I.Kom;78729;pratiwihani@gmail.com
7270;Adiarja Pangestu, S.T.;31021;narpatiunjani@yahoo.com
7271;Padma Andriani;40544;jagasusanti@perum.int
7272;Cornelia Melani;79395;asaragih@yahoo.com
7273;Keisha Anggraini;67532;kemba28@pt.or.id
7274;Lukman Pratiwi;84222;jagaragalailasari@gmail.com
7275;Hartana Pertiwi;94912;paulinpranowo@hotmail.com
7276;R.M. Jasmani Permadi, S.E.I;34335;lrahayu@ud.web.id
7277;Titi Sihotang;49886;fhakim@pd.mil
7278;Cagak Hidayanto, M.TI.;04307;marpaungbagiya@gmail.com
7279;Cut Jessica Adriansyah, S.Farm;93030;prayitna25@hotmail.com
7280;Edward Irawan, S.I.Kom;42889;edwardsimanjuntak@hotmail.com
7281;Nalar Handayani;94569;kusmawatimaryadi@pd.org
7282;Ajimat Riyanti, S.Psi;09590;widiastutiumar@hotmail.com
7283;Galiono Latupono;94054;nyoman96@gmail.com
7284;Putu Nasyidah;63554;puspasariella@cv.edu
7285;Karman Hakim;22256;khutapea@hotmail.com
7286;Ophelia Prayoga;76213;vanya23@ud.my.id
7287;Oliva Melani, S.Kom;28732;vhartati@cv.ponpes.id
7288;dr. Pranawa Hartati, S.Sos;95804;warta13@ud.biz.id
7289;R.M. Adika Hassanah, M.Pd;69969;rizki97@yahoo.com
7290;Maimunah Maryati;96579;jsetiawan@yahoo.com
7291;Sutan Edi Tarihoran;80304;yogaprasetya@gmail.com
7292;Jaswadi Latupono;89084;alika72@pd.desa.id
7293;Raditya Budiyanto;28709;qrajasa@hotmail.com
7294;KH. Cakrawangsa Hutagalung;99601;kiandrasuwarno@ud.web.id
7295;R. Zamira Haryanto;37479;enainggolan@cv.com
7296;Ani Widodo;36521;widiastuticarub@gmail.com
7297;drg. Makara Handayani;91719;mzulkarnain@yahoo.com
7298;Hj. Olivia Winarno, S.Psi;20019;wmarbun@hotmail.com
7299;Puti Safina Hidayat, M.M.;73143;utamaprabowo@perum.int
7300;Ibrahim Rahmawati;16601;asmuninugroho@cv.ac.id
7301;Darijan Dabukke;97949;prakosa04@gmail.com
7302;Natalia Zulaika;90855;utamasimon@hotmail.com
7303;Tgk. Legawa Sudiati;91136;simbolonnurul@cv.my.id
7304;R. Salwa Samosir;81580;marbunolivia@gmail.com
7305;Gilda Ramadan;18843;handayanizahra@hotmail.com
7306;Gilda Waluyo;61429;zulaikabagus@gmail.com
7307;Ratih Sitorus;36988;edison47@hotmail.com
7308;Taufan Wibisono;85247;pratiwisyahrini@ud.gov
7309;Wardaya Hutapea;06547;tinaandriani@yahoo.com
7310;Gasti Mardhiyah;61291;gwinarno@gmail.com
7311;Mahmud Puspasari, S.Gz;30519;aswani79@ud.or.id
7312;Kalim Andriani;05212;dirjaputra@yahoo.com
7313;Tgk. Vero Manullang;31854;uyainahimam@gmail.com
7314;Baktianto Riyanti;61320;ihsanjailani@perum.desa.id
7315;Ivan Marpaung;14762;esirait@yahoo.com
7316;Drs. Kadir Gunarto, S.E.;53091;rmangunsong@yahoo.com
7317;Raisa Prayoga;31291;maryanto96@pd.id
7318;Iriana Wulandari;63579;nlaksita@hotmail.com
7319;Dr. Mursita Widodo;85162;warsa45@yahoo.com
7320;Farhunnisa Gunawan;71472;najwasitorus@cv.or.id
7321;dr. Maria Hariyah, S.I.Kom;79898;dabukkeolga@cv.int
7322;Kartika Rajata;14855;bagusmustofa@pt.int
7323;Gatot Budiman;57613;kezia14@hotmail.com
7324;Karna Wibisono;67455;hardiansyahlasmono@pt.mil.id
7325;Zahra Pranowo;86180;hakimbakiadi@cv.com
7326;Puti Yani Mahendra;12018;najwa68@pt.biz.id
7327;Jail Anggraini;18446;odongoran@pd.net
7328;Jagapati Hartati;73080;usadabahuwirya@cv.biz.id
7329;Puti Thamrin;64767;ilsapermadi@yahoo.com
7330;T. Atma Nababan, M.Kom.;92427;cwinarno@pt.my.id
7331;Tgk. Harja Manullang;15897;zsitumorang@gmail.com
7332;Nurul Budiman, S.Gz;49317;cakrabuana95@hotmail.com
7333;Carla Prasasta;35029;olgafirmansyah@hotmail.com
7334;Dt. Makuta Napitupulu, S.Kom;33165;labuh78@gmail.com
7335;Lanang Wibisono;29134;liman86@pd.ac.id
7336;Darijan Hutagalung;20226;lembah30@pd.org
7337;Puti Ratna Wahyuni;41121;maryanto44@hotmail.com
7338;Cornelia Yulianti;83209;marwata86@cv.mil.id
7339;R.M. Halim Pangestu, S.Ked;66237;hutasoityusuf@hotmail.com
7340;Ifa Farida;37379;sadina10@pd.ponpes.id
7341;Bella Pangestu, S.Pd;53930;wsimanjuntak@pt.id
7342;Dr. Zelaya Mangunsong;05098;kayla98@yahoo.com
7343;Cakrabirawa Permadi, S.Gz;57764;pratamaharimurti@pt.ponpes.id
7344;Estiono Hutapea;40015;parman97@pd.net.id
7345;Mutia Firgantoro;01698;ajimathalim@pt.ac.id
7346;Drs. Koko Prasetya, M.TI.;04672;teguh82@gmail.com
7347;Anastasia Saputra;23126;timbul33@yahoo.com
7348;Naradi Suryono, S.Gz;51634;rudi21@pt.desa.id
7349;Estiawan Prasetya, S.Ked;71418;okto91@yahoo.com
7350;Usyi Hakim;26613;zastuti@hotmail.com
7351;Adinata Salahudin;89769;wmarpaung@hotmail.com
7352;Danang Laksita, S.Pt;30447;xnasyidah@yahoo.com
7353;Panji Wasita;28426;ajimatramadan@pt.co.id
7354;Pranawa Wastuti;37942;nadinezulkarnain@hotmail.com
7355;Ellis Laksmiwati;56700;usudiati@gmail.com
7356;Jarwi Uyainah;88165;halimprasetyo@hotmail.com
7357;Raditya Prasetya;28213;yessi87@pt.org
7358;T. Elon Suartini, S.Kom;96361;malika05@pt.int
7359;R. Eka Pranowo, S.IP;93103;mahdi82@hotmail.com
7360;R. Kenzie Wijayanti;61938;mustikadongoran@yahoo.com
7361;Lala Sihotang;24618;fagustina@gmail.com
7362;Elisa Natsir, S.T.;39531;oktavianiwarji@yahoo.com
7363;drg. Tirtayasa Riyanti;82788;qwibisono@pt.ponpes.id
7364;Tasdik Halim;96252;banawa56@gmail.com
7365;Yani Halim;78539;plaksmiwati@hotmail.com
7366;Puspa Siregar;57634;mandalaasmuni@cv.mil.id
7367;Aris Sinaga;36842;aryanireksa@cv.ac.id
7368;Bagya Sirait;24296;rahayusirait@hotmail.com
7369;Shania Pudjiastuti;26541;jagapatinashiruddin@yahoo.com
7370;Tira Nababan, S.Sos;91521;nsantoso@cv.my.id
7371;Uli Firgantoro;50464;aryaniemil@cv.org
7372;Titin Permadi, S.T.;30106;jaswadi69@perum.gov
7373;Hamima Melani;07509;nilam87@pt.org
7374;Carub Lailasari, S.Psi;48098;pangestu50@pd.desa.id
7375;Dr. Maimunah Samosir;89528;rudi26@cv.net
7376;Rendy Widiastuti;68106;wardayajailani@pt.mil.id
7377;Asmuni Prasetya;09147;firmansyahmustofa@hotmail.com
7378;drg. Rahayu Maryadi, M.Farm;23942;fujiatipanji@hotmail.com
7379;Catur Hutapea, S.I.Kom;99750;saragihcagak@yahoo.com
7380;Nasab Widiastuti;04830;carakaprasasta@yahoo.com
7381;Heru Mandasari, S.Pt;54572;hutasoitalika@perum.mil
7382;R.M. Viman Widiastuti, S.Farm;34303;jkurniawan@pd.ac.id
7383;Yusuf Zulkarnain, S.Pt;15964;puji67@hotmail.com
7384;dr. Parman Wijayanti;74706;zkusumo@hotmail.com
7385;Sarah Sinaga, M.Farm;53653;shania64@hotmail.com
7386;Gasti Prasetyo;82264;pranowochandra@pt.web.id
7387;Hj. Yessi Dongoran, S.Sos;96101;harjayamelani@perum.int
7388;Tgk. Qori Maryati, S.Gz;51760;handayaniratna@yahoo.com
7389;Hilda Saptono;63251;utamijais@yahoo.com
7390;Cagak Kusmawati;57140;saefullahharimurti@perum.gov
7391;Danuja Permadi;20803;thidayanto@gmail.com
7392;Intan Irawan;11436;hnasyiah@gmail.com
7393;dr. Mustika Nurdiyanti, S.IP;28975;makara70@gmail.com
7394;Dr. Hendri Suryono;30051;jayadi74@pt.mil
7395;Nadine Nurdiyanti;96083;dacinsirait@gmail.com
7396;R. Salsabila Pangestu;20152;laraswinarno@pt.gov
7397;Indra Hastuti;91889;habibiwarsita@pt.net.id
7398;Harjo Permata;08166;irawanlaila@pd.co.id
7399;Anastasia Puspasari;45229;pmardhiyah@pd.sch.id
7400;Julia Tampubolon, M.Pd;14183;gadangsinaga@cv.net.id
7401;Irma Melani;48982;suryonomursinin@cv.mil.id
7402;H. Baktiono Prakasa;59272;enteng45@hotmail.com
7403;R.A. Aisyah Budiyanto;68494;hartanahidayanto@gmail.com
7404;Ani Wacana;10203;ytamba@hotmail.com
7405;drg. Slamet Mansur;97783;warjinarpati@gmail.com
7406;Nilam Wahyuni, S.E.;86934;saputraasman@perum.or.id
7407;drg. Wulan Kuswoyo, S.Farm;88972;wibisonoyono@pt.net
7408;Gasti Maryadi;09810;nnasyidah@ud.web.id
7409;Hardi Zulkarnain;24375;cutama@ud.id
7410;Yuliana Mahendra;51701;jessica73@yahoo.com
7411;Nilam Novitasari;05806;adriansyahami@yahoo.com
7412;Gantar Hidayat;31831;karjawaluyo@yahoo.com
7413;Cakrawala Mandasari;88317;awasita@gmail.com
7414;Salimah Natsir;08360;wdamanik@pd.com
7415;Drs. Kamila Hakim, S.H.;95750;jsaragih@gmail.com
7416;Galur Rajata;86541;najmudinadika@yahoo.com
7417;Hamima Siregar;25627;rendy28@gmail.com
7418;Opung Winarsih;98981;saputrakajen@cv.gov
7419;Michelle Irawan;84560;jail79@pd.mil.id
7420;Titin Kusmawati;00384;kamidinsiregar@perum.biz.id
7421;Ani Padmasari, M.Ak;07378;nilam31@yahoo.com
7422;Tania Tamba;47375;padmi99@ud.id
7423;Siti Hutasoit;93649;kmarbun@yahoo.com
7424;Rachel Simanjuntak, S.Psi;15713;irfan91@hotmail.com
7425;Ivan Iswahyudi;62228;ezulaika@perum.edu
7426;Maya Najmudin;31647;wastutitaswir@hotmail.com
7427;Martana Najmudin, S.Pd;84277;virmanprakasa@cv.my.id
7428;Maras Maryadi;20149;saputrasiti@ud.my.id
7429;Galuh Suryatmi;63050;habibiirfan@cv.ponpes.id
7430;Eman Yolanda;94892;gambira79@ud.mil
7431;Ir. Mursinin Permadi, S.I.Kom;74423;oskar24@ud.desa.id
7432;Cut Sabrina Mahendra, S.Pt;31587;mustika29@cv.sch.id
7433;Mustika Mangunsong;94739;tarihoranarta@pt.mil
7434;Irnanto Irawan, M.Kom.;46764;suryairawan@gmail.com
7435;Marsito Uyainah;02468;pranawa38@hotmail.com
7436;Ismail Usada;28103;znuraini@pt.my.id
7437;Elisa Anggriawan;42945;enasyiah@perum.com
7438;Hasta Mandala;30224;oriyanti@perum.int
7439;Gamblang Waskita;45234;vinousada@yahoo.com
7440;Sutan Gangsa Kuswoyo;63567;dimas81@pd.co.id
7441;Langgeng Pangestu;23458;xastuti@pd.or.id
7442;Almira Safitri, M.Ak;62500;banawimaulana@perum.ac.id
7443;H. Edi Usada;16670;irfankuswoyo@hotmail.com
7444;Ratih Halim;84444;pangeranzulaika@cv.biz.id
7445;Galih Thamrin;38959;aryanicayadi@ud.int
7446;Heru Siregar;35508;olga34@cv.ac.id
7447;Indah Novitasari;77455;gunawankunthara@hotmail.com
7448;Violet Padmasari;42198;pnapitupulu@gmail.com
7449;Dt. Candrakanta Marpaung, S.E.;19149;rahmawatibanara@yahoo.com
7450;Putri Januar;64293;umaya50@gmail.com
7451;Ismail Permadi;86465;jaswadidamanik@pd.int
7452;Nasab Dongoran;09545;haryantinalar@yahoo.com
7453;Dimaz Sitompul;74435;qhasanah@pd.mil
7454;Aslijan Suartini;52403;saka64@cv.net
7455;Cinthia Sirait, S.T.;55853;asantoso@gmail.com
7456;Cakrajiya Hariyah;54549;umifujiati@ud.ponpes.id
7457;Titin Mustofa;93393;prasetya09@gmail.com
7458;Sutan Ganep Wijaya, M.Kom.;83220;cemani03@gmail.com
7459;Jane Riyanti, S.Ked;39798;andrianipraba@perum.co.id
7460;Cahyono Wulandari;59231;upikfarida@hotmail.com
7461;Jarwi Nababan;19576;phariyah@gmail.com
7462;drg. Cindy Napitupulu, S.IP;38052;knovitasari@gmail.com
7463;Hafshah Halim;85875;wahyu34@pt.org
7464;Puti Widya Winarno;36370;karsanamulyani@ud.net.id
7465;Rahmi Nasyidah;73218;queenhabibi@yahoo.com
7466;Ajeng Wastuti;04275;mandalagatot@gmail.com
7467;Asmadi Ramadan, S.Ked;49308;lazuardicitra@gmail.com
7468;Balangga Ramadan;12718;cfujiati@yahoo.com
7469;Usyi Prakasa;27720;natalia62@hotmail.com
7470;Yoga Siregar;83202;dagelmangunsong@yahoo.com
7471;Hj. Novi Sitompul, M.Farm;81964;etamba@yahoo.com
7472;Yuliana Saputra;62511;lutfan06@yahoo.com
7473;Martani Santoso;17097;xhastuti@cv.org
7474;Taswir Thamrin;97161;kamalsitorus@yahoo.com
7475;Panji Iswahyudi;69065;jusamah@gmail.com
7476;Adiarja Adriansyah, S.IP;44866;rosman66@gmail.com
7477;Ciaobella Wijaya;82688;elvinanarpati@pd.net
7478;Ismail Setiawan;14548;nova39@gmail.com
7479;T. Jayeng Kuswoyo;24184;karya06@pd.mil
7480;Kemal Yuliarti;62161;laksmiwatiputri@perum.net.id
7481;Ellis Prasasta;44363;carub63@pd.desa.id
7482;Lalita Adriansyah;59315;samosirnilam@pd.gov
7483;Asmadi Melani, S.E.I;62300;waluyofitria@yahoo.com
7484;Lurhur Suryono;40400;psitompul@yahoo.com
7485;Raina Pertiwi;99024;himawansaputra@hotmail.com
7486;Caket Waluyo;60515;rahmanpermadi@hotmail.com
7487;Ian Hutasoit;02931;gatra91@hotmail.com
7488;Hairyanto Purwanti;98110;satyajailani@yahoo.com
7489;Dirja Maulana;15735;eka91@hotmail.com
7490;Dr. Alika Susanti, S.Pt;51216;jlestari@ud.sch.id
7491;Galiono Mahendra;98391;nasim94@cv.org
7492;Nardi Puspasari;98139;halimahjessica@yahoo.com
7493;Kamila Jailani;03475;vero62@perum.id
7494;Darman Kusumo;32110;solehmayasari@gmail.com
7495;Drs. Artanto Widodo;09468;hidayantookta@gmail.com
7496;Talia Budiman;71065;maheswaraparamita@cv.ac.id
7497;Cawisono Simanjuntak;21248;nasimsaptono@gmail.com
7498;Adinata Namaga;93717;phutapea@yahoo.com
7499;Siska Utami;43292;puspitaami@yahoo.com
7500;Maya Handayani, S.Pd;09277;rkusumo@hotmail.com
7501;Maryadi Rahayu;01648;salahudinhafshah@gmail.com
7502;Salsabila Palastri;07168;olivia24@gmail.com
7503;Puspa Usamah, M.Farm;82406;wawanutami@perum.mil.id
7504;Kamidin Nashiruddin, S.T.;12270;kuswoyocahyo@pd.gov
7505;Dr. Cemplunk Wahyuni;95197;karnaagustina@gmail.com
7506;dr. Hasta Pangestu, M.TI.;25161;rafidprasasta@pd.co.id
7507;Shakila Safitri;73716;kamaria60@yahoo.com
7508;Yulia Palastri, M.Ak;99344;dhariyah@gmail.com
7509;Pranawa Wasita;48961;rlatupono@hotmail.com
7510;Cahya Uyainah;58639;ibunutami@gmail.com
7511;Tgk. Eli Hidayat;19264;marbunnabila@gmail.com
7512;Yono Narpati, S.Ked;29292;shania44@pd.ac.id
7513;Bakijan Prastuti;52567;hasan73@pt.my.id
7514;Usman Novitasari;79233;mzulkarnain@gmail.com
7515;Dr. Nova Dabukke;79832;paulinsaragih@hotmail.com
7516;dr. Widya Santoso;93361;faridaopung@yahoo.com
7517;Dr. Ani Palastri, S.Farm;14834;hutapeaarta@ud.net
7518;Cinta Rajata;77559;rinisalahudin@perum.com
7519;Malika Nababan;03885;zalindra87@pt.biz.id
7520;Sutan Cakrabuana Dabukke;87104;pertiwisabar@pt.ponpes.id
7521;dr. Silvia Hartati, S.Ked;63865;kasim23@yahoo.com
7522;Drs. Karimah Kuswoyo, S.Sos;28320;busada@pt.org
7523;Garan Uyainah, M.M.;58394;mumpuni64@ud.co.id
7524;Pardi Latupono;43095;nprakasa@hotmail.com
7525;Indah Zulaika;09719;gunartocakrabirawa@yahoo.com
7526;Uchita Situmorang;73457;gpangestu@gmail.com
7527;Mulya Suryono;78954;garanghardiansyah@cv.net.id
7528;Icha Tamba;72608;tsihombing@hotmail.com
7529;R. Galak Handayani, S.I.Kom;84250;wijayantikunthara@pt.biz.id
7530;Jefri Hutasoit, M.M.;19735;jati27@pt.org
7531;Aris Zulaika;10327;wulan80@yahoo.com
7532;Jinawi Lailasari;82696;ywibisono@pd.or.id
7533;Rosman Prabowo, M.Farm;38049;lili47@yahoo.com
7534;Pandu Prabowo;79176;gamani71@hotmail.com
7535;Martana Sihombing;49420;kuswandaridanu@yahoo.com
7536;Budi Yuniar;21065;ymanullang@pt.ponpes.id
7537;R. Tirtayasa Siregar, S.H.;55127;hidayantoprima@yahoo.com
7538;Dr. Siti Hartati;16045;ewasita@gmail.com
7539;Vanya Prasetya, S.Pt;60543;nardinurdiyanti@gmail.com
7540;Tantri Iswahyudi;58359;rahayuumar@hotmail.com
7541;Gambira Sihombing;17417;nfujiati@yahoo.com
7542;Wakiman Mulyani;61117;wasis52@hotmail.com
7543;Laras Puspasari;24163;rahmat51@pd.mil.id
7544;Leo Permata;25814;jtarihoran@ud.org
7545;Legawa Pradipta;22168;langgengnapitupulu@hotmail.com
7546;Lalita Kuswandari;25088;tami93@hotmail.com
7547;Tomi Nurdiyanti;65943;harjasa88@yahoo.com
7548;Harsanto Hakim, S.Ked;74179;febi72@hotmail.com
7549;Azalea Jailani;39457;rirawan@gmail.com
7550;dr. Almira Halimah;48990;cakrawala83@hotmail.com
7551;Ika Farida;30397;margana04@pd.gov
7552;Tgk. Yuni Yuliarti, S.Ked;08975;virawan@hotmail.com
7553;Agnes Hidayanto;06665;dadaputama@yahoo.com
7554;Dariati Namaga, M.Kom.;46151;intanwulandari@pt.mil.id
7555;Hj. Maya Winarsih, S.Pd;37947;mahendraami@pd.ponpes.id
7556;Tgk. Titin Usamah, S.E.I;99736;safitritirtayasa@pt.mil.id
7557;Latika Thamrin;60429;ifujiati@gmail.com
7558;Laila Yuniar;08703;vwastuti@pt.com
7559;Pranata Uyainah;82588;salimahnapitupulu@perum.or.id
7560;Agus Mahendra;75144;astutigara@pt.mil.id
7561;Drs. Siti Mayasari, M.TI.;11703;doktaviani@yahoo.com
7562;Maya Adriansyah;73723;isuartini@hotmail.com
7563;Tgk. Raihan Nainggolan;16456;tarihoranradit@pd.sch.id
7564;dr. Ajeng Salahudin;69823;viktorprabowo@pd.my.id
7565;Elvin Hasanah, S.Psi;60427;nardi73@yahoo.com
7566;Saadat Novitasari;91679;mitraoktaviani@pt.com
7567;Tina Palastri;98739;martani98@pd.or.id
7568;Rahmi Siregar;19982;safitriridwan@gmail.com
7569;Prabu Sihotang;17237;mardhiyahreza@gmail.com
7570;Ir. Sabrina Sinaga, M.Kom.;71452;hmandasari@ud.or.id
7571;Cornelia Mustofa;63640;wahyunikasusra@ud.or.id
7572;Elvina Dongoran, S.E.I;43483;mutami@ud.mil
7573;Tgk. Lasmanto Hidayat, S.Kom;01786;hanihardiansyah@yahoo.com
7574;Latika Lailasari;44755;ohidayanto@gmail.com
7575;Dt. Carub Uyainah;49683;sihombinggalur@hotmail.com
7576;Yance Usamah;24744;galarpradipta@ud.biz.id
7577;Dr. Lili Latupono;60676;wastutikuncara@pt.mil
7578;Ira Mandasari;64081;dewisusanti@gmail.com
7579;Cut Tania Nuraini;57980;aprasasta@pd.mil.id
7580;Karsana Aryani, M.Ak;01661;najwa09@ud.gov
7581;Hj. Alika Tamba, M.M.;23460;rahayuina@yahoo.com
7582;Devi Tarihoran;94318;pertiwitantri@pt.co.id
7583;Ir. Jaga Situmorang;22335;rajasaismail@gmail.com
7584;Wani Maryadi;53683;dasayuniar@yahoo.com
7585;Najib Firmansyah;09391;ulvafarida@hotmail.com
7586;Shania Manullang;05402;makaramulyani@hotmail.com
7587;Zulfa Gunarto;32965;uhutagalung@gmail.com
7588;Dalimin Salahudin, S.Psi;25432;shania93@ud.id
7589;Mutia Budiman;07675;emilhalimah@hotmail.com
7590;Lanjar Sihombing;78013;ghani22@ud.com
7591;Nasab Mangunsong;65101;ibudiman@cv.com
7592;Dr. Bagya Permata;12470;ikhsanrahmawati@hotmail.com
7593;Jagapati Prasetya;93880;laksitadarmaji@pt.gov
7594;Edison Thamrin;20667;daryani10@gmail.com
7595;Najwa Mustofa;62686;lailasariega@perum.id
7596;Candrakanta Palastri;40413;hutagalungika@ud.co.id
7597;Cinthia Yuniar;62209;kanijanuar@pd.or.id
7598;drg. Agnes Prasetyo;01754;alaksita@perum.id
7599;KH. Surya Mangunsong;97091;danu49@ud.go.id
7600;Karimah Mandala;82268;knovitasari@perum.org
7601;Gamblang Lestari;49136;kajenhabibi@ud.co.id
7602;Padma Waluyo;06089;opudjiastuti@pd.ac.id
7603;Gina Saefullah, S.IP;54243;taswir64@pt.com
7604;Dr. Maya Purnawati;77556;lanangsamosir@pd.desa.id
7605;Elvina Januar;88150;cakrajiyatarihoran@hotmail.com
7606;Satya Tamba;20589;samsul13@hotmail.com
7607;Hamima Samosir;72119;titin38@yahoo.com
7608;Hj. Vicky Sudiati;80650;uwaisbakiono@perum.int
7609;R. Ade Lazuardi, S.Kom;27290;cagernamaga@hotmail.com
7610;Vicky Mustofa;47645;ekurniawan@ud.mil.id
7611;Lidya Prasetyo;06111;ooktaviani@pt.desa.id
7612;Candrakanta Prakasa;92323;widiastutiirfan@pd.ac.id
7613;drg. Sari Namaga, S.IP;86324;hasta50@pd.int
7614;R. Yosef Nasyidah;09668;titipradana@yahoo.com
7615;Cut Paulin Najmudin, S.Kom;27534;cakrabirawaprakasa@ud.net
7616;Jaswadi Samosir;99289;myolanda@cv.gov
7617;Paris Budiman, S.E.I;60214;owinarsih@ud.desa.id
7618;Hasna Sirait, M.Farm;38718;narji17@yahoo.com
7619;Jais Hakim;10214;damanikyahya@yahoo.com
7620;Sutan Wardi Nurdiyanti;13061;najmudincinta@yahoo.com
7621;R. Lamar Widodo;07671;gamblang88@perum.int
7622;Umi Hakim;96955;puputwasita@yahoo.com
7623;Dr. Zelda Najmudin, S.H.;34652;saragihgalak@gmail.com
7624;Sari Hutasoit;90727;johanmarbun@yahoo.com
7625;Jaiman Wastuti;38627;adikaralestari@gmail.com
7626;Gangsar Utami;42981;tarihoranemin@cv.sch.id
7627;dr. Tina Tampubolon, M.M.;59635;kusumoatma@gmail.com
7628;Keisha Ramadan;59740;umi05@pt.desa.id
7629;dr. Baktiono Latupono;73087;purwanto77@yahoo.com
7630;Wisnu Pangestu;00943;jdongoran@hotmail.com
7631;Elma Anggriawan;14212;irwan73@pt.net.id
7632;Pia Yuniar;92073;ctarihoran@gmail.com
7633;Oliva Gunarto, M.Kom.;76585;dadap80@gmail.com
7634;Eli Ramadan;44713;jabal12@pt.edu
7635;R. Adinata Pradipta, S.Ked;25555;liman06@yahoo.com
7636;dr. Diah Adriansyah;54844;drajatprakasa@hotmail.com
7637;Nadine Hutasoit;84046;htampubolon@gmail.com
7638;Drs. Abyasa Pudjiastuti;94659;labuhhabibi@pt.mil.id
7639;Mursita Saputra;75959;mulyanibanara@pt.ponpes.id
7640;Satya Tarihoran;12075;oktavianicakrabirawa@pd.int
7641;Tgk. Lidya Lazuardi, S.Pt;25985;hariyahbancar@yahoo.com
7642;Mulya Prakasa, S.T.;71931;balangga49@cv.edu
7643;drg. Unggul Saefullah, M.M.;84257;vickyardianto@pd.web.id
7644;Irsad Permadi;92374;yessi91@perum.or.id
7645;Dt. Harsaya Laksita;03155;uwaisasirwanda@ud.id
7646;Okta Hutasoit;88122;twijaya@ud.com
7647;Cahyanto Haryanto;96708;maheswaramitra@perum.int
7648;Cakrawala Lailasari;09388;lailasaragih@hotmail.com
7649;Titin Marbun;80760;permatavanesa@cv.ponpes.id
7650;Viktor Suartini;30350;heryanto44@gmail.com
7651;Zelda Kusmawati, M.Farm;75040;lhassanah@ud.ac.id
7652;Ajiman Kuswandari;33524;cahya31@hotmail.com
7653;Gasti Usada;99548;jindrasaragih@pt.my.id
7654;Kania Rajasa, S.E.I;41525;samosirsabri@cv.or.id
7655;Luluh Mulyani;38038;dariminoktaviani@yahoo.com
7656;Luwes Prasetyo;10826;aputra@ud.desa.id
7657;Yulia Iswahyudi;12325;yhartati@cv.net.id
7658;Rahmat Nuraini;40735;kurniapermadi@gmail.com
7659;Agus Pangestu;22278;bahuwarnamaryadi@cv.com
7660;Martani Iswahyudi, M.Farm;78794;vdamanik@yahoo.com
7661;Koko Hartati;40805;rahayumegantara@cv.net
7662;dr. Tami Rajasa;33054;uwidiastuti@gmail.com
7663;Anastasia Riyanti;11438;praba74@ud.id
7664;Cindy Mayasari;02583;marpaungtantri@gmail.com
7665;Mahdi Zulkarnain;75990;salwa45@cv.int
7666;Michelle Novitasari;47768;iwahyudin@perum.mil
7667;Hardi Setiawan;62525;napitupulusidiq@pt.co.id
7668;drg. Soleh Nugroho, S.Sos;79836;waskitagandi@ud.net.id
7669;Mahesa Rahmawati;60229;laila88@hotmail.com
7670;Nrima Sihombing;17170;budiyantowani@ud.net.id
7671;Gandi Winarno;44876;kartikahassanah@gmail.com
7672;Ikin Mustofa;35392;intansimanjuntak@hotmail.com
7673;Diana Wastuti;15110;irfanpranowo@gmail.com
7674;KH. Karna Andriani, S.I.Kom;33769;timbulpurnawati@pt.go.id
7675;Gawati Saragih;85656;lalapangestu@pd.my.id
7676;Zelda Salahudin;58645;hassanahmala@gmail.com
7677;Lili Puspasari;54714;unababan@pd.co.id
7678;Puti Gabriella Hassanah, S.Ked;43660;epuspita@pd.org
7679;Harjasa Prayoga;74912;jefrikusumo@yahoo.com
7680;Tgk. Dalimin Nurdiyanti, M.TI.;20020;saifulhassanah@gmail.com
7681;Praba Mayasari;91650;kemba11@hotmail.com
7682;Adika Tamba;65366;ina99@ud.id
7683;Cawuk Rajasa;76023;jsiregar@pd.sch.id
7684;Balamantri Winarsih;24009;lailasariridwan@hotmail.com
7685;Raihan Handayani;16013;karimahhalimah@gmail.com
7686;R.A. Latika Januar;97847;hairyantopurwanti@pd.org
7687;Ir. Icha Tampubolon, S.Sos;59390;yfirmansyah@ud.my.id
7688;Irma Najmudin, S.Gz;89421;ksetiawan@hotmail.com
7689;Rendy Januar;13245;hhastuti@ud.org
7690;Yuliana Mardhiyah, S.I.Kom;61282;dimasthamrin@ud.org
7691;Hj. Zelda Mandala, S.H.;05593;rachelpuspasari@pt.ac.id
7692;Hj. Tina Natsir, S.IP;65135;yunirahayu@pt.sch.id
7693;Atma Prasetya, S.I.Kom;66311;kusumowinda@hotmail.com
7694;R. Halima Marbun;24619;xwidodo@perum.ac.id
7695;Zalindra Wahyudin, S.IP;62070;candrakanta07@perum.web.id
7696;Edi Lailasari;46379;hariyahluis@gmail.com
7697;Drs. Sabrina Putra;16075;siraitupik@pd.edu
7698;Puti Clara Yuniar;99827;ridwan00@yahoo.com
7699;Ulya Saptono;18105;ptarihoran@gmail.com
7700;Caraka Yolanda;67318;dadi09@ud.org
7701;Nardi Wibisono;00068;padmi82@yahoo.com
7702;Saiful Saefullah, S.I.Kom;74032;hari40@cv.net.id
7703;Titin Yuliarti;85014;elvina62@ud.org
7704;Dt. Raden Kuswandari;22266;padmiwidodo@hotmail.com
7705;Ir. Vanya Utami;01059;mulyanivanya@perum.web.id
7706;Winda Mansur;24110;harjayadamanik@yahoo.com
7707;Kamaria Uwais;88647;lharyanti@ud.desa.id
7708;Akarsana Latupono;33831;xgunarto@yahoo.com
7709;Dr. Hasta Anggriawan, S.Pd;21003;legawaprasetyo@cv.biz.id
7710;dr. Safina Riyanti;34458;soleh58@perum.gov
7711;Tgk. Jessica Permata;83028;hastutishakila@gmail.com
7712;Ir. Yessi Pranowo, S.Ked;42248;nurul87@hotmail.com
7713;Putri Wijayanti;51889;zusada@gmail.com
7714;Hafshah Sihombing, S.Kom;10100;bakda13@ud.gov
7715;Winda Mustofa, S.E.I;61809;lanang52@pd.ponpes.id
7716;Harjo Andriani;46804;sihotanggandi@yahoo.com
7717;Ibrahim Pertiwi, S.I.Kom;90299;bakiman51@pd.mil.id
7718;Nadia Tampubolon;25491;gwaskita@gmail.com
7719;H. Ilyas Mandala, S.Pd;48468;irsad99@perum.org
7720;Drs. Dina Prastuti;75561;nasyidahrahayu@yahoo.com
7721;Sutan Bahuraksa Melani, S.IP;45984;nugrohoyance@gmail.com
7722;Anita Prabowo, M.M.;23167;karsasihotang@cv.my.id
7723;Jabal Wacana;12552;rmaryadi@yahoo.com
7724;Gantar Pranowo;19598;eva28@pd.net.id
7725;Kenes Halim;42584;lantarfirmansyah@gmail.com
7726;Hilda Purwanti, S.Sos;05287;xrahmawati@pt.edu
7727;dr. Pia Wijaya;01753;ratnamaryadi@cv.co.id
7728;Xanana Damanik;52071;brahmawati@yahoo.com
7729;Ghani Yolanda;05619;cornelia04@pd.mil.id
7730;Puti Anastasia Nashiruddin;05719;himawanmustofa@pt.gov
7731;Pardi Wulandari;72512;tambaluwes@gmail.com
7732;Ir. Tami Hutagalung;46986;hartatimahmud@perum.my.id
7733;Jane Wibowo;24075;hputra@gmail.com
7734;Kartika Melani;15105;ibrahim80@gmail.com
7735;Balijan Gunawan;5×¿|ëFòµë(š+myÖæ”7bæ÷"æ–@£3sƒ´öÆ—f–ÖæwVç6öæs³SSS#s·6†æ–Ö&F†—–„vÖ–Âæ6öĞ£3s“´VÖ2ÖVÆæ³S#3·v6¶—FFÆ–ÖäBæ6öĞ£3ƒ´6Væv¶—"†'–çFó³ƒƒS3s·FÖ&F†—–„7bææWBæ–@£3ƒ´¦–æG&&†–Öƒ³#SCƒC¶'VF–Öæ†'6ævÖ–Âæ6öĞ£3ƒ#´FÖ"·W7væF&’Â2å6÷3³CcƒC¶W&67FBæ÷"æ–@£3ƒ3´¦–ÂW'vçF’ÂÒäÒã³##S3C¶çW&F—–çF–&ÆF”–†öòæ6öĞ£3ƒC´¦–ÂW6F³Sƒ#ss¶&·F–F“VBæÖ–Âæ–@£3ƒS´†¢âFæ–×W7Föf³333¶VÇf–ã“dvÖ–Âæ6öĞ£3ƒc´6‡–F’7GWF“³““#c¶&·F–öæö†Æ–Ô7bævòæ–@£3ƒsµFv²âFÖ’vÇW–òÂÒäÒã³cc3s¶†Ö†W7v&vÖ–Âæ6öĞ£3ƒƒ´FWf’ö·Ff–æ“³3CcC¶ÇWF†f“dVBæv÷`£3ƒ“µ§VÆf·W&æ–vâÂÒåC³“ƒc“S¶Ö'–F–æ–†öòæ6öĞ£3“µ&V·6W'vçF“³S#s¶&F–çFö¦–ÖDW'VÒæFW6æ–@£3“¶G"â—VÆ–†'–çF“³Sƒ#¶†'F¶svÖ–Âæ6öĞ£3“#µ–†¶–ÒÂÒä¶öÒã³3Sssƒ¶¦öæ÷F†×&–ä†÷FÖ–Âæ6öĞ£3“3µ"â6öÆV‚&FæÂÒåC³sCƒ·&&v#dVBæ–ç@£3“C´¶VÖ&v‡—VF–ã³ƒƒ3c·§VÆ¶&æ–æ†&”vÖ–Âæ6öĞ£3“S´F&ÖçFò&æ÷vó³33“ƒs¶6·&¦—–ævw&–æ”–†öòæ6öĞ£3“c´G'2âWG&’×VÇ–æ’Â2å6÷3³ƒ3“s¶–'Vã#–†öòæ6öĞ£3“sµ"äÒâvÇV‚Ö†VæG&³c#c#3¶f—¦ƒ3„Bæ6òæ–@£3“ƒ´´‚â&ÆÖçG&’†'FF’Â2åC³Cƒs3S·W7—F&Æ–F–äBæ6öĞ£3““´F–¶æ–ævvöÆã³sƒ“S·&–—FæsTBæ×’æ–@£C´¦–F’W76&“³““ƒS¶Ööævæ'F”Bæ2æ–@£C´†&¦6v–FöFó³#S““·v6æF–Ö4vÖ–Âæ6öĞ£C#´‡VÖ—&gV¦–F’Â2åBã³ƒC¶×W'6–æ–ã„VBæ2æ–@£C3¶G"âWWBæ6†—'VFF–âÂ2åC³CSssc·ævW7GVÆ–çFæt–†öòæ6öĞ£CCµ6·F’7W'–FÖ“³s#CS¶¶Ö–Æ#4W'VÒæÖ–Âæ–@£CS¶G"â§VÆ’&—–çF’Â2åC³CC#c¶—'vç7W6çF”7bæ2æ–@£Cc´¦ÖÆ–ÖVÆæ’Â2å6÷3³ƒ“Cs·6–†öÖ&–æv×W'6—FW'VÒæ–@£Cs¶G&râFÖ¦'VF—–çFó³#s#¶Æ–ÆgV¦–F”–†öòæ6öĞ£CƒµW'vF’6Ö÷6—#³#ƒSs¶ÇÆ7G&”W'VÒææWBæ–@£C“´G"â&VÆÆ†&–&’Â2åBã³s“c¶¶'FBçöçW2æ–@£C´ÇWvW2Æ7G&“³sCC“¶Ö†VæG&'F–†öòæ6öĞ£Cµf–6·’†&F–ç7–ƒ³#Sƒ·W'vçF—W'vF”†÷FÖ–Âæ6öĞ£C#´FÆ–Öâ†&F–ç7–ƒ³CsC#ƒ¶Ö'–F–Ö'Væt†÷FÖ–Âæ6öĞ£C3µVÖ–v6—F³S“3“#¶–‡6ãCt–†öòæ6öĞ£CC´†VæG&×W7Föf³CsSC·6f—G&—&–¶BçöçW2æ–@£CS´—"âFöÖ’æ7––ƒ³“3C¶÷†VÆ–ævW7GTW'VÒæ×’æ–@£Cc´§VÖF’æ¦×VF–ã³ƒS3c¶¶F—#“t–†öòæ6öĞ£Cs´–fFöæv÷&ã³CCcs#¶FææsTvÖ–Âæ6öĞ£Cƒ´f—¦‚¦çV#³3““3c¶öÖ–6&”BæÖ–À£C“´¶6—–‚wW7F–æ³Cccƒƒ¶÷6–Ö&öÆöäVBææWBæ–@£C#µf–6·’·W&æ–vâÂÒä³³ccS¶F&–F“C$7bæ6öĞ£C#µ—Væ—F7Wv&æó³s“3ƒ·W&ÖF–†Æ–ÔvÖ–Âæ6öĞ£C##´‚âÇWFfâW6Öƒ³C#S“¶7–öÆæFvÖ–Âæ6öĞ£C#3´VÇV‚6çF÷6òÂ2äw£³C#ƒSS·&7GWF–×V×Væ”W'VÒæFW6æ–@£C#C´vÆ–‚Ö&'Vã³C33C·¦—¦—W'F—v”Bæ÷&p£C#S´Ö†gVBÖ†W7v&³#“s“·6&ƒC4vÖ–Âæ6öĞ£C#cµ7WFâv'6—FWG&³#ƒ3c#·F—'F·W7væF&”W'VÒæ÷"æ–@£C#sµVÖ’v6—FÂ2å6÷3³Sƒ3¶'—Væ–$BææWBæ–@£C#ƒ´†'6çFò—VÆ–'F“³33C¶÷6¶&†'FF”–†öòæ6öĞ£C#“´ÖVÆ–6–†öÖ&–ærÂ2åC³S#sc¶†&F“3T–†öòæ6öĞ£C3µWF’†ææ–ævvöÆã³3C“¶¶Ö–F–æ†'–çFôBæ6òæ–@£C3´Æ6ÖçFò&–övÂ2äw£³s“#“·æ&&äVBæ–@£C3#µf–öÆWBÖç7W#³3ƒ##¶6–æG“ƒt†÷FÖ–Âæ6öĞ£C33µWF’æ÷f’Ö†W7v&³“ƒƒS¶¦6Ö–æÖ'–F”†÷FÖ–Âæ6öĞ£C3C´—"âfF†öæ‚§VÆ–¶Â2ä’ä¶öÓ³s“ƒƒ·F—'F&F—v”vÖ–Âæ6öĞ£C3S´VF—6öâWv—3³ss33·f–ÖãTVBæÖ–Âæ–@£C3c´'FçFò&—–çF’Â2åC³“cS3¶WW76&”–†öòæ6öĞ£C3sµ6F–æ&F–çFó³ƒ“ƒ·Öç7W$vÖ–Âæ6öĞ£C3ƒ´væWÖ&F†—–ƒ³#sƒc·'7W6çF”VBæVGP£C3“´F'FöæòÖæF6&’Â2äRä“³s““S¶væF“ST7bææWBæ–@£CC´–Ç6f—&vçF÷&ó³C33SC¶6WF–vävÖ–Âæ6öĞ£CC¶G"â&ÆÖ'Væs³Cs33¶FWv“Bæ2æ–@£CC#´ÆÆ'–æ“³“Scc·&†—V×W'6—F–†öòæ6öĞ£CC3´æÖç7W#³sƒcƒs¶æ÷f—F6&–6‡–çFôvÖ–Âæ6öĞ£CCC´¦æWBævw&–vã³C“3c·–Ö&'VäW'VÒæFW6æ–@£CCSµ6WF’v–æ&æó³3ƒƒs·6†æ–“d†÷FÖ–Âæ6öĞ£CCc´–Ç–2F&–†÷&ã³cƒƒc·§–öÆæF†÷FÖ–Âæ6öĞ£CCs´VÖöær§VÆ–¶³ƒ“3“·6æG&–æ”BææWBæ–@£CCƒ´F'Föæò7W'–FÖ“³“#Sc·6Ç6&–ÆFöæv÷&ä†÷FÖ–Âæ6öĞ£CC“´&WFæ–·W6ÖvF“³ss“#·v–æ'6–†¶v6BææWBæ–@£CS´ÇW&‡W"·W&æ–vã³33C·6—&Vv$W'VÒçöçW2æ–@£CS´—"âFÖ’7W6çF“³c##ƒ¶F–æW6F†÷FÖ–Âæ6öĞ£CS#´æF–æRÆ–Æ6&“³ss#cs·6–gVÃc$7bç66‚æ–@£CS3´ç–öÖâ7VF–F’Â2åC³ƒsC#¶Æ–ÆS–†öòæ6öĞ£CSC´6×Væ’†'–çFó³ƒC“cS¶¶'Fd–†öòæ6öĞ£CSS´Fæ—7v&gV¦–F“³“s#3“·wVÆæF&–F&ÖçFô†÷FÖ–Âæ6öĞ£CSc´ÆÖ—&æ7––Fƒ³C3ƒ3·F&–†÷&ç&–¶–†öòæ6öĞ£CSs´æFÆ–Ö†W7v&³C3SC#·6f—G&–Æ'V„†÷FÖ–Âæ6öĞ£CSƒ´¶'F&7GWF“³3“sCc·§VÆfF'V¶¶TBæÖ–À£CS“µBâFÖ¦†'FF“³Sƒƒ“·VÖ–cBæ–ç@£Ccµ"äÒâV×ÇV²Öç7W"Â2å6÷3³s“S¶÷&67F†÷FÖ–Âæ6öĞ£Cc´—"â¶Ö–ÆævW7GRÂÒäÒã³3#cS¶vvF“SDVBævòæ–@£Cc#´V¦6—&—C³#3s¶6&Æƒ„7bæ2æ–@£Cc3´Æ–¶Æ7G&“³C#3c¶¦7vF—v–¦–†÷FÖ–Âæ6öĞ£CcC´ÆÆ—FFÖ&³c3sSC¶×F†×&–ä–†öòæ6öĞ£CcS´–çFâ—VÆ–'F“³S“#s“¶G&–ç7–‡&æFvÖ–Âæ6öĞ£Ccc´–FW&ævF“³sc33¶†VæG&–çW&–æ”vÖ–Âæ6öĞ£Ccs´6–ö&VÆÆ&6WG–ó³S“C¶æ&¦–ÖæF6&”7bæÖ–À£Ccƒ´vÆær6–Ö&öÆöã³“ƒ“c·ÖçVÆÆætW'VÒæv÷`£Cc“µ6G–7GWF“³Cc3cs·v–FöFôvÖ–Âæ6öĞ£Cs´†&Fææ&&ã³csSS·&F—FVçFVæt7bçöçW2æ–@£Csµ–‡–6–†÷Fæs³“33S3¶÷6–Öæ§VçF´VBæ6öĞ£Cs#µWF’ÖÆ–¶6–Ö&öÆöâÂ2äRã³ƒ“cSC¶æ¦–#Bævòæ–@£Cs3´G'2â&–—Fæ†&—–‚Â2ä•³s“ƒ“3¶·W&æ–væÇV¶ÖävÖ–Âæ6öĞ£CsC´G'2âf–6·’&¦FÂ2å6“³Sƒc#·&–æ“T†÷FÖ–Âæ6öĞ£CsS´vF÷BÖç7W"ÂÒä¶öÒã³#s#“·7V'F–æ—6&„Bæ–ç@£Cscµ6WF’W&ÖF“³#s#·6–Öæ§VçF·WWD7bævòæ–@£Css´FWv’†'FF“³cC“3¶ÆÆ—F6—Fö×VÄVBæ&—¢æ–@£Csƒµ"äâ–Ç6ÖVÆæ³sss“·&–övsDvÖ–Âæ6öĞ£Cs“´—"âÖ–×Væ‚—VÆ–çF“³C##s¶†Æ–Ö¦ÖÄ†÷FÖ–Âæ6öĞ£CƒµWG&’6WG&³scc33¶v&æ†Æ–Ö„†÷FÖ–Âæ6öĞ£Cƒµ"âv–æG&–ç7–‚Â2äw£³SsC·6Æ§V&F”vÖ–Âæ6öĞ£Cƒ#¶G"â&wW2Ö†VæG&Â2äf&Ó³#cƒ3s·&†–Ö†¶VÖ&7bææWBæ–@£Cƒ3´–‡6âW6F³“SCƒ¶wW7F–æVGv&DvÖ–Âæ6öĞ£CƒCµF—F’çW&–æ“³sC#C¶¦—3s„†÷FÖ–Âæ6öĞ£CƒS´F–æF7VF–F“³ƒcC·F—F“dW'VÒæÖ–Âæ–@£Cƒc´Æ–çFær&¦6³3Ss¶ÖÆctvÖ–Âæ6öĞ£CƒsµBâFvVÂv‡—Væ“³c“s#ƒ¶æ'F–·W&æ–BææW@£Cƒƒµ&†—RW'vçF“³cSC·F&–Æ·6Ö—vF”†÷FÖ–Âæ6öĞ£Cƒ“´¦W76–6v–F–7GWF’Â2å6÷3³3sS3¶æF–æW6çF÷6ô†÷FÖ–Âæ6öĞ£C“´G'2â¦6Öæ’æ&&ã³SS¶×V§W#C„7bæ6òæ–@£C“µ"äâÖVÆ–·W6ÖvF’Â2äRã³SSS3¶ÖÆ–s†÷FÖ–Âæ6öĞ£C“#´Æ–çFær&ÖFã³33ƒC·F&–†÷&æÖ–×Væ„–†öòæ6öĞ£C“3´†¢â—&ÖWv—2ÂÒä³³CƒS“·WG&“cW'VÒæ6öĞ£C“C´öÆ—fçVw&ö†ó³C“s3c·–æ6W&7GWF”†÷FÖ–Âæ6öĞ£C“S´Æ–Æ’W'F—v“³s3¶—&¶6W'VÒæ6öĞ£C“cµwVÆâÖç7W"Â2åC³sC3s·F–ææ&&äVBæÖ–Âæ–@£C“s´—"âv–æÆ·6Ö—vF’ÂÒåC³sC3ƒ¶¦FÖ–¶öçVw&ö†ôVBæÖ–Âæ–@£C“ƒµ6WG–—&vã³S3CS#¶çW&F—–çF—&–¶†÷FÖ–Âæ6öĞ£C““´vG&ÖVÆæ’ÂÒåC³sc3S“¶÷FÖ&†÷FÖ–Âæ6öĞ£S´ÖÆ–6–Öæ§VçF³³3“cSƒ·&–—Fææ–ævvöÆäBæ÷"æ–@£S´æ§v7VF–F“³ƒƒƒ3“¶F6–ã“d–†öòæ6öĞ£S#´6–çF†&–&“³3##sc¶÷v–F–7GWF”Bæ–ç@£S3´§VÆ–çW&–æ“³Ss3sC·v‡—VF–äW'VÒææWBæ–@£SC´VÇf–æWv—3³#ƒSƒs·v‡—VF–æ¶Ö&–vÖ–Âæ6öĞ£SS´6×Væ’Wv—3³S33C·WFÖ3dBæ÷"æ–@£ScµF–&Öç7W"Â2åBã³“33¶ævv&–cTBçvV"æ–@£Ss´G"â¶æ–6—GVÖ÷&æs³ƒc#¶ÇWv#C„VBæ–@£Sƒ´æFÆ–·W7VÖó³““Sƒ¶F–¶&&—–çF”W'VÒæ÷&p£S“´&·F–çFòÆ·6—F³333Sc¶FçV¦S”W'VÒæv÷`£S´v&âÖ&'Vã³ƒ“3¶ÆÆ—FT–†öòæ6öĞ£S´ÆævvVær&&÷vó³3ƒ“¶ÆÖ'–F”VBæFW6æ–@£S#´&wW2·W7væF&’Â2ä‚ã³ƒ#CCƒ·6Ç6&–ÆSVBçvV"æ–@£S3¶G"âVæG&&Fæ³C#c“·6WG–$–†öòæ6öĞ£SC´Ö'–çFòÆ·6Ö—vF“³3cs#·F—&WFÖVBæ6òæ–@£SS´Æ–Æ†&–&“³cƒc3¶&·F–gV¦–F”Bævòæ–@£Sc´Æ–¶F'V¶¶S³“3Scs¶¦7vF“s–†öòæ6öĞ£Ssµ"äâf–öÆWB&†–Ö‚Â2äf&Ó³s“ƒ#¶&æv“#„–†öòæ6öĞ£SƒµV6†—F7V'F–æ“³CƒCC¶Ö'–F–Ö&4W'VÒçöçW2æ–@£S“¶G"â†6æ6–†öÖ&–æs³ƒ3S“c¶&¶–¦æFöæv÷&äW'VÒævòæ–@£S#µW'vF&–†÷&ã³3ƒScC·§—Væ–$7bçöçW2æ–@£S#´VÆ’Æ·6—F³¶‡6—GVÖ÷&æt7bæ6öĞ£S##´–æG&&¶6³cCƒƒ·6–†÷Fævæ—–v–†öòæ6öĞ£S#3µ&†Ö’&&÷vó³SCs33·vvVævw&–æ”W'VÒçöçW2æ–@£S#C¶G"âVæF‚7VF–F“³3cs·v'F7bæ÷"æ–@£S#S´‚â&‡Wv—'–7V'F–æ’Â2äRä“³Sc#“3¶—v–F–7GWF”W'VÒæVGP£S#cµ&¶÷66—GVÖ÷&æs³3s·§VÆ¶&æ–æ¦–ÖD†÷FÖ–Âæ6öĞ£S#s´&·F–çFòÖVÆæ“³#CS3·§6—&Vv$vÖ–Âæ6öĞ£S#ƒ´GBâ–‡6âçVw&ö†ó³ƒc“ƒ·6æ6†—'VFF–äVBçöçW2æ–@£S#“´—"âf—G&–‡WF6ö—BÂ2ä’ä¶öÓ³Sc3ƒ¶w&F—v”VBæÖ–Âæ–@£S3´vÖâ†&–&“³“ƒC¶†æF–æ–ÆVôvÖ–Âæ6öĞ£S3µFv²â¦Ö—&ö·Ff–æ’Â2ä¶VC³3ƒss3¶V¶vÖ–Âæ6öĞ£S3#¶G&râ'W6Öâ–öÆæF³3#3s·76&v–„VBæÖ–À£S33µv‡—R6–ævÂÒä³³“ccc“·F—&&¦6†÷FÖ–Âæ6öĞ£S3CµFÆ–æ'F’Â2ä¶öÓ³s3“S¶†æF–æ–6‡–öæô–†öòæ6öĞ£S3Sµ–v‡—VF–ã³ƒcƒc¶Ff—&vçF÷&ô–†öòæ6öĞ£S3cµ7WFâ¶VæW2&¶6ÂÒåC³C#s¶æ–ævvöÆææöÔ†÷FÖ–Âæ6öĞ£S3s´Ö—G&W7—F³33¶'F4VBæ6òæ–@£S3ƒ´æöÒ&7GWF’ÂÒä¶öÒã³#sƒ3#¶÷7VF–F”Bç66‚æ–@£S3“´G"â¦W76–6vÇW–ó³#“ƒ3¶F–vF–æ7––F„BçvV"æ–@£SCµ"âv–ÆærÖ–6&“³#cCS¶Ö†W7v&GVv–ÖäBæ÷&p£SCµ&6WG–wVæ'FòÂ2ä‚ã³sSSsƒ·&æ÷vô7bæv÷`£SC#´¶–æG&6—Fö×VÂÂÒåC³“#ƒ“·7Wv&æ÷F7v—$–†öòæ6öĞ£SC3´†æ’&¶6³sCƒc¶6Æ–¦ã#4Bæ2æ–@£SCCµfæW6†–F–C³#“¶FÆ–Ö–ç§VÆ–¶Bæ2æ–@£SCS´V×ÇV²&F–çFó³“cC·&FÖæ§v7bææW@£SCc´6–ö&VÆÆv–FöFó³cCS#¶Fævw&–vä–†öòæ6öĞ£SCs´G"â¶&¦6–Öæ§VçF³³CcS3¶¦–Öãƒ„vÖ–Âæ6öĞ£SCƒ´Æ–ÆW76&“³c““s·v–æ&æ÷&†Öä7bæÖ–À£SC“´†&Fæ&†—S³#Sc·¦æ—GWVÇTW'VÒæv÷`£SS´¶æ–W&ÖF“³sC¶‡VÖ—&—VÆ–'F”BæÖ–À£SS´G'2â†&¦6–ævÂ2ä•³““3s3¶6&Æv‡—VF–ä†÷FÖ–Âæ6öĞ£SS#´·W7VÖ&6WG–ó³ƒ“cc·FVfæö·Ff–æ”†÷FÖ–Âæ6öĞ£SS3µF–æÆ·6—F³sccƒ¶Ö“3T7bæ&—¢æ–@£SSC´–¶æ—GWVÇS³3sc¶Æ·6Ö—vF–&·F–öæôvÖ–Âæ6öĞ£SSS´¦vF’6Föæó³s““·v6—FvÆ´–†öòæ6öĞ£SSc´F–æÖ'–F’Â2åC³““sC3¶†–F–GWWDVBæ–@£SSs´Ö¶&æ–ævvöÆã³33s“¶ævw&–væF–„7bæ×’æ–@£SSƒµF7v—"ÖæwVç6öæs³s“ƒs·W7—F¶Vç¦–TW'VÒæÖ–À£SS“µ"âf—G&–æ’æ–ævvöÆã³C33¶ö†'–çFôBæ2æ–@£Sc´&VÆÆ†–F–çFó³Cs¶·W7VÖöÖ'F¶vÖ–Âæ6öĞ£Sc´FÆ–Ö–â†'–çF“³Cƒc¶¶&–Öã#TVBævòæ–@£Sc#µ"âF6æ–ÒÆ·6Ö—vF“³CS#“·gWG&–†öòæ6öĞ£Sc3´—R&æ÷vó³s“cC·v–æ'6–„7bçvV"æ–@£ScCµvæ’‡WFV³sss3“·—W&ÖF”7bæ–@£ScS´v&ær—&vã³Ssccs·Ö&'Vä†÷FÖ–Âæ6öĞ£Sccµv¶–Öâv–æ&æòÂÒåD’ã³C#CƒS·vÖæFÆ–†öòæ6öĞ£Scs´¦Vær&†–Ö‚Â2ä¶VC³Cc3#¶†Æ–Ö6–æG”W'VÒææW@£Scƒ´æ÷f’ævW7GS³sScs¶7W'vçF”–†öòæ6öĞ£Sc“´&·F’6Ö÷6—#³ccs¶¶&ÖçW&ævF”†÷FÖ–Âæ6öĞ£Ss´'Fvâævw&–æ“³ƒs33¶ÆÆ–Æ6&”vÖ–Âæ6öĞ£Ss´&VÆ–æFçW&F—–çF“³cC“cC¶f—&vçF÷&öVGv&DvÖ–Âæ6öĞ£Ss#µ6&’Æ·6Ö—vF“³C#cS·6&&Æ§V&F”7bæ–ç@£Ss3µ—Væ—Ff&–F³csc·FVFG–·W&æ–vävÖ–Âæ6öĞ£SsC´·W&æ–&æ÷vó³3##“s¶6‡–ó347bæVGP£SsS´‚â6–Ööâ—&vã³SSCƒs¶‡6—F÷'W4W'VÒæ&—¢æ–@£Sscµv'6—F&FÖ³Sƒcc¶Ç7W'–öæôW'VÒæ÷"æ–@£SssµVÇf6—GVÖ÷&æs³3C·fW&÷&¦67bæ÷&p£Ssƒµ¦VÆ–6–ævÂ2äw£³ƒ3“·&¦6ÇV‡VætW'VÒçvV"æ–@£Ss“¶G&râ–'&æ’W&ÖF“³Cccc¶W—VÆ–çF”7bæ–@£Sƒµ"â—6Ö–ÂWFÖ³3ScSC·Vævw&–æ”–†öòæ6öĞ£Sƒ´Ææ¦"wW7F–æ³s“S“·&–æ6–†÷FætW'VÒç66‚æ–@£Sƒ#´GBâF&Öæ6VgVÆÆ‚Â2ä‚ã³ƒƒCC¶Ö·W7v÷–ô†÷FÖ–Âæ6öĞ£Sƒ3´FÆ–Ö¦–Ææ“³C333·—VÆ–æFÖæ–´†÷FÖ–Âæ6öĞ£SƒCµ"âÆÖ—&&FæÂ2äRã³ƒcs3c·Wv—76WG–†÷FÖ–Âæ6öĞ£SƒSµ6Ç6&–Æv6—F³3cSs·F&–†÷&æ¦Ö–Ä†÷FÖ–Âæ6öĞ£Sƒc´Gv’W6Öƒ³SƒS“·6–†öÖ&–ævæ–ÆÔBævòæ–@£SƒsµVÆ’ævw&–vã³“csƒ·wv6—FBææWBæ–@£Sƒƒµ&F’6–†öÖ&–æs³cCSS3¶VÖ–ã#„7bæÖ–À£Sƒ“´&ÆÖçG&’×W7FöfÂ2ä‚ã³3“S3¶vÖ†W7v&W'VÒçvV"æ–@£S“´VÖ–ÂF'V¶¶S³“##C¶ö·Ff–æ–vVçFBæ6öĞ£S“µv&¦’v–¦–ÂÒäÒã³“S·VÆ–æ†æF–æ”†÷FÖ–Âæ6öĞ£S“#µVÖ’ö·Ff–æ’Â2ä’ä¶öÓ³C““#c¶Ö†VæG&&6WG–7bææWBæ–@£S“3´÷â&67F³#3““s¶6æG&¶çFÖçVÆÆætBæVGP£S“Cµ"â6v—6F’&¦F³CSC·¦æ6†—'VFF–äW'VÒæ–@£S“S´FRÖVÆæ“³#SSS“¶¶6–×&¦6vÖ–Âæ6öĞ£S“cµ§VÆ–¶†æ6†—'VFF–ã³33Ccs·&ÆGWöæôW'VÒæ÷"æ–@£S“sµ&–övò&6WG–ÂÒäf&Ó³“sS¶§VÖF–G&–ç7–„W'VÒææWBæ–@£S“ƒ´F–æFWFÖ’Â2ä•³S““¶VæFƒ“–†öòæ6öĞ£S““µVÇ–&FÖ³ƒS“·†76æ„–†öòæ6öĞ£c´6Væv¶—"æ6†—'VFF–ã³S“S“ƒ¶†'–çF—f—f”†÷FÖ–Âæ6öĞ£c¶G"â×V§W"7VF–F“³s3S3¶¦æWF†7GWF”VBæ÷"æ–@£c#´öÆ—f&&÷vòÂ2å6“³cSƒSƒ¶×W6F–†öòæ6öĞ£c3´f—G&–ÖçVÆÆæs³3ƒ¶ÖÆ·6—F–†öòæ6öĞ£cCµ–6f—G&“³3##33·v‡—SDBææWBæ–@£cS´æ–ÆÒ§VÆ–¶³#Sc“·Gv–¦–Bæ×’æ–@£cc´fV&’6çF÷6ó³“#C¶×VÇ–‡WFVBæ÷&p£cs´¶VÖÂÖ'–F“³Sƒ¶'§VÆ¶&æ–ävÖ–Âæ6öĞ£cƒµFVf–²v–FöFòÂÒä¶öÒã³#c“3#¶6ÖF–Ö'Væt†÷FÖ–Âæ6öĞ£c“´6VÖWF’6Æ‡VF–ã³C#ƒ¶F×Væ7––„–†öòæ6öĞ£c´VçFVærÖ'Væs³cƒCƒ¶WævW7GT–†öòæ6öĞ£cµ"äÒâæ¦–"7Wv&æòÂ2åC³3##¶VÆ“#DvÖ–Âæ6öĞ£c#µ"äâv–æçW&–æ“³3s##¶ÇV¶—F6—GVÖ÷&ætBæFW6æ–@£c3´ÇWv"v‡—VF–âÂ2å6÷3³SSC3¶†&–&–vÖæ”vÖ–Âæ6öĞ£cCµ7V6’7GWF“³#s“c¶¦v&vƒ4BæÖ–Âæ–@£cS´Ö–6WG&ÂÒåD’ã³sSs¶†6–Ó3$–†öòæ6öĞ£cc¶G&râöÆ—fWFÖ’Â2äw£³Sƒ·&FÖ6VÖæ”W'VÒævòæ–@£cs´¶Ö–ÆæG6—#³CS“ƒ¶f&‡Vææ—66—GVÖ÷&ætvÖ–Âæ6öĞ£cƒµFv²âWWBÆGWöæòÂ2å6÷3³“cs“¶&‡W&·6ÖVÆæW'VÒææW@£c“µ7V6’ÖVÆæÂ2å6“³“S#·&&÷vóƒDVBæv÷`£c#´†¢âG&–6–f—&vçF÷&òÂ2ä¶VC³3ƒ33¶6–F“sVBçöçW2æ–@£c#´Ö–×Væ‚gV¦–F“³3“cS¶6ÖF–Föæv÷&äVBæ÷&p£c##´G"â6·W&&ÖFâÂÒåD’ã³sc#c#¶ÇWv'F&–†÷&ä–†öòæ6öĞ£c#3µ"âæ—–v†6æ‚ÂÒä³³3scS“·7Wv&æöVçFVæt–†öòæ6öĞ£c#C´—"â¦¶§VÆ–¶³3ss3ƒ¶æ÷f'VF—–çFôW'VÒæ÷&p£c#Sµ–Öâ—VÆ–çF’ÂÒä¶öÒã³c3sS·&†—Sƒ$†÷FÖ–Âæ6öĞ£c#cµf—&Öâ&†—S³“3ƒƒ“¶ç6Ö÷6—$W'VÒæ×’æ–@£c#s´&¶F6VgVÆÆ‚Â2ä•³“sƒS¶ævw&–æ–¦v†÷FÖ–Âæ6öĞ£c#ƒ´G"â'VF’‡WF6ö—BÂ2äRä“³3c3ƒ·6F–æs”BæFW6æ–@£c#“´¶Ö&–7W'–öæó³“#sƒ·6Ç6&–Æ#vÖ–Âæ6öĞ£c3µFv²âWf7GWF’Â2äRä“³S3Sƒ¶vF–æsS4Bæ–@£c3µ&–æ†–F–çFó³3“#c·7W'–öæ÷6·W&†÷FÖ–Âæ6öĞ£c3#µFÖW76&“³CS“·6æ7––„7bæ–ç@£c33´¦6Ö–â—7v‡—VF’Â2ä¶öÓ³“¶¦–VæsCDvÖ–Âæ6öĞ£c3C´†'FòÆ§V&F“³scs·6öÆV‡&ÖFäW'VÒæVGP£c3Sµ"äâv–ÆF†'FF’Â2äRã³s3sc¶&¶FCDW'VÒæÖ–À£c3c´F–â6–†öÖ&–æs³S3#3·W6Ö‡6–gVÄ†÷FÖ–Âæ6öĞ£c3s´Ö'6—Fò7W6çF“³“C¶FFƒ„Bç66‚æ–@£c3ƒ´¦–ÖâwVævâÂ2äw£³“SS#“¶¶VÖ&Wv—4BæÖ–Âæ–@£c3“µ§VÆ–¶†v‡—Væ“³ccƒ#c·&7GWF–6vÖ–Âæ6öĞ£cC´ÖÆ–¶'VF–Öã³3ƒC¶VÆ—6·W7VÖôBç66‚æ–@£cC´ÆÆÖVÆæÂ2å6÷3³“ccs3¶Ö&væF×V&öÆöä7bç66‚æ–@£cC#´—"âöÖ"6—&—C³C3ƒS·VÖ'–F”Bæ&—¢æ–@£cC3µWG&’W&ÖF“³CC3·6Çv&ÖFäBævòæ–@£cCCµ7WFâf–ç6Vâ6–Öæ§VçF³³Scƒ·6'&–æcBæv÷`£cCS¶G"âW&–²ÆGWöæó³C“C“¶6æG&6—&—D†÷FÖ–Âæ6öĞ£cCc´fF†öæ‚§VÆ¶&æ–ã³“S“C·W'vçF–ÆVvvW'VÒæÖ–Âæ–@£cCsµ"âVÆÆgV¦–F“³CSCCc¶·6—&Vv$7bæ&—¢æ–@£cCƒ´G"âvæF’FÖ&Â2ä•³s3ƒ3s·W&ævF”†÷FÖ–Âæ6öĞ£cC“µFv²âæ7'VÆÆ‚6—F÷'W3³C“S“ƒ·v‡—S3”–†öòæ6öĞ£cSµ"â†7F6Æ‡VF–ã³s“SC¶×VÇ–æ—&W¦VBæ6òæ–@£cSµ6–Çf–7W6çF’Â2åBã³3#ƒcs¶¶V—6†S$†÷FÖ–Âæ6öĞ£cS#µBâ&–†âæ'F“³#3#S¶V†'–çFôvÖ–Âæ6öĞ£cS3¶G"âF—F–â†–F–çFòÂ2äw£³sC3·WG&“3tW'VÒæv÷`£cSC´G"âvÇV‚W6Ö‚Â2äf&Ó³CƒC·WÆ7G&”BææW@£cSS´ÆVòæ–ævvöÆâÂ2äf&Ó³ƒƒc#C¶††Æ–Ô†÷FÖ–Âæ6öĞ£cSc´¶ÆW'F—v“³S#ss·6–Ö&öÆöæÖ&4†÷FÖ–Âæ6öĞ£cSs´&WFæ–F†×&–ã³s33ƒ¶'VF—–çF÷&–Ö†÷FÖ–Âæ6öĞ£cSƒµFçG&’'–æ“³ƒ#““¶Æ&F–çFôBæÖ–Âæ–@£cS“µ—Væ’Öç7W#³C“S·&Ö—Fc”7bæ÷"æ–@£ccµFÖ’G&–ç7–ƒ³Csƒc¶6æG&¶çF6–Ö&öÆöä†÷FÖ–Âæ6öĞ£cc´G'2â¶Ö&Æ’v–F–7GWF’Â2åC³3ƒƒ·WG&6f–æBçvV"æ–@£cc#µf–ÖâFÖ6&“³SC3ƒS¶vÆ–‡W'vçF”7bævòæ–@£cc3µFVwV‚&—–çF“³“3S¶¦–C”BæVGP£ccC´ÇVÇV‚6–æv³ƒ“C##¶§&67F7bæÖ–À£ccS´ÇV¶Öâö·Ff–æ“³ss“SC·W6Ö†¶VÖÄBçvV"æ–@£ccc´–fÖVÆæÂ2ä•³33#·v6æÆ–Ö$VBçöçW2æ–@£ccs´¦öæòÖ'–F“³#s#s·††–F–çFôvÖ–Âæ6öĞ£ccƒ´ÆF–¶6–Ö&öÆöã³3c#S¶†76æ†VçFVætVBæ&—¢æ–@£cc“´—"âVÇV‚ævw&–æ“³SCCƒ¶¦Æ§V&F”BçöçW2æ–@£cs´&·F–öæò&¦6³s“3S¶Ö'VævVÆÆ†÷FÖ–Âæ6öĞ£cs´G"âVÆÆ—2Ö&F†—–‚ÂÒäf&Ó³#Cs3·6&v–††&F”–†öòæ6öĞ£cs#µ"äâfV&’†76æ‚ÂÒåC³33“cC¶¶'–æG6—$†÷FÖ–Âæ6öĞ£cs3µfVvÖVvçF&³ss#C·v–F–7GWF—&–†äVBæv÷`£csCµFæ–Ö†W7v&³cs·vÆ·6Ö—vF”–†öòæ6öĞ£csSµf–·F÷"v–¦–çF“³3cs¶—&–æSDVBæ–ç@£csc´´‚âÆ6ÖöæòçVw&ö†ó³s3c#¶F—3T–†öòæ6öĞ£css´¶VæW2ÖVÆæ“³ssƒ¶ÖVÆæ6—G&–†öòæ6öĞ£csƒµW&¶6–öÆæF³ƒƒsS¶W6—&—DVBæÖ–À£cs“µFv²âVçFVær6–æv³ƒ“S3¶Ö'–F–6·&&—&v7bæÖ–Âæ–@£cƒ´G"âÆ–G–&F—v“³c3Cs#·æ—GWVÇT–†öòæ6öĞ£cƒ´vvF’†¶–Ó³Cc3·&†—VÇVÇV„Bæ6òæ–@£cƒ#µ"â&–æ‡WFVÂÒåC³3“·—Væ–$BæÖ–À£cƒ3µ"â&·F’ÖVvçF&³“S#C·×W7FöfVBæ6öĞ£cƒC´—&æçFòæG6—#³CCS3¶Ö'–çFót†÷FÖ–Âæ6öĞ£cƒSµv'6—FwVÆæF&“³Sƒ3cƒ·&÷6Öç6—GVÖ÷&æt†÷FÖ–Âæ6öĞ£cƒc´G'2âÆF–¶6VgVÆÆ‚Â2å6÷3³#ƒcs¶§W––æ„–†öòæ6öĞ£cƒs´ÆVv&¶6³ƒƒC¶'W6Ö„–†öòæ6öĞ£cƒƒ´ÇVÇV‚v–¦–çF“³S3cCƒ·7—Væ–$–†öòæ6öĞ£cƒ“´6‡–çFò6–Öæ§VçF³³ƒ3ƒ“C¶†'–çFö×V§W$vÖ–Âæ6öĞ£c“´—7–‚v6¶—FÂ2äw£³3ƒc¶†æ“d–†öòæ6öĞ£c“´æ—–vv6¶—F³cS“¶væFƒD†÷FÖ–Âæ6öĞ£c“#´†¢â6Çv†7GWF“³S“ƒ¶ç&FÖBææW@£c“3µVævwVÂ·W6ÖvF“³“S“S¶v&FÖVÆæ”Bæ–@£c“C´ÖÆæ÷f—F6&“³#SCƒ¶Fææw7VF–F”Bæ–@£c“S¶G&râÆ&2—&vã³SS¶†76æ‡W–´–†öòæ6öĞ£c“c´6v²v–¦–çF“³3ƒsS¶¦VÆ—FCtVBææWBæ–@£c“s´†'Fò·W7væF&“³S3c·&ÖFæÖöæt†÷FÖ–Âæ6öĞ£c“ƒ´—"âv&Fæ–ævvöÆâÂÒäÒã³ƒC·6—&Vv'—W7Vd7bææW@£c““´Æ–¶&67F³#Ccc¶6WF–vä7bæ6öĞ£s´–f6—&Vv#³sCsCs·6WF–vævæW4W'VÒç66‚æ–@£sµFÖ’wVÆæF&“³“Cc#c·G&“#D†÷FÖ–Âæ6öĞ£s#µWG&’&67FÂ2å6“³“C““·6Ö–†ÖæwVç6öætBæ6òæ–@£s3´æF–æRWFÖ³S3C3¶ÖÆ–³stW'VÒç66‚æ–@£sCµFVF’6—Fö×VÂÂ2äf&Ó³“CS3¶†&F–ç7–†–Ç–4VBæFW6æ–@£sS´†&¦W&ævF“³ƒ###“¶væF7GWF”W'VÒçvV"æ–@£scµVÆ’FÖæ–³³ƒ3Cs¶&¶–çFóCvÖ–Âæ6öĞ£ss´—7–‚WFÖ³3CSss¶—&–æW76&”7bææW@£sƒ´F&–¦â'VF—–çFó³““cs·F†'–çFôBæ÷&p£s“µVÆ–âv–¦–³#CSC#¶ævw&–æ—FçG&”VBævòæ–@£s´¦æWBvÇW–òÂ2äRä“³c3cs¶v7GWF”–†öòæ6öĞ£s´6Væv¶Â†Æ–Öƒ³c3CS#¶–ö·Ff–æ”VBçöçW2æ–@£s#´†&FæWG&³#3c“¶§VÖF–†'–çFôvÖ–Âæ6öĞ£s3´ÖVÆ–†&–&“³C##3¶†Æ–Öv–¦–çF”†÷FÖ–Âæ6öĞ£sC´VÆÖ6—Fö×VÃ³ƒcC3¶§&&÷vô7bæ6òæ–@£sSµ"äâÖ–Öç7W#³“S·W6Ö„–†öòæ6öĞ£sc´v–Æærv–¦–çF“³ƒƒs“·6ÆÖãc7bæ–ç@£ssµ"äÒâ'VF’–öÆæF³SsCsƒ·&6WG–ö–Ç–4BæFW6æ–@£sƒ´v–æævW7GS³“c3#C·&&÷vós$vÖ–Âæ6öĞ£s“´6Væv¶ÂÆW7F&“³ƒƒS“c¶ç7V'F–æ”vÖ–Âæ6öĞ£s#´¦vwW7F–æ³SC3C¶—'vã“”W'VÒææW@£s#µ"â6Ö–‚·W7væF&’Â2ä¶VC³S“S3¶FvVÃ#d–†öòæ6öĞ£s##´¶Ö–Æ‡WFvÇVæs³s“¶F6–æÆ·6—F–†öòæ6öĞ£s#3µWFÖævw&–vã³ƒ3c“·6—&Vv$VBæ–@£s#CµFv²âæF–æ'F“³ccƒ3C¶6÷&æVÆ–ƒ47bçöçW2æ–@£s#S´Vv&F–çFó³ƒCƒ#¶F'–æ“3TW'VÒæv÷`£s#c´æ6çF÷6òÂ2åC³ƒ3“s¶Ö'VF–Öä†÷FÖ–Âæ6öĞ£s#s´¦6Ö–âæG6—#³Cccƒ¶FöæóS4†÷FÖ–Âæ6öĞ£s#ƒ´v–ÆF¦–Ææ“³s3S““¶¦VÖãSDvÖ–Âæ6öĞ£s#“´‚â&6WG–òv6—F³cs3S¶Ö–6†VÆÆS#d†÷FÖ–Âæ6öĞ£s3µFVf–²†–F–C³3“3“·&¦FÖæ„†÷FÖ–Âæ6öĞ£s3µ—Væ—Fæ6†—'VFF–ã³#Cƒ·WG&f—f”W'VÒævòæ–@£s3#µWGRf—&vçF÷&ó³Ss·&ÖFæöÆvVBæ6öĞ£s33´6÷&æVÆ–6&v–ƒ³ƒss·v6—Fæ§vvÖ–Âæ6öĞ£s3Cµf—f’–öÆæF³ƒs·6–Çf–W––æ„BçvV"æ–@£s3S´6†æG&ÖæFÆ³C“c“ƒ¶Ç7W'–öæô–†öòæ6öĞ£s3cµ6f–æ'–æ“³s#CS·‡6–Ö&öÆöä–†öòæ6öĞ£s3s´GBâ¶7W7&7V'F–æ“³##c“c¶6·&vÆ&¦FBçöçW2æ–@£s3ƒ´W&÷&W76&“³c#ƒs·6'&—W76&”†÷FÖ–Âæ6öĞ£s3“´WfFöæv÷&ã³3s#ƒ·&F—CS$Bæ2æ–@£sC´&v2æG&–æ“³S#¶Wf&¦6VBæÖ–Âæ–@£sCµ"â–Öâ&6WG–ó³S#3“·6&#DVBæ–@£sC#´¦6Ö–â'–æ“³ScS¶Æ·6æ37bæVGP£sC3´¶6–ÒwVÆæF&“³“Sƒs3¶6—G&ƒt†÷FÖ–Âæ6öĞ£sCCµ¦Æ–æG&ÖVÆæ’Â2ä¶öÓ³S“s3¶¦æ6†—'VFF–ä–†öòæ6öĞ£sCSµ&Öâ†–F–BÂÒäf&Ó³ƒSs·v–FöFô†÷FÖ–Âæ6öĞ£sCc´Ö—G&v–¦–çF“³33ƒƒ¶†×¦‡v–F–7GWF”–†öòæ6öĞ£sCs´¦6Öæ’·W6ÖvF“³ƒC3s·W7—F&–—Fæ7bævòæ–@£sCƒ´¶Væ&’6–Öæ§VçF²ÂÒä¶öÒã³“c¶†'F¶Cd7bæ6òæ–@£sC“´÷§’WFÖ’Â2ä’ä¶öÓ³csCSs¶†7GWF–Ö&–F”VBææW@£sSµF6F–²&†ÖvF’Â2ä‚ã³C3sƒ3·&G&–ç7–„W'VÒæv÷`£sS´6·&vÆ&&÷vó³c#C·VævwVÇ6WF–väBæ÷"æ–@£sS#¶G&râævW7GRæ¦×VF–âÂ2åBã³s3“¶·W&æ–væ¶—VäBæ×’æ–@£sS3µFv²â–Ç6&—–çF’Â2äRä“³cs“##¶æG&–æ”–†öòæ6öĞ£sSC´VÖöærwW7F–æ³“cCS¶†'VF—–çFôvÖ–Âæ6öĞ£sSS´F–â†7GWF’ÂÒäÒã³33“3s¶¶—&g—VÆ–'F”W'VÒæ–@£sSc´GBâfVv†&F–ç7–‚Â2ä‚ã³CƒƒC#·¦7GWF”vÖ–Âæ6öĞ£sSs´G'2âv'&–VÆÆ†6æƒ³33Cs¶¦×VÇ–æ”7bæ–ç@£sSƒ´æ&F’6VgVÆÆ‚Â2åC³3ƒ“#C·æ¦—WFÖBææWBæ–@£sS“´¶Ö&–v6—F³ƒs“cƒ¶'6WF–väBæVGP£scµF–æ'–æ“³SccCs·F—&†7GWF”Bæ6öĞ£sc¶G"âv'&–VÆÆ'VF–ÖâÂ2äRä“³ƒ33¶÷6¶'W7—FW'VÒæ&—¢æ–@£sc#´6†VÇ6VÖæF6&’Â2ä’ä¶öÓ³ss·—–öÆæFBæ–ç@£sc3´—"â6v²W––æ‚Â2å6÷3³“C·fÖVÆæ”Bæv÷`£scCµ÷&’&—–çF“³Scƒ¶G7VF–F”VBæ÷&p£scS´´‚â6ÆÖâÖæF6&“³“#ƒS·&†Ö—W&ævF”†÷FÖ–Âæ6öĞ£sccµFv²â¶Ö–Æ†Æ–Ö‚ÂÒäÒã³S“c#S¶ÆF–fÆGWöæôW'VÒæ6òæ–@£scsµWWBFÖæ–²ÂÒåD’ã³sc¶¶Ö–F–ç6—&—DVBç66‚æ–@£scƒµ&–æ&F–çFó³3¶†æF–æ–v&F7bæÖ–À£sc“µ¦‡&¦–Ææ“³Cc“C·‡WFÖvÖ–Âæ6öĞ£ss´ÖÖâv–&—6öæòÂ2äw£³sƒsCƒ·væ—6WF–väBævòæ–@£ss´·VçF†&vÇW–ó³CSCs3¶¶æ÷f—F6&”7bæ6öĞ£ss#µv–G–W76&“³c#Cc¶æ&F“4W'VÒæVGP£ss3µFv²âæ&–Æ&—–çF“³ƒƒ#ƒc¶&¶–¦ç6WF–väBæ–ç@£ssCµfVv&Fæ³C#c¶æ—GWVÇVÖ'F¶VBævòæ–@£ssSµ"â6&’W'F—v“³ƒsSƒ¶'—Væ–$7bæVGP£sscµ"â6†¶–Æ&—–çF“³s#SS3¶ÖÖçVÆÆætVBç66‚æ–@£sssµ†ææ&¦F³ƒCs#·—7W'–öæô†÷FÖ–Âæ6öĞ£ssƒ´—"âÖ&2FÖ6&’Â2åC³Sc#ƒs·–f&–F†÷FÖ–Âæ6öĞ£ss“µ7–‡&–æ’Ö†W7v&³S“““¶–'&æ–f—&Öç7–„†÷FÖ–Âæ6öĞ£sƒµ&†Ö’wVævã³3S““·—VÆ–çF–&VÆÆBæ6öĞ£sƒµ¦VÆF7Wv&æó³s#cS#¶Æ–Æ—Wv—4VBæ÷&p£sƒ#´F–Ö¢f&–F³ƒ33Cƒ¶†¶–ÖF&–F”†÷FÖ–Âæ6öĞ£sƒ3´´‚â¶æFgV¦–F’Â2äf&Ó³##Sƒ¶æÖ†W7v&†÷FÖ–Âæ6öĞ£sƒCµ6&’wVæ'Fó³S3ƒ3S¶†6æst†÷FÖ–Âæ6öĞ£sƒS¶G&râf–7F÷&–ÆW7F&’Â2ä’ä¶öÓ³#ccƒC¶öævw&–vävÖ–Âæ6öĞ£sƒcµBâW6Öâ—VÆ–çF“³sss#3¶æöÓSW'VÒæ÷&p£sƒs¶G&râvG&v7GWF’ÂÒä¶öÒã³ƒƒs“·6ÆÖã„W'VÒæÖ–À£sƒƒ´—"âW7—VÆ–çF’Â2äw£³3cCs¶Æ–¶ƒBæv÷`£sƒ“´&¶–ÖâÖæF6&“³#scƒ¶6wW7F–æBævòæ–@£s“´Ö&26–†öÖ&–æs³#ƒs·f–ÖæÆW7F&”Bæ2æ–@£s“µW&¶6×VÇ–æ“³sSS“3¶—&væ¦F”W'VÒæVGP£s“#µWF’v–F–7GWF“³3ƒc“c¶·W6Ö„Bæ÷&p£s“3´¦W76–6—VÆ–'F“³3#CC·vF—FÖ6&”VBæFW6æ–@£s“C´¦–æG&Wv—3³3#S“¶Ö–6&–FWf”7bæFW6æ–@£s“S´FWv’æ—GWVÇS³S##Sƒ¶F–çv‡—Væ”vÖ–Âæ6öĞ£s“c´–FF'V¶¶S³SCƒ·WFÖ6Æ—7F7bçöçW2æ–@£s“s´ç–öÖâVF¦–7GWF“³“3CS¶VÇf–æÖ–6&”†÷FÖ–Âæ6öĞ£s“ƒµVÖ’6Æ‡VF–ã³csS3C¶Ö'VævÖ'F¶7bæ–ç@£s““´FÆ–Öf—&Öç7–‚ÂÒäÒã³“c##¶·W&æ–&—–çF”Bævòæ–@£ƒ´G'2â&6WG–ævw&–vâÂ2äf&Ó³3CsC·W76&—&†—T†÷FÖ–Âæ6öĞ£ƒµ7V6’Ö†VæG&³ss3“¶æ—–v†6æ„–†öòæ6öĞ£ƒ#´væ¦&âÖ'VærÂ2äw£³ƒS“c·‡6çF÷6ôvÖ–Âæ6öĞ£ƒ3´vÆ²F×V&öÆöã³ƒ“CC·wVÆæF&—–ÖäBæVGP£ƒC´¦Ö–ÂwVævã³S3ss¶æG6—&6&¶–†öòæ6öĞ£ƒS´Æ6ÖöæòW&ÖF“³ƒ#S¶öævw&–æ”VBææWBæ–@£ƒc´G'2âF&Öæ†76æ‚Â2ä‚ã³sC¶&·F–F——Væ–$†÷FÖ–Âæ6öĞ£ƒsµ"äâ¦ÆVÆW7F&’Â2ä‚ã³Sc3#S¶†Æ–Ö†'–çFôBæ2æ–@£ƒƒ´†æ’ævw&–vã³c#c“C¶×W7F–¶v–&—6öæôBæFW6æ–@£ƒ“µW7†&F–ç7–ƒ³ƒs3·†'–çF”†÷FÖ–Âæ6öĞ£ƒ´—"â—7–‚¦çV"Â2å6“³ƒ3“3¶Föæv÷&ç&—4W'VÒææWBæ–@£ƒµ7–‡&–æ’F&–†÷&ã³SS#S¶væW3C$vÖ–Âæ6öĞ£ƒ#´fV&’f&–FÂÒåD’ã³S3Sƒ¶&¶–F“sD–†öòæ6öĞ£ƒ3´†¢â–¶&FæÂ2ä•³3c#s“¶æ7––‡W7–”BæÖ–Âæ–@£ƒCµBâ¦–ÖBf&–F³ƒ##ƒ·F&–†÷&ææöÔ7bæ6öĞ£ƒS´Æ–G–×W7Föf³s“s·§VÆ¶&æ–äVBæ6òæ–@£ƒcµ"â6—6¶v–æ'6–‚Â2åC³“S#3·v'Fc„†÷FÖ–Âæ6öĞ£ƒsµWWB6–Ö&öÆöã³3ƒS·&†&—–„–†öòæ6öĞ£ƒƒ´ÖÆ–ÖVÆæ“³#“s¶†æF–æ–&Æ–F–äW'VÒçvV"æ–@£ƒ“´G'2â—VÆ–æ—GWVÇS³c3s“¶×W'6–æ–çW7—FBæ×’æ–@£ƒ#µVæ¦æ’ÖæFÆ³33#3·v‡—Væ–6–F”–†öòæ6öĞ£ƒ#´æ6"Ö&'Vã³#C¶¶—Vç6Æ‡VF–ä–†öòæ6öĞ£ƒ##´FçR&F—F³3cCƒ¶ÇWFÖ”–†öòæ6öĞ£ƒ#3´†W7F’&ÖFã³CcS33¶vÆæw7W6çF”†÷FÖ–Âæ6öĞ£ƒ#C´&wW27Wv&æó³ss3¶·W6ÖvF—f—f”vÖ–Âæ6öĞ£ƒ#S´væ¦&âÖ&'Vã³ƒsss“·6Æ‡VF–ç&V·6†÷FÖ–Âæ6öĞ£ƒ#c´¶–æG&—&vã³ƒ#“#3·§VÆ¶&æ–ç&—4–†öòæ6öĞ£ƒ#s´—"â¦Vær·W6ÖvF’ÂÒåC³3#s·6WF–væ†&¦6W'VÒææWBæ–@£ƒ#ƒµBâ&¶–Öâæ¦×VF–âÂ2ä•³S3cƒ¶æ#DvÖ–Âæ6öĞ£ƒ#“´´‚â†6–Ò&†—S³C#cC3¶·W7VÖöÖÆ–¶–†öòæ6öĞ£ƒ3´†¢â‡VÖ—&v–¦–çF“³3sƒ¶G&¦CCt†÷FÖ–Âæ6öĞ£ƒ3´öÆ—f–æ¦×VF–ã³C3sCs¶ÖæF6&–Ö&4†÷FÖ–Âæ6öĞ£ƒ3#´¦ÖÆ–6f—G&“³ƒ“3SS¶¦–Ææ––æG&†÷FÖ–Âæ6öĞ£ƒ33´ÇWF†f’&¦F³ccc#·7v6¶—FBææWBæ–@£ƒ3C´öÆ—f–7GWF’Â2äRä“³“c#c¶&·F–çFö'–æ”–†öòæ6öĞ£ƒ3S´Ö–6†VÆÆRÖ&'Vã³scs3·&¶6†Æ–ÔW'VÒæÖ–À£ƒ3c´¶&¦ÖVÆæ³Csƒƒ¶FçV†&F–ç7–„–†öòæ6öĞ£ƒ3s´ÇWF†f’v6¶—F³3s·FÖ6&–F–„vÖ–Âæ6öĞ£ƒ3ƒ´æ7F6–6WF–vã³Sccc¶æ–Æ×W76&”W'VÒæ–@£ƒ3“´–‡6â—7v‡—VF“³SCƒC·ævW7GWF–Ö'VÄvÖ–Âæ6öĞ£ƒC´†'FòFÖæ–³³3ƒ#¶¦v&vFöæv÷&ävÖ–Âæ6öĞ£ƒC´†6âÖæF6&’ÂÒäf&Ó³cƒS3c¶g6Æ‡VF–ä–†öòæ6öĞ£ƒC#´ÇV¶ÖâÖ–6&“³““cƒ“·§VÆ–¶&æF†÷FÖ–Âæ6öĞ£ƒC3´†¢â&–¶†&F–ç7–ƒ³ƒC3ƒ¶‡WF6ö—FF–vF––†öòæ6öĞ£ƒCC´¶—&bWFÖÂ2åBã³“s#Sc¶F‡WFvÇVætvÖ–Âæ6öĞ£ƒCSµ6'&–æ6—GVÖ÷&æs³sc#c·v¶–Öç&67F–†öòæ6öĞ£ƒCc´†VæG&’FÖ6&“³Cƒs¶VÖ'–F”–†öòæ6öĞ£ƒCs´¶6—–‚Föæv÷&ã³“ƒcC#¶æ§vævw&–väBæ÷"æ–@£ƒCƒ´vVçFÖVÆæ’ÂÒåC³Cc¶fæÖvBæFW6æ–@£ƒC“´FWv’ÆGWöæó³3ƒƒ¶×Væ“svÖ–Âæ6öĞ£ƒS´F–‚·W7v÷–ó³#“S“S·Væ¦æ—WG&VBæ–@£ƒSµ"âFÖ’¦–Ææ’ÂÒäf&Ó³sc#c·FÖ““D†÷FÖ–Âæ6öĞ£ƒS#µF&’†–F–çFó³“CcS#·v–æ&æöF—G–VBæÖ–Âæ–@£ƒS3´vF–ær&Fæ³ƒc#c“·&¶6æ6$7bæÖ–À£ƒSC´¦vF’WFÖ“³3#Cƒc¶ö†–F–çFôvÖ–Âæ6öĞ£ƒSSµ7WFâFÖ"7W'–öæòÂ2åBã³ƒS33ƒ¶v‡WFVvÖ–Âæ6öĞ£ƒScµ&†Ö’F&–†÷&ã³“ƒ#c¶¦–öæóC”vÖ–Âæ6öĞ£ƒSs´VæF‚Æ7G&“³“ƒ3ƒS¶¦æVçVw&ö†ô–†öòæ6öĞ£ƒSƒ¶G&râ¶Æ–ÒG&–ç7–ƒ³ƒ#ƒs¶æ&–Æƒd†÷FÖ–Âæ6öĞ£ƒS“´væw6"W&ÖF“³#ƒc¶Æ·6Ö—vF–—fä†÷FÖ–Âæ6öĞ£ƒc´æ’6&v–ƒ³#C#S¶—6Ö–Æ†–F–DBçvV"æ–@£ƒc´F&–F’6WG&³SCƒs¶¶VÖ&3DBæ÷&p£ƒc#´G'2âVÇf–â·W&æ–vâÂ2ä¶öÓ³ƒC#c¶6–çF†–3T†÷FÖ–Âæ6öĞ£ƒc3µ"âFÆ–ÖâW&ÖF“³ƒsS¶w&†ÖvF”W'VÒç66‚æ–@£ƒcC´FöæòÖ'–F’ÂÒåD’ã³S#“ƒƒ·&ævv“7bæv÷`£ƒcSµ&æF&–öv³S“cC“¶v7F““D–†öòæ6öĞ£ƒcc´æ÷f’FÖæ–³³3“3#·v–¦–6·&&—&vVBæFW6æ–@£ƒcs¶G"âWF’W&ÖF’ÂÒåD’ã³Cs“cS·v‡—VF–çF&”†÷FÖ–Âæ6öĞ£ƒcƒ´&ÆÆ–Æ6&“³3#Scs·f†¶–ÔvÖ–Âæ6öĞ£ƒc“´vFær6Ö÷6—#³ƒ“ƒ¶'VF—–çFöæ÷fVBæ÷"æ–@£ƒs´†¢âÖ–Æ7G&“³sc“S·6—&Vv&¶VÖÄBææW@£ƒs´GBâ&FVâW&ævF“³cSƒc¶§vÇW–ôBæv÷`£ƒs#´†&–×W'F’†Æ–Ó³3#cƒ#¶Ö'–F—&FÖ–†öòæ6öĞ£ƒs3µW6ÖâÖ&F†—–ƒ³3S#S“¶&v6Föæv÷&äVBæ2æ–@£ƒsC´&ÆF’6&v–ƒ³cc3s3¶¶F—#SvÖ–Âæ6öĞ£ƒsS´¦æWBæ¦×VF–ã³cCC“¶Ö'Fæævw&–æ”VBæVGP£ƒsc´´‚âF–Ö¢Æ·6—F³sCCcc·W6–Ö&öÆöä7bæ÷"æ–@£ƒss´†¢âf–6·’v–æ'6–ƒ³3sCCs·6—6¶c†÷FÖ–Âæ6öĞ£ƒsƒ´'6—G&7W'–FÖ“³S3ƒc“·v–æ&æ÷&–övvÖ–Âæ6öĞ£ƒs“´'Fö·Ff–æ“³ƒSCc¶&v—–Æ§V&F”–†öòæ6öĞ£ƒƒµF–æ—&vã³s3Ssƒ¶æ7'VÆÆ‡WG&–†öòæ6öĞ£ƒƒ¶G"âf–ç6Vâv–F–7GWF“³c3ƒc·W7—FW'VÒææWBæ–@£ƒƒ#´væw6"ö·Ff–æ“³scs¶Æ–Öã“D7bæFW6æ–@£ƒƒ3´´‚â¦–ÂævW7GS³Sƒ““c·vwVæ'Fô7bæ–@£ƒƒCµF–&&¶6³ƒCƒƒ·&&vwVæ'FôvÖ–Âæ6öĞ£ƒƒSµ"äÒâÖÆ–²Ö†VæG&³s3c¶Ç—VÆ–çF”W'VÒçvV"æ–@£ƒƒc´ö·FòW'vçF“³Sƒƒcƒ·6—F÷'W6VvVBç66‚æ–@£ƒƒs´—"âFR§VÆ¶&æ–âÂ2ä‚ã³cƒS·Gv–F–7GWF”–†öòæ6öĞ£ƒƒƒµ&–övv‡—VF–ã³s#cC·W&ÖF–6Æ&BæFW6æ–@£ƒƒ“´7WB†Ö–Ö6–†÷FærÂ2äf&Ó³3C““·&†ÖvF–¦6Ö–äVBævòæ–@£ƒ“´GBâævv&–Æ·6Ö—vF“³cScC“·wv–&÷vôvÖ–Âæ6öĞ£ƒ“µVÆ’†–F–çFó³cCƒ#¶†æF–æ–&WFæ–†÷FÖ–Âæ6öĞ£ƒ“#´‚â&ævv†æF–æ“³C“CSƒ¶Ç7V'F–æ”Bævòæ–@£ƒ“3µ¦‡&·W7VÖó³“S#ƒC·&—–çF—6Çv†÷FÖ–Âæ6öĞ£ƒ“C´&wW27Wv&æó³ƒsSs·6—6¶“t7bæ–ç@£ƒ“Sµ"äâ¦6Ö–âWG&Â2åC³ƒCS¶gV¦–F—FVFG”Bæ–ç@£ƒ“c´¶v–§VÆ¶&æ–ã³ƒƒƒ“·&–æ–çVw&ö†ô–†öòæ6öĞ£ƒ“s´Ö–6†VÆÆRv–F–7GWF“³“sSS#¶v&ãS$–†öòæ6öĞ£ƒ“ƒµ¦VÆ–6—GVÖ÷&ærÂ2ä’ä¶öÓ³#c“S“·G&&÷vô†÷FÖ–Âæ6öĞ£ƒ““´–çFâ6f—G&“³Css#C·v¶–Öç6—F÷'W4vÖ–Âæ6öĞ£“µævW&âFÖ6&“³#css·§W&ævF”BæÖ–À£“´öæ’v6—F³S“sƒC¶¶ÖæFÆ7bæ÷"æ–@£“#µ§VÆfÖ&'VâÂ2ä•³SSƒ“3¶–æF‡—VÆ–'F”–†öòæ6öĞ£“3´¶&–Öâ'VF–Öã³#s33¶†7GWF–Ö–VBçvV"æ–@£“C´GBâÆVvF×V&öÆöâÂ2äf&Ó³#“s¶·WFÖ”W'VÒçöçW2æ–@£“SµW–²†6æƒ³sS#“¶—&&÷vôvÖ–Âæ6öĞ£“c´—&&&÷vó³Cs#S“¶×WF–&—–çF”–†öòæ6öĞ£“sµ"âf–ç6VâW&ævF“³#ƒ#s¶6—'væF6FöæôVBæ×’æ–@£“ƒ´ÆævvVær†Æ–Ó³33C¶FvVÃSTVBæ÷"æ–@£““µæGRÆW7F&“³ƒ“ƒ3s¶ÇWvW6Ö†VæG&W'VÒæÖ–À£“´&Æævvv‡—Væ“³“SSC¶æÖv¶&¦VBæ×’æ–@£“´V¶&†ÖvF“³#ccSC·—VÆ–'F–¦VÆ—F†÷FÖ–Âæ6öĞ£“#µ"äâ†Ö–Ö¦–Ææ“³sc3¶¶f&–FBæÖ–À£“3µ6&’æ&&âÂÒäÒã³#“##¶†æ“D†÷FÖ–Âæ6öĞ£“C´G"âF—F–â†&F–ç7–ƒ³S#“¶æÆ#3„vÖ–Âæ6öĞ£“S´—&ÖÆ7G&“³S“S3c·ÖæwVç6öætBæVGP£“c´Ö'–çFò†&—–ƒ³3ƒs#C¶çWFÖ†÷FÖ–Âæ6öĞ£“s´‚â¦7vF’×VÇ–æ’Â2äw£³“c“3·6–†öÖ&–æv6·&væw6†÷FÖ–Âæ6öĞ£“ƒ¶G&râÆÖ"æ÷f—F6&’Â2ä’ä¶öÓ³ƒS#C#¶vÆGWöæô–†öòæ6öĞ£““µWF’æ÷fW6F³sS#·g&7GWF”W'VÒææW@£“#´ÇWF†f’FÖ&³ccƒcƒ¶g&Fæ7bæÖ–À£“#´¶æFf&–F³#3CcC¶·W&æ–vævÖçFô7bæÖ–Âæ–@£“##´¶Ö–Æ6WF–vã³ƒs“C#¶6Ö÷6—$–†öòæ6öĞ£“#3´æ÷f7GWF“³ƒƒ“c¶VÖ–Ã“tvÖ–Âæ6öĞ£“#CµF—F–â†¶–Ó³SC“ƒ¶æ¦–#“tvÖ–Âæ6öĞ£“#Sµ6Æ–Ö‚F†×&–ã³cCƒƒ¶æ÷f“#tvÖ–Âæ6öĞ£“#c´v–æF×V&öÆöã³“#3C¶–ÖÓ3DVBçöçW2æ–@£“#sµFv²âv†Æ—–F’ÖæwVç6öærÂÒä¶öÒã³ƒ3“·&†—V†&FævÖ–Âæ6öĞ£“#ƒ´¶&Vâ·W7VÖòÂ2äRä“³CƒƒC¶ÖöæsS”W'VÒçöçW2æ–@£“#“µv¶–ÖâW&ÖFÂ2åC³ƒS#ƒ¶ÖÆc”VBæ–ç@£“3µ¦Væ"W76&’Â2ä‚ã³“C¶&w–svÖ–Âæ6öĞ£“3´ÆÖ—&W76&“³“#s“¶æ6†—'VFF–æ¶Vç¦–TW'VÒæ–ç@£“3#´–f–öÆæF³S3CS·&–Ö3D–†öòæ6öĞ£“33µ"äâf–öÆWBW'F—v’ÂÒäf&Ó³C#ƒƒ“¶çv6—FBæVGP£“3Cµ&W7GR6FöæòÂ2äRä“³““cc·Fö·Ff–æ”W'VÒævòæ–@£“3Sµ¦Æ–æG&v6¶—F³C““c¶–çFæÖ'Væt–†öòæ6öĞ£“3cµ§VÆf6–†÷Fæs³3“ƒSS¶†'–çFö6–ö&VÆÆ†÷FÖ–Âæ6öĞ£“3sµ§VÆ–¶†Öç7W#³c33·v6æ¦Ö–Ä†÷FÖ–Âæ6öĞ£“3ƒ´†–ÖvâÆGWöæòÂ2åC³sCS¶ÆGWöæöF—†÷FÖ–Âæ6öĞ£“3“µ6'&’æG6—#³“ƒ#¶W7W'–FÖ”vÖ–Âæ6öĞ£“C´&wW26—&Vv#³sssS3¶¶æFc4vÖ–Âæ6öĞ£“Cµ6'&–æW&ÖF“³cƒSS“¶¦–ÖGW7—FvÖ–Âæ6öĞ£“C#´†¢â¦ÖÆ–Æ§V&F“³ƒ#Cƒ“¶Æ·6—F†&–×W'F”–†öòæ6öĞ£“C3µ6†æ–v‡—VF–ã³Sss¶G&F—v”vÖ–Âæ6öĞ£“CC´&æ&Ö†W7v&³##33·&FVæ†'–çF”Bæv÷`£“CS´öÆ—f–Ö†W7v&³s“·W&ævF–¦&ÄBæ÷"æ–@£“CcµG&’×W7FöfÂ2ä¶öÓ³csƒSs¶‡VÖ—&wW7F–æ–†öòæ6öĞ£“Csµ&Fæ6—GVÖ÷&æs³cƒ3·WG&†'6çFô–†öòæ6öĞ£“Cƒµ7–‡&–æ’çW&–æ“³“3#ƒ¶æ¦–#ƒ4†÷FÖ–Âæ6öĞ£“C“µWG&’v6æ³ƒsƒC·WGSS”†÷FÖ–Âæ6öĞ£“S´fV&’Ö†W7v&³CSƒ·¦ævw&–æ”W'VÒæ÷&p£“S´¶Æ&†—S³#Cƒ·&F—F&ÖvÖ–Âæ6öĞ£“S#´VÇf–æv–æ&æó³ssC¶‡VÖ—&„–†öòæ6öĞ£“S3´¶'F–¶·W7væF&“³“ssS#¶6·&&—&vSD7bææWBæ–@£“SC¶G&râÇV¶Öâ&6WG–òÂ2å6“³SSS¶vÖ&—&†7GWF”vÖ–Âæ6öĞ£“SS´VÖ–Â6–æv³cƒ3¶Öç7W&F&Ö¦”†÷FÖ–Âæ6öĞ£“Sc´æ6Ö÷6—#³3s33·Væ¦æ—§VÆ–¶–†öòæ6öĞ£“Ssµ&†Ö’æ7––‚Â2äf&Ó³SS3·v‡—Væ–öÆ—f–Bæ÷&p£“Sƒ´F–Ö2Ö&F†—–‚Â2äw£³ss33·FÖ–Föæv÷&ä†÷FÖ–Âæ6öĞ£“S“µv—6çRÖæFÆ³#SC¶ÖçW&–æ”†÷FÖ–Âæ6öĞ£“c´G"âFçG&’v–&÷vòÂ2åC³CCS#¶G7W'–FÖ”VBçöçW2æ–@£“c´†¢â6†VÇ6VW6Öƒ³CƒCc·&F—v—VÖ”Bæ×’æ–@£“c#´GBâv&â6—F÷'W3³#ƒS·vÇW–ö†W7F”–†öòæ6öĞ£“c3´6&¶çVw&ö†ó³3ƒ3ƒC¶×W'6–æ–ã#TvÖ–Âæ6öĞ£“cC´—"âævW7GR&F–çFòÂÒäf&Ó³CCCS¶6v³3„Bæ6öĞ£“cSµ6·F’6–æv³“#3¶6·&vÆsvÖ–Âæ6öĞ£“ccµ"â&VÆÆ—VÆ–'F“³ƒSsS#¶–¶–ã“$7bçöçW2æ–@£“cs´†¢âF—F–âWv—3³scS3·7Wv&æôvÖ–Âæ6öĞ£“cƒ´ÆF–¶§VÆ–¶ÂÒäÒã³3Cc“¶¶W¦–”†÷FÖ–Âæ6öĞ£“c“´vvF’æ—GWVÇS³“ccc3·Væ7––„–†öòæ6öĞ£“s´F&–F’&æ÷vó³SCCcs¶æö×v6—FBæ÷&p£“sµFÖ’&F—v“³#“c¶FÆ–ÖæÆGWöæô–†öòæ6öĞ£“s#µ–WFÖ³Cc#c·VÆ–ã3T–†öòæ6öĞ£“s3µWG&’v‡—VF–ã³sSC3¶†æF–æ–f&‡Vææ—6†÷FÖ–Âæ6öĞ£“sC´G"â&–æçW&F—–çF’Â2åC³3sSCƒ¶¦–Öçv–&÷vô†÷FÖ–Âæ6öĞ£“sSµ&†—R&7GWF’Â2ä•³Ss“¶fF†öæ††&—–„†÷FÖ–Âæ6öĞ£“scµævW7GR·W7v÷–ó³33·—VÆ–çF–VÆöävÖ–Âæ6öĞ£“ss´G'2âæGRÖç7W"ÂÒåD’ã³c333¶æ&¦“c4–†öòæ6öĞ£“sƒ´öÖâÖ'–F“³ƒ3Sƒ¶†¶–ÖÆ6ÖçFô–†öòæ6öĞ£“s“´†&¦6&F–çFòÂ2ä•³ƒCƒ“C·6—GVÖ÷&ævF–Ö¤VBæ–@£“ƒµf–öÆWB‡WF6ö—C³ccƒ·f–7F÷&–&¦6Bæ÷&p£“ƒµ&'RæG&–æ“³“cƒ3·v—6çSƒW'VÒævòæ–@£“ƒ#µ&Ö—F·W7v÷–ó³#cSƒc¶ææ7––F„BæÖ–À£“ƒ3µVæ¦æ’W&ÖF“³s3Cƒ¶æ“„vÖ–Âæ6öĞ£“ƒC´‚â¦Ö–Â7V'F–æ’Â2åC³“S3ƒ“¶V†'–çF”W'VÒæ6öĞ£“ƒS´æ7'VÆÆ‚†76æƒ³s#“¶væ¦&ã#tBæFW6æ–@£“ƒc¶G"âF–æF&FÖÂ2ä‚ã³#cSs“·v–¦–W'VÒæ6öĞ£“ƒsµFv²âV¶æ'F’Â2åC³cC¶v&ç—VÆ–çF”vÖ–Âæ6öĞ£“ƒƒµv–æFFÖæ–³³CC“3s¶†76æ†öÆ—f–Bæ&—¢æ–@£“ƒ“´†g6†‚7Wv&æòÂ2ä‚ã³33c#s¶×W'F“s4†÷FÖ–Âæ6öĞ£““¶G&râv'&–VÆÆ&FæÂÒäÒã³“C“s¶†–F–F&§&v–äVBæFW6æ–@£““´Æ–G–6f—G&“³#“C3¶¶—VçW6Ö„†÷FÖ–Âæ6öĞ£““#µ–W76’W&ævF“³#ƒ¶6wV³tBæ÷&p£““3µ6†¶–Æ6—F÷'W3³S3#c·VævwVÃ“vÖ–Âæ6öĞ£““CµFv²â¦—¦’6WG&³3ƒƒƒc¶†&FæS†÷FÖ–Âæ6öĞ£““S´–Ç67GWF“³C““ƒƒ¶¶v–TvÖ–Âæ6öĞ£““c´Æ–ÆWG&³C#s·7v–¦–çF”W'VÒæ2æ–@£““s´÷§’Ö'–F“³S“#“·–öÆæFF–ævÖ–Âæ6öĞ£““ƒ´F—&¦v–æ&æó³“3sƒ3¶vÆGWöæô–†öòæ6öĞ£“““µ6†¶–Æ&F–çFó³CC##¶f&‡Vææ—6C$Bæ&—¢æ–@£´–æF‚wVæ'Fó³s““cs¶†7FWG&W'VÒæv÷`£µFv²â¶Ö–F–âv–æ&æó³S#sC¶¶—&cCTBæVGP£#´6GW"‡WF6ö—C³CCScc¶Æ·6—F&f”BçöçW2æ–@£3µ&6WG–òæ&&ã³c#Sƒ·v&F“cdVBæ÷&p£C´'–6ÖæFÆ³33#s“¶&¶–öæósd–†öòæ6öĞ£S¶G&râ&—2v‡—Væ’Â2åC³c“#c¶f&ƒDvÖ–Âæ6öĞ£c´væF‡WFV³ƒSƒ#ƒ¶F6–ç7VF–F”BæFW6æ–@£sµv&F–¦–Ææ“³ƒc#Cƒ¶f—G&–v7GWF”–†öòæ6öĞ£ƒµ"äâ†æ’F†×&–âÂ2äf&Ó³s#ƒ“¶f¦çV$–†öòæ6öĞ£“´†æævw&–æ’Â2äRã³SsƒC·†–F–D†÷FÖ–Âæ6öĞ£´7WBf—f’Föæv÷&ã³s3Ss¶F&–Ö–ãs”–†öòæ6öĞ£´†–ÆF—VÆ–'F’Â2å6“³ccC#c¶ç&†ÖvF”W'VÒç66‚æ–@£#´Ö&væ7V'F–æ“³ƒ#C#s·&ÖFævÆ$Bæ÷"æ–@£3´‚âvÆ–‚—Væ–#³#S3ƒ·wv–F–7GWF”–†öòæ6öĞ£C´VÆöâ'VF—–çFó³s“ƒ¶†&F–ç7–†W&÷&†÷FÖ–Âæ6öĞ£Sµ&FVâ†Æ–Ó³3s“·&'VF–ÖäVBæ÷"æ–@£cµ"âf—¦‚Æ§V&F’Â2äw£³3ƒƒƒc·v–FöFöVGv&DVBæ×’æ–@£s´G&¦B—&vâÂÒåC³ƒƒc#¶ö†–F–D–†öòæ6öĞ£ƒµV6†—FFÖ&Â2åBã³ƒ“Ss3¶Ö–F&¦F–†öòæ6öĞ£“µf–ç6Vâ6WG&ÂÒä³³s##C·‡6f—G&”†÷FÖ–Âæ6öĞ£#´¦öæòÖ'–F“³c“3ss¶¶Vç¦–S“T†÷FÖ–Âæ6öĞ£#µ6WF’·W7v÷–ó³c3·—W&ævF”†÷FÖ–Âæ6öĞ£##µ&Öâ†6æ‚Â2å6÷3³#c3·&6WG–†&¦––†öòæ6öĞ£#3´æ¦–"·W7v÷–ó³#“Ssc¶æÖæFÆ–†öòæ6öĞ£#C´7WB6†VÇ6VÖ'–F“³3#Cƒ·6Æ‡VF–æÆ–Ö$VBæ6òæ–@£#S´‚â¦–Öâ'–æ’Â2åC³#CS¶†&Fæ&FÖVBæ6òæ–@£#c´—"âFÆ–ÖâÖ–6&’Â2åC³ƒc3s#¶ÇW&‡W'6Ö÷6—$W'VÒæv÷`£#sµF—&Ö&'Vã³3CC3·6WF“#–†öòæ6öĞ£#ƒ´¶Ö&–Öç7W#³3CS¶–Öç7W$†÷FÖ–Âæ6öĞ£#“µ6F–æ6—F÷'W3³cC“##·&–Gvææ'F”VBævòæ–@£3´G'2â¦VÆFæÖv³ƒ#s#¶væF—&¦6†÷FÖ–Âæ6öĞ£3µVÖ–ÖVÆæ³ƒSCcƒ¶¦–Öã„†÷FÖ–Âæ6öĞ£3#µf–Öâ6—&Vv#³#S#C¶–Ö'–F”W'VÒæ÷&p£33´FÖ"6&v–ƒ³“S3ƒ¶–'&æ““47bæ&—¢æ–@£3C´Æ6ÖçFò'VF—–çFó³ƒ#“s·v–¦–6–F”vÖ–Âæ6öĞ£3S´6†æG&6WF–vâÂÒä¶öÒã³3c33c¶¦†6æ„–†öòæ6öĞ£3cµ7WFâæ—–vÖ'Væs³S3#c¶VæFƒd†÷FÖ–Âæ6öĞ£3sµ6'&–æ—VÆ–çF“³##Ss·F·W&æ–vä†÷FÖ–Âæ6öĞ£3ƒµ6Ö–‚6Ö÷6—#³s333“·FwW7F–ævÖ–Âæ6öĞ£3“´—"âF—&F†×&–âÂ2ä‚ã³3c3SC¶væ¦&ç—Væ–$†÷FÖ–Âæ6öĞ£Cµ&–övò—Væ–#³““S·6&v–†FöFô†÷FÖ–Âæ6öĞ£C´†¢â—7–‚§VÆ–¶³s“¶GvÇW–ôBæ÷"æ–@£C#´G'2âv7F’—7v‡—VF’ÂÒåD’ã³sCC“¶×VÇ–öæóc”†÷FÖ–Âæ6öĞ£C3µ¦Æ–æG&6—&Vv#³S#Cc¶öÖãC†÷FÖ–Âæ6öĞ£CCµ'W6Öâ†&–&“³3“#“·–‡–Æ–Æ6&”vÖ–Âæ6öĞ£CS´—"âVÖ’ÖVvçF&³33ssC·6WF–vçv‡—T†÷FÖ–Âæ6öĞ£Cc´×W7F–¶v–æ&æòÂ2åBã³3cSc·&Fæ6f—G&”BçvV"æ–@£Cs´Ö&væ†Æ–Ö‚Â2å6“³33·V¦–Ö'VætW'VÒæFW6æ–@£Cƒ´V×ÇV²6—F÷'W3³SSS#3¶†&F–ç7–†ÆÆBæ6òæ–@£C“´VÇf–â6–†öÖ&–æs³3Ss#¶÷Væs#D7bæ6öĞ£S´G'2â¦W76–66–Öæ§VçF²Â2äf&Ó³ƒcC¶†æ¦×VF–äW'VÒævòæ–@£Sµ"äâv–æ6—&—BÂ2åC³sccCC·†æ¦×VF–ävÖ–Âæ6öĞ£S#´ÖÆ–¶—VÆ–çF’Â2ä¶öÓ³css¶f†Æ–Ô7bæ×’æ–@£S3´‚â&¶–F’v7GWF“³3ƒCƒS¶væF—WFÖ”–†öòæ6öĞ£SC´vçF"W6Öƒ³#CC¶vÇW##”BçvV"æ–@£SS´&ÆÖçG&’æ7––Fƒ³sC#c¶W6Ö„W'VÒæ–ç@£Sc´´‚â&æ&W6Öƒ³c3ƒ“S¶6—'væFc„†÷FÖ–Âæ6öĞ£Ss´6Væv¶—"†&—–ƒ³S“C33¶—7v‡—VF–&‡W&·6VBævòæ–@£Sƒ´†¢â†æ6çF÷6òÂ2äRã³“s3#·†·W&æ–väVBæÖ–À£S“µWF’æ&–Æ6–†öÖ&–ærÂ2äw£³3scC¶¦–æG&†'FF”Bævòæ–@£c´V¶f—&Öç7–ƒ³3#Sƒc¶Ö&væÖ&'Vä†÷FÖ–Âæ6öĞ£c´vÆ–‚Æ–Æ6&“³#Ccss¶Æ§V&F–&·F–çFôBæ2æ–@£c#µFæ–v–¦–çF“³3ƒ#cs¶6ævw&–vävÖ–Âæ6öĞ£c3´†&¦ò6WF–vã³“CS¶æ&&çW–´–†öòæ6öĞ£cCµ§VÆfwW7F–æ³scSc¶Ö&'VæFTBæ2æ–@£cSµ&W7GR6&v–ƒ³3Cƒ“¶†76æ††&¦ôBç66‚æ–@£cc´6V×ÇVæ²&F—F³C“cs¶–‡6æçVw&ö†ôBçöçW2æ–@£cs´—"âv&¦’æ7––Fƒ³“Cc¶öf—&Öç7–„Bæ÷"æ–@£cƒ¶G&râ&†Ö’f&–FÂ2ä’ä¶öÓ³sSCc¶ÆGWöæöFFvÖ–Âæ6öĞ£c“µ6ÆÖWB&F—FÂÒäf&Ó³##3#C·f–6·“C”Bæ–@£s´¦—2v–FöFó³cƒ·†çW&–æ”vÖ–Âæ6öĞ£sµ6&’–öÆæF³S“#3¶·W&æ–væVÇf–ä–†öòæ6öĞ£s#µ§VÆ–¶†Föæv÷&ã³s#sc¶×W'6–æ–æ†'FF”VBçöçW2æ–@£s3´—"â&—2W'F—v“³ƒsc·WGS3”–†öòæ6öĞ£sCµVÇf7V'F–æ“³ssc“#¶vÖ&Ææv·W6ÖvF”VBæÖ–Âæ–@£sSµW6Öâ&æ÷vó³s#cc·G7V'F–æ”†÷FÖ–Âæ6öĞ£sc´—"â¶'6&F—F³CCcs·76–Ö&öÆöäVBæ2æ–@£ss´—"â&–övçW&F—–çF“³#s#ƒ¶ÆF–cƒdvÖ–Âæ6öĞ£sƒ´æÆ"&¶6³“s“ƒ¶FöæöÆ–Æ6&”Bæ×’æ–@£s“´‚â–‡–æ—GWVÇS³ƒƒƒC3·&¦FÖ†gVD†÷FÖ–Âæ6öĞ£ƒµ—Væ’6WG&³ssƒ“¶VÇf–ã#„7bæVGP£ƒ´†æ&—–çF“³cCsSS¶†&Fæ“D†÷FÖ–Âæ6öĞ£ƒ#µFv²âfF†öæ‚ÖæF6&“³sƒƒ¶æ÷fæ–ævvöÆäBæ–@£ƒ3´G'2â—Væ’W6Öƒ³S3“ƒ¶VÖãƒ$W'VÒææWBæ–@£ƒC´FçV¦&†–Öƒ³“Ssss·×W7FöfW'VÒçöçW2æ–@£ƒS´6·&væw6wVÆæF&“³c#sC¶Gv—WFÖ7bæ6òæ–@£ƒc´×VÇ–öæò·W7VÖó³C#s#¶&§&v–ç7W'–FÖ”†÷FÖ–Âæ6öĞ£ƒs´¶6—–‚†–F–C³##SC·v7GWF–&Æævv–†öòæ6öĞ£ƒƒ´Ö–WFÖ³c“Sƒs¶&æ&sT–†öòæ6öĞ£ƒ“´6&ÆÆ–Æ6&“³ƒ#“·F–æf—&Öç7–„VBæ÷"æ–@£“´†¢â&–¶W7—F³#“s·–övFÖæ–´–†öòæ6öĞ£“´†W7F’WFÖ³ƒCS·6·W&#d†÷FÖ–Âæ6öĞ£“#´‚â&æ&W––æƒ³cSsS·6çF÷6ö—'vävÖ–Âæ6öĞ£“3¶G&râ&–æ&F—v’ÂÒåD’ã³c““¶'&†—T7bæ–@£“C´VF’æ&&ã³c“#ƒC¶×W&ÖF”†÷FÖ–Âæ6öĞ£“S´v–æ6–†öÖ&–æs³#Sc3C¶×VÇ–‡WFvÇVætvÖ–Âæ6öĞ£“cµF&’6&v–‚Â2å6÷3³c“sC“¶öÖ#C”W'VÒæv÷`£“s´6&Æ×VÇ–æ“³“C3s¶F‡WF6ö—DBæ–@£“ƒµFv²â†æ†'–çF’ÂÒåC³CS#¶ÖÖ'Væt†÷FÖ–Âæ6öĞ£““´‚â–övçW&–æ“³csS¶–¶‡6ãC„7bæ6öĞ£´&§&v–â&¦F³#ƒSSƒ·&–æv–¦–çF”7bçöçW2æ–@£µ¦VÆFgV¦–F“³“ss“·&—7&F—FvÖ–Âæ6öĞ£#µWF’VÆ—6v–&÷vó³#ƒƒ“C·6&ƒ3T–†öòæ6öĞ£3¶G&râ¶'6æÖ&'Vã³#3c·6F–æ†7GWF”VBææW@£C´¦ö¶òW&ÖF“³sc“·6–Öæ§VçF´†÷FÖ–Âæ6öĞ£S´×VÇ–öæò¦çV"ÂÒä¶öÒã³#Cc“¶‡§VÆ¶&æ–ävÖ–Âæ6öĞ£c´´‚âF—G–·W6ÖvF“³3##s·&–æ×W7FöfVBæv÷`£s´¦ÆV7W'–FÖ“³##SS¶†'F¶#4–†öòæ6öĞ£ƒµFv²â6·W&6—GVÖ÷&æs³S##3·F&–†÷&ç¦Ö—&vÖ–Âæ6öĞ£“´´‚âF–&¦æ&&âÂ2äRã³S“c#ƒ·WFÖ–VF”–†öòæ6öĞ£µFÖ’v–¦–çF“³#3CƒS·6–Öæ§VçF·FVfä†÷FÖ–Âæ6öĞ£´¦ÖÂ'VF–Öã³S#sS¶–FÖæ–´BæÖ–Âæ–@£#´æFÆ–W6Öƒ³S““3S¶öæ“stVBæ2æ–@£3´6–6’F'V¶¶S³ƒƒ·&6WG–FF–†öòæ6öĞ£C´‡VÖ—&6—&Vv#³ƒC3cs¶W7F–öæóƒvÖ–Âæ6öĞ£S´G'2âÖ'Fæ’&FÖÂÒåC³cSs“·ævW7GTvÖ–Âæ6öĞ£cµ¦Æ–æG&7VF–F’Â2ä•³s#s“¶¦–Ææ–vÇV„BæVGP£sµ&6†VÂ&¦F³SS3¶×V×Væ“3tvÖ–Âæ6öĞ£ƒµ6f–ææ—GWVÇS³c3#s¶‡6Föæô†÷FÖ–Âæ6öĞ£“´æ—F†Æ–Ö‚Â2ä’ä¶öÓ³Css¶¦vF–·W7væF&”vÖ–Âæ6öĞ£#´¶Ö&–6–†öÖ&–æs³#ƒCC·§VÆfCVBçvV"æ–@£#µG&’–öÆæF³S#sƒƒ¶†&¦†'–çF”vÖ–Âæ6öĞ£##´F–¶6çF÷6ó³““¶†6æ†¦–ÖäVBæ–@£#3µVÖ’ÖæFÆ³3ƒ““ƒ¶ÆGWöæ÷FVFG”W'VÒæ6öĞ£#C¶G&râVFFöæv÷&âÂ2äw£³ƒc“·Wv–¦–çF”†÷FÖ–Âæ6öĞ£#S´G"âWG&’&†—RÂ2äRã³c#·6&v–†×VÇ–çFô†÷FÖ–Âæ6öĞ£#c´´‚âv'F&†ÖvF’Â2åBã³SCcc·&†—SS4Bæ6òæ–@£#sµWF’6–çFæ&&âÂ2å6“³#“s¶‡WFvÇVæv†&¦6Bæ2æ–@£#ƒµ7WFâ×W7Föf&—–çF“³#ƒs33¶6—&—D7bæ–@£#“´æ&F’F'V¶¶S³sC#SC¶æ&F“t†÷FÖ–Âæ6öĞ£3´†¢âWG&’Ö†W7v&³c#C¶æ7––F‡&†Ö”Bæv÷`£3µ¦VÆ–v–æ'6–ƒ³S#C“C¶æ÷f7W'–öæô7bæÖ–À£3#¶G"â¦ÆVFÖ&Â2äRä“³“S##¶‡6f—G&”†÷FÖ–Âæ6öĞ£33´Æ–çFær—&vã³ƒSs3C¶6†æG&vÇW–ô–†öòæ6öĞ£3C´&‡Wv—'–†'FF“³ƒc“s¶fæG&–æ”†÷FÖ–Âæ6öĞ£3S´–f&67F³“c3C¶ÇWFfç&æ÷vô–†öòæ6öĞ£3cµfW&ÆGWöæó³“C¶f—&Öç7–†—fäW'VÒæFW6æ–@£3s´G"âvÖ&—&†–F–çFó³SƒC¶ÖÆ–³#TVBæVGP£3ƒ´7WBVÆÆÆ§V&F“³3c¶FöFöwVæ'FôBæÖ–À£3“µVÆ’f—&vçF÷&òÂ2åC³sS¶¶W¦–CvÖ–Âæ6öĞ£Cµ"äâ—VÆ–FÖ6&’Â2ä’ä¶öÓ³cSƒƒ#·6f—G&—VævwVÄBæ6òæ–@£Cµ"äÒâv‡—RW&ævF’Â2åBã³Cs#¶&§&v–ç&7GWF”–†öòæ6öĞ£C#µ—Væ—Fæ7––Fƒ³s#“¶FWf–×W7FöfvÖ–Âæ6öĞ£C3´G"âæGR&67FÂ2ä¶öÓ³“3¶æ7'VÆÆƒsDW'VÒæv÷`£CCµF–&æ—GWVÇS³sccS3¶§VÖ&–×VÇ–æ”–†öòæ6öĞ£CS´Ö&væö·Ff–æ“³s#cs¶&ÆF“C4vÖ–Âæ6öĞ£Cc¶G"â†Æ–Öv–æ'6–ƒ³#S“C¶F6–ãƒBæ6òæ–@£CsµæGR†Æ–Ó³s3#33¶‡7W6çF”†÷FÖ–Âæ6öĞ£Cƒµ&–¶W'vçF’Â2ä¶öÓ³ƒƒcc·6æ6†—'VFF–ä–†öòæ6öĞ£C“µWF’&–æ&æ÷vó³c“ƒs¶×VÇ–çFöævw&–vä–†öòæ6öĞ£S¶G&râÆF–¶'VF—–çFòÂ2ä•³ƒ3sCs¶F–æ†&–&”–†öòæ6öĞ£S´'–6v–F–7GWF’Â2ä‚ã³33c3s¶VÖ'Vƒ3tvÖ–Âæ6öĞ£S#´6†VÇ6V6–†÷Fæs³ss#3s·W&FÖ–†öòæ6öĞ£S3´—"â–Fv–&—6öæòÂ2åC³c““Cs¶FWv“ctBæ÷&p£SC´—"âÖ—G&6–Öæ§VçF²Â2äf&Ó³““s“·&—3”Bæ–@£SS´G'2â6–æG’Öç7W#³cS3·F—F—VF¦–7GWF”BææW@£Scµ"äÒâ&ÆF’—&vã³s#“Cƒ¶æ§vc–†öòæ6öĞ£Ss´FWv’wVÆæF&“³SƒƒC#·&—6ƒ4†÷FÖ–Âæ6öĞ£Sƒµf–7F÷&–7W'–FÖ“³ƒCCƒs¶¶&F—6Æ‡VF–ä–†öòæ6öĞ£S“´6Æ&f—&Öç7–‚ÂÒäÒã³“#s3c·g7VF–F”VBçvV"æ–@£cµW7–’v–&—6öæó³“#3“c·WFÖ¦–F”†÷FÖ–Âæ6öĞ£c´ÖÖâ†'FF“³#S“s¶v†Æ—–F–Öç7W$–†öòæ6öĞ£c#´&·F’v‡—Væ“³““ƒ#s·–öv7GWF”–†öòæ6öĞ£c3´6–çF†–&ÖFã³Cƒss¶VÆöãT†÷FÖ–Âæ6öĞ£cCµWF’6&v–‚Â2åC³ƒ#cS¶ÇWvW6†76æ„BæVGP£cS´G'2âÆ6ÖçFò6—GVÖ÷&ærÂÒåD’ã³#3“c·vÇW–ó#d†÷FÖ–Âæ6öĞ£cc´ÆÆ—F†Æ–Öƒ³#ƒc¶ÖVÆ–æ–ævvöÆä†÷FÖ–Âæ6öĞ£cs´¶'F–¶Ö'–F’ÂÒåD’ã³3c#C·6Ö÷6—&öÖäBæ÷&p£cƒ´÷§’†76æƒ³ƒ3#·WFÖvæ¦&ä†÷FÖ–Âæ6öĞ£c“µwVÆâ†76æ‚Â2åC³3c#“s·†·W6ÖvF”vÖ–Âæ6öĞ£s´—"â6×Væ’VF¦–7GWF’Â2åC³“#cSƒ·vvW6Föæô7bæ2æ–@£s´&¶–F–âv–&—6öæó³3“Cƒ#¶FçV¦tBævòæ–@£s#´æ&–Æ'–æ“³3ƒ“3¶7FÖ&VBæ÷"æ–@£s3´¶W¦–W'F—v“³“ƒc·—VÆ–6–Öæ§VçF´BçvV"æ–@£sCµfç–—&vã³#S#C·&¦6ÇWFfäBæ×’æ–@£sS´æ—7v‡—VF’Â2å6÷3³sC#S3·Væ¦æ——Væ–$Bæ2æ–@£scµ¦‡&&–öv³“3sss¶¶&–ÖãsdvÖ–Âæ6öĞ£ss´¶W¦–æG6—#³s#Cc#·'&¦FBæ÷&p£sƒµ"â†g6†‚&FÖÂ2ä‚ã³s3#3S¶—'6Cƒ4vÖ–Âæ6öĞ£s“´´‚â†&¦67VF–F’Â2åC³Cc3s·G6—GVÖ÷&æt–†öòæ6öĞ£ƒ´—"â¦–ö·Ff–æ’ÂÒä¶öÒã³#3ƒ¶g&†ÖvF”–†öòæ6öĞ£ƒ´†&¦W76&“³#“3·vÖ&'Vä†÷FÖ–Âæ6öĞ£ƒ#µ—Væ’æ–ævvöÆã³ss#ƒ·&&÷vö†'6ævÖ–Âæ6öĞ£ƒ3µ&–¶ævW7GS³s“ƒ¶æ¦×VF–ç&–—Fæ7bæFW6æ–@£ƒCµ6f–æ&F—v“³S“#C¶–¶‡6çWFÖ†÷FÖ–Âæ6öĞ£ƒS´Æ&2†&–&“³C#c3¶Wv7GWF”†÷FÖ–Âæ6öĞ£ƒc´'–6çW&F—–çF’Â2ä•³#scS3¶VF“4BææWBæ–@£ƒs´Ö&–6Föæó³#c·ævW7GW§VÆ–¶††÷FÖ–Âæ6öĞ£ƒƒ´—"âWf7W'–FÖ’Â2äRä“³#3“#¶G&–ç7–†¶v6†÷FÖ–Âæ6öĞ£ƒ“´v–ÆFv–¦–³#Cƒs¶æ§vƒW'VÒæ÷&p£“´¦VÆ—FÖçVÆÆæs³ƒs3c·6–Öæ§VçF¶¦'v”Bæ&—¢æ–@£“´Ö'7VF’v–F–7GWF“³3s#·v6—F¶Ö–Æ–†öòæ6öĞ£“#¶G"â–Öâ†76æƒ³ƒƒsC¶†&F–ç7–†F–æ7bæ÷&p£“3´öÆ—f6WG&³3#Sƒ¶÷W'vçF”vÖ–Âæ6öĞ£“C´—"â†VæG&&FæÂ2åC³s¶Æ–Ö#sDVBæFW6æ–@£“Sµ&W7F’ÖVÆæ“³“3CS¶fæ–ævvöÆä†÷FÖ–Âæ6öĞ£“c´F–æF&ÖFâÂÒä³³ƒ3c3·v&F–f&–FBæ&—¢æ–@£“sµW7Ö&F†—–‚ÂÒäf&Ó³C3#C#¶væF—W&ævF”vÖ–Âæ6öĞ£“ƒ´×W7FöfwVævâÂÒä³³“Cƒc#¶¶&–ÖãS–†öòæ6öĞ£““µFv²â¶'6WFÖ’Â2äf&Ó³“ƒ“3ƒ¶æ÷fF×V&öÆöä7bæv÷`£#´6Æ&&7GWF“³SccC#¶¦æW6–†÷FætVBæ2æ–@£#´&—2Ö†W7v&Â2äRä“³#ƒ“#·F6æ–Ó34vÖ–Âæ6öĞ£##´W&÷&&FÖ³ssCC¶‡WFVÆ–Æ”†÷FÖ–Âæ6öĞ£#3´·W7VÖæ—GWVÇS³Ssƒs¶Vv6–†÷Fæt–†öòæ6öĞ£#CµFv²âÆ·6æWG&ÂÒåD’ã³“C3Cs·6Föæ÷6Ö–„BææWBæ–@£#SµF—&'VF—–çFòÂÒåD’ã³“CcS¶†6–Ó“D†÷FÖ–Âæ6öĞ£#cµVÖ’6WG&³3C3c·v'6—FsvÖ–Âæ6öĞ£#s´Æ–¶Æ–Æ6&“³c“SS#¶f†&–&”vÖ–Âæ6öĞ£#ƒ´6GW"ÖæFÆÂ2äf&Ó³“3¶&—6çVw&ö†ôW'VÒçvV"æ–@£#“µ¦VÆFÖ&F†—–ƒ³c3Cc“¶¶'6ƒT†÷FÖ–Âæ6öĞ£#´F'RF&–†÷&ã³S#ƒ#¶§VÖF—Æ7G&”†÷FÖ–Âæ6öĞ£#´VF’çVw&ö†ó³#“3s¶×v–æ'6–„vÖ–Âæ6öĞ£##µWF’v†Æ—–F’6—Fö×VÂÂÒåD’ã³““cS¶Ö†VæG&VÇf–ævÖ–Âæ6öĞ£#3µ&–öv6—GVÖ÷&æs³ScƒS¶ÆÖ—&sdW'VÒæVGP£#C´vFær†&F–ç7–ƒ³s“SSC·F×V&öÆöæ6–çF†÷FÖ–Âæ6öĞ£#Sµ&Fæ·W6ÖvF“³ƒSs¶†7GWF—&†&¦–†öòæ6öĞ£#c´GBâW6Öâ†æF–æ’ÂÒäÒã³“ƒCs#¶Ö'–F–æ—GWVÇTW'VÒæ&—¢æ–@£#s´æ7F6–Æ–Æ6&“³s3#CC¶&†–Ö„7bæv÷`£#ƒ´¶Æ–Òv–æ'6–ƒ³cƒ“¶'VF“ƒ7bæ–ç@£#“´×W'F’ÖçVÆÆæs³3“S“S¶Æ7v—Wv—4Bæ6òæ–@£##´&VÆÆW'vçF“³C#CC¶†Æ–ÓSt–†öòæ6öĞ£##´Ö&26–Ö&öÆöã³c3“·g§VÆ¶&æ–ävÖ–Âæ6öĞ£###µ"âv—&F†'FF’ÂÒäf&Ó³ƒS3s¶ÆW7F&—&—¦¶”VBæFW6æ–@£##3´¦öæòf—&vçF÷&ó³SSƒ#C¶gV¦–F”vÖ–Âæ6öĞ£##C´–çFâwW7F–æ³c#ƒ·6¶ÆGWöæôvÖ–Âæ6öĞ£##Sµ"â¦VÆ–ævw&–æ“³#Sc#¶VÖ–Ç7W'–FÖ”VBç66‚æ–@£##c´FöFòFÖ&³3Sss¶6·&¦—–#Bæ÷&p£##s´¶'F6VgVÆÆ‚ÂÒäf&Ó³#ƒc·6VgVÆÆ‡f–æô7bæ&—¢æ–@£##ƒ´Ö–F†7GWF’ÂÒåD’ã³#ƒC¶Æ–çFæs“DvÖ–Âæ6öĞ£##“´Ö–6†VÆÆR&æ÷vó³“cS“ƒ·F–Ö'VÃ“”7bç66‚æ–@£#3´†¢âf&‡Vææ—6&F—v“³ƒƒ¶¦vF–ÖçVÆÆætvÖ–Âæ6öĞ£#3µ6ÇvÖ&F†—–ƒ³s#S“#¶F—æ7––„–†öòæ6öĞ£#3#´—6Ö–Âf—&Öç7–ƒ³3csc·7W'–öæöF&–¦äW'VÒævòæ–@£#33´G'2âFR¦–Ææ“³3“#C3¶&§&v–ç6FöæôBæ÷"æ–@£#3CµWFÖÆ–Æ6&“³sC##3¶vÖçFó3D†÷FÖ–Âæ6öĞ£#3S´&æv—VÆ–çF“³“3C3#·VÖ#“”–†öòæ6öĞ£#3c´Æ&2Ö'Væs³“#“#¶æ'F–F&–F”VBævòæ–@£#3sµv–æFæG&–æ“³Ccss¶†'FF–6GW$BæFW6æ–@£#3ƒµ–W76’–öÆæF³c3“c¶wW7F–æFæ—7v&W'VÒæ6òæ–@£#3“µ6f–æ6–†öÖ&–ærÂ2å6“³SsCSs¶Ö'–F–&·F–çFô–†öòæ6öĞ£#C´Ö&–F’v6—F³CCƒc3·&†Æ–Ö„vÖ–Âæ6öĞ£#C´×W7FöfÖ&F†—–ƒ³##3ƒ#¶'VF–æ–ævvöÆä†÷FÖ–Âæ6öĞ£#C#µ6&’æ÷f—F6&“³C##3ƒ·–æ—GWVÇTBæÖ–Âæ–@£#C3´æ7F6–wVÆæF&’Â2ä•³cccC#¶6†7GWF”vÖ–Âæ6öĞ£#CC´ÖÆ–²§VÆ–¶³ƒ“ƒsƒ·—VÆ–'F–vFætvÖ–Âæ6öĞ£#CS´—&Öæ&&ã³C3Cc·g&F—F7bç66‚æ–@£#Cc´öÖ"Ö–6&“³“3“3ƒ¶Ö·WF&†—TBææWBæ–@£#Cs´öÆ—f–†76æ‚Â2ä¶VC³sƒS3¶VÆöçv‡—Væ”Bæv÷`£#Cƒµ7WFâ†–Övâ6—&—BÂ2åC³Sƒƒ·W&¦6–†öòæ6öĞ£#C“µWF’v7F’·W7VÖó³scS¶Ö'–F–FÖæ–´Bæ6öĞ£#Sµ"äÒâV×ÇV²æ÷f—F6&’Â2äw£³ƒ33c3¶F6–æf&–F†÷FÖ–Âæ6öĞ£#S´F–æFwVÆæF&“³3C#Sƒ¶&Æ†&–&”–†öòæ6öĞ£#S#µFv²âæF–&æ÷vó³#ƒ3¶†6ç&6WG–ôVBç66‚æ–@£#S3µ"â6'&–æÆ·6—FÂ2ä¶öÓ³c#C#¶v–ÆFvÖ–Âæ6öĞ£#SCµ6f–æ&F—FÂÒä¶öÒã³#s“¶¶Ö–F–æÆ§V&F”vÖ–Âæ6öĞ£#SS´vÆ–‚&–öv³S#c·6Föæ÷&†ÖäBæ–@£#Sc´ÆVòÆGWöæó³Sc3“·&÷6Öç&F—v”vÖ–Âæ6öĞ£#Ssµ§VÆf‡WFV³“3sS#¶æ÷fc$7bæ–@£#Sƒ´v†Æ—–F’wVævã³3sSsc¶6'V#ctW'VÒç66‚æ–@£#S“´†Æ–Ò‡WFV³#C“sS·&'SCTBæ6òæ–@£#c´VÆ—6&¶6³SS¶væ÷f—F6&”–†öòæ6öĞ£#c´¦6Öæ’&æ÷vó³#Csƒ¶·W6ÖvF–&§&v–äVBæ6öĞ£#c#´·W7VÖFÖ&³CsC¶ÆF–¶“Bæ×’æ–@£#c3´†&¦–†7GWF“³3#CS·fFÖæ–´Bæv÷`£#cCµ"âÆVvvWFÖ“³cƒCC“¶çW&–æ—æ¦”vÖ–Âæ6öĞ£#cS´†VæG&’'VF—–çFó³3S“·WFÖ–æFÆ–vÖ–Âæ6öĞ£#cc´—'6B&ÖFã³s3¶¶v6“vÖ–Âæ6öĞ£#cs´ÆÖ—&&&÷vó³ƒƒcƒc¶VvÖæF6&”–†öòæ6öĞ£#cƒ´F–Ö2&F—F³S3c·§VÆfCDBç66‚æ–@£#c“´†¢â¦VÆ—FçVw&ö†òÂÒäÒã³3CCC#·FVf–³ctvÖ–Âæ6öĞ£#sµ"äâöæ’Æ·6Ö—vF“³#“¶—'vç&ÖFävÖ–Âæ6öĞ£#s´¶7W7&wVævã³#C3“3¶¦'v–ÖæF6&”vÖ–Âæ6öĞ£#s#´–Ç66—&—C³ss3#C·v‡—Væ–FÖ$vÖ–Âæ6öĞ£#s3´¶Ö&Æ’§VÆ¶&æ–âÂ2ä¶VC³ccC3¶×VF¦–7GWF”†÷FÖ–Âæ6öĞ£#sCµVÖ–wVævã³#ƒƒ“#¶¦vF–†Æ–ÔBæ×’æ–@£#sS´æ&F’v–¦–çF“³3SS3s·&FÖFWf”BçvV"æ–@£#sc´×W'6—F6WF–vã³3#C“3¶ÇWFfãtvÖ–Âæ6öĞ£#ssµ–öv†¶–Ó³C#ƒ3#¶öÖ&F†—–„BçöçW2æ–@£#sƒµ&†—Ræ7––ƒ³C33“¶Föæöæ–ævvöÆäBææWBæ–@£#s“¶G"â¶–ÆW'vçF’Â2ä•³##sCƒ·††&—–„7bæ2æ–@£#ƒµFÆ–·W6ÖvF“³sS3·–æ6Wv–&÷vô7bæ×’æ–@£#ƒ´—"â6ÆÖâ&7GWF“³s3CƒS·‡v6—F†÷FÖ–Âæ6öĞ£#ƒ#´¦6Ö–âWG&³ƒ3s·6Ö÷6—&V¶Bævòæ–@£#ƒ3´&‡Wv—'–6&v–ƒ³sƒSƒ¶w§VÆ–¶W'VÒæ÷&p£#ƒC´v–ÆF&F—v“³3sƒs“¶&¶–F“vÖ–Âæ6öĞ£#ƒS´¶&æÖç7W"Â2ä¶öÓ³s3SS·&67F&æv†÷FÖ–Âæ6öĞ£#ƒc´×W7Föf·W6ÖvF“³Cƒ·FÖ6&–¶F—$†÷FÖ–Âæ6öĞ£#ƒsµ¦VÆ–F×V&öÆöâÂ2åBã³Cc·–æ“3„Bævòæ–@£#ƒƒµFv²â–f&†–Öƒ³“ƒs·VÖç7W$–†öòæ6öĞ£#ƒ“´‚â&¶–öæò&ÖFã³c“s3“¶·W7VÖt–†öòæ6öĞ£#“´F–‚ævw&–æ“³3ss“¶6×Væ“”BçöçW2æ–@£#“´æ÷f’F×V&öÆöã³S3C“3¶vÆ·W76&”–†öòæ6öĞ£#“#´–¶‡6âçW&F—–çF“³3Cƒ#S·¦VÆ–dW'VÒç66‚æ–@£#“3´6÷&æVÆ–6Æ‡VF–ã³c3“C¶&Æævv#–†öòæ6öĞ£#“C´GBâ¶¦Vâ&†–Ö‚Â2åBã³S#“C¶v†æ“3$vÖ–Âæ6öĞ£#“S´FWv’ævw&–vã³c#s“3¶&·F–öæóc„7bæ–ç@£#“c´¶&Vâv6—F³#“C3¶†–F–F¦'v”W'VÒçöçW2æ–@£#“s´Ö'6—Fò'VF—–çFó³cs“#s¶Æ–Æ6&–†&¦ôVBæv÷`£#“ƒ´¶&–Ö‚&&÷vó³scss¶F&–Ö–ãsTBç66‚æ–@£#““´—"â&†—R&–öv³#ƒƒS·†G&–ç7–„–†öòæ6öĞ£3µWF’fF†öæ‚W7—F³SCƒ3·vÇW–öÆæ¦$†÷FÖ–Âæ6öĞ£3´÷Vær7VF–F“³s#·–öæó$W'VÒæ÷"æ–@£3#µ"äâ–çFâv‡—VF–ã³SSSƒ#¶6wV³#TvÖ–Âæ6öĞ£33´Ö–6†VÆÆR·W7væF&’Â2äRä“³CSS¶&Æ“–†öòæ6öĞ£3CµW'væ&&âÂÒä³³C3cS·v&F–VBæVGP£3S´7WB¶–æG&‡WF6ö—C³3#·&†—S“„†÷FÖ–Âæ6öĞ£3c´‡VÖ—&†76æƒ³“#C¶w7Wv&æô†÷FÖ–Âæ6öĞ£3sµF–&&¦6³ƒ“sc#¶·W7VÖ÷&æFBæVGP£3ƒ´†7Fv‡—VF–ã³cƒc¶F'SvÖ–Âæ6öĞ£3“µW7&F—FÂÒäÒã³SCss¶VÇf–ã#tvÖ–Âæ6öĞ£3´6—'vFçW&F—–çF’ÂÒåD’ã³s3ƒ¶†7Fæ&&ä–†öòæ6öĞ£3´G'2â'–6æ7––ƒ³3ƒsƒ¶&·F–çF÷6–†öÖ&–æt7bæ–ç@£3#´6‡–çFòçW&F—–çF“³3scC#¶FF—v–¦–çF”Bæ÷"æ–@£33´vF÷B6—GVÖ÷&æs³cCƒ3s¶WF&–†÷&ä–†öòæ6öĞ£3C´†¢âÖÆ–¶W76&’Â2äw£³ScCS3¶÷&ÖFä†÷FÖ–Âæ6öĞ£3S´ÆÖ—&f—&Öç7–ƒ³S“c#·GÆ7G&”Bæ÷"æ–@£3c´&ÆÖçG&’wVÆæF&“³Sc“¶§VÖF–Æ–Æ6&”vÖ–Âæ6öĞ£3s´—"â6Ö–‚&F–çFòÂ2äRä“³““3S¶¦VÆ—Fs4W'VÒæÖ–À£3ƒ´VF—6öâW6Öƒ³#S3ƒ¶6·&¦—––öÆæF7bæ2æ–@£3“µ6·W&§VÆ¶&æ–ã³ƒ“cc·W6f—G&”VBçöçW2æ–@£3#´—&ÖçW&F—–çF“³cƒc“ƒ·v–æ&æ÷W6Öä†÷FÖ–Âæ6öĞ£3#´¶Æ–Ò&67FÂ2äRä“³cccC¶†Æ–Ö“$–†öòæ6öĞ£3##´´‚âÆ–Ö"&FÖÂ2åBã³cS·WG&Ö&4†÷FÖ–Âæ6öĞ£3#3´f&‚–öÆæF³scs#¶v†Æ—–F—6—&—DBæ×’æ–@£3#C´¦6Ö–âW76&“³“3ƒsc¶¦wVæväBæFW6æ–@£3#S´Ö–F6–Öæ§VçF³³3s3#c·vÖ†VæG&vÖ–Âæ6öĞ£3#c´G'2âæ7'VÆÆ‚&¦6ÂÒäÒã³s#C#·f—&ÖæG&–ç7–„Bæ&—¢æ–@£3#s´6ÖF’†76æƒ³#S33C¶æ&–Æ†&—–„BæVGP£3#ƒ´&wW2×W7Föf³“#3s·'VF—FÖ&vÖ–Âæ6öĞ£3#“´&·F–öæò—&vã³cS3¶æ—GWVÇV‡VÖ—&–†öòæ6öĞ£33µvÇW–ò&†—S³3c“C3·&†'FF”7bævòæ–@£33´¦Vg&’†–F–C³#cC·v6¶—F¦æWDvÖ–Âæ6öĞ£33#´FvVÂæ–ævvöÆâÂÒäf&Ó³ssƒƒ·—W7Vf†¶–Ô–†öòæ6öĞ£333´vÖ&—&—VÆ–çF’ÂÒä³³c#s·—VÆ–7bçvV"æ–@£33C¶G"â×W'6—Fæ÷f—F6&“³3#S#¶Ö'–F–VGv&DvÖ–Âæ6öĞ£33S´†&F’¦çV#³3cc·&†æF–æ”BæFW6æ–@£33c´—"âFVwV‚ö·Ff–æ“³Ss¶—fã#dvÖ–Âæ6öĞ£33s´‚âGv’&&÷vó³CS“C·—VÆ–çF–¦v&vW'VÒæ2æ–@£33ƒµ¦Ö—&6Föæó³CsS·&¶6FVf–´Bæ6öĞ£33“´¶6—–‚&—–çF“³“S¶¶&æƒdBævòæ–@£3C´¦6Ö–â&FÖ³ƒcƒ“¶¦6Öæ“s$BæÖ–Âæ–@£3Cµ–‡–v–æ&æòÂÒåC³C#ƒ#·v–G–‡WFV7bæ2æ–@£3C#´¶&Öâ6–Öæ§VçF³³sƒƒ·v‡—VF–ç—VÆ–ævÖ–Âæ6öĞ£3C3µBâÆævvVær6Ö÷6—"Â2ä¶öÓ³c“ƒS·wVÆæF&–VÇf–äBæ–ç@£3CCµ&Öâ†¶–ÒÂ2ä’ä¶öÓ³s##3ƒ¶‡WF6ö—F6Væv¶Ä–†öòæ6öĞ£3CS´6·&¦—–W7—FÂ2åC³S“c#S·Wv—4W'VÒçvV"æ–@£3CcµFv²âævW&â†æF–æ“³s“3s¶6Væv¶—'v–&÷vô–†öòæ6öĞ£3Cs´FRFÖ&Â2äRä“³C#ƒ3·W&¶63–†öòæ6öĞ£3Cƒ´†¢âæ–ÆÒ&FÖ³“c#Cƒ·v‡—VF–äBæ×’æ–@£3C“´&æ&æ'F“³c##¶¦'v#7bæÖ–À£3S´æ7F6–6WF–vã³3SC¶†7GWF—W7–”BææW@£3S´—7–‚çW&F—–çF“³cCs¶§VÖF“#T†÷FÖ–Âæ6öĞ£3S#¶G"â¶VÖ&Ö&'VâÂ2äRä“³Sƒ#“·F&–†÷&æFÖ$7bæ6òæ–@£3S3´–çFâgV¦–F“³ss¶æG&–æ–ÖöætvÖ–Âæ6öĞ£3SCµ&f–BÖçVÆÆærÂ2ä¶VC³cSSs#·&—6wVæväVBæ6òæ–@£3SS´F×R7GWF“³sS·v–æ'6–‡f–ç6Vä7bæ÷&p£3Sc´VÇf–æG&–ç7–ƒ³SCC3c¶×WF–s†÷FÖ–Âæ6öĞ£3Ss´¶'6æ¦×VF–ã³cCc3¶VÇVƒ“„–†öòæ6öĞ£3Sƒµ–W76’&F—v“³c#3s·&—3ƒ4Bævòæ–@£3S“´†æ’&¦6Â2åBã³ƒS#ƒ¶çævW7GT–†öòæ6öĞ£3c´×W7F–¶ævw&–æ“³S“3s¶·v–FöFô–†öòæ6öĞ£3cµf–7F÷&–&F—v“³S#·6—F—7VF–F”†÷FÖ–Âæ6öĞ£3c#¶G&râ6Æ–Ö‚7W6çF’Â2äw£³###S“·F×V&öÆöæ¦–æG&Bæ&—¢æ–@£3c3µ&'Rv–¦–çF“³C3Cc¶'6—G&7GWF”Bæ–ç@£3cCµ'W6Öâ7W'–öæó³C“ƒc¶v–Öçv7GWF”W'VÒæFW6æ–@£3cSµ7–‡&–æ’6Ö÷6—"ÂÒä¶öÒã³ƒƒCC¶æG&–æ–6'V$BææW@£3cc´FÖ§VÆ¶&æ–ã³ƒ“ƒ·¦VÆF#T7bæÖ–À£3cs´væw66f—G&’ÂÒäÒã³Ss#Ss¶·W7VÖ÷F7v—$7bæFW6æ–@£3cƒ´—"â¦Ö–Â6–æv³S“Csƒ·¦VÆF–öÆæF–†öòæ6öĞ£3c“´Ö&––öÆæFÂ2ä¶öÓ³cƒc¶ÆÖ–6&”BæFW6æ–@£3sµWF’×WF–W&ævF’Â2å6÷3³ccs“·Gv–F–7GWF”7bæ–@£3s´§VÖ&’FÖæ–³³““ƒ¶6‡–F“sBæ÷"æ–@£3s#´G"âvVçFW76&’Â2åC³C“C#3¶Ö†'–çFô–†öòæ6öĞ£3s3´æ—F7W'–öæó³“3ƒƒC¶6GW&ævv6Ö÷6—$Bæ6òæ–@£3sC´&§&v–âÖ'–F’Â2äw£³ƒsC#·‡v6—F†÷FÖ–Âæ6öĞ£3sS´Ö'–F’&6WG–³##cC·'&F—FVBæ–@£3sc´G'2âÆ7v’v–æ'6–ƒ³3Ss·G&–6–ævW7GT–†öòæ6öĞ£3ss´G'2âGVv–Öâ&—–çF“³“ƒƒS¶ÖVvçF&¦Æ–æG&W'VÒæ6òæ–@£3sƒµ"äÒâ—'6Bv–F–7GWF“³“scS¶G&¦C#4W'VÒæÖ–À£3s“µ¦Væ"Æ7G&“³ƒcsS¶Æ–Ö#3dvÖ–Âæ6öĞ£3ƒµ"äÒâ6–gVÂv7GWF“³““c¶—VÆ–'F”vÖ–Âæ6öĞ£3ƒµFVF’æ6†—'VFF–ã³SC¶æ÷fc”Bæ&—¢æ–@£3ƒ#´v–æWFÖ“³s“Sc·6&&æ–ævvöÆäVBçöçW2æ–@£3ƒ3´fV&’v6æ³Cs“·¦—7v‡—VF”Bæ×’æ–@£3ƒC¶G"â6Æ&Ö'VærÂÒä³³s##s3¶FÖ¦ƒ”W'VÒæÖ–Âæ–@£3ƒSµ"äâ6·W&Öç7W"ÂÒä¶öÒã³“3sS3¶Æ'Vƒ3„7bææW@£3ƒcµ&–æ’&F—F³ƒSS¶æöÖÖ'–F”VBæ2æ–@£3ƒsµ6·W&6—F÷'W3³ƒSƒ3S¶‡WF6ö—Gfç–vÖ–Âæ6öĞ£3ƒƒ´&¶–F–âWFÖ³ƒcs·v–æ'6–‡FçG&”vÖ–Âæ6öĞ£3ƒ“´¦æWB&FÖ³ƒƒc#S¶—&æçFö†6æ„–†öòæ6öĞ£3“´´‚â&f’v–æ&æó³ƒ3ƒ¶6æ–ævvöÆä7bææWBæ–@£3“´6&Æ&–öv³cCs“¶ÆW7F&–Ö'Fæ”–†öòæ6öĞ£3“#µFv²â¦–öæò&F—v’Â2ä’ä¶öÓ³Cƒ“¶†–ÖvçWFÖ”VBçvV"æ–@£3“3µV6†—FW7—FÂ2å6“³33Cƒ#¶æ—–vvÖ–Âæ6öĞ£3“CµF–æ7W'–FÖ“³ƒsSs¶æ7––F‡W–´†÷FÖ–Âæ6öĞ£3“S´‚âFæ—7v&f—&Öç7–‚Â2å6÷3³3sS¶Ö—G&ævw&–æ”VBçöçW2æ–@£3“c´¦Vær&FÖÂ2ä•³“sCS¶¶¦Vã3$vÖ–Âæ6öĞ£3“s¶G"â6WF’&F—FÂ2åC³c3s3¶¦FÖ–¶óC”W'VÒæFW6æ–@£3“ƒµ¦Ö—&6—GVÖ÷&ærÂ2ä’ä¶öÓ³#Sccƒ·v–F–7GWF–¦VætBçöçW2æ–@£3““µf—&ÖâwW7F–æ³cCc¶'VF—–çFöÖ'6—Fô7bæ÷"æ–@£CµFÆ–6f—G&“³#S3C#·&—¦¶—7VF–F”†÷FÖ–Âæ6öĞ£C´¶6—–‚'VF—–çFó³3c#¶çW'VÇ&¦FvÖ–Âæ6öĞ£C#´—"â6&‚6–æv³ƒSCCC¶wVæ'FöÆ–ÖäW'VÒææWBæ–@£C3´6–F’‡WF6ö—C³#“c¶†6–ÓSDBæ÷"æ–@£CC´—"â6æG&Æ§V&F“³#ƒ33·&ÖFæ†'6æBæ÷"æ–@£CS´G"â¶6–ÒÆGWöæòÂ2ä•³S#c#¶6&ÆÖæF6&”Bæ&—¢æ–@£Cc´æ&¦’6—&Vv#³cScS·VÖ–ö·Ff–æ”vÖ–Âæ6öĞ£CsµBâv&F’v–æ'6–‚Â2äf&Ó³cSc“¶F'–æ—&¦6vÖ–Âæ6öĞ£Cƒµ&†Ö’wVÆæF&’ÂÒä³³s““ƒ¶G&F—FW'VÒæÖ–Âæ–@£C“µ–—7v‡—VF“³sc3““¶6VÖWF“c†÷FÖ–Âæ6öĞ£C´F&Ö¦’6–Öæ§VçF³³scƒC¶×6—&Vv$W'VÒçvV"æ–@£C´vÇW"VF¦–7GWF“³C33#¶‡&†–Ö„–†öòæ6öĞ£C#´—"âv–æçVw&ö†òÂ2ä•³s33·&—–çF–ç–æ–†öòæ6öĞ£C3µVÆ’Æ§V&F“³3##¶¦æÖv7bæ×’æ–@£CC´ÆVò6çF÷6ó³cSc33¶VFöæv÷&äBæ×’æ–@£CS´÷â&FæÂ2äf&Ó³s#SS·F&“c†÷FÖ–Âæ6öĞ£Ccµ¦VÆF&F—FÂ2äf&Ó³CcSc·‡VF¦–7GWF”7bæVGP£Cs´F–æFwVævã³SC“s¶†VæG&T–†öòæ6öĞ£Cƒ´W&–²ævW7GRÂ2ä¶öÓ³““S¶F6s”W'VÒææW@£C“µ"äâ7–‡&–æ’'VF–ÖâÂÒäÒã³ssCS¶gWv—4vÖ–Âæ6öĞ£C#´¶&ææ¦×VF–ã³33SSs·&W7GSctW'VÒæ6òæ–@£C#´FWv’v‡—VF–ã³3ƒSC·&&÷vö&·F”†÷FÖ–Âæ6öĞ£C##µ6Æ–Ö‚æ6†—'VFF–âÂ2ä’ä¶öÓ³3CS“¶VÆ—6C„Bæ–@£C#3´F'6—&‚†7GWF“³“3#ƒ#¶6v·6–Öæ§VçF´BææW@£C#C¶G"â&WFæ–6—Fö×VÂÂ2ä¶öÓ³C3cs·‡v–FöFô†÷FÖ–Âæ6öĞ£C#S´F—G–&ÖFâÂ2ä’ä¶öÓ³3c3##·—7VF–F”Bæv÷`£C#c´6–æG’Ö&'Vã³3ccƒ¶—&vç6–F—W'VÒæv÷`£C#s´¦ö¶òv7GWF’Â2å6÷3³C“cƒC¶Ö†VæG&¦ö†ä†÷FÖ–Âæ6öĞ£C#ƒ´G'2â¶'6æ6Æ‡VF–âÂ2äw£³3ƒS#·W&ÖF–V¦vÖ–Âæ6öĞ£C#“´öæ’&&÷vó³“33cc¶×W'F“cT7bæ6òæ–@£C3´VF’†76æƒ³3sc3·W6Ö†W7F–vä–†öòæ6öĞ£C3´ÇV—26Föæó³S“3“ƒ·W6Ö†FÆ–öæô†÷FÖ–Âæ6öĞ£C3#µ"âv–æÖæwVç6öærÂ2å6“³ScscS·W&¶6ƒ$vÖ–Âæ6öĞ£C33´æ—FFÖæ–²Â2å6“³sƒs“¶&‡W&·6dvÖ–Âæ6öĞ£C3CµWF’†–ÆFF&–†÷&âÂÒåD’ã³sƒs·æ¦“3„–†öòæ6öĞ£C3S´F–‚Ö†VæG&³ƒ#SC¶F'SC4Bæ÷"æ–@£C3c´ÇV¶—FçVw&ö†ó³ƒ3cSC¶×VÇ–æ–†'FævÖ–Âæ6öĞ£C3sµ§VÆ–¶†6–æv³s3ƒSƒ¶Ö'7VF—v–&—6öæô†÷FÖ–Âæ6öĞ£C3ƒµvvR–öÆæF³ƒ“S#¶FWf“TW'VÒæ÷"æ–@£C3“´væW2†Æ–Ó³ƒCcCc¶&‡WF6ö—D†÷FÖ–Âæ6öĞ£CCµ&F–‚†&F–ç7–‚Â2äw£³“S#c·&†—SdW'VÒæ6òæ–@£CC´Ö–·W7væF&’Â2ä’ä¶öÓ³“S#S·6—F÷'W7'W6Öä–†öòæ6öĞ£CC#µBâF–¶çW&–æ“³cƒ“3·†¦–Ææ”vÖ–Âæ6öĞ£CC3´v†Æ—–F’Föæv÷&ã³#SƒcS¶Fæ—7v&s4Bæ–ç@£CCCµ&–æ&FÖÂ2ä‚ã³c3S·6&v–„VBæ6öĞ£CCS´†&¦ò†Æ–Ó³sc3¶çW&–æ–6–çF†÷FÖ–Âæ6öĞ£CCc´–'VâwVævã³S3·'v–æ'6–„†÷FÖ–Âæ6öĞ£CCs´ÆçF"†–F–çFó³3““3¶×6WG&vÖ–Âæ6öĞ£CCƒµWG&’Æ–Æ6&“³c3s33¶æ7––F†¶Ö–Æ†÷FÖ–Âæ6öĞ£CC“´væWæ7––‚ÂÒä¶öÒã³“c“·W6Öæf&–F7bæ6öĞ£CS´G'2â†æWFÖ“³Ss¶&¶6W'VÒæ÷"æ–@£CS´v–Æær–öÆæFÂ2ä‚ã³C¶&Æævvv7GWF”vÖ–Âæ6öĞ£CS#´·W7VÖFÖ6&’ÂÒäf&Ó³S3ƒ#¶¦çV&·VçF†&vÖ–Âæ6öĞ£CS3¶G&râ&&÷vòFÖæ–³³ƒC“¶Æ–ÆƒdBæ2æ–@£CSC´÷Vær6WF–vã³3#S·F×V&öÆöçæ6†÷FÖ–Âæ6öĞ£CSS´F–æv–¦–³CS“3c¶F†–&¦cdvÖ–Âæ6öĞ£CSc´VÆ’gV¦–F“³C#ƒƒ#¶¶–æG&v‡—Væ”–†öòæ6öĞ£CSsµF—F’wVævã³###ƒc¶Ö&F†—–†&v—–vÖ–Âæ6öĞ£CSƒµBâ¶Ö&Æ’Ö'–F’Â2äf&Ó³s3##¶FWf““†÷FÖ–Âæ6öĞ£CS“¶G&râv†Æ—–F’FÖ&Â2ä¶öÓ³“s#¶FçSCvÖ–Âæ6öĞ£Ccµ¦‡&—Væ–#³ccCƒ·f–öÆWC“7bæ6òæ–@£Ccµ"â&FVâ&67FÂÒä¶öÒã³sS“S¶·VçF†&cVBæFW6æ–@£Cc#´6æG&¶çF§VÆ–¶Â2å6“³33SC¶f—G&–æ“Sd7bæ6òæ–@£Cc3´×Væ’FÖæ–³³ƒCssc·F&–†÷&æ¶6–ÔBæ–@£CcC´6¶WBæG&–æ“³sC#¶—&fçW6F†÷FÖ–Âæ6öĞ£CcS´6v—6F’v‡—VF–âÂ2åC³#3S#¶Öf&–FvÖ–Âæ6öĞ£Ccc´F—&¦ævW7GS³ƒƒ“s¶¦6Ö–ãc–†öòæ6öĞ£Ccsµ&W¦Æ·6Ö—vF“³ƒSS#¶6–F“ƒdW'VÒæ÷&p£Ccƒ´¦ÖÆ–FÖ6&“³CcC#·¦Væ'&67F†÷FÖ–Âæ6öĞ£Cc“µ"äâ¦‡&W––æƒ³C3c3c·&æ÷vövÆ$W'VÒæVGP£Csµ—VÆ–æwW7F–æ³Sc#·VÖ–W6Ö„VBçvV"æ–@£Csµ&–æ’ÖVÆæ³#C#c¶'VF—–çFöÆ–Æ”Bæ÷"æ–@£Cs#´¦6Öæ’†Æ–Öƒ³“sSSƒ¶Ö¶&ƒvÖ–Âæ6öĞ£Cs3´¦æR&¦6³c##cS¶wW7F–æv&æt7bæÖ–À£CsC´æF–æRW6Öƒ³#CS#¶§6–†÷Fæt–†öòæ6öĞ£CsS´×V§W"†&—–ƒ³sC#ss¶†Æ–Öst†÷FÖ–Âæ6öĞ£Csc´¦æWB†–F–C³#CSS¶·W7VÖö¦ÆVvÖ–Âæ6öĞ£Css¶G&râæF–G&–ç7–‚Â2äw£³ƒccS“¶§v–F–7GWF”Bæ6öĞ£Csƒµ"âFæ—7v&Ö–6&’Â2åBã³3C·æ63T–†öòæ6öĞ£Cs“´¶'6æ6—&—C³3ƒS¶§&¶6VBæ×’æ–@£Cƒ´F&ÖçFòÖ&'Vã³ƒC##ƒ¶†G&–ç7–„†÷FÖ–Âæ6öĞ£Cƒ¶G&râ6–ö&VÆÆf—&Öç7–‚ÂÒä³³#“C3“¶Ö–Æƒ†÷FÖ–Âæ6öĞ£Cƒ#´vF7VF–F’Â2ä¶VC³cC#“¶væ÷f—F6&”vÖ–Âæ6öĞ£Cƒ3´&ÆÖçG&’&&÷vó³#Csƒ#¶&—7W––æ„vÖ–Âæ6öĞ£CƒC´F–æÖ–6&“³33ƒ““·G&–6–ƒD–†öòæ6öĞ£CƒSµFv²âÆ6ÖçFòv‡—Væ“³S#ƒcƒ¶Æ·6æW&ÖF”†÷FÖ–Âæ6öĞ£Cƒcµ6'&’6–†öÖ&–ærÂÒäÒã³#ƒC“·G&–6–3”7bææW@£CƒsµFVf–²v‡—Væ’ÂÒåD’ã³“Scƒs¶¶&Vææ7––F„Bæ÷"æ–@£Cƒƒ´7WBæ&–Æ6–†öÖ&–æs³S“SS·7Wv&æ÷&–¶†÷FÖ–Âæ6öĞ£Cƒ“´vÖ&Æærv–&÷vó³“#3S¶ÖÖæwVç6öætvÖ–Âæ6öĞ£C“µ¦VÆF†'–çF“³ƒSs3s¶¶W¦–C„7bæ&—¢æ–@£C“´Æ–Æ’F'V¶¶RÂ2äRã³3“ƒCƒ·6ÇvÖ'–F”VBæ6òæ–@£C“#´Æ–Ö"†'–çF“³SscS¶W§VÆ¶&æ–ä–†öòæ6öĞ£C“3´—"âÖÖâv6æ³CƒC3·§6–†÷FætVBæ6òæ–@£C“C´VF—6öâ&†ÖvF“³“S“S·&†ÖvF—&F—G–VBævòæ–@£C“S´Æ6ÖöæòwW7F–æ³ƒs3c¶FÆ–öæöÖ&'Vä–†öòæ6öĞ£C“c´'F&7GWF“³#sC“·vvç—VÆ–'F”–†öòæ6öĞ£C“s´7WB†Æ–Öv–FöFòÂ2åC³ssCs¶ÖVÆæ†–ÖväVBçöçW2æ–@£C“ƒµF–æv6æ³Cƒ#CS·v&¦—vÇW–ôvÖ–Âæ6öĞ£C““´6Væv¶—"×W7Föf³s3c¶6&¶#T–†öòæ6öĞ£S´6–æG’&†–Öƒ³Cs“Sc·6WF–væ6‡–7bææW@£Sµ—VÆ–ææG&–æ“³3ccƒ“·WG&—6—&Vv$7bææW@£S#µWF’f&‚æ'F“³scs#¶æ6#sDvÖ–Âæ6öĞ£S3´¶&æÖ&F†—–ƒ³Ss“s·–÷6VcC”Bæ–ç@£SCµV6†—Fæ6†—'VFF–ã³Sc##¶Æ–Æ–·W&æ–vä†÷FÖ–Âæ6öĞ£SS´†¢â†æ’†–F–C³#ƒ#s3·7W'–#t–†öòæ6öĞ£Sc´v–ÆF—Væ–#³C“csC¶gVF¦–7GWF”W'VÒæ–ç@£Ss´G"â&6WG–6WG&³“ƒ“¶×W7FöfvÆ–„Bæ6òæ–@£Sƒ´7WBæ&–ÆWFÖ³cC3¶†–F–çFö—fäW'VÒæ6öĞ£S“µV¦’×VÇ–æ“³CSƒs¶Ö–F†×&–ä–†öòæ6öĞ£SµVÆ–â&¦6ÂÒä³³C3cs¶6çVw&ö†ô–†öòæ6öĞ£SµF&’&&÷vó³ƒCc3¶—W7—FBçöçW2æ–@£S#´f—¦‚6—Fö×VÃ³“3Ss·&–övÇV¶Öä7bæ6òæ–@£S3´6V×ÇVæ²F×V&öÆöâÂ2ä‚ã³“cƒ·&æ&&ävÖ–Âæ6öĞ£SCµ"â–F†&F–ç7–ƒ³Cs·6&v–†VF—6öäBæv÷`£SSµfW&&†–Öƒ³s#s¶&·F–æÖv–†öòæ6öĞ£Sc´F&ÖçFòÖ&'Vã³SCSc¶6‡–ó„vÖ–Âæ6öĞ£Ss´FWf’Æ·6—F³C“¶&v—–SDBææW@£Sƒµ"âvvF’WFÖ“³#3S¶VÆÆ—3c$Bæ6òæ–@£S“´‚âFVf–²W––æƒ³c“¶6–F“$W'VÒæFW6æ–@£S#´´‚âFFÖç7W#³csƒc·W&¦6Bæ&—¢æ–@£S#´F&Ö¦’v6—F³ccƒ“#¶çVw&†f—&vçF÷&ô7bç66‚æ–@£S##µ¦—¦’Öç7W#³“cƒ3s·7W6çF”vÖ–Âæ6öĞ£S#3´'F§VÆ¶&æ–ã³ƒSCC3·&f“CW'VÒæ–ç@£S#C´—"âÇV—2WG&³“ƒ“Sc¶Ö†gVG—VÆ–'F”vÖ–Âæ6öĞ£S#SµfW&Föæv÷&ã³cƒsC¶'VF“†÷FÖ–Âæ6öĞ£S#c¶G"â6F–æv–F–7GWF’ÂÒäÒã³ccƒ#3¶F'V¶¶Vö·FBæ÷&p£S#s´–Ç–2†'–çF“³ssccS¶¦–ÖãDvÖ–Âæ6öĞ£S#ƒ´–æ—VÆ–çF“³ƒ“33·VÇ–†æF–æ”†÷FÖ–Âæ6öĞ£S#“´×W'6—F·W7VÖó³cSc¶F7GWF”†÷FÖ–Âæ6öĞ£S3´6v²6çF÷6òÂ2åBã³#c““·v'6—FFÖ&vÖ–Âæ6öĞ£S3´–æG&Æ–Æ6&“³s##¶†æF–æ–G&¦DvÖ–Âæ6öĞ£S3#´G'2âF—F’—VÆ–'F“³Cƒ¶F–†çW&–æ”VBæVGP£S33µ¦VÆ–&—–çF“³ƒS33¶öçVw&ö†ô7bæFW6æ–@£S3Cµ&æv·W7v÷–ó³3ƒ3““·GVv–ÖãStBæ6òæ–@£S3S´—"âÆF–¶gV¦–F“³3ƒƒƒ¶w6—GVÖ÷&æt7bæ–@£S3c´æ—FW6F³s#ƒcƒ·6&ƒƒ$VBæÖ–Âæ–@£S3s´—&æçFòW––æƒ³#cc#¶W&7GWF”vÖ–Âæ6öĞ£S3ƒ´—7–‚Æ–Æ6&’Â2å6“³CS#ƒs¶F–æF“t–†öòæ6öĞ£S3“´öæ’¦çV#³CcS#·6Ö–‡FÖ6&”W'VÒæÖ–Âæ–@£SC¶G"âW7–’æ7––Fƒ³sSsƒ“¶F†–F–D–†öòæ6öĞ£SC´VÇf–æ†7GWF’ÂÒåD’ã³cS3S¶çW&–æ–væw6$Bæ2æ–@£SC#´—"âÖ'–F’ÖæFÆ³3cc#“¶×VÇ–çFóc†÷FÖ–Âæ6öĞ£SC3´¶&–Ö‚†&F–ç7–ƒ³cc·f—f–æ¦×VF–ävÖ–Âæ6öĞ£SCC¶G&râ6‡–·W6ÖvF“³ƒcs“¶6Öã$BææWBæ–@£SCS´Ö'Fææ7––Fƒ³C¶æ¦×v–&÷vôW'VÒæ×’æ–@£SCc´V¶†æF–æ’Â2äw£³ƒƒ#c·&–Gvç§VÆ¶&æ–äBæ–ç@£SCs´F–æFW6Ö‚Â2ä•³ƒs#¶6&Æƒ–†öòæ6öĞ£SCƒµ&Fæ6—&Vv"Â2å6“³S“ƒ3C·&6WG–æ6$7bæVGP£SC“´G'2â&–¶6WG&³Cƒ“s¶æ6–×v–&—6öæôBæÖ–À£SS´6Æ–¦âFÖ&³ccCƒ¶†6ã34–†öòæ6öĞ£SS´6–æG’†'–çFó³¶·6Ö÷6—$†÷FÖ–Âæ6öĞ£SS#´Æ–Æö·Ff–æ“³SCƒ“·–öÆæFf–6·”VBæÖ–Âæ–@£SS3µFv²âv—6çRÖ'VærÂ2åC³s3ƒ¶¦–æv“d†÷FÖ–Âæ6öĞ£SSC´VÆ—6v6æ³ƒ““C“¶G&–ç7–†Ææ¦$†÷FÖ–Âæ6öĞ£SSS´&Æ–F–â&6WG–³s“c#·7W'–öæ÷6—6¶–†öòæ6öĞ£SSc´†6–ÒÖæF6&“³“sƒCS¶&·F“3†÷FÖ–Âæ6öĞ£SSs´6&¶v–&—6öæó³“Ss¶FçSC”VBææW@£SSƒ´–Ç6Ö'–F“³3#SsC¶Ö&6†'–çF”†÷FÖ–Âæ6öĞ£SS“´G"âFWf’wVÆæF&“³3cC·&F—FgV¦–F”VBæ6öĞ£Scµ"â†&¦–VF¦–7GWF“³#3S¶wv–FöFôBææWBæ–@£Scµ&Fæ&Fæ³#ƒcC¶&ÆævvÖ&'Vä–†öòæ6öĞ£Sc#µWF’&†Ö’vÇW–ó³3c#c¶¦W76–6#dvÖ–Âæ6öĞ£Sc3´v7F’Ö'–F“³ƒƒS¶–'Vç6—&—DW'VÒæ÷"æ–@£ScC´—"âæ6–Ò6&v–‚Â2åBã³Sƒ3SS¶æ§vVF¦–7GWF”–†öòæ6öĞ£ScS´Æ&2·W6ÖvF“³ƒsC3¶'VF—–çFöv†æ”vÖ–Âæ6öĞ£Sccµv–æF×W7Föf³ƒsƒ3“¶Fæ'F”VBææW@£Scs´†7F‡WFvÇVærÂ2ä¶öÓ³“Cs3·6f—G&—'VF”7bæVGP£Scƒ´G'2âæ§vÆ·6—FÂ2äRä“³3ƒƒs¶æ¦ÓTvÖ–Âæ6öĞ£Sc“µFVfâv‡—Væ“³ƒ“#3S¶çW&F—–çF–†—'–çFô–†öòæ6öĞ£Ssµ"â&–¶F'V¶¶S³S“#3·6f—G&–&‡Wv—'–VBæ&—¢æ–@£Ss´öÆ—ff—&Öç7–ƒ³““3·W'vçF—§VÆfVBçöçW2æ–@£Ss#¶G&râÖÆ–¶F'V¶¶RÂ2äw£³3#cs·6–†öÖ&–æv¶'–BææW@£Ss3´FçV¦wVævã³3¶ÖVÆæ–'FvÖ–Âæ6öĞ£SsCµBâ†ææ&†ÖvF“³“#3“·'6FöæôBææWBæ–@£SsS´†6æ6–Ö&öÆöâÂ2å6÷3³CS#3S¶f&‡Vææ—6“”W'VÒæ÷"æ–@£Ssc´–6†&æ÷vòÂÒäf&Ó³sC3#¶væw6DvÖ–Âæ6öĞ£Sss´–F7VF–F’ÂÒä³³SCCsƒ¶F†–&¦æ—GWVÇTBææW@£Ssƒ´VÇf–æÖVÆæ³33ccƒ¶&¶–¦ãvÖ–Âæ6öĞ£Ss“´†¢âvæW2ævw&–vã³S“C3c¶¶—&c#TVBææW@£Sƒ´¶7Vær¦çV#³Ss3c¶Ö†VæG&VÇf–†öòæ6öĞ£Sƒ´6Væv¶—"W6F³s#c“3¶æ÷f“DVBæ–@£Sƒ#´æ÷f’†æF–æ“³#“C·v6—3S”vÖ–Âæ6öĞ£Sƒ3´—&&6WG–òÂ2åC³C“Sƒ3·§VÆ¶&æ–çF7v—$VBæ&—¢æ–@£SƒC´¶–æG&W––æƒ³S3#3¶æ–ævvöÆæÖ—G&BææWBæ–@£SƒSµf–æòö·Ff–æ’Â2äRã³scƒ¶ÇWvW3cTBæ÷&p£Sƒcµ6Æ–Ö‚6—&Vv#³“33ƒ¶&¶–öæ÷§VÆ¶&æ–ävÖ–Âæ6öĞ£Sƒs´&‡Wv&æ&67F³CS3S¶·W7væF&—V6†—F–†öòæ6öĞ£Sƒƒ´æöÒ†76æƒ³CS##“¶VæG&–æ”Bæ6òæ–@£Sƒ“´¶Æ–Òæ–ævvöÆã³cS33·F6æ–Öf—&vçF÷&ô–†öòæ6öĞ£S“´væw6f—&Öç7–‚Â2äf&Ó³s#3CS¶6†VÇ6VÆ·6—FW'VÒæVGP£S“´†Ö–Ö6f—G&“³“ƒ“S¶¶v–ö·Ff–æ”7bçvV"æ–@£S“#´¦6Öæ’6–†öÖ&–æs³3C#s¶v†'–çF”–†öòæ6öĞ£S“3´G'2âÖ–×Væ‚†'FF’Â2äRã³###S¶&æ6'6Ö÷6—$†÷FÖ–Âæ6öĞ£S“Cµ6öÆV‚æ6†—'VFF–ã³ƒ“C3¶çW&–æ—v—&BææW@£S“S´¶'6v7GWF’ÂÒåC³cS¶¶'6æW6Ö„VBæ&—¢æ–@£S“c´6·&vÆWFÖ“³SƒCC¶¶FÖæ–´VBæ÷"æ–@£S“s´Æ–Æ’&†–Öƒ³S##¶V×VÇ–æ”–†öòæ6öĞ£S“ƒ´†7Fv7GWF’Â2åC³cƒCc¶·W7VÖö6·&&—&vBææWBæ–@£S““´FÆ–Ö—VÆ–çF“³csSS¶fçW&–æ”†÷FÖ–Âæ6öĞ£cµVÆ–âÖæFÆ³CCC··W7væF&”7bæ2æ–@£cµ6F–æ×W7FöfÂÒä³³““c“S·&&÷vöæ—–vvÖ–Âæ6öĞ£c#´Ö&væævw&–vã³#cƒ3“·wVÆæF&–†'6çFôvÖ–Âæ6öĞ£c3´öÖâFÖæ–²Â2ä¶öÓ³cSƒ¶†'6æ&F—FW'VÒævòæ–@£cC´ÆVvv7V'F–æ“³s“3c¶Ö'–F—7W6çF”–†öòæ6öĞ£cS¶G&râF—&×VÇ–æ’Â2å6“³#Sƒ¶Ö—G&ÖæFÆ–†öòæ6öĞ£cc´VÆ—6&–öv³Csƒ#¶æ–ÆÖÆGWöæôBæ÷"æ–@£cs´¶—VâÆ§V&F“³c“S##·&6WG–÷§VÆ¶&æ–äBæVGP£cƒµ6—6¶&–öv³cs33¶ÆW7F&—&¶÷6–†öòæ6öĞ£c“µ"â¦6Ö–â†6æ‚Â2äf&Ó³cs“¶÷Væwv–FöFôW'VÒæÖ–Âæ–@£cµ&–†â&†–Öƒ³ƒ“3c¶¶·W7VÖôBçvV"æ–@£cµWF’&Fæ³ƒƒCƒ·—VÆ–çF–vF–†öòæ6öĞ£c#µ"â¶æ’&æ÷vó³CcC3s·6'&—&†–Ö„Bç66‚æ–@£c3´&VÆÆVF¦–7GWF“³“#“C¶VÆÖæÖvVBæFW6æ–@£cCµv&F’¦–Ææ“³SCc·g&7GWF”7bæÖ–À£cS´Gv’vÇW–ó³S33·6–ævö·FvÖ–Âæ6öĞ£cc¶G&râ6†æG&6çF÷6ó³Ss3c¶·v7GWF”†÷FÖ–Âæ6öĞ£csµFv²âF6&¦F³CscC¶VÇf–æ†'FF”vÖ–Âæ6öĞ£cƒµVÖ"6—F÷'W2ÂÒä¶öÒã³CcCs·W6F×V†ÖÖD†÷FÖ–Âæ6öĞ£c“´&¶–F’W––æƒ³c3Sƒ#¶¶v–7VF–F”Bæ–ç@£c#µwVÆâW'F—v“³#ƒƒS“¶çF&–†÷&äW'VÒæ÷&p£c#´æ–ÆÒ6–Ö&öÆöã³3S#S·–æ6†—'VFF–äVBæ×’æ–@£c##´—"â¦‡&†Æ–Öƒ³CSC3c·&V·6c”7bæVGP£c#3µFv²â†æ’†–F–çFòÂ2äw£³33¶†¶–Öæ7F6–vÖ–Âæ6öĞ£c#CµG&–6–&—–çF“³33Cƒc¶ÆævvVævæ7––F„–†öòæ6öĞ£c#S´fF†öæ‚7VF–F“³c3ƒsC¶¦–F—6—Fö×VÄ†÷FÖ–Âæ6öĞ£c#c´6VÖæ’F&–†÷&ã³ƒS#s¶¶6–×Wv—4Bæ–@£c#sµFv²â6&’Æ·6—FÂÒä¶öÒã³s#S·v–¦–çF”†÷FÖ–Âæ6öĞ£c#ƒ´ÖVÆ–æ÷f—F6&“³C#cC·ævW7GW6&$vÖ–Âæ6öĞ£c#“´F–vF–6–†÷Fæs³33“¶Æ–Æ–æ6†—'VFF–ävÖ–Âæ6öĞ£c3´¦VærFÖæ–³³ƒ“Cƒ¶æ6†—'VFF–æv–ÖäVBæVGP£c3´6‡–öæòæ÷f—F6&’ÂÒäf&Ó³“3#ƒ·&F–ƒsVBææWBæ–@£c3#´F–æFöæv÷&ã³3ssc¶Æ–ÖãS4VBævòæ–@£c33´Æ–Æ’æ6†—'VFF–ã³c“S¶wwVÆæF&”†÷FÖ–Âæ6öĞ£c3C´GBâF7v—"Ö&F†—–ƒ³ccƒ“·6&ƒc”vÖ–Âæ6öĞ£c3SµWF’—Væ—F—VÆ–çF“³3S““#·–öÆæF7bævòæ–@£c3c´vÖçFòÖVÆæ“³“s#¶–‡6ç6çF÷6ôVBç66‚æ–@£c3sµ"äâ–f6çF÷6òÂÒäf&Ó³#sS“#¶vÆæwv6¶—FW'VÒæ÷&p£c3ƒ´VÆÖ&7GWF“³cCs·&—¦¶—v–æ&æôW'VÒæVGP£c3“´¦öæòÖ&'VâÂÒåC³“ƒC“3·&†Ö—v–&—6öæôBæ÷&p£cC´–çFâö·Ff–æ“³“S3S¶æ&¦–†¶–Ô7bçvV"æ–@£cC´6v²F×V&öÆöã³ƒ#S¶§W'vçF”Bæ&—¢æ–@£cC#´vÆ–‚Ö'–F“³s“c#3¶¶Ö&Æ—WFÖ”vÖ–Âæ6öĞ£cC3´7WBFWv’&—–çF“³#3ƒƒ¶6—G&“dvÖ–Âæ6öĞ£cCC¶G&râ†'Fòf—&Öç7–‚Â2åC³sCSc¶×VÇ–æ–¶ö¶ôW'VÒæ2æ–@£cCS´–6†ÖVÆæ’Â2äRã³c#c3s·6—F÷'W6FF”vÖ–Âæ6öĞ£cCc´†–ÖvâWFÖ’Â2ä¶VC³3“¶76–Ö&öÆöä†÷FÖ–Âæ6öĞ£cCsµf–æòÖ&'VâÂÒäÒã³c“C¶6Öç6–†öÖ&–æt–†öòæ6öĞ£cCƒµF—F–âÆ·6—F³C#C3ƒ¶wW7F–æ&–æ”†÷FÖ–Âæ6öĞ£cC“´·VçF†&W'F—v“³C#¶‡6–†öÖ&–ætvÖ–Âæ6öĞ£cS´¶–æG&æ–ævvöÆã³cs““C¶¦–ÖCC„BææW@£cSµ"äÒâVÖ’·W7væF&“³“ƒ3s·7W6çF—FVwV„vÖ–Âæ6öĞ£cS#´f—¦‚æ7––F‚Â2äRã³S3cS¶¦6Ö–çWFÖ”7bævòæ–@£cS3µ&V·6†7GWF’Â2ä•³c“ƒƒ·–W76—6—Fö×VÄ7bçöçW2æ–@£cSC´¦ÖÆ–×VÇ–æ“³Cƒƒƒ“·–†–F–D–†öòæ6öĞ£cSSµ"âWG&’6—&—BÂ2äf&Ó³#Ss·——Væ–$Bç66‚æ–@£cScµ–‡–&¦F³cCC3s¶÷v–F–7GWF”BæVGP£cSs´vÖ&—&6—F÷'W3³S##S#¶æÖ&F†—–„W'VÒæVGP£cSƒ´†¢â¶'F–¶&67F³3#3·Æ7G&–6†æG&vÖ–Âæ6öĞ£cS“µ&—6WFÖ“³c3ƒ·—6—F÷'W4vÖ–Âæ6öĞ£cc´†6ææ—GWVÇS³c3sC¶¦ÖÆ–c$BçöçW2æ–@£ccµ"äâWf†'–çF’Â2å6“³33“cC¶—fçv‡—Væ”7bæ&—¢æ–@£cc#µFv²â¦ÖÆ–v7GWF’Â2ä•³ƒ#ƒ¶F–æ‡WF6ö—D†÷FÖ–Âæ6öĞ£cc3´–Ç6çW&–æ“³ssc“s¶–'&†–×6&v–„†÷FÖ–Âæ6öĞ£ccCµ&–—Fæ‡WFvÇVærÂ2äf&Ó³ƒCS3#¶vG&–ç7–„7bç66‚æ–@£ccSµFv²âvvRW'vçF“³3s“C¶ÆV÷&†–Ö„vÖ–Âæ6öĞ£cccµFv²â&FVâWv—2Â2åC³Cssƒ·VÇ–7W'–FÖ”–†öòæ6öĞ£ccs´FÖ"&¶6³#Cs·‡&†–Ö„7bævòæ–@£ccƒ´7WB—7–‚v–F–7GWF“³Sc“““·WWC3TBçöçW2æ–@£cc“µFÖÆ·6Ö—vF“³33c3¶¦æVwVævä–†öòæ6öĞ£csµ6ÆÖâ&—–çF“³#sC“¶ÆVÖ&‡W&ævF”†÷FÖ–Âæ6öĞ£cs´ÇV¶—FF'V¶¶S³#3ƒs¶†6æ†F6W'VÒæv÷`£cs#´Æ–Æ’æ'F“³“c¶Æ6ÖçFó#$Bæ6öĞ£cs3´v†æ’×VÇ–æ“³sƒs¶ç–æÖ'Væt†÷FÖ–Âæ6öĞ£csC´Æ–Æ&¦6³“C“Sc¶öæ“tvÖ–Âæ6öĞ£csS´æF–·W7VÖòÂ2äf&Ó³s3S·&†—V6&¶†÷FÖ–Âæ6öĞ£cscµf–6·’6WF–vã³cc#C3¶–æ#$†÷FÖ–Âæ6öĞ£cssµ&FæwW7F–æ³cSc“·¦f—&Öç7–„–†öòæ6öĞ£csƒµ—VÆ–æ‡WF6ö—C³SC“ƒ·v–¦–çF—G&”vÖ–Âæ6öĞ£cs“µ&†Ö’×VÇ–æ’Â2äf&Ó³ƒScC3·v‡—Væ–FÆ–Ö–äW'VÒæÖ–À£cƒ´¶¦VâÖVvçF&³S“#ƒc¶G&¦6†÷FÖ–Âæ6öĞ£cƒ´G'2âF–&Æ§V&F“³“3#c¶g&6WG–ôBæÖ–À£cƒ#´F–â—&vâÂÒä¶öÒã³“Cƒc¶vÖãƒ”†÷FÖ–Âæ6öĞ£cƒ3´vÖ&—&æ¦×VF–ã³Scs3·—&ÖFäBææWBæ–@£cƒC´v†Æ—–F’ævW7GS³#SCC#·WFÖ&vÖ–Âæ6öĞ£cƒS´F†–&¦f—&Öç7–‚Â2äRã³#3s“¶VF“”vÖ–Âæ6öĞ£cƒc´¦–VærF†×&–ã³CC“·æ6&¦6†÷FÖ–Âæ6öĞ£cƒsµWF’¶–æG&v7GWF’ÂÒä³³CSƒ3ƒ·†'FF”†÷FÖ–Âæ6öĞ£cƒƒ´G"â&·F–çFò6–Öæ§VçF³³“sSS¶×6WF–vä–†öòæ6öĞ£cƒ“µ"â–Öâ6–†öÖ&–ærÂÒä¶öÒã³“cSS¶&¶–F“C”Bæ&—¢æ–@£c“µ&–æv6¶—F³ƒc“s¶F'–æ“Ct7bæ÷"æ–@£c“µ6·W&§VÆ¶&æ–âÂ2ä‚ã³C““CC¶6‡–7W'–FÖ”†÷FÖ–Âæ6öĞ£c“#¶G&râFVfâ&¶6Â2äw£³3Cs3¶FWf“†÷FÖ–Âæ6öĞ£c“3´¶–æG&‡WFvÇVærÂÒä¶öÒã³33Cƒ·†æG6—$†÷FÖ–Âæ6öĞ£c“C´F–‚W&ævF’Â2åC³SScƒ“·&–—Fæ·W7væF&”†÷FÖ–Âæ6öĞ£c“SµW'vçW&–æ“³CCcSc·w&†–Ö„7bææW@£c“c´¦VÆ—F6WF–vã³3“33C¶–Ç–6æ¦×VF–ä7bæÖ–À£c“s´¦VÖâÆ§V&F“³3#s“·VÇ–†76æ„vÖ–Âæ6öĞ£c“ƒ´&¶–¦â—VÆ–çF’ÂÒäf&Ó³Ccs#·Fæ—GWVÇT–†öòæ6öĞ£c““µWG&’†'FF“³sc3“·&6WG–óctvÖ–Âæ6öĞ£s´6GW"6WG&³#s“s“¶Föæv÷&æ†Ö–ÖW'VÒæÖ–À£s´FF’'VF–Öã³#ƒƒ““¶†&¦W&ÖF”W'VÒæVGP£s#µBâ&F—G–‡WFVÂÒåD’ã³c##3¶·W6ÖvF–F–vF–W'VÒæ÷"æ–@£s3µf–ç6Vâ'VF–Öã³Ccƒƒ¶×W7Föf6‡–öæôBæ6öĞ£sCµFVwV‚†Æ–Ó³cSCC¶†&–&—wVÆä†÷FÖ–Âæ6öĞ£sS´vG&æ¦×VF–âÂ2äf&Ó³#cSƒ·†f—&vçF÷&ô7bæ÷&p£scµVÖ–ÆW7F&“³33·7V6““vÖ–Âæ6öĞ£ss´6&Ææ6†—'VFF–ã³“cƒ¶†W'SCvÖ–Âæ6öĞ£sƒµFv²â6f–ææ¦×VF–ã³ƒ“#ƒc·v–F–7GWF—–Öä–†öòæ6öĞ£s“µv—6çRævw&–vã³ƒsCCC¶FÆ–Ö6–†öÖ&–ætVBçvV"æ–@£s´Æ–G–v–æ&æó³#“ƒc¶†&F–Æ–Æ6&”Bæ–ç@£s´&‡W&·6–öÆæF³ƒS33s·§VÆ–¶†#DvÖ–Âæ6öĞ£s#´ö·Fò·W&æ–vã³s#s¶GævW7GT–†öòæ6öĞ£s3´´‚âFöæòævw&–æ“³sC¶–æt†÷FÖ–Âæ6öĞ£sC´6Æ&7VF–F“³#Cƒƒ·6–F—–†öòæ6öĞ£sSµ6&"&F—F³ScCS·6—Fö×VÆ¦ÖÆ–W'VÒæ2æ–@£sc´&æv’6–†öÖ&–æs³S3“C·Wv—6¶'6æW'VÒçvV"æ–@£ss¶G"â&æv†&F–ç7–‚Â2ä•³cƒ33·G&–6–“4W'VÒçvV"æ–@£sƒ´÷†VÆ–&7GWF“³c3cc·W––æ†6·&væw6Bævòæ–@£s“´F–Ö¢6–†÷Fæs³CcƒS·7V6“S$†÷FÖ–Âæ6öĞ£s#µF–æF'V¶¶S³c““3S¶·W6ÖvF—¦Æ–æG&VBçvV"æ–@£s#´æ—F6–Ö&öÆöã³C3SS¶–'&†–×WFÖVBç66‚æ–@£s##µ&6†VÂ&†—S³##ƒ¶F'6—&ƒC47bæÖ–Âæ–@£s#3µ6–Çf–&—–çF“³ƒ##c¶W7F–öæó„–†öòæ6öĞ£s#C¶G&râ¦'vævW7GRÂ2äRä“³ƒ#·wv6æW'VÒç66‚æ–@£s#S´æ÷f–öÆæF³ƒ“ƒ#¶F†–&¦6–Öæ§VçF´VBæÖ–Âæ–@£s#c´G"âVVVâW76&“³Cƒƒ·vvW—VÆ–çF”BæÖ–Âæ–@£s#s´FçR7Wv&æó³##sƒs·V¦“S7bæ÷&p£s#ƒ´F–âæ&&ã³Cc##s¶v7GWF”BçvV"æ–@£s#“µ6'&’WFÖ³scsC¶æ‡WFvÇVæt–†öòæ6öĞ£s3µ&–æ’F&–†÷&ã³s“3ƒ#¶FÖ“†÷FÖ–Âæ6öĞ£s3µ"â–‡6âÆW7F&“³#“ƒS¶&¶–F–ç&F—FvÖ–Âæ6öĞ£s3#´6v—6F’¦çV#³3S3#¶ÇV¶—FS–†öòæ6öĞ£s33´ÆVÖ&‚Ö†VæG&ÂÒä³³CcC#·&W7F–†6æ„BææW@£s3C´G"âv7F’Ö&F†—–‚ÂÒä³³ƒ#“¶æ¦ÓdW'VÒæÖ–À£s3SµFv²âÖ'–çFò–öÆæF³ss3s#¶·&¦6W'VÒæv÷`£s3c´GBâÇVÇWBÖ'–F“³s“c#¶VF“S4–†öòæ6öĞ£s3s´¶&–Öâv6æ³CƒcC·v–¦–çF–VÖäW'VÒæFW6æ–@£s3ƒ´ÖVÆ–æF¦çV#³scƒ“¶FS“$†÷FÖ–Âæ6öĞ£s3“´ævv&–6—GVÖ÷&æs³sƒ““¶'Fc$†÷FÖ–Âæ6öĞ£sC´væF†6æƒ³“3#ss¶†·W7væF&”–†öòæ6öĞ£sC¶G&râ¦—¦’&7GWF“³ƒc“ƒ·6Föæ÷v&F–7bç66‚æ–@£sC#´´‚âf—&ÖâÆ·6Ö—vF’Â2åBã³s3“s·&–†æÆW7F&”vÖ–Âæ6öĞ£sC3µ&6WG–6–†öÖ&–ærÂ2åC³S#scc¶æG&–æ—&–æ”–†öòæ6öĞ£sCC´×V†ÖÖBæ6†—'VFF–ã³“c#·v–F–7GWF–VGv&D–†öòæ6öĞ£sCS´vÖâ†Æ–Ó³3css¶†'F¶stBæÖ–Âæ–@£sCc´6–ö&VÆÆ†7GWF“³#S3S·&7GWF–¦–ÖäW'VÒæ2æ–@£sCs´öÆ—f–·W7VÖòÂÒäf&Ó³Sc¶—S„BæFW6æ–@£sCƒµF—F’W'vçF“³“ƒ“C¶Vv6FöæôBævòæ–@£sC“´ÖÆ–²&F–çFó³CScƒ¶·&æ÷vôW'VÒæFW6æ–@£sSµVÖ’f&–F³s3#C¶†7FW&ÖFvÖ–Âæ6öĞ£sS¶G&râ—W7VbÆ·6—FÂ2ä’ä¶öÓ³#S““3¶†'FF–æ&F”BææW@£sS#´vvF’7W'–öæó³Ss#¶6Væv¶Ã#W'VÒæ2æ–@£sS3µWG&’&FÖÂ2å6“³“cSS·f–ÖãƒDvÖ–Âæ6öĞ£sSCµ"äÒâ†Æ–Òævw&–æ’ÂÒåD’ã³C#“#·7W6çF–æ÷f”W'VÒçvV"æ–@£sSS´ÖÆ–¶W––æƒ³sƒcS¶'VF—–çFö¦–ÖDBçöçW2æ–@£sSc´æ’7V'F–æ“³ƒ“#cC·&F–¶BçvV"æ–@£sSsµ"âG&¦B&†—RÂ2äRä“³S3s3s·&Öçv–FöFô–†öòæ6öĞ£sSƒµVÖ"‡WFV³3ƒs¶gW––æ„vÖ–Âæ6öĞ£sS“µ&–æ†&—–ƒ³ƒ#3“¶&Fæ†÷FÖ–Âæ6öĞ£sc´ævv&–v‡—VF–ã³sccc¶7GWF–¶'FW'VÒæ6òæ–@£sc´æ–ÆÒÆ§V&F“³ƒ3ƒs¶‡ævW7GT†÷FÖ–Âæ6öĞ£sc#´ÖÆf—&Öç7–ƒ³cC#¶6V×ÇVæ³cvÖ–Âæ6öĞ£sc3´v&F6WF–vã³C“ƒ#¶v†76æ„VBæ2æ–@£scCµWG&’&¶6Â2åBã³c#·6WG&FVF”7bæ6òæ–@£scS´F6–â†'–çFó³C“s3“·†Ö†W7v&BææW@£sccµ–öæòf—&vçF÷&òÂ2åBã³33ƒ#¶æÖ†W7v&VBæFW6æ–@£scs´VÆ—6&ÖFã³ƒ#Cƒ¶æ7––†'F†÷FÖ–Âæ6öĞ£scƒ´FÆ–Ö×W7Föf³“ƒS·7W6çF–æöÔVBæ6öĞ£sc“´ÇV—2v–FöFó³S#¶Æ§V&F—&Öä†÷FÖ–Âæ6öĞ£ss´G"âÖ†F’Ö'–F“³ƒSs·6·W&æ–vä†÷FÖ–Âæ6öĞ£ss´6‡–çFò&†–Öƒ³s3cs·–ÖãcTBæv÷`£ss#´—"âf—G&–'VF–Öã³ƒs“S¶Ö'Fæ“dBæ&—¢æ–@£ss3µ&†—R†–F–C³S“ƒ“ƒ¶FÖ¦F&–†÷&äW'VÒævòæ–@£ssC´¦æR§VÆ–¶³c3ƒƒc¶†6æ‡6&”Bæ&—¢æ–@£ssS´F—&&÷vó³“cƒCƒ·W––æ‡6–ÖöäVBç66‚æ–@£ssc´¦W76–6§VÆ¶&æ–ã³Cƒc¶–æ—GWVÇT7bæ6öĞ£sss´FÆ–Öâ6Æ‡VF–ã³3ƒ33¶æ÷fW7—F–†öòæ6öĞ£ssƒ´—"â6&¶6Föæó³3ƒs“¶F&Öã#”†÷FÖ–Âæ6öĞ£ss“´—"âG&–6–æG6—"ÂÒä³³3#ƒ“c¶6vW'WG&W'VÒæ2æ–@£sƒ´æ—–v6–†÷Fæs³C“¶77W'–FÖ”†÷FÖ–Âæ6öĞ£sƒ´6GW&ævvv–¦–ÂÒä¶öÒã³#c3C¶Ö'–æ”W'VÒçvV"æ–@£sƒ#´&vöæòÆ·6—F³sƒCCƒ·v‡—VF–çfç–†÷FÖ–Âæ6öĞ£sƒ3´†¢âFæ–v–&÷vòÂ2ä‚ã³“#C·&†æF–æ”†÷FÖ–Âæ6öĞ£sƒC´VÇf–âW'vçF“³SC“C“·WFÖ–6‡–ô–†öòæ6öĞ£sƒSµf–ç6Vâ6WF–vã³Csƒc·§v6—FVBæ–@£sƒc´F×R‡WFvÇVæs³sSCss·¦¦–Ææ”Bæ6öĞ£sƒs´WfÖ–6&’ÂÒäf&Ó³Ccs¶F–Ö3#†÷FÖ–Âæ6öĞ£sƒƒ´Ö–FÖ†W7v&ÂÒä¶öÒã³CcC#¶VÖ7v–¦–VBæ6öĞ£sƒ“´æ÷f’W6F³S#3ƒc·&W7F–f—&vçF÷&ôvÖ–Âæ6öĞ£s“´Ö–6†VÆÆR—VÆ–'F’Â2åBã³sC“S¶¶&VæÖ'VætBæFW6æ–@£s“µ6¶v–&—6öæó³ƒCƒ“·W&¦6–†öòæ6öĞ£s“#´—"â6Æ–Ö‚†æF–æ’ÂÒä¶öÒã³3##·6–†öÖ&–ævÖ”†÷FÖ–Âæ6öĞ£s“3´´‚â&æ&6—GVÖ÷&ærÂ2å6“³3“ƒ·&¦FW'VÒæ&—¢æ–@£s“C´´‚âÆVvv6—GVÖ÷&æs³C3SS¶Ö'–F—VÆ–äBææW@£s“S´FWf’&¶6³scs¶ævw&–vææ”7bæ2æ–@£s“cµv'FW6Öƒ³3C·FVf–·&6WG––†öòæ6öĞ£s“s´‚â'6—G&v–æ'6–‚Â2åBã³sSSs·6'&–æ3dvÖ–Âæ6öĞ£s“ƒµ&F–‚&æ÷vó³“c#s¶Ö†VæG&v–ÖävÖ–Âæ6öĞ£s““µ&Ö—F§VÆ–¶³sScsS¶†7GWF–çVw&†Bç66‚æ–@£ƒµVÖ"‡WF6ö—C³3CS#·f–·F÷&×VÇ–æ”Bæ6òæ–@£ƒ´–æ†&–&“³ƒ“ƒ“·7W'F—v”–†öòæ6öĞ£ƒ#´6–çF†'FF“³3“cc¶v–Öçv7GWF”Bæ÷&p£ƒ3µFv²âæ7F6–v–&÷vòÂ2åC³3CS#·6×7VÃ$–†öòæ6öĞ£ƒC´†æ’v6¶—FÂÒä³³##¶Ö&'VçWFÖ–†öòæ6öĞ£ƒSµ7V6’6—Fö×VÃ³s“Cƒs¶Væ'F”VBæ2æ–@£ƒc´¶&¦6–†÷FærÂ2å6÷3³c“S“3¶F'VææG6—$–†öòæ6öĞ£ƒs´ÆÖ—&F&–†÷&ã³ƒ3S¶&æ&CtBçöçW2æ–@£ƒƒ´6¶WB†'FF“³##C3#¶væFWv†'–çF”†÷FÖ–Âæ6öĞ£ƒ“´v&&¶6³cC3ƒ¶æ÷f—F6&—&W¦vÖ–Âæ6öĞ£ƒµ"äâ–F&–öv³#“S¶Ö&3#T†÷FÖ–Âæ6öĞ£ƒ¶G"â¶6—–‚6f—G&’Â2å6“³3S¶6†æG&ÖVÆævÖ–Âæ6öĞ£ƒ#µ"äÒâæ6"&F—FÂ2ä‚ã³sCS3S¶¦–ÃCVBævòæ–@£ƒ3´6·&&—&v6–†÷Fæs³Sƒ#s“¶ævw&–vävÖ–Âæ6öĞ£ƒC´F&Öâ×VÇ–æ“³3#3¶FçSd7bæ&—¢æ–@£ƒS´‚âfVv&FæÂ2ä¶öÓ³ƒsCƒƒ·6–Ö&öÆöævÆ–„–†öòæ6öĞ£ƒcµ"äâ¦VÆF&ÖFâÂ2äf&Ó³s#3SC¶FöFö†&–&”vÖ–Âæ6öĞ£ƒsµ&W7F’Ö'Væs³“3C¶Æ†6æ„†÷FÖ–Âæ6öĞ£ƒƒ´VÇf–æ6–æv³Cscƒ·&&v·W7væF&”vÖ–Âæ6öĞ£ƒ“´ÆæærW'F—v“³S“S·6—Fö×VÆFF”†÷FÖ–Âæ6öĞ£ƒ#´FWf’æ&&ã³“ccƒ¶VÇf–ãCdW'VÒævòæ–@£ƒ#´'FvâÆ·6Ö—vF“³3CCs#¶'ævW7GT–†öòæ6öĞ£ƒ##´¶–ÆF'V¶¶RÂ2ä¶öÓ³3sc¶ÇWv'W7—F†÷FÖ–Âæ6öĞ£ƒ#3´—"âFöæò&¶6Â2ä’ä¶öÓ³ƒ33C¶v†Æ—–F“3dvÖ–Âæ6öĞ£ƒ#CµFv²âW&÷&Ö&F†—–ƒ³CC3Cƒ¶G6—&Vv$BæÖ–À£ƒ#SµFöÖ’&Fæ³###¶Æ–Æ—v–F–7GWF”vÖ–Âæ6öĞ£ƒ#c´6·&'Væ¦–Ææ’ÂÒåD’ã³#3“ƒ¶Wv‡—Væ”†÷FÖ–Âæ6öĞ£ƒ#s´&WFæ–&&÷vòÂÒåD’ã³cƒCs¶F'V¶¶V¦Vg&”vÖ–Âæ6öĞ£ƒ#ƒµ&–æ–öÆæF³sS¶æ—F“d†÷FÖ–Âæ6öĞ£ƒ#“´W&÷&—7v‡—VF“³Cƒ“C¶¦vF–f—&Öç7–„W'VÒçvV"æ–@£ƒ3µ¦—¦’æ&&ã³ƒS¶–'VæçW&–æ”†÷FÖ–Âæ6öĞ£ƒ3´&æ6"&6WG–ÂÒäÒã³C##c3·F—&c4–†öòæ6öĞ£ƒ3#´¦'v’v–¦–³c##3¶—&F—v”VBçöçW2æ–@£ƒ33´¶Ö–F–âf—&vçF÷&ó³Sƒ#·—VÆ–æCTBæ6öĞ£ƒ3Cµ6öÆV‚†'–çF“³sCS¶‡7W6çF”vÖ–Âæ6öĞ£ƒ3S´—&Ö†W7v&³cC#·&F—FVÖäBææW@£ƒ3c´—"â—&fâ†&–&’ÂÒåD’ã³sƒCs#¶FÖæ–¶VF”7bæÖ–À£ƒ3s´6v²æ6†—'VFF–ã³3s#S¶§VÖ&–ÖæwVç6öæt†÷FÖ–Âæ6öĞ£ƒ3ƒ´Ö'vF¦çV#³“s¶Ææ7––F„VBææWBæ–@£ƒ3“µ¦VÆ–f—&Öç7–ƒ³Sc“s¶–Ç–7v‡—Væ”vÖ–Âæ6öĞ£ƒCµ&F–‚6—&Vv#³sSSsc¶Ö†W6v‡—VF–äBææW@£ƒCµ6f–æv‡—VF–ã³3s“sS¶×W7FöfW6F–†öòæ6öĞ£ƒC#´G"â¶–Æ·W&æ–vâÂ2åC³CC¶†&¦óƒTW'VÒæ2æ–@£ƒC3´–fö·Ff–æ“³ƒscS·v–&÷v÷v'6BæÖ–Âæ–@£ƒCC´'–6v–¦–çF“³S3ƒC¶wW7F–æ6v´–†öòæ6öĞ£ƒCSµFv²â¦¶gV¦–F’ÂÒäÒã³#Cƒ“¶Æ'V†Ö†W7v&7bçöçW2æ–@£ƒCc´G"â·VçF†&F×V&öÆöâÂÒä¶öÒã³Cs#“c·&†ÖvF”vÖ–Âæ6öĞ£ƒCsµWF’¶Ö–Æ7Wv&æòÂ2ä’ä¶öÓ³#3C3¶ÇFÖ&VBæ–@£ƒCƒ´6æG&¶çF'–æ“³ƒ“S¶¶—&csVBæv÷`£ƒC“´¦W76–66—GVÖ÷&æs³c3“s·–·W7VÖôvÖ–Âæ6öĞ£ƒS´´‚â6·F’ævw&–vã³ƒƒ“S·¦Ö&F†—–„W'VÒæ×’æ–@£ƒS´ÆVvÖ'–F“³3S“S¶·Væ6&st–†öòæ6öĞ£ƒS#´G"â—'vâWFÖÂÒäf&Ó³“33ƒ·&Ö–6&”vÖ–Âæ6öĞ£ƒS3´&VÆÆÖVÆæ’Â2ä•³ƒƒS“·G&–6–“vÖ–Âæ6öĞ£ƒSCµ"âF–â7V'F–æ’Â2äf&Ó³Sƒƒcƒ¶æ'F–&Ö&æt†÷FÖ–Âæ6öĞ£ƒSS´–¶‡6âv7GWF’Â2äw£³cƒcC¶·W&æ–vç&–æ7bæ&—¢æ–@£ƒScµF–&Öç7W#³#3Ss¶6×Væ–·W7VÖô†÷FÖ–Âæ6öĞ£ƒSs´6—G&†6æ‚Â2åBã³cscc¶Æ·6Ö—vF–¦ö¶ôBæ2æ–@£ƒSƒ´G"â6–gVÂævW7GRÂ2ä•³Cs“c·&7GWF–ÇV‡VætBææWBæ–@£ƒS“µ"äâ¶Ö&–6–†öÖ&–æs³ssC3C¶¦'vF“3„–†öòæ6öĞ£ƒc´†¢â—R&¦F³sCS¶†&–&—WFÖBææW@£ƒcµ"äâ6–æG’æÖvÂ2åC³#SsS·&&÷vö¶7VætvÖ–Âæ6öĞ£ƒc#´æFÆ–v–æ&æó³SƒC·Fæ–3Bç66‚æ–@£ƒc3´&VÆÆFÖ&³#c#c¶væw6&¦–Ææ”†÷FÖ–Âæ6öĞ£ƒcC´6VÖWF’W'vçF“³3#SC#¶F'FöæóC„VBæ×’æ–@£ƒcS´&¶–F’†'–çFó³ssƒsc·v7GWF”W'VÒæVGP£ƒcc´6v²Ö'–F“³SCs3·f–öÆWG6&v–„vÖ–Âæ6öĞ£ƒcs´'VF’æ&&ã³“ƒ¶&·F—WFÖ”Bæ–ç@£ƒcƒµf–æò‡WF6ö—C³sc#“c¶¶ö·Ff–æ”†÷FÖ–Âæ6öĞ£ƒc“µ6·W&wVævâÂ2åC³3SC#“·W–³s”vÖ–Âæ6öĞ£ƒsµ"äâ¶&–Ö‚'–æ“³Cƒ3#c·&FVã3d–†öòæ6öĞ£ƒs´´‚âÖ&væ·W7væF&“³#Sƒ·g&&÷vôvÖ–Âæ6öĞ£ƒs#´¶V—6†Ö–6&“³“3SS“·6'&–Föæv÷&ä7bçöçW2æ–@£ƒs3µ&†Ö’6Föæó³#ƒC3·g&—–çF”W'VÒæFW6æ–@£ƒsCµVÆ–âæ¦×VF–ã³“cC¶6v¶Æ§V&F”VBæ–@£ƒsSµFÖ’v–&—6öæòÂ2ä’ä¶öÓ³3·–Ö&'VäW'VÒæ–@£ƒsc´G"â†æ’wVæ'FòÂ2ä¶VC³c##c¶×6–†÷FætvÖ–Âæ6öĞ£ƒss´Ææærævw&–æ’Â2äRã³“SSCc¶ÇV‡Væv·W6ÖvF”Bæ6òæ–@£ƒsƒ´6ÖF’æÖv³C3ƒ“¶×F†×&–ä7bæ÷&p£ƒs“¶G&râ6–ö&VÆÆ6WG&ÂÒåC³3“Ssc·‡ævW7GTBæv÷`£ƒƒ´¶Ö&–&†—S³“SCS¶vFöæv÷&ä7bææW@£ƒƒµ&Ö—F†'–çF’ÂÒä³³ƒsc#·&†—VFçV¦vÖ–Âæ6öĞ£ƒƒ#´Æ–¶7GWF“³ƒSc¶§6f—G&”Bæ6öĞ£ƒƒ3´ö·FòæG&–æ“³CcsSC¶¦–F“#”VBæ÷"æ–@£ƒƒCµv&¦’æG&–æ“³C3S¶Æ6Ööæ÷6VgVÆÆ„†÷FÖ–Âæ6öĞ£ƒƒSµf–æò†'–çF“³#“cƒ¶†Ö–Ö†'–çFô7bæ&—¢æ–@£ƒƒcµ&–ævÇW–ó³cCS¶çW––æ„vÖ–Âæ6öĞ£ƒƒs´v&æræ&&ã³#cƒ“#¶Föæv÷&çFÖ”†÷FÖ–Âæ6öĞ£ƒƒƒ´væW2WFÖ³3CC¶¶&Öææ&&äBæ÷&p£ƒƒ“µ6G–6WG&Â2äRã³sSs·&F—v–ÆÖ$W'VÒææW@£ƒ“´FWf’§VÆ–¶³3ƒCCc·v–&—6öæö–'&†–Ô†÷FÖ–Âæ6öĞ£ƒ“´¶&F’‡WFvÇVæs³#S#·v–F–7GWF—G&”vÖ–Âæ6öĞ£ƒ“#´æ&F’×VÇ–æ“³Ss3¶†Æ·6—FW'VÒævòæ–@£ƒ“3µ&6†VÂ&&÷vó³SCC¶·ævW7GT–†öòæ6öĞ£ƒ“C´¶'F–¶Öç7W#³cCS·6'&–æ¦×VF–ä†÷FÖ–Âæ6öĞ£ƒ“S´†¢âF–â†–F–C³s“3SC¶öÆ—f–S„–†öòæ6öĞ£ƒ“cµ"â6·&&—&væ–ævvöÆã³“S#¶ÖæwVç6öæw6Ç6&–Æ†÷FÖ–Âæ6öĞ£ƒ“sµ&–†â&¦6³sƒƒ·v&¦“cD†÷FÖ–Âæ6öĞ£ƒ“ƒ´×W7Föfæ'F“³s#C3#¶FÖ¦Æ7G&”†÷FÖ–Âæ6öĞ£ƒ““µæ¦’6—GVÖ÷&ærÂÒåD’ã³Sƒ3·VF“$vÖ–Âæ6öĞ£“µF—F–âæ7––ƒ³3Cc¶¶6—–‡6VgVÆÆ„–†öòæ6öĞ£“´¦7vF’6WG&³c3c¶Ö'VævF–äBæVGP£“#´VÆÖFÖ&³3s3#S·§VÆ¶&æ–çVÖ”VBævòæ–@£“3´¦ÆV6—&—BÂ2ä’ä¶öÓ³Ssc3ƒ·††æF–æ”–†öòæ6öĞ£“C´—R&†–Öƒ³C3C3C·F×V&öÆöæÆ6ÖçFôvÖ–Âæ6öĞ£“Sµ7WFâ¶7W7&–öÆæFÂ2ä•³ƒ#Cƒc¶ÆçVw&ö†ôW'VÒæ÷&p£“c´¶&VâG&–ç7–‚Â2åBã³CSsSc·v–G–s„†÷FÖ–Âæ6öĞ£“s´†¢âVæF‚æÖv³#ƒc#¶Ö&–DW'VÒçvV"æ–@£“ƒ´—"âF&Ö¦’&F–çFòÂ2ä¶VC³ccƒC·6Ö&'Vä†÷FÖ–Âæ6öĞ£““´FöFòf&–F³S#cCc¶–¶·W7væF&”Bæ×’æ–@£“´—"â¦F’·W6ÖvF“³Sƒ3ƒ¶æÆ#S”Bæ÷&p£“µ¦Ö—&6f—G&“³#cƒs¶FÖ·W6ÖvF”W'VÒæFW6æ–@£“#´Æ6ÖçFò×VÇ–æ“³ƒSCCƒ¶æ'F—vF”7bæ&—¢æ–@£“3µ&†—Ræ÷f—F6&’Â2åBã³Scƒc#·v&F–3†÷FÖ–Âæ6öĞ£“C´f—G&–‡WF6ö—BÂ2åC³#33·§6—F÷'W4Bæ2æ–@£“S´ÆÆ6–†÷FærÂ2åC³3sSS·f†&—–„†÷FÖ–Âæ6öĞ£“cµVÆ’†¶–Ó³sCC3s¶WwVÆæF&”–†öòæ6öĞ£“s´÷6¶"æ7––Fƒ³CƒC“#¶FÖ&–†öòæ6öĞ£“ƒ´‡VÖ—&æ÷f—F6&“³“c#Cc¶Æ·6Ö—vF–Æ–Öä7bçvV"æ–@£““´vÖ&Æær7Wv&æó³S“3“C¶¶v–s„†÷FÖ–Âæ6öĞ£“#´¦6Öæ’æ7––Fƒ³Sƒ#S¶F–ƒC”7bæ6òæ–@£“#´6VÖWF’6çF÷6òÂÒäÒã³ƒcƒ3¶¶ö¶ós4vÖ–Âæ6öĞ£“##µv–G–v–FöFó³3ƒƒ“·6—F÷'W6væFW'VÒævòæ–@£“#3´vVçFæ7––Fƒ³#C33C¶vÆ'6Æ‡VF–ä7bæ6öĞ£“#CµVævwVÂæ—GWVÇS³3CS3S¶†6æ†¦7vF”vÖ–Âæ6öĞ£“#S´¦6Ö–âÖ&'VâÂÒåD’ã³ƒ“s3·77W'–FÖ”BææW@£“#c´vÆ–‚W76&“³ssSs¶æG6—'–övvÖ–Âæ6öĞ£“#s´ÖÖâW––æ‚ÂÒäf&Ó³ƒS“·–‡–ƒ7bæ÷"æ–@£“#ƒ´7WBfF†öæ‚&FæÂ2ä•³CƒCs·6&“S„7bæFW6æ–@£“#“µ&–ÖWG&³cScc·¦Ö—&6f—G&”†÷FÖ–Âæ6öĞ£“3´F†–&¦Ö&F†—–ƒ³Sƒs·&†—VÖ†gVD7bæFW6æ–@£“3´&¶–F–â7W6çF’Â2å6÷3³s#3CS¶6æG&'VF—–çFô–†öòæ6öĞ£“3#´G'2â6†¶–Æ×VÇ–æ’Â2äRã³ƒ“##·¦Væ#SDVBæ×’æ–@£“33´´‚âF–¶‡WFV³3#C·6—GVÖ÷&ævGv”Bæ–@£“3C´V×ÇV²W6Öƒ³#Ccs¶–fG&–ç7–„†÷FÖ–Âæ6öĞ£“3S´ÇWvW2&&÷vòÂ2åBã³SC#¶Æ†6æ„vÖ–Âæ6öĞ£“3c´‚âFçRÖæF6&’Â2äf&Ó³ƒ##CS¶Ö·W7væF&”Bævòæ–@£“3sµ"äÒâ6G–çVw&ö†òÂ2ä•³#“·F—'F–6TW'VÒææWBæ–@£“3ƒµ"äÒâ¦–F’Ö'–F“³3ƒƒC“¶¶·W&æ–väVBææWBæ–@£“3“µ–÷6VbF'V¶¶S³CS¶FöFó“dvÖ–Âæ6öĞ£“C´vvF’7GWF“³c3c·f–æó#T–†öòæ6öĞ£“C´‡VÖ—&†–F–C³ƒS·¦Væ#vÖ–Âæ6öĞ£“C#´GBâ&—2ÆGWöæòÂ2äf&Ó³#sCC·f–·F÷'&6WG–†÷FÖ–Âæ6öĞ£“C3µ7W'–ÖçVÆÆæs³S#SS·FVf–¶—7v‡—VF”Bæ÷&p£“CCµBâ&&§VÆ–¶Â2äRä“³#3c“c¶Æ†Æ–Ö„†÷FÖ–Âæ6öĞ£“CS´V¦6—&Vv#³33ss¶Æ6ÖçF÷&—–çF”–†öòæ6öĞ£“Cc´G"â¦VÆ–ævW7GS³3s#¶vGVƒvÖ–Âæ6öĞ£“Cs¶G"â&·F–F’v‡—VF–âÂÒäÒã³##cc·fVv#tW'VÒæ–ç@£“CƒµF—&&†—S³“3s·VÖ—&FæVBæÖ–À£“C“´6Æ&çW&–æ“³3ƒS#ƒ¶ÖçVw&ö†ô7bæ6òæ–@£“S´GBâf–ç6Vâ6Ö÷6—"ÂÒäÒã³s#¶6‡–&FÖ–†öòæ6öĞ£“S´ÖÆ–²v7GWF’ÂÒåC³“#3·&&7W'–öæôvÖ–Âæ6öĞ£“S#µVÆ’wW7F–æ³ƒc3#¶f&–F6·&vÆVBæ2æ–@£“S3µF—&6&v–ƒ³SC3·gv–¦–Bæ&—¢æ–@£“SCµ"äÒâ6¶v–¦–çF“³S“““ƒ¶6Væv¶ÆFöæv÷&ä–†öòæ6öĞ£“SS´æævw&–æ’Â2äRä“³CCCC·&6†VÃ3T–†öòæ6öĞ£“Scµ—Væ—FFÖæ–³³333ƒc¶vÖ&ÆæwVF¦–7GWF”Bæ–ç@£“Ss´G'2âv&ær&67F³33C¶Wv–æ&æô–†öòæ6öĞ£“Sƒµv—&&67F³SS“·v–&÷vö6–æG”VBæ&—¢æ–@£“S“´æ7'VÆÆ‚7GWF’Â2ä¶öÓ³3cS#¶¶'6æS†÷FÖ–Âæ6öĞ£“cµ¦Æ–æG&FÖæ–³³sSc3¶çW&F—–çF—F–&BæÖ–À£“cµFv²â†6âÖVÆæ’Â2å6“³csƒC¶‡v–æ'6–„Bæ÷"æ–@£“c#´Ö'7VF’&FÖ³“3“c#·&W7F—W––æ„Bævòæ–@£“c3´FvVÂ†¶–Ó³#c#¶6V×ÇVæ·v–¦–†÷FÖ–Âæ6öĞ£“cCµBâ¶&æ6WF–vã³#C3s3·¦ÆW7F&”vÖ–Âæ6öĞ£“cS´†'Fæ&¦F³S3#¶F†¶–Ô7bæFW6æ–@£“cc´Ö†W6†–F–C³SSc3¶ÖæFÆ&&vvÖ–Âæ6öĞ£“csµ¦Væ"6WG&³s#s3#¶6Æ§V&F”–†öòæ6öĞ£“cƒµ6f–æF'V¶¶S³C3s3·6–Öæ§VçF´W'VÒæ&—¢æ–@£“c“´´‚â'–6W––æ‚Â2ä•³Sƒ““c¶7GWF–æ—–vvÖ–Âæ6öĞ£“s´6‡–çFòÆ7G&“³ƒ#CC¶FçV¦W'vçF”vÖ–Âæ6öĞ£“s´Ö&–æ'F’Â2ä•³Cƒ3cs·v–æ&æö¶'6W'VÒæ÷&p£“s#´†W7F’—&vã³ƒ3““ƒ·6WG–wVæväVBæÖ–À£“s3´Ö'Fææ¦×VF–ã³#c3¶—'6Cs4vÖ–Âæ6öĞ£“sC´v–ÆFvÇW–ó³##Cs¶†¶–Ö·Væ6&–†öòæ6öĞ£“sS´VÖâ×W7Föf³sSsSƒ¶ÆGWöæ÷FçG&”vÖ–Âæ6öĞ£“sc´G"âVÇf–æf—&Öç7–ƒ³C#ƒ“C·WFÖ¦6Ö–äBævòæ–@£“ssµ7WFâ6–ÖöâW&ÖF³#“Sc¶f&–F'VF”–†öòæ6öĞ£“sƒ´¶6—–‚æ'F“³#“c“¶&Æævv„BçvV"æ–@£“s“´6÷&æVÆ–6FöæòÂÒä³³C#3#ƒ·&W¦6VgVÆÆ„W'VÒæ÷"æ–@£“ƒ´6Æ–¦â&ÖFã³ccƒ“·F†&–&”VBæv÷`£“ƒ´†'6–†&–&“³CS3c¶'W7—F7bæÖ–Âæ–@£“ƒ#´Ææær–öÆæFÂ2å6÷3³3cs3“·WG&6×Væ”–†öòæ6öĞ£“ƒ3µG&–6–wW7F–æ³cSc¶–†7GWF”VBææWBæ–@£“ƒCµ6–Çf–·W6ÖvF“³#3C“#¶¶VÖ&ƒT7bææW@£“ƒSµ†ææÖæFÆ³cƒsSc·6f—G&–Æ7v”VBæ×’æ–@£“ƒc´—&Ö&Fæ³ssC¶–6†6–Öæ§VçF´†÷FÖ–Âæ6öĞ£“ƒs´6Ö–çFòÖ'–F“³cs3“S¶VæG&æ¦×VF–ä†÷FÖ–Âæ6öĞ£“ƒƒµv&F’†7GWF“³3ssƒ¶F6W'F—v”†÷FÖ–Âæ6öĞ£“ƒ“´F–¶&·W7v÷–òÂ2ä¶VC³CcCS·6WG–3†÷FÖ–Âæ6öĞ£““´V¶†Æ–Ö‚Â2ä¶VC³cS#c·FVFG——Væ–$W'VÒæ–ç@£““´—"âæ–ÆÒW6Öƒ³“#s“¶ÇW&‡W#S$–†öòæ6öĞ£““#µBâ†&F’†&–&’Â2åBã³S3cc¶vFCBæÖ–Âæ–@£““3µ"äâVÖ’v–&÷vòÂÒäÒã³cs3ƒ¶ÆçF#$VBç66‚æ–@£““C´Fæær†&F–ç7–ƒ³ƒ#c“¶–æF‡6—&—DW'VÒæ&—¢æ–@£““S´GBâÖæ‚W&ÖFÂ2äf&Ó³c3#CC¶†&FæcW'VÒæ÷&p£““c´væFçW&F—–çF“³C3SƒC·6–Ö&öÆöç'W6ÖäW'VÒç66‚æ–@£““sµ6·W&&Fæ³ƒsCƒ¶–'&†–×&F—v”W'VÒæ÷"æ–@£““ƒ´–â·W&æ–vã³“ƒ#ƒ¶G—VÆ–çF”vÖ–Âæ6öĞ£“““µ¦‡&ÖæF6&“³3s3“#¶f—&väBæ2æ–@£#´F–Ö2ævw&–vã³3“Cs#·wVÆæF&–ÆVÖ&„–†öòæ6öĞ£#´—'6Bö·Ff–æ“³SC#s“·6Ç6&–Æ3„BçvV"æ–@£##µ"âWG&’ÖæwVç6öærÂ2äRã³CSS3ƒ¶VÖVÆæ”Bæ–@£#3¶G"âW7F–öæò6FöæòÂ2ä¶öÓ³SscC“¶fæ'F”†÷FÖ–Âæ6öĞ£#C´6¶WB×VÇ–æ’Â2äf&Ó³SCC¶Ö'vF“4vÖ–Âæ6öĞ£#Sµ&—2æ–ævvöÆã³ƒƒS·¦†¶–ÔBçöçW2æ–@£#c´vGV‚—Væ–#³SS3ƒ¶·6–Öæ§VçF´VBæVGP£#sµ"äâæF–æRÆ7G&“³C3C·v–æ&æövFæt†÷FÖ–Âæ6öĞ£#ƒ´Æ–çFær6Æ‡VF–ã³ƒc#3¶Væ–ævvöÆä7bæÖ–Âæ–@£#“´6†VÇ6VÖ†VæG&³ƒS¶F&ÖçFóƒ4W'VÒæ2æ–@£#µ7WFâ×V†ÖÖB6çF÷6òÂÒä³³S#ƒ3¶–Ç–3CD–†öòæ6öĞ£#µfW&ÖVvçF&³sƒ¶·W7v÷–ö&¶FvÖ–Âæ6öĞ£##´—"âv†æ’WFÖ“³SC“¶FF&67FvÖ–Âæ6öĞ£#3µ"â—&–æ&F—F³#ƒ3ƒC¶F&Öæ&FÖ–†öòæ6öĞ£#C´´‚âÖ'7VF’vÇW–òÂÒä¶öÒã³s3S3¶&Æ–F–çævW7GT†÷FÖ–Âæ6öĞ£#S´—"â&¶÷6W'F—v’Â2ä’ä¶öÓ³cƒƒ¶f·W7væF&”†÷FÖ–Âæ6öĞ£#c´÷†VÆ–Öç7W"Â2ä¶öÓ³cC“¶¦ÆVWv—4Bæ–ç@£#s´—"â×VÇ–öæò6–Öæ§VçF²Â2åC³#s“3·†æ¦×VF–ä–†öòæ6öĞ£#ƒ´´‚âvÇW"f&–FÂÒåC³3“Ss¶6Æ–¦æÖ'–F”7bæv÷`£#“´‚â6·&&—&v6–Ö&öÆöâÂ2åC³c#s3·&æ÷vöVÖ4–†öòæ6öĞ£##´†æ’ÖVvçF&³S¶'VF—–çFô7bæ÷"æ–@£##´vvF’wVævã³Sƒccƒ·v–¦–çF”7bæFW6æ–@£###µVæ¦æ’ÖVvçF&³c“S¶÷&F—v”†÷FÖ–Âæ6öĞ£##3´–'&æ’·W7væF&’ÂÒä¶öÒã³3ccS·6–†÷FævÇWFfäW'VÒçvV"æ–@£##Cµ–æ6Rf—&Öç7–ƒ³ƒƒC“·6–Öæ§VçF¶W7F–öæôBæ×’æ–@£##S´×V§W"æ÷f—F6&“³3ScS·6FöæöF'Föæô†÷FÖ–Âæ6öĞ£##cµF–Ö'VÂ&FÖ³C3ƒs¶6&6WG–ôBæFW6æ–@£##s´¶&–Ö‚6—GVÖ÷&æs³cƒ3C¶FÖç7W$–†öòæ6öĞ£##ƒ´6–ö&VÆÆ¦çV#³SCs·—Væ–&Wf–†öòæ6öĞ£##“´FRW&ÖF³Sƒ3C#¶FW6VgVÆÆ„W'VÒæ6öĞ£#3µæ¦’†&F–ç7–ƒ³CS¶F&Öã“d–†öòæ6öĞ£#3´—"â&VÆ–æF'–æ’ÂÒä¶öÒã³Ssc¶†g6†ƒS4†÷FÖ–Âæ6öĞ£#3#µF—F’F&–†÷&ã³“3Sss¶Æ·6Ö—vF–vGV„†÷FÖ–Âæ6öĞ£#33µ"â6Çv&6WG–ó³s#C#S¶vÇVƒsT†÷FÖ–Âæ6öĞ£#3C´÷â7W'–FÖ“³SS3Cc·¦‡WFvÇVætBçvV"æ–@£#3Sµ"äâVÆÆv–æ'6–‚Â2äRã³SC3ƒ¶FÖæ–·&F—G–†÷FÖ–Âæ6öĞ£#3c´¶—&bÖæFÆ³c#ƒ“c·v6¶—FW'VÒæ–@£#3s´G"â¶&–Ö‚†6æ‚Â2ä¶öÓ³Ss“¶ÖÆ–¶C–†öòæ6öĞ£#3ƒµ"äâ¦Vær¦–Ææ“³3SScS·v&F“S4†÷FÖ–Âæ6öĞ£#3“´VÖ2&F—v“³ƒ#““·&æ7––„vÖ–Âæ6öĞ£#Cµ&–¶W6F³ƒc¶ævw&–æ–&—4vÖ–Âæ6öĞ£#C´×W'6—Ff—&vçF÷&ó³S3SC¶&VÆÆ3„†÷FÖ–Âæ6öĞ£#C#µ&Ö—FÖ†VæG&³S“ss¶vÖçF÷—VÆ–'F”7bæv÷`£#C3´VÆ’7Wv&æó³S#Sc·‡6çF÷6ô†÷FÖ–Âæ6öĞ£#CC´¦æWBçVw&ö†ó³cssƒC¶'W76&”–†öòæ6öĞ£#CS´6æG&—&vã³S3#Cƒ·&7GWF—6'&–æVBæVGP£#Cc´G'2â–æ6—Fö×VÂÂ2äRä“³#C3##·&W7F“7bæ2æ–@£#Cs´§VÆ–Æ7G&“³cƒC3¶×VÇ–çFö†'–çFôvÖ–Âæ6öĞ£#Cƒ´¦'vÖVÆæÂ2åC³3“CCs¶¶ö¶öÖ–6&”†÷FÖ–Âæ6öĞ£#C“´6—'væF&¦F³cƒ#ƒ·&6†VÆæ–ævvöÆäW'VÒææW@£#S´ÇV¶—F6–Ö&öÆöâÂ2åC³Ss3C·F&–†÷&ç&—¦¶”W'VÒæv÷`£#S¶G"âF–Ö2çW&–æ“³CC““c¶v·W6ÖvF”BæÖ–Âæ–@£#S#´æF–&7GWF“³#c3¶†'6çF÷v–F–7GWF”VBæ6òæ–@£#S3´¶–Æv6¶—F³cƒ3·7&F—FBçöçW2æ–@£#SCµ7WFâ&–—Fæ&7GWF“³s#33¶·W7v÷–ö&·F–çFô†÷FÖ–Âæ6öĞ£#SSµ'W6Öâ&7GWF’Â2ä•³C“s¶¦–ÖãS$Bæ6òæ–@£#Sc¶G&râf—G&–æ’WFÖ“³CƒS¶V×ÇV³cdW'VÒæ6öĞ£#Ss´ÆVò·W7v÷–ó³sS3ƒ·6–Ö&öÆöçFVwV„W'VÒæ2æ–@£#Sƒ¶G"âVÇf–â6çF÷6ó³C““·v–FöF÷f–ç6VäVBæFW6æ–@£#S“µ–†æF–æ“³3SSC¶'–æ—6¶BæFW6æ–@£#c´¶—Vâ&F—v“³SƒC#¶Ö'Fæ#†÷FÖ–Âæ6öĞ£#c´6†VÇ6V6–†÷Fæs³“3cs·&6WG–öÖÆ–¶vÖ–Âæ6öĞ£#c#µ&—66f—G&“³ƒsSCƒ¶–Ö&'VäW'VÒæ6öĞ£#c3´VÖ–âwW7F–æ³““Sƒc¶Æ·6Ö—vF–&VÆÆ†÷FÖ–Âæ6öĞ£#cC´Ö–ÆævW7GS³“S3c“·v¦–Ææ”vÖ–Âæ6öĞ£#cSµ&W7GRf—&vçF÷&ó³s#“·W6Fv'&–VÆÆBææWBæ–@£#cc´Ö†W6Ö†W7v&³3c“3C¶æ—Fv–FöFôBævòæ–@£#cs´6Ö–çFòv–¦–çF“³Cc·W7—F&—4Bæ÷"æ–@£#cƒ´Ö'vF—7v‡—VF“³#“S“¶¶Æ·6—FBçöçW2æ–@£#c“µ"äâF–‚wW7F–æÂ2åC³s#Cƒ¶†76æ„VBæ÷"æ–@£#s´G'2â–æ6—GVÖ÷&ærÂ2ä•³ccc·&¶÷6ævw&–æ”–†öòæ6öĞ£#sµ"äÒâ&V·6&6WG–òÂ2ä•³cCc#s·FÖVÆæ”BçöçW2æ–@£#s#µfæW6†6æƒ³#S3“·¦—¦“ƒ7bævòæ–@£#s3µWG&’Ö&'Vã³c33“¶væFS4W'VÒæVGP£#sC´¶&–Ö‚6—&Vv"ÂÒåC³sƒsCC¶&†Æ–Ö„–†öòæ6öĞ£#sS´6·&vÆv–FöFó³cSsss¶FF“#TVBæ÷"æ–@£#scµBâÖ&–F’&Fæ³ƒS“S¶F–æFBæ2æ–@£#ss¶G"â¦–öæòf&–F³33##·6Æ‡VF–çfæW67bæ×’æ–@£#sƒ´7WB–æ’7GWF’Â2ä¶VC³c“·&&v&—–çF”†÷FÖ–Âæ6öĞ£#s“´—"âf&‡Vææ—6v–¦–³#“s·WWCs–†öòæ6öĞ£#ƒ´æ¦Ò×VÇ–æ“³ccsc·7Wv&æö'Fvä†÷FÖ–Âæ6öĞ£#ƒ´ÆVò&FÖ³“CcC#·G&–6–4VBææWBæ–@£#ƒ#µ6–Çf–7W6çF“³ƒcsƒƒ¶Æ·6—Fæ6$vÖ–Âæ6öĞ£#ƒ3´†¢âVÖ’v6—F³“Css“¶6GW&ævv6çF÷6ôvÖ–Âæ6öĞ£#ƒCµ–W76’F×V&öÆöâÂÒä¶öÒã³ccs#¶æ¦×&6WG–BæFW6æ–@£#ƒS¶G"âÖ'Fæ’ÖVÆæÂ2äf&Ó³CcSs¶÷6¶&‡WFVW'VÒæ6öĞ£#ƒcµ"â§VÆf×W7Föf³C“cc¶gV¦–F–W&÷&†÷FÖ–Âæ6öĞ£#ƒs´VçFVærW76&“³ƒSƒc¶ÖÆ–·&†—T–†öòæ6öĞ£#ƒƒ´G"â–F×VÇ–æ“³cC““ƒ¶æ7––††VæG&”7bæ÷"æ–@£#ƒ“´ævv&–6–æv³#ƒ3“3·6VgVÆÆ†ÇW&‡W$BçvV"æ–@£#“µWF’VÆÖW'F—v’ÂÒä¶öÒã³ƒsss¶&·F–öæóƒtVBæ2æ–@£#“´v–ÆF§VÆ–¶³ƒc33¶v&cD7bæ÷"æ–@£#“#´G'2âÖ'F¶æ6†—'VFF–ã³C““·wVÆç6—&Vv$W'VÒæÖ–Âæ–@£#“3µ"âVÖ–âæG6—#³cc##¶'–6C4BææW@£#“CµWF’F—F–â&F–çFó³S“s¶Æ†7GWF”–†öòæ6öĞ£#“Sµ&–†â&†—S³SCcsƒ·W6F&æv”vÖ–Âæ6öĞ£#“c´6×Væ’‡WFV³“S3#C·FÖ6&—7V6”Bæ–@£#“s´—"âFÖ’v–F–7GWF“³#3“C¶g6—Fö×VÄW'VÒææWBæ–@£#“ƒµ–÷6Vb†7GWF’Â2å6“³sSc““¶æG&–æ—FVFG”†÷FÖ–Âæ6öĞ£#““µ&—6ÆGWöæó³cƒ3C¶†&¦÷v–æ&æôvÖ–Âæ6öĞ£#´GBâÆ7v’6—F÷'W2Â2ä’ä¶öÓ³SCSC¶–'&†–Ó“tVBææW@£#µ"äâF—F–âÆ§V&F“³#S“ƒƒ·v·W6ÖvF”†÷FÖ–Âæ6öĞ£##µ"äâÖ–FW&ÖF’Â2ä’ä¶öÓ³ƒƒ#ƒ¶6–çF†–6f—G&”7bæ&—¢æ–@£#3´G"âæ÷f’Föæv÷&âÂÒåC³3SC“¶G&67F†÷FÖ–Âæ6öĞ£#Cµfç–ÆW7F&’Â2ä¶VC³C“c“¶†'–çFövÆ–öæô†÷FÖ–Âæ6öĞ£#S´–'&æ’v‡—Væ“³#cƒ·&F–¶†'–çF”VBæFW6æ–@£#c´†¢âFæ–wVævã³#“C“c·W&ÖF&ævvÖ–Âæ6öĞ£#s´F–‚×W7Föf³“SCC¶F&–¦æ†'–çF”W'VÒæ6öĞ£#ƒ´&Ö&ær&6WG–ó³##C#·6ÇvF×V&öÆöäBæ6öĞ£#“´G'2â†Ö–ÖÖæwVç6öærÂ2å6“³##s·—VÆ–'F–†'FôBçöçW2æ–@£#µ"â&F–‚æ÷f—F6&“³3scC¶'FvãƒD†÷FÖ–Âæ6öĞ£#´¶'6æÖæFÆÂ2å6“³Ccƒ#“¶Ö'Væv†VæG&”–†öòæ6öĞ£##µ&–æ’v6æ³“S3S·6Föæö—&–æ†÷FÖ–Âæ6öĞ£#3µf–ç6VâF†×&–ã³““#s3¶‡VÖ—&gV¦–F”VBæ&—¢æ–@£#Cµv&F’æ&&ã³Cs“C¶×W7FöffVvW'VÒæ&—¢æ–@£#Sµ6×7VÂWFÖ³3“c#ƒ¶—–öÆæF†÷FÖ–Âæ6öĞ£#c¶G"â–övW'F—v’Â2åC³3CCSƒ¶VÆ“TvÖ–Âæ6öĞ£#s´6vW"çVw&ö†ó³33·&¶÷6#4†÷FÖ–Âæ6öĞ£#ƒ´¦–Ö–â¦çV#³“ƒ“C·v6æ&F–„W'VÒæ–@£#“´¶&–Ö‚wVæ'Fó³ss3“¶–çW&F—–çF”BæFW6æ–@£##µ—Væ’†6æƒ³#3C3“¶F&–¦ææ6†—'VFF–äW'VÒæv÷`£##µ–‡–wVæ'Fó³ƒ“##S·6–Ööã34–†öòæ6öĞ£###¶G"âf—&ÖâVF¦–7GWF’ÂÒä¶öÒã³ƒ3ƒ“#·v6¶—FFçTW'VÒæ÷&p£##3¶G&râÆÆ6–Ö&öÆöâÂÒåC³cƒC3¶†7Ft†÷FÖ–Âæ6öĞ£##Cµ7WFâvæw6&F–çFòÂ2å6“³SC“C¶–ÖÖÖVÆæ”7bæ÷"æ–@£##SµfW&òFÖ6&“³3ƒ#“¶Æ·W7VÖô†÷FÖ–Âæ6öĞ£##c´G"â§VÆ–†&F–ç7–ƒ³“#S“ƒ¶¶–æG&4–†öòæ6öĞ£##s´—"â¶Ö–F–âFÖ6&’Â2äRã³ƒ“C#“¶¦'v–ÖVvçF&–†öòæ6öĞ£##ƒ´F–æ6–†÷Fæs³#Cs3·§VÆfsDvÖ–Âæ6öĞ£##“´¶6—–‚·W7VÖòÂ2äw£³C“Sc¶6¶WGW&ÖF†÷FÖ–Âæ6öĞ£#3µ"äâV6†—F6–†öÖ&–æs³SsS·‡&–övBæ&—¢æ–@£#3´væw66—Fö×VÃ³sƒ3ƒ“·6ÆÖWGv‡—Væ”vÖ–Âæ6öĞ£#3#µ–‡–æÖv³ƒs“c¶—7–ƒ#DBæ6öĞ£#33µ"âF–&†6æƒ³#Scc·W6F¦öæôW'VÒææW@£#3C´GBâ–‡–æ6†—'VFF–ã³3ƒss#¶×&67F7bæ6öĞ£#3S´7WBf—G&–†æF–æ“³#ƒ#ƒ¶&·F–F–ÖçVÆÆætBæÖ–À£#3cµ÷&’æÖv³3ƒ3Sc¶6V×ÇVæ·v–¦–çF”–†öòæ6öĞ£#3sµævW&â‡WFV³““ss·†'–çF”BçvV"æ–@£#3ƒ´G"âF—&–öÆæF³#“Ss¶ÆævvVæs”W'VÒæ&—¢æ–@£#3“´7WBÖ–ÆçW&–æ“³3#c·W7—FVBæ–ç@£#C´†¢âvæ’×W7Föf³#“sc·v‡—S#d–†öòæ6öĞ£#C´vÆærv–¦–çF“³s3“S¶‡6WF–väW'VÒæv÷`£#C#´6÷&æVÆ–Föæv÷&ã³3ƒS#C¶'6VgVÆÆ„W'VÒææW@£#C3´æ÷fW'F—v“³ƒC¶6VÖæ“s$–†öòæ6öĞ£#CCµ–&ÖFã³#c#C¶F'Föæö‡WFvÇVætW'VÒæ×’æ–@£#CSµ&–æ’v–¦–³#C#·6G–6—GVÖ÷&æt†÷FÖ–Âæ6öĞ£#CcµFv²â†Ö–Ö6–†öÖ&–ærÂÒä¶öÒã³ƒ3S¶—&–æ†&—–„Bæ6öĞ£#Cs´÷Vær7Wv&æòÂ2ä¶öÓ³sCss¶Wf—VÆ–'F”BæFW6æ–@£#Cƒ´F&–¦â&¦6³3ƒs¶‡§VÆ–¶†÷FÖ–Âæ6öĞ£#C“´¦–æv’f—&Öç7–ƒ³ƒCC#¶¦–æv–Öç7W$W'VÒç66‚æ–@£#S´G'2âVÆÖv–&÷vòÂÒäÒã³#“ƒ“S·v'6„VBæVGP£#SµBâ†'6çFò†7GWF“³c“S#s·§6Föæô7bæVGP£#S#µ&&v6çF÷6ó³“CSs·æ¦–·W7v÷–ôVBæ–@£#S3µFVwV‚—&vã³#sS3·f–·F÷#cd–†öòæ6öĞ£#SCµ6'&–æv–æ'6–ƒ³CSƒƒ¶æ—GWVÇV×V×Væ”vÖ–Âæ6öĞ£#SS´‚â–‡–·W7v÷–òÂ2äf&Ó³ƒ“#ƒ¶·6—GVÖ÷&æt–†öòæ6öĞ£#Sc´G"âFvVÂwVævâÂÒäÒã³Scs3C·7W'–FÖ”vÖ–Âæ6öĞ£#Ss´†¢âWG&’Æ·6Ö—vF“³3c3·fwW7F–æ†÷FÖ–Âæ6öĞ£#Sƒ´—&fâv–&÷vó³cC¶–æ&&ävÖ–Âæ6öĞ£#S“´6‡–F’æ&&âÂ2åBã³s#Cs“·–#DvÖ–Âæ6öĞ£#c´¦VærÖæwVç6öæs³c#CC¶¶Vç¦–SsDW'VÒæ–ç@£#cµ&6WG–ò—Væ–#³S3“s¶&Ö&æsCtVBæ6òæ–@£#c#µ"äâÖ–6†VÆÆR—7v‡—VF“³Ssƒ¶væw6·W7VÖô–†öòæ6öĞ£#c3µ&¶÷6†'–çFó³ssƒCC¶¶Ö&F†—–„vÖ–Âæ6öĞ£#cCµ6†æ–Æ–Æ6&“³s3S“·vF–†–F–DvÖ–Âæ6öĞ£#cS¶G"â¦&ÂÖ†W7v&ÂÒäf&Ó³sƒ“ƒ¶Æ–ÆW&ÖFVBçvV"æ–@£#cc´vÖ&Æær6—F÷'W3³“C#¶G&¦G&FÖW'VÒæ2æ–@£#csµF–&v–¦–çF“³“Ss3“¶Ö†VæG&×VÇ–öæô–†öòæ6öĞ£#cƒ´Ö¶&ÆW7F&“³S#s¶FÖ'6—GVÖ÷&ætVBçöçW2æ–@£#c“´–'Vâ6WF–vâÂÒäf&Ó³#sƒC·&æ÷vö¦W76–6VBæ×’æ–@£#s´¦6Öæ’ÖæF6&’ÂÒåD’ã³ƒc““¶&æ&×VÇ–æ”Bæ×’æ–@£#s´–'&æ’†'–çF“³#S·§VÆ¶&æ–ævÆæt†÷FÖ–Âæ6öĞ£#s#µF–Ö'VÂ†6æƒ³S“#“ƒ·F7v—&æ7––F„vÖ–Âæ6öĞ£#s3´W7F–öæò&6WG–³““cc¶æ—FctBæVGP£#sC´væFW&ÖF³s#c“·&–†ç—VÆ–çF”–†öòæ6öĞ£#sSµFv²âÖ–v‡—Væ“³ƒCSC#·æ6D–†öòæ6öĞ£#sc´–æF‚FÖ6&“³“Sƒƒ¶†'–çF–FÖVBæv÷`£#ss´×WF–—&vã³sCc“C¶Ö'–F–¶Ö–F–äBæÖ–À£#sƒµ"â¦vF’ÖVvçF&³cƒ3ƒ¶æ7––†&Æ–F–ä†÷FÖ–Âæ6öĞ£#s“´†6æ†æF–æ“³ƒCSƒ“·6—F÷'W7F–æ†÷FÖ–Âæ6öĞ£#ƒµ§VÆ–¶†&6WG–Â2äRã³C3c3S¶&ÖæwVç6öæt†÷FÖ–Âæ6öĞ£#ƒ´vçF"6Föæó³cssC¶¦ÖÆ–sT7bæ–@£#ƒ#´GBâ'VF’F&–†÷&ã³c#“¶Æ·W7væF&”Bæ6öĞ£#ƒ3´Æ–¶6VgVÆÆƒ³sc“s¶&†–Ö„–†öòæ6öĞ£#ƒC´´‚â6ÆÖâv7GWF“³Cc“¶&·W7v÷–ô†÷FÖ–Âæ6öĞ£#ƒS´¶&æÖVÆæ“³#c“3¶÷†VÆ–stBæ÷&p£#ƒc´†¢âVÆ’gV¦–F’ÂÒåD’ã³“s“S¶×&6WG–vÖ–Âæ6öĞ£#ƒs´–ægV¦–F“³“““¶¦'vF“3„–†öòæ6öĞ£#ƒƒµW–²&F–çFó³ƒccƒ¶w6VgVÆÆ„–†öòæ6öĞ£#ƒ“´6·&vÆ&¦F³c“ƒ“#·6Æ‡VF–æ6—'væF–†öòæ6öĞ£#“µFæ–'VF–Öã³“Cc“s¶—6Ö–ÆÖ†W7v&vÖ–Âæ6öĞ£#“µvæ’‡WFvÇVæs³Sc#¶v&çv6—F7bæ6öĞ£#“#´Ö'Fææ&&ã³Cc3#·f–·F÷&æG6—$BæFW6æ–@£#“3´æ&–Æ—&vâÂÒåC³cƒS“·§VÆ–¶6VÖWF”W'VÒæv÷`£#“C´æ§v6VgVÆÆƒ³ssCS·v–G–s4†÷FÖ–Âæ6öĞ£#“S´F—f—&vçF÷&ó³CƒsS¶¶æ“TVBæ6òæ–@£#“c´6÷&æVÆ–§VÆ–¶³##Sƒ·6—F÷'W6÷6¶$BçvV"æ–@£#“sµVÖ’¦çV"Â2äw£³cCƒC¶†G&–ç7–„VBæ–@£#“ƒµFv²âv'&–VÆÆ7V'F–æ“³3#SS·fçVw&ö†ô–†öòæ6öĞ£#““´—"â6Ö–‚wVæ'FòÂ2ä¶VC³s#“c·G&–6–S4Bæ2æ–@£##´ÖVÆ–§VÆ¶&æ–ã³“¶—&vç–öæôvÖ–Âæ6öĞ£##¶G&râÖ–†76æ‚ÂÒåD’ã³c“ƒ¶×6—&Vv$†÷FÖ–Âæ6öĞ£###µv–æFÖ'–F“³cƒ¶6·&&—&v$vÖ–Âæ6öĞ£##3µVÇ–†7GWF“³33c#s¶FöFö‡WF6ö—DBæÖ–Âæ–@£##C´6Væv¶Â6Föæó³#c#“#¶ç6–Ö&öÆöäBævòæ–@£##S´æ§v&Fæ³ƒC33ƒ¶¦–Ææ–¦FÖ–¶ô7bæ–ç@£##c´F–¶&f—&Öç7–ƒ³“CS“s¶vÆæsc„VBæ–@£##s´FR&Fæ³3#S#ƒ·&†–F–çFôVBæ6öĞ£##ƒ´–Ç–2Ö'–F’Â2ä¶öÓ³SS““3¶†æ÷f—F6&”–†öòæ6öĞ£##“µ6&"&æ÷vó³33cs·V¦–Öç7W$vÖ–Âæ6öĞ£##µFÖçVw&ö†ó³#CsSS¶¶—&cCDvÖ–Âæ6öĞ£##´&¶–Öâ6–†÷FærÂ2åBã³“CƒCs¶'§VÆ–¶VBæ÷"æ–@£###´Æ–Æ’6—Fö×VÃ³CS3S·†f&–FBæ6öĞ£##3¶G"â–¶&—–çF’Â2ä‚ã³“scƒ·ff—&vçF÷&ôvÖ–Âæ6öĞ£##C´ö·FòÆ7G&“³C3ƒ¶—'vãSBæ×’æ–@£##Sµ&W7F’'VF–Öã³ƒƒS“C¶'6—G&×W7Föf†÷FÖ–Âæ6öĞ£##c´×V§W"v–FöFó³c·&—–çF–¶¦Vä–†öòæ6öĞ£##sµ÷&’·W7væF&“³3s“3¶6Æ&æ'F”Bævòæ–@£##ƒ¶G"âvVçFÖæwVç6öæs³SSScC¶Æ–Æ6&—&'T–†öòæ6öĞ£##“¶G&râ&Ö—FWFÖ’ÂÒä¶öÒã³ƒ#ƒ·v‡—Væ—fW&ôvÖ–Âæ6öĞ£###¶G&râ–¶‡6â6Æ‡VF–ã³“#Ss“¶†W7F–FÖæ–´–†öòæ6öĞ£###´FWv’§VÆ–¶³ssSS¶§7V'F–æ”–†öòæ6öĞ£####¶G&râ6ÖâæÖvÂ2åC³##C¶—&vä–†öòæ6öĞ£###3µF6F–²×W7Föf³3#ss¶wv–æ'6–„–†öòæ6öĞ£###Cµ&W7GR&FæÂÒäÒã³Sƒ3s¶æ6†—'VFF–æÆæætW'VÒævòæ–@£###S´GBâ†'F¶æ¦×VF–âÂ2ä¶öÓ³cs#cC¶—6Ö–ÆÖ†VæG&†÷FÖ–Âæ6öĞ£###c´‚âVGv&B&¦6³cƒC¶–'&†–Ö'–æ”Bæ&—¢æ–@£###s´†&–×W'F’'VF—–çFó³cSsC¶¶VÖ&7GWF”vÖ–Âæ6öĞ£###ƒ´Æ–Ö"¦–Ææ“³33ƒCC¶¦æSƒ7bævòæ–@£###“´væw6æ—GWVÇS³SCc#·§&F—v”†÷FÖ–Âæ6öĞ£##3µVÆ–âv‡—VF–ã³“ƒ#Sc¶&Æ–¦çF†×&–ä†÷FÖ–Âæ6öĞ£##3µVÇfW6Öƒ³#3cC¶æ–ÆÓSd–†öòæ6öĞ£##3#´¦æR†&—–ƒ³Scsc·6†–F–D–†öòæ6öĞ£##33´æ7F6–7Wv&æó³s#s3ƒ¶‡v‡—VF–äW'VÒçvV"æ–@£##3C´W&÷&æ&&ã³“SSC3·6Çvs$vÖ–Âæ6öĞ£##3S´FWv’†'–çF’Â2ä¶VC³S#scƒ¶&wW6wVævä–†öòæ6öĞ£##3cµ&æF—VÆ–'F“³“Cs¶Ö'–F—wVÆäVBæÖ–Âæ–@£##3sµ–Öâ7VF–F“³cs3s“·VÆ–ãC$Bæ2æ–@£##3ƒ´GBâ–¶–âÖçVÆÆæs³ƒ3“C“·§VÆ¶&æ–æ—'vä7bæ–@£##3“´F6WFÖ³SSsc·—Væ–$–†öòæ6öĞ£##C´F†–&¦WG&Â2ä’ä¶öÓ³sƒ3#¶'F†×&–ä–†öòæ6öĞ£##CµVÆ–â6&v–ƒ³c3S¶V†æF–æ”–†öòæ6öĞ£##C#´F–¶v–&—6öæó³3#3C·–4–†öòæ6öĞ£##C3µ6'&–æ&&÷vó³Sc3¶F–æ#„†÷FÖ–Âæ6öĞ£##CC´G"â7væ’&F—v’Â2å6“³ƒƒ“3¶f&ƒ”VBæ6òæ–@£##CSµVVVâ7W'–FÖ’Â2äf&Ó³3Cƒs·f–æö†–F–çFôvÖ–Âæ6öĞ£##Cc´G'2âWWB6—&—BÂ2å6“³3cs3¶×W'vçF”–†öòæ6öĞ£##Cs´¶—&bÖ'–F“³ƒƒcc3¶—&7GWF”7bæÖ–À£##Cƒµ&6†VÂ†7GWF’ÂÒä³³s#S3¶¶VÖÃ“W'VÒææW@£##C“¶G&râf—f’Ö&F†—–ƒ³3ccS#·g&¶6†÷FÖ–Âæ6öĞ£##Sµ&†—R6Æ‡VF–ã³cs“·&F—v–¦–F”BçöçW2æ–@£##S´—"âÖ’†Æ–ÒÂ2ä’ä¶öÓ³c3ƒ#s¶Föæó#dBæ×’æ–@£##S#´VÇf–æFÖ6&“³ƒS“cS¶ç&¦F–†öòæ6öĞ£##S3µ&–Öv–¦–çF’Â2ä¶öÓ³C#ƒSƒ¶†76æ‡F—F–ä†÷FÖ–Âæ6öĞ£##SC´vÖ&—&&†ÖvF’Â2äRä“³#cc¶Ö'Væw6öÆV„BæÖ–Âæ–@£##SSµfç–v‡—VF–ã³“Ccs¶'VF—Wv—4†÷FÖ–Âæ6öĞ£##Sc¶G"â–W76’F&–†÷&ã³“S3·v–G–7W'–öæôvÖ–Âæ6öĞ£##Ss´—"âÇWFfâ6—&Vv"Â2å6“³sƒ3·VÆ“ƒdBæ6öĞ£##Sƒ´–¶–âæ¦×VF–ã³C333¶¶&F–f&–F–†öòæ6öĞ£##S“¶G&râFRwVæ'FòÂÒåD’ã³““s“·&6WG–ô–†öòæ6öĞ£##c¶G&râ6f–æ&6WG–ó³“3S“¶6v·v‡—Væ”–†öòæ6öĞ£##c´ÆÆ§VÆ¶&æ–ã³sss“¶—&–æ†'FF”BææWBæ–@£##c#´&VÆÆÆ7G&“³“333¶¶–æG&c4Bæ×’æ–@£##c3´æ÷f’—VÆ–çF’Â2äf&Ó³ScSS¶VÆÆDvÖ–Âæ6öĞ£##cC´¦VÆ—FæÖv³cCc#ƒ·'6–†öÖ&–æt–†öòæ6öĞ£##cSµFv²â¦–öæòF&–†÷&âÂ2ä•³“Sƒƒs·&æ÷vöÆÖ—&vÖ–Âæ6öĞ£##cc´ÖÆ·W6ÖvF“³S3sSƒ¶G&–ç7–†×VÇ–öæô7bæ÷"æ–@£##csµ§VÆf×W7FöfÂÒåC³Cƒƒ¶§7Wv&æô7bææW@£##cƒ´FR&†ÖvF“³ƒc3S¶æ—GWVÇWv—6çTvÖ–Âæ6öĞ£##c“´V¶6WG&³3#sƒ¶æ6'VF¦–7GWF”VBæ–@£##s´f—G&–æ’Æ·6Ö—vF’Â2åBã³CC“ƒs¶Vævw&–väBç66‚æ–@£##s´´‚â†W'–çFò—Væ–#³S#3·—§VÆ¶&æ–ä†÷FÖ–Âæ6öĞ£##s#´VÆ—6ÆGWöæó³ƒSS“#·&FÖ×VÇ–öæô–†öòæ6öĞ£##s3´æ7'VÆÆ‚†6æƒ³ƒscsS¶ÖæF6&–vÆ$–†öòæ6öĞ£##sC´Ö'–çFòÆ·6Ö—vF“³C“ss·–Ö'–F”BçvV"æ–@£##sS´G"âFWv’Ö'–F’Â2äRã³3#“3s·6–ævvÆ´7bçöçW2æ–@£##sc´Æ–Æ’—7v‡—VF“³““Ccƒ·&—–çF–ÇWFfäBæVGP£##ss¶G&râÆæ¦"Ö'–F’ÂÒåD’ã³Cƒ3cc·—VÆ–çF—6†æ–†÷FÖ–Âæ6öĞ£##sƒ´6‡–òæ'F“³cƒsS·&&·W&æ–vä–†öòæ6öĞ£##s“µ&Ö—FÆW7F&“³ScƒsC¶¶Ö&–'VF—–çFô–†öòæ6öĞ£##ƒ´v–æv–F–7GWF“³“#ƒc·6–ævæ–ÆÔVBæv÷`£##ƒ´´‚âÖ'6—FòW76&’Â2å6÷3³ƒ3#c·7V'F–æ—÷&”W'VÒæ6òæ–@£##ƒ#¶G"â†6â&†—RÂ2åBã³s“ƒƒ¶†VæG&“c”VBæ×’æ–@£##ƒ3´G'2â¦æRæÖv³ƒ“sCs¶¶&–Öãs4VBæ6öĞ£##ƒCµVæ¦æ’ÖçVÆÆæs³#c#C¶¦–Ö–ãSVBæVGP£##ƒS´§VÆ–Wv—2Â2äRä“³##cƒ3·v–¦–çF–vFæt–†öòæ6öĞ£##ƒc´Ö–6†VÆÆRv–æ'6–ƒ³C“3·—F†×&–ä†÷FÖ–Âæ6öĞ£##ƒsµFÖ’×W7FöfÂ2å6÷3³“Sƒ3C¶f—&vçF÷&ôBç66‚æ–@£##ƒƒµBâF—G–æG6—#³Cs3c·7V'F–æ–†6–ÔVBçöçW2æ–@£##ƒ“µ"äâVæ¦æ’—VÆ–çF“³SsC“3¶æ&–Æ†'FF”W'VÒçvV"æ–@£##“´7WBÖ’æ¦×VF–ã³#3¶F'6—&‡§VÆ¶&æ–äVBæ&—¢æ–@£##“´6–æG’7Wv&æó³SC#c¶FÖ¦·W7VÖô†÷FÖ–Âæ6öĞ£##“#´F–âÖæwVç6öæs³ƒ3Cs3¶—v–¦––†öòæ6öĞ£##“3´VÆÖ—VÆ–'F“³c3“3s¶–†&—–„†÷FÖ–Âæ6öĞ£##“C´7WB—VÆ–F&–†÷&ã³S33ƒ·W&ÖFF–„VBæÖ–À£##“S´†&¦ò·W6ÖvF’Â2äw£³3C3C¶FV†Æ–ÔvÖ–Âæ6öĞ£##“c´‚â6GW"†&—–ƒ³S“¶gv–F–7GWF”7bæ6öĞ£##“sµ&–æ†&–&“³“3ƒs¶ævv&–3tBæFW6æ–@£##“ƒ´&—2FÖ6&“³Sƒ3“·76&v–„VBæv÷`£##““´F–â6çF÷6ó³33ƒ3¶¦F—VF¦–7GWF”†÷FÖ–Âæ6öĞ£#3´6GW&ævvW&ÖF“³sc3¶6VÖWF““„BæÖ–Âæ–@£#3µWWBv–FöFòÂ2å6÷3³c“s#“¶†'6æW7—FVBævòæ–@£#3#µW–²&ÖFã³#SsS3¶F·W7væF&”7bæFW6æ–@£#33µBâF–¶æ6†—'VFF–ã³sC#c¶FÖ7W'–öæô†÷FÖ–Âæ6öĞ£#3C´‚âçVw&†ÖVÆæ’Â2äf&Ó³S#S#C¶WævW7GTW'VÒævòæ–@£#3Sµ&†Ö’·W&æ–vâÂ2äRã³S33ƒƒ¶FWf“3D7bæ6öĞ£#3cµFv²â¶ö¶òÖç7W#³3cccs·§&†ÖvF”vÖ–Âæ6öĞ£#3sµFv²âf—f’F†×&–ã³ss3“s¶vÆ##BæÖ–Âæ–@£#3ƒ´¦W76–6&†ÖvF“³S33¶æ†7GWF”†÷FÖ–Âæ6öĞ£#3“µ6WG–6&v–ƒ³33sƒ¶—&s–†öòæ6öĞ£#3´G'2âF–âÆ–Æ6&“³“sS¶vÖæFÆBæ6òæ–@£#3¶G"â¦Væ"v–&—6öæòÂ2åC³ƒ“ƒ3·W'F—v–VGv&DBæ÷"æ–@£#3#´GBâ¶&–ÖâwVæ'Fó³###s“·fVv3d–†öòæ6öĞ£#33µWF’6&’&†–Öƒ³#sc3“·7Wv&æ÷6&„†÷FÖ–Âæ6öĞ£#3CµFçG&’'VF—–çFòÂ2åBã³““cc¶¦¶C4†÷FÖ–Âæ6öĞ£#3SµFv²âöæ’7Wv&æó³CcS·&†—W¦—¦”vÖ–Âæ6öĞ£#3c´Ö'vF†&–&“³S3S¶FWv‡—VF–äBæ&—¢æ–@£#3sµ"â6Ö–‚&†–Ö‚Â2äf&Ó³ƒSƒ¶6–çF†–Föæv÷&ä–†öòæ6öĞ£#3ƒµ"äÒâ&6WG–ò&6WG–òÂ2äf&Ó³ScS·6–gVÆ·W&æ–vä–†öòæ6öĞ£#3“´—&Ö6–Ö&öÆöâÂÒåD’ã³scS·&æ7––„7bæ÷&p£#3#´´‚â†'Fò&¦FÂ2ä¶VC³“S3CC·–æ6V·W&æ–väBææWBæ–@£#3#µ&'Rv–æ'6–‚ÂÒä¶öÒã³#S#C¶ÆV÷WFÖBæ÷&p£#3##´6·&¦—–&&÷vó³Scƒ·FÖVÆæ7bævòæ–@£#3#3´&¶FgV¦–F“³ƒ3s¶F&–F“C4W'VÒæ&—¢æ–@£#3#Cµ6†¶–Æ6Föæó³SS3“·FVF“s”7bææWBæ–@£#3#S´G'2â÷†VÆ–wVævã³#3“c¶Gv“c4VBæ×’æ–@£#3#c´´‚â†&–×W'F’&F–çFòÂ2ä•³#sSƒ¶FææwÆ7G&”Bæ÷"æ–@£#3#sµFVfâ6—F÷'W2Â2äRä“³scƒ¶'–6†'–çFôW'VÒæ–@£#3#ƒ´væFWvÖç7W"Â2å6“³“3cS#¶&‡WFVvÖ–Âæ6öĞ£#3#“µfç–×VÇ–æ“³“sS¶†&—–‡G&”†÷FÖ–Âæ6öĞ£#33´¦æRwVÆæF&“³c33¶gV¦–F–†&”vÖ–Âæ6öĞ£#33µ¦Æ–æG&wVævã³CC·F†×&–æ†Æ–Ô7bæ÷"æ–@£#33#µ6&’&æ÷vòÂ2ä•³cC#3¶&æv“dvÖ–Âæ6öĞ£#333´Æ–G–7VF–F“³ƒsS¶F'VÖæF6&”†÷FÖ–Âæ6öĞ£#33C´vVçF‡WFV³##s#c¶ÆVvv$W'VÒçöçW2æ–@£#33S´–¶–âF'V¶¶S³#3s¶¶ö¶÷6—Fö×VÄ–†öòæ6öĞ£#33c´–æ'–æ“³sSC“3¶¶'6æwW7F–æBææW@£#33s´—&æçFògV¦–F“³SsC“·6–Öæ§VçF·'W6ÖäW'VÒæ×’æ–@£#33ƒ´G'2â6·W&&–öv³c“s#·6&“sVBææW@£#33“´Ö'–F’·W7væF&“³“ƒƒƒC¶¶Væ&—&†ÖvF”vÖ–Âæ6öĞ£#3Cµ6&"·W&æ–vâÂÒäf&Ó³ccs“ƒ¶VçFVæs4–†öòæ6öĞ£#3C´G'2â6—'vF†Æ–ÒÂ2å6“³“#cC3·VÇ–æ÷f—F6&”BææW@£#3C#´Ææ¦"&F–çFó³s“sS3¶6—'vF&7GWF”†÷FÖ–Âæ6öĞ£#3C3´6GW&ævvVF¦–7GWF“³s##3s¶Æ&3ƒd7bævòæ–@£#3CC¶G&râ¶'F–¶§VÆ¶&æ–ã³3c“¶¦VæwW&ÖF–†öòæ6öĞ£#3CS´†¢âVÆ’v–¦–³#3c“ƒ¶Ö'–æ”–†öòæ6öĞ£#3Cc´FöFòÆ–Æ6&“³Csss#¶æ6##DBæ2æ–@£#3Cs´†6âwVævâÂ2ä¶VC³“ƒs3¶†W'–çFóS4W'VÒæ÷&p£#3Cƒ´7WBVÆÆWFÖ“³s3ƒs¶vÆ–†Ö'VætvÖ–Âæ6öĞ£#3C“´7WB¦æR†Æ–Öƒ³C3#S·Wv—6Ö–×Væ„vÖ–Âæ6öĞ£#3S´vÇV‚W7—F³ƒ#3¶¶—VãsTvÖ–Âæ6öĞ£#3S¶G"âVÇ–7W'–öæó³3ss#c·g&FæBæÖ–À£#3S#´†'6–&†—S³ƒC#SC¶ævv&–—VÆ–'F”Bæ÷"æ–@£#3S3µW'vçFòÆ7G&’Â2åC³3cSƒ·†Ö'–F”–†öòæ6öĞ£#3SCµFv²âÆVvv7W'–FÖ“³“ƒ#·WG&¦ÆV†÷FÖ–Âæ6öĞ£#3SSµFÖ†&—–ƒ³s“C¶†'FF–'–6W'VÒææWBæ–@£#3Sc´—"â¶6—&âævw&–vâÂÒäÒã³SCS·v–¦–çF–6&ÆBæ&—¢æ–@£#3Ss´&vöæò6—&—C³“3Cƒ¶Væ—GWVÇT7bç66‚æ–@£#3Sƒ´÷â6—GVÖ÷&ærÂ2ä‚ã³c#S#·FVf–³ƒvÖ–Âæ6öĞ£#3S“´‚â¦'vF’ÖVÆæ³##Ss·6Ö÷6—&—fävÖ–Âæ6öĞ£#3c´FçV¦v–¦–³333““·&6WG–÷&6†VÄvÖ–Âæ6öĞ£#3c´Wf—&vã³ƒƒc¶f—&vçF÷&÷&F”†÷FÖ–Âæ6öĞ£#3c#µ—VÆ–v–&—6öæó³cCS3¶&wW3#Bæv÷`£#3c3µ7WFâ&‡W&·6—VÆ–çF“³SCS#·&–ÖÖ'–F”†÷FÖ–Âæ6öĞ£#3cC´6–ö&VÆÆ×W7Föf³ƒc3ƒ¶ÖæwVç6öæv6vW$vÖ–Âæ6öĞ£#3cSµ7WFâ¦FÖ–¶ò‡WF6ö—BÂ2ä¶öÓ³SCC¶vÇW&f—&vçF÷&ôVBçöçW2æ–@£#3cc´V¦æ–ævvöÆã³Cƒ#ƒ¶†×¦†G&–ç7–„vÖ–Âæ6öĞ£#3cs´¶&–ÖâwVÆæF&“³ƒ·6f—G&–&¶–ÖäVBæ–@£#3cƒµvÇW–ò×W7Föf³#s“ƒ¶†æF–æ–¶Ö&–†÷FÖ–Âæ6öĞ£#3c“´æ6–Ò6f—G&“³“cƒcS·6—F÷'W7§VÆ–¶†BææW@£#3s´6—G&wVÆæF&“³“Cƒ·v–&—6öæö†Æ–ÖvÖ–Âæ6öĞ£#3s´–ææ—GWVÇS³#3#¶¶6—–‡6f—G&”vÖ–Âæ6öĞ£#3s#´æ7F6–v6—FÂ2å6“³css3c¶Ö†gVF¦–Ææ”Bæ÷&p£#3s3´vF†Æ–Öƒ³ƒ“sC¶†'–çF––æG&BæVGP£#3sCµ7WFâ&ÆF’¦çV"ÂÒäf&Ó³c#c““¶fÖæwVç6öætBçvV"æ–@£#3sS´vvF’æ¦×VF–ã³3“s¶ö·F÷6—Fö×VÄ†÷FÖ–Âæ6öĞ£#3sc´&Æævv&–öv³S“·7Wv&æ÷¦—¦”†÷FÖ–Âæ6öĞ£#3ss¶G&râ6Çvævw&–vâÂÒåC³s##3s¶Ö–×Væƒƒ$–†öòæ6öĞ£#3sƒ´ÆævvVær7W'–FÖ“³SSƒcC·æ–ævvöÆä†÷FÖ–Âæ6öĞ£#3s“µ—Væ’¦çV"Â2ä¶öÓ³ƒƒ3¶VÇf–ç&†ÖvF”7bææW@£#3ƒµ"äâ&Ö—F&7GWF“³Sƒ33¶v–ÆFdBæÖ–Âæ–@£#3ƒ´6‡–çFòF×V&öÆöâÂ2åC³SƒC“¶ÇV¶Öæ¦–Ææ”–†öòæ6öĞ£#3ƒ#´Ö'–çFòæ&&ã³c#33¶væ–ævvöÆäW'VÒæ6öĞ£#3ƒ3´–æFÖ&³3“C3¶æG&–æ–ÆF–¶†÷FÖ–Âæ6öĞ£#3ƒCµ&–ææ–ævvöÆã³scƒƒ¶×v–æ'6–„vÖ–Âæ6öĞ£#3ƒS´G"â¦–F’&†–Öƒ³sƒ“ƒ¶¶&F“c4W'VÒævòæ–@£#3ƒcµVÆ–âæ–ævvöÆã³csƒ“3·&W¦&67FvÖ–Âæ6öĞ£#3ƒs´æFÆ–æÖvÂ2äRä“³CcCS#¶W&¦6W'VÒæ–ç@£#3ƒƒ´FÆ–Ö–âÖ'Væs³#3C“·WG&6G–†÷FÖ–Âæ6öĞ£#3ƒ“µ"âÆVòW6Ö‚Â2ä¶öÓ³“cs3·WFÖ¶'––†öòæ6öĞ£#3“´æ&F’§VÆ–¶Â2åC³sƒSƒs¶VÆÆ—3c–†öòæ6öĞ£#3“¶G"â6&ÆæG6—#³3cƒ#¶æ–ÆÓ#–†öòæ6öĞ£#3“#´ÖVÆ–7GWF“³C#ƒs¶ç6—GVÖ÷&æt–†öòæ6öĞ£#3“3´¶æ–6–†÷FærÂÒäf&Ó³c3s3¶V·W7VÖôVBæ÷"æ–@£#3“C´6–6’W76&“³##3ƒ·W&ÖF&6WG–Bæ2æ–@£#3“S´‚â¶'6æ¦×VF–âÂ2äf&Ó³#ssC·†'–æ”vÖ–Âæ6öĞ£#3“c¶G&râ¶¦Vâ6—&Vv#³“3#s·vvSS„VBææWBæ–@£#3“sµGVv–Öâ&—–çF“³ƒcsSƒ·–ÖVÆæ”†÷FÖ–Âæ6öĞ£#3“ƒ´G'2âÖ'FæwVævã³SƒsSs¶†æF–æ”VBæ–@£#3““´æW7—FÂ2ä‚ã³#“3¶¦Væv†76æ„W'VÒç66‚æ–@£#C´–çFâW&ÖF“³s#3¶†F—7V'F–æ”–†öòæ6öĞ£#Cµf–7F÷&–6WF–vâÂ2å6“³“Cs¶×&FÖ7bææWBæ–@£#C#´–æF‚—Væ–#³c“c“¶ævW7GTvÖ–Âæ6öĞ£#C3µBâ·Væ6&çW&–æ’Â2ä¶öÓ³scc¶6ÖF—6—F÷'W4BæFW6æ–@£#CC´—"â†W7F’f—&vçF÷&òÂÒä¶öÒã³cc“c¶‡WF6ö—D†÷FÖ–Âæ6öĞ£#CS´¶æ’&–övÂÒäf&Ó³S##ƒ¶¦f—&Öç7–„W'VÒç66‚æ–@£#Cc´¦v†–F–C³3Sc#·v¶–Öç–öÆæF7bæ–ç@£#Cs´&‡Wv—'–v6—F³“cS#c¶F'V¶¶V6–6”VBæ–ç@£#Cƒ´†¢â6†VÇ6VwVævâÂ2å6÷3³S#3cs·&6WG–ctvÖ–Âæ6öĞ£#C“´Ö–ÆW––æƒ³#33ƒS·VÇfv6—F†÷FÖ–Âæ6öĞ£#C´&VÆÆævw&–æ’ÂÒåC³ƒSSSs·v¶–Öã“W'VÒæv÷`£#Cµf—&ÖâW––æƒ³3c3“¶Ö‡WF6ö—D†÷FÖ–Âæ6öĞ£#C#´FvVÂW&ævF“³3SƒS¶Æ6ÖöæóT7bçvV"æ–@£#C3´G"â§VÆf†&F–ç7–‚Â2åBã³CƒSs¶¶—Vãƒ47bæFW6æ–@£#CCµ6·W&Æ7G&“³3s3s¶g6–†öÖ&–ætBæ&—¢æ–@£#CS´6÷&æVÆ–FÖæ–³³S#¶·W'F—v”†÷FÖ–Âæ6öĞ£#Cc´F–‚6VgVÆÆ‚Â2åC³#SS3S¶Ö&'Væ'FvävÖ–Âæ6öĞ£#Cs´v&v–F–7GWF“³Cs#ƒ3·G&–öv7bæ÷"æ–@£#Cƒ´6†VÇ6V6çF÷6òÂ2å6“³ƒSƒ¶öÆ—f–†–F–çFô–†öòæ6öĞ£#C“´‚âv—&&¦FÂÒåD’ã³3s3““¶Ö'–F–ÆÖ$vÖ–Âæ6öĞ£#C#µ"â6v—6F’†'FF“³#sSc¶†&–&–¦FÖ–¶ôVBæ×’æ–@£#C#´G'2â6ÆÖWBv‡—Væ’ÂÒäf&Ó³C“3s¶¶&Vã#$W'VÒæVGP£#C##´&WFæ–f—&vçF÷&ó³s“3s¶‡&FæW'VÒçvV"æ–@£#C#3µ6WF’§VÆ¶&æ–ã³Cs#C¶¦—7WG&VBæ÷"æ–@£#C#C´G'2âW7F–öæòf—&vçF÷&ó³“3ƒƒS¶¦öæó$†÷FÖ–Âæ6öĞ£#C#SµWG&’v6—F³CC¶¦†Æ–ÔvÖ–Âæ6öĞ£#C#c´×W7F–¶6VgVÆÆƒ³c“CS·6—F÷'W7&–æBæv÷`£#C#s´6—'væF7VF–F“³3cC·Gv–&—6öæôBæv÷`£#C#ƒ´§VÆ––öÆæF³3s“c·&æ÷vö&¶–¦ä†÷FÖ–Âæ6öĞ£#C#“¶G"âv7F’†&F–ç7–ƒ³“sS3·W6Ö†¦–F”W'VÒæ6öĞ£#C3µWF’Fæ–&FæÂ2ä‚ã³s#¶FÖæ–¶¶v6vÖ–Âæ6öĞ£#C3´&‡W&·66—F÷'W3³SSC“¶væF–ÖVÆæ–†öòæ6öĞ£#C3#µWG&’&¦F³ƒCsƒ¶g&¦67bçvV"æ–@£#C33µ"â6Æ&vÇW–ó³ccƒƒ·6&#CTVBæv÷`£#C3CµV6†—F&–öv³3ƒ#s¶&Ö'Væt†÷FÖ–Âæ6öĞ£#C3SµFæ–6WG&³cƒ·WG&“S4–†öòæ6öĞ£#C3cµFÆ–6WG&³ƒƒƒs¶†W7F“ƒ”†÷FÖ–Âæ6öĞ£#C3s´—'vâFÖ6&“³SCs¶Æ§V&F—fæW6–†öòæ6öĞ£#C3ƒ¶G&râöÆ—f‡WF6ö—BÂ2ä‚ã³“““¶w6Æ‡VF–ä†÷FÖ–Âæ6öĞ£#C3“µv'6—F†&–&’Â2ä¶VC³ScCs·v·W&æ–väBæv÷`£#CC´—&Ö&6WG–ó³ƒC#¶÷VæwW'F—v”BæÖ–Âæ–@£#CC¶G"â—Væ—F6—Fö×VÃ³#ssƒC¶Ö&'VæF67bæ×’æ–@£#CC#´†'6çFòF†×&–ã³Cƒƒ¶f·W6ÖvF”vÖ–Âæ6öĞ£#CC3´FÖ¦7W'–FÖ“³3C““¶&·F–çFö†6æ„vÖ–Âæ6öĞ£#CCCµ"â6Ö–çFòW6FÂ2ä•³S“Cƒ3¶¦–Væv†Æ–Ô†÷FÖ–Âæ6öĞ£#CCS´&·F–F’æ7––Fƒ³“3#SC¶7&¦FVBæ&—¢æ–@£#CCcµVÆ’v‡—Væ“³3c#Ss·–†Æ–Ô–†öòæ6öĞ£#CCs¶G"â—VÆ–v6¶—F³3sCS#¶¶7W7&“dVBæ÷"æ–@£#CCƒ´¶VæW2&&÷vó³S¶×W'F—v”–†öòæ6öĞ£#CC“´F&Ö¦’6—&—BÂ2ä•³##3“¶Ç&FæVBæ–ç@£#CS´–fv6—F³3cC“¶×VÇ–çF÷v‡—VF–äBævòæ–@£#CS´6–ö&VÆÆÖæF6&“³#Cc“C¶6÷&æVÆ–4†÷FÖ–Âæ6öĞ£#CS#´6v—6öæò&†–Öƒ³cc3¶7W'–FÖ”Bæ×’æ–@£#CS3µVVVâ6—Fö×VÂÂ2äw£³sCssc¶vÆæw&FÖ–†öòæ6öĞ£#CSC´6GW"v6—F³Scƒ3#·W'vçF–6·&¦—–BæFW6æ–@£#CSS´VÖ–ÂW––æƒ³3sƒ“¶–ÖÓc4Bç66‚æ–@£#CSc´vF'VF—–çFó³ƒ““S#¶F–vF–Öç7W$BæÖ–Âæ–@£#CSs´G'2â†–ÆFW––æƒ³“s“¶F'6—&††Æ–Ö„VBæ×’æ–@£#CSƒ´6Ö–çFòÖ'Væs³333CC¶Ö&–Cd7bæÖ–À£#CS“µBâ&æv’W76&’Â2äf&Ó³#““3¶çW&–æ—VÖ–W'VÒææW@£#Ccµ—VÆ–ÆGWöæó³sSSƒ·6Ö†VæG&vÖ–Âæ6öĞ£#Cc´G'2âF&ÖçFò6–Öæ§VçF³³s#ƒ¶'VF–Öæ†&”7bçöçW2æ–@£#Cc#´v7F’—Væ–"Â2åC³ss#C3¶6'V'&¦FvÖ–Âæ6öĞ£#Cc3µFæ–'–æ“³SƒSs#¶ÆÖ&F†—–„†÷FÖ–Âæ6öĞ£#CcC´æ–ÆÒFÖ&ÂÒåC³ƒƒSS·W73–†öòæ6öĞ£#CcS´F'–æ’wVÆæF&“³s3SSc·WFÖ¦W76–6–†öòæ6öĞ£#Cccµ6Ö–‚&6WG–òÂ2ä¶VC³ƒ#s“#·v6¶—F¶Æ†÷FÖ–Âæ6öĞ£#Ccs´—"âöæ’f&–FÂÒäf&Ó³3#Cc¶&·F–F“CBæ÷"æ–@£#Ccƒ´&VÆ–æFv6æÂ2ä¶öÓ³“#Sc·v–æ'6–†–Ç6VBæ–@£#Cc“´VÇf–ææ—GWVÇS³“c¶Vvævw&–vä–†öòæ6öĞ£#Cs´G'2âVF’v–&—6öæòÂ2äRã³s#3#¶VçFVæw7VF–F”–†öòæ6öĞ£#CsµfW&6–†÷Fæs³cSCc¶Vvv–¦–W'VÒæ–ç@£#Cs#´¶v–Wv—3³s#sSc¶'F6—Fö×VÄVBæ÷&p£#Cs3µ&6†VÂæ÷f—F6&“³c““c·WG&Vv–†öòæ6öĞ£#CsC´VÇf–æ6f—G&“³sS““¶Ö–FctvÖ–Âæ6öĞ£#CsS´6—'væFW6Öƒ³#c#¶¦–Ö–ç7V'F–æ”–†öòæ6öĞ£#Cscµ–W76’v–&—6öæó³cSSc·&Öçv6¶—FvÖ–Âæ6öĞ£#Cssµ&F—G–ævW7GRÂ2äf&Ó³ƒC#¶6wW7F–ævÖ–Âæ6öĞ£#CsƒµF—&†&—–ƒ³#ƒƒ3¶Ö'–F–6'V$†÷FÖ–Âæ6öĞ£#Cs“´G'2â†&FægV¦–F“³sC3·‡&¦6W'VÒæ÷"æ–@£#Cƒµ"â¶W¦–f—&Öç7–ƒ³cƒ“¶w&ÖFäBæ2æ–@£#Cƒ´öÖ"&†–Öƒ³“3ƒ¶æ§v3d†÷FÖ–Âæ6öĞ£#Cƒ#´&ævW&ÖF“³cS“·–wVæ'FôVBæ&—¢æ–@£#Cƒ3´–çFâv–æ&æòÂ2å6÷3³S¶gWG&†÷FÖ–Âæ6öĞ£#CƒCµ6—F’f—&vçF÷&ó³3cSCƒ¶¦&Ã“$VBæ÷&p£#CƒSµW&¶6W&ÖF³3“C·–öÆæF†&¦6W'VÒææW@£#Cƒcµ7WFâvÆær†Æ–Ö‚ÂÒåC³#“c·¦ævw&–vä†÷FÖ–Âæ6öĞ£#CƒsµFÖ’WFÖ³“ƒc#3·Æ7G&—6ÇvBævòæ–@£#Cƒƒ¶G&râ¶'6v–&—6öæó³“C3s·W7—FÆF–¶vÖ–Âæ6öĞ£#Cƒ“µWF’F–æv–æ'6–‚Â2å6÷3³#“sCc¶—&æçFöæ7––F„–†öòæ6öĞ£#C“´vÆ–‚ÖVÆæ’ÂÒä¶öÒã³sccS·Æ·6—FW'VÒæ2æ–@£#C“µ¦Æ–æG&—VÆ–çF“³Scƒ¶†Æ–Ö†v–Öä–†öòæ6öĞ£#C“#µ&6WG–ò&¶6³ƒc3ƒ·6ÖæFÆVBæ–ç@£#C“3´ÆVÖ&‚¦–Ææ“³Cƒs¶'6—&Vv$vÖ–Âæ6öĞ£#C“C´v–ÆFÖVvçF&³CC#s·WG&—W76&”7bæFW6æ–@£#C“S¶G&râ6–çF'–æ’Â2å6“³3sƒc¶Öç7W&VÆ—6–†öòæ6öĞ£#C“cµ&FVâÆ–Æ6&“³3s“ƒ¶7W6çF”†÷FÖ–Âæ6öĞ£#C“s´¦Vg&’&†ÖvF“³“s#3¶¦†7GWF”7bææWBæ–@£#C“ƒ´F–æÖVÆæ“³#cCƒS¶·W7VÖö&æv”†÷FÖ–Âæ6öĞ£#C““µVÆ–âW6F³“ƒ“s¶'&6WG–vÖ–Âæ6öĞ£#S´vÆ²&†ÖvF’Â2ä•³##“¶vÖ'–F”W'VÒæVGP£#S´F'6—&‚Föæv÷&ã³3c“3s¶—&ÖW&ÖF”†÷FÖ–Âæ6öĞ£#S#µ6·W&6WG&³“3ssƒ¶ÖgV¦–F”vÖ–Âæ6öĞ£#S3´GBâV¦6f—G&“³C3#S¶FöFó3D–†öòæ6öĞ£#SC´¦–ÖBG&–ç7–ƒ³3C#sc¶–‡6ãs„†÷FÖ–Âæ6öĞ£#SSµWF’FÖæ–³³s3sCƒ¶W&67F†÷FÖ–Âæ6öĞ£#Sc´–æ†Æ–Ö‚ÂÒäf&Ó³S3cC·&†—V†¶–Ô–†öòæ6öĞ£#Ss´6†æG&wW7F–æ³sSSƒs¶†'6–s„vÖ–Âæ6öĞ£#Sƒ´&‡W&·6v–æ'6–‚Â2å6“³#3s#¶†7GWF—6–F—W'VÒæ2æ–@£#S“µ"äâÆÖ—&gV¦–F“³ƒss¶¶Ö&Æ“CBæv÷`£#S´†¢â¦Æ–æG&&¶6³C#cƒS¶¦Ö–Ç&¦6vÖ–Âæ6öĞ£#Sµ–Öâ&æ÷vòÂ2åBã³ƒSCƒ¶öwVæväBæÖ–À£#S#µ&f’v6—F³3Sƒ¶æG&–æ–FWf”–†öòæ6öĞ£#S3´G'2âVÖ’†76æ‚Â2åBã³ƒ“Cƒ·F—F–ç&æ÷vôW'VÒç66‚æ–@£#SC´G'2âFÆ–Ö&F†—–ƒ³sSƒ#·&·W&æ–vä–†öòæ6öĞ£#SSµ&FVâFöæv÷&ã³C#“C¶6'V'v–¦–çF”W'VÒçvV"æ–@£#Scµv—&F6–†öÖ&–ærÂÒä¶öÒã³Cc3“s¶†6æ†æ÷f”VBæ6öĞ£#Ss´VÖ–âW&ævF“³#33S·F—F–ãƒD–†öòæ6öĞ£#Sƒµ6öÆV‚v‡—VF–ã³C3ƒ3¶†&¦–W6Ö„vÖ–Âæ6öĞ£#S“´—"â&†—R6–æv³s“#ƒ#¶†&F–ç7–†·W7VÖvÖ–Âæ6öĞ£#S#´¶—Vâ6Föæó³3“·v¶–ÖãCD7bæVGP£#S#µv—&FvÇW–ó³ScC3¶'FÖ&†÷FÖ–Âæ6öĞ£#S##´ç&–ÖÆ7G&“³ƒ“·¦Ö—&”vÖ–Âæ6öĞ£#S#3´F&–Ö–âFÖ6&“³sƒƒ“¶Æ·6Ö—vF–væF7bæ6òæ–@£#S#C´´‚âÆæ¦"çW&–æ’Â2äRã³scs¶FæG6—$BæÖ–Âæ–@£#S#Sµ&F—G–W6Öƒ³c3ƒ¶vÆ–ƒCBæ–ç@£#S#cµFv²â6'&’7VF–F“³Cƒƒƒ“·FÖæF6&”Bæ×’æ–@£#S#s´7WB¦ÆV6–Ö&öÆöã³CC“C#¶Ö'Væv&·F–F”VBæ6òæ–@£#S#ƒ´ÆÖ—&f&–F³Cƒs#·6–Öæ§VçF·WG&”W'VÒç66‚æ–@£#S#“µ"äâÆ–çFær&†—RÂÒåD’ã³“s“Cƒ·&FÖF&ÖæVBævòæ–@£#S3´vÆ²WG&³Cs““¶†&¦ócBæ×’æ–@£#S3µfW&&¶6Â2åC³ƒsS3“¶&‡W&·6‡WFvÇVætBæ×’æ–@£#S3#´G'2â6×7VÂ6–æv³s“3CS¶¶ÖVvçF&W'VÒævòæ–@£#S33´‚â§VÖF’&¦6³3sC#S¶×W7FöfwVæ'FôW'VÒævòæ–@£#S3C´¶&VâæG&–æ’Â2å6“³ƒcc#3¶†&Fæ7Wv&æô†÷FÖ–Âæ6öĞ£#S3S´væw6æÖv³ƒc““·Wv—6¶v6Bæ6òæ–@£#S3cµWG&’Ö†W7v&³S#¶‡W6FBæFW6æ–@£#S3sµ&–¶¦çV"Â2äw£³c“¶ÆÖ#“t–†öòæ6öĞ£#S3ƒ´—"â¶—Vâ7Wv&æòÂ2ä¶VC³C“#ƒ¶w&–öv–†öòæ6öĞ£#S3“´¦6Ö–â&7GWF“³333ƒƒ¶&FÖæ–´W'VÒæv÷`£#SC´ÇWF†f’v–&÷vó³C3Scc·ævW7GV¦'vBæ×’æ–@£#SCµ"âFÆ–Öæ7––ƒ³ƒCS3¶†'–çFö¦–Ö–äW'VÒæ÷&p£#SC#´ÆF–bævW7GS³SS3c¶gv–æ&æôvÖ–Âæ6öĞ£#SC3µ7WFâvæF’æ–ævvöÆâÂ2äRã³3CƒS¶Öç7W&VÆ”VBævòæ–@£#SCCµV¦’·W7VÖó³scc¶&ÆF—WG&vÖ–Âæ6öĞ£#SCS´æ&–Æv–¦–çF“³ƒc¶Ö&F–çFô†÷FÖ–Âæ6öĞ£#SCcµ¦Ö—&&æ÷vó³3ƒ3ƒ·G&–6–Ö'–F”W'VÒæ÷&p£#SCs´G'2âÖ–7V'F–æ“³“3ƒ·v–æF#TvÖ–Âæ6öĞ£#SCƒ´G'2âFWv’ævW7GRÂÒäÒã³sS3ƒ¶ÇVÇWFÖæF6&”Bæ×’æ–@£#SC“´G'2âö·F&†—S³s#“3s·W–¶æ7––„BæFW6æ–@£#SS´‡VÖ—&W6Öƒ³CSCC¶æÆ–Æ6&”BæVGP£#SS´FçV¦ævW7GS³S¶&vöæöçVw&ö†ôVBçvV"æ–@£#SS#´†&¦ò†¶–Ó³33S¶†&–×W'F“SDvÖ–Âæ6öĞ£#SS3´¶&VâÖç7W#³“S“sc¶Ç–öÆæFBæÖ–À£#SSC´¦–Ö–â6—GVÖ÷&æs³C3SC“·¦Æ·6Ö—vF”7bææW@£#SSS´Gv’6–æv³#“3s·&ævæG&–æ”–†öòæ6öĞ£#SScµ6–Çf–§VÆ¶&æ–ã³cC“C¶ö†76æ„–†öòæ6öĞ£#SSs´ÆF–¶‡WFvÇVæs³3CsS¶6æG&¶çFC„Bç66‚æ–@£#SSƒ´'FWG&³“c3C¶gFÖ&VBæFW6æ–@£#SS“´F–vF–ÖæF6&“³#CSc·&¦6¦'vVBæVGP£#Scµ7WFâFÖ"Æ§V&F’Â2åC³Scc¶f—&vçF÷&ö×WF–Bç66‚æ–@£#Sc´æ’ÖVÆæ“³C“ccc¶–Ö'Væt–†öòæ6öĞ£#Sc#´†¢â–çFâ6–†öÖ&–ærÂ2ä¶VC³ƒ#3ƒ·WFÖ¦ÆV7bæVGP£#Sc3´7WBWG&’·W7væF&“³sC“3·wVÆãc4Bæv÷`£#ScCµFv²âÇV—2&¦F³Sc3¶6æG&¶çFSTBæ×’æ–@£#ScS´&·F–F’f—&Öç7–ƒ³#c¶æ÷f–†&—–„–†öòæ6öĞ£#Scc´†'FòÆW7F&“³s33#¶F×Væ—GWVÇTvÖ–Âæ6öĞ£#Scsµ&Öâ6—&—C³CS#ƒ¶ÖÖæwVç6öætvÖ–Âæ6öĞ£#Scƒ´¦6Öæ’&&÷vó³#sc#¶VÇf–æ$W'VÒæ÷&p£#Sc“´†–ÆFÖ'VærÂÒäÒã³ƒƒSC¶æöÓS4vÖ–Âæ6öĞ£#Ssµ&6†VÂ†–F–C³““#Cc¶ö·FÖ'VætVBæv÷`£#Ss¶G&râÆ–Æ6—&—BÂÒåD’ã³s#c·wVÆæ‡WF6ö—DvÖ–Âæ6öĞ£#Ss#µF—'F–6v–¦–çF“³sSC·6&v–†vÖ&—&vÖ–Âæ6öĞ£#Ss3´Ö–Fv–FöFó³ƒCc¶¦–Ææ—FVF”VBæ–@£#SsC´G'2â6—G&v‡—Væ“³3“c·v6—F–fBæ6öĞ£#SsS´–F&&÷vó³Cs3#·w&æ÷vôvÖ–Âæ6öĞ£#Ssc´—&WG&³“S#“¶6Væv¶Ç6—F÷'W4VBçvV"æ–@£#SssµVÖ’ÆGWöæó³c3“¶Ç&F—FW'VÒæ6öĞ£#Ssƒ´¦'v’æG6—#³#3S#¶—&Öv–&—6öæôW'VÒæ÷"æ–@£#Ss“´G'2â&†Ö’æG6—"ÂÒåC³3Ss¶VÆöçv7GWF”VBæ6öĞ£#Sƒ´—"â6Æ&çW&–æ“³#cc¶&v6—&vä†÷FÖ–Âæ6öĞ£#SƒµwVÆâ†76æƒ³CssS“·F6æ–×6–Öæ§VçF´W'VÒæ&—¢æ–@£#Sƒ#µ¦Væ"v–&—6öæó³“S3“C·v‡—VF–æ6‡–vÖ–Âæ6öĞ£#Sƒ3´VÇV‚§VÆ¶&æ–ã³sƒC“¶ÆV÷&¦FBææW@£#SƒC´´‚âÖÆ–²'–æ’Â2åC³c3¶¶V—6††'–çF”W'VÒæ÷"æ–@£#SƒSµ&–æÖæFÆ³SC“·&÷6Öæ†&F–ç7–„–†öòæ6öĞ£#Sƒc´†–Övâ–öÆæF³“3““·f†&—–„–†öòæ6öĞ£#SƒsµVÇ–†7GWF“³“c““¶ÆVvt–†öòæ6öĞ£#Sƒƒµf–öÆWBf&–F³“C3#·'6—F÷'W4vÖ–Âæ6öĞ£#Sƒ“µBâÇV¶ÖâÆ7G&“³Scc“C¶çW&F—–çF–¶v–7bæVGP£#S“´ÖÆf&–F³s#s¶öÖææ7––F„†÷FÖ–Âæ6öĞ£#S“´ÆVò†&–&“³sc¶VF–çW&F—–çF”vÖ–Âæ6öĞ£#S“#´–¶Ö&F†—–ƒ³“3Cƒ·v‡—VF–æ–6†7bæ6öĞ£#S“3µ7–‡&–æ’&æ÷vó³ƒSc·&6WG–÷VÇ–7bæFW6æ–@£#S“Cµ"äâ÷†VÆ–wVÆæF&“³c“““3¶F6s7bæ2æ–@£#S“SµG&’æ÷f—F6&“³“csc#·v–&—6öæ÷FVfäW'VÒæ6òæ–@£#S“c´ÆVò—VÆ–'F“³Ssƒ#C·7Wv&æ÷VÖ”–†öòæ6öĞ£#S“s´¶W¦–6çF÷6ó³““Cs·W&ÖF––¶BææW@£#S“ƒµFv²â6—'vFæ÷f—F6&’Â2åC³ƒ#“C#·v&¦—v–¦–7bææW@£#S““´&¶–F–âWFÖ³SSƒc¶†×W7Föf†÷FÖ–Âæ6öĞ£#c´¦—2wVÆæF&“³“SCs·&†ÖçVF¦–7GWF”–†öòæ6öĞ£#c´–fgV¦–F“³s““ƒ¶—6–ævBæÖ–À£#c#´6&Æv–æ'6–‚Â2å6÷3³#cƒS“¶F–Ö§&†–Ö„vÖ–Âæ6öĞ£#c3´´‚â6¶Ö&F†—–‚Â2äRä“³“sSƒƒ·§W&ævF”†÷FÖ–Âæ6öĞ£#cC´FÆ–öæòæG6—"ÂÒåD’ã³#Scƒs·&–övvæ”BæÖ–Âæ–@£#cS´VÆ’VF¦–7GWF’Â2äRä“³Cc3¶–¶–ç6–†öÖ&–ætBæ÷&p£#cc´†6æF'V¶¶S³“S3¶·W7VÖ6WG&vÖ–Âæ6öĞ£#cs´G"âÖ–Æ†&–&’Â2ä’ä¶öÓ³ƒCs¶G&—–çF”Bç66‚æ–@£#cƒ´Ö–×Væ‚Ö'–F“³c#ƒ3¶‡v–&÷vôVBæFW6æ–@£#c“´7væ’G&–ç7–‚ÂÒä¶öÒã³#s##·§&†–Ö„Bæv÷`£#c´æ—Fv6¶—F³CSc“¶f&‡Vææ—6cD†÷FÖ–Âæ6öĞ£#c´G'2âv–G–F&–†÷&âÂ2ä‚ã³c#SS¶VÆÆ—3ƒ4BçöçW2æ–@£#c#´¶Ö–Ææ'F“³3S¶¶VæW3C–†öòæ6öĞ£#c3µVVVâ7VF–F“³#3ƒ#¶Æ·6—F–6†W'VÒævòæ–@£#cC´f—¦‚‡WF6ö—BÂÒäÒã³#3cCC¶æ¦×VF–æ—&ÖW'VÒææWBæ–@£#cSµFVfâ7Wv&æó³3“cƒ·&f“4VBæv÷`£#ccµv—&Fæ—GWVÇRÂ2ä‚ã³ƒS·&¦F¶¦VäBææWBæ–@£#cs´V×ÇV²7Wv&æó³“ƒC¶¦vÖæFÆW'VÒæVGP£#cƒµ6Æ–Ö‚‡WFvÇVæs³C3Sc¶öÆv4VBæVGP£#c“µf–7F÷&–†6æƒ³“S“·G6—&Vv$BææWBæ–@£#c#µFVF’6Föæó³c3“c·&†Ö“TVBæ÷&p£#c#´Ö&–Æ7G&“³ƒ3#¶¶†76æ„vÖ–Âæ6öĞ£#c##¶G"â—VÆ–æv‡—Væ“³csC¶§&FÖvÖ–Âæ6öĞ£#c#3´VF’7W'–öæó³CƒC·FæG6—$W'VÒæVGP£#c#C´ÆÆ—FÖVÆæ³ƒCsCƒ¶ÖæF6&–¶7W7&VBç66‚æ–@£#c#S¶G"â6f–æ&F—v“³S3#C#·V6†—F#7bæÖ–Âæ–@£#c#c´VÆ’ævW7GS³C#ƒS3¶wW3SW'VÒæ&—¢æ–@£#c#sµBâ&vöæòv‡—Væ“³“3“Sƒ¶6æG&TvÖ–Âæ6öĞ£#c#ƒ´&WFæ–Ö†VæG&Â2åC³scSc3·–†76æ„7bævòæ–@£#c#“´æ’W&ÖF“³#3cs¶F–Ö§ævW7GTW'VÒæÖ–Âæ–@£#c3´—"â§VÆ–†'FF’Â2äf&Ó³“ssc·F–Ö'VÆæ'F”–†öòæ6öĞ£#c3´¶VÖ&&æ÷vó³#CCS#·Wv–&÷vô7bç66‚æ–@£#c3#´&·F–çFòf—&vçF÷&ó³ƒs“·WFÖ6v—6F”vÖ–Âæ6öĞ£#c33µ&†—Ræ¦×VF–ã³#CcS#¶æ÷f—F6&—f–·F÷$–†öòæ6öĞ£#c3CµF—F–âFÖæ–³³CcCc¶—WFÖ–†öòæ6öĞ£#c3S´·Væ6&†'–çFòÂ2äf&Ó³ƒ#S“¶F–ã#T†÷FÖ–Âæ6öĞ£#c3cµ6F–æÖ–6&“³“sS3“¶F&Ö¦—§VÆ¶&æ–ä–†öòæ6öĞ£#c3s´G"âF–âæ7––ƒ³SC#ƒ·vvSsW'VÒævòæ–@£#c3ƒ´GBâ6·F’ÖæFÆ³ƒC3ƒ#·F†×&–æ†—'–çFô†÷FÖ–Âæ6öĞ£#c3“´f&‡Vææ—6¦–Ææ“³ƒ#ƒS·—Væ–&ÇWFfäVBæ÷"æ–@£#cCµF–&v6¶—F³““s3C·v·W7v÷–ôBçvV"æ–@£#cC´—'6BFÖæ–³³sS3c¶F–Ö£CDBæVGP£#cC#µ6·F’W76&“³s3S“C¶–fƒW'VÒææWBæ–@£#cC3´6‡–çFò7V'F–æ’Â2å6“³##s3¶F'6—&‡§VÆ¶&æ–äBæ–@£#cCCµ&†Ö’‡WFVÂ2å6÷3³C3cc·WG&Æ–Ö$vÖ–Âæ6öĞ£#cCSµF—F’&6WG–òÂ2å6“³#3Cƒ¶v–Öç6f—G&”BæVGP£#cCc´GBâ&¶–F’‡WFvÇVæs³C3Ss3·GVv–ÖãvÖ–Âæ6öĞ£#cCsµVÇ–W&ÖF“³ƒ“ƒ·G&–6–Ö&'Vä†÷FÖ–Âæ6öĞ£#cCƒ´¶Ö–F–âÖVÆæ³s“ƒs3¶&‡Wv—'–„–†öòæ6öĞ£#cC“µ¦VÆFÖ'Væs³#3C·—VÆ–æ6çF÷6ôBææWBæ–@£#cS´&ÆW76&“³CƒC¶'–æ–&ÆÖçG&”†÷FÖ–Âæ6öĞ£#cS´&æv’v‡—Væ“³#c¶'VF—–çFöFWv”BçöçW2æ–@£#cS#µvæ’†'–çF“³ƒsCCc¶6–6““”vÖ–Âæ6öĞ£#cS3´öÆv6WG&³s#Cs“·W7—F&–æ”†÷FÖ–Âæ6öĞ£#cSC´6–ö&VÆÆW&ævF“³3“cs·6ÆÖç6&v–„†÷FÖ–Âæ6öĞ£#cSS´&¶–öæòW&ÖF“³#c“Cƒ¶¶&–ÖƒC4W'VÒæ6òæ–@£#cSc´¦'v’Ö†W7v&Â2åC³C#3“¶Ö'Fæ“tBæÖ–À£#cSs´GBâV×ÇV²†Æ–Ó³#3#“¶&F–çFööÖ$BæÖ–À£#cSƒ´7WB¦VæræG6—#³s#c3¶v–ææ—GWVÇTW'VÒæVGP£#cS“µ&¶÷6¦çV"ÂÒäÒã³“S“ƒ¶FöæöG&–ç7–„–†öòæ6öĞ£#ccµBâVÖ'V‚6Föæó³cC“c¶æ7––F†v–ÆF†÷FÖ–Âæ6öĞ£#cc´ÖöærçVw&ö†òÂ2ä’ä¶öÓ³##C#“·—Væ–$Bç66‚æ–@£#cc#´Ö†W6†76æƒ³ƒƒCc¶¦–Væsƒ7bæ÷"æ–@£#cc3´¶6—–‚&&÷vòÂ2å6“³s“#¶ÖÆ–¶ÖVÆæ”7bæ–ç@£#ccC´†W'Ræ6†—'VFF–ã³ƒ3CC¶æ–ævvöÆæF×TBæ×’æ–@£#ccS´'6—G&×W7Föf³S#“s¶ÖÆ–¦–Ææ”†÷FÖ–Âæ6öĞ£#cccµFçG&’æG&–æ“³“#c¶ÖF'V¶¶TvÖ–Âæ6öĞ£#ccs´¦6Ö–âv‡—Væ“³CCc¶gV¦–F–¦FÖ–¶ô7bæv÷`£#ccƒ´¦ÖÆ–·W7VÖó³s#Cƒ·—Væ–&ÆÖ—&vÖ–Âæ6öĞ£#cc“µ"âÆÆ6&v–ƒ³SC333¶6–6–Ö&F†—–„Bæv÷`£#cs´—"âÖ–Fv–æ&æòÂ2ä¶VC³S“S·†ææDVBçvV"æ–@£#cs´—&ÖWFÖ“³CƒS“¶&ÖVÆæ7bæ–ç@£#cs#´—"â&—¦¶’6—&—BÂ2äRã³SSCC·W'vçFóS†÷FÖ–Âæ6öĞ£#cs3µG&’æG&–æ’Â2äRã³sƒc“¶&ÆÖçG&—7W'–öæôVBæ÷&p£#csCµFVwV‚&æ÷vó³#C“c·6—Fö×VÆW7F–öæôVBævòæ–@£#csSµ6FBÖæF6&“³Cƒƒ“¶wWFÖ”vÖ–Âæ6öĞ£#cscµBâ†'6æv–&÷vòÂ2å6“³#CCS¶VçFVæv†7GWF”†÷FÖ–Âæ6öĞ£#cssµf–6·’6—&Vv#³3s“cs·6–†öÖ&–æwæ¦”BæVGP£#csƒ´GBâ6V6WVF¦–7GWF’Â2ä¶öÓ³3S“cS¶7F&–†÷&ä7bæ2æ–@£#cs“´¦ö¶ò†'FF’Â2ä¶VC³3CS¶6·&¦—–4–†öòæ6öĞ£#cƒµ7WFâW'vçFòÖVvçF&ÂÒäÒã³“#ƒC¶¶wVæ'Fô–†öòæ6öĞ£#cƒ´Ö’F†×&–ã³#“SS#¶vÆ§V&F”vÖ–Âæ6öĞ£#cƒ#µ&FæW6F³“C#sC¶æ&–Æ†Æ–Ô7bæFW6æ–@£#cƒ3´ÇVÇWB†–F–çFòÂÒåD’ã³ƒS#s3¶F&Ö¦—6f—G&”–†öòæ6öĞ£#cƒC´vG&æÖvÂ2ä‚ã³3Cs“¶F'6—&†Æ·6Ö—vF”vÖ–Âæ6öĞ£#cƒSµ6†¶–Ææ&&ã³ƒ“c“·6†æ–CBææWBæ–@£#cƒc´×V§W"W&ÖF³3ƒ¶Æ7GWF”7bæVGP£#cƒs´6–ö&VÆÆf—&Öç7–ƒ³3scs“¶×6—F÷'W4vÖ–Âæ6öĞ£#cƒƒµ&—2¦–Ææ’Â2åBã³cccS·F–Ö'VÆ†–F–D7bæ6òæ–@£#cƒ“´¶&F’&¶6³S“3#¶·W7VÖö¶Ö&–BææW@£#c“µVÆ–â&F—F³scsC¶Ö'7VF“st†÷FÖ–Âæ6öĞ£#c“¶G&râVæ¦æ’F†×&–ã³CcS·‡7Wv&æôvÖ–Âæ6öĞ£#c“#µW7—Væ–#³ƒs#sc·vG&–ç7–„7bæÖ–À£#c“3´öÖ"&ÖFã³“c“3“·6–ÖöãcW'VÒæ×’æ–@£#c“C´vvF’v6—F³“sƒ“ƒ¶¦öæ÷6f—G&”–†öòæ6öĞ£#c“S´¶V—6†§VÆ–¶³cS·¦—¦“3tvÖ–Âæ6öĞ£#c“cµ"âÖÆ–¶W&ævF“³“3·&–GvæÖ'VætvÖ–Âæ6öĞ£#c“s´GBâÖ†W6çW&F—–çF“³sCƒ“ƒ¶&×VÇ–æ”7bæFW6æ–@£#c“ƒ´¶6—&â6–æv³Ccss#¶v†æ“ctBæ6òæ–@£#c““´×VÇ–çFòF'V¶¶S³sƒS¶Æ–Æ6&–†&–×W'F”vÖ–Âæ6öĞ£#s´6–çFÖç7W"Â2ä¶VC³ƒcƒS¶W7F–öæóƒ4†÷FÖ–Âæ6öĞ£#s´¦v†76æƒ³ƒsC“¶&æv6–æv†÷FÖ–Âæ6öĞ£#s#µ6Çv6–Öæ§VçF²Â2åC³“sSsƒ¶¦6Öæ—VF¦–7GWF”VBæ÷"æ–@£#s3µFVF’wVævã³Css¶Ö&–F“cvÖ–Âæ6öĞ£#sC´&Æ–¦â†&–&’ÂÒäf&Ó³s##ƒC¶¶æF“Bæ2æ–@£#sS´–Ç6çW&F—–çF“³3c3C¶§VÆ–çVw&ö†ôvÖ–Âæ6öĞ£#scµF&’¦çV"Â2å6“³ƒScc¶×W7Föf6&v–„vÖ–Âæ6öĞ£#ss´×WF–—Væ–"Â2ä¶öÓ³SC#S·&÷6ÖçF&–†÷&äBæ2æ–@£#sƒµ"äÒâF—·W7væF&“³Cc“33·FÖ&&FVäBæ–@£#s“µWF’†6æ–öÆæFÂÒäÒã³“S“S·6—&Vv&¦'v”7bæ÷&p£#sµ–÷6Vb6—Fö×VÃ³“#S“¶vÖ&Ææs3”–†öòæ6öĞ£#s´vVçFæ–ævvöÆã³scSC·6WF–vç6'&”vÖ–Âæ6öĞ£#s#´f—G&–†'–çFó³SC·fç–StBæ÷"æ–@£#s3´‚â6‡–F’†&—–ƒ³S3ƒ¶–f†6æ„–†öòæ6öĞ£#sC´Ö'F¶‡WFVÂ2åC³CSc3·—VÆ–çF–æ¦–$†÷FÖ–Âæ6öĞ£#sS´6–6’—VÆ–'F“³c3#“c¶6–F“s„†÷FÖ–Âæ6öĞ£#scµ6Ö–‚W6Öƒ³“CSSC·FVF“CvÖ–Âæ6öĞ£#ssµ¦Ö—&&6WG–³3ƒSC¶ÆGWöæö6Æ—7FW'VÒæ2æ–@£#sƒ´6v²&ÖFã³ƒssCs·W&ÖFVÆ”7bæFW6æ–@£#s“µ&æF6WF–vã³“#“S¶Æ–¶cVBævòæ–@£#s#µvvâv–FöFòÂÒåC³3S#¶æ7––F†&ÆÖçG&”†÷FÖ–Âæ6öĞ£#s#´¶—&b–öÆæF³c3ƒC·vÇW–ö&¶–çFôvÖ–Âæ6öĞ£#s##´æ÷f’Æ7G&“³ƒ“C3¶öÆ—f–Æ7G&”BææW@£#s#3µBâ†'Fò&†—RÂ2ä’ä¶öÓ³33C¶ÖVÆ–“DBææWBæ–@£#s#Cµ"âv–ÆFæ'F“³3S#·Gv6—FBç66‚æ–@£#s#S´—"â§VÆ–¶†WFÖ³3ƒcC¶¶'F–¶ƒ$7bææW@£#s#c´G'2â—&ÖæF6&’ÂÒäÒã³sC“S¶†&“ct–†öòæ6öĞ£#s#s´&—2F'V¶¶S³3#s#ƒ·¦Ö†VæG&–†öòæ6öĞ£#s#ƒ´¶v–æÖv³ƒ3ƒ3¶F&ÖçFö†Æ–Ô†÷FÖ–Âæ6öĞ£#s#“´Æ–G–W6Öƒ³ccS¶Ö–6&–vVçF†÷FÖ–Âæ6öĞ£#s3´'Fvâv–¦–çF“³sƒ#SC¶v–æW'vçF”–†öòæ6öĞ£#s3µFv²âæ6"ÖæwVç6öærÂ2ä‚ã³3“sSƒ¶WÆ7G&”†÷FÖ–Âæ6öĞ£#s3#µfç–‡WFvÇVæs³sCSƒ#¶vÆ–‡7V'F–æ”Bæ&—¢æ–@£#s33µ&f’&¦6³##SC·6—Fö×VÇF–Ö'VÄ–†öòæ6öĞ£#s3CµV6†—FæG6—#³#“#·FÖ–G&–ç7–„†÷FÖ–Âæ6öĞ£#s3Sµ"âç–æÆ§V&F“³ƒc#S·&F—CcBæVGP£#s3c´G"â&Ö—F6WF–vã³#cs¶Ö&'Væ†&¦6vÖ–Âæ6öĞ£#s3sµ"äâ6÷&æVÆ–WG&Â2ä•³s“Sc¶vVçFsTBæ÷&p£#s3ƒµ–6Æ‡VF–ã³3csC¶G6—&—D7bæVGP£#s3“´¦Ö–ÂÖæFÆ³3ss·vvçFÖ6&”†÷FÖ–Âæ6öĞ£#sC´Ö'vFF'V¶¶S³C#3S¶†çW&F—–çF”Bæv÷`£#sC´¦F’—VÆ–'F“³Ss“#·&F—v–æ§v†÷FÖ–Âæ6öĞ£#sC#µ–÷6Vb6f—G&“³CC¶'6–†öÖ&–æt–†öòæ6öĞ£#sC3´Æ–¶¦çV#³“CC¶'–æ—FçG&”Bæ–@£#sCC´æ÷fW'vçF“³3#“¶æævw&–æ”vÖ–Âæ6öĞ£#sCSµ6&"–öÆæF³ƒC3S#·&Æ–Æ6&”†÷FÖ–Âæ6öĞ£#sCc´æ&67F³3#c¶¶Væ&–ÖæF6&”†÷FÖ–Âæ6öĞ£#sCsµFÆ–W&ÖF’Â2åC³#CCcs¶vF–ævæÖv7bæ–@£#sCƒ´Æ–G–æ7––ƒ³3ssƒ¶§F&–†÷&äW'VÒæVGP£#sC“´¦–Â&†ÖvF“³c3s#·v‡—Ss4Bæ÷"æ–@£#sS´vÖ&—&æ÷f—F6&“³“S¶–Ç–6Ö†VæG&vÖ–Âæ6öĞ£#sSµ"âæ6'VF—–çFó³css“ƒ·—6çF÷6ô†÷FÖ–Âæ6öĞ£#sS#¶G&râ6‡–öæòÖç7W"Â2äf&Ó³ƒcƒ¶—v–¦–W'VÒæFW6æ–@£#sS3´WfÆW7F&“³3ss·FÖ&×VÇ–öæô†÷FÖ–Âæ6öĞ£#sSC´VÆöâ†'FF“³ccƒƒ¶Öç7W&Ö'FæBæFW6æ–@£#sSS´Æ–Æ×W7Föf³S3ƒs“·'v–F–7GWF”†÷FÖ–Âæ6öĞ£#sSc´v&·W&æ–vâÂÒäf&Ó³c#·&æFCT7bæ×’æ–@£#sSs´FWf’Föæv÷&ã³ƒ3ƒ·v6¶—F6'V$vÖ–Âæ6öĞ£#sSƒµF—F’&—–çF“³3Sƒ3·Æ·6—F–†öòæ6öĞ£#sS“´G"âvæF’v–¦–³ccc3·6–†öÖ&–æv¶æ”†÷FÖ–Âæ6öĞ£#scµf—f’†¶–Ó³“3“¶F–ædW'VÒç66‚æ–@£#scµ&†—R6—Fö×VÃ³#“c#s¶wW3s”BçöçW2æ–@£#sc#´Ö–FÆ·6Ö—vF’Â2ä¶VC³3SS“¶f&–FVÇf–æVBæ6òæ–@£#sc3´¦v&v·W&æ–vâÂÒä¶öÒã³ƒcƒc·—&æ÷vôvÖ–Âæ6öĞ£#scC´—&æçFòW7—F³“C“#·VÆ–ãs$7bævòæ–@£#scS´f—¦‚v6—FÂ2äRä“³c“ƒsS¶Ö–6†VÆÆWv6—F7bæ–ç@£#scc´—"â§VÆ–¶†æ&&âÂ2ä•³S“sƒƒ¶FF–·W7v÷–ôVBæFW6æ–@£#scs´Ö†F’6–†öÖ&–ærÂÒåC³S#3CS¶†¶–ÖvvF”7bæ×’æ–@£#scƒ´vÆ²—Væ–#³#ƒƒƒ¶·W&æ–væÖÆ–´–†öòæ6öĞ£#sc“´´‚âF&Öæ&7GWF“³c“CC·fÖæF6&”7bææW@£#ss´Ö'Fæ—Væ–"Â2åC³33S¶VÇf–æc4W'VÒæ&—¢æ–@£#ss´6V6WwVæ'FòÂÒåD’ã³ƒ3cC3¶–6†#”7bææWBæ–@£#ss#´G"â'VF’æ¦×VF–âÂ2åC³S#S3c·&W7F——Væ–$Bç66‚æ–@£#ss3´Ö–Æævw&–æ“³#ƒ#·6ÇvÖ&'VäVBæ×’æ–@£#ssCµ7WFâ¦–æv’†Æ–ÒÂ2åBã³ƒsC#¶v†Æ—–F—wVÆæF&”7bæ&—¢æ–@£#ssSµF—F–âæ¦×VF–ã³ƒCsƒ“¶¦–Ç&ÖFä7bæ×’æ–@£#sscµ"â—&–æ†–F–çFòÂÒåD’ã³S“#¶ÇV¶—F”–†öòæ6öĞ£#sssµf–öÆWBæ7––Fƒ³sCS“ƒ·fÖ'Væt–†öòæ6öĞ£#ssƒ´ÖÆ–¶†Æ–Ó³s#cƒs¶Ö†×VGwVÆæF&”†÷FÖ–Âæ6öĞ£#ss“µ"äÒâF6F–²&6WG–ó³cc##¶Föæv÷&ææF–W'VÒæVGP£#sƒ´F–Ö¢v–æ&æó³sc#c¶ÇV—3$vÖ–Âæ6öĞ£#sƒ¶G&râÆ–G–G&–ç7–ƒ³C#3C¶¦VæsCtvÖ–Âæ6öĞ£#sƒ#´6vW"çW&–æ“³ƒ##CC¶†æ7––„vÖ–Âæ6öĞ£#sƒ3´F–æF'VF—–çFó³“c3s¶¶†&–&”7bçvV"æ–@£#sƒC´—"âf–6·’6—GVÖ÷&ærÂ2äf&Ó³“S“3c¶vçW&F—–çF”vÖ–Âæ6öĞ£#sƒS´öÆv&F—v“³sSsCc·vÇW–ô–†öòæ6öĞ£#sƒcµ&VæG’¦–Ææ“³3S3¶6ÖãDBæ6öĞ£#sƒs´&·F–çFòF'V¶¶S³ssSC#·–—7v‡—VF”–†öòæ6öĞ£#sƒƒµ6–Çf–6WG&³ƒ“¶wv–&—6öæôBæFW6æ–@£#sƒ“µFv²â¦Væ"ÖæF6&“³scS3c¶v7F–æ¦×VF–ävÖ–Âæ6öĞ£#s“µ†æægV¦–F“³CscCc·VF¦–7GWF–ÖöætW'VÒæ2æ–@£#s“´¦–VærÖVÆæ“³cC3C¶–æFƒs”†÷FÖ–Âæ6öĞ£#s“#¶G"â6·F’6—&Vv"Â2ä¶VC³““#S¶—&Ö·W6ÖvF”7bæ–@£#s“3µVæ¦æ’6çF÷6ó³Cc“ƒs¶6'VF—–çFôBæ÷&p£#s“C´—"â·VçF†&§VÆ–¶³cSCS¶×VÇ–çFö†&F–ç7–„†÷FÖ–Âæ6öĞ£#s“Sµ"äâ¦æWBwW7F–æ³sScC¶6–6“TvÖ–Âæ6öĞ£#s“cµ6—6¶&6WG–ó³ƒC33¶f—¦†‡WF6ö—DVBævòæ–@£#s“s´G'2âv'66VgVÆÆƒ³“C¶ÇWFfç&&÷vô7bæFW6æ–@£#s“ƒµv'6—F&7GWF“³ƒsCƒ¶væ¦&ãt–†öòæ6öĞ£#s““´çW'VÂ§VÆ–¶³#s¶ÇWFfãCD7bæ–@£#ƒµf—f’æ¦×VF–ã³#C3#ƒ¶fÖçVÆÆætBæ–@£#ƒµVF¦–Ææ“³S33S·F†7GWF”BæÖ–Âæ–@£#ƒ#µV6†—FW&ævF“³C“ƒ·vvæ†&–&”W'VÒæ÷"æ–@£#ƒ3´G'2âF&ÖâW7—FÂ2äRä“³“cc3·6WG–DBææW@£#ƒC´§VÖ&’·W&æ–vã³##C“3¶F&Öæ†'–çF”Bç66‚æ–@£#ƒSµvF’6VgVÆÆƒ³3“3Sc·æ¦“STW'VÒç66‚æ–@£#ƒc´6·&¦—–·W6ÖvF“³s“#“C·VF¦–7GWF—6&$VBæFW6æ–@£#ƒs´æ’v–F–7GWF“³3SC“·v&F“C$vÖ–Âæ6öĞ£#ƒƒµFVFG’W6F³“33¶wW7F–æ†Æ–ÔvÖ–Âæ6öĞ£#ƒ“´7WBFæ–7GWF“³sC“cS·VÇf„Bæ÷"æ–@£#ƒ´ÆævvVærf—&Öç7–ƒ³ƒc33¶–Ç–3cd†÷FÖ–Âæ6öĞ£#ƒ´&Æ–F–âÖ&'Vã³s33“·–'–æ”†÷FÖ–Âæ6öĞ£#ƒ#µv—6çRv‡—VF–ã³ƒc“3·6×7VÇW&ÖF”†÷FÖ–Âæ6öĞ£#ƒ3´FWf’6Föæó³cscCc¶–FSVBææW@£#ƒCµFv²âV×ÇV²×W7FöfÂ2äf&Ó³C#Csƒ¶6v—6öæöæ7––F„W'VÒæÖ–Âæ–@£#ƒS´&‡W&·6F'V¶¶S³c“sƒƒ¶Æ–ÖãCtvÖ–Âæ6öĞ£#ƒc´ÇV¶—F¦–Ææ’ÂÒåC³SC3“¶†&¦–&—–çF”†÷FÖ–Âæ6öĞ£#ƒsµ"äÒâ×VÇ–wW7F–æÂ2ä‚ã³S3ƒƒ·—&¦F–†öòæ6öĞ£#ƒƒ´&‡W&·6Æ·6—F³C“S“¶öÆ—f–æ¦×VF–ä†÷FÖ–Âæ6öĞ£#ƒ“µG&–6–—7v‡—VF“³ssC#ƒ¶¶6–Ó“”7bæ×’æ–@£#ƒ#µWF’–6†f—&Öç7–‚ÂÒåC³S3s·6WG&6×Væ”7bævòæ–@£#ƒ#´G"âÖ–×Væ‚VF¦–7GWF“³cs·&—6†&–&”BçvV"æ–@£#ƒ##´´‚âFÆ–Ö–âWv—3³sssC¶v–æ6—&Vv$†÷FÖ–Âæ6öĞ£#ƒ#3µ&ÖâgV¦–F“³C3·6Æ‡VF–ä7bæ÷&p£#ƒ#C´†g6†‚æ7––Fƒ³ƒcCs·&†Ö“”–†öòæ6öĞ£#ƒ#S¶G&râvÖæ’F×V&öÆöã³ƒcsS¶&¶–F–çv–FöFôBæ–@£#ƒ#c´¶v–v‡—Væ“³ƒSs#3¶VF“StW'VÒç66‚æ–@£#ƒ#sµF–ææ—GWVÇS³CcƒS¶&†7GWF”vÖ–Âæ6öĞ£#ƒ#ƒ´†¢âVÆÆ&F—v’ÂÒåC³cC#C·wVÆç6&v–„BæFW6æ–@£#ƒ#“´¶VæW26—Fö×VÂÂ2äf&Ó³ƒS“¶wF&–†÷&ä7bæ×’æ–@£#ƒ3µ–ÖâÆW7F&’ÂÒåC³“ƒ##“¶×V§W'6–Öæ§VçF´W'VÒçvV"æ–@£#ƒ3´†¢âW7–’7W6çF’ÂÒåC³“ƒcsƒ¶Æ–Æ6&–¶&–ÖävÖ–Âæ6öĞ£#ƒ3#´6VÖæ’·W7VÖó³SS¶Föæv÷&æ&—47bævòæ–@£#ƒ33´v&ærÆW7F&’ÂÒäÒã³sƒs3“·6f—G&–ÖVÆ–æFBæÖ–Âæ–@£#ƒ3C´vFærVF¦–7GWF“³3ƒƒ#·6—Fö×VÇ–÷6VdBæÖ–À£#ƒ3SµFv²â¦FÖ–¶òW––æƒ³ƒ3Cƒ3¶6‡–F–'VF—–çFô†÷FÖ–Âæ6öĞ£#ƒ3c´†Æ–Òæ–ævvöÆã³ƒ#3C#¶×W7—FBæ2æ–@£#ƒ3s´Ö'–F’F×V&öÆöâÂ2åBã³“3#S3·&–æ“C„†÷FÖ–Âæ6öĞ£#ƒ3ƒ´Æ–ÖâWFÖ³“Ccƒƒ¶w7VF–F”vÖ–Âæ6öĞ£#ƒ3“µf—f’ÆGWöæó³##C#·GVv–Öç&†—TVBææW@£#ƒC´&Æ6Æ‡VF–âÂ2ä’ä¶öÓ³“#SS“¶F–ææ7––„Bæ–ç@£#ƒC´¦–Â&¶6ÂÒä¶öÒã³C3ss¶6Ö–çFöG&–ç7–„†÷FÖ–Âæ6öĞ£#ƒC#µ&ævv6–æv³ss“c“·§VÆ¶&æ–æ¦ö†ä†÷FÖ–Âæ6öĞ£#ƒC3µFv²â&–æ’&†–Ö‚ÂÒä³³3CSs¶—&væF'FöæôVBææWBæ–@£#ƒCC´†&–×W'F’F×V&öÆöã³S“S#¶G6–ævVBçvV"æ–@£#ƒCS´7WBF–&†6æƒ³ScSƒ¶ç–öÖãS4†÷FÖ–Âæ6öĞ£#ƒCcµ&F—Bv–¦–ÂÒä¶öÒã³“#ƒS¶×W7Föf6·&'Væ–†öòæ6öĞ£#ƒCsµ&Ö—FÖVÆæ“³C3SC·6G–CTvÖ–Âæ6öĞ£#ƒCƒ´†'6æ†Æ–Ó³S#¶ÇVÇWFæ6†—'VFF–äW'VÒæ÷"æ–@£#ƒC“µ"âF—F’·W7væF&“³s“Scƒ·6Ö÷6—&æÆ$†÷FÖ–Âæ6öĞ£#ƒS´†¢âVÆÆ—2v7GWF’Â2ä¶VC³##ƒ“¶F–vF–#4VBæ×’æ–@£#ƒSµ6·W&v–æ&æòÂÒåC³3C¶‡WFvÇVæwFVf–´Bæ6òæ–@£#ƒS#´GBâ7væ’†6æƒ³ƒ3ƒ¶æG&–æ—VÖ”VBæ÷"æ–@£#ƒS3´G"âæ&F’×W7Föf³c“ƒ##¶·W7v÷–÷W7–”VBçvV"æ–@£#ƒSCµGVv–Öâv7GWF’Â2ä•³#c#·&wW7F–æBæv÷`£#ƒSS´¶–ÆwVÆæF&“³C““¶FÖæ–·6Æ–Ö„–†öòæ6öĞ£#ƒSc´v–ÆF&†–Öƒ³ƒƒƒ·G6–†öÖ&–æt–†öòæ6öĞ£#ƒSs´—"âF–&Ö'–F“³csc¶Ö'–F–6—G&vÖ–Âæ6öĞ£#ƒSƒ´¶V—6†v–¦–³sƒCc“¶Ö†gVCƒDVBæÖ–Âæ–@£#ƒS“´†6â—Væ–#³3cs¶vÇW&wVæ'FôBçvV"æ–@£#ƒc´ÖVÆ–æF6–Öæ§VçF³³c·v–F–7GWF—¦VÆFBæVGP£#ƒc´VÆ’æ'F“³scS·v6æ¦–Öä7bæ–ç@£#ƒc#µ6'&–æ6–†öÖ&–æs³C#Cc¶6'V&æÖvW'VÒææW@£#ƒc3µ"äâ6Æ&7VF–F’ÂÒåD’ã³cC·6VgVÆÆ†¦–F”7bçöçW2æ–@£#ƒcC´GBâ&æF‡WFvÇVæs³“Cc·WFÖ–†×¦„7bææWBæ–@£#ƒcS´–ÖÒ7W6çF’Â2å6÷3³cScƒ¶ÆGWöæöÖ–Bæ&—¢æ–@£#ƒcc´v–Öâ‡WFvÇVæs³Sƒ3s¶FçV'VF—–çFô–†öòæ6öĞ£#ƒcs´&Æævv†Æ–Ó³cS3s·&—–çF–&¶–öæô7bæ2æ–@£#ƒcƒ´6Æ&6–†öÖ&–æs³Cƒƒ#¶Ö–Æ#T†÷FÖ–Âæ6öĞ£#ƒc“µ"äâFÖ’æ7––‚Â2äRã³c##¶F&–F“3†÷FÖ–Âæ6öĞ£#ƒsµFÆ–6WF–vã³cƒC3S¶æ¦×VF–æ&wW4BæVGP£#ƒs´G"âFæ–G&–ç7–‚Â2å6÷3³C3S¶×V†ÖÖC“„vÖ–Âæ6öĞ£#ƒs#µf–öÆWB†Æ–Öƒ³sCSc¶VÆÆ6VgVÆÆ„vÖ–Âæ6öĞ£#ƒs3´¦æWB·W7v÷–ó³“ƒ“C¶·W7v÷–ö&§&v–äW'VÒæ&—¢æ–@£#ƒsC´væF’v6æÂ2äf&Ó³#ƒ#SC·fÖVvçF&W'VÒæVGP£#ƒsSµ–VF¦–7GWF“³SC3S“¶f—G&–æ“CT–†öòæ6öĞ£#ƒsc´G'2â¦F’W&ÖF’Â2å6“³3cƒS¶VÇf–æ34W'VÒæ×’æ–@£#ƒssµ"â¦—2—VÆ–çF’Â2äf&Ó³cs““¶6·&&—&v6–†öÖ&–ætvÖ–Âæ6öĞ£#ƒsƒ´ÆÖ—&æ¦×VF–ã³C““¶g6Ö÷6—$7bç66‚æ–@£#ƒs“´VF’&†–Öƒ³ƒƒCƒ·¦·W6ÖvF”–†öòæ6öĞ£#ƒƒ´æ—–v6—F÷'W3³sSssC¶÷§VÆ–¶7bæVGP£#ƒƒ´—"âF–‚6f—G&’Â2åC³3ƒs#·&FÖ†æ”vÖ–Âæ6öĞ£#ƒƒ#´7WB&–æ§VÆ¶&æ–âÂ2åBã³#s3#¶–çFã$–†öòæ6öĞ£#ƒƒ3µ–Öâf—&vçF÷&ó³ƒƒ3¶Æ–¶6Ö÷6—$†÷FÖ–Âæ6öĞ£#ƒƒCµFæ–‡WFVÂ2ä¶öÓ³SCss·W&F—v”†÷FÖ–Âæ6öĞ£#ƒƒSµ&F–‚&6WG–³#Ccs¶Ö&F†—–‡F–æ–†öòæ6öĞ£#ƒƒc´¶7W7&†Æ–Ö‚Â2ä¶öÓ³S#“S¶Öç7W&¶F—$–†öòæ6öĞ£#ƒƒsµ&–¶v6¶—F³Ssc“ƒ·&–æ–æÖvBæ6öĞ£#ƒƒƒ´vçF"W&ÖF“³“Cc“¶¦–Væv'VF–ÖäVBæVGP£#ƒƒ“´Æ–¶ÖæFÆ³3##“¶†W'S3„Bæ2æ–@£#ƒ“´—"âF–‚Ö&F†—–‚ÂÒäÒã³cƒs3·VÆ—vÇW–ôW'VÒæ–@£#ƒ“´¶Ö&Æ’6çF÷6òÂ2å6“³SSCƒ#¶Ö·WF“d7bæ&—¢æ–@£#ƒ“#´F&ÖçFò†&F–ç7–ƒ³cSC·FÆ–C„VBæ2æ–@£#ƒ“3µ6f–æ&67F³C#s·G6–Ö&öÆöä7bæVGP£#ƒ“C´´‚â†&’&F—v“³““C3¶v&æv†'–çF”VBæv÷`£#ƒ“S´×WF–7Wv&æó³##Sc·7V6—&Fæ7bæ÷"æ–@£#ƒ“cµFv²â§VÖF’ÖçVÆÆærÂ2å6÷3³ƒCƒ““·v–G–C$7bæÖ–Âæ–@£#ƒ“sµ—VÆ–ææ&&ã³CSsC¶vÆ–‡v6—FVBæ–ç@£#ƒ“ƒ´¦VÆ—F¦çV#³CSsS3¶Ö&'Vç&–—FæBæ6öĞ£#ƒ““´W7F–vâ'VF–Öã³ƒCc¶¦†'–çF”vÖ–Âæ6öĞ£#“µVÖ–†76æƒ³ƒ##“¶·W&æ–væ'Fvä†÷FÖ–Âæ6öĞ£#“´7WBæ’wVæ'FòÂ2äRã³“sCƒ·–W76—&FÖVBæ–@£#“#´¦VÆ—F6FöæòÂ2ä’ä¶öÓ³CCƒ#¶·7W'–FÖ”†÷FÖ–Âæ6öĞ£#“3´F–æW'F—v“³Sƒ“ƒ¶6Væv¶Ã3d7bçöçW2æ–@£#“CµF–&F&–†÷&ã³“c#·WG&Æ&4VBç66‚æ–@£#“Sµ"âv7F’W––æ‚ÂÒä¶öÒã³s3“3¶¦ÖÆ–6Æ‡VF–ä–†öòæ6öĞ£#“c´FRæ7––‚Â2ä•³Ss¶f—¦ƒC†÷FÖ–Âæ6öĞ£#“s´G&¦B†'–çFó³Ss###¶VÆÆ—7W6Ö„–†öòæ6öĞ£#“ƒ´7WBWfFÖ&³33C#3·7&F—FvÖ–Âæ6öĞ£#““µFv²âVÆ—6W7—FÂ2åBã³c#c¶VGv&FÖç7W$VBæ–ç@£#“´¶&æ6—GVÖ÷&æs³Css¶ÖçW&–æ”vÖ–Âæ6öĞ£#“´F6v–F–7GWF“³3cC“¶†'FF”7bæ×’æ–@£#“#´VÇV‚Æ·6—F³Sƒs#C¶ÇVÇVƒ“W'VÒæ–@£#“3´†W7F’†'–çF“³#ƒ“C#¶Ö&–F“S4†÷FÖ–Âæ6öĞ£#“Cµ&V·6ö·Ff–æ“³“#cC3¶æG&–æ–Ö'Fæ”–†öòæ6öĞ£#“S´VÆÖö·Ff–æ“³SƒS“s¶&¶–çFö‡WFvÇVæt†÷FÖ–Âæ6öĞ£#“cµ–övF×V&öÆöã³cS“c¶†6æ‡6–Ööä–†öòæ6öĞ£#“sµW7–’Ö†W7v&³#ƒƒs“·¦Ö—&CvÖ–Âæ6öĞ£#“ƒ´Æ–Ö"çW&F—–çF“³““ƒƒ·6–†öÖ&–æv¦ÆV†÷FÖ–Âæ6öĞ£#““µW&¶66–Öæ§VçF³³c3sc¶¦çV'&æFvÖ–Âæ6öĞ£#“#¶G"â¦VÆ–v–æ&æòÂ2ä¶VC³ƒƒ“¶†–ÆF“47bçöçW2æ–@£#“#µ¦Æ–æG&vÇW–òÂ2åC³Cs#3¶·6—&Vv$VBæ6òæ–@£#“##´6&Æ·W7v÷–ó³c3C“#¶vÖ&F†—–„W'VÒæ2æ–@£#“#3µ–ævW7GS³cCs3#¶wW3ƒW'VÒæVGP£#“#Cµ"âF–Ö2‡WF6ö—C³s#““·gv–¦–çF”vÖ–Âæ6öĞ£#“#SµG&–6–ÖæwVç6öæs³ƒC#C·6ÆÖã3vÖ–Âæ6öĞ£#“#c´¶'F&F—F³c“##·¦ÖæFÆvÖ–Âæ6öĞ£#“#s´GBâvÇV‚çW&–æ“³#“#·&†ÖvF–&ÆævvVBææWBæ–@£#“#ƒ´F–æwW7F–æ³Csc“¶–¶v–¦–†÷FÖ–Âæ6öĞ£#“#“´§VÆ’7Wv&æó³“C“¶¶7W7&§VÆ–¶vÖ–Âæ6öĞ£#“3´&¶–öæò&7GWF“³sc3“·v'66WF–vä†÷FÖ–Âæ6öĞ£#“3´&VÆÆ†'FF“³cCCS·FçVw&ö†ôBæVGP£#“3#µ¦‡&v–&÷vó³Sc3ƒ·F7v—#ƒBæ6öĞ£#“33µF7v—"v–F–7GWF“³scsC¶ÆÆ—F#d†÷FÖ–Âæ6öĞ£#“3C´v†Æ—–F’v6æ³scƒƒ¶&¶–çFóSd7bæ6òæ–@£#“3S´¶Ö–ÆæG&–æ“³css¶'6WF–väBæFW6æ–@£#“3cµW7–’–öÆæF³s“C“¶f&‡6—GVÖ÷&ætvÖ–Âæ6öĞ£#“3sµ&f’v6æÂ2äw£³ƒ33Cs¶æ÷f—7V'F–æ”†÷FÖ–Âæ6öĞ£#“3ƒµ"äâfW&v–¦–çF’Â2ä•³Sƒƒ“C·GW&ævF”7bæ÷&p£#“3“´ÇV¶Öâ'VF–ÖâÂ2ä¶öÓ³cSCC3¶VGv&Cct†÷FÖ–Âæ6öĞ£#“CµFv²â¶VæW2æ—GWVÇRÂÒäÒã³3c“3·6çF÷6ö×V×Væ”†÷FÖ–Âæ6öĞ£#“C´†6æ6–Öæ§VçF²Â2ä¶VC³3ƒ#“·VF¦–7GWF—&–Gvä†÷FÖ–Âæ6öĞ£#“C#´6÷&æVÆ–6–†÷Fæs³3CCc¶VÖ'V‡W&ÖF”W'VÒæ&—¢æ–@£#“C3µ&–övòWFÖ“³cSS·F–æ†¶–ÔBç66‚æ–@£#“CC´†F’wVÆæF&“³ƒ“c·&&6—&—D†÷FÖ–Âæ6öĞ£#“CSµ"äâ6Çvö·Ff–æ“³sScS·vF“s$vÖ–Âæ6öĞ£#“Cc´&ÆævvF×V&öÆöã³3##¶v·W7VÖôvÖ–Âæ6öĞ£#“Cs´æ¦–"æG&–æ“³SS3S¶†Æ–Öc”VBæ×’æ–@£#“Cƒ´–6†Ö'–F“³S#C#¶Ff&–F–†öòæ6öĞ£#“C“´ÆF–¶6Æ‡VF–ã³CSCc¶F&–¦ã#T–†öòæ6öĞ£#“Sµ"âvÖ&Æær·W7VÖòÂ2ä¶öÓ³SSss¶f&–FÖ'6—FôVBæ÷"æ–@£#“S´¶—VâWFÖ³CS“c¶Æ–¶sd–†öòæ6öĞ£#“S#´6·&¦—–Öç7W#³sS““¶vÖçF÷W&ÖF”vÖ–Âæ6öĞ£#“S3µWG&’v–¦–³CCC·¦†¶–ÔvÖ–Âæ6öĞ£#“SC´vçF"7Wv&æó³CsC“¶†&F—&†ÖvF”Bç66‚æ–@£#“SS´FÖ¦Æ·6Ö—vF’ÂÒåD’ã³CsCC·Fæ7––„vÖ–Âæ6öĞ£#“Sc´æ7F6–v–æ&æòÂ2äf&Ó³#sSsc¶ÆçF#”–†öòæ6öĞ£#“Ss´6·&vÆW6F³3cs“¶¦v&vö·Ff–æ”Bæ÷&p£#“Sƒµ7V6’6–†öÖ&–ærÂ2äf&Ó³C3Sƒ·7V6—&†—TVBæ2æ–@£#“S“´¶æ’6Föæó³#Cs“·Wv–æ&æôBæv÷`£#“c´¶æ–FÖæ–³³“SS#·&†–Ö†¦–ÄvÖ–Âæ6öĞ£#“c´†&¦v6¶—F³s#Sƒ·Æ7G&–¶Æ–ÔW'VÒæÖ–Âæ–@£#“c#´&¶F7V'F–æ’ÂÒåC³“ƒs3¶ö†'FF”7bæ&—¢æ–@£#“c3´Ö&–W'vçF“³CS¶'–6f&–F–†öòæ6öĞ£#“cC´VÆÆÆ7G&’Â2åC³SSsS¶æ6'6VgVÆÆ„W'VÒçvV"æ–@£#“cSµF–æ&¦6³3CS·–öÆæFÖÖä†÷FÖ–Âæ6öĞ£#“cc´6‡–æÖv³3sS“c¶¦'vF“cdBçvV"æ–@£#“cs´Ö'Fæ’æ'F“³Cs3#3¶—&vçWG&”†÷FÖ–Âæ6öĞ£#“cƒ´†–ÆF6–†öÖ&–æs³sƒS#S¶¦vF–f&–FVBævòæ–@£#“c“µVÖ’ævw&–vã³ƒSC¶ÆçF##–†öòæ6öĞ£#“sµfW&v–æ'6–‚ÂÒåD’ã³c3c“·Ö'–F”7bæv÷`£#“s´†F’†76æƒ³#cƒ“·&†Ö—§VÆ¶&æ–äW'VÒæ×’æ–@£#“s#µf–Öâ&¶6³#S“ƒ¶Æ†7GWF”W'VÒæ2æ–@£#“s3´ÇW&‡W"·W7v÷–ó³SsS#·v&F“$VBææW@£#“sC´ÇV‡Væræ–ævvöÆã³3S·6·F—&—–çF”†÷FÖ–Âæ6öĞ£#“sS´ÆÖ—&F×V&öÆöã³“ƒƒ¶VÆöæ&F–çFô†÷FÖ–Âæ6öĞ£#“scµBâ¶v6§VÆ¶&æ–ã³cc“ƒ¶&ævw&–æ”vÖ–Âæ6öĞ£#“ssµ"â7W'–6–†÷FærÂÒäf&Ó³C#3C¶—7v‡—VF–æ¦Ô–†öòæ6öĞ£#“sƒ´§VÆ–WFÖ“³cC#ƒS·W'vçF—fW&ôvÖ–Âæ6öĞ£#“s“´ÖÆÆW7F&“³ƒSCƒ¶'&6WG–7bæ6òæ–@£#“ƒ¶G"âç–öÖâ6—Fö×VÂÂÒäf&Ó³sC3S·&†æF–æ”–†öòæ6öĞ£#“ƒ´G'2âv7F’WFÖÂ2ä‚ã³c3#c·&‡WFVBæ÷&p£#“ƒ#µFÆ–W6Öƒ³#s“c¶vF÷FwVæ'FôBææWBæ–@£#“ƒ3´´‚âvG&æ'F’Â2åBã³“3“3S¶6ö·Ff–æ”BæÖ–Âæ–@£#“ƒC´FRæ–ævvöÆâÂ2å6÷3³#3ƒ·—&ÖFä†÷FÖ–Âæ6öĞ£#“ƒSµ&W7F’'VF–Öã³#S3#C¶v&æscD–†öòæ6öĞ£#“ƒcµ—VÆ–æÖ–6&’Â2ä¶VC³“ƒs3C¶v&F6–Ö&öÆöävÖ–Âæ6öĞ£#“ƒs´G"â¦'vF’6f—G&’Â2äRä“³#3c·v–æ'6–†W7F–öæôBæ&—¢æ–@£#“ƒƒµWGRW'F—v“³3C#c¶×VÇ–çF÷v6—F†÷FÖ–Âæ6öĞ£#“ƒ“µW7æÖv³CcC¶ÇV—3s$†÷FÖ–Âæ6öĞ£#““´†'FæW––æ‚Â2åC³sCsC¶¶VÖ&dVBæÖ–Âæ–@£#““´†–Övâ7Wv&æó³ƒSC“3¶&¶–F–ãCdW'VÒæ–@£#““#´G'2â§VÆ–¶†ÆW7F&’ÂÒåD’ã³s3C#·ævW7GV6v´vÖ–Âæ6öĞ£#““3µ7WFâ&F—G–ÖVÆæÂ2ä’ä¶öÓ³CƒCcc·ævW7GWf–ç6VäVBæ–ç@£#““Cµv–æFæ¦×VF–ã³cc·6–æv6–ö&VÆÆBæVGP£#““S´æ&–Æ6Æ‡VF–ã³#sss¶†&F–ç7–‡v'6Bæ6òæ–@£#““cµ—VÆ–æ6—GVÖ÷&æs³3S3·æ—GWVÇT7bæ6öĞ£#““s¶G"âF&ÖçFòÖæF6&“³3ƒsC¶Ö–†6æ„BçöçW2æ–@£#““ƒ´F–æ6&v–ƒ³s3“#¶¶Ö&Æ“d†÷FÖ–Âæ6öĞ£#“““´VF’æ÷f—F6&“³#ƒ¶'Fvã„–†öòæ6öĞ£3´–fÖ&'Vã³S#33ƒ·V†¶–ÔBææW@£3´GBâ'VF’FÖæ–²Â2å6“³#cs“¶æ÷fwVævä–†öòæ6öĞ£3#´ÆÆ—F†Æ–Öƒ³s“#s·&F—G–Ö'–F”Bæ2æ–@£33µW'vçFòW&ÖF’Â2åBã³ƒ3“S“·&FVã$†÷FÖ–Âæ6öĞ£3C´öæ’Ö'–F’ÂÒåC³SSƒSS·&6†VÇ&¦6vÖ–Âæ6öĞ£3S´†&–×W'F’W6Öƒ³Cs¶†–F–çFövGV„VBæ2æ–@£3cµFv²âv'F·W&æ–vâÂ2ä¶öÓ³###cc·v6—6†æF–æ”vÖ–Âæ6öĞ£3s´G'2âv7F’6&v–‚Â2äRä“³sƒsC·v‡—Væ–6–æG”†÷FÖ–Âæ6öĞ£3ƒµVÖ"F'V¶¶RÂÒäÒã³“S3ƒ#¶ÆÖ—&v–&÷vôBæ&—¢æ–@£3“µ&6WG–&67FÂÒåD’ã³cSSƒ¶'&–övVBæ6öĞ£3´¦F’6&v–ƒ³cS¶vÖã3D†÷FÖ–Âæ6öĞ£3´†Æ–Ö—7v‡—VF“³sƒ3·&FÖVÖ$W'VÒçöçW2æ–@£3#´6–6’Ö†VæG&³#S#c#¶ÇWv&ÖVÆæ”–†öòæ6öĞ£33´æFÆ–7V'F–æ“³3c““¶ÆÖ&æW7—F7bæ2æ–@£3C´VÆ—6wVÆæF&’Â2äf&Ó³ƒ#s¶W7F–öæó#VBæVGP£3S´ÆVÖ&‚‡WF6ö—C³3cc##¶·W6ÖvF—&Ö–†öòæ6öĞ£3c´¶V—6†FÖ6&’ÂÒåC³“3C“·&—6“DW'VÒæv÷`£3sµ6Æ–Ö‚W'F—v“³ƒ“ƒ¶6'V&†6æ„vÖ–Âæ6öĞ£3ƒ´÷Vær&—–çF“³c“Css¶×VÇ–öæó“d†÷FÖ–Âæ6öĞ£3“µf–7F÷&–6f—G&“³““C““·F†×&–ç6–Çf–Bæ×’æ–@£3#´Gv’F×V&öÆöã³“#“c·Gv‡—VF–ä†÷FÖ–Âæ6öĞ£3#´æ§v&æ÷vó³CS#S·6WG&¶ö¶ô†÷FÖ–Âæ6öĞ£3##´7WBF–æ7VF–F’Â2ä’ä¶öÓ³3c#¶ö·FSBæv÷`£3#3´v†Æ—–F’ÖæF6&“³3c“3¶Ö¶&3dvÖ–Âæ6öĞ£3#Cµ"äÒâ&–Ö†'–çFó³cS3·W7–—VF¦–7GWF”VBæ÷"æ–@£3#S´G'2â¦–Vær†'–çFó³s#3“¶çW&F—–çF—f–7F÷&–vÖ–Âæ6öĞ£3#cµ–æ’—&vã³“SC·6Æ‡VF–æ–¶W'VÒæ÷&p£3#sµFÖ’†6æƒ³ƒƒ3·W'F—v–FÆ–öæô–†öòæ6öĞ£3#ƒ´¶&–Ö‚v–&—6öæó³“3¶ç–öÖç&67FVBæVGP£3#“µæ¦’wVÆæF&“³C3#·VÖçVÆÆæt†÷FÖ–Âæ6öĞ£33´G'2â—7–‚†–F–C³“3sS¶æ7F6–sVBçvV"æ–@£33´&Æ–F–âÖ'–F“³“3C“s¶7&FÖW'VÒæ÷"æ–@£33#´F&Ö¦’·W7VÖó³ƒs#c·f–7F÷&–S4W'VÒæ6òæ–@£333´væW2æ7––Fƒ³Sc#“¶ÆÖ–6&”†÷FÖ–Âæ6öĞ£33CµFçG&’FÖ6&“³c“s3#¶¦6Öæ–7GWF”VBæÖ–À£33S´¶&æ&Fæ³ƒCƒc¶¦–Ç7VF–F”Bç66‚æ–@£33c´&Æ–¦âÖç7W#³ƒƒ“¶¦'v“3dBæv÷`£33s´¦–VærÖ&F†—–ƒ³##C·6—F“T†÷FÖ–Âæ6öĞ£33ƒµ÷&’Æ–Æ6&“³ssS·¦Ö—&dvÖ–Âæ6öĞ£33“´¶V—6†W&ÖF³ƒsSC“¶6Æ&Æ7G&”VBæFW6æ–@£3Cµ"â&¶–F’6Ö÷6—#³sSs¶6V×ÇVæ·&F—v”–†öòæ6öĞ£3C´öÖâv6¶—F³#¶F'VF—–çFô7bævòæ–@£3C#¶G"â&ÆÖçG&’ÖVÆæ“³cSCc·fW&÷v–&÷vô†÷FÖ–Âæ6öĞ£3C3µ"äâfæW6æÖv³sc·–Ö†W7v&vÖ–Âæ6öĞ£3CC´FÆ–Öâ¦çV"Â2åC³3#Sƒ·&FVæ'VF–Öä–†öòæ6öĞ£3CSµ–W76’v–FöFó³S3“·&¶÷6æ÷f—F6&”vÖ–Âæ6öĞ£3Cc´6&—–çF“³CS#s¶–æ×VÇ–æ”W'VÒçvV"æ–@£3Cs´GBâ&†ÖBwVæ'Fó³“CCs3·6F–æ&FævÖ–Âæ6öĞ£3Cƒµ&†—R†&F–ç7–ƒ³ƒ#S¶¦–Ææ––¶–äBæ6öĞ£3C“µævW&â6f—G&“³c3ƒ¶wW7F–æ&¶–F–ä†÷FÖ–Âæ6öĞ£3S´væW6–Öæ§VçF²ÂÒä³³“3sƒ¶†6æ„W'VÒæVGP£3Sµ&F—G–f—&Öç7–‚Â2åC³3SSƒc¶'6—&—DW'VÒæ&—¢æ–@£3S#´¶Væ&’7W'–FÖ“³cCS·†æÖvBæv÷`£3S3´¶VÖÂG&–ç7–ƒ³ccCcc·v—6çS”W'VÒæFW6æ–@£3SC´G"â×WF–F&–†÷&ã³Sƒƒc¶§VÆ—FÖ&BææWBæ–@£3SS´'Fævw&–æ’Â2åC³#ƒ“3·vvãc7bævòæ–@£3Scµæ¦’6Föæó³#s·6F–æ“TvÖ–Âæ6öĞ£3Ssµ6†æ–WFÖÂÒåC³ccc“·6†¶–Æs”Bæ&—¢æ–@£3Sƒ´¶VÖÂ—Væ–#³S33#·¦VÆFv6—F–†öòæ6öĞ£3S“´F'VæwVævâÂ2ä¶VC³C3C“¶ÆVvvt–†öòæ6öĞ£3c´¦6Ö–â†7GWF“³“ƒSS·&&vW––æ„Bæ–@£3cµ6–Ööâ7Wv&æòÂÒåC³“ss¶×W7FöfæGTBçvV"æ–@£3c#´—"â—&v–¦–³#c#¶FÖ&†÷FÖ–Âæ6öĞ£3c3´6†VÇ6V†&—–ƒ³33“3C¶¦'vF““$VBæFW6æ–@£3cCµ"äÒâ¶&–ÖâwW7F–æ³“3s#¶ö·F–öÆæFBæFW6æ–@£3cS´fF†öæ‚v6¶—F³#ƒSs¶'—VÆ–'F”vÖ–Âæ6öĞ£3cc´—&6–Öæ§VçF³³sƒ“C·6—&—FVGv&D†÷FÖ–Âæ6öĞ£3cs´×W7F–¶7W'–öæó³3“¶VÖ–Æ·W&æ–väVBæ2æ–@£3cƒ´Æ–çFær&ÖFâÂ2å6“³sC·6—&Vv&†&¦W'VÒæ6öĞ£3c“´–æF‚&†ÖvF“³#ƒCƒ·&—¦¶—wVÆæF&”VBæ6òæ–@£3s´—&Öv7GWF“³““ƒs·'6—GVÖ÷&æt7bæÖ–À£3sµ&&vÇW–ó³“#3s¶†&¦÷6VgVÆÆ„W'VÒæ2æ–@£3s#µ&f–BÖ†W7v&³sscƒ3¶÷v–&÷vô–†öòæ6öĞ£3s3´¦æWB&—–çF“³3“#ƒ¶ÆÖ#D7bçöçW2æ–@£3sC´6–6’v–æ&æó³33Sc·¦VÆFS4†÷FÖ–Âæ6öĞ£3sS´¦'v’FÖ6&“³#3S#¶F–Ö7&7GWF”–†öòæ6öĞ£3scµv—&F¦çV#³3cc·VF¦–7GWF–¦ö¶ô†÷FÖ–Âæ6öĞ£3ss´Ö’&67F³ƒ3S3·6–Çf–f—&vçF÷&ô7bæ–@£3sƒ´¶&–Ö‚7Wv&æó³cCc3C¶&§&v–ã”†÷FÖ–Âæ6öĞ£3s“´F–¶v‡—VF–ã³3“ƒ#s¶f&–FFçV¦BæÖ–Âæ–@£3ƒ´G'2â—Væ’æ–ævvöÆâÂÒäÒã³CSs3·&†ÖvF—W–´VBæÖ–Âæ–@£3ƒ´GBâ6v—6F’6FöæòÂ2äw£³c3cS·F×V&öÆöæFöæô–†öòæ6öĞ£3ƒ#´‚âÆ–ÖâÆW7F&“³“3ƒs¶†'6æ&æ÷vô†÷FÖ–Âæ6öĞ£3ƒ3´FF’&F—FÂ2ä‚ã³ƒcƒ““·F—F–ãC4–†öòæ6öĞ£3ƒCµF–&&F—F³#S“3¶ÆÖ&—7v‡—VF”W'VÒç66‚æ–@£3ƒSµ"â&‡Wv&æ&67F³sƒs“C¶öæ&&äBçvV"æ–@£3ƒcµ6†¶–ÆçW&–æ“³SCc#3·&†—SCt†÷FÖ–Âæ6öĞ£3ƒsµWFÖæG&–æ“³s“c¶æ'F–æ&¦”†÷FÖ–Âæ6öĞ£3ƒƒ¶G"âWF’çVw&ö†òÂ2äw£³S3#s¶6—'væFW'F—v”W'VÒæ6òæ–@£3ƒ“´v†Æ—–F’6—Fö×VÃ³S333s¶F&ÖãCdvÖ–Âæ6öĞ£3“µW–²ÆW7F&“³3csCs·—VÆ–&†ÖvF”7bæ–ç@£3“´–Ç6&¦F³“3c¶Ç–öÆæF†÷FÖ–Âæ6öĞ£3“#´7WB§VÆ–Ö†W7v&³“Cc·&&÷v÷&&÷vôBææW@£3“3´F6–âÖ&'Vã³c“#ƒ¶VçFVæs4Bæ÷&p£3“C´FçV¦·W7v÷–òÂ2ä¶öÓ³#ScC3¶v'&–VÆÆS„vÖ–Âæ6öĞ£3“S´†&¦–ÖVÆæ³cSƒƒ3·VF¦–7GWF–‡VÖ—&†÷FÖ–Âæ6öĞ£3“cµFVF’6—F÷'W3³““CC¶Ö'Væw6&„vÖ–Âæ6öĞ£3“sµævW7GR6–Ö&öÆöã³Sƒ·W7––Föæv÷&äW'VÒæÖ–Âæ–@£3“ƒ´6¶WB†&—–‚Â2äw£³“c3##·v7GWF–6VÖWF”†÷FÖ–Âæ6öĞ£3““µ&6†VÂ†6æ‚Â2ä•³cc·&Fæ&ÆBæ–ç@£3µ7WFâVÖöærW&ÖFÂ2å6÷3³“#ƒC¶æFÆ–cT–†öòæ6öĞ£3´¶6—&â†6æ‚Â2ä¶VC³C#s““·–3„VBæ–ç@£3#µF–&ÖVvçF&³ƒ3Sc#·&–—Fæ†÷FÖ–Âæ6öĞ£33µ–†'–çFòÂÒåC³cc“¶vÇV‡7W6çF”Bæ2æ–@£3C´¦Ö–ÂÖæF6&“³C“#·vvæ‡WF6ö—D–†öòæ6öĞ£3S´vG&—7v‡—VF“³#SƒcC¶ævw&–vç&F—G–vÖ–Âæ6öĞ£3c´–ÖÒv–FöFó³3#ƒS¶ævv&–c„vÖ–Âæ6öĞ£3s´¦æRævw&–æ“³ƒsc·VÖ“ƒ$W'VÒææWBæ–@£3ƒµFv²âfV&’Ö'VærÂ2åC³Ccs¶—7–ƒ“T–†öòæ6öĞ£3“´×VÇ–öæòW7—FÂ2äRã³sS“S¶&‡Wv&æS”vÖ–Âæ6öĞ£3µF–&v–æ&æó³#S“#·W7Ö'VætvÖ–Âæ6öĞ£3µ6Çv6—&—C³Ssƒƒ·G6–Ö&öÆöäBç66‚æ–@£3#µFv²â&Fæv–F–7GWF’Â2ä‚ã³S#3“ƒ¶'Fvç—VÆ–'F”BæÖ–À£33´¶7W7&†&—–ƒ³##s¶Wv–&—6öæô†÷FÖ–Âæ6öĞ£3C´†g6†‚W6Öƒ³c3S·–†–F–D7bæ6öĞ£3Sµ–‡–·W7v÷–ó³33cSC¶ÆÖæwVç6öæt–†öòæ6öĞ£3cµFv²âV¦6—Fö×VÃ³ƒƒs“s¶¶&Öf—&vçF÷&ô–†öòæ6öĞ£3sµ¦—¦’§VÆ–¶³ssS¶F&Ö¦—&†–Ö„–†öòæ6öĞ£3ƒ´Ö&væFÖ&ÂÒä³³ƒƒ“·WGW6–†÷Fæt7bç66‚æ–@£3“´–æv‡—Væ“³CSsƒ¶v7F–Æ§V&F”vÖ–Âæ6öĞ£3#´–¶ÆW7F&’Â2ä‚ã³c3“S¶ævw&–æ—F&”BæVGP£3#µvF’6VgVÆÆƒ³ƒ““3·&&÷vöÖ&'Vä†÷FÖ–Âæ6öĞ£3##´‚â×W'6—F6&v–‚Â2ä’ä¶öÓ³C“C“c¶væF–ÖçVÆÆætvÖ–Âæ6öĞ£3#3µv6—2Ö†VæG&³ssc·&6WG–6—GVÖ÷&ætBæ×’æ–@£3#C´†¢âFÖ&67FÂ2äw£³“ƒ#·FÖæ–´VBæ÷"æ–@£3#S´7WBWF’6—&Vv"Â2å6÷3³3ƒc3·‡v–æ&æôW'VÒæ&—¢æ–@£3#c´Æ&2–öÆæF³#ƒ3·W&&÷vô†÷FÖ–Âæ6öĞ£3#sµ6G–6—&Vv#³“ƒSc3·G&67FBç66‚æ–@£3#ƒ´F6f—&vçF÷&ó³“S·6—&Vv&Ö†×VD–†öòæ6öĞ£3#“µF—'F–6†–F–çFòÂÒäf&Ó³cC##¶†'6–s”Bævòæ–@£33´G'2â—&–æW7—F³3“Ss“·G6&v–„–†öòæ6öĞ£33´6v—6F’‡WF6ö—C³#“s“·6'&“„BææW@£33#´×W'6—F6–Ö&öÆöã³“ƒƒ·§6WG&–†öòæ6öĞ£333´ÖÆ–†'–çF“³S“sƒ“·6–Ö&öÆöæ6‡–öæô†÷FÖ–Âæ6öĞ£33C´F–‚W7—F³Cs“ƒs¶VF“s4–†öòæ6öĞ£33S´G"âF†–&¦—VÆ–çF’Â2åC³Sƒƒ#3·fçW&–æ”vÖ–Âæ6öĞ£33cµ¦Ö—&F&–†÷&âÂÒä¶öÒã³C#C¶–æ&¦6VBçvV"æ–@£33s´¦æWB'VF–Öã³s#“¶Ö&F†—–‡6–gVÄW'VÒææW@£33ƒ´v&ær¦çV#³“sSc·Wv—6'Fvä†÷FÖ–Âæ6öĞ£33“´6÷&æVÆ–Wv—3³Cc3“S¶F&Öç&†—TBææWBæ–@£3C¶G&râFæ—7v&ævW7GRÂ2äRã³“#3c·W'vF–æÖvW'VÒæ–@£3C´‡VÖ—&æ&&ã³cCC·fæW6cvÖ–Âæ6öĞ£3C#µ¦‡&—7v‡—VF’Â2å6÷3³“SCC¶çVw&†dvÖ–Âæ6öĞ£3C3µ6Ö–‚&Fæ³c“S#·6¶CtvÖ–Âæ6öĞ£3CCµ6†¶–Æ6—&Vv#³“S#·&¦6&–GväBæ–@£3CSµFv²â&æ6"6–†öÖ&–ærÂ2ä‚ã³CsCƒ¶vvF—§VÆ¶&æ–ä†÷FÖ–Âæ6öĞ£3Cc¶G"âF–æÆ–Æ6&“³c3c·6†¶–Æ§VÆ¶&æ–ävÖ–Âæ6öĞ£3Cs´÷†VÆ–Föæv÷&âÂ2åC³s#c“s·&6WG–Bæ÷&p£3Cƒ´&VÆÆö·Ff–æ“³sC“c·&FÖF–¶&–†öòæ6öĞ£3C“¶G"âvvF’WFÖ“³csƒ3c·W76&–¦æWD†÷FÖ–Âæ6öĞ£3SµFv²âÆVÖ&‚v–&—6öæòÂ2åC³s3s·W&ÖF—¦‡&†÷FÖ–Âæ6öĞ£3S´6–6’v–æ'6–ƒ³“Ccs·&Ö–6&”Bæ×’æ–@£3S#´F–‚ÖVvçF&³CsC·wv–æ&æôvÖ–Âæ6öĞ£3S3´†Ö–Ö6–†öÖ&–æs³s3##“·–Ö&F†—–„W'VÒæv÷`£3SCµF&’&7GWF“³sCcc·v6¶—F6–æG”vÖ–Âæ6öĞ£3SS´†¢âVVVâ†Æ–Öƒ³3sƒ““¶Fæ—7v&ÖæwVç6öætVBæ–ç@£3Scµ&—6æ–ævvöÆã³sCƒc·—6—F÷'W4VBçvV"æ–@£3Ss´Föæò‡WF6ö—C³“cCS¶ÖVÆæ§VÆf7bæÖ–À£3Sƒ´æ¦–"6&v–ƒ³SCCc·W&ÖFÇV—4BçvV"æ–@£3S“µvvRf—&Öç7–ƒ³S3c¶&Ö&æw6FöæôvÖ–Âæ6öĞ£3cµFÖ6WG&Â2ä‚ã³c““·v‡—Væ–v&F7bæv÷`£3c´—"âf&‡Vææ—6¦–Ææ’Â2äRã³33“3s·&–ÖSvÖ–Âæ6öĞ£3c#´6Æ–¦âwVæ'Fó³#sCcS¶&VÆÆ$7bæ×’æ–@£3c3´&¶–¦â7W6çF“³ƒS“¶Ö&F†—–‡WF”†÷FÖ–Âæ6öĞ£3cC´—"âF–ææ¦×VF–ã³s#cCC¶ævv&–s4vÖ–Âæ6öĞ£3cSµ&æv'VF–Öã³Sƒsc3¶wW&ÖFBæ6öĞ£3ccµ"âçW'VÂ&FæÂ2äf&Ó³SCSƒ¶FçVÆ·6Ö—vF”vÖ–Âæ6öĞ£3csµf–6·’'–æ“³S#ƒ3“¶W§VÆ¶&æ–ä–†öòæ6öĞ£3cƒµFÆ–v‡—Væ“³3c“3s¶—&æçF÷&7GWF”–†öòæ6öĞ£3c“´´‚âF—G–&6WG–òÂ2åC³C3#¶††6æ„†÷FÖ–Âæ6öĞ£3s´¶Ö&–×VÇ–æ’Â2ä¶VC³“CS¶ö·Ff–æ–¶'6æBçöçW2æ–@£3s¶G&râ6†VÇ6V6WG&ÂÒäf&Ó³#cc3¶¶'6æFÖ6&”7bæ÷"æ–@£3s#µVÆ–âv‡—VF–ã³#3C¶&æ&v‡—VF–ä†÷FÖ–Âæ6öĞ£3s3´FRW6Öƒ³#ƒ¶·v‡—VF–äW'VÒæ÷&p£3sC´—'vâæ7––ƒ³ƒ#Cƒc¶‡F†×&–äBæ–ç@£3sSµ"âf–Öâ&7GWF“³ƒ#c·Wv—6¦FÖ–¶ô†÷FÖ–Âæ6öĞ£3sc´VÆ’W'F—v“³sC#·§F†×&–äW'VÒævòæ–@£3ss´FWf’ævW7GS³#ss#ƒ¶FÆ–Ö&¦FW'VÒæv÷`£3sƒµ&F–‚æÖv³C“CC¶ÇVÇWC3T†÷FÖ–Âæ6öĞ£3s“µWF’Ö–6†VÆÆRæ7––F‚Â2ä‚ã³3ƒcƒS¶×6–†öÖ&–ætvÖ–Âæ6öĞ£3ƒ´GBâ6×7VÂÖVÆæ’ÂÒåD’ã³Cƒc3·–W6Ö„–†öòæ6öĞ£3ƒµWGRæ7––‚Â2ä•³cS“cs¶vÆæv—&vä–†öòæ6öĞ£3ƒ#´VÖ–â·W7væF&“³3S#·6·W&ƒ$VBæ÷"æ–@£3ƒ3´G'2â§VÆ–†&F–ç7–‚Â2äRä“³3Cc·f—&Öã“d–†öòæ6öĞ£3ƒC´¦¶Ö–6&“³33“3#¶VæFƒC$†÷FÖ–Âæ6öĞ£3ƒS´6—'vFÖæFÆ³3SS¶&Æ–F–ã$vÖ–Âæ6öĞ£3ƒcµ"â†g6†‚6–†öÖ&–æs³s3S¶†F–†'–çFôvÖ–Âæ6öĞ£3ƒsµv–G–&¦6³ƒC3CC·6—F÷'W6¶–Æ†÷FÖ–Âæ6öĞ£3ƒƒ´¶V—6†Æ–Æ6&“³##s¶†Æ–Ö†'–6VBæ–ç@£3ƒ“µf–7F÷&–Ö†W7v&Â2ä¶VC³cc3c·F—'FS4W'VÒæ–@£3“´æ&F’†'–çFó³C“#¶ÆçF&Ö–6&”†÷FÖ–Âæ6öĞ£3“µFv²âF&–Ö–â§VÆ–¶Â2äRã³““s“¶ÖVÆæ—&F–„†÷FÖ–Âæ6öĞ£3“#´VÇf–æ&F—v“³Cs3·§&æ÷vôW'VÒç66‚æ–@£3“3´¶æ’6–†öÖ&–æs³#cƒ“·–öv7W6çF”–†öòæ6öĞ£3“Cµ7WFâÖ†×VB—VÆ–çF’Â2äRä“³ƒcƒ¶ævv&–Wv—47bæ×’æ–@£3“S´F–&¦†7GWF“³3C#s¶æ7'VÆÆ†·W7v÷–ô–†öòæ6öĞ£3“c´¶6—–‚v‡—VF–ã³SƒS·&'SƒDBæÖ–Âæ–@£3“sµv6—2W6F³s“Cc¶¶'6æÆ·6Ö—vF”7bæv÷`£3“ƒ´÷VæræG&–æ“³ƒssCs·&F—F§VÆ–7bæÖ–À£3““´¶–æG&6–†öÖ&–ærÂ2äRä“³ƒ#“s¶¦v†'FF”–†öòæ6öĞ£3#µ&ævv–¦–çF“³SSCSC·'VF–Öä7bævòæ–@£3#µ–æ6RÆ·6Ö—vF“³S3#¶–Ö'–F”vÖ–Âæ6öĞ£3##µWWBæ÷f—F6&“³s#s·W'F—v—–æ”VBæÖ–À£3#3´¦–Â†Æ–Öƒ³C#cC#¶Ö†F–ÖæFÆ7bæÖ–À£3#C´æ7F6–†6æƒ³3SC·—W&ÖF”–†öòæ6öĞ£3#S´F6—VÆ–çF“³Cƒ#3·§vÇW–ôvÖ–Âæ6öĞ£3#cµWWBv6æÂ2ä‚ã³Ss33¶ÖVÆæ”vÖ–Âæ6öĞ£3#s´6†VÇ6V&7GWF“³3scS·—vÇW–ô7bçöçW2æ–@£3#ƒ´V¶ò—7v‡—VF“³sc“¶¦†Æ–Ö„7bæVGP£3#“´FF’Ö–6&“³#ssS3¶¶ö¶ó#T–†öòæ6öĞ£3#´†&’¦–Ææ“³ssSCs¶æ÷f—F6&——Væ—F7bævòæ–@£3#´¦ÆVÖVÆæ“³S“c3¶†'F÷&Fæ–†öòæ6öĞ£3##´FF’¦çV#³ƒ33cS¶†æ7––F„vÖ–Âæ6öĞ£3#3´GBâF–æFW––æ‚Â2äw£³#CsS·gWFÖ”VBæVGP£3#C´†6–ÒW6F³ƒ3“ƒƒ·v'6—F“”†÷FÖ–Âæ6öĞ£3#S´¦–ÖB&†—RÂ2ä•³“scss·&Fæ—W7VdVBææWBæ–@£3#c´¶&–Ö‚v–F–7GWF“³s3#¶6‡–v6¶—FW'VÒæ×’æ–@£3#sµ"â¶6—&â&7GWF“³c““¶·W6ÖvF–×W'F”–†öòæ6öĞ£3#ƒ´–6†Ö'Væs³3ƒcc¶‡WFV¦—¦”VBæVGP£3#“´—"âvæF’Öç7W#³##¶¦'v“3VBæVGP£3##´VÇf–âÖ–6&“³#c“s#¶F—ƒ†÷FÖ–Âæ6öĞ£3##´¦Vær7W6çF“³Sscƒc¶¶ÆÖ'VætBæÖ–Âæ–@£3###µWF’&VÆÆ†¶–Ó³C“##¶†'–çF——VÆ–W'VÒæ÷"æ–@£3##3´G'2âV¦†–F–C³CCSS·v'6—F3tVBæÖ–À£3##C´Æ·6æÖ†W7v&³#cCƒ3¶æÖæwVç6öæt†÷FÖ–Âæ6öĞ£3##S´¶–Æf&–F³ƒcS¶÷&¦F–†öòæ6öĞ£3##cµ6'&’&6WG–ó³ƒ“sƒ¶&æ6#C„†÷FÖ–Âæ6öĞ£3##s´§VÆ’ÖæFÆ³3#c#“·&f“#D7bçvV"æ–@£3##ƒ´&æ&†æF–æ“³Cc#3s·&†Æ–ÔBæ2æ–@£3##“µFÖ’6VgVÆÆƒ³C33##¶V¶tvÖ–Âæ6öĞ£3#3µv&F–æ7––ƒ³cƒSs¶F&ÖçFó“”–†öòæ6öĞ£3#3´6‡–òævW7GS³3Ss“¶6¶WCS$W'VÒæ2æ–@£3#3#´ÖÆ–ÖVÆæ’Â2ä¶VC³C3#C¶v–ÆæsƒW'VÒææW@£3#33´G'2âFVwV‚&ÖFã³ƒCcSS¶6wV³#tvÖ–Âæ6öĞ£3#3CµF&’ÖæFÆ³S#“Ss·6Ö†VæG&vÖ–Âæ6öĞ£3#3Sµ6G–Ö&F†—–ƒ³c#sSS¶fçVw&ö†ôVBæ&—¢æ–@£3#3c´VçFVærævW7GS³cƒƒ#C¶†W'ScD7bæ÷"æ–@£3#3s´¶Ö–F–âf—&vçF÷&òÂÒåD’ã³sƒ3#¶§VÖ&““TVBçvV"æ–@£3#3ƒ´fV&’ÆGWöæó³Cc3·v–&—6öæ÷&F—DvÖ–Âæ6öĞ£3#3“µ¦Ö—&W7—F³##“cƒ¶–Ç6Æ·6Ö—vF”VBçvV"æ–@£3#C´ÆVvÆ7G&“³S3#sC¶†&Fæt†÷FÖ–Âæ6öĞ£3#C´·Væ6&çVw&ö†ó³CcSC·W'vçFó“VBæÖ–À£3#C#´&·F–F’&F–çFó³S3ƒc3¶FÖæFÆ†÷FÖ–Âæ6öĞ£3#C3µFVfâ'VF—–çFòÂÒäÒã³S¶¶ÖÃ„Bæv÷`£3#CC´GBâvF÷BÖVvçF&ÂÒåC³“S3#·v&¦—&7GWF”†÷FÖ–Âæ6öĞ£3#CS´VæG&wW7F–æ³C#3“#¶†&F–ç7–†G&¦D7bæv÷`£3#Cc´æ–ÆÒv‡—VF–ã³C“ƒƒ¶ö‡WFvÇVæt†÷FÖ–Âæ6öĞ£3#Cs´†æ’ÖæwVç6öæs³##s·f—&Öç7–„†÷FÖ–Âæ6öĞ£3#Cƒ´G"âF†–&¦†6æ‚Â2ä’ä¶öÓ³cscc“¶ÖæƒcvÖ–Âæ6öĞ£3#C“´‚â&·F’v–F–7GWF“³CC3C¶ç6Æ‡VF–äVBæv÷`£3#Sµ&6WG–òÆ§V&F“³ƒc#s¶&VÆ–æFStVBæ&—¢æ–@£3#Sµ'W6Öâ6&v–ƒ³“c·v–G–“$Bæ÷&p£3#S#´VÖ'V‚æÖv³#““Ss¶æ'F–¦6Öæ”†÷FÖ–Âæ6öĞ£3#S3´†g6†‚ævW7GS³Cc¶f†æF–æ”7bæ&—¢æ–@£3#SC´F'–æ’—VÆ–'F“³sƒSs“·v‡WFV†÷FÖ–Âæ6öĞ£3#SS´ÖÆ–¶æ—GWVÇS³c##“¶wv–&÷vô7bæ6òæ–@£3#Sc´6†æG&çW&–æ“³Cs“S¶vG&cTW'VÒææWBæ–@£3#Ss´VÆÆ—2†6æƒ³C##s·v–FöFöÆ–ÆW'VÒæ&—¢æ–@£3#Sƒ´VÇf–æv–¦–çF’Â2äRã³ƒScc#¶ö—7v‡—VF”7bæÖ–À£3#S“´ÇWF†f’†¶–Ó³“Ss¶–çFãCtBæ2æ–@£3#c´Æ–çFærÖç7W"Â2äf&Ó³CC“¶¶—Vç&–öv†÷FÖ–Âæ6öĞ£3#cµ"äâFÆ–ÖæG&–æ’Â2ä‚ã³CcC3S·&–†ç7W6çF”BææWBæ–@£3#c#´´‚â†VæG&’Ö†W7v&Â2åC³#SCcC¶–æF‡W'F—v”7bæv÷`£3#c3´G"âÖÆ–²W6FÂ2äRã³ƒc#cS·–f&–F–†öòæ6öĞ£3#cC´´‚â&f–Bæ—GWVÇS³#s33S¶Ö†VæG&v'F7bæ×’æ–@£3#cSµFv²âFVfâv‡—VF–ã³cSC“¶†W'SS7bævòæ–@£3#cc´V¶&F—FÂ2äw£³““Sc#¶æ¦×—Væ–$vÖ–Âæ6öĞ£3#csµ"äâFÆ–Ö6—Fö×VÂÂÒä¶öÒã³Css¶VwVævävÖ–Âæ6öĞ£3#cƒ´&æ6"W6F³C“c¶6ÖãS4vÖ–Âæ6öĞ£3#c“´—"âæW7—FÂ2åC³s““¶—7v‡—VF–vçF$BæVGP£3#sµ"äÒâ&ævvæ¦×VF–âÂ2äRä“³ccscƒ¶Ö'7VF—&–öv–†öòæ6öĞ£3#s¶G&râöÆ—f–'VF—–çFòÂÒåD’ã³Ss#3·&&v6WF–vä7bçöçW2æ–@£3#s#´—7–‚v–FöFó³“3Cc·F†Æ–Ô7bæÖ–Âæ–@£3#s3µ—Væ—FW&ævF“³c3#c·W&F—v”Bæ6öĞ£3#sC´&·F–F’W––æƒ³cCC¶÷†VÆ–CTVBævòæ–@£3#sS¶G"âÖ'Fæ7W'–FÖ“³3C3C·f—&Öç7–„†÷FÖ–Âæ6öĞ£3#sc´†¢âæF–¦çV#³SsC3¶—7v‡—VF–†&¦–†öòæ6öĞ£3#ss´6GW"†Æ–Öƒ³Cs##C·v¶–ÖãSdW'VÒæ&—¢æ–@£3#sƒ´vÖçFòÖVÆæ³ƒS#¶v–æ#Bæ6öĞ£3#s“¶G&râ6F–æ†6æ‚Â2äf&Ó³s“ƒS¶¦VæsSdW'VÒæ6öĞ£3#ƒ´G"â6Ç6&–Æ†'–çF“³cC3¶'–6“$Bæ÷&p£3#ƒ´¦VærG&–ç7–ƒ³Cƒs#·&–†çW&ÖF”vÖ–Âæ6öĞ£3#ƒ#´v'&–VÆÆFÖæ–³³ƒs33C¶‡W76&”W'VÒæ÷"æ–@£3#ƒ3´†¢âv†Æ—–F’§VÆ–¶³CC3““¶&ÆF“tvÖ–Âæ6öĞ£3#ƒC´æ6–Òv–&—6öæó³cs3ƒ¶§W'F—v”Bç66‚æ–@£3#ƒS´'FvâW––æƒ³c3#c·6F–æ†&–&”vÖ–Âæ6öĞ£3#ƒc´6Væv¶ÂÆ·6—F³3“C#¶F×SƒVBæ2æ–@£3#ƒsµVÖ’6–æv³ccsS·&ÖDvÖ–Âæ6öĞ£3#ƒƒ´&Æ–¦â7Wv&æó³s““3S¶†W'V·W7VÖôBæv÷`£3#ƒ“µW&¶6v6—F³3ƒSƒ¶Ö'F¶F×V&öÆöä†÷FÖ–Âæ6öĞ£3#“´Æ&26&v–ƒ³Cƒ#C“¶6×Væ—&–övBæ6òæ–@£3#“µv&F–&F–çFó³3C·&gV¦–F”†÷FÖ–Âæ6öĞ£3#“#µ"äÒâv'66çF÷6ó³#scƒ“¶Ö†W7v&&—4†÷FÖ–Âæ6öĞ£3#“3´§VÆ’6&v–‚Â2ä•³cƒ3#3¶6Ö–çF÷&FæW'VÒç66‚æ–@£3#“C´F67VF–F“³ƒC¶'§VÆ¶&æ–ä–†öòæ6öĞ£3#“Sµ&Ö—Fæ7––Fƒ³C##ƒ3¶¶Væ&—W7—FW'VÒçvV"æ–@£3#“c´væ¦&âæ7––Fƒ³s33ƒ·6&ƒ#T7bææW@£3#“s´vVçFÖ†W7v&³C“s¶†æ–‡WF6ö—D7bæ6òæ–@£3#“ƒ´G'2â–¶‡6âÖçVÆÆæs³3c“c¶–FÖæFÆVBæ6òæ–@£3#““´Ö–‡WFvÇVæs³s###ƒ¶W6Ö„vÖ–Âæ6öĞ£33µF—&§VÆ¶&æ–ã³3ssƒ“¶Æ§V&F—FöÖ”–†öòæ6öĞ£33´†VæG&’†'–çFòÂÒäÒã³ƒ3#c¶ÖöæsS4vÖ–Âæ6öĞ£33#´G"â¦–F’FÖæ–²Â2ä‚ã³#ƒ3¶‡WF6ö—G6f–æ–†öòæ6öĞ£333´–çFâÖVvçF&³s3Ss“¶vÇW#“†÷FÖ–Âæ6öĞ£33Cµ¦VÆFv7GWF’ÂÒåD’ã³ss3ƒƒ·&Öã3tVBæ÷&p£33Sµ"â¦‡&F×V&öÆöâÂÒåD’ã³cS3““·6&#”W'VÒæ–@£33cµV6†—F6–Öæ§VçF³³cƒSsƒ·&F–¶4W'VÒçvV"æ–@£33s´¶æ’ÖVÆæ³“#“¶6—G&WFÖW'VÒç66‚æ–@£33ƒµ&W7GRÆGWöæó³ƒSƒSS·§6Ö÷6—$†÷FÖ–Âæ6öĞ£33“µ"âv&¦’f—&Öç7–ƒ³3#ƒƒC¶6–çF†–&7GWF”BææWBæ–@£33´G"âVÆÖv6æ³C“sc·&†&–&”vÖ–Âæ6öĞ£33´VÇV‚—&vã³cSC#·VF#„vÖ–Âæ6öĞ£33#´F&–F’v‡—Væ’Â2åBã³3Cs3¶6GW&ævvTvÖ–Âæ6öĞ£333¶G&râWF’W&ÖF³CcSC¶vF–æwævW7GTvÖ–Âæ6öĞ£33C´¦F’7V'F–æ“³c#¶×W7F–¶cvÖ–Âæ6öĞ£33S´¦VÆ—F†Æ–Öƒ³#ƒS¶f&–F6÷&æVÆ–Bæv÷`£33c´VÆÆçW&F—–çF“³Cs3C3¶F—–†öòæ6öĞ£33s´†Ö–Ö&†—RÂÒä¶öÒã³“ccƒs·F—F–ãs7bæ6öĞ£33ƒ´¦–æG&ÖæFÆ³Ss3#¶†6–×v6—FBæ÷&p£33“´—&–æÆW7F&“³ƒ3#ƒ3¶Vv3$Bæ2æ–@£33#´¦ÆV×VÇ–æ“³ƒ““c“·'&—–çF”7bæÖ–À£33#µ"äâf—f’†–F–çFó³ƒsS·¦VÆ–ƒTW'VÒæ&—¢æ–@£33##µWG&’6–Öæ§VçF³³#S“·&7GWF–&v47bç66‚æ–@£33#3´G"âv'6—FwVÆæF&’ÂÒäÒã³3CC·6–†÷Fæv&¶–¦ävÖ–Âæ6öĞ£33#C´VÆÖFÖæ–³³Sc3C¶Æ–¶Ö†VæG&†÷FÖ–Âæ6öĞ£33#S´¶W¦–çW&F—–çF“³3ss3¶¶—VçvÇW–ô7bæFW6æ–@£33#c´Ö&26–†öÖ&–æs³ƒSc#“¶WFÖ&vÖ–Âæ6öĞ£33#s´—&æçFòævW7GS³ƒ3C·F×V&öÆöçv&F”vÖ–Âæ6öĞ£33#ƒµ–æ’v–æ&æó³C“Cƒc·&†—V6vW$vÖ–Âæ6öĞ£33#“´×V§W"&¦F³“““sƒ·‡&FÖ7bæ×’æ–@£333´væW26–Ö&öÆöã³3cƒ#¶¶&æT7bævòæ–@£333´æF–W'vçF“³3CS·&†–F–çFôVBæÖ–À£333#´6†æG&ÖVvçF&Â2äRã³sc#¶6ÆGWöæô–†öòæ6öĞ£3333´†W'Rö·Ff–æ“³s#ƒ·6–Ö&öÆöæ¶Ö&–vÖ–Âæ6öĞ£333C´†6âW&ÖF³s“#s¶&¦–Ææ”VBæ&—¢æ–@£333SµFv²âæ7F6–wW7F–æ³ƒ“sS#¶¦–Öææ'F”BæÖ–À£333cµ6·W&†Æ–Öƒ³sS#“ƒ·&¦6&æ6$VBæVGP£333s´G'2â6v²†6æƒ³CS33c·v–æ&æö&§&v–äVBæÖ–À£333ƒ´—'vâ6–†öÖ&–æs³Cc3¶†×¦†æ–ævvöÆäW'VÒæ6òæ–@£333“´VGv&B6—GVÖ÷&æs³“sC·v6—6Æ§V&F”Bæ–ç@£33C´G'2â†'FæG&–ç7–‚ÂÒåC³ƒccs¶FVÆ–Æ6&”VBçöçW2æ–@£33C´fF†öæ‚v–æ&æó³c#·v'6“4Bæ÷&p£33C#´ÆF–¶W6Ö‚Â2äf&Ó³Scs¶¦–öæóSt†÷FÖ–Âæ6öĞ£33C3µ"âVGv&BÖ–6&’Â2äf&Ó³Cc“ƒ3¶W7F–öæócvÖ–Âæ6öĞ£33CC´Ö&2æ6†—'VFF–âÂ2åC³sC#CC¶f†&–&”†÷FÖ–Âæ6öĞ£33CS´v'&–VÆÆ'VF—–çFòÂ2ä¶VC³Cƒsƒ·6Æ‡VF–ææ¦–$–†öòæ6öĞ£33Ccµ&æF&F—F³cc#3s·WFÖ—'vä7bæVGP£33Cs´Ö'7VF’æ÷f—F6&“³“3cC¶–çFãCtBæ&—¢æ–@£33Cƒ¶G&râæ66–Ö&öÆöã³“3c#¶VÆöæ†'–çFô†÷FÖ–Âæ6öĞ£33C“µvæ’Ö–6&“³#C“s¶vÆæwv–¦–çF”–†öòæ6öĞ£33S´´‚â–ÖÒ&†ÖvF’ÂÒåC³Ccc¶Ö'vFWFÖ”vÖ–Âæ6öĞ£33S´Æ–Æ’'–æ“³ƒ#ƒ3¶Ö–†7GWF”7bæ6òæ–@£33S#µ&FVâ7W'–öæó³csc·&†–Ö†öÆ—f–VBæ&—¢æ–@£33S3´ÆÆæ7––Fƒ³ss#C·æGVæ'F”BææWBæ–@£33SC´†VæG&’WFÖ“³#3ƒC¶ç&–Ö6f—G&”BææW@£33SS´G"âf–æòv–æ'6–ƒ³33ƒƒ3¶6–ö&VÆÆ3”W'VÒæFW6æ–@£33Scµf–7F÷&–†–F–çFó³##3·F&–†÷&æÖ'7VF”W'VÒææWBæ–@£33Ss´ÇWvW2&Fæ³cƒs#¶Ö'Fæ&†–Ö„†÷FÖ–Âæ6öĞ£33SƒµBâ&F–¶6f—G&“³ƒ“ƒ¶ç&¦F†÷FÖ–Âæ6öĞ£33S“´FçR¦çV"Â2äRä“³“ƒ“3¶v'&–VÆÆ3”Bæ2æ–@£33cµBâfVvÆ§V&F“³3s3·–&F–çFôBæÖ–Âæ–@£33c´—"â–âÆW7F&“³sS¶6GW&ævvW6Ö„†÷FÖ–Âæ6öĞ£33c#µ–çW&–æ“³cs#3s·6æ6†—'VFF–äBæ÷&p£33c3´¦VærFöæv÷&ã³3“cƒƒ·–övc†÷FÖ–Âæ6öĞ£33cC´ç–öÖâ&†—S³C3ss·–æ6†—'VFF–ä–†öòæ6öĞ£33cS´Æ–Æ§VÆ–¶³ƒƒ·FÖ&vFætW'VÒæ6òæ–@£33ccµVÖ–†¶–ÒÂ2åBã³##“·&6WG–öv–æ–†öòæ6öĞ£33cs´ÆF–¶6—F÷'W3³“c“·7v6ævÖ–Âæ6öĞ£33cƒ´ÖÆ–Æ·6—F³“ƒ“C·VÇ–Æ–Æ6&”BææWBæ–@£33c“´F&Öâ&æ÷vó³CƒC¶vÇVƒ“tVBæ–ç@£33s´V¶Ö&F†—–‚Â2åC³33c“¶vÆ&†æF–æ”W'VÒæVGP£33s´–¶‡6â†&—–ƒ³cƒ·FöÖ“tvÖ–Âæ6öĞ£33s#µ7WFâ¦–ÖâæG&–æ’Â2ä¶VC³sƒC#S·7VF–F–¦ÖÄvÖ–Âæ6öĞ£33s3µ6†¶–Æ·W7VÖó³S3c¶–'Vã7bæ2æ–@£33sC´V¶6f—G&“³c“#ƒƒ¶ç§VÆ–¶vÖ–Âæ6öĞ£33sS´6–6’ÖVvçF&Â2ä•³3C3¶ö·W7væF&”vÖ–Âæ6öĞ£33sc´væW—VÆ–'F“³c·6Æ‡VF–æ&ÆÖçG&”Bæ6öĞ£33ss´÷†VÆ–†Æ–Ó³3ƒ33“¶¶†'FF”W'VÒæÖ–À£33sƒµ6Çvv–¦–³sCsC¶&v76Ö÷6—$–†öòæ6öĞ£33s“´G'2â¶VÖÂ6FöæòÂ2äRä“³#3s¶¦—7v‡—VF”VBæ÷&p£33ƒµWF’Ö–Æ&FÖ³scs““¶v'&–VÆÆ†Æ–Ö„–†öòæ6öĞ£33ƒ´F—&†–Öƒ³c¶VÖ–ãc$†÷FÖ–Âæ6öĞ£33ƒ#´†6æF†×&–âÂ2å6“³C“ƒ¶ævw&–væ¶'FW'VÒæ&—¢æ–@£33ƒ3´†–ÆF§VÆ¶&æ–ã³ƒS“C“¶¦vv7GWF”–†öòæ6öĞ£33ƒC´Ö&–F’6&v–ƒ³ƒCC#ƒ¶vçW&–æ”†÷FÖ–Âæ6öĞ£33ƒSµFÆ–†6æƒ³“s“·&6WG–÷&–—FævÖ–Âæ6öĞ£33ƒc´–6††Æ–ÒÂ2äw£³#csc·v–æ'6–†FÖ¦–†öòæ6öĞ£33ƒs´´‚â&‡W&·6×W7Föf³“SCC¶Çv6—FvÖ–Âæ6öĞ£33ƒƒ´´‚âF&–F’ævW7GS³csC·&†¶–ÔBæ6öĞ£33ƒ“´vG&&ÖFã³cs3·FVFG–æ7––F„†÷FÖ–Âæ6öĞ£33“´Æ–Æ·W&æ–vã³ƒScC3¶æ6#S$vÖ–Âæ6öĞ£33“´–çFâÖ&F†—–ƒ³“c“S·v–&÷vö†6–Ô–†öòæ6öĞ£33“#´öÆv'–æ’Â2äRä“³3ƒCS·–‡–—7v‡—VF”†÷FÖ–Âæ6öĞ£33“3µ6†¶–ÆgV¦–F“³ccƒ“ƒ¶†–Övãsd†÷FÖ–Âæ6öĞ£33“C´VÆÆ—2v–&÷vó³“S3#·æG6—$vÖ–Âæ6öĞ£33“S´öÆ—f–wVÆæF&“³Sƒ33S·Æ·6Ö—vF”–†öòæ6öĞ£33“c¶G&râ§VÆf6—Fö×VÂÂ2äRã³3sSs¶ÆwW7F–æBç66‚æ–@£33“s´G"âæ&–Æ7GWF’Â2äf&Ó³##S¶¦'vF—7W'–öæôVBæ–@£33“ƒ´vFær&¦6³““ƒ·W6FF6–†öòæ6öĞ£33““µWF’Æ–G–6WF–vâÂÒä³³ƒ“s·f—f–Ö'Væt7bæ÷&p£3C´–Ç–2v6¶—F³ƒ#“3¶×V§W'W&ÖF”Bæ–ç@£3CµFv²â–Ç–2&ÖFâÂ2ä’ä¶öÓ³##cc¶¦–Öã$7bæv÷`£3C#µf–ç6Vâv–&÷vó³S3“#¶Ç&FæW'VÒçvV"æ–@£3C3µ6&‚§VÆ–¶³“cC3C¶ÇW'F—v”†÷FÖ–Âæ6öĞ£3CC´'F†Æ–Öƒ³SC#ss¶ævw&–æ–†Æ–ÔW'VÒçvV"æ–@£3CS´G"âW&¶6æ—GWVÇRÂ2å6“³CS#ƒS¶fF†öæ‡6Ö÷6—$–†öòæ6öĞ£3CcµBâæ6–Ò†'–çFòÂÒäÒã³sC“¶×W'F—v”–†öòæ6öĞ£3Csµ"âÇV‡Vær6–†öÖ&–ærÂ2åBã³scƒ¶VÆ—6‡WFvÇVæt–†öòæ6öĞ£3CƒµFv²âVÖöærv–&—6öæó³s““¶Ææ¦&Ö&'Vä–†öòæ6öĞ£3C“´—"â¶&æW7—F³SC3#c¶ÆçF##„vÖ–Âæ6öĞ£3C´væW&6WG–³3ƒcsc¶¦Æ–Æ6&”BææWBæ–@£3Cµ7V6’WFÖ³Cƒƒ#¶vGVƒ4–†öòæ6öĞ£3C#´ÆF–b¦–Ææ“³Ssƒ“¶÷vÇW–ôvÖ–Âæ6öĞ£3C3´¶&ÖÖ–6&’ÂÒäf&Ó³sƒƒ¶ÖÆæ–ævvöÆä–†öòæ6öĞ£3CC´vÖçFò—&vã³sƒc¶v–æ'6–„vÖ–Âæ6öĞ£3CSµ"äÒâæGR6Ö÷6—"Â2åC³“#““¶†7GWF–F&–F”VBçöçW2æ–@£3Cc¶G&râVÖ–çW&F—–çF“³sSCs3¶¶Æ–ÓCTvÖ–Âæ6öĞ£3Cs´†¢âVÇ–çW&F—–çF’Â2äw£³3¶·v–æ&æôvÖ–Âæ6öĞ£3Cƒµ"â¶W¦–§VÆ–¶³sSc¶VÆ—6ö·Ff–æ”W'VÒæVGP£3C“´VÇV‚—&vã³cSC#c¶f‡WFvÇVætvÖ–Âæ6öĞ£3C#µ"äâ¦Æ–æG&v6æÂÒä¶öÒã³c#S#ƒ¶æÖæFÆBæ–@£3C#´v–ÆF&–öv³ƒSCƒc·—7Wv&æô†÷FÖ–Âæ6öĞ£3C##´¦ÆV†'–çFó³ƒcscc¶6GW&ævv#Bæ6öĞ£3C#3µ7WFâvÆ–öæòW76&“³3cC33¶–æFƒTW'VÒæ÷&p£3C#C´—&–æ6—&Vv"Â2ä¶VC³#sc·WFÖ–&‡Wv—'–vÖ–Âæ6öĞ£3C#S´¦–Â&Fæ³c3cc¶FÖ#s4–†öòæ6öĞ£3C#c´v'&–VÆÆ—VÆ–'F“³s“333·&7GWF—&†&¦vÖ–Âæ6öĞ£3C#sµ"äÒâVÆöâWG&³#C#3¶Fæ—7v&“4vÖ–Âæ6öĞ£3C#ƒ´‚â¦ö¶ò6–ævÂ2ä¶VC³CC“s¶F–vF–ÖæwVç6öætvÖ–Âæ6öĞ£3C#“´7WBvvF’&6WG–ó³ƒCƒc·&W¦STBæÖ–À£3C3µ7WFâvÇV‚f—&vçF÷&òÂÒåC³“3ƒ¶†VæG&–×VÇ–æ”†÷FÖ–Âæ6öĞ£3C3´væw6"&Fæ³#scc·gv6—F†÷FÖ–Âæ6öĞ£3C3#µWF’6·W&‡WFVÂ2åC³#c·F&–†÷&çv‡—TvÖ–Âæ6öĞ£3C33´†VæG&†&—–ƒ³ƒSƒƒ·&—–çF–†6–ÔBç66‚æ–@£3C3C´·VçF†&W76&“³3“ƒ¶†&–&–†7FW'VÒæ÷&p£3C3S´ÆÆ—F6—&Vv#³s#·æGScdBæ–@£3C3c´ÖÖâwVÆæF&“³SsCS3·WG&†7FBæ6òæ–@£3C3s´Æ–çFær¦çV#³c#ss3¶Gv6—F†÷FÖ–Âæ6öĞ£3C3ƒ¶G"â&ævÖ'Væs³3“ƒ#·vçW&F—–çF”–†öòæ6öĞ£3C3“´Ö†gVB7W6çF’ÂÒäf&Ó³“ƒ3#¶öÆ—fC–†öòæ6öĞ£3CCµ7WFâ&FVâæÖv³ƒC#“S¶—fç6–†÷FætvÖ–Âæ6öĞ£3CC´G"âFöFòÖçVÆÆærÂ2ä•³SCs¶ævW7GTW'VÒæ–@£3CC#´×Væ’&FÖÂÒä³³3ƒƒ¶'v–&—6öæôBæ6öĞ£3CC3´G"â6†VÇ6VF×V&öÆöâÂÒäÒã³c““3c¶'VF—–çFööÆvVBææW@£3CCCµwVÆâv–FöFòÂ2åC³“ƒcS“·ævW&çW&ÖF”7bææW@£3CCS´&Æ‡WFVÂÒäf&Ó³ccC·WW6F–†öòæ6öĞ£3CCcµ6WF’æ7––ƒ³s3c¶ç6—Fö×VÄBæÖ–Âæ–@£3CCsµ"â†&–×W'F’Æ·6Ö—vF“³cS3ƒc·F†×&–æ–¶–äW'VÒçvV"æ–@£3CCƒ´ÆVò&6WG–ó³#“S#·G&–6––†öòæ6öĞ£3CC“´—"âvçF"†Æ–Ö‚Â2äw£³3Sƒs·W––æ†–æBæv÷`£3CS´G"â&VÆ–æF†'–çFòÂÒäÒã³3ƒƒ·6ÆÖWGævW7GTvÖ–Âæ6öĞ£3CSµ&–æ’WG&³cSS“S¶öÆ—f–#„Bæ–ç@£3CS#´VÆÆ§VÆ–¶³C#C“C¶–'VãC7bæ&—¢æ–@£3CS3´öæ’Ö–6&’ÂÒäf&Ó³“3ƒcs¶V¶ƒBæ÷"æ–@£3CSC´6‡–†'FF“³ss¶çVw&ö†ô†÷FÖ–Âæ6öĞ£3CSSµVVVâ·W7væF&“³#Cc·væ—§VÆ–¶vÖ–Âæ6öĞ£3CSc´Ö&2æÖv³ƒ“Cs·Æ7G&–6·&'VæBæ×’æ–@£3CSsµ&—¦¶’&Fæ³3“SCS¶w6—F÷'W47bæÖ–Âæ–@£3CSƒ´†6ææ'F“³“S3cS¶v–&—6öæô†÷FÖ–Âæ6öĞ£3CS“¶G"âW'vF’6WG&³ƒc“SC¶¶Ö'–F”vÖ–Âæ6öĞ£3Cc´&Æ–¦âW6Öƒ³“SƒC3¶çVw&ö†ö†6–ÔVBæÖ–Âæ–@£3Cc´–'&æ’†76æƒ³ƒS“3¶æG6—&6¶WDBæÖ–Âæ–@£3Cc#´æ÷f’Öç7W#³ss#S¶Ö'–F–&¶–¦ä†÷FÖ–Âæ6öĞ£3Cc3´¶Ö&–v‡—VF–ã³#“Cc¶ç6WG&vÖ–Âæ6öĞ£3CcC´6&Æ6çF÷6ó³C“C#¶¶—7v‡—VF”Bæ&—¢æ–@£3CcS¶G"â¦6Ö–âçVw&ö†òÂ2äf&Ó³“ƒƒc¶gV¦–F–×W7F–¶VBæ2æ–@£3Ccc¶G"âÆæ¦"Æ7G&“³#ƒs¶wW7F–æÖ'vF†÷FÖ–Âæ6öĞ£3Ccs´Æ–G–&—–çF“³sS#ƒ¶Ö·WFæ6†—'VFF–ä7bæ–@£3Ccƒ´v&FÖæFÆ³csƒ“C·6æ—GWVÇT7bæ–@£3Cc“´G"â¦¶Æ7G&“³sc#3¶'–æ–VÆÆvÖ–Âæ6öĞ£3Cs´†'6æö·Ff–æ’Â2äf&Ó³“#s¶÷&—–çF”vÖ–Âæ6öĞ£3Csµ6F–æÖæFÆ³cS“3s¶væFWvƒ$7bævòæ–@£3Cs#´v–ÆF&†—S³sc3sC¶–F“BææWBæ–@£3Cs3´f&‚æ7––Fƒ³CƒS¶v&æv‡WF6ö—D†÷FÖ–Âæ6öĞ£3CsC´&·F’æ'F“³C“sS¶'–æ—F—F”7bæ×’æ–@£3CsS´Æ'V‚6—F÷'W3³CcSƒ·f—f““”Bæ–ç@£3Csc´v–æFÖæ–³³C#“3S¶—v‡—Væ”VBæ×’æ–@£3Css´vGV‚†&–&“³3s3¶–'Vã“„–†öòæ6öĞ£3Csƒ´†æv‡—Væ“³SSƒS¶6vW&‡WFvÇVæt7bæv÷`£3Cs“µ"âæ7F6–Æ·6—FÂÒä¶öÒã³3ss¶†7FS„Bæ–@£3Cƒ´ÖÆ–Ö'–F“³c¶†'FóStvÖ–Âæ6öĞ£3Cƒµf–öÆWB6çF÷6òÂ2ä¶öÓ³css·77W'–öæô7bæ6òæ–@£3Cƒ#µWFÖ&&÷vó³CcC“·æ—GWVÇTW'VÒæVGP£3Cƒ3´¦æWB†6æƒ³SSc¶6–6–†6æ„†÷FÖ–Âæ6öĞ£3CƒC´¶Æ6–†öÖ&–æs³3ccS¶–'Vçv–&—6öæô–†öòæ6öĞ£3CƒS´Æ–G–W6Öƒ³“Cƒ“·wWv—4†÷FÖ–Âæ6öĞ£3Cƒc´Ö’Wv—3³c“#c¶væW“VBçvV"æ–@£3Cƒs´6–F’6Æ‡VF–ã³““C#·wv‡—Væ”7bæÖ–Âæ–@£3Cƒƒ´¶Ö–Æ†&–&“³3#ss#·wFÖ&†÷FÖ–Âæ6öĞ£3Cƒ“µF&’ÖçVÆÆæs³s·v7GWF–¦¶†÷FÖ–Âæ6öĞ£3C“µBâGv’6—GVÖ÷&æs³Sc“·F6F–·6–†öÖ&–ætvÖ–Âæ6öĞ£3C“µ"äâÆ–G–6WG&Â2åBã³#“S·7W6çF–ÇV¶Öä–†öòæ6öĞ£3C“#´¦–Öâ&æ÷vó³“S#ƒ“¶†6æ4†÷FÖ–Âæ6öĞ£3C“3´6Æ&v6—FÂÒåC³CCsƒƒ¶¦'vF–ÖçVÆÆætvÖ–Âæ6öĞ£3C“Cµ7WFâVÖ’Ö†W7v&³“#·F×V&öÆöæ&¶–F”7bçöçW2æ–@£3C“S¶G&râVÆÖW'vçF“³“ƒCCc·'6f—G&”–†öòæ6öĞ£3C“c´¶W¦–·W7v÷–ó³Ssƒ3·v–æF$–†öòæ6öĞ£3C“s´7WBÖÆ–¶ævW7GS³cCsc3¶¶6—–ƒ#$–†öòæ6öĞ£3C“ƒµ—Væ’6—&Vv#³S3“·–‡–ævW7GT–†öòæ6öĞ£3C““µ6F–æ§VÆ–¶³“Cs“·&†Ö—v7GWF”vÖ–Âæ6öĞ£3SµFv²âöÖâ†6æ‚ÂÒäÒã³ƒC#sS¶—&væ†×¦„Bæv÷`£3S´—"âvvF’&¦FÂ2ä‚ã³ƒ“sSs¶¶ÖæF6&”vÖ–Âæ6öĞ£3S#´ÆVvæ–ævvöÆã³ƒ##cS¶f—&vçF÷&ö×VÇ–BçvV"æ–@£3S3µWF’&W7GRÖç7W#³s##SC·wWFÖBæ2æ–@£3SCµFçG&’ö·Ff–æ“³ƒƒƒ“·ævW7GTVBæ6òæ–@£3SSµv¶–Öâ'VF—–çFó³ƒƒƒS¶¶Ö&Æ““”W'VÒçvV"æ–@£3ScµWF’f–7F÷&–æ÷f—F6&“³“S“s¶†VæG&—6&v–„VBæ÷"æ–@£3Ss´†g6†‚wVæ'FòÂ2ä‚ã³ƒƒSCS·VVVç&æ÷vô†÷FÖ–Âæ6öĞ£3SƒµF—F–â—Væ–#³33#C·V†6æ„†÷FÖ–Âæ6öĞ£3S“´6GW&ævv¦çV#³c“sc·ævW7GTBæ÷"æ–@£3S´öÆ—fWG&ÂÒäf&Ó³S“Cƒc¶æ–ÆÖÖ–6&”–†öòæ6öĞ£3S´†6æ—VÆ–'F“³“cC¶—&FÖ†÷FÖ–Âæ6öĞ£3S#µv—&F¦çV#³sƒC#·–¦çV$†÷FÖ–Âæ6öĞ£3S3µ&—2wVæ'Fó³cSƒƒS¶æF–æS#TvÖ–Âæ6öĞ£3SC´&¶–F’ævw&–vâÂ2ä’ä¶öÓ³Cƒƒ“S·FVfãST–†öòæ6öĞ£3SS´F'Föæò6—GVÖ÷&æs³SSS3¶F&ÖçF÷v6¶—FVBæ6òæ–@£3Sc´–çFâ¦–Ææ’Â2å6÷3³CƒSs¶—fæ·W7v÷–ôVBçvV"æ–@£3Ss¶G&râÖVÆ–v–F–7GWF“³CcƒS¶æ&F“s$–†öòæ6öĞ£3Sƒ´¦vF’6WG&³cSƒƒ¶¶¦VãW'VÒæ÷"æ–@£3S“´&·F’v‡—VF–ã³c“s#¶6—G&6FöæôBæv÷`£3S#µF6F–²&67F³ƒ#ss¶–æG&S$–†öòæ6öĞ£3S#´f—G&–§VÆ¶&æ–ã³#33Sƒ¶&WFæ–6—&Vv$VBævòæ–@£3S##µ7WFâVv†76æ‚ÂÒä¶öÒã³c#““¶†–F–çFö¶—Vä–†öòæ6öĞ£3S#3´¦ö¶òF×V&öÆöã³sSC¶Ö†W7v&væFWv–†öòæ6öĞ£3S#Cµ6Ç6&–Æv–&—6öæó³c“c3·&÷6ÖãdBæ–@£3S#S´F–&¦Ö'Væs³ƒsc¶†&¦–VF¦–7GWF”†÷FÖ–Âæ6öĞ£3S#c´æ÷f’v–&—6öæó³#Sƒs¶öÆ—f–×W7FöfBæ6öĞ£3S#s´6–çF†–‡WFvÇVærÂ2äRä“³“3S“s¶VÇVƒS4VBæ6òæ–@£3S#ƒ´—"âÖÆ–v–FöFó³cS#·F×V&öÆöææ&–ÆvÖ–Âæ6öĞ£3S#“µFÆ–&†ÖvF“³C“¶6V×ÇVæ¶Æ§V&F”Bæ–@£3S3´vÆ–‚Ö†VæG&³cS3“ƒ¶VÆÖc†÷FÖ–Âæ6öĞ£3S3µFv²âÆÆ&FÖ³S#ƒS¶6v·v6¶—FBæ2æ–@£3S3#µBâ–÷6VbÖç7W#³“Sƒ¶¶VÖ&C„vÖ–Âæ6öĞ£3S33µWF’&F–‚f&–F³3““C“¶&wW3#”7bæv÷`£3S3CµFv²â6GW&ævvæ7––Fƒ³““#s3·7W'–FÖ—&†ÖäBæÖ–À£3S3S´VÆ’—Væ–#³csc“¶¶—&g—VÆ–çF”vÖ–Âæ6öĞ£3S3c´G"â–6†wVævã³ƒc3#C·–÷6VfÖ&F†—–„†÷FÖ–Âæ6öĞ£3S3s´F–æW'vçF“³c#S“·6öÆVƒ3tW'VÒæÖ–Âæ–@£3S3ƒ´fV&’—VÆ–çF“³“Ccs¶FFC7bæ÷&p£3S3“´G"â¦Ö—&¦çV"ÂÒä¶öÒã³“C·Æ7G&–çW'VÄvÖ–Âæ6öĞ£3SC´væF’æ¦×VF–ã³Csc·F—'F#4Bæ÷&p£3SCµFv²â¶6—–‚vÇW–òÂ2åC³3Cc·6'&–æ†76æ„Bævòæ–@£3SC#´G"â6F–æ—&vã³Cƒ¶æ—F&F–çFô7bæ×’æ–@£3SC3µ¦—¦’v6æ³ƒs·W6Öã#vÖ–Âæ6öĞ£3SCCµ&–Gvâ&æ÷vó³sƒƒ¶ÖVvçF&vF÷DBæ×’æ–@£3SCS´öÖâ&†ÖvF“³sSS¶Ö““”W'VÒæ2æ–@£3SCcµWF’Föæv÷&ã³““3“¶†Æ–ÖÆ6ÖçFôVBæ6öĞ£3SCs´VÇf–æ&F–çFó³3SSc“¶6÷&æVÆ–“BææWBæ–@£3SCƒµv&¦’æ&&ã³ƒs¶–¶3dvÖ–Âæ6öĞ£3SC“´F–æ6f—G&“³#ƒ“¶æ&&æÆ–Ö$W'VÒæ6òæ–@£3SS´†'6–WFÖÂ2åBã³ƒ3ss3¶÷§——VÆ–'F”–†öòæ6öĞ£3SS´†'FæwVÆæF&“³C#ƒC¶†'–çFö6·&'Væ–†öòæ6öĞ£3SS#´†¢âVVVâÖæwVç6öæs³SSC33¶†Æ–Ö†æ6–ÔBæÖ–À£3SS3´&VÆÆ&F—F³3s3¶w6–†÷Fæt–†öòæ6öĞ£3SSCµ¦—¦’7W'–öæó³3SƒcC·6ÆÖãƒ”Bæ–@£3SSS´Ö’v–F–7GWF“³cCss“¶ÆGWöæ÷÷&”W'VÒæ2æ–@£3SSc´ÆVÖ&‚6—F÷'W3³3“ƒ3¶6¶WGW'F—v”Bævòæ–@£3SSs´‚â&f’·W&æ–vâÂÒåC³#sƒ·FÖÆGWöæô7bævòæ–@£3SSƒ´ævv&–v–&÷vó³“3C#“¶—F×V&öÆöä†÷FÖ–Âæ6öĞ£3SS“µ'W6ÖâçVw&ö†ó³s#S3·&ævvW'VÒæv÷`£3ScµF—&æG6—#³Sc“3·&FÖ÷äBæFW6æ–@£3Sc´FR6—&Vv#³“·WG&—&†–Ö„Bæ–@£3Sc#µFv²â6—F’7V'F–æ“³sƒC·v–æ&æöVÆÆ—47bæ×’æ–@£3Sc3´Ö'vFÖ'–F“³Sƒs#¶†W7F–†¶–Ô7bçvV"æ–@£3ScC´GBâ&÷6Öâ6çF÷6òÂ2åC³“#“·æGV†'FF”VBçvV"æ–@£3ScS´—"âv'&–VÆÆ&FÖ³ƒCc3¶‡FÖ6&”vÖ–Âæ6öĞ£3SccµWF’¦W76–6†–F–çFó³S#sSS¶vÇV‡WFÖ7bævòæ–@£3Scs´·W7VÖÖVvçF&³s“C¶Ö†–F–D7bçöçW2æ–@£3Scƒ´&¶–¦â¦–Ææ“³Sc3C·FÖ'–F”vÖ–Âæ6öĞ£3Sc“µ–æ’×VÇ–æ“³3C3S3¶6‡–F“d7bçöçW2æ–@£3Ss¶G"âF—F’7VF–F“³Sƒƒƒ#·vÇW–ö¦–F”Bævòæ–@£3Ss´7WB–æ¦–Ææ“³S#CS“¶6V×ÇVæ¶ÖVÆæ†÷FÖ–Âæ6öĞ£3Ss#µW–²6—&Vv#³ƒcs¶Ææ÷f—F6&”Bæ–ç@£3Ss3µ6·W&†æF–æ“³cC#¶wW7F–æ&v4†÷FÖ–Âæ6öĞ£3SsC´¶V—6†Æ–Æ6&’ÂÒåC³SCs3S¶FvVÆÖ†W7v&†÷FÖ–Âæ6öĞ£3SsSµFv²â¶7W7&†–F–C³cS3¶Ö'–F–VÆ—67bæ6öĞ£3Ssc´&§&v–âæG&–æ“³ƒ“S“¶–Ç–3Sd†÷FÖ–Âæ6öĞ£3Sss´F×Ræ–ævvöÆã³ƒS“S¶†Öç7W$7bæ÷&p£3Ssƒ´¶VÖ&FÖæ–³³C3C#¶æ¦×VF–æ¦VÖä–†öòæ6öĞ£3Ss“´&¶–¦â†'–çF“³c33c·G6—Fö×VÄ–†öòæ6öĞ£3Sƒ´ÇWF†f’—VÆ–'F“³#sƒ¶·W6ÖvF––fBævòæ–@£3Sƒ´G'2â†W'–çFòv–FöFó³Cs¶6–çF$vÖ–Âæ6öĞ£3Sƒ#µ"âÖVÆ–æF6–Ö&öÆöâÂ2ä¶VC³“S“ss¶¶Vç¦–S7bçöçW2æ–@£3Sƒ3´–æF‚&†–Öƒ³#ƒ3S¶öÆ—f§VÆ¶&æ–ä†÷FÖ–Âæ6öĞ£3SƒC´G'2âÆVvæG&–æ“³#Cc#ƒ¶v†Æ—–F“Cd–†öòæ6öĞ£3SƒS´7WBf—¦‚†Æ–Öƒ³CSS#¶‡WF6ö—G6Æ–Ö„VBævòæ–@£3Sƒcµ"âF—F–â·W7væF&“³“SS¶¦çV&FöæôBæVGP£3Sƒsµ&†Ö’v6æÂÒåC³sC¶†&–&–Ö¶&W'VÒæ–ç@£3Sƒƒ´G'2âvÖçFò6VgVÆÆƒ³C““#¶wVæ'Fö¦VÆ—FvÖ–Âæ6öĞ£3Sƒ“´GBâ†W'RÆ·6Ö—vF“³Ss3¶Æ–çFæv†æF–æ”Bæ÷&p£3S“µ&FVâö·Ff–æ“³##“¶vçF&ÖVvçF&BææWBæ–@£3S“´¶æ–v‡—VF–ã³“CS#“¶V†7GWF”vÖ–Âæ6öĞ£3S“#´Wfv6æ³Cs3c¶÷&F—F–†öòæ6öĞ£3S“3´¶Æ–ÒÆ–Æ6&’Â2äRä“³C#S“·—VÆ–çF–Öæ„vÖ–Âæ6öĞ£3S“C´æ÷f’F×V&öÆöã³Sƒc·‡&F—v”†÷FÖ–Âæ6öĞ£3S“S´–çFâv6æ³#“ss·&ÖFç&–ævÖ–Âæ6öĞ£3S“c´–'&æ’7Wv&æó³Csƒ¶W&–³Ct†÷FÖ–Âæ6öĞ£3S“s´Æ–¶&¦F³sCC33¶Æ–Æ6&–·VçF†&VBæ6öĞ£3S“ƒµVÆ–âF'V¶¶S³ƒSSs¶gV¦–F–vFBçvV"æ–@£3S““´Ö†×VB&¦F³3CS3c¶–¶–ãcvÖ–Âæ6öĞ£3c´¦'v’&†ÖvF“³“3ƒC·VÇf†÷FÖ–Âæ6öĞ£3c´G'2â&–†âçW&–æ“³c“CC·7W6çF–&Æ–¦ävÖ–Âæ6öĞ£3c#´&Æævv&6WG–ó³sC¶vF÷FÖçVÆÆæt†÷FÖ–Âæ6öĞ£3c3¶G"â6‡–öæòwVæ'FòÂ2ä‚ã³CCS“·f–ç6Vç&†—TBæFW6æ–@£3cCµ7WFâ6†æG&çW&F—–çF’Â2äw£³ƒ#3·–Öã34Bæ2æ–@£3cS´F66–Ö&öÆöã³S““cs¶Fæ6†—'VFF–äVBæFW6æ–@£3cc´†&’&†–Ö‚Â2åC³#scƒ¶6ö·Ff–æ”7bæ2æ–@£3cs´GBâ¶6—&âævW7GS³cƒ3c¶6‡–F“CBæ&—¢æ–@£3cƒ´v7F’†æF–æ“³3sc3·–wVævävÖ–Âæ6öĞ£3c“µFv²âæ—FÖç7W"Â2ä¶öÓ³SCsC3¶æG&–æ—v&¦”–†öòæ6öĞ£3c´Æ–çFær&&÷vòÂ2å6÷3³ƒcSss¶Æ–Æ6&–F–vF–W'VÒæ6öĞ£3c´¶v6v–¦–³#Cc“·F×V&öÆöçv6—4VBæ–@£3c#´öÆ—fv–&—6öæó³ƒss¶&æ6#c”†÷FÖ–Âæ6öĞ£3c3µ6Ç6&–ÆÖVÆæ³SƒC·&7GWF—f–ç6VäW'VÒææW@£3cC´–6†F×V&öÆöã³s#¶¶ÖÃ–†öòæ6öĞ£3cS´†¢âFÖ’6—&Vv#³S3sƒ¶6·&væw6#”VBævòæ–@£3cc¶G&râÖ—G&æG&–æ’ÂÒäf&Ó³cScC¶–æÖ&'VäVBæ×’æ–@£3csµFv²â&VÆ–æFÖ–6&’Â2ä•³“3S#3¶¶ÖÃDW'VÒæ÷&p£3cƒµVÇ–§VÆ–¶³“S#¶Fææv'VF—–çFôVBç66‚æ–@£3c“´7WBæ÷f’†'–çFòÂ2ä¶VC³““C·&¶6F–vF–VBæ÷&p£3c#´V¶—Væ–#³ƒ““c¶†&—–„Bæ÷&p£3c#´f—G&–æ’&¦F³3S3S“·¦—¦“c4vÖ–Âæ6öĞ£3c##µ6–Ööâæ7––ƒ³3Cc#ƒ·6FöæöwW4vÖ–Âæ6öĞ£3c#3¶G&râv7F’—7v‡—VF’Â2ä•³C3c·6–Öæ§VçF¶—&Ö†÷FÖ–Âæ6öĞ£3c#C´Ö’†6æƒ³3#C¶·W7VÖô†÷FÖ–Âæ6öĞ£3c#S¶G"â&—2—&vã³“3C#¶¦—6Ö'VætvÖ–Âæ6öĞ£3c#cµWF’&F–‚&F–çFòÂÒä¶öÒã³3S#cƒ¶&æ6'v6æVBæ÷"æ–@£3c#s´&WFæ–W&ÖF³s3c3¶çW&–æ–¶æ–W'VÒæ÷&p£3c#ƒ´6–æG’6—&Vv#³“#C3·æGS3d7bæ6öĞ£3c#“´æ6"v–&÷vó³cs3Cc¶·6—&—D†÷FÖ–Âæ6öĞ£3c3µFv²â†W7F’W76&’ÂÒäf&Ó³S“S#S·v–FöFöÆF–¶BçöçW2æ–@£3c3´—"â&–æ’æ–ævvöÆã³sccƒs¶Æ6ÖçFóc$–†öòæ6öĞ£3c3#´†æ†–F–çFó³3“#¶ÆVÖ&ƒc$–†öòæ6öĞ£3c33´6æG&v6—F³CCƒcC¶FWf“StvÖ–Âæ6öĞ£3c3C´†W'–çFò6—GVÖ÷&ærÂÒåD’ã³ScCCS·vÖVÆæ7bææWBæ–@£3c3SµWF’æ7F6–wW7F–æ³sc#SC·&¶÷6ÆGWöæôvÖ–Âæ6öĞ£3c3c´—"âvÇW–òv6¶—F³ƒ“ssC¶&Æævvv–¦–W'VÒææWBæ–@£3c3s´GBâFRwVÆæF&’Â2å6÷3³cccs·&†&¦WG&vÖ–Âæ6öĞ£3c3ƒ´f&‡Vææ—6v7GWF“³C“#c¶×W'6–æ–ç6—F÷'W4VBæ÷"æ–@£3c3“´G"â–æF‚—Væ–#³c“ƒ#“¶æÖvVF—6öävÖ–Âæ6öĞ£3cC´6æG&¶çFW&ÖF³sS#S·G&–6–S7bæÖ–Âæ–@£3cCµ&†—R7W6çF“³csSCc¶væWÖ†VæG&VBç66‚æ–@£3cC#µ¦—¦’v7GWF“³C#S“·6WG–ƒ”vÖ–Âæ6öĞ£3cC3´—&Öv–¦–³CC#S·v‡—Væ–6—G&BçöçW2æ–@£3cCCµ"âFVfâ×VÇ–æ“³ƒ“ƒ¶&¶–¦ç7W6çF”vÖ–Âæ6öĞ£3cCSµW7–’Æ·6Ö—vF“³“Cc“¶¶Ö–F–ãƒDW'VÒçöçW2æ–@£3cCc´´‚â6‡–F’·W6ÖvF“³#3S#C·FÖ&&F”Bæv÷`£3cCs´W&÷&&6WG–Â2ä¶VC³SCsƒC·W'F—v–÷ä†÷FÖ–Âæ6öĞ£3cCƒµ6–gVÂ'VF—–çFó³“3ƒ·FVwV‡v6¶—F–†öòæ6öĞ£3cC“´GBâ&ÆF’Ö'–F“³ƒS“·WG&“ƒW'VÒæ÷"æ–@£3cSµFv²âVVVâW'F—v’Â2å6÷3³ƒc““¶VF–ÖVvçF&VBæv÷`£3cS´ÆÆ—FçW&–æ“³S“Cs¶ævW7GT7bçöçW2æ–@£3cS#µvæ’wVÆæF&“³C““““¶Ö–&¦6vÖ–Âæ6öĞ£3cS3¶G&râ†'6–6—GVÖ÷&ærÂÒåC³#S“#¶¶'6ææ'F”7bæÖ–Âæ–@£3cSC´Ö'–F’—Væ–#³CS#S#¶væFWvC„Bæ–ç@£3cSS´&VÆ–æFæ÷f—F6&’Â2ä‚ã³#ƒƒc“¶·VçF†&†'–çFô–†öòæ6öĞ£3cSc´W&÷&v–æ'6–ƒ³##Cc·&—–çF–†&”W'VÒævòæ–@£3cSs´6Væv¶—"'–æ“³ƒCCS#·v–&÷vôBæ&—¢æ–@£3cSƒ´—"â¦Vær†&—–‚ÂÒä³³ƒ“3#s¶—6—&Vv$–†öòæ6öĞ£3cS“´'FW6Öƒ³ƒsƒCs·F—'F–6†&—–„VBçvV"æ–@£3cc¶G&râv–æ‡WF6ö—BÂÒä³³3S“c“·&¶6—VÆ–æBæ–@£3ccµ"äÒâÖÖâÆ§V&F’ÂÒäf&Ó³ƒ3S·WWFÖ”†÷FÖ–Âæ6öĞ£3cc#´V¶†7GWF’ÂÒäf&Ó³#ƒ“Cs·VçW&–æ”W'VÒæ÷"æ–@£3cc3´G"âFF’ÖVÆæÂ2å6÷3³cCsS·v6æVBç66‚æ–@£3ccCµ6Ö–‚wVævã³S“Cc¶†'–çFöF×T–†öòæ6öĞ£3ccS´Ö†W6çW&F—–çF“³CscC¶·v‡—VF–äBææWBæ–@£3ccc´6&Æ·W&æ–vâÂ2ä•³#s#“·††–F–çFôBæv÷`£3ccs´F–æFG&–ç7–‚Â2ä‚ã³“CCƒ·F7v—#“–†öòæ6öĞ£3ccƒ´GBâ¶6—&âwW7F–æÂ2äw£³ƒScs“¶ÖÖãƒBæ÷&p£3cc“´¶6—&â†¶–Ó³ƒ“#ƒ·&Ö—FÖVÆæ–†öòæ6öĞ£3cs´¦–Öâ6–Öæ§VçF³³sSs·v–¦–çF–¶VÖÄ7bææWBæ–@£3csµ"äÒâ&f’†–F–C³“3SCƒ¶Ö'–F–F'V¶¶TBæ2æ–@£3cs#´æF–æR6—F÷'W3³ccC#S¶—Sƒ7bæ÷&p£3cs3´†&¦6–öÆæF³s#3c#¶6Æ&&¶67bæ6öĞ£3csC´v7F’×W7Föf³ƒ3s¶¦Æ§V&F”VBæFW6æ–@£3csSµF—&6–Ö&öÆöâÂÒä¶öÒã³SCCc·WFÖwW7F–æW'VÒçöçW2æ–@£3csc´F–æFv–FöFó³3C¶öÆ–Æ6&”W'VÒæv÷`£3cssµ"â6&Æ†¶–ÒÂ2ä’ä¶öÓ³S#c·—&¦F†÷FÖ–Âæ6öĞ£3csƒµ"â6f–æW'vçF’Â2äRã³““sC“·¦·W7væF&”vÖ–Âæ6öĞ£3cs“´GBâvF÷BÖ'–F’Â2äRã³CC33¶æÖvv&vÖ–Âæ6öĞ£3cƒµF–&†Æ–Öƒ³S“3ƒ¶6×W7FöfvÖ–Âæ6öĞ£3cƒ´¶V—6†æ—GWVÇS³Ccs¶æG6—&¶'6æ†÷FÖ–Âæ6öĞ£3cƒ#¶G&râfW&çW&F—–çF’Â2åC³c#ƒS¶¶'VF—–çFôW'VÒæ×’æ–@£3cƒ3´—"âvæW2Æ–Æ6&“³cƒ#CS·—6–†÷FætW'VÒçvV"æ–@£3cƒCµ"â†&¦–Ö'Væs³““s3·&¦6&†Ö”W'VÒæ÷"æ–@£3cƒS´G"â6f–æ†'–çF“³ƒSCS¶Ö†W7v&ÖÆ–Bæ2æ–@£3cƒc´fF†öæ‚W6Öƒ³“#SCC·FVFG“#T–†öòæ6öĞ£3cƒsµ"â6‡–öæòÖçVÆÆæs³3c#3S¶'VF—–çFö&v4†÷FÖ–Âæ6öĞ£3cƒƒµ&6WG–ò6Æ‡VF–âÂ2äw£³ƒ#ƒ““·vF“–†öòæ6öĞ£3cƒ“´ÆF–¶&¦6Â2äRä“³CS#sS¶v—&vä–†öòæ6öĞ£3c“´ÆVÖ&‚wVÆæF&’Â2ä¶öÓ³Ss33c·WFÖ”vÖ–Âæ6öĞ£3c“µF—F–âF×V&öÆöã³S#ƒC¶¦æ&&ä†÷FÖ–Âæ6öĞ£3c“#´¶&F’WG&³SS·§v–æ'6–„7bæ÷"æ–@£3c“3´·Væ6&&†—S³#3#“s·&&vCtW'VÒæFW6æ–@£3c“CµBâÖ&væçVw&ö†ó³“cƒSC¶v†æ–æÖv†÷FÖ–Âæ6öĞ£3c“S´¶Ö&–†–F–çFó³“C3ƒs·Wv—6FæætBæ×’æ–@£3c“cµ"äâ†–ÆFæ–ævvöÆã³S#s#¶G&†ÖvF”BæÖ–Âæ–@£3c“s´6V×ÇVæ²W6FÂÒåC³C#S3¶vG&ƒvÖ–Âæ6öĞ£3c“ƒµWF’F&–†÷&ã³““Ss¶†æF–æ–¶¦Vä–†öòæ6öĞ£3c““´æ÷f’&ÖFã³s#¶'VF“S$7bææWBæ–@£3s´—&W76&“³c#cC¶vÖæ“ƒtvÖ–Âæ6öĞ£3sµFv²â6'&’W&ÖF’Â2ä¶VC³c#3·&ævW&ævF”vÖ–Âæ6öĞ£3s#¶G"âvGV‚v6—F³ƒ#“#3¶×VÇ–æ–F–ä†÷FÖ–Âæ6öĞ£3s3´GBâ–‡–·W7væF&“³ƒCsc¶F'Væv–æ&æôW'VÒæ2æ–@£3sCµ&æFF'V¶¶S³cƒƒ¶ÖÆ‡WF6ö—D†÷FÖ–Âæ6öĞ£3sS´ÆVvvv‡—Væ“³3Cs3·W6Ö‡vF”VBævòæ–@£3sc´¶W¦–§VÆ–¶³3S“s¶FSC4BææWBæ–@£3ssµVÆ’æG&–æ“³#S3·–÷6VcC†÷FÖ–Âæ6öĞ£3sƒ´V¶7V'F–æ“³cCƒ·&W7GSdVBæ–@£3s“´ÖVÆ–æFv6¶—F³3cCS“¶ö·Ff–æ–ö·Fô7bæVGP£3s´–Ç6F&–†÷&ã³ss·VÆ–ã$Bæ×’æ–@£3s´¦F’F'V¶¶S³#sC¶Fæ—7v&“„7bævòæ–@£3s#µ6—F’WFÖÂ2ä’ä¶öÓ³C#““S·f–öÆWG6Föæô†÷FÖ–Âæ6öĞ£3s3´Ö&–·W6ÖvF’Â2ä’ä¶öÓ³#““C¶¶Ö–Æ&FÖvÖ–Âæ6öĞ£3sCµf–·F÷"W'vçF“³ƒc3ƒƒ¶Ö†×VCSDvÖ–Âæ6öĞ£3sS´'–66VgVÆÆƒ³cc#3ƒ·v–æF#†÷FÖ–Âæ6öĞ£3sc´¶Ö–ÆÖçVÆÆærÂ2äf&Ó³s“s3·7F×V&öÆöävÖ–Âæ6öĞ£3ss´&ÆÖçG&’'–æ“³“ƒƒƒ·‡v‡—Væ”–†öòæ6öĞ£3sƒ´†'6çFòÖ†VæG&³c“ƒS“¶ö·Ff–æ–ÇV¶—F†÷FÖ–Âæ6öĞ£3s“´öæ’§VÆ¶&æ–ã³“c#c¶&æ7––F„–†öòæ6öĞ£3s#µ&–övò—7v‡—VF“³#“Ss¶F&–¦æ·W7v÷–ôvÖ–Âæ6öĞ£3s#´÷6¶"wVæ'Fó³##s“ƒ·FÖ–ÖVÆæ”vÖ–Âæ6öĞ£3s##¶G&râÆæ¦"&¦F³3cƒ“¶vGV‡W6Ö„7bææWBæ–@£3s#3´6‡–æG&–æ“³3Sc#3¶6'V&ÖVÆæVBææWBæ–@£3s#C¶G"â¶6—–‚&F—v“³“3C#¶†W'–çF÷&7GWF”†÷FÖ–Âæ6öĞ£3s#SµVÇ–v7GWF“³s#S#¶¶æG6—$†÷FÖ–Âæ6öĞ£3s#cµ&W¦†76æƒ³#3“S#·–Ö'–F”†÷FÖ–Âæ6öĞ£3s#sµWWB6—&Vv#³sƒ#3c·F–&wVÆæF&”–†öòæ6öĞ£3s#ƒµF–&†Æ–ÒÂ2å6÷3³“ƒƒ#c·W7–“stBæ2æ–@£3s#“´ÖÆ6çF÷6òÂÒä¶öÒã³c#3s“¶W&–³4W'VÒç66‚æ–@£3s3´×VÇ–öæò·W6ÖvF“³c“3#·6–†öÖ&–æw&&÷vô7bæ&—¢æ–@£3s3´&VÆÆ—VÆ–çF’Â2åC³CƒsS·GVv–Öææ¦×VF–ä†÷FÖ–Âæ6öĞ£3s3#µBâ6·&¦—–Æ7G&“³cƒC·WF×V&öÆöävÖ–Âæ6öĞ£3s33µ7WFâW'vW6FÂ2ä¶VC³#3S“#·&F“ctvÖ–Âæ6öĞ£3s3Cµv&F’&6WG–ó³3s“ƒ¶–'&†–ÓƒdVBæ÷"æ–@£3s3Sµ7WFâvÖâW76&“³“#cƒ¶wVæ'Fö6VÖWF”Bæ–@£3s3cµVævwVÂ·W7VÖó³“CS“¶—6Ö–Æ†–F–çFôBæÖ–Âæ–@£3s3s´ÆævvVærö·Ff–æ“³cCƒ“¶——VÆ–'F”vÖ–Âæ6öĞ£3s3ƒµW'vçW&F—–çF“³s“cs¶¶&–Ö‡v–&÷vôvÖ–Âæ6öĞ£3s3“µ"âWGR†–F–BÂÒä³³#3c#s¶&—6æ—GWVÇTBçöçW2æ–@£3sCµ7WFâ–÷6Vb‡WFvÇVærÂ2ä•³cc3¶†&F—&ÖFävÖ–Âæ6öĞ£3sC´†¢â†–ÆF‡WF6ö—C³3S“sc·vvS#W'VÒçöçW2æ–@£3sC#µf–6·’æ¦×VF–ã³c#S¶¶7W7&#VBævòæ–@£3sC3´Ööæræ¦×VF–âÂ2äRä“³cC“·&W7F–†¶–Ô–†öòæ6öĞ£3sCC´Æ–çFær7GWF’Â2ä’ä¶öÓ³3CC“¶÷Væw§VÆ¶&æ–ä†÷FÖ–Âæ6öĞ£3sCS´–çFâv6æÂÒäÒã³“S#“¶Ö·WF&6WG–vÖ–Âæ6öĞ£3sCc´6&ÆçW&F—–çF’ÂÒäf&Ó³C3C·W6Ö†VÆÖ†÷FÖ–Âæ6öĞ£3sCsµ¦‡&ÖæFÆ³cS#s¶6·&væw6†'–çFô7bæ&—¢æ–@£3sCƒ´Ö'Fæ’æ–ævvöÆã³##Sƒ¶†'–çF÷—W7VdVBæ–@£3sC“¶G"â6·W&§VÆ–¶ÂÒäf&Ó³CC3s#¶–æc”BæFW6æ–@£3sS´G'2â¦vF’v–&÷vòÂ2äw£³cC¶vf—&vçF÷&ôVBçvV"æ–@£3sSµ÷&’v–&÷vó³SCs¶Ö&'Vç6–F—BçvV"æ–@£3sS#´æ–ÆÒ6–Ö&öÆöã³SƒS¶æ7––‡6G–BæÖ–À£3sS3µFv²âF–Ö¢·W7v÷–ó³CCsCC·&–övÖç7W$–†öòæ6öĞ£3sSCµ&†Ö’¦–Ææ“³“3#ƒC¶væW6†'FF”W'VÒæ2æ–@£3sSS´FöFò&F—F³3Cc“·6çF÷6÷æ6W'VÒæ–ç@£3sSc´–f¦çV#³33c3C¶öF'V¶¶T†÷FÖ–Âæ6öĞ£3sSsµ"âVÆÆ—26—&—C³3s#3¶&¶–çFó“”W'VÒæ–@£3sSƒ¶G&râ6–æG’F'V¶¶S³3Ss·6WG&VvvÖ–Âæ6öĞ£3sS“´GBâ&æF6—&Vv"ÂÒä³³3ss·v–G–sBæ2æ–@£3scµ7WFâ&·F’çW&–æ“³#cCS¶Ö–×Væ‡7W6çF”–†öòæ6öĞ£3sc´¦ÖÆ–&†—S³Cc“¶¶'6ÖVÆæ”†÷FÖ–Âæ6öĞ£3sc#µ†ææF†×&–ã³ƒ#“c·VÖ––öÆæFVBæ÷&p£3sc3µ&6WG–&¦F³CC#ƒƒ¶V—7v‡—VF”7bæÖ–Âæ–@£3scC´¶&Vâ'VF–Öã³#ƒƒC“·FöÖ—&6WG–ôVBæ÷"æ–@£3scS´¦W76–6æ–ævvöÆã³##¶§F†×&–ä†÷FÖ–Âæ6öĞ£3scc´†¢â&–¶×VÇ–æ“³ƒS·fW&s4vÖ–Âæ6öĞ£3scsµ"âv&¦’†¶–Ó³ScC¶Gv6æBæ–@£3scƒ´öÆ—f–6–æv³3ss““·†¦çV$†÷FÖ–Âæ6öĞ£3sc“¶G"âFÆ–—VÆ–'F“³C3ƒ¶F'V¶¶V†6æ7bæÖ–Âæ–@£3ss´GBâF×R6&v–ƒ³3c¶Wv–&÷vôBæ&—¢æ–@£3ssµfW&&FæÂÒä³³#“scƒ¶¦VÖçv6—FvÖ–Âæ6öĞ£3ss#´æ—F†æF–æ“³SCc3ƒ¶ÆÖ#“$VBçöçW2æ–@£3ss3´¶&VâçW&F—–çF“³S“sc¶çVw&ö†ö¶6—–„†÷FÖ–Âæ6öĞ£3ssC´¦ÖÆ–f—&Öç7–ƒ³ƒ#SS3¶F&Ö¦“ƒ„7bæÖ–À£3ssS¶G&râFVfâ&67FÂÒä³³##3ƒ#¶Æ–Æ6&——W7Vd–†öòæ6öĞ£3sscµBâW&–²v‡—Væ’ÂÒäf&Ó³SSCs·‡v6æ7bæ6òæ–@£3sss´‚â&ævvv–æ&æòÂ2åBã³SSSƒC¶v&FsD–†öòæ6öĞ£3ssƒµBâç–æ‡WF6ö—BÂ2ä’ä¶öÓ³ƒ#SCƒ¶¶7VæwW'F—v”–†öòæ6öĞ£3ss“µ&–öv6VgVÆÆ‚Â2äf&Ó³#ƒcƒ¶wVæ'Fö¦–vÖ–Âæ6öĞ£3sƒ´×VÇ–öæò—7v‡—VF“³3“3Ss¶–'&†–Ó3dBæ–@£3sƒµ–6—GVÖ÷&æs³CS#¶Æ–¶StW'VÒævòæ–@£3sƒ#µFÖ’&†ÖvF“³“SS3¶'–æ–¶–ÆvÖ–Âæ6öĞ£3sƒ3´G"â§VÖ&’&¦6³sCSc¶—6Ö–ÃtBææWBæ–@£3sƒC´&æ6"6WF–vâÂ2å6÷3³“C“¶ÖVÆæ–çVw&†–†öòæ6öĞ£3sƒS´6Æ&†æF–æ“³sCCs¶Fævw&–väVBæVGP£3sƒcµWF’f–6·’†&F–ç7–ƒ³CƒS¶†æ7––F„†÷FÖ–Âæ6öĞ£3sƒsµ–ÖâFÖæ–³³##s“·G6—&Vv$W'VÒæ6òæ–@£3sƒƒ´†W'–çFòævw&–æ“³C#ƒS·æG&–æ”Bævòæ–@£3sƒ“´G"âFÆ–Ö–â'VF–Öã³C3#ƒ“·–‡–v–¦–çF”W'VÒæ×’æ–@£3s“´§VÖF’Wv—3³“3“¶æ÷f–Æ–Æ6&”†÷FÖ–Âæ6öĞ£3s“´F–âG&–ç7–ƒ³ƒs3¶‡VÖ—&T†÷FÖ–Âæ6öĞ£3s“#µF—F–â×VÇ–æ’Â2ä•³CCC¶†'FF–÷VætVBæÖ–Âæ–@£3s“3µBâ&vöæòv–¦–çF’Â2åBã³C“ƒ¶æG6—'¦VÆ–vÖ–Âæ6öĞ£3s“C´G'2âvÖ&Æærv–æ'6–ƒ³“cC¶'–æ–¶'F–¶Bæ2æ–@£3s“Sµ–öv7GWF“³c#sc3¶¶&Öc„†÷FÖ–Âæ6öĞ£3s“cµ&F–‚W'vçF’ÂÒäf&Ó³CC“S3¶vö·Ff–æ”–†öòæ6öĞ£3s“sµfW&ò7W'–FÖ“³#SCC¶'–æ–7væ”–†öòæ6öĞ£3s“ƒ´†×¦‚'VF—–çFó³csC·G6—Fö×VÄ†÷FÖ–Âæ6öĞ£3s““´—"âÖVÆ––öÆæF³s“sCs·6ævw&–æ”7bçvV"æ–@£3ƒ´7væ’v–FöFó³3ƒ#¶—Wv–æ'6–„BæÖ–Âæ–@£3ƒ´—"â†F’&FÖÂÒäf&Ó³SCS·7–‡&–æ–wVæväW'VÒæ2æ–@£3ƒ#¶G"â¦æWBW7—F³Cƒƒc¶Ö&3s„vÖ–Âæ6öĞ£3ƒ3´¶F—"&F—v“³C#·—&väVBævòæ–@£3ƒC´6–çF†–‡WFV³33cC·V¦–—&vävÖ–Âæ6öĞ£3ƒS´æ§vvÇW–ó³3CC·Æ–Æ6&”BçöçW2æ–@£3ƒcµFæ–v–&÷vó³s3“C3·§wVÆæF&”7bæv÷`£3ƒs´vÖçFòv–&—6öæó³##·F—F–ç§VÆ¶&æ–äBææWBæ–@£3ƒƒ´6—'væFçW&F—–çF’ÂÒäf&Ó³c#S¶&Æƒ$7bæ2æ–@£3ƒ“´Wf7W'–FÖ“³3Cƒƒ·6–†öÖ&–æw&ævVBæ–@£3ƒµ6†æ–&FÖ³“c3ƒ#¶÷†VÆ–STvÖ–Âæ6öĞ£3ƒ´¶Ö–F–âÖç7W#³CCcsƒ¶×VÇ–#t–†öòæ6öĞ£3ƒ#µ—Væ—FvÇW–ó³“3·F–&W&ÖF”†÷FÖ–Âæ6öĞ£3ƒ3´7WBf–7F÷&–†'–çF’Â2ä¶öÓ³s#3“c¶Æ–G–CTW'VÒæ÷"æ–@£3ƒC´6·&&—&vÆW7F&“³3sss¶¦Vg&–×W7Föf†÷FÖ–Âæ6öĞ£3ƒS´Ö&–×W7Föf³CSs·&FÖv'&–VÆÆ–†öòæ6öĞ£3ƒc´ÖVÆ–æF6&v–‚ÂÒä¶öÒã³SCS3¶&v—–sdvÖ–Âæ6öĞ£3ƒs´öæ’6—Fö×VÃ³3““¶†'FF–6–çFW'VÒæVGP£3ƒƒ´vVçFv6æ³ƒ3#c#·6WG&·Væ6&vÖ–Âæ6öĞ£3ƒ“´7WB&WFæ–&–öv³33ƒ#·&FæFÆ–Ö–äW'VÒçvV"æ–@£3ƒ#´væW6WG&Â2ä‚ã³“S#33¶&VÆÆs„Bæ÷"æ–@£3ƒ#´×VÇ–çFò7Wv&æó³CS·—Væ—FF&–†÷&ä†÷FÖ–Âæ6öĞ£3ƒ##µFVfâF'V¶¶S³#c3¶÷F†×&–ä†÷FÖ–Âæ6öĞ£3ƒ#3´7WBF&’æ—GWVÇRÂ2ä•³Cƒc“s¶¦–öæó–†öòæ6öĞ£3ƒ#C´—'6B6–†öÖ&–æs³#Ccsc¶væw6sBæÖ–Âæ–@£3ƒ#SµFv²â—R§VÆ¶&æ–âÂ2äw£³3c#C¶†&F–ç7–†FÖ¦Bævòæ–@£3ƒ#cµ6f–æW6F³C3#¶öæ7––„vÖ–Âæ6öĞ£3ƒ#s´¦W76–6æ7––ƒ³CScS·&V·6‡WF6ö—D7bæ2æ–@£3ƒ#ƒ´ÆÖ—&†æF–æ“³“3“c¶7&–övW'VÒæ–@£3ƒ#“µ7WFâF&ÖæÖ'–F“³ƒSc¶vÖæ“cDBæ6öĞ£3ƒ3µ6·W&æ–ævvöÆã³Cs·f–ÖãBæFW6æ–@£3ƒ3´6†VÇ6V·W6ÖvF“³ƒƒSƒƒ¶ö·Ff–æ–v–Ææt–†öòæ6öĞ£3ƒ3#´†'Fææ'F’Â2ä¶VC³ƒS“¶æ6—GVÖ÷&æt–†öòæ6öĞ£3ƒ33´væW×VÇ–æ“³C““S·v–F–7GWF”7bæ×’æ–@£3ƒ3C´VF’Ö'–F“³ƒ“ƒcc¶Æ–Ö#S4BæÖ–À£3ƒ3SµFv²âvvR7W6çF“³S#c3·vvSc$–†öòæ6öĞ£3ƒ3c´Æ–Æ’·W&æ–vã³#ƒcs¶6'V'W'F—v”–†öòæ6öĞ£3ƒ3s´†Æ–Ö6–†öÖ&–æs³ssS“·†çVw&ö†ôvÖ–Âæ6öĞ£3ƒ3ƒ´—"âÆÖ&æÖ&F†—–ƒ³“c¶'v6¶—F†÷FÖ–Âæ6öĞ£3ƒ3“µ¦Æ–æG&v6—FÂÒäÒã³s“SCs¶†6ææG6—$vÖ–Âæ6öĞ£3ƒCµ†ææ·W7væF&“³““ƒƒ¶‡v–¦–†÷FÖ–Âæ6öĞ£3ƒC´V¶—VÆ–çF’Â2äRä“³“css¶ÖÆ–·6—GVÖ÷&æt7bæv÷`£3ƒC#´—"â¦ÖÂÖ&'Vã³cƒ#33·7W6çF—&W7GTBæ6öĞ£3ƒC3´¦v§VÆ¶&æ–ã³Cc3Sc·6—&Vv&V¶Bæ×’æ–@£3ƒCCµ–æ6Ræ6†—'VFF–ã³Ss3ƒ3¶×W7Föf3VBææWBæ–@£3ƒCS´Æ–Æ†'–çFó³scs#·&6WG––F7bææWBæ–@£3ƒCcµ–Öâ6–†öÖ&–ærÂÒä³³cS·&6WG–ó3”Bæ÷"æ–@£3ƒCs´&Æævv×VÇ–æ’Â2åBã³Csc¶¶—&fgV¦–F”†÷FÖ–Âæ6öĞ£3ƒCƒ´ÇWvW2W&ævF’Â2åBã³33cS¶F–ãƒ†÷FÖ–Âæ6öĞ£3ƒC“´&w–·W7v÷–ó³sC3c#·–öÆæF†÷FÖ–Âæ6öĞ£3ƒS´—"âv&F’†–F–çFó³s#3Sƒ¶vFæs„–†öòæ6öĞ£3ƒSµ—Væ’W7—FÂÒä³³cc##C¶f—¦ƒc„BææW@£3ƒS#´—"âvÆærÖVÆæ“³ƒc¶—'6Cs4†÷FÖ–Âæ6öĞ£3ƒS3´–ÖÒwVævã³sƒC¶Ö†W7v&vÆætvÖ–Âæ6öĞ£3ƒSC´†æ†&—–ƒ³cS“·—6–†öÖ&–æt†÷FÖ–Âæ6öĞ£3ƒSS´—R—VÆ–çF“³“Cs·&ÖFæÇV¶—F†÷FÖ–Âæ6öĞ£3ƒSc´×VÇ–çFòv‡—Væ“³3#S3ƒ¶vF÷Cƒ”BææWBæ–@£3ƒSs´‚â¦v&vÖæwVç6öærÂ2ä•³S“c3·–öÆæF&ÆvÖ–Âæ6öĞ£3ƒSƒ´ÆÆ—F†&F–ç7–ƒ³3“#S3¶æ·W7væF&”7bçvV"æ–@£3ƒS“´F–âÆGWöæó³3#ƒCc¶'7VF–F”–†öòæ6öĞ£3ƒc´¦'væ&&ã³CS###¶†×¦††7GWF”†÷FÖ–Âæ6öĞ£3ƒc´ÆçF"&&÷vó³CS3sc¶ÆF–¶wW7F–æVBçvV"æ–@£3ƒc#´vvF’FÖ6&’ÂÒåC³3s33S¶·6Æ‡VF–ävÖ–Âæ6öĞ£3ƒc3´—"âÆ–G–‡WF6ö—BÂÒä¶öÒã³#“3ƒ·6†7GWF”vÖ–Âæ6öĞ£3ƒcC´&¶–öæòö·Ff–æ“³sƒ“3¶F–¶&3vÖ–Âæ6öĞ£3ƒcS´G'2â—7–‚f&–FÂ2ä•³#ƒ“#¶·Væ6&“4Bævòæ–@£3ƒcc´¶–æG&&¦F³CƒƒS·6Ö÷6—&væw6$VBææWBæ–@£3ƒcs¶G&râ–æF‚6—&Vv"ÂÒåD’ã³“ƒ3##·æ¦“4vÖ–Âæ6öĞ£3ƒcƒµ"â·Væ6&æ'F’ÂÒä¶öÒã³#“s¶×Æ7G&”W'VÒæFW6æ–@£3ƒc“´F–&¦†'FF“³ƒsc¶F×S3$7bæÖ–À£3ƒsµæGR7W'–FÖ“³C3C#s·&–övó“$W'VÒæv÷`£3ƒs´¦ÖÂv–æ&æó³C#C3#¶ÇW&‡W'v‡—Væ”W'VÒæÖ–Âæ–@£3ƒs#´6†VÇ6VÖæFÆÂ2äRã³c#“Cs·&†&¦3†÷FÖ–Âæ6öĞ£3ƒs3µ"âVÆ’Wv—2ÂÒäÒã³ss##¶†'–çFöv&ætvÖ–Âæ6öĞ£3ƒsC´÷â×VÇ–æ’Â2ä‚ã³#sC¶æ6†—'VFF–æÆæætVBæv÷`£3ƒsSµævW&â—VÆ–çF“³cCs#C¶–Fv–FöFô†÷FÖ–Âæ6öĞ£3ƒsc´¶'F–¶v6æ³Cs#c·††'FF”W'VÒææW@£3ƒssµ7WFâ6Væv¶ÂÖ&'Vã³“s3C·FöÖ“3$7bæ2æ–@£3ƒsƒµ§VÆfæ¦×VF–ã³“#cc·&–GvæÆ§V&F”vÖ–Âæ6öĞ£3ƒs“´æFÆ–6Föæó³ƒCS3¶Ö†×VC“vÖ–Âæ6öĞ£3ƒƒ´¶&F’·W6ÖvF’Â2åBã³SC·6—&—F6·&vÆ†÷FÖ–Âæ6öĞ£3ƒƒ´—"âÆævvVærv–&÷vòÂ2ä’ä¶öÓ³C#C“c¶Æ·6æs„VBç66‚æ–@£3ƒƒ#´—"âçW'VÂÆW7F&’ÂÒåD’ã³3#“s¶&VÆ–æFæ¦×VF–äBæ&—¢æ–@£3ƒƒ3´VÆ—6Æ7G&“³cSS¶ÖæwVç6öævF'Væ–†öòæ6öĞ£3ƒƒCµ6·W&6—Fö×VÃ³ƒcƒS“¶VÆÆ—6Æ–Æ6&”Bæ÷"æ–@£3ƒƒSµ¦Æ–æG&æ÷f—F6&’Â2äf&Ó³#sCCc¶6V6W#4Bæ&—¢æ–@£3ƒƒc´¦–Öâ†&–&“³s#¶÷§“CD†÷FÖ–Âæ6öĞ£3ƒƒs´&‡Wv&æ&æ÷vó³cƒ##·6Æ‡VF–ç7–‡&–æ”VBæ÷&p£3ƒƒƒ´G&¦Bæ7––ƒ³sƒ#Sƒ¶6GW&Ö'–F”VBæ–ç@£3ƒƒ“´–æ6—&Vv#³3ccCs·f–æósVBæÖ–Âæ–@£3ƒ“´ÆÖ—&·W7v÷–ó³3Css·&†Ö—W&ævF”vÖ–Âæ6öĞ£3ƒ“µ7V6’Ö'–F“³SSC#¶¶&Öæ×W7FöfvÖ–Âæ6öĞ£3ƒ“#´f&‡Vææ—6†&–&“³CsC33·fç–cDW'VÒæ–ç@£3ƒ“3´ÆÖ&æ7V'F–æ“³SC3·F'V¶¶TW'VÒææW@£3ƒ“CµFv²â6–çF&—–çF’Â2äRä“³ƒs#““¶6æG&¶çF3dvÖ–Âæ6öĞ£3ƒ“S´6†æG&¦–Ææ’Â2ä’ä¶öÓ³##ƒ#¶¦¶†&–&”W'VÒæ2æ–@£3ƒ“cµ–÷6Vb·W&æ–vã³s#ƒs¶ö·Ff–æ–v'&–VÆÆ–†öòæ6öĞ£3ƒ“s´G"âf—¦‚wVævã³S3“cC·FVfãC„VBææW@£3ƒ“ƒ´6‡–F’v–FöFó³##cs¶†76æ†vçF$vÖ–Âæ6öĞ£3ƒ““µ&FææÖv³CSC“#·¦‡WF6ö—DBæ÷"æ–@£3“´¦'v§VÆ¶&æ–ã³s#C¶¦ö¶÷W'vçF”VBæ÷"æ–@£3“µ"äâ¶'F–¶æ÷f—F6&“³#ƒs¶GævW7GT†÷FÖ–Âæ6öĞ£3“#µ&6†VÂv‡—Væ’ÂÒä¶öÒã³3Sƒ·§VÆfS†÷FÖ–Âæ6öĞ£3“3´Föæò&¦FÂ2äf&Ó³ƒ““#ƒ·&–Ö—VÆ–'F”vÖ–Âæ6öĞ£3“C´Ö&væ6Ö÷6—"Â2ä¶VC³s“C“¶¶'F#$W'VÒæ÷"æ–@£3“S´G'2âV¶&F–çFòÂ2ä¶öÓ³C“sS·v‡—VF–æ–æVBæ–@£3“c´†¢â6–çF†–6–ævÂ2ä‚ã³C“Cc¶¦–Öææ¦×VF–äW'VÒçvV"æ–@£3“sµ"â6f–æ6Ö÷6—#³ƒƒc·&ævv†'–çF”–†öòæ6öĞ£3“ƒ´F–vF–'–æ“³#3s¶æG6—'WF”–†öòæ6öĞ£3““¶G&râ–FF×V&öÆöâÂÒåC³sƒsSS·ÖVvçF&–†öòæ6öĞ£3“´G'2â—'vâ&ÖFâÂ2å6÷3³c“S¶¶Vç¦–VÆ§V&F”vÖ–Âæ6öĞ£3“´ö·Fò¦çV#³#ƒCC¶'6FöæôvÖ–Âæ6öĞ£3“#´ÆÖ"f—&vçF÷&ó³S“¶76&v–„vÖ–Âæ6öĞ£3“3´FçV¦†¶–Ó³#S“cS·–‡–·W7væF&”7bææWBæ–@£3“C´—"âÆÖ—&f—&vçF÷&òÂ2äRä“³3#C“c¶¶¦VçævW7GT7bæVGP£3“S´Æ–çFær7VF–F“³#ƒ3“¶×Væ—&67FBçöçW2æ–@£3“c´—&æçFò6–Ö&öÆöã³cƒ##¶Ö'–F—v—&F–†öòæ6öĞ£3“s´¦6Ö–â‡WFV³“SSsS·‡6–†öÖ&–ætVBæ–ç@£3“ƒµG&–6–7GWF“³sC3C·&f–CSdBçvV"æ–@£3““µ"äÒâ–Öâ†–F–çFòÂ2ä¶öÓ³CSSc·v'F†76æ„7bæ×’æ–@£3“#µBâvÇW–òv6—F³“c#¶æ—FS†÷FÖ–Âæ6öĞ£3“#´vÆ–‚FÖ&³Cscs¶æÖæF6&”7bææW@£3“##µvvR§VÆ¶&æ–âÂ2åBã³#cƒs·6—&Vv&Ö†×VDvÖ–Âæ6öĞ£3“#3µ&FVâÆW7F&“³“S·v6—FW'vF”W'VÒæ÷&p£3“#C´Æ7v’æG&–æ“³CSƒ¶ÖVÆæ–6Öä†÷FÖ–Âæ6öĞ£3“#Sµf–7F÷&–—7v‡—VF“³C“3#“¶†F—W76&”Bæ2æ–@£3“#c´6–æG’6—F÷'W3³c3c“s¶6GW&ævvc7bæ÷&p£3“#s´æ§v×VÇ–æ’ÂÒäÒã³S#cCS¶Æ–Æ6&—&&÷vôVBævòæ–@£3“#ƒµ¦Æ–æG&WG&³Cƒ“c¶¶Æf&–F†÷FÖ–Âæ6öĞ£3“#“¶G&râVÇfW&ÖF³c“ss¶†&F–ç7–†¶6—–„–†öòæ6öĞ£3“3´G'2âvFærF'V¶¶S³cC#Sƒ¶vÖç7W$W'VÒæ&—¢æ–@£3“3´´‚âF&–F’W76&’ÂÒåD’ã³C#ƒ“¶væw6'7W6çF”vÖ–Âæ6öĞ£3“3#´vÇV‚Ö'–F“³ƒSccc·fÖç7W$†÷FÖ–Âæ6öĞ£3“33´F&ÖçFòÖ&'Vã³ssc¶¶W¦–7W6çF”BææWBæ–@£3“3C´&¶–¦âÖVvçF&Â2ä¶öÓ³ƒC·v‡—VF–æVÆÆBæÖ–À£3“3Sµ7V6’‡WF6ö—C³c#“s·–W76—&67F7bæFW6æ–@£3“3cµ&–—FægV¦–F“³3CSc¶ÖVÆæ–7væ”†÷FÖ–Âæ6öĞ£3“3s´væF’†'–çFó³SCsC#·—Væ—FFÖæ–´BçvV"æ–@£3“3ƒµ7WFâÖ&væFöæv÷&âÂÒåD’ã³3Sƒsc¶¶6–Ós$BçvV"æ–@£3“3“´7WB–F†&–&“³ƒ#scc¶&¶–çFó3VBæ6öĞ£3“C¶G"âvÇW"–öÆæF³sCc¶Æææsc”7bæÖ–Âæ–@£3“C¶G"âVÖ"WFÖ’Â2å6÷3³3“c“s¶–¶‡6ã„†÷FÖ–Âæ6öĞ£3“C#´öÆ—f–Föæv÷&ã³ssCC¶w&ÖFäBææW@£3“C3µW7–’W&ÖF“³scSCs·G6&v–„–†öòæ6öĞ£3“CC´f—G&–æ’ÖVÆæÂÒä¶öÒã³cƒcs#·v–æFÖVÆæ–†öòæ6öĞ£3“CSµVVVâ7W'–FÖ’ÂÒä¶öÒã³cƒC#¶Öç7W'&F–„vÖ–Âæ6öĞ£3“Cc´&§&v–â†6æ‚Â2ä‚ã³#“33¶W&67FVBævòæ–@£3“Cs´VçFVærÖçVÆÆæs³c“##¶'6—G&Ö&F†—–„VBç66‚æ–@£3“Cƒµ6Ç6&–Æ&æ÷vó³ƒƒSƒ¶fÆ§V&F”VBæ×’æ–@£3“C“´G'2âvæ¦&âÖçVÆÆærÂ2ä¶öÓ³CC““3·—&†ÖvF”–†öòæ6öĞ£3“SµFÆ–gV¦–F“³ScS3¶6–çF6&v–„†÷FÖ–Âæ6öĞ£3“SµF–&·W7væF&“³sS3¶væF“s„Bæv÷`£3“S#´VÖ–Â†'FF“³3S#C“¶¦æWG6–Ö&öÆöäVBçvV"æ–@£3“S3´6Öâæ–ævvöÆã³S3C¶—&ƒDvÖ–Âæ6öĞ£3“SCµ'VF’†6æƒ³Cc“¶†VæG&–‡WFvÇVæt–†öòæ6öĞ£3“SS´f—G&–æ’†'–çF’Â2åC³3ƒC“¶7W&ævF”vÖ–Âæ6öĞ£3“ScµfW&†&F–ç7–ƒ³““C¶æ6&ÖæF6&”BææWBæ–@£3“Ss´FöFò&ÖFã³SS3C¶Ç&6WG–W'VÒæÖ–À£3“Sƒ´†¢â†Ö–ÖçVw&ö†òÂ2å6“³Cƒs¶¦Væv×VÇ–æ”Bç66‚æ–@£3“S“´—"â¦‡&7W6çF’Â2ä’ä¶öÓ³#ƒ“¶Öç7W&6Æ—7F–†öòæ6öĞ£3“c´'VF’Æ–Æ6&“³ƒ#S3s·VÖ“s„W'VÒæÖ–Âæ–@£3“c´ÆÆ7W'–öæó³3cS“¶Ö–ÆTvÖ–Âæ6öĞ£3“c#´V¶òÖ–6&“³c3ss¶gV¦–F–&ÆÖçG&”W'VÒæ÷&p£3“c3´6æG&¶çF7W'–öæó³CSs¶¶V—6†ÆGWöæôBçvV"æ–@£3“cC´W&÷&F'V¶¶S³CC#cC¶†–F–Fv–æ–†öòæ6öĞ£3“cSµ–W76’F×V&öÆöâÂ2å6“³cs##ƒ·v‡—Væ–¶6–Ô7bçvV"æ–@£3“cc¶G&râv—&F6–Öæ§VçF²Â2äw£³“Ss“ƒ¶–ÖÓ†÷FÖ–Âæ6öĞ£3“csµW7çW&F—–çF“³“ƒc“·f–6·—&†ÖvF”Bæ×’æ–@£3“cƒ´†&¦66&v–ƒ³Cc“#·–çVw&ö†ôvÖ–Âæ6öĞ£3“c“´†–ÆFW7—F³“Ss¶æF–æS„BæÖ–À£3“s´F'RvÇW–ó³“s“S·vvSS„Bæ6òæ–@£3“s´v–ÆærFÖæ–³³“sƒS¶vG&C4W'VÒæ6òæ–@£3“s#´–ÖÒFÖ6&’Â2ä•³“3CC·v–¦–çF—&F”†÷FÖ–Âæ6öĞ£3“s3´‡VÖ—&ÖVvçF&³“C“¶Ö—v–&—6öæô7bæ×’æ–@£3“sC´ÖVÆ–‡WF6ö—BÂ2åC³“SC#¶vÖææ7––„W'VÒæv÷`£3“sS´Ö·WF6–Ö&öÆöã³S3“3“¶'W6FBæ2æ–@£3“sc´Ö&–†–F–C³ƒ“ƒ3·6f—G&–¶VÖ&VBæÖ–À£3“ssµWF’×WF–f—&vçF÷&ó³ƒ3##·&FÖæ–´†÷FÖ–Âæ6öĞ£3“sƒ´¶6—&â&6WG–ó³#Cƒ¶æ6†—'VFF–æF×TvÖ–Âæ6öĞ£3“s“´VÖ'V‚&F–çFó³C#Cƒ·WWFÖBæÖ–Âæ–@£3“ƒ´¦ö†âÖ†W7v&³“3sc·vÇW–ö‡WFvÇVætvÖ–Âæ6öĞ£3“ƒ´G'2â&&÷vòÖ'–F“³sƒCs#·F&–†÷&æÖ'6—FôBæ6òæ–@£3“ƒ#´¦æWB6f—G&“³cS#CS¶F—G–ÆGWöæôvÖ–Âæ6öĞ£3“ƒ3´Æ7v’v–¦–³Cƒƒ¶Ö–Æ3Bç66‚æ–@£3“ƒC¶G"âFÆ–Ö–âæ÷f—F6&“³“““¶&Æ–¦ç6&v–„7bæ6öĞ£3“ƒS´—R&Fæ³S#“S“·6'VF–ÖäVBçöçW2æ–@£3“ƒcµ"äâVÆ–â†76æ‚Â2åBã³sCcs·–öæ÷&¦F†÷FÖ–Âæ6öĞ£3“ƒs´F'VæÖVÆæ“³s“3¶fV&“#Bæ6öĞ£3“ƒƒµFv²âvæ’çW&–æ’Â2åBã³c“CCƒ¶vÇW#TvÖ–Âæ6öĞ£3“ƒ“´¶Væ&’‡WFvÇVæs³“#ƒƒ¶†æF–æ–Ö¶&W'VÒæÖ–À£3““´ÖÆ–7V'F–æ“³s##·&&÷vóC$†÷FÖ–Âæ6öĞ£3““µ"äâ—&æ'F’Â2åBã³#c#¶ÇWFfãcD–†öòæ6öĞ£3““#´×W7Föf&†ÖvF“³#s33·W76&–vG&†÷FÖ–Âæ6öĞ£3““3´†¢âf–öÆWBÖ–6&“³c“s3¶&·F–ævw&–vä–†öòæ6öĞ£3““CµV¦’W6Öƒ³3Sƒ3“¶f—&vçF÷&öÆVvv–†öòæ6öĞ£3““S¶G&râ—Væ’W&ÖF“³#cs#·æ6“„7bæ6öĞ£3““c´VÆÆÖçVÆÆæs³Cƒ“c#¶ÖæFÆF&”7bæÖ–À£3““s´—&æçFòW76&“³sS#·–‡–†–F–çFôW'VÒæ÷"æ–@£3““ƒµ6·W&‡WFV³“#ƒS3·wF†×&–ä†÷FÖ–Âæ6öĞ£3“““´G'2â—VÆ–wVævã³3s“S¶W&¦F–†öòæ6öĞ£C´GBâFæærv6æ³cSCcc·v‡WFVW'VÒæVGP£Cµ—W7VbÖ'Væs³Sƒc¶6—G&cdW'VÒçvV"æ–@£C#µ6Ç6&–Æ†&–&’Â2ä¶öÓ³ƒ#c“¶6'V&†¶–Ô†÷FÖ–Âæ6öĞ£C3´&ÆF’v–¦–çF“³Cs#cC¶†Æ–Ö†væ¦&ävÖ–Âæ6öĞ£CCµfW&W&ÖF³ƒ“S·w—Væ–$vÖ–Âæ6öĞ£CSµVÆ–â&F–çFó³SccSƒ¶v‡—Væ”–†öòæ6öĞ£Ccµ7V6’&&÷vó³CC#3¶¶Æævw&–æ”W'VÒæ÷"æ–@£Cs¶G"â&¶–F’wW7F–æÂ2ä’ä¶öÓ³cs“s#¶æ¦–##T†÷FÖ–Âæ6öĞ£CƒµW'vçFò†Æ–Öƒ³CS3#·v–&—6öæö&·F–F”7bææWBæ–@£C“´v†Æ—–F’Æ§V&F’ÂÒä¶öÒã³cc3C¶v–ÆæsBæ2æ–@£C´G'2â&Æ–F–âFÖ6&’Â2ä¶VC³##ƒCS¶ÖÆ–VF¦–7GWF”Bævòæ–@£C´¶—Vâ6WF–vã³“ƒccc·–öæöÆ§V&F”–†öòæ6öĞ£C#´FÖ·W7VÖòÂÒä³³cCCƒ#¶FvVÆÖ†W7v&†÷FÖ–Âæ6öĞ£C3µVæ¦æ’7VF–F“³S3#¶Ç6Föæô–†öòæ6öĞ£CC´—"âFöæò&F—v“³“ƒ3s¶&F–çFöÖ”–†öòæ6öĞ£CSµF–Ö'VÂ†&—–ƒ³cs“ƒ¶·W7VÖ÷&æFvÖ–Âæ6öĞ£Cc´ææ–ævvöÆã³ƒ3Cƒ3·7–‡&–æ“4†÷FÖ–Âæ6öĞ£Cs´G'2â¶ö¶ò·W7VÖó³ƒscc¶÷&¦6†÷FÖ–Âæ6öĞ£Cƒ´ÆVvv&FÖÂÒäÒã³cC“c·—7VF–F”–†öòæ6öĞ£C“µv‡—RWv—2Â2ä•³ƒcs#s¶VÇVƒtvÖ–Âæ6öĞ£C#´ÆÖ—&&F—v“³Ss“·g&–övvÖ–Âæ6öĞ£C#µWF’¶&VâW'vçF“³#Ccc¶Ö'–F—6—6¶vÖ–Âæ6öĞ£C##´ÖVÆ–æG&–æ“³C3#¶öæ–‡WFV–†öòæ6öĞ£C#3µ7WFâ¦¶F&–†÷&âÂÒäf&Ó³s##C¶ÖÖVvçF&Bæ&—¢æ–@£C#C´6–çF&–öv³C“scC·6Æ‡VF–ç–W76”W'VÒæÖ–Âæ–@£C#S´†'F¶ÆW7F&“³ƒ“ƒSƒ¶ÆW7F&–öÆ—f†÷FÖ–Âæ6öĞ£C#c´‡VÖ—&F†×&–ã³csCc¶6Ö–çF÷6FöæôBæ2æ–@£C#s´G'2âGVv–ÖâF&–†÷&ã³Cƒ3¶w&FæW'VÒæ6öĞ£C#ƒ´¶–æG&6–ævÂ2ä¶öÓ³“Cƒ·6—GVÖ÷&æv·VçF†&7bæVGP£C#“µ&†ÖB†&F–ç7–ƒ³CS¶vG&DBæv÷`£C3´6¦–Ææ“³“SCC“·v–G–×VÇ–æ”vÖ–Âæ6öĞ£C3´GBâ†F’6—&—BÂ2åBã³“3c“¶Ç&&÷vôVBææW@£C3#¶G&râæ§v6–†÷FærÂ2åC³S33“¶Ö–·W7væF&”–†öòæ6öĞ£C33µW'vçFòævw&–vâÂÒåD’ã³cƒSƒ#·W––æ†vÇV„VBæ÷"æ–@£C3C´—&fâ·W&æ–vâÂÒäf&Ó³s3C#¶¶VæW3ƒd–†öòæ6öĞ£C3S´&¶–F’v‡—VF–ã³““S#·F¦çV$Bæ6òæ–@£C3cµF—F’7W'–öæó³3C“ƒƒ¶vÆ&†&F–ç7–„–†öòæ6öĞ£C3s´—&æçFòW––æƒ³ƒ3#S¶–¶‡6ãS$Bæ2æ–@£C3ƒµWF’æF–æRÖ–6&“³333·F†7GWF”–†öòæ6öĞ£C3“´‚âö·Fò†7GWF’ÂÒåD’ã³##SC“¶6Væv¶ÃS$†÷FÖ–Âæ6öĞ£CC´†&¦66&v–ƒ³33Ss¶'—Væ–$†÷FÖ–Âæ6öĞ£CCµFVfâ†&—–ƒ³3cƒC“¶¶Æ&6WG–ô7bææWBæ–@£CC#¶G"âW&–²&67F³S““C¶G&¦CcVBæ6òæ–@£CC3´‚â6¶·W7væF&“³c#s“C¶¶ÖÇv6¶—FBæ×’æ–@£CCC¶G"â†&’†'–çF’ÂÒä¶öÒã³3““3ƒ¶¶W¦–W––æ„vÖ–Âæ6öĞ£CCS´Ö–FÖVÆæ³c3·–öÆæF6WG–7bææWBæ–@£CCc´—"â–Föæv÷&âÂ2ä’ä¶öÓ³“3“·v¶–Öæ†æF–æ”W'VÒæ–@£CCsµF—F’f—&Öç7–ƒ³##¶VæG&‡WFvÇVætBææW@£CCƒ´—"âf—&Öâv–¦–³cSc3c¶¦6Ö–æ†'–çFô†÷FÖ–Âæ6öĞ£CC“´Ö'Fæ’‡WFvÇVæs³3cC¶f—&Öç7–„Bæ2æ–@£CSµ6ÇvW6F³ƒCc“#·–ævw&–æ”7bæ÷&p£CSµf–7F÷&–W'F—v“³Csƒ·f–ç6VãCT7bæ÷"æ–@£CS#µ&f’7GWF“³#“s#C¶×WF–#47bæÖ–Âæ–@£CS3µFæ–v–æ'6–ƒ³3Cƒ“#¶V·W6ÖvF”Bævòæ–@£CSC´—"âö·FòFöæv÷&ã³#CSc¶¦–æG&–†öòæ6öĞ£CSSµvæ’6çF÷6ó³s3CcS¶væF–gV¦–F”–†öòæ6öĞ£CScµ§VÆ–¶†Ö'–F“³ssCSc¶F'Væ3D–†öòæ6öĞ£CSs´¶W¦–ævW7GS³CCƒƒ¶öÖçWFÖW'VÒæÖ–À£CSƒ´ÆVv†&–&“³SCcS·v–æ'6–†6vW$BæFW6æ–@£CS“µ"äâÆÆ—Fv–æ&æó³s#·v'6#”–†öòæ6öĞ£CcµVÖ’&†–Öƒ³3#ƒƒS·ÖVvçF&†÷FÖ–Âæ6öĞ£Ccµv—&F†–F–C³S3S¶7W&ÖF”vÖ–Âæ6öĞ£Cc#¶G&râVÆ–â&¶6³c“##¶¦&Ãƒd†÷FÖ–Âæ6öĞ£Cc3´—&–æv6—F³ƒsƒ“¶¶G&–ç7–„7bæÖ–À£CcC´FWf’WG&³sC#S¶ÖæFÆæ§vBæv÷`£CcS´¦ÖÂ†&F–ç7–ƒ³#ƒ“S·v–&—6öæôBæFW6æ–@£CccµF–&Æ7G&“³“ƒcc¶Ö·WF“4vÖ–Âæ6öĞ£Ccs´6V×ÇVæ²æ¦×VF–ã³cSCc3¶væFWv“„†÷FÖ–Âæ6öĞ£Ccƒ´6VÖæ’†Æ–ÒÂ2ä¶öÓ³SSC¶Ö'–æ”7bææWBæ–@£Cc“´f—G&–æ’6—F÷'W3³CcSCc·æ¦“Cd–†öòæ6öĞ£Csµ&—¦¶’'–æ“³ƒ#S¶–Ö×—VÆ–çF”–†öòæ6öĞ£Cs´G'2â¦‡&v‡—VF–âÂ2åC³#sC#¶'—VÆ–çF”vÖ–Âæ6öĞ£Cs#´f—G&–æ—GWVÇS³S#c“¶¦&Ç&—–çF”–†öòæ6öĞ£Cs3µWF’ÖVÆ–Ö†W7v&Â2å6÷3³““Cƒ#¶ÆF'V¶¶TVBç66‚æ–@£CsC´vÖæ’†Æ–Öƒ³SƒsS¶Ö†W6sd†÷FÖ–Âæ6öĞ£CsS´vÆ–‚&—–çF“³S#“C¶v7GWF”BæVGP£Csc´æ&–Æ&7GWF“³SC3S¶¶Öç7W$–†öòæ6öĞ£Css´vvF’&67F³SCS¶¦–öæó3†÷FÖ–Âæ6öĞ£Csƒ´G"â6–çF†–G&–ç7–ƒ³c#s#¶†'–çF–Æ–çFætVBæVGP£Cs“µ&W7GRF†×&–ã³C#C#¶ÆævvVæs#†÷FÖ–Âæ6öĞ£Cƒ´F–‚ÆW7F&“³cCs#ƒ·6WG–vÇW–ô†÷FÖ–Âæ6öĞ£Cƒµ"äâ6Ç6&–Æ†'FF’Â2ä‚ã³Sƒ3sƒ¶—&fæ¦–Ææ”VBæVGP£Cƒ#´VÇf–æ&6WG–ÂÒåD’ã³S#“Cs·6¶c„†÷FÖ–Âæ6öĞ£Cƒ3´W&–²Æ7G&“³“3“ƒs¶wFÖ6&”vÖ–Âæ6öĞ£CƒC´G"â6×Væ’·W7v÷–òÂÒåD’ã³“ƒc##¶f†7GWF”W'VÒæ–ç@£CƒSµæGR6—&—C³ƒS“S¶‡VÖ—&6—Fö×VÄvÖ–Âæ6öĞ£Cƒc´öÆ—fW&ÖF’ÂÒäÒã³ssSC3¶æ7––F‡FöÖ”BçvV"æ–@£Cƒs¶G"â&Öâv–&—6öæó³#S#c¶Æ·6Ö—vF–ÆævvVætBævòæ–@£Cƒƒ´†æ’WG&³#ƒ3¶ÇWv'W6F–†öòæ6öĞ£Cƒ“´FRv–æ&æòÂ2å6“³S#·76Æ‡VF–äVBæ6öĞ£C“µWF’6–ö&VÆÆf—&vçF÷&òÂ2ä’ä¶öÓ³3#C¶æ7'VÆÆƒtW'VÒæ÷&p£C“µwVÆâv‡—VF–âÂ2åC³3s3“C·–Ö&'VäVBæv÷`£C“#´&æv’Öç7W#³s#S¶¶&F–—&vä–†öòæ6öĞ£C“3´æ§vçW&–æ“³“s3Sc¶—&vçwVÆäBçöçW2æ–@£C“C´¦Vg&’f—&Öç7–‚Â2åC³CS“C·W76&–&ÆVBçvV"æ–@£C“S´¶ÖÂgV¦–F“³3CS·—VÆ–çF–†'6–VBæ&—¢æ–@£C“c´G'2â6&‚&†–Öƒ³S#3ƒs¶v&ãc4vÖ–Âæ6öĞ£C“s´Ö–ÆW'F—v“³3ssS·F–æÖ'–F”Bæ2æ–@£C“ƒ´G'2â¦ÆV†'–çF’Â2å6“³3#ƒ·‡6–Ö&öÆöä†÷FÖ–Âæ6öĞ£C““µFVFG’6WF–vã³“#3“·&¦6WG&”†÷FÖ–Âæ6öĞ£Cµ&VæG’Ö†W7v&³Cc#ƒs·'6f—G&”†÷FÖ–Âæ6öĞ£C´ÆF–¶WFÖ“³““cC3¶¦'vF—&æ÷vô–†öòæ6öĞ£C#´¦–Öâ&ÖFã³ssc¶†Æ–Ö†¦ÖÄ–†öòæ6öĞ£C3´G"âv&FÖ&Â2å6÷3³Cƒs#ƒ·—7V'F–æ”7bæ6òæ–@£CC´·VçF†&6–†öÖ&–æs³3““#·&67FV×ÇV´Bæ÷&p£CS´F–æFwVævã³3Scƒc·v7GWF–6‡––†öòæ6öĞ£Cc´‚âF–¶v–¦–Â2å6“³ccƒS“¶æ6#s4Bæ6òæ–@£CsµVÆ–âW'vçF“³sƒC“ƒ¶æG&–æ–VÖ–ÄBææW@£Cƒ´VÖ'V‚çW&–æ“³C“#¶¦–Væv·W7v÷–ôVBæ÷"æ–@£C“´VÆÆÆ7G&“³#ccS#·—VÆ–'F–÷Væt–†öòæ6öĞ£C´ÖVÆ–6Föæó³CƒSss¶¦ÖÆ–C–†öòæ6öĞ£C´G'2âÆÆ&ÖFâÂ2ä•³#ƒS·6–†÷FævvG&7bæ–ç@£C#´†&¦6Æ§V&F“³3cƒ“·v–FöFö‡VÖ—&–†öòæ6öĞ£C3´†g6†‚Ö–6&’Â2ä¶öÓ³“c“3¶6æG&¶çFWFÖW'VÒæ–ç@£CC´‚âÇV¶Öâ&ÖFã³#“S“·&&÷v÷WFÖ”BææW@£CS´G"â†6–ÒWFÖ’ÂÒåD’ã³“Sƒ#¶ÆæÖvVBæVGP£Ccµ–æ’—VÆ–'F“³ƒƒ#“·FÆ–&67F†÷FÖ–Âæ6öĞ£Cs´6–çF†–v–¦–³ccƒS·6–†÷Fæt7bæ6òæ–@£CƒµWF’§VÆ–¶†v7GWF’Â2äw£³sCs#ƒ·Wv—6¦VætvÖ–Âæ6öĞ£C“µ&W7GRv–FöFó³#ƒ#s·&67Fö·FôBæ6òæ–@£C#µvF’v7GWF“³ƒSSc“¶VÖ–ã#tBæVGP£C#´¦VÆ—Fæ7––ƒ³ƒ#3“·–öÆæF¶—&d†÷FÖ–Âæ6öĞ£C##´–çFâ†6æƒ³“sC¶6Æ—7F§VÆ–¶vÖ–Âæ6öĞ£C#3´†Ö–Öv–FöFó³SƒS“C¶F–æv–&÷vôBææWBæ–@£C#C´–ÖÒÖ'–F“³C3ƒ¶ÇWvW6æ6†—'VFF–ävÖ–Âæ6öĞ£C#S´vçF"&67F³CCC¶†7GWF—&†Öä–†öòæ6öĞ£C#cµW'vv–æ&æó³CsS·¦æ÷f—F6&”–†öòæ6öĞ£C#sµ7–‡&–æ’6VgVÆÆƒ³#3C·WFÖ–VÇV„†÷FÖ–Âæ6öĞ£C#ƒµ"äÒâ¶Ö–F–â&F—FÂÒåD’ã³#ƒC##·&F–†æ–ævvöÆäW'VÒæFW6æ–@£C#“µ"äÒâ6GW&ævv—VÆ–'F“³Cs“3¶VvS†÷FÖ–Âæ6öĞ£C3´vÆ–‚7W6çF“³C#s“¶v6—F†÷FÖ–Âæ6öĞ£C3´¶Ö&Æ’G&–ç7–ƒ³sC3#·F×V&öÆöç¦—¦”vÖ–Âæ6öĞ£C3#´væW2v7GWF“³s“sS“·fVv†'FF”†÷FÖ–Âæ6öĞ£C33´F—&¦†'FF’Â2å6÷3³3CsC¶Ö†¶–ÔW'VÒæv÷`£C3C´7WBçW'VÂ&æ÷vòÂ2åBã³sC“c3¶vÆ'&†ÖvF”7bææW@£C3S´Wf·W7VÖó³3“cSS¶vÖ&—&‡WF6ö—D†÷FÖ–Âæ6öĞ£C3c´†VæG&’·W7VÖó³CCc¶†Æ–×GVv–ÖävÖ–Âæ6öĞ£C3s´†&’æ–ævvöÆã³ƒ“3¶vF–æs3tvÖ–Âæ6öĞ£C3ƒµv6—2&¶6³CS##·—Væ“S$vÖ–Âæ6öĞ£C3“´¶VÖ&W&ævF’Â2åBã³CCsƒ¶vG&DBæ–@£CC´Æ'V‚6–†÷FærÂ2å6“³3#3“·v–æ&æöæ7bæFW6æ–@£CC´¶æ’v6—F³“3s¶ÖÆ–³#47bæv÷`£CC#´G"âæF–&†–Ö‚Â2äw£³“3s·6çF÷6ö—&–æVBææW@£CC3´F–¶æ'F“³#Ss¶¦'vÆ§V&F”†÷FÖ–Âæ6öĞ£CCC´VGv&B†–F–çFó³CcS·÷&“#4VBææW@£CCS´¦ÖÂ6&v–‚Â2åBã³#ƒcƒ·6WG&†&FæBæFW6æ–@£CCcµ&—¦¶’Ö†W7v&³Ccc·7VF–F––6†W'VÒæ÷"æ–@£CCs´¶Væ&’¦–Ææ’Â2ä’ä¶öÓ³ƒ#SSƒ¶F&–¦çW6FvÖ–Âæ6öĞ£CCƒµV6†—FW6Öƒ³S#3sS¶VçFVæwævW7GTBæÖ–Âæ–@£CC“µG&–6–WFÖ³sƒ#¶¶Ö&Æ—6–æv–†öòæ6öĞ£CSµ6Ç6&–Æ†6æƒ³ƒS“C¶6–F“sD7bæ&—¢æ–@£CS´ÖVÆ–æF×VÇ–æ’Â2ä¶öÓ³ƒ##3c·f'VF—–çFôVBæv÷`£CS#´ç–öÖâ&67F³cSc“¶ÇWv—4†÷FÖ–Âæ6öĞ£CS3´6·&vÆ—VÆ–çF“³3SC3·Vævw&–vävÖ–Âæ6öĞ£CSC´Ö·WFÆ7G&“³#S·&67FF&ÖçFôvÖ–Âæ6öĞ£CSS´Ö—G&·W7væF&“³3“Cc3¶Ö†VæG&¶6—&ävÖ–Âæ6öĞ£CScµ6'&–æ×W7FöfÂ2å6“³scScƒ·—&¶67bæ6öĞ£CSs´´‚âF'6—&‚ö·Ff–æ“³ss“¶æ&F—v6¶—FvÖ–Âæ6öĞ£CSƒ´ÆVòwVæ'FòÂÒä¶öÒã³Cƒƒƒ·6–†öÖ&–æw6·W&W'VÒæ6öĞ£CS“´Æ–¶&&÷vó³SS3##·6WG&æ&–Æ–†öòæ6öĞ£Cc´G'2âG&’×VÇ–æ“³sƒc3c¶Ö'vFƒ–†öòæ6öĞ£Cc´F&–Ö–â7W'–FÖ“³CS3“·6–Ö&öÆöç†ææW'VÒævòæ–@£Cc#¶G"â¦–æv’†&F–ç7–ƒ³###s¶77W'–öæôVBæ–ç@£Cc3´VÆÆ†æF–æ“³Cƒ#3C·6'&–æ3t–†öòæ6öĞ£CcC´&VÆ–æF&—–çF“³sc#ƒ“¶†æ“ƒ”BæÖ–À£CcS´7WB6–çF†–&†ÖvF’Â2åC³#s#c·6–†öÖ&–ævF–æ7bæ÷"æ–@£Cccµ6&‚v6—F³333C·—W76&”Bæv÷`£CcsµFv²âF&–¦â—&vâÂ2äw£³3ƒc#3¶¶Ö&Æ—wVÆæF&”†÷FÖ–Âæ6öĞ£Ccƒµ"äÒâ–¶‡6âæ6†—'VFF–âÂÒäf&Ó³c““3·§VÆ¶&æ–æ6Ö–çFôvÖ–Âæ6öĞ£Cc“µ&—¦¶’&†ÖvF“³sSc#S·FÖ“ƒd7bæ–@£Cs´—&Öf—&vçF÷&ó³ƒsƒ“#¶FWf“3$–†öòæ6öĞ£Cs´–f&F–çFó³ccC¶·Æ7G&”vÖ–Âæ6öĞ£Cs#´÷†VÆ–ö·Ff–æ’Â2ä‚ã³s3#ƒ#¶×WF–v–FöFôVBævòæ–@£Cs3´—7–‚wVæ'Fó³““ƒ3¶×VÇ–çFö†6æ„7bæ–ç@£CsC´G"âÖÆ6–Öæ§VçF³³ƒsCss·6—&Vv'v'F†÷FÖ–Âæ6öĞ£CsS´¦ö¶ò·W7v÷–ó³sCcSƒ·&W7GSsW'VÒæ÷"æ–@£Cscµ&W7GRv6¶—F³ƒ#sC¶&v7&—–çF”†÷FÖ–Âæ6öĞ£Css´¦ÖÂ6çF÷6ó³Csƒ3¶F·W6ÖvF”†÷FÖ–Âæ6öĞ£Csƒ´öæ’ÖæFÆÂ2åBã³sSC3·&F—G–Föæv÷&ä7bç66‚æ–@£Cs“´6V×ÇVæ²†&F–ç7–ƒ³3ƒ·6&v–„vÖ–Âæ6öĞ£Cƒ´—&7W'–FÖ“³“CC¶†&FæC–†öòæ6öĞ£Cƒ´FÆ–Ö·W7v÷–ó³s“#¶&Ö&æv†Æ–Ö„†÷FÖ–Âæ6öĞ£Cƒ#´¶—VâÖæFÆ³s33#·F&–†÷&æ¶–Æ–†öòæ6öĞ£Cƒ3µv&F’7VF–F’ÂÒäf&Ó³“scc¶ÇVÇVƒs$BææWBæ–@£CƒC´ÆçF"f—&vçF÷&ó³#cƒ3C¶†&¦÷W'F—v”vÖ–Âæ6öĞ£CƒS´æ—–v×VÇ–æ“³ƒƒ#ss¶w—Væ–$–†öòæ6öĞ£Cƒc´v†Æ—–F’'VF—–çFó³Cc¶f—&vçF÷&ö&Ö&ætW'VÒæ&—¢æ–@£CƒsµfæW6&æ÷vó³sS¶FvVÃS4Bæ2æ–@£Cƒƒ´—"â–æv–&÷vòÂÒä¶öÒã³3##3¶VÖã“$Bæ÷"æ–@£Cƒ“´7WBvVçF7Wv&æó³Cssc·&FVãs4–†öòæ6öĞ£C“´vVçFÆ·6—F³“CS¶G&¦CC–†öòæ6öĞ£C“´6÷&æVÆ–†&–&“³CcSCc·6Ö÷6—'÷&”vÖ–Âæ6öĞ£C“#´†F’6f—G&“³Csƒ“¶ö·FóƒDBææW@£C“3µæ¦’–öÆæF³sC#s¶Ö&–F“d–†öòæ6öĞ£C“Cµ6Ç6&–Æ†76æƒ³ƒ##cc¶&æÖvvÖ–Âæ6öĞ£C“S´VçFVærÖ†VæG&³ƒ3s3·G7V'F–æ”–†öòæ6öĞ£C“c´æ—–v&Fæ³csc¶×W7Föf“”vÖ–Âæ6öĞ£C“s´7WB†Æ–ÖÖ'VærÂ2åC³““C¶F6W7—F†÷FÖ–Âæ6öĞ£C“ƒµ&FVâW6F³sSsS·7V6“SVBævòæ–@£C““µFv²âÆ&2Ö'–F’ÂÒä³³“cƒs¶æö×6VgVÆÆ„vÖ–Âæ6öĞ£C#µ¦VÆFWv—3³CsC¶Ö–†'–çFôBæFW6æ–@£C#´G'2â6–F—7VF–F“³“C33s¶VÇf–æ&–öv–†öòæ6öĞ£C##´—7–‚&6WG–òÂ2å6“³#cC¶—7v‡—VF”VBçöçW2æ–@£C#3µ6–F—7GWF’Â2åC³sƒ3#·FÖ—v–æ&æô†÷FÖ–Âæ6öĞ£C#C´6–çF†–†–F–C³ss“S#¶FF“ƒ4W'VÒæFW6æ–@£C#SµWF’–6†&7GWF“³cScS·6'&–æ“t†÷FÖ–Âæ6öĞ£C#c´GBâvæF&7GWF’ÂÒäÒã³C33¶¶&VãC$–†öòæ6öĞ£C#s´§VÆ’6WF–vã³Sƒ3cc·6Föæö¶&–Öä†÷FÖ–Âæ6öĞ£C#ƒµ"äâVÆ’æ7––F‚ÂÒäf&Ó³C#c¶—&Fæ7bæFW6æ–@£C#“´¦–ÖâæG6—#³“C““¶¶&–Ö‡FÖ&vÖ–Âæ6öĞ£C#´†æ‡WF6ö—C³Sƒ#C¶6ÖF—6f—G&”BææWBæ–@£C#´¶&æ6—Fö×VÃ³C#·–F†×&–äBæÖ–À£C##µ"äÒâ&–övÆ·6Ö—vF’ÂÒäf&Ó³3SS#¶¦'v–æÖvVBçöçW2æ–@£C#3µ"âv†æ’Ö'–F“³CS#ƒƒ·6—&väBæ–@£C#C´'6—G&VF¦–7GWF“³Sƒ“#¶v†Æ—–F–æ6†—'VFF–äVBæVGP£C#Sµ¦Væ"ö·Ff–æ’ÂÒåD’ã³C3“sƒ¶V¶CW'VÒæ÷&p£C#c´FWf’Ö'–F“³ƒ““3·§VÆ–¶†&ÖFäBææW@£C#sµ¦‡&Æ7G&’Â2äRã³3c“·&F—v–¦¶†÷FÖ–Âæ6öĞ£C#ƒµ§VÆ–¶†W'F—v“³“·–‡WF6ö—DBæ2æ–@£C#“´FÖ¦çW&F—–çF“³s3s¶¶ÆƒD†÷FÖ–Âæ6öĞ£C##´æ—VÆ–çF’Â2å6“³Sc#c·§W'F—v”–†öòæ6öĞ£C##´ævv&–v6¶—F³CS“cc¶WW'vçF”–†öòæ6öĞ£C###µ6&’7W'–FÖ“³Sc¶ÖÆ–ævW7GTvÖ–Âæ6öĞ£C##3´v–æ'VF—–çFòÂ2äf&Ó³Cs3·¦Æ–æG&&7GWF”Bævòæ–@£C##CµF&’Wv—2ÂÒåC³#s3Sƒ¶†–F–F&·F–F”7bæ–ç@£C##S´GBâF&ÖçFòW6Ö‚ÂÒä³³c#3c¶f—G&–—VÆ–çF”vÖ–Âæ6öĞ£C##cµ&6WG–ò†'–çF“³s#c·6–F—6—&Vv$BææWBæ–@£C##s´¦vF’ÖVÆæÂ2ä’ä¶öÓ³CƒC“¶Æ&3”vÖ–Âæ6öĞ£C##ƒ´†¢â6—F’6WF–vã³cCƒƒc·W6Ö†VÇV„Bæ2æ–@£C##“´Ö–6†VÆÆRW&ÖF³Ssssƒ·Vö·Ff–æ”Bç66‚æ–@£C#3´¶F—"Ö&F†—–ƒ³ssC“¶Ö†W7v&Ö&–F”BæFW6æ–@£C#3´æ§vW6FÂ2äf&Ó³33cC¶&æ&ƒ4W'VÒæ&—¢æ–@£C#3#µf—f’F&–†÷&ã³S#Sƒƒ¶†Föæv÷&ä†÷FÖ–Âæ6öĞ£C#33µ&†—RF×V&öÆöã³Sccs“·6—F—6–†÷FætVBææWBæ–@£C#3Cµ7WFâ&f’v‡—VF–ã³“S#¶††&—–„†÷FÖ–Âæ6öĞ£C#3S´VÖ2æ–ævvöÆã³#ƒ3s·V—7v‡—VF”vÖ–Âæ6öĞ£C#3c´†—'–çFòW'vçF“³C“c¶Ö†W7v&&–övVBæ6öĞ£C#3s´†¢â6–Çf–'–æ“³c3sc¶VÖ'V†ævw&–æ”VBæ6öĞ£C#3ƒ´F–æv–¦–çF’Â2äRã³#33¶'VF–Öæævv&–vÖ–Âæ6öĞ£C#3“µ"â†–Övâ—7v‡—VF“³“3cC¶öæ“D7bç66‚æ–@£C#Cµ6Ç6&–Æ&Fæ³c3¶6'V'v–&÷vô7bç66‚æ–@£C#C´†¢âÖÆ–¶6–†÷Fæs³#S3S¶çFÖ&W'VÒæ–@£C#C#¶G&râ–æ†–F–BÂÒåC³“3c¶ÖÖæ†&F–ç7–„Bæ÷"æ–@£C#C3´f&‡Vææ—6·W6ÖvF’ÂÒäÒã³sScs3·W––æ‡6WG–BææW@£C#CCµ"äÒâ&¶–¦â7Wv&æòÂ2äw£³sCcsC¶gv–&÷vôvÖ–Âæ6öĞ£C#CS´‡VÖ—&·W7væF&’ÂÒåC³33cc·7W6çF—&6†VÄVBæ6òæ–@£C#Cc´VÖ'V‚—7v‡—VF“³Cccs¶—7–ƒ4†÷FÖ–Âæ6öĞ£C#Cs´´‚â×V†ÖÖB‡WFVÂÒä³³c3C·'&–övvÖ–Âæ6öĞ£C#Cƒ´W7F–öæò†æF–æ“³s3#ƒ·W&ævF–&VÆÆ†÷FÖ–Âæ6öĞ£C#C“´—&–æ–öÆæF³ƒ3c#S¶¦6Ö–ãCW'VÒæ÷"æ–@£C#Sµ¦VÆ–&—–çF“³C3¶Æ–Æ6&–¶&ÖBçvV"æ–@£C#SµVÆ–â–öÆæFÂ2ä¶öÓ³3#“¶¶6—&ãS„vÖ–Âæ6öĞ£C#S#µVÖ–æ–ævvöÆã³ƒ##ƒ¶ÇV¶Öæ·W7væF&”–†öòæ6öĞ£C#S3µ&–Ö6Æ‡VF–ã³3SC¶ÖVÆæ¦F”–†öòæ6öĞ£C#SC´—"âÆ–G–†æF–æ’Â2åC³3cCSs·'6—F÷'W4BçöçW2æ–@£C#SS´G"â6WFÖÂ2ä¶VC³SCSS¶V×ÇV³“”7bæ÷&p£C#Sc´G"â¶&ÖâFöæv÷&âÂ2äRã³ƒSsƒC¶VÆ—6“d†÷FÖ–Âæ6öĞ£C#Ss´—6Ö–Â6—&Vv#³cCSs·v‡—Væ–væw6$†÷FÖ–Âæ6öĞ£C#Sƒµ"â&W¦6—&—C³c#3#·ævW7GV†6–Ô7bæ6òæ–@£C#S“´F–Ö¢'–æ“³“#3s#¶v–ÖçWv—4Bæ2æ–@£C#c´Ö–×Væ‚‡WFvÇVæs³c“ƒƒ¶6·&væw6“4W'VÒææW@£C#cµ"â·Væ6&‡WF6ö—BÂÒäÒã³sSs·v–F–7GWF–§VÆ–†÷FÖ–Âæ6öĞ£C#c#´V¦6&v–ƒ³S3C#s¶¦–F“d7bæ6öĞ£C#c3´&—2&FÖ³CcƒsC·Vö·Ff–æ”†÷FÖ–Âæ6öĞ£C#cCµ"â¦Æ–æG&VF¦–7GWF’ÂÒäf&Ó³3c#s¶öæ&&ä–†öòæ6öĞ£C#cSµ&æv6–Ö&öÆöã³#sSC¶vF÷CCdBæÖ–Âæ–@£C#cc´6v²&F—v’Â2åC³3csSƒ·W'vF“stvÖ–Âæ6öĞ£C#cs´æ&F’æ6†—'VFF–ã³ƒƒCC¶vvF—&67FvÖ–Âæ6öĞ£C#cƒ¶G"âÖ–×Væ‚†'–çF’ÂÒä¶öÒã³Sƒ#“¶¶&æ“VBæVGP£C#c“µ"äâfç–7V'F–æ’Â2å6“³“C#·6Æ–ÖƒƒT7bææW@£C#sµWF’&†Ö’ÖçVÆÆæs³sC“Ss¶Ö†F–Ö&F†—–„BæÖ–Âæ–@£C#s´vF–ær&67F³#s“C¶ç&–ÖÆGWöæôW'VÒæ–@£C#s#´VÆÆæ¦×VF–ã³#“S“c¶¶Væ&–'–æ”BæÖ–À£C#s3´—"âF—'F6–Öæ§VçF²Â2ä‚ã³cCs“3¶W7F–öæó#†÷FÖ–Âæ6öĞ£C#sCµBâF6FÖæ–²Â2ä¶öÓ³sc#¶¶æ&&ä†÷FÖ–Âæ6öĞ£C#sS´Æ–Æ6—Fö×VÃ³ScsC¶†–F–F†6äBæv÷`£C#scµ6f–æf&–F³##“#¶wv–æ&æôW'VÒæv÷`£C#ssµæGRW76&’Â2å6÷3³S3ƒS3·VÇ–“4vÖ–Âæ6öĞ£C#sƒµWGR&—–çF“³“CC¶æ&&æ–¶‡6ä7bæ6òæ–@£C#s“¶G&râæ¦ÒW&ÖF’Â2å6÷3³“3c“ƒ¶ö&F–çFôvÖ–Âæ6öĞ£C#ƒ´GBâ¦–ÖBWv—2Â2ä¶VC³s#3S¶–FÆ§V&F”W'VÒçvV"æ–@£C#ƒµBâ6—'vFW&ævF“³s3s¶¦'vF—W'vçF”Bæ6öĞ£C#ƒ#µVæ¦æ’&&÷vòÂÒäÒã³Sc3·&FÖ6GW$vÖ–Âæ6öĞ£C#ƒ3µBâv'6&F—F³#ƒƒsƒ·§&F—v”W'VÒæ2æ–@£C#ƒC´æ—–vFÖ&Â2äf&Ó³“scƒ“·vÇW–÷–öæô7bææWBæ–@£C#ƒS´G'2âFF†æF–æ“³#“CC·6–Çf–v–FöFôBçöçW2æ–@£C#ƒc´—"âF–â†6æ‚Â2å6÷3³3#s·7W6çF—¦Ö—&BæÖ–Âæ–@£C#ƒs´fV&’†&—–ƒ³cs·FÖ6&—F—F–ävÖ–Âæ6öĞ£C#ƒƒµv'6Ö&'Vã³“3ƒ3·F–æÆ7G&”BçöçW2æ–@£C#ƒ“´FÆ–öæòæ7––‚ÂÒäf&Ó³#S#c¶63„W'VÒææW@£C#“µBâVÖâW6FÂÒä³³c“s“¶ÆF–g&&÷vôBæÖ–Âæ–@£C#“µ¦VÆFæ–ævvöÆâÂÒä¶öÒã³Cƒ33¶—6WG&7bæ×’æ–@£C#“#´&·F–F’Ö–6&“³C33“·6–†öÖ&–æv×VÇ–Bæ2æ–@£C#“3´VÇf–æçVw&ö†ó³S“Sc¶&WFæ–s„–†öòæ6öĞ£C#“C´ÖÖâv–&÷vó³SScC¶×V†ÖÖFFÖæ–´vÖ–Âæ6öĞ£C#“S´†×¦‚×VÇ–æ“³S33Cƒ¶f—&vçF÷&ö¶F—$7bæFW6æ–@£C#“cµF–æ†Æ–Ó³3s#C¶Gv–†6æ„–†öòæ6öĞ£C#“s´&VÆÆæ&&ã³C“33S¶F–æC$Bæ6òæ–@£C#“ƒµBâ–ÖÒF&–†÷&âÂ2ä•³#c#¶væF–æ'F”vÖ–Âæ6öĞ£C#““´‚âF–æFv–æ'6–ƒ³#“sSs¶çVw&†TW'VÒææW@£C3´v†Æ—–F’†Æ–Öƒ³s#SC¶Ö&'VäW'VÒæÖ–À£C3µ—W7VbW'F—v’Â2äRä“³3#c¶ÆÖ—&3dW'VÒçöçW2æ–@£C3#¶G&râ¦Ö—&Æ–Æ6&“³CsscC¶†&¦–“$W'VÒæ÷&p£C33µFv²âVÇV‚W7—FÂÒä³³ƒC3s“·FÖ““t–†öòæ6öĞ£C3C´†Æ–ÖwVæ'Fó³csS#ƒ·VÖ#“W'VÒæ2æ–@£C3S´æ÷fv6—F³cSCƒ¶væF–·W7v÷–ôVBæÖ–Âæ–@£C3c´–æG&&6WG–ó³33s¶6†VÇ6V“„BæÖ–Âæ–@£C3sµ&F’æ÷f—F6&“³3c##·v–æ&æö6Væv¶—$Bæ6òæ–@£C3ƒµv‡—RWFÖÂ2äRä“³3#3#¶fçVw&ö†ô†÷FÖ–Âæ6öĞ£C3“´F–‚æ–ævvöÆâÂ2äRä“³“#ƒ“#¶–FG&–ç7–„Bæ&—¢æ–@£C3´ç–öÖâ–öÆæFÂÒåC³““s¶6VÖWF“#t†÷FÖ–Âæ6öĞ£C3´‚â–‡–×VÇ–æ“³s#c¶G6—&Vv$7bæ×’æ–@£C3#´´‚âfVv7V'F–æ“³3s“C¶FÖ&¦67bæFW6æ–@£C33µW–²Ö'–F“³““3Sc·6Æ‡VF–æçVw&††÷FÖ–Âæ6öĞ£C3Cµ"äâFÖ’ÖæFÆ³C““3S¶æG&–æ–Ö&vævÖ–Âæ6öĞ£C3S´æ’WFÖÂÒäÒã³ƒcS“·6æ÷f—F6&”†÷FÖ–Âæ6öĞ£C3cµ6ÆÖâf—&Öç7–‚Â2åC³ssc“S¶¶Ö–F–ç&F—F7bææW@£C3s´VÆ—6æÖv³s3ƒ“S¶VæG&W'vçF”VBæ–ç@£C3ƒ´G'2â6–ö&VÆÆW'F—v“³sS3¶·W7væF&–ÖöætvÖ–Âæ6öĞ£C3“µf–6·’f&–FÂÒäf&Ó³Ccƒƒ·–÷6VctVBæ6öĞ£C3#µ—VÆ–æwVÆæF&“³Cs“cC¶¶–æG&v7GWF”†÷FÖ–Âæ6öĞ£C3#µ6Ç6&–Æ6Ö÷6—#³“SsS“·F–Ö'VÆÖVÆæ”BæÖ–À£C3##µBâVF’gV¦–F’Â2äf&Ó³S“scƒ¶ÆVÖ&ƒCTBçvV"æ–@£C3#3´—&&¶6³3“·&FÖ¦–ÖävÖ–Âæ6öĞ£C3#CµG&–6–&—–çF“³CCs#·7—VÆ–'F”–†öòæ6öĞ£C3#SµBâæGR'VF—–çFòÂÒäÒã³s3ƒC#·¦Væ#c„Bæv÷`£C3#c´¦ÖÂæ6†—'VFF–ã³ƒ“sS¶wW7FÖ&Bæ–@£C3#s´·Væ6&æG&–æ“³c3ƒ¶W—Væ–$VBæv÷`£C3#ƒµVVVâ×W7Föf³“33c·6&——VÆ–çF”W'VÒæ6öĞ£C3#“µ¦Æ–æG&v6—F³c#s#¶¶v6‡WF6ö—DW'VÒææW@£C33¶G&râV6†—F&—–çF’Â2äw£³###ƒS¶g&F—v”vÖ–Âæ6öĞ£C33µ"âæ—–væ6†—'VFF–âÂ2ä¶öÓ³CSs3“·w&ÖFäVBæFW6æ–@£C33#´–çFâW7—FÂ2ä’ä¶öÓ³“CS¶¶çW&–æ”–†öòæ6öĞ£C333µFv²âvæWv6æÂ2ä’ä¶öÓ³“cc·¦VÆ–'–æ”vÖ–Âæ6öĞ£C33C´†æ’&6WG–ó³3#CC¶F–æ—VÆ–çF”Bæ×’æ–@£C33S´F–‚6Æ‡VF–âÂÒäf&Ó³S#c¶&wW3BææWBæ–@£C33cµ¦—¦’Æ·6—F³“3Ccƒ·Æ7G&–vF–æt7bæ&—¢æ–@£C33sµWWBW&ÖF’Â2äRã³3“#3S¶VF—6öç&FÖBæ–@£C33ƒ´¦–Â&†–Öƒ³ƒc“·&—6çW&–æ”W'VÒæÖ–À£C33“´¦Værv6¶—F³c“Csƒ¶†'FF–¶&–Ö„Bæ÷&p£C3C´´‚â¦–öæò&F—v“³#““s¶6‡–6—&—DBæ6öĞ£C3C´—&–æ&FÖ³S3cc·w&ÖFäBææW@£C3C#´öÆ—f–ævw&–æ“³“3SSS·FVwVƒc–†öòæ6öĞ£C3C3´ÖVÆ–·W7v÷–ó³#cS“¶—v–&÷vô7bçvV"æ–@£C3CCµBâ§VÖF’VF¦–7GWF“³3S#¶7GWF—f—f”W'VÒçvV"æ–@£C3CSµWF’V6†—F7VF–F’ÂÒåC³3C““¶†–F–çFô–†öòæ6öĞ£C3Ccµ6f–æF†×&–ã³cs#¶FÖ¦#–†öòæ6öĞ£C3Csµ—Væ—F&67F³s“S·‡6—GVÖ÷&ætvÖ–Âæ6öĞ£C3Cƒ´¦öæòæG&–æ“³ƒ“·&†&¦F×V&öÆöä7bæVGP£C3C“µFv²âÆ&2Æ·6Ö—vF’ÂÒåD’ã³SƒS3¶&Ö'VætBçvV"æ–@£C3Sµ"âF&Öâf—&Öç7–‚Â2ä¶öÓ³csƒ3¶6‡–çFóSdBæv÷`£C3S´—"â6'&–æwVævã³SSƒ3s·&Öç&&÷vô–†öòæ6öĞ£C3S#µ"â&—6&†–Ö‚ÂÒä¶öÒã³c3S“#·g7W'–FÖ”–†öòæ6öĞ£C3S3µ†ææ6–†÷Fæs³3SCC“¶væF“s$7bæ÷"æ–@£C3SC´¶&–Ö‚&7GWF“³cƒ“·VÖ'&ÖFä†÷FÖ–Âæ6öĞ£C3SS´–'Vâ§VÆ¶&æ–ã³““3ss¶V¶C$–†öòæ6öĞ£C3Sc´VæF‚v6¶—F³##ƒS¶ö·FöÆGWöæôW'VÒææWBæ–@£C3Ss´wW2v–¦–³s3c#¶VÇf–ç&F—v”BæVGP£C3SƒµFÆ––öÆæF³C#c¶F–æFc”VBæFW6æ–@£C3S“´&Æ6Æ‡VF–ã³sss3·&†–F–çFô–†öòæ6öĞ£C3cµ"äâf–öÆWBW&ÖFÂ2åBã³cSS¶v'&–VÆÆ“$7bæVGP£C3cµ'VF’W&ÖF“³C3s·&F–¶VF¦–7GWF”†÷FÖ–Âæ6öĞ£C3c#¶G"â¶&–Ö‚W'vçF“³##C¶6–çF†–SvÖ–Âæ6öĞ£C3c3µBâ&&v6–Ö&öÆöã³ƒ“ƒ·f—f““”Bç66‚æ–@£C3cCµ7W'–çW&–æ“³“3CSC·§6–Ö&öÆöävÖ–Âæ6öĞ£C3cS´æ—–v6WF–vã³C#s#·G6—Fö×VÄBæ2æ–@£C3cc¶G&râ6‡–öæòWG&Â2ä•³cS“Ss¶¶6—–ƒ3d7bç66‚æ–@£C3cs´G&¦BW&ævF“³ƒC3“·¦Ö'Væt–†öòæ6öĞ£C3cƒ´VÆ—6ÖæFÆÂ2åC³c“sƒ¶ç&–Ö6WG&W'VÒæ–@£C3c“´¶'F–¶†¶–Ó³““s¶†76æ„vÖ–Âæ6öĞ£C3s´VÆÆv‡—VF–âÂ2åC³sS·6—6¶#D–†öòæ6öĞ£C3s´×WF–F'V¶¶RÂ2åC³ƒc3C#·¦VÆFC4W'VÒæ2æ–@£C3s#´væF’Æ·6—F³s#C¶ÆçF#„VBçvV"æ–@£C3s3´vÖçFòæ÷f—F6&“³3scC·&¦6&wW4BææWBæ–@£C3sCµFv²â¦F’6–Ö&öÆöã³C“CSƒ·6†¶–ÆS”–†öòæ6öĞ£C3sS´æ&–Æv–&—6öæó³cƒCC¶×W'6–æ–ã3„†÷FÖ–Âæ6öĞ£C3sc¶G"â†Ö–Öv–&—6öæòÂ2åBã³ƒcSSƒ¶VÆ—6„vÖ–Âæ6öĞ£C3ssµ&–æF&–†÷&ã³csSs¶¶‡WFV†÷FÖ–Âæ6öĞ£C3sƒ´'6—G&ÖçVÆÆæs³cc##S·††6æ„–†öòæ6öĞ£C3s“´×VÇ–çFòæ&&ã³ƒƒƒ#¶¶–æG&$VBçvV"æ–@£C3ƒµwVÆâ6Föæó³SS“3·&Ö'–F”VBçöçW2æ–@£C3ƒµWF’æ÷fwVæ'Fó³3“#C“¶¦–ÖçWFÖVBævòæ–@£C3ƒ#´F–æ§VÆ¶&æ–âÂ2åC³#3#·6–Öæ§VçF¶†'Fæ7bæ2æ–@£C3ƒ3µf–6·’&ÖFã³c#Cs¶'VF–Öæ&æv”vÖ–Âæ6öĞ£C3ƒC´FÆ–Ö–â&†—S³c3“·v&F–SVBæ×’æ–@£C3ƒSµWG&’&¶6³c“ƒ3·&–övæ&F”vÖ–Âæ6öĞ£C3ƒcµFv²âÆÖ—&f&–F³#S3·6VgVÆÆ†¶W¦–W'VÒæ&—¢æ–@£C3ƒsµfç–Ö&F†—–ƒ³Sƒsƒ¶¦–Ææ–†–ÖvävÖ–Âæ6öĞ£C3ƒƒ´G'2â†'6ææG&–æ’Â2äRä“³Cƒsƒ3¶67GWF”BææW@£C3ƒ“µv—6çRf&–F³ccƒ¶–ÖÖ†–F–D†÷FÖ–Âæ6öĞ£C3“´GBâÖ†W6—VÆ–çF’Â2å6÷3³ƒC3“3·v†æF–æ”–†öòæ6öĞ£C3“´F–¶&&¶6³S3s¶VÆÆ&6WG–ô†÷FÖ–Âæ6öĞ£C3“#¶G"âvÆ–‚6–Ö&öÆöâÂ2äf&Ó³3s#SS¶×V×Væ—F†×&–ä–†öòæ6öĞ£C3“3µ÷&’W––æƒ³#c3cs¶æ÷f#VBæÖ–Âæ–@£C3“C¶G&râ–æ6RvÇW–òÂ2ä’ä¶öÓ³S“c“¶—'6F†&–&”Bæ&—¢æ–@£C3“S´ÇWv"f—&vçF÷&ó³s““3S¶æ7'VÆÆ†Öç7W$–†öòæ6öĞ£C3“c´G"âfç–6WF–vã³cƒ3s¶Fævw&–vä7bçvV"æ–@£C3“sµ–æ’7V'F–æ“³s3#3“¶×W7Föf§VÆ”BçöçW2æ–@£C3“ƒ´¦–Ö–âF&–†÷&ã³#3Cs“¶ÖVÆæVÖ”BæFW6æ–@£C3““´6wV²F†×&–ã³3CCS3¶†7F$Bævòæ–@£CC´6¶WB&ÖFã³“3cs¶ÆÖ&æ—GWVÇTvÖ–Âæ6öĞ£CC´v'&–VÆÆÆ7G&“³ccSc“¶V¦S4vÖ–Âæ6öĞ£CC#´†W'RVF¦–7GWF“³ƒ#ƒ“C·G&&÷vôvÖ–Âæ6öĞ£CC3´†&–×W'F’6—&Vv#³SƒC#s·fW&vÖ–Âæ6öĞ£CCC¶G&râ†Ö–Ö§VÆ¶&æ–ã³ƒc#S·6f–æ“d–†öòæ6öĞ£CCS´¦ÖÆ–&—–çF“³#“¶ÖæFÆF–ævÖ–Âæ6öĞ£CCcµ6Ç6&–Æ&–öv³CSc3·&&÷vó#t–†öòæ6öĞ£CCs´†W'–çFò‡WFV³Cƒ“¶¶v67W'–öæôvÖ–Âæ6öĞ£CCƒ´¶–Ææ6†—'VFF–âÂ2åC³sscCc¶§v–¦–çF”†÷FÖ–Âæ6öĞ£CC“µ&–Ö6VgVÆÆ‚ÂÒåC³CSs·v–&—6öæöÖöætVBæ–@£CCµ6f–æ†&–&“³ƒCc3¶FFÖç7W$–†öòæ6öĞ£CC´¦vW76&“³#C33·&FÖ6v—6F”–†öòæ6öĞ£CC#¶G&râ–Ç6æ–ævvöÆâÂ2åC³S#C“S¶Æ6ÖçFócDvÖ–Âæ6öĞ£CC3´—"â6FBv7GWF“³ƒ3“c¶Öæ÷f—F6&”†÷FÖ–Âæ6öĞ£CCCµFv²â'FçFò&6WG–òÂÒåD’ã³ƒC#C·6—6¶Sd†÷FÖ–Âæ6öĞ£CCSµ¦VÆF‡WF6ö—C³ƒcC·&†—VvÖäW'VÒæ×’æ–@£CCcµF—&'VF–Öã³#“s“C¶¶F—'&&÷vôBæ–ç@£CCsµ7WFâGVv–Öâ†6æ‚Â2ä‚ã³ƒ#sƒƒ¶f&ƒ3t–†öòæ6öĞ£CCƒ´‚â¶Ö&Æ’wVæ'Fó³##Ss¶vFæsvÖ–Âæ6öĞ£CC“´F–æFÆW7F&“³“Scc·fÖ&F†—–„7bç66‚æ–@£CC#µ"âF7v—"ÖçVÆÆærÂÒäÒã³csssc·f—&Öã“TW'VÒæ÷&p£CC#´F6–âvÇW–ó³sc“¶–ÖæF6&”†÷FÖ–Âæ6öĞ£CC##´6&ÆWv—3³s“3¶¶Æ·6—F†÷FÖ–Âæ6öĞ£CC#3µFÖ6—&Vv#³ƒ#3s¶FÖæ–¶†×¦„vÖ–Âæ6öĞ£CC#C´‚âÖ'–F’—Væ–#³“#C¶Ö'7VF“sdW'VÒæ&—¢æ–@£CC#S´†g6†‚&¦6³“SC¶6¶WCC”Bæ×’æ–@£CC#c´†g6†‚§VÆ¶&æ–ã³“3#¶¶F—##t–†öòæ6öĞ£CC#s´F&Öâ†&F–ç7–‚Â2åC³s“S“·6—F–Ö†VæG&VBæv÷`£CC#ƒµ6&’ÖçVÆÆæs³s#3cC¶Ö'–F–ÆF–¶†÷FÖ–Âæ6öĞ£CC#“´¶v6Föæv÷&âÂ2äRã³#S3·‡WFÖ”vÖ–Âæ6öĞ£CC3´æ&–ÆçVw&ö†ó³cƒ¶&F–çFöVÇV„†÷FÖ–Âæ6öĞ£CC3´¦ÖÆ–6Ö÷6—#³S#¶¶—&gF&–†÷&ävÖ–Âæ6öĞ£CC3#µ"â§VÆ–FÖæ–²Â2äRä“³#3#“·v–¦–çF—–‡–BçöçW2æ–@£CC33´v'&–VÆÆF†×&–ã³S“ƒ3S¶–'VãC7bæ6öĞ£CC3C¶G"â—7–‚7VF–F“³sƒss#¶¶6—&æ†'–çFôBæ6òæ–@£CC3SµF&’·W7VÖòÂÒä³³cS“#¶vÖ&Ææs”Bæ÷"æ–@£CC3cµFv²âÖ'–çFòÆ–Æ6&’Â2äRä“³CsC““¶¶–Æ6çF÷6ô†÷FÖ–Âæ6öĞ£CC3s¶G&râv—6çR&¦F³csƒ·§v6—F†÷FÖ–Âæ6öĞ£CC3ƒ´æ’‡WF6ö—C³Cscsc·F†×&–äW'VÒææWBæ–@£CC3“´Æ–Æ’æ&&ã³C#sc·7VF–F—W–´vÖ–Âæ6öĞ£CCCµFv²âG&–6–&†–Öƒ³ƒ“3S¶æ¦×VF–æ¶&VäVBævòæ–@£CCC´FöFòW'vçF’Â2ä¶öÓ³SCsS·7W'–FÖ–†&¦vÖ–Âæ6öĞ£CCC#µW–²6—GVÖ÷&æs³CCc3¶æ'F–Æ6ÖöæôvÖ–Âæ6öĞ£CCC3µ&F–¶6Föæó³ssCC¶†–ÖvæwVæ'FôBæFW6æ–@£CCCCµ6–Çf–†Æ–Öƒ³3cSc#·V†æF–æ”vÖ–Âæ6öĞ£CCCS´Æ–G–wVæ'Fó³3s3S3¶fÆW7F&”†÷FÖ–Âæ6öĞ£CCCcµFVF’†Æ–Öƒ³“3sS·W6Ö‡&–æ”W'VÒæÖ–Âæ–@£CCCsµFv²âvFær†'FF“³3s3s¶¦–Ææ—v&F”vÖ–Âæ6öĞ£CCCƒ¶G&râG&–6–6VgVÆÆ‚Â2ä•³“sc#ƒ·&†ÖvF–&vöæôBçöçW2æ–@£CCC“µ&F—G–†&–&“³“““s¶—&fçVF¦–7GWF”vÖ–Âæ6öĞ£CCS´fF†öæ‚†'FF“³ƒsƒcS·GævW7GTW'VÒæÖ–Âæ–@£CCSµVÆ–âFöæv÷&âÂ2äRã³ƒCCs¶v'&–VÆÆcd7bçöçW2æ–@£CCS#µ6ÆÖâ§VÆ¶&æ–âÂ2ä¶öÓ³Ss##c¶VÇf–ææ'F”†÷FÖ–Âæ6öĞ£CCS3´—&–æ—VÆ–çF’Â2ä‚ã³#¶&·F“C†÷FÖ–Âæ6öĞ£CCSC´çW'VÂ7W'–öæó³ƒ3ƒ“ƒ·v6—6Föæv÷&ä7bæv÷`£CCSS´Æ–Ö"‡WFvÇVæs³ƒƒ·&Ö&ÖFä–†öòæ6öĞ£CCSc´W&–²'VF–Öã³csCss¶Æ·6—FÇV¶ÖäBæÖ–Âæ–@£CCSsµWG&’Föæv÷&ã³CCss“·VÆ–ç&¦67bæÖ–Âæ–@£CCSƒ´&·F’·W7VÖòÂ2äw£³s##¶–æG&#7bæ÷&p£CCS“µWWBævw&–vã³S3Cs¶V¶æÖv–†öòæ6öĞ£CCc´–¶ÖæwVç6öærÂÒäÒã³““3¶VÆÖæ'F”†÷FÖ–Âæ6öĞ£CCc´´‚âv&F’6—Fö×VÂÂ2äRä“³#c“s¶¦—6FÖæ–´–†öòæ6öĞ£CCc#µFçG&’6–†öÖ&–æs³#33c·fæW63$VBçöçW2æ–@£CCc3µv–G–Ö†W7v&³c3#s·§&6WG–ôBçvV"æ–@£CCcC´¦'vvÇW–ó³ƒƒ#C·&F—v—VÆ–ä†÷FÖ–Âæ6öĞ£CCcSµvF’6Æ‡VF–ã³CSƒcc·v†–F–D†÷FÖ–Âæ6öĞ£CCcc´G'2âF—6–†öÖ&–ærÂ2äw£³cƒ33¶‡7W'–FÖ”BææW@£CCcs´—"âVæ¦æ’6çF÷6ó³ƒc“cs·§6Föæô–†öòæ6öĞ£CCcƒ´&Æ–F–âÆ·6Ö—vF“³“C“¶6‡–öæóCvÖ–Âæ6öĞ£CCc“µ&–Gvâæ—GWVÇS³ƒ“CsS¶¶'6G&–ç7–„BçvV"æ–@£CCs´öÆ—f–f—&vçF÷&ó³s##c¶væ¦&çW6Ö„vÖ–Âæ6öĞ£CCsµ&F—G–gV¦–F“³“3·v–æ'6–†ÇWv$vÖ–Âæ6öĞ£CCs#¶G"âVÆ’Ö'Væs³#CC¶×W7Föf—&fä–†öòæ6öĞ£CCs3´v7F’&†ÖvF“³SC#¶6·&&—&vFÖ6&”W'VÒæÖ–Âæ–@£CCsC´F'Væ&&÷vó³Cƒs#·W&ævF––äBæ÷"æ–@£CCsS´¦Vær6—F÷'W2Â2äRã³Sƒƒ¶†&—–‡æ¦”†÷FÖ–Âæ6öĞ£CCscµWF’†W7F’Æ7G&“³CCƒS·v–¦–çF—&F”vÖ–Âæ6öĞ£CCss´†¢âÆÆ'VF—–çFó³#s3“¶&wW3“DBæÖ–Âæ–@£CCsƒ´´‚âf–æòv–æ&æó³s“·†ÖçVÆÆætBææW@£CCs“´&‡Wv—'–·W7væF&“³“##3¶&·F–F“S$vÖ–Âæ6öĞ£CCƒµ&†Ö’ÖVÆæ“³ƒC3“¶¶&¦F†×&–äVBæv÷`£CCƒ´VÆÆ—2‡WF6ö—C³S##sS¶6æG&æ—GWVÇT7bçvV"æ–@£CCƒ#´†æ’æG6—#³ƒS#¶ævw&–æ–vÆ–„Bç66‚æ–@£CCƒ3´´‚âÆF–b6—F÷'W2ÂÒäÒã³cS#ƒ¶ÆF'V¶¶TW'VÒæ÷"æ–@£CCƒC´Ö&–F’7VF–F“³Cƒ#c·VF¦–7GWF––‡6äVBæ&—¢æ–@£CCƒSµ7WFâf–ÖâÖ'–F’ÂÒäÒã³ƒs33¶6†6æ„vÖ–Âæ6öĞ£CCƒcµF6F–²&F–çFòÂÒäf&Ó³Sc“Cƒ·FÖ'–F”7bævòæ–@£CCƒs´†¢âfç–F&–†÷&âÂ2äRä“³“cSCs¶¶v6#VBævòæ–@£CCƒƒ´Ö–×Væ‚F&–†÷&ã³S3Cƒ“·6'&“#DVBæ÷"æ–@£CCƒ“´G'2âÆ·6æ×W7Föf³cC#ƒ“¶ö·F÷&F—FvÖ–Âæ6öĞ£CC“´G"â6F–æ6—&Vv#³ƒsƒ¶F&–F“cdvÖ–Âæ6öĞ£CC“´´‚â†VæG&7W6çF“³“sƒsƒ¶÷wVÆæF&”Bç66‚æ–@£CC“#´6–çF–öÆæFÂÒäf&Ó³cC3ƒƒ·§6–†öÖ&–ætBææWBæ–@£CC“3´F—G–G&–ç7–ƒ³#CC“¶wv–æ'6–„–†öòæ6öĞ£CC“C´Ö–ÖVÆæ³ƒS3·7W'–öæ÷&–æ”Bævòæ–@£CC“Sµ–æ’¦çV#³#C#·6–†÷FæwF—&7bæ6öĞ£CC“c´§VÆ–W&ÖF³CCS#¶FÆ–Ö6–†÷FætvÖ–Âæ6öĞ£CC“s´ÆÆ—FÖçVÆÆæs³sS“·f'–æ”VBæ6òæ–@£CC“ƒ´&·F–F’&&÷vó³“Cƒ·&f–Fæ7––„–†öòæ6öĞ£CC““µF&’Ö'Væs³c###¶ævw&–æ–v–Ææt†÷FÖ–Âæ6öĞ£CSµBâFöFò&7GWF“³C3SsS·v‡—Væ–væF”VBæÖ–Âæ–@£CSµ—Væ—F&7GWF“³ƒƒ¶æ6†—'VFF–æ–äW'VÒæ6òæ–@£CS#µWF’—7–‚&6WG–ó³csƒ·&†Ö—7W'–öæôvÖ–Âæ6öĞ£CS3´Æ–Ö"†'–çFó³ƒ3Sƒ“·‡W––æ„W'VÒæ–@£CSC´¦6Ö–âÆ§V&F“³cs3·FÖ—W'vçF”–†öòæ6öĞ£CSSµ&–æ§VÆ–¶³Ssc¶¦ö†ãCD7bæFW6æ–@£CSc´&Æ–F–â6f—G&“³S““s¶v†'–çFôvÖ–Âæ6öĞ£CSs´–Ç6†æF–æ“³SS“¶†×¦ƒC4†÷FÖ–Âæ6öĞ£CSƒ´¦öæòæ'F“³ƒc“ƒ¶§VÆ–æ6†—'VFF–ä7bæ6òæ–@£CS“´¦F’W76&’ÂÒäÒã³CSƒsS¶†7Fö·Ff–æ”vÖ–Âæ6öĞ£CS´¶'66Föæó³“3““·‡W&ÖFVBææW@£CS´G"âÖ–6†VÆÆR6–†öÖ&–æs³c3sƒ¶¦ÖÃ4W'VÒææWBæ–@£CS#´–F&–övÂ2ä‚ã³SssS¶ÇV¶—F#DvÖ–Âæ6öĞ£CS3´f&‚Ö†W7v&³ƒCS¶¶Ö–F–ç7VF–F”7bçöçW2æ–@£CSC´æ&–ÆF'V¶¶S³s“cc¶ÆVÖ&†G&–ç7–„–†öòæ6öĞ£CSS´fV&’†6æƒ³C3“S¶÷W6Ö„W'VÒæ2æ–@£CSc´&¶–F–âÆ·6—F³sCc¶F–ƒCT7bæVGP£CSsµ"äâ&WFæ–Öç7W"Â2ä‚ã³SCCsƒ¶¶Æ–×&6WG–ôBç66‚æ–@£CSƒ´GBâ†Æ–ÒW&ÖF³C3ƒs#¶¶Æ–×7W'–FÖ”BçöçW2æ–@£CS“´6÷&æVÆ–æ7––ƒ³#3¶Ö&–F“Ct7bæ÷"æ–@£CS#µ6ÆÖâ&ÖFã³3c33c·6—F÷'W6öÆ—f–vÖ–Âæ6öĞ£CS#´'F&Fæ³CƒC3¶‡WFV×V†ÖÖD†÷FÖ–Âæ6öĞ£CS##´—&fâ6Æ‡VF–ã³Cƒƒ“C¶Ç&†—TW'VÒç66‚æ–@£CS#3µ6FB×W7Föf³c“cc¶†Æ–Ös”7bæ6òæ–@£CS#C¶G"âWFÖ&¶6³ƒ3““¶f—G&–æ“s”W'VÒæ6òæ–@£CS#S´¶6—&âÖVÆæ“³3“sCc·W6Ö†6·&'VævÖ–Âæ6öĞ£CS#cµvvRFÖæ–³³SC“C·6—&Vv&VÖ–ÄvÖ–Âæ6öĞ£CS#s´¶ÖÂ†'–çF“³“33¶VÖ'V‡6—&Vv$–†öòæ6öĞ£CS#ƒ´—"â÷†VÆ–Wv—2Â2äRã³s“#·6FöæöÆçF$–†öòæ6öĞ£CS#“µ&ævv†6æƒ³S3#·F7v—#7bæ6öĞ£CS3´†g6†‚†7GWF“³c#“S¶6·&'VæCt–†öòæ6öĞ£CS3´—"âW&÷&ÆGWöæòÂ2äf&Ó³c““·v—&DBç66‚æ–@£CS3#´¦ÆVv‡—VF–ã³SCSCS¶w6—GVÖ÷&ætvÖ–Âæ6öĞ£CS33¶G&râæ—F&†ÖvF“³cSc“#¶æ—–vs4†÷FÖ–Âæ6öĞ£CS3C´–'Vâ6—&—C³#“#3c¶÷æ†6æ„VBçvV"æ–@£CS3Sµ6Æ–Ö‚v6¶—F³c·W6çF÷6ô–†öòæ6öĞ£CS3cµ"â6wV²†7GWF“³Ss3C·&¶6†÷FÖ–Âæ6öĞ£CS3s´VæF‚f&–F³s3CC¶æ'F–F&–¦äVBçvV"æ–@£CS3ƒ´†æ’çW&F—–çF“³#“cS¶&Æ–¦ãCtBævòæ–@£CS3“´6–çF†–7W6çF“³#Ccƒ3·Væ¦æ—v–FöFôBæ6òæ–@£CSCµ–÷6VbÖ'–F“³3““sC¶‡6–Ö&öÆöäBæ÷"æ–@£CSC´÷6¶"&†–Öƒ³c3SsS·7W6çF–W&÷&†÷FÖ–Âæ6öĞ£CSC#´†6æFÖæ–²Â2åBã³3c#cC¶g—VÆ–'F”7bæ–ç@£CSC3µ¦Ö—&†–F–BÂÒåD’ã³sSC·&¶÷6“D–†öòæ6öĞ£CSCCµ"äÒâG&’6–†öÖ&–æs³cc#·—VÆ–'F–&æ&7bæ÷&p£CSCS´æF–v–FöFó³ƒC#C¶ÆW7F&–'–6VBæ&—¢æ–@£CSCcµ6–Çf–&6WG–Â2ä•³sCC·v‡—VF–çF6æ–ÔVBæVGP£CSCsµ¦VÆF·W6ÖvF“³s¶&·F–F—WG&VBæ6òæ–@£CSCƒ´—"â6·F’Ö'–F’Â2ä•³s#ƒ“¶6&¶6–†÷FætvÖ–Âæ6öĞ£CSC“µWF’v†Æ—–F’&6WG–ó³ƒ#ƒ“·&F–¶C†÷FÖ–Âæ6öĞ£CSS´—"âÖ–F&67FÂ2å6“³ƒƒ#s¶†7F§VÆ¶&æ–ä7bæ–ç@£CSS´ÆÖ&æ6–†öÖ&–ærÂ2å6“³ƒSsCƒ¶&Æævvƒ$†÷FÖ–Âæ6öĞ£CSS#´æ6–Òf—&Öç7–ƒ³Ss·&†Ö“C4–†öòæ6öĞ£CSS3´†'6–·W&æ–vã³C3“S¶væFWv'VF—–çFô†÷FÖ–Âæ6öĞ£CSSC´Æ&2†Æ–Ó³s3#sC¶vÆ–‡6—Fö×VÄvÖ–Âæ6öĞ£CSSS´—"â¶v6¦–Ææ’Â2ä¶öÓ³CSCs#·f—f““$vÖ–Âæ6öĞ£CSSc´¦–æv’7W'–FÖ“³#sƒƒƒ¶÷wVÆæF&”W'VÒæ6òæ–@£CSSs´G"âÖ'FæÆGWöæòÂ2ä¶VC³ƒ“3¶æG6—&&wW4Bæ2æ–@£CSSƒ´§VÖ&’f—&Öç7–ƒ³s“#ƒs¶¶7VæsCTW'VÒæ6òæ–@£CSS“´6†æG&wVæ'Fó³C33Sc·6—6¶cD–†öòæ6öĞ£CScµ¦‡&7W6çF’Â2åC³“ƒ““·W&ævF–ÆF–dW'VÒæ÷"æ–@£CSc´´‚â×Væ’†–F–çFó³sssƒ¶vFævçW&–æ”†÷FÖ–Âæ6öĞ£CSc#´G"â6†æ–6Æ‡VF–ã³S#ƒ#¶¶&¦4†÷FÖ–Âæ6öĞ£CSc3´Ö–Æ§VÆ–¶³CSs¶·VçF†&#d–†öòæ6öĞ£CScC´Æ–Ö"&FÖ³cs“3s¶vÖæ–—7v‡—VF”†÷FÖ–Âæ6öĞ£CScSµW'vçFòæ–ævvöÆã³sSc“C¶F—W7—FBævòæ–@£CSccµFv²âÇV¶—F¦–Ææ“³33Ss¶§W&ÖF”†÷FÖ–Âæ6öĞ£CScs´¶Ö&Æ’ÖæF6&’ÂÒä¶öÒã³S3#s¶Föæv÷&æ¦FÖ–¶ôVBææW@£CScƒµvvâö·Ff–æ“³ƒ“ƒs·g6&v–„–†öòæ6öĞ£CSc“´7WBÆ–ÆÆ§V&F“³s“s#C¶&æ6'6–Ö&öÆöä7bævòæ–@£CSs´—&–æ—VÆ–çF“³ƒ#“C¶6–ö&VÆÆ&6WG–ôBæ2æ–@£CSs´v&â&F—F³C“C#·&†&—–„–†öòæ6öĞ£CSs#´G"â&–æv6¶—FÂ2äRä“³sCCS·vÇW–÷6–†÷Fæt†÷FÖ–Âæ6öĞ£CSs3´æ6"Ö'–F“³S“S“S·&f–F7GWF”Bæ÷"æ–@£CSsC´—'6B†æF–æ“³s#c#·7W6çF—G&–6–BæÖ–Âæ–@£CSsSµW7–’—VÆ–'F“³cS3·§—VÆ–'F”BææWBæ–@£CSsc´¦æWBv–&÷vó³Cs“3c¶ÖÖ–6&”W'VÒæ2æ–@£CSss´&VÆÆ6–†öÖ&–æs³ƒƒ3“·F×V&öÆöææ&F”–†öòæ6öĞ£CSsƒ´6v²F†×&–âÂ2å6“³#S¶&¦67bævòæ–@£CSs“´G'2â÷&’WFÖ’ÂÒåD’ã³“S#¶F–æFc$vÖ–Âæ6öĞ£CSƒ´†'6–‡WF6ö—BÂ2äw£³#cS#C·FVwV††&—–„Bæ÷&p£CSƒµ"äâv—&F6çF÷6òÂÒåD’ã³#3ccC¶–Ö'–F”Bæ–@£CSƒ#¶G"âF–â6—&Vv"Â2äw£³S#SƒC¶Ö†F“#4W'VÒæ6òæ–@£CSƒ3´Ææær†6æ‚Â2äw£³CCSs“¶væFWvÖæwVç6öæt7bæVGP£CSƒC´—&fâævW7GS³c#3s¶&vöæósDVBçöçW2æ–@£CSƒS´&w–6–Öæ§VçF³³CcS3c·&Fæ#$†÷FÖ–Âæ6öĞ£CSƒcµ&†Ö’·W6ÖvF“³ƒ#ƒs·v7GWF–Ö†F”†÷FÖ–Âæ6öĞ£CSƒs´–ÖÒWFÖÂ2äf&Ó³3“s“·&6WG–÷&†&¦–†öòæ6öĞ£CSƒƒµ&&v†Æ–Ó³ƒ#sƒ·§VÆf&67FvÖ–Âæ6öĞ£CSƒ“´¶v6'VF–Öã³csƒc¶'—Væ–$Bæ×’æ–@£CS“´G"â¶&–Ö‚6Ö÷6—#³ccCS·v6—FvÆætW'VÒæFW6æ–@£CS“´G"âF6Æ·6Ö—vF’Â2å6÷3³3#C“ƒ¶ÖÆ§V&F”vÖ–Âæ6öĞ£CS“#´÷§’6Ö÷6—"Â2äw£³3##s¶æ—GWVÇWVVVävÖ–Âæ6öĞ£CS“3´VÆÆ—27W'–FÖ“³3sS#·VF¦–7GWF–'–6Bævòæ–@£CS“C´G"â7–‡&–æ’&ÖFâÂ2åC³ƒ##“·wVævä†÷FÖ–Âæ6öĞ£CS“S´¦ÆVF'V¶¶S³Scƒ3S¶&¦6Bæ÷&p£CS“c´÷â&†ÖvF’Â2å6÷3³ƒCcsƒ·G&æ÷vôvÖ–Âæ6öĞ£CS“sµBâ¦–Â—&vã³#c3¶&wW6ÖæFÆvÖ–Âæ6öĞ£CS“ƒµ&†ÖBæ6†—'VFF–ã³cSC·FÖ“TW'VÒæFW6æ–@£CS““´Gv’6WF–vã³S3c¶Æ·6—F·VçF†&vÖ–Âæ6öĞ£Cc´¶'F6&v–ƒ³cC#·væ—vÇW–ô–†öòæ6öĞ£Cc´†¢âæ&–ÆG&–ç7–ƒ³SC#c#·WG&—7VF–F”†÷FÖ–Âæ6öĞ£Cc#´Æ'V‚æ–ævvöÆã³ƒ#CSS¶†'F÷ævW7GT–†öòæ6öĞ£Cc3µF—F–âW––æƒ³33C·Ö&'Vä†÷FÖ–Âæ6öĞ£CcC´V¦×W7Föf³3“ƒ¶v†æ–†&—–„vÖ–Âæ6öĞ£CcSµ7WFâW–²6–Öæ§VçF²Â2ä¶VC³CC#C¶ç7W'–öæô–†öòæ6öĞ£Ccc´Ö·WFFÖ6&“³#ƒsƒ·WF“c”7bçvV"æ–@£CcsµF—F’v–¦–çF“³##c¶ÖVÆ–çW&F—–çF”W'VÒææW@£Ccƒ´ÆÖ—&æ¦×VF–ã³“C“·6–Ö&öÆöæ†&”Bæ2æ–@£Cc“µFv²âÖÆ–6–ævÂÒäf&Ó³3s3ƒ¶Æ·6Ö—vF–F–æ7bç66‚æ–@£Cc´G"âwVÆâÆ–Æ6&“³c“ƒ3ƒ·&F—v–Ö†×VD7bævòæ–@£Ccµ"â'F×VÇ–æ’Â2äf&Ó³SSSs¶FÖæ–·&F—G–vÖ–Âæ6öĞ£Cc#µ&F’†'–çF’ÂÒåC³3cƒS¶×VÇ–öæ÷WFÖVBæ&—¢æ–@£Cc3´†¢â6&Æ†&—–ƒ³c3cc¶æCBææWBæ–@£CcC´¦ÖÆ–‡WFvÇVærÂ2åC³“sSSƒ¶¦–Væv·W7væF&”†÷FÖ–Âæ6öĞ£CcS´öÆv7Wv&æó³#3SC3¶×Væ“S„vÖ–Âæ6öĞ£CccµævW7GRæÖv³“CƒCs¶§&†ÖvF”–†öòæ6öĞ£Ccs´¶&Vâ&ÖFã³3“SCs·W7—FöÆ—fBæ÷"æ–@£CcƒµV¦’v–¦–çF“³S“S3“·v7GWF–'FvävÖ–Âæ6öĞ£Cc“´7WB&†—R7Wv&æó³cƒƒs¶ÆV÷&†–Ö„vÖ–Âæ6öĞ£Cc#µ"äâÆ–¶†–F–BÂ2ä¶VC³cC#·&–öv¶Væ&”VBæFW6æ–@£Cc#´†g6†‚ÖæwVç6öæs³““ƒ·W'vçF÷VF¦–7GWF”–†öòæ6öĞ£Cc##´7WBFWv’6WG&Â2ä’ä¶öÓ³ƒSsS¶ÆVÖ&ƒsW'VÒæ×’æ–@£Cc#3µ6—6¶‡WFvÇVæs³SCSCs¶F'V¶¶V¦7vF”–†öòæ6öĞ£Cc#C¶G&râ×Væ’v6—F³Cƒƒ3¶ÖÆ–CtBæ2æ–@£Cc#SµFÖ’6&v–ƒ³cƒSC¶†Æ–Ö†¦6Ö–ä7bæ÷&p£Cc#c´†&–×W'F’ÖæFÆ³SSSsC·F—F–ææ¦×VF–äBæ6öĞ£Cc#s´G"â6GW"WFÖ³sscƒ·&†&F–ç7–„†÷FÖ–Âæ6öĞ£Cc#ƒ´¦–Vær·W7VÖó³Cƒ#ƒ¶7&†ÖvF”†÷FÖ–Âæ6öĞ£Cc#“¶G&râÆ–Æ6–†÷Fæs³CSCs¶†W'SDvÖ–Âæ6öĞ£Cc3´×V×Væ’6WF–vã³“Cc#S¶6–æG“C7bæ–ç@£Cc3µBâG&’&ÖFã³C3cS·v†76æ„†÷FÖ–Âæ6öĞ£Cc3#´¶VÖ&VF¦–7GWF’Â2ä‚ã³s3·&–¶3tBæÖ–Âæ–@£Cc33´†–ÆFçW&–æ“³ScC“s¶ÆçF&æ'F”BæVGP£Cc3Cµ&W¦†'–çF“³“CcS¶†'Fó“$W'VÒæÖ–Âæ–@£Cc3S´¶&–Ö‚Ö'–F“³cS#¶fF†öæ‡v6¶—FW'VÒæ–ç@£Cc3c´†'Fæævw&–vã³3ccƒC·&÷6Öæ×W7Föf–†öòæ6öĞ£Cc3sµV6†—FÖæF6&’ÂÒä³³3#c·WF†×&–ä–†öòæ6öĞ£Cc3ƒ¶G&râ§VÆ’6–†÷FærÂ2å6“³ƒ3c¶'VF—–çFöF'FöæôvÖ–Âæ6öĞ£Cc3“µV6†—FÖ&F†—–ƒ³sCS3C¶÷6–Öæ§VçF´W'VÒæ–ç@£CcCµWG&’Wv—3³“ƒCsc¶ff&–FVBæv÷`£CcC´ÇWFfâ6Æ‡VF–ã³S“3ƒ¶6·W7VÖôvÖ–Âæ6öĞ£CcC#´ÖVÆ–W'F—v“³S#sss·&F—F–öæô–†öòæ6öĞ£CcC3´¦Vg&’&&÷vó³ƒc“¶‡6—&Vv$Bæ6öĞ£CcCCµ"âVGv&B&67F³CCcƒs·v–¦–çF–&·F”–†öòæ6öĞ£CcCSµ–æ6R7V'F–æ“³3ƒS33¶Ö&3cD†÷FÖ–Âæ6öĞ£CcCc´6æG&æ—GWVÇRÂÒåD’ã³ƒƒ#C¶‡WFVf–·F÷$VBæ6òæ–@£CcCs´6Æ—7FÖVÆæ³cCCƒc¶V·W7VÖô7bææWBæ–@£CcCƒ´&WFæ–WG&³##C#c·&†ÖCBæv÷`£CcC“´×V†ÖÖB†Æ–Ó³c3CC3·FÖ6&–æöÔ–†öòæ6öĞ£CcS´†¢â&–æ¦çV"Â2åBã³Sss¶Ö'vF347bææWBæ–@£CcS´ÇV¶—FW6F³“¶—fæ†æF–æ”7bæ÷&p£CcS#µ6¶Ö&'Vã³CCcc¶æ–Æ×W&ævF”†÷FÖ–Âæ6öĞ£CcS3µ–æ’·W6ÖvF’ÂÒäÒã³33S3¶FöF÷&–övVBæ–@£CcSCµWF’&—2Ö†W7v&Â2ä•³ƒ“Cc·v‡—W6—&—DBæ÷"æ–@£CcSSµBâW'v&†–Öƒ³C3cS¶&¶–F“–†öòæ6öĞ£CcSc´6‡–Æ·6Ö—vF’Â2åC³SƒcS¶æ'F–F&ÖçFô–†öòæ6öĞ£CcSs´‚â–öæò†&—–ƒ³S3sC#¶æ÷f—F6&—6†æ––†öòæ6öĞ£CcSƒµ"äâFRæG6—#³““3¶¶–æG&#vÖ–Âæ6öĞ£CcS“µF—'FW'vçF“³ss3¶¦VÆ—FW7—F–†öòæ6öĞ£Cccµf–æòæ—GWVÇS³Scs3·†æÖv7bæ6òæ–@£Ccc´G"âÖ'6—Fò6f—G&’Â2å6÷3³cƒ3·&†ÖvF”†÷FÖ–Âæ6öĞ£Ccc#µ—VÆ–æv–æ'6–ƒ³Ssƒƒ¶Æ·6—Fv'&–VÆÆBæ–ç@£Ccc3´vÖçFò&Fæ³3ss¶†&—–†6Æ&†÷FÖ–Âæ6öĞ£CccCµV¦’æG6—#³3s3“¶6–†öÖ&–ætvÖ–Âæ6öĞ£CccS´G"âF–ææ'F“³“#“ƒ·¦æ—GWVÇT7bæ2æ–@£CcccµF–ææ7––Fƒ³cƒS¶&¶–F“s$W'VÒævòæ–@£Cccs´G'2âÖ'Fæ¦çV"Â2ä’ä¶öÓ³Ccs3¶&‡Wv—'–“vÖ–Âæ6öĞ£Cccƒ´—"â¦ÖÆ–FÖæ–³³3#Sƒs¶¦†Æ–Ö„Bæ6òæ–@£Ccc“´—"â6–gVÂ6—&Vv"Â2å6÷3³ScsƒC·§6çF÷6ôVBææW@£Ccsµ"äâÖÆ–¶—&vã³S#S#·–÷6Vg&7GWF”†÷FÖ–Âæ6öĞ£Ccsµ&&÷vò†6æƒ³CƒS##·6f–æÖ†VæG&W'VÒævòæ–@£Ccs#´væF’·W7væF&’Â2åBã³cc#·ævW7GS37bæVGP£Ccs3´–fÖ'–F“³ƒ#3·—W6FVBçvV"æ–@£CcsC´væ¦&â·W7VÖó³3“s¶¶×VÇ–æ”7bæÖ–À£CcsS´÷†VÆ–'–æ’Â2ä‚ã³CS#“·F—'F–6Föæv÷&ä†÷FÖ–Âæ6öĞ£Ccsc´FWf’6—&—C³C“S¶G&–ç7–‡–öæôvÖ–Âæ6öĞ£Ccss´v7F’æ÷f—F6&“³CC##¶†&–&”–†öòæ6öĞ£Ccsƒ´æ–ÆÒ†&F–ç7–ƒ³cCƒc·ÖVÆæ”Bævòæ–@£Ccs“´6VÖæ’Ö†VæG&Â2ä’ä¶öÓ³33##¶¶F—#Ct–†öòæ6öĞ£Ccƒ´æÆ"FÖæ–³³“#Sƒ·‡&æ÷vô–†öòæ6öĞ£Ccƒ´vÖæ’&6WG–ó³SCSS3¶FÖæ–¶v&FBçöçW2æ–@£Ccƒ#µ"äâfW&F×V&öÆöâÂÒåD’ã³sS¶†'FF–†Æ–Ö–†öòæ6öĞ£Ccƒ3´F–æ·W6ÖvF“³c#ƒc¶æ¦ÓBææW@£CcƒCµG&’ÆGWöæó³S#“·§VÆ¶&æ–ç&æFVBæ÷"æ–@£CcƒSµv–æFÆ·6—F³3S3·G6–Ö&öÆöäVBçöçW2æ–@£Ccƒc´‚âF–¶&†ÖvF“³““##c¶Æææs“TBævòæ–@£Ccƒs´ÆÖ"·W7v÷–ó³#CcSC·76—GVÖ÷&æt–†öòæ6öĞ£Ccƒƒ´¶&F’§VÆ–¶³33“SS¶§VÖ&“ƒ”–†öòæ6öĞ£Ccƒ“µFçG&’†–F–çFó³SscC¶ÖÆ·6Ö—vF”Bæ–ç@£Cc“´G"â–ÖÒ&æ÷vòÂÒåD’ã³sc¶¦–æG&“T7bæ–@£Cc“´vÆ²&¦6Â2å6“³#“C·¦‡&vÖ–Âæ6öĞ£Cc“#µ"â†æ&¶6³#3“c·6–Öæ§VçF´–†öòæ6öĞ£Cc“3µFv²â–Ç6v–æ'6–ƒ³ƒƒCCC¶·W&æ–vç&÷6ÖäW'VÒçöçW2æ–@£Cc“Cµ§VÆ–¶††æF–æ“³ƒSC·VÆ·6Ö—vF”†÷FÖ–Âæ6öĞ£Cc“S´&æ6"vÇW–ó³S#c¶æ7––F‡v&¦”Bæ×’æ–@£Cc“c´&¶–öæòv‡—VF–ã³c“¶æ7'VÆÆ‡&¶6vÖ–Âæ6öĞ£Cc“sµFv²â×W'F’†Æ–Ö‚Â2ä¶VC³S3s¶æ–ævvöÆæ6Ö–çFô†÷FÖ–Âæ6öĞ£Cc“ƒµFÖ–öÆæF³#Cƒƒ¶ÆæG6—$vÖ–Âæ6öĞ£Cc““¶G&râÆ–Æ—VÆ–'F“³3#C·—VÆ–3vÖ–Âæ6öĞ£Cs´FRF'V¶¶RÂ2ä’ä¶öÓ³C3“S·g6WG&–†öòæ6öĞ£Cs¶G&râÆF–¶WFÖ³ƒC#s¶VF—v–¦–†÷FÖ–Âæ6öĞ£Cs#´F–æF6&v–ƒ³CSSs·&†ÖvF–¦–æv”vÖ–Âæ6öĞ£Cs3´6–6’ævW7GS³#ƒ3CC¶öÆ—f–‡WF6ö—D–†öòæ6öĞ£CsCµ6&’—VÆ–'F“³#sc“¶ç6–†÷Fæt†÷FÖ–Âæ6öĞ£CsS´ÇV—2v6¶—FÂÒä¶öÒã³C#ƒ¶ÖæwVç6öæwv‡—T†÷FÖ–Âæ6öĞ£Csc´¶Æ–Ò†'–çF“³c3s“·Wv–æ'6–„7bæv÷`£Css´¦–æv’&F—F³c#3ƒ¶f—G&–æ—6–Öæ§VçF´Bç66‚æ–@£Csƒ´'F†6æƒ³sƒƒ“¶Ö&'Vçf–6·”†÷FÖ–Âæ6öĞ£Cs“´¦æWBÆ7G&“³3“#¶F–&¦#tW'VÒçöçW2æ–@£Csµ—VÆ–æwVæ'Fó³SSs3·&æ÷v÷VFvÖ–Âæ6öĞ£Cs´–6††Æ–Ó³ƒSSSS·‡&ÖFävÖ–Âæ6öĞ£Cs#´†¢â6–ö&VÆÆ×VÇ–æ’Â2åC³s33ƒ#¶ÇWFfãS47bæVGP£Cs3´—"â&—¦¶’†76æƒ³SC3Cc·ævw&–vävÖ–Âæ6öĞ£CsCµ6–Çf–7GWF’ÂÒåC³“#c·6–Öæ§VçF·&&÷vôVBçvV"æ–@£CsS´–‡6â&6WG–ó³3s¶†–F–çF÷—W7Vd–†öòæ6öĞ£Csc´—"âF—&WFÖ’Â2ä¶VC³cƒSss¶çVw&ö†ö¦7vF”W'VÒæFW6æ–@£Css´G'2â¶'F—VÆ–çF“³CCc#·‡W6FBæ–@£CsƒµBâ6GW&ævvævW7GRÂ2ä¶VC³3“3s“¶ÖVvçF&f—G&–†÷FÖ–Âæ6öĞ£Cs“´†&’Æ·6—F³#ƒƒ¶ÖVÆ–æF6WG&Bç66‚æ–@£Cs#´F–‚çW&–æ“³CcCƒ·F7v—'v–&÷vôBææW@£Cs#´Ö'vF&¦F³Ssc#·VF7V'F–æ”†÷FÖ–Âæ6öĞ£Cs##´&VÆÆ&FÖ³###cc¶¶wVæ'Fô†÷FÖ–Âæ6öĞ£Cs#3´‚âFVwV‚W'F—v“³S#s·gv–&—6öæô–†öòæ6öĞ£Cs#CµFv²âæ¦ÒgV¦–F’Â2äRã³c#cs·–öv6&v–„–†öòæ6öĞ£Cs#SµVæ¦æ’v–æ&æó³CCC#¶ÆGWöæö'VF”†÷FÖ–Âæ6öĞ£Cs#cµ6—F’&FæÂ2äRä“³cCc·&—–çF—6†æ–vÖ–Âæ6öĞ£Cs#sµ&F–‚&FÖÂ2ä¶VC³ƒƒƒ¶6¶WFÖæF6&”–†öòæ6öĞ£Cs#ƒµFv²âæF–æRf—&Öç7–‚Â2åC³##Sc·&—–çF–¦7vF”W'VÒæVGP£Cs#“´ÆÖ—&&6WG–ó³Cc“s¶6‡–†&–&”Bç66‚æ–@£Cs3´æ–ÆÒ†&–&’ÂÒåC³Ccsc“·G&F—FvÖ–Âæ6öĞ£Cs3µ—Væ—Fæ'F“³C3S“c¶¶&ÖæçVw&ö†ôBææW@£Cs3#´æ&–Æ&6WG–³#Sƒƒ¶—6—&Vv$vÖ–Âæ6öĞ£Cs33´—"âæ—F&¶6Â2ä’ä¶öÓ³s#CCs¶–Ç–3C„†÷FÖ–Âæ6öĞ£Cs3Cµ÷&’ÖæFÆ³cS3cC¶'v6¶—FW'VÒæ÷&p£Cs3Sµ&¶÷6&ÖFâÂÒä¶öÒã³SƒcCc·6Æ–Ö†Ö&F†—–„†÷FÖ–Âæ6öĞ£Cs3c´—"âÖÆ–²f—&Öç7–‚Â2ä•³S“¶Æ'Vƒ#”–†öòæ6öĞ£Cs3s´¶V—6†W'vçF“³#3ssc¶&ÆcdvÖ–Âæ6öĞ£Cs3ƒ´F–æ7W'–öæó³ƒ#CCC·F—F“„W'VÒæv÷`£Cs3“µFÖ’f—&vçF÷&ó³c3cc¶vF&67F7bçöçW2æ–@£CsC´F–¶&W&ÖF³3ƒ#C¶¦v3”vÖ–Âæ6öĞ£CsC¶G"â6–Çf–v–FöFòÂ2äw£³ƒcC3¶v†'–çF”–†öòæ6öĞ£CsC#´¦–Â6–†÷Fæs³ƒSC“C¶çVw&†&æ÷vôBæÖ–À£CsC3´G'2â'FçFòæÖv³3cccS¶¶&¦†6æ„BçöçW2æ–@£CsCC´ö·F§VÆ¶&æ–ã³#ƒsC·†f—&Öç7–„†÷FÖ–Âæ6öĞ£CsCSµ&&v6—F÷'W3³ccc#3·&6WG–FTvÖ–Âæ6öĞ£CsCcµFv²â¦–Öâ&F–çFó³CsSc#·'v‡—Væ”BææW@£CsCsµ7WFâV¶†7GWF“³#Cc#¶6Æ–¦æÖVvçF&vÖ–Âæ6öĞ£CsCƒµ"âF–æFævw&–vâÂ2ä¶VC³#ƒƒ3·f—&Öææ6†—'VFF–äBæ6òæ–@£CsC“´Æ7v’&¶6³ƒs#ƒƒ·6¶v–&—6öæôW'VÒæ×’æ–@£CsS´—"âf—&Öâ&FæÂ2äRã³33c33¶Ö†VæG&–‡–†÷FÖ–Âæ6öĞ£CsS´GBâ6öÆV‚WG&³3Ssƒ¶G—VÆ–çF”W'VÒæ÷&p£CsS#µVÆ–âv6æ³CcSc¶wVævæÖ†gVD7bæ–@£CsS3´6†VÇ6V·W7væF&“³3Cc3C¶G&–ç7–†ÆÖ&æ†÷FÖ–Âæ6öĞ£CsSC¶G"âv†Æ—–F’&F–çFòÂ2ä¶öÓ³s“““s¶&Ö†W7v&–†öòæ6öĞ£CsSS´¶'F–¶W7—F³C3“C¶¶&F“c4Bæ&—¢æ–@£CsScµ6—F’f—&vçF÷&ó³ƒsCSS¶7væ“7bæ2æ–@£CsSs´ÖVÆ–f—&vçF÷&ó³ƒCƒs·7W6çF–¶&ÖäBæ6öĞ£CsSƒ´G'2â†'6çFò†'FF“³c##ƒ¶'VF—–çFöF—G––†öòæ6öĞ£CsS“´†&’v–&÷vó³“CcSc·v–FöFö6–ö&VÆÆ7bææWBæ–@£Csc´VÆÆÖVÆæ“³“scC“¶æG6—$W'VÒæ×’æ–@£Csc¶G&râ&†—Ræ–ævvöÆã³ccƒc#¶6–æG—Æ7G&”–†öòæ6öĞ£Csc#µ6FB7VF–F“³CccS#·6Æ–Ö††¶–ÔVBæ6öĞ£Csc3¶G&râ&æv’Æ§V&F’ÂÒåD’ã³ƒ#ƒ#“¶wW7F–æ¶Æ–ÔvÖ–Âæ6öĞ£CscC´f&‚F&–†÷&ã³“c#¶¶&–ÖãDvÖ–Âæ6öĞ£CscS´6ÖF’6f—G&“³CSSƒS·v6¶—F6'&”†÷FÖ–Âæ6öĞ£Cscc´—"â&¶–Öâ·W6ÖvF’ÂÒäf&Ó³cƒ“3¶†'VF–ÖävÖ–Âæ6öĞ£Cscs´F—G–æ¦×VF–ã³“cs“·6–†öÖ&–ævVÖ–ÄvÖ–Âæ6öĞ£Cscƒ´Ö–×Væ‚FÖæ–³³##C¶¶V—6†4VBævòæ–@£Csc“¶G&râ¦–ÂVF¦–7GWF“³“##sS¶VÆÆ—76—GVÖ÷&ætVBæVGP£Cssµ7WFâ—&æçFòFÖ&³#c#S¶V¶÷6–Ö&öÆöä–†öòæ6öĞ£Css´Æ&2f&–F³S3c3·†f—&Öç7–„VBææW@£Css#´—'vâÖ&F†—–ƒ³ƒ3c“¶×W'F–ævw&–vä7bæÖ–Âæ–@£Css3´6—G&7Wv&æó³“Sc·§VÆ–¶vÆætVBç66‚æ–@£CssC´VæF‚7W'–öæó³##S33·W'v#4–†öòæ6öĞ£CssS´6vW"f&–F³3ƒ·&†Ö—6–Öæ§VçF´†÷FÖ–Âæ6öĞ£Csscµ6F–æævw&–æ“³“33¶v·W7v÷–ô7bæ6òæ–@£Csssµf–æòævw&–æ’Â2ä¶VC³ƒ#ƒ3¶vf—&Öç7–„†÷FÖ–Âæ6öĞ£Cssƒ¶G&râWF’Æ·6—FÂ2å6“³“ƒ3“¶ÖÆ–#†÷FÖ–Âæ6öĞ£Css“µ&W7GRÆ·6Ö—vF“³cC“ƒ¶Ö†VæG&¦Æ–æG&vÖ–Âæ6öĞ£CsƒµBâv'6—FFÖ&³S3sc¶æ–ævvöÆæ¶ÖÄ†÷FÖ–Âæ6öĞ£CsƒµfW&6—Fö×VÃ³SƒC3¶Æ†æF–æ”†÷FÖ–Âæ6öĞ£Csƒ#´GBâW'vÖVÆæ’Â2ä¶VC³3c“¶ç&–Ö—7v‡—VF”vÖ–Âæ6öĞ£Csƒ3´—"âæ—F6—GVÖ÷&æs³ƒ3ƒ“ƒ¶&æv6çF÷6ô†÷FÖ–Âæ6öĞ£CsƒCµ"â¦–ÖâW&ævF“³ƒCS“¶æ6#StW'VÒæVGP£CsƒSµFv²âæ÷f’Æ–Æ6&’ÂÒåD’ã³SƒC#¶–'&†–Ó3„†÷FÖ–Âæ6öĞ£Csƒc´–æG&v–æ'6–‚Â2ä¶öÓ³3sƒS¶†'6çF÷v–¦–çF”VBæ×’æ–@£Csƒs´F'6—&‚—VÆ–çF“³c3cS¶ææG&–æ”†÷FÖ–Âæ6öĞ£Csƒƒµ7WFâ6–F—ö·Ff–æ’Â2ä’ä¶öÓ³ƒC#3#¶¦Æ–Æ6&”†÷FÖ–Âæ6öĞ£Csƒ“´6–ö&VÆÆ×VÇ–æ“³SsS¶W6–æv–†öòæ6öĞ£Cs“´'Fvâ7W'–öæòÂ2åC³sƒ3c¶G6Ö÷6—$W'VÒæÖ–À£Cs“´GBâvÖæ’v–¦–çF“³CCcs“·gWFÖVBæFW6æ–@£Cs“#´†¢âæçW&–æ’ÂÒäÒã³cƒCc¶Æ·6Ö—vF–Æ–çFæt7bæ2æ–@£Cs“3µFv²â'VF’wW7F–æ³33“¶¶—&väBæ–ç@£Cs“C´—"âæF–æR·W7væF&’Â2åBã³3ƒs¶–öÆæF–†öòæ6öĞ£Cs“S´Ö&væW&ÖF“³33·gv‡—VF–ävÖ–Âæ6öĞ£Cs“c´'FvâF'V¶¶S³ss3·7–‡&–æ—6–Ö&öÆöäBç66‚æ–@£Cs“sµ&6†VÂ&—–çF’Â2åC³“““#¶'FvãstW'VÒæ6öĞ£Cs“ƒ´Ö&væ—VÆ–çF“³sS“3¶†–ÆF“$W'VÒæ2æ–@£Cs““µ¦Æ–æG&6WF–vã³SsScS¶v†–F–DvÖ–Âæ6öĞ£Cƒµ&–æ’æ÷f—F6&’Â2äRä“³ƒCcs¶§6–Ö&öÆöä7bæ2æ–@£CƒµBâ¶Æ–ÒW'vçF’Â2äRä“³S#3#S¶ç&¶6VBæFW6æ–@£Cƒ#´×W'F’‡WFvÇVæs³#SCCƒ·6—F“CTvÖ–Âæ6öĞ£Cƒ3´–FF'V¶¶S³SssS·6Ç6&–Æ#TW'VÒæ–ç@£CƒCµ6×7VÂ†'–çF“³ss3C¶F–Ö£3$VBæ2æ–@£CƒS´6GW&ævvv–¦–³“#sS“¶—6—F÷'W4W'VÒçöçW2æ–@£Cƒc´VÆ—6ÖVÆæ’ÂÒåD’ã³3S“¶FÖW&ÖFvÖ–Âæ6öĞ£Cƒsµ–W76’W76&“³C#3#s¶ævw&–væv&äBææW@£CƒƒµVæ¦æ’G&–ç7–ƒ³CCc3¶†'–çFö6‡–F”W'VÒæ–@£Cƒ“´—"â†'Fò&¦F³ƒcsc¶fV&“SdvÖ–Âæ6öĞ£CƒµFv²âFWf’Ö†VæG&³ƒs#“¶FÆ–Ö–ç&&÷vô–†öòæ6öĞ£CƒµwVÆâÖVvçF&³#“S¶†'6–6–†÷Fæt†÷FÖ–Âæ6öĞ£Cƒ#µ"â–f6—&Vv"ÂÒä³³cƒcs3¶W7—FVBæÖ–À£Cƒ3µ"äÒâFöÖ’ÖçVÆÆærÂ2äf&Ó³“3“Sc¶v†æ—6—Fö×VÄW'VÒæ–ç@£CƒCµf–öÆWBæ7––Fƒ³Ssƒ33¶·6WF–vä7bæ×’æ–@£CƒS´G"â¶&–Ö‚ÖVÆæ³“33·V6†—F#47bæ6öĞ£Cƒcµ6·F’†7GWF’ÂÒåC³#sƒ“·6–†öÖ&–æw–‡–Bæ×’æ–@£Cƒs´6–6’æ7––Fƒ³3“ƒ#·W6ÖãC„VBæv÷`£Cƒƒ´—"âv–G–·W7væF&’Â2ä‚ã³#¶væ¦×VF–ävÖ–Âæ6öĞ£Cƒ“´†¢âæ§vö·Ff–æ“³#ƒS·f–·F÷'WG&7bæ2æ–@£Cƒ#´7væ’v6æ³CCC“c¶æÆ&ÖæFÆBç66‚æ–@£Cƒ#µ"äâ†g6†‚æ÷f—F6&“³#“Ss“¶Ö'7VF“#tBæ&—¢æ–@£Cƒ##µ&¶÷66–Ö&öÆöã³s#sC¶F&Öã“vÖ–Âæ6öĞ£Cƒ#3´ÆÆ—F6çF÷6òÂ2ä’ä¶öÓ³cƒ#c#¶×W7F–¶sDvÖ–Âæ6öĞ£Cƒ#C´Vv‡WFV³“3sC3¶æ–ÆÖæ—GWVÇTVBævòæ–@£Cƒ#S´GBâ÷Vær6–Ö&öÆöã³sC3s·&†Öãs„7bæ6òæ–@£Cƒ#cµfW&6–†÷Fæs³SCƒc¶Ö†×VF†&F–ç7–„vÖ–Âæ6öĞ£Cƒ#sµ&W7F’&æ÷vó³#s#·&–ÖS4vÖ–Âæ6öĞ£Cƒ#ƒ´&VÆ–æF7Wv&æó³S“3ƒ·&—6æ–ævvöÆäVBæ–@£Cƒ#“´¦6Öæ’†¶–Ó³s3“S¶6–æG–'VF—–çFô–†öòæ6öĞ£Cƒ3µ–æ7––Fƒ³cC#¶Æ‡WF6ö—DW'VÒæFW6æ–@£Cƒ3µ—Væ—F'–æ“³3s·6çF÷6÷f–ç6VävÖ–Âæ6öĞ£Cƒ3#´æ—FÖ&F†—–‚Â2åBã³3#¶ÆÆ“”7bæVGP£Cƒ33µ&FæWG&³ƒscc¶Ö—G&f&–FW'VÒæv÷`£Cƒ3Cµv¶–ÖâFöæv÷&ã³3#c¶F'SsDBæÖ–À£Cƒ3S´W&÷&†Æ–Ó³SS“c#¶Ö'–F”7bæ×’æ–@£Cƒ3c´†F’æ–ævvöÆâÂÒä¶öÒã³ƒCcCc·w6–Ö&öÆöä–†öòæ6öĞ£Cƒ3sµ&6WG–ò†Æ–Ó³“s“3S¶FWf–Æ–Æ6&”VBæ6öĞ£Cƒ3ƒµVÇfv‡—Væ“³#3ƒ¶6†&F–ç7–„–†öòæ6öĞ£Cƒ3“¶G&râ×WF–7Wv&æòÂÒä³³3ƒS3·v6—FFÖ¦Bæ÷&p£CƒCµf–·F÷"v–&÷vó³ƒ#S3·¦Ö'Væt†÷FÖ–Âæ6öĞ£CƒC´¶Ö&–W&ÖF“³S##“ƒ¶6vW&†'–çF”W'VÒæ6öĞ£CƒC#µ"â¦æR&—–çF’Â2ä‚ã³sCƒs·æG6—$7bæ–@£CƒC3´–æF‚ævw&–vã³CSsCƒ¶æÖVvçF&Bæ×’æ–@£CƒCC´†¢âFRæ7––F‚Â2ä¶öÓ³“s¶F–vF–c”VBæVGP£CƒCS´6–æG’†¶–Ó³ƒSc3¶æ&&æF'T–†öòæ6öĞ£CƒCcµFv²âF—'F–6v‡—Væ“³ƒ“Cs¶‡6—Fö×VÄBæÖ–Âæ–@£CƒCsµFv²âvÆ–öæò—VÆ–'F’ÂÒäÒã³C“#Cƒ¶&v—–6VgVÆÆ„Bæv÷`£CƒCƒµWG&’6Föæó³““3S#¶6VÖæ“$†÷FÖ–Âæ6öĞ£CƒC“´v–ÆFwW7F–æÂ2ä‚ã³sCƒƒ#¶†¶–×§VÆf†÷FÖ–Âæ6öĞ£CƒS´¶æFwVævã³3ƒ3·6WF–vç&F—D†÷FÖ–Âæ6öĞ£CƒS´—RÖ†VæG&³c3sCs¶ÖæF6&–Æ–Æ†÷FÖ–Âæ6öĞ£CƒS#µ¦Ö—&‡WFVÂÒäf&Ó³3sƒ3·WG&Bæ–@£CƒS3´6†VÇ6V·W7v÷–ó³#C#“S·¦wVæ'Fô†÷FÖ–Âæ6öĞ£CƒSC´G'2âF&’Ö–6&“³“ƒc“c·f–7F÷&–6—GVÖ÷&æt7bææWBæ–@£CƒSSµ&–Ö6f—G&“³33“C¶&‡Wv&æFÖæ–´Bæ&—¢æ–@£CƒScµBâ6'V"&F—F³ƒƒƒ¶v†æ—v–¦–vÖ–Âæ6öĞ£CƒSs´Æ'V‚Æ–Æ6&“³C##¶¶&ÖçW7—FvÖ–Âæ6öĞ£CƒSƒµFv²â¶v–×VÇ–æ“³CS3ƒs¶×VÇ–çFó3d–†öòæ6öĞ£CƒS“µ&f’FÖæ–³³s“s¶FÆ–Öç&–övvÖ–Âæ6öĞ£Cƒc´¶&ÖâgV¦–F“³3css·W&—–çF”vÖ–Âæ6öĞ£Cƒc´F–æÆ·6—F³3c“3·v†7GWF”vÖ–Âæ6öĞ£Cƒc#´†Ö–ÖWFÖ“³S“c¶†7GWF–—fävÖ–Âæ6öĞ£Cƒc3´Æ'V‚W76&“³#““ƒ#¶gv–æ'6–„vÖ–Âæ6öĞ£CƒcCµF—&Ö&F†—–‚ÂÒäf&Ó³sC3C¶F&–Ö–ç7W6çF”–†öòæ6öĞ£CƒcS´v–æ6çF÷6ó³3c¶–6†v–&—6öæôVBæ6öĞ£Cƒcc´‚â¦–F’&FÖ³33cS¶Æ&33$–†öòæ6öĞ£Cƒcs´FFæ7––Fƒ³S3Cc#¶¦Ö&F†—–„†÷FÖ–Âæ6öĞ£CƒcƒµVÇ–æ–ævvöÆâÂ2äw£³ƒ#ƒCS¶&¦çV$vÖ–Âæ6öĞ£Cƒc“µv'FW––æƒ³“SƒC3·&FÖ6v—6F”VBæVGP£Cƒs´7WBFçG&’–öÆæF³ccS“·‡v‡—VF–äBææWBæ–@£Cƒsµ"äâ§VÆ’wVæ'Fó³s“ssS¶¦—7v‡—VF”W'VÒæ6òæ–@£Cƒs#¶G"â¦Æ–æG&‡WFvÇVærÂ2äRã³ccƒs·væ“sTVBæVGP£Cƒs3´v–ÆF—VÆ–'F“³ƒS#Sc¶Æ·6Ö—vF—&–¶vÖ–Âæ6öĞ£CƒsCµBâW6Öâæ7––ƒ³#“s¶v–æT†÷FÖ–Âæ6öĞ£CƒsSµ"â6&Æ†&–&’ÂÒä¶öÒã³ƒ3“·&&†&–&”Bævòæ–@£Cƒsc´¶W¦–&FÖ³ƒSss¶W—VÆ–çF”–†öòæ6öĞ£Cƒss´Æ&2Ö–6&“³cCc“¶Ö¦çV$7bæ÷"æ–@£Cƒsƒ´6Æ—7Fæ6†—'VFF–ã³ƒS3s·Vævw&–vävÖ–Âæ6öĞ£Cƒs“´–'&†–ÒÖ&'Vã³“c““¶ÇVÇWCSVBæVGP£Cƒƒ´†Ö–Ö·W7v÷–òÂ2äf&Ó³scc¶VÖ6ÖçVÆÆætvÖ–Âæ6öĞ£Cƒƒ´—"â&w–W––æƒ³sCƒC#¶·W7v÷–ö&Æ–F–ä–†öòæ6öĞ£Cƒƒ#µ–Öâv–&÷vòÂÒäÒã³ƒCCc¶7Æ7G&”BæVGP£Cƒƒ3´Ö–FæG&–æ’ÂÒäÒã³ƒƒs“¶‡WF6ö—F¦ö†ä–†öòæ6öĞ£CƒƒCµ"äÒâÇWvW2†¶–Ó³##C·7V'F–æ–†VæG&”†÷FÖ–Âæ6öĞ£CƒƒSµ&f–BÖ'Væs³#CCS¶Ö&'Vç—Væ—FBç66‚æ–@£Cƒƒc´Æ–Æ’ÖVvçF&³S#3¶VF—&FÖBæVGP£Cƒƒsµ&—¦¶’—7v‡—VF“³s3ƒS¶·v–F–7GWF”BææW@£Cƒƒƒ´†–ÆFW&ÖFÂ2åC³“3CƒC¶ÖÆ–³vÖ–Âæ6öĞ£Cƒƒ“´F†–&¦v6—F³3sƒsc¶ÖçVÆÆæv¶æ”Bæ–@£Cƒ“´¶v–f—&Öç7–‚ÂÒåD’ã³Cƒƒƒs·&6WG–÷W6Öä7bæ&—¢æ–@£Cƒ“´¶–ÆWFÖ³cƒ3“¶Æ–Ö#CvÖ–Âæ6öĞ£Cƒ“#´¶æF6—Fö×VÂÂÒä¶öÒã³#Sc¶çv‡—Væ”†÷FÖ–Âæ6öĞ£Cƒ“3´F&–¦â6Æ‡VF–ã³3#3C¶'v–F–7GWF”†÷FÖ–Âæ6öĞ£Cƒ“C´´‚â&vöæòÖæFÆÂ2åBã³3ƒ#SC¶7&†ÖvF”7bæ–ç@£Cƒ“Sµ6ÇvÖ&'VâÂ2å6÷3³#ƒ“C·&†–Ö†¶–ÆBæ6öĞ£Cƒ“c´G'2â6–çF†–æG&–æ’Â2äRä“³ƒC3¶¶—Vãs$†÷FÖ–Âæ6öĞ£Cƒ“sµFÆ–æ6†—'VFF–âÂÒä¶öÒã³cS#“·††&F–ç7–„Bæ&—¢æ–@£Cƒ“ƒ´×V§W"gV¦–F“³ƒC#C¶g6—&Vv$7bææWBæ–@£Cƒ““´F–æ'VF–Öã³Sss#c¶†&—–†Ö'6—Fô†÷FÖ–Âæ6öĞ£C“´×V×Væ’ævW7GRÂ2äRä“³C#S¶†'6–4–†öòæ6öĞ£C“µ&–æ’&–öv³C#C#¶ÖæwVç6öæw&FæVBæ×’æ–@£C“#µ¦VÆ–&æ÷vó³““#“¶·W6ÖvF––'&†–Ô†÷FÖ–Âæ6öĞ£C“3´F6–âævw&–vã³sCSƒ¶ÆÆf—&vçF÷&ô–†öòæ6öĞ£C“C´†VæG&v‡—VF–ã³c3cC¶GWFÖ”†÷FÖ–Âæ6öĞ£C“S´6–ö&VÆÆwVÆæF&“³ƒ#3S·v&F–Æ·6—FvÖ–Âæ6öĞ£C“c´Ö'–çFòæG&–æ’Â2å6“³33CC·&—3CD†÷FÖ–Âæ6öĞ£C“s´æ’v‡—Væ“³#cS¶†Æ·6Ö—vF”vÖ–Âæ6öĞ£C“ƒ´6–æG’—Væ–"ÂÒä¶öÒã³33cƒ¶‡&†–Ö„BçöçW2æ–@£C““µævW7GR†Æ–Ó³“3s·v6ææF–æTW'VÒçvV"æ–@£C“´FÆ–Ö–â&F—v“³sc“s·¦æ¦×VF–ä†÷FÖ–Âæ6öĞ£C“µBâv6—2§VÆ¶&æ–ã³c3“#·&ÖFæF&ÖçFôvÖ–Âæ6öĞ£C“#´G'2â&¶–F–â–öÆæFÂ2äRä“³Sƒ#“·—VÆ–'F–F—G–VBæ÷&p£C“3µW6Öâf&–FÂ2å6“³#cCƒ“¶vvF“c$Bæ6öĞ£C“Cµ"äÒâW'væ'F’Â2äRä“³S#C¶ÖÆ–³C„VBæFW6æ–@£C“Sµ&–övæ÷f—F6&“³sSsC¶†'FóSt–†öòæ6öĞ£C“c´–¶‡6â&FæÂ2å6“³csc·§VÆ–¶†v–æ&æô7bçvV"æ–@£C“sµ—Væ—FÖæFÆ³ƒc3c¶&¶–çFó“DVBæ÷&p£C“ƒ´Ö'F¶†76æ‚Â2ä¶öÓ³ƒ3ƒs3¶×V§W#3tBævòæ–@£C““´FÆ–Ö&F—v“³#cƒ3ƒ¶væ7––F„Bæ÷&p£C“#´7WBf–7F÷&–æ—GWVÇRÂ2ä•³3#3·6f–æ6—&Vv$Bæ×’æ–@£C“#µ¦VÆF—Væ–#³S#SC3·†Ö†W7v&vÖ–Âæ6öĞ£C“##´Ö–6†VÆÆR‡WFV³##c¶G&¦C“t–†öòæ6öĞ£C“#3µ"âG&–6–&&÷vòÂ2ä’ä¶öÓ³cƒC3·6–Ööç6–†öÖ&–ætBævòæ–@£C“#CµF—F–âW6FÂ2ä¶öÓ³csCCs¶&v3cd†÷FÖ–Âæ6öĞ£C“#S´Ö†F’v–æ&æòÂ2åC³3“ƒ3ƒ¶w&—–çF”vÖ–Âæ6öĞ£C“#cµ&F–¶6WG&³ƒCC·WG&–†Æ–Ö„BçöçW2æ–@£C“#s´ÖVÆ–†&F–ç7–ƒ³“3cƒ3¶6–çF”W'VÒæ&—¢æ–@£C“#ƒ¶G&râG&–6–f—&vçF÷&òÂÒäÒã³ƒcC#¶æ7'VÆÆ†Ö†W7v&†÷FÖ–Âæ6öĞ£C“#“µ6Çv—7v‡—VF’Â2åBã³s3ƒs·6—GVÖ÷&ævF&ÖçFô–†öòæ6öĞ£C“3´G'2â–6†ævw&–vã³ss“·—W6FvÖ–Âæ6öĞ£C“3¶G"âv‡—Rv–æ&æòÂÒäÒã³S“s¶gV¦–F–&§&v–ä7bæ–ç@£C“3#´†'Fæ6WG&³3“C#¶F&ÖæÖ'–F”Bæ–@£C“33´Ö¶&ÖVÆæ³3ƒsc¶wW7—FvÖ–Âæ6öĞ£C“3C´G'2â7W'–wVÆæF&’Â2ä•³Scc#¶¶&æƒDBææW@£C“3S¶G&râ7–‡&–æ’&67F³c“3CS·v'67Wv&æôvÖ–Âæ6öĞ£C“3c´ÆÆ6–Öæ§VçF²Â2ä‚ã³“cƒ“¶Ö–6&—F—&Bæ÷&p£C“3s´Öæ‚†'–çFó³sSsƒ·&–öv6WF”†÷FÖ–Âæ6öĞ£C“3ƒ´—"â†–ÆFÖ&'Vã³cC3#¶†W'–çFódvÖ–Âæ6öĞ£C“3“µ&†Ö’6WG&³33c“·&—3c4vÖ–Âæ6öĞ£C“C´¶Ö&–'–æ“³S3ƒ#¶ÖVÆæÖ–FvÖ–Âæ6öĞ£C“C´¶VÖ&çVw&ö†ó³Cƒc“·F6F–·6&v–„–†öòæ6öĞ£C“C#¶G&râVÆ’†Æ–Ó³S“Ss#·F–Ö'VÃsDvÖ–Âæ6öĞ£C“C3µf–·F÷"&¶6³ƒs#Ss¶wv–&—6öæô†÷FÖ–Âæ6öĞ£C“CCµfW&ò7W'–FÖ’ÂÒä³³““c“¶gV¦–F–æ–ÆÔBçvV"æ–@£C“CS¶G&râVÆÆ—2·W6ÖvF’Â2åC³3Cs“¶FÖ†W7v&VBæ&—¢æ–@£C“CcµFv²â6–Çf–F&–†÷&âÂÒä³³“sscS¶Æ·6—FÇWvW4Bæ–@£C“Cs´¦VÆ—F7Wv&æó³Ss“C“·F&–†÷&æ&v—––†öòæ6öĞ£C“Cƒµf—&ÖâFÖæ–³³SƒSs¶Ö–6†VÆÆW&&÷vôvÖ–Âæ6öĞ£C“C“´G"âç&–Ö†'–çFòÂ2ä¶VC³sƒ“ƒ¶&–övW'VÒæÖ–Âæ–@£C“S´VGv&Bv–F–7GWF“³“c#·Ö'–F”W'VÒæ6òæ–@£C“S´—"âFÆ–öæòvÇW–ó³CSC3c·v'F6–†öÖ&–ætBçöçW2æ–@£C“S#´væW2çVw&ö†ó³ƒ“ƒ3“·—&æ÷vô7bçöçW2æ–@£C“S3¶G&râ¶6—–‚&6WG–Â2äRä“³SƒSƒ¶'–æ”Bæ÷&p£C“SC´VF—6öâv–&—6öæòÂÒäÒã³cC3ƒ·fW&ó3”–†öòæ6öĞ£C“SS´—"â†&–×W'F’wVæ'Fó³Csƒ¶–ævw&–väBçvV"æ–@£C“Sc´F†–&¦&F—v’ÂÒåC³3c3#·—VÆ–'F–6GW&ævvvÖ–Âæ6öĞ£C“Ss´7WB¶æ’6—&Vv"Â2ä•³###¶vÖ&F†—–„vÖ–Âæ6öĞ£C“Sƒ´‚â&ævÖ&F†—–ƒ³3S##S¶×vÇW–ôBævòæ–@£C“S“µF—&&ÖFâÂ2äRã³“sƒ·6Ö÷6—'F–&–†öòæ6öĞ£C“cµ–÷6Vbv–F–7GWF“³c“CSƒ¶wVævæF&ÖçFô–†öòæ6öĞ£C“c´Ö'Fæ’&&÷vó³3“Csc¶ÖæwVç6öæv&¶F†÷FÖ–Âæ6öĞ£C“c#´&‡Wv&æ†Æ–Öƒ³3ƒS¶&Ææ—GWVÇTW'VÒæ6öĞ£C“c3´G"âF–æö·Ff–æ’Â2ä‚ã³ƒ“3ƒ“·&–övt7bæ×’æ–@£C“cCµ—VÆ–×VÇ–æ“³““3C·WG&“#DBç66‚æ–@£C“cS´—7–‚·W&æ–vã³Cƒ“SS¶ÖVÆæÆævvVæt7bæ6öĞ£C“cc´væF’†'–çF“³#CC¶çv–æ&æôVBæ6òæ–@£C“csµV6†—FçW&–æ“³ƒCCS¶–fcT†÷FÖ–Âæ6öĞ£C“cƒ´G"â&WFæ–ÖæFÆÂ2äw£³s33¶ÖÖVÆæVBæ×’æ–@£C“c“¶G&râV¦’6çF÷6òÂ2ä¶VC³#C#3#¶7væ“#dvÖ–Âæ6öĞ£C“s´G"â†VæG&ÆW7F&“³SsS3s¶¦F–†7GWF”†÷FÖ–Âæ6öĞ£C“s´VæG&·W7væF&’ÂÒåD’ã³CS#ƒ¶Ö—G&c†÷FÖ–Âæ6öĞ£C“s#´¦VÖâ6–Öæ§VçF³³ƒƒSCƒ·6FFÖVÆæ”vÖ–Âæ6öĞ£C“s3µ–W76’Æ§V&F“³scS#·VÖ#Cd†÷FÖ–Âæ6öĞ£C“sC´–¶–âæG6—#³sS·W–³„Bæ÷"æ–@£C“sSµ6Ç6&–Æævw&–vã³“#cCƒ¶¶Ö–F–ãdW'VÒæÖ–Âæ–@£C“scµ&F–‚·W6ÖvF“³ƒ“CC¶wVævæF6–†öòæ6öĞ£C“ssµ—VÆ–æ6WF–vã³ƒƒ3#s¶FWf—&–övBæFW6æ–@£C“sƒ¶G&râ—VÆ–æv–F–7GWF“³Ss#ƒ¶'6—GVÖ÷&ætBævòæ–@£C“s“µBâ†&–×W'F’ö·Ff–æ’Â2ä‚ã³s3s“¶·&F—v”Bæ÷&p£C“ƒ¶G&râ†Ö–ÖÖæwVç6öæs³S#Sƒs·76f—G&”VBæ&—¢æ–@£C“ƒ´&ÆævvFöæv÷&ã³c“¶Ö'–F–—&fäW'VÒæVGP£C“ƒ#´ÖÆ–¶f—&vçF÷&ó³cCCc·†ÆW7F&”VBæ×’æ–@£C“ƒ3´&¶–öæòWFÖ“³#s3Sc¶¦–Væsct–†öòæ6öĞ£C“ƒC´¦–ÖBævW7GS³sc#ƒ¶Æ–¶CdVBææW@£C“ƒSµFv²âvF6WG&ÂÒäÒã³cƒS3C·VF6f—G&”BæFW6æ–@£C“ƒc´f&‡Vææ—6f&–F³s#·W6F¦ÖÄVBæ6òæ–@£C“ƒs´6ÖF’v–æ&æó³“cS¶öf—&vçF÷&ô†÷FÖ–Âæ6öĞ£C“ƒƒ´†Æ–ÖWFÖ“³3s3S·w&6WG–W'VÒæFW6æ–@£C“ƒ“´væw6ævw&–æ“³s“ƒS·6—&Vv&¦F”7bææWBæ–@£C““´F–æ†'–çFòÂ2åBã³3Cs“S¶×W'6–æ–ãC†÷FÖ–Âæ6öĞ£C““¶G&râF&ÖæÆ–Æ6&“³c#sS·gW6F†÷FÖ–Âæ6öĞ£C““#µFVf–²æÖv³CC3¶ÇW'vçF”W'VÒæ÷"æ–@£C““3µf–·F÷"ö·Ff–æ“³S#·§VÆ–¶†ƒdW'VÒæ6öĞ£C““C´¦6Ö–â6Ö÷6—#³3s3C¶FÆ–ÖæÖVÆæ†÷FÖ–Âæ6öĞ£C““S´G"âÖ–F†æF–æ’Â2ä¶VC³Ss#·æ&&ävÖ–Âæ6öĞ£C““cµ&FVâ—7v‡—VF“³ƒC“S#·6–†öÖ&–æwW'vçFô7bæ÷&p£C““s´ÆF–¶ævW7GS³“““#3¶¶&æW'vçF”VBæVGP£C““ƒ´G"âF–&¦¦çV#³ƒss3¶†'–çF÷—Væ—F7bæv÷`£C“““µv—6çRWFÖ“³ƒƒcS·v6æ6÷&æVÆ–vÖ–Âæ6öĞ£S´–ÖÒ7V'F–æ’Â2å6÷3³S##s¶‡WF6ö—G¦Æ–æG&W'VÒæ6òæ–@£S´¦ö†â6—&Vv"Â2äRä“³3SSƒ¶÷&6WG–ôvÖ–Âæ6öĞ£S#´vÆ–‚çW&F—–çF“³s3ƒsƒ¶—'6C“DBæ–ç@£S3´†¢âF–‚‡WF6ö—BÂ2ä¶öÓ³ƒcss¶Ö'–F—§VÆ¶&æ–ävÖ–Âæ6öĞ£SC´&‡W&·6†&F–ç7–ƒ³sCcƒs¶æ–ÆÓD†÷FÖ–Âæ6öĞ£SS´GBâ¶—VâæG6—"Â2ä’ä¶öÓ³#ƒ“¶†Æ–Ö†÷†VÆ–vÖ–Âæ6öĞ£Sc´7WBvVçFW7—F³Sss¶V&F–çFôBæv÷`£Ss´Ö–Æ†–F–C³“S3ƒ¶v–Öç&–öv7bæ×’æ–@£Sƒ´¶–ÆÆGWöæó³CƒS·6—F÷'W7–öæôvÖ–Âæ6öĞ£S“´æ–ÆÒÖ–6&“³sCSS“¶×6çF÷6ô–†öòæ6öĞ£S´æF–v‡—Væ’Â2åC³CcC¶F&Öæ&¦F†÷FÖ–Âæ6öĞ£S´¶'Fv–&÷vó³cs#¶Ö&F†—–‡&W¦Bæv÷`£S#´&Æ–¦âÖVÆæ³ƒƒs“·—VÆ–çF–væW7bç66‚æ–@£S3µ&6WG–6–†öÖ&–æs³#sS¶¦–Öç6—F÷'W4VBçvV"æ–@£SCµW&¶6&Fæ³#3“C3·6WF–væç–æW'VÒçvV"æ–@£SSµF—F–â×VÇ–æ“³“ƒs3¶¶v67W'–öæôBæv÷`£Sc´¶VæW2Ö'Væs³3s3¶F×W7FöfVBæÖ–Âæ–@£Ss´†&¦–F'V¶¶S³S#3Cc¶·W7væF&–'VF”BçvV"æ–@£SƒµVæ¦æ’'VF—–çFó³ƒCS#·&6†VÆæG&–æ”†÷FÖ–Âæ6öĞ£S“¶G&râv–æF—7v‡—VF“³3SSC¶&VÆ–æFƒ„vÖ–Âæ6öĞ£S#´6–çFÆ·6—F³cCS·F&–†÷&æ—7–„Bæ6òæ–@£S#´G"â†6æ6–Öæ§VçF³³3sS¶Ö'Væw6×7VÄ–†öòæ6öĞ£S##´¦6Ö–âÆW7F&“³ƒS“·vF—6—&—D–†öòæ6öĞ£S#3´æ†æF–æ“³cC#C·v‡—VF–æFçV¦W'VÒçvV"æ–@£S#Cµ6WF’—VÆ–çF“³#csc¶Ö†VæG&'VF”–†öòæ6öĞ£S#S´ÖÆ–¶æ÷f—F6&’ÂÒä³³S#c“·6WG&6–gVÄ–†öòæ6öĞ£S#cµv–G–·W&æ–vã³S“#S¶×V×Væ“SD–†öòæ6öĞ£S#s´¦–Öâ&†–Öƒ³cs¶vÆæsCBæ6öĞ£S#ƒ´—"âv&ær6çF÷6ó³ƒs#S·W&ÖF&'TBæ&—¢æ–@£S#“µ—Væ’'VF–Öã³sƒC·v–æF†&–&”Bæv÷`£S3´ÆÆ—F†'–çF“³“S3“#·v–F–7GWF–v&FvÖ–Âæ6öĞ£S3´G"â6÷&æVÆ–Ö'–F’Â2å6÷3³“s“·7Wv&æôvÖ–Âæ6öĞ£S3#´VæG&§VÆ¶&æ–ã³SC###·&W¦“–†öòæ6öĞ£S33´G"âF–¶&—Væ–#³3#“·G&F—v”vÖ–Âæ6öĞ£S3Cµv'6Æ·6—F³““C#¶6c”–†öòæ6öĞ£S3Sµ"äÒâ¶&¦¦–Ææ’Â2äRä“³cCc“s¶FWv“#T–†öòæ6öĞ£S3c´æ7F6–&7GWF“³#C¶×W7Föf†6æ„Bæ6öĞ£S3s´†æÆ–Æ6&“³33“ƒS¶FçV¦7V'F–æ”†÷FÖ–Âæ6öĞ£S3ƒ´G"âFöFòWFÖÂÒäÒã³cSƒ¶fF†öæ‡&¦6–†öòæ6öĞ£S3“´¦–Ö–6&“³“c“¶G&ÖFä7bæÖ–À£SC´—"â–öv7W6çF“³#“#¶†&“3–†öòæ6öĞ£SCµWF’¦Ö—&&¦F³3ƒSƒ¶ÆVvTvÖ–Âæ6öĞ£SC#´væF’æ7––ƒ³CC#cs¶†&¦63d†÷FÖ–Âæ6öĞ£SC3´6VÖæ’ævW7GS³ƒs3#“¶†&—&–öv–†öòæ6öĞ£SCC´GBâ&f–BçVw&ö†òÂÒä¶öÒã³ƒ33sc¶6‡–öæöæG6—$†÷FÖ–Âæ6öĞ£SCS´ÖÖâ&Fæ³s#3¶¶&¦wVæ'Fô–†öòæ6öĞ£SCc´væW2ÖæF6&“³“““·&6WG–÷&æF–†öòæ6öĞ£SCs´6&¶vÇW–ó³C3“S¶6WG&W'VÒæFW6æ–@£SCƒ´×W'6—F6—&Vv#³“C“¶Ö&7&†—TvÖ–Âæ6öĞ£SC“µVÖ–7V'F–æ“³s3sC¶Ö&F†—–†F6W'VÒæÖ–Âæ–@£SS´7WB6–çFW6Ö‚Â2åBã³“Sƒc·6–ævÖ&vævÖ–Âæ6öĞ£SS´6¶WBWG&³3“““¶vçF'&&÷vôW'VÒæ×’æ–@£SS#´·W&æ–W&ÖFÂ2äf&Ó³S3c“S¶G&–ç7–†FÆ–öæôvÖ–Âæ6öĞ£SS3´Æ–Æ’&æ÷vòÂÒåC³“sS3¶ÇV—6wVævävÖ–Âæ6öĞ£SSC´ö·Fv–&÷vó³“3S“#¶ÇV¶—F“tvÖ–Âæ6öĞ£SSS´×V†ÖÖB6–†÷FærÂ2äRã³ƒCc¶†&F—&7GWF”W'VÒæÖ–À£SScµ7WFâ6GW"W'F—v“³s#“¶¦VÆ—F3”VBævòæ–@£SSsµF&’†–F–BÂÒåD’ã³#“““S·76—&—DvÖ–Âæ6öĞ£SSƒ´—R&F—F³cS““s·&¦F×W'6–æ–äW'VÒææWBæ–@£SS“´¦VÆ—FÆ§V&F’Â2äRä“³#cƒC¶F–æF#”–†öòæ6öĞ£Sc¶G"â6&‚W76&“³sƒ3s¶†–ÆFÖ&'Vä–†öòæ6öĞ£Sc¶G&râ6'&’F&–†÷&ã³3C“¶æ7––F†vFBæ2æ–@£Sc#´GBâVÇf–âæ–ævvöÆã³#3sc·WF“ƒd–†öòæ6öĞ£Sc3µ&F–‚6–Öæ§VçF³³css·†Æ–Ô†÷FÖ–Âæ6öĞ£ScC¶G&râ–æ·W6ÖvF’Â2åBã³3ƒs“c¶Æ·6æv–¦–çF”vÖ–Âæ6öĞ£ScS´æ—Fö·Ff–æ“³CSƒƒ·&¦6Bæ&—¢æ–@£Scc¶G&râ§VÆ–wVævã³#Sc“¶æ7––†&‡Wv&æW'VÒæ–@£Scs´Ö&2f—&Öç7–ƒ³3cƒs¶Ö'–F–¦–öæôBæ–@£Scƒ´¶&VâÖ†VæG&³33ƒ#c¶VÇf–æ·W7VÖô7bçvV"æ–@£Sc“´¶F—"†æF–æ’ÂÒäÒã³Css¶Ö†gVC„W'VÒæÖ–Âæ–@£Ss´†¢âÖ–6†VÆÆRv6—F³ccCS¶¦çV&ÖÆ–¶VBæVGP£Ss´¦¶†6æƒ³C#s3·FVF—6—&—D–†öòæ6öĞ£Ss#´Æ–Æ·W7væF&’Â2ä’ä¶öÓ³ƒƒ“#¶¶W¦–6Æ‡VF–äBæÖ–À£Ss3µ"â&¶–ÖâÆW7F&“³3“3ƒ¶Ö'VævFT7bç66‚æ–@£SsCµVF&67F³3cCC¶÷&†–Ö„–†öòæ6öĞ£SsSµ&V·6&FæÂÒåC³s“¶Çv–æ&æôVBæ–@£Ssc´fF†öæ‚6—Fö×VÃ³cC“S¶¦–ÖF†'–çFôBææW@£Sssµ&6†VÂ·W7væF&“³SSc¶FÖ¦SdvÖ–Âæ6öĞ£Ssƒ´†¢âV¦’Ö&'Vã³##C3¶ÖVÆæ–ÖVÆ–æF†÷FÖ–Âæ6öĞ£Ss“´G"â6Æ–Ö‚ÖæF6&’ÂÒä³³ScSc¶Ö†VæG&æ–ÆÔVBævòæ–@£Sƒ´&¶–F–â6–Öæ§VçF³³S#““¶v&çv–FöFôW'VÒæ÷"æ–@£Sƒ´ÇWFfâW'vçF“³s““Cc·&ævvBæ2æ–@£Sƒ#´¶&VâæG&–æ“³SSS“¶'6—G&ƒ47bææWBæ–@£Sƒ3´G'2âF—F–âW&ÖFÂ2åC³#c#Ss¶FÖ¦”–†öòæ6öĞ£SƒCµ"âVF—6öâ—VÆ–'F“³3CS“·‡Wv—4–†öòæ6öĞ£SƒSµVÖ’†&F–ç7–ƒ³#SS¶VvSTW'VÒæ2æ–@£Sƒc´†'6æ6&v–‚Â2ä’ä¶öÓ³“CS“s¶W&ævF”7bæ÷"æ–@£Sƒs´¦Vær6–†÷Fæs³c“sC¶FÖæ–¶Ö†W6–†öòæ6öĞ£Sƒƒ´Ö–6†VÆÆR&¦6³#s“c·6—6¶CDvÖ–Âæ6öĞ£Sƒ“µ7WFâF–Ö2¦–Ææ’Â2ä¶VC³c3·&†6æ„†÷FÖ–Âæ6öĞ£S“´¶Ö–F–â†–F–BÂÒåD’ã³ƒ3scc¶¦ÆVs47bç66‚æ–@£S“´¶W¦–Æ·6—F³#S3“ƒ·V¦“CDVBæÖ–Âæ–@£S“#´vÆ–‚ævW7GS³“cƒ##¶FÖæ–¶æ÷f”vÖ–Âæ6öĞ£S“3µWF’f–6·’7VF–F’Â2ä•³cƒS·7W––æ„†÷FÖ–Âæ6öĞ£S“C´¦ÖÆ–W&ævF’Â2ä¶VC³s3#S¶¦VæwWFÖ”vÖ–Âæ6öĞ£S“S´Æ–G–f—&vçF÷&ó³SC3·§VÆ¶&æ–çFÖ”7bæ×’æ–@£S“c´Æ–Ö"Æ·6—F³csss¶&·F–öæó#7bæ6öĞ£S“sµWF’§VÆ–v–&—6öæòÂÒäf&Ó³S“sc·v6—FFTBçvV"æ–@£S“ƒ´VÆÖÖæwVç6öæs³Cs#s¶‡WFvÇVæt†÷FÖ–Âæ6öĞ£S““´æ§væ7––ƒ³##3s·¦Æ–æG&c„†÷FÖ–Âæ6öĞ£S´VÆ—6–öÆæF³c#SSs·–W76—F†×&–äW'VÒæÖ–À£S´¦F’·W6ÖvF“³ssCC¶×VÇ–æ–v–Ææt–†öòæ6öĞ£S#´G"âF&–F’&&÷vòÂÒäÒã³3ƒ#sƒ¶F—&¦“$VBæ6òæ–@£S3´Fæ—7v&FÖ6&“³“Ss¶çWG&Bæ–@£SC´G"âÇWFfâ†'–çF“³ƒ“S·&—6c4vÖ–Âæ6öĞ£SS´†–ÖvâwW7F–æ³Ssc3s·&¦F6—'væFVBçöçW2æ–@£Sc¶G&râ&VÆ–æF·W7væF&“³SSCƒ·7W6çF–¶&Öä7bæFW6æ–@£SsµW'vF’çVw&ö†ó³#cS¶G&–ç7–†F67bæFW6æ–@£Sƒ´†6â&67FÂ2åC³ƒ3S3“¶öÆv†'–çFôW'VÒææWBæ–@£S“µFv²â'W6Öâ‡WFVÂ2äRä“³ccss3·‡&—–çF”†÷FÖ–Âæ6öĞ£Sµ§VÆf‡WFvÇVæs³SC#C3·6×W7FöfvÖ–Âæ6öĞ£Sµ6—6¶vÇW–ó³3sƒ3C¶wÆ7G&”Bæ&—¢æ–@£S#´¶&æFÖ6&“³sCSC3·–T–†öòæ6öĞ£S3µ6¶×VÇ–æ“³“·&–ÖWv—4–†öòæ6öĞ£SCµFv²âÆ&2‡WF6ö—BÂÒåD’ã³ƒ#s¶ævv&–3–†öòæ6öĞ£SSµFv²âVÖâf—&Öç7–ƒ³sƒs3¶æ÷f—F6&–æ6$W'VÒæ–@£Scµ"äÒâ–¶–âv–æ'6–‚ÂÒäf&Ó³c3S3ƒ·&¶6¶'–vÖ–Âæ6öĞ£Ss´¶–æG&ö·Ff–æ“³cc“·–övSD7bæÖ–Âæ–@£Sƒµ"â&¶–F–âæG6—#³CScƒs¶¦f—&Öç7–„–†öòæ6öĞ£S“µ6Æ–Ö‚Ö&'VâÂ2åBã³s3“ƒ¶fV&“cDBæÖ–Âæ–@£S#µ&&vF×V&öÆöã³3333¶vF÷FwVæ'Fô–†öòæ6öĞ£S#´VÆÖ7V'F–æ“³ƒ““Cs¶vF÷G&F—v”†÷FÖ–Âæ6öĞ£S##µBâF6æ–ÒævW7GS³#Cc3¶ÆF–¶&FævÖ–Âæ6öĞ£S#3¶G"âæ7F6–¦çV#³C#ƒ·7VF–F—6†æ–Bæ÷&p£S#Cµ–Öâ·W&æ–vã³s#c¶‡6f—G&”W'VÒæFW6æ–@£S#S´6–çF†–ævw&–æ’Â2äf&Ó³“3s·v—&&†–Ö„–†öòæ6öĞ£S#c´G'2âW'vF’6VgVÆÆƒ³S33s#·6–†öÖ&–ævÆÆ—FvÖ–Âæ6öĞ£S#s´Ö†F’Ö&'VâÂ2äf&Ó³sƒC“·‡&F—F–†öòæ6öĞ£S#ƒ´GBâ6—'væFÆW7F&’Â2åBã³#“C#¶¦ö¶óTW'VÒææWBæ–@£S#“´G'2â¶'FF†×&–ã³Cc¶Ö–Æ3D†÷FÖ–Âæ6öĞ£S3´FF’æ7––Fƒ³#Ccss¶vÖçv6—F7bç66‚æ–@£S3´¶'6æ†æF–æ’ÂÒäÒã³S3“#¶††&–&”–†öòæ6öĞ£S3#µFv²â–æ’wVæ'Fó³3C3¶v–Öæ†7GWF”vÖ–Âæ6öĞ£S33¶G"â†&¦6Ö†W7v&³c#s3C¶Ö†W7v&†÷FÖ–Âæ6öĞ£S3C´§VÆ’‡WFVÂÒäÒã³“C¶Ö&F†—–†¶7Væt†÷FÖ–Âæ6öĞ£S3S´Æ–çFær§VÆ–¶ÂÒåC³“c“C·6—F÷'W6F&–Ö–ä†÷FÖ–Âæ6öĞ£S3c´æF–æR–öÆæF³ƒC##c¶6‡–3”vÖ–Âæ6öĞ£S3s´FÆ–ÖçW&F—–çF“³s“ƒCC¶†'F÷6WG&–†öòæ6öĞ£S3ƒ´&Æ–F–âÖ'–F“³C3“s¶÷Wv—4–†öòæ6öĞ£S3“´·Væ6&†'FF“³SC3“c¶FvVÇ7Wv&æô†÷FÖ–Âæ6öĞ£SCµF–æÖæwVç6öærÂ2å6“³#Sƒ·VÖ—wVÆæF&”Bæ&—¢æ–@£SC´G'2âW'v‡WF6ö—C³s“ƒƒ·—VÆ–'F–6Öä–†öòæ6öĞ£SC#µ"â7–‡&–æ’W6FÂÒåD’ã³#¶F7GWF”vÖ–Âæ6öĞ£SC3´æ–ÆÒÆ–Æ6&’ÂÒä³³3Cs3·VF¦–7GWF–Gv”7bæ6òæ–@£SCC´VF’æ6†—'VFF–âÂ2äRã³ccƒsc·6Ö÷6—'Væ¦æ”vÖ–Âæ6öĞ£SCSµ7V6’Ö†W7v&Â2äRã³CSC#¶çW'VÃsD–†öòæ6öĞ£SCc´v–ÆFö·Ff–æ’Â2ä’ä¶öÓ³“C““#·w6–Ö&öÆöäVBæ6öĞ£SCs´G'2â¦Æ–æG&ÖVÆæÂÒåD’ã³ƒssc·6–†÷Fæwf–æô7bæ÷"æ–@£SCƒ´G"âÆ–G–6—F÷'W3³“C“s¶6×Væ—7W6çF”W'VÒæ6òæ–@£SC“´GBâv'6—FÖ†W7v&³#Ccƒ“·W&¶6“”–†öòæ6öĞ£SS´F6–â6&v–ƒ³SC3¶ÇWF†f——Væ–$†÷FÖ–Âæ6öĞ£SSµ§VÆf&6WG–³c3S·&—¦¶–ævw&–väBæ&—¢æ–@£SS#´6–æG’—VÆ–'F“³S“#¶7W'F—v”vÖ–Âæ6öĞ£SS3µWF’FÖ’7W6çF’Â2å6÷3³#S¶G&¦CDvÖ–Âæ6öĞ£SSC´ÖÆ&7GWF“³Sƒ““c¶6æ¦×VF–ä7bçöçW2æ–@£SSSµFVwV‚W––æ‚Â2åC³cƒCƒ#·6&#C”†÷FÖ–Âæ6öĞ£SSc´F&–F’–öÆæFÂ2å6“³C#3¶†'FF–—7–„Bævòæ–@£SSs´çW'VÂÖ†W7v&³“3S·v—6çSsd–†öòæ6öĞ£SSƒ´ÖÖâ&F—F³Ss“3#¶æFÆ–6Föæô–†öòæ6öĞ£SS“µ&&vW&ÖF’Â2äRã³Ccc3·–Öã“4–†öòæ6öĞ£Sc´6–æG’Ö†W7v&³s“ƒƒ¶ÇV¶—FFÖ6&”†÷FÖ–Âæ6öĞ£Sc´FÆ–ÖÆGWöæòÂ2å6“³““ƒ#¶v–Ææw&–övvÖ–Âæ6öĞ£Sc#¶G"âV¶v–&÷vòÂÒä³³ƒ#cƒC¶g—Væ–$W'VÒæ6òæ–@£Sc3µBâVF’Ö&F†—–‚Â2ä’ä¶öÓ³“C“s“¶WfgV¦–F”VBæÖ–À£ScC´&‡W&·6æG&–æ“³“S“ƒ¶7v6¶—F†÷FÖ–Âæ6öĞ£ScS´G'2âÖ–F†–F–çFòÂÒä¶öÒã³#“C#·&–öv–†öòæ6öĞ£Scc´Æ6Ööæò7W'–FÖ“³ƒc“#ƒ¶W6f—G&”Bæ–ç@£Scs¶G&râF&Ö¦’v–¦–çF“³Scc#·6Ö÷6—&6—'væFVBæÖ–À£Scƒ´VÆÖW'F—v“³Cs3cs¶Ö–Öç7W$vÖ–Âæ6öĞ£Sc“¶G"âV¦ÖçVÆÆærÂ2åBã³csS“¶&·W7v÷–ô†÷FÖ–Âæ6öĞ£Ss´¶–Æ6–Ö&öÆöã³c3C¶v–Öã4W'VÒævòæ–@£SsµF—&6çF÷6ó³#S##3¶&¶–¦ææ'F”†÷FÖ–Âæ6öĞ£Ss#´–ÖÒ·W7væF&“³#ƒs“¶Ö'Fæ–f&–FBæ–@£Ss3µ&†—RgV¦–F“³c“ƒc¶†'6–s–†öòæ6öĞ£SsCµW7–’&–öv³ccCCs·6–æv&Öä7bæÖ–Âæ–@£SsSµWF’&Ö—F&6WG–ÂÒäÒã³#“cs#¶væ¦&çwVÆæF&”W'VÒæ×’æ–@£Ssc´—&–æÖæF6&“³ƒC“·W7W6çF”BææW@£Sss´¶¦Vâv–FöFó³#S¶ævw&–væ–fvÖ–Âæ6öĞ£Ssƒ´×VÇ–çFòwVÆæF&“³cCsS·†wVæ'Fô–†öòæ6öĞ£Ss“´–¶‡6âæ¦×VF–ã³ƒƒCCc·&Ö×W7FöfBçvV"æ–@£Sƒ´†'6æW6FÂÒä³³CsC#¶ÖÖæ·W7v÷–ôVBæVGP£Sƒ´&VÆ–æF6WF–vâÂÒä³³“ccss¶¶Ö–F–ãƒVBæ–ç@£Sƒ#´ÇV¶Öâ6VgVÆÆƒ³ƒƒƒ“#¶vÆ'F&–†÷&ävÖ–Âæ6öĞ£Sƒ3µ6&‚f—&Öç7–ƒ³“Ssc¶—'6F·W6ÖvF”W'VÒæÖ–À£SƒC´FWf’6–Ö&öÆöã³S#“S·G6–†÷FætVBæ&—¢æ–@£SƒS´—"âF&’6çF÷6ó³scC3c·v&F“ST7bævòæ–@£Sƒc´¶'6æf&–F³s#S#“·v&F“ƒW'VÒæ–ç@£SƒsµFv²âW7–’Æ7G&“³#ƒ33C¶æ¦×VF–æ&¶–¦äW'VÒæ6öĞ£Sƒƒ´–'&†–Ò—VÆ–'F“³3s3s·Væ¦æ“$7bæ×’æ–@£Sƒ“´G'2â¶—Vâæ—GWVÇS³ƒScSƒ¶g6Föæô–†öòæ6öĞ£S“¶G"â—VÆ–æ&†ÖvF“³ss3C“·W'v‡WF6ö—DW'VÒæv÷`£S“´¶Ö–Æ†'–çF“³S3c¶Öæƒ3D†÷FÖ–Âæ6öĞ£S“#µv'6—F†&—–ƒ³3#SC“¶ævw&–væF–æF†÷FÖ–Âæ6öĞ£S“3µwVÆâ—7v‡—VF“³ƒS·FÖ—v6¶—FBææW@£S“CµFv²â×VÇ–çFò‡WFvÇVæs³#33C¶VÖãD7bçöçW2æ–@£S“S´&Æævvæ¦×VF–âÂÒäÒã³##c#¶&·F“ƒd7bæÖ–À£S“cµ"äâ÷&’Ö–6&’ÂÒåC³Ssƒ¶'v7GWF”–†öòæ6öĞ£S“s´—"âF—'F–66Ö÷6—"Â2äRä“³ƒs#cs¶6†æG&6f—G&”†÷FÖ–Âæ6öĞ£S“ƒµ"â¦–F’¦çV"ÂÒä¶öÒã³3c#C¶‡v6—FBæ÷&p£S““´væ¦&â6&v–ƒ³Cƒ#c3¶ÖÖæF6&”W'VÒæVGP£S#µ&ævÖ&'VâÂÒåD’ã³cCƒ3S¶G&†—TVBæ2æ–@£S#¶G"âv—6çR×VÇ–æ’Â2ä•³Cƒsc¶¦W76–6f—&vçF÷&ô†÷FÖ–Âæ6öĞ£S##µW'vF’6—Fö×VÃ³s#sss¶F—&¦F×V&öÆöä–†öòæ6öĞ£S#3´¦–Â—&vã³Cƒ3#3¶Æ·6Ö—vF—¦VÆ––†öòæ6öĞ£S#C´6–æG’‡WFvÇVæs³csC“#¶ÇW&‡W'6–†öÖ&–ætvÖ–Âæ6öĞ£S#S´&VÆ–æFævW7GS³cs3·–×VÇ–æ”†÷FÖ–Âæ6öĞ£S#c¶G"âv–æF7GWF“³S3Cƒƒ·W&F—FW'VÒçvV"æ–@£S#sµ&—2—VÆ–'F“³ƒC3#¶ÆVv†&F–ç7–„–†öòæ6öĞ£S#ƒµFv²â&WFæ–6Föæó³SS¶F†–&¦&†—T–†öòæ6öĞ£S#“´ÆVò†æF–æ“³#s3#S¶v&æsCDW'VÒæÖ–Âæ–@£S#´G'2âÆ–Öâ6—&Vv#³“cS·6—F÷'W6öÆvvÖ–Âæ6öĞ£S#´‚â–Ç–2ævW7GS³“sCss¶¦æVwVæ'Fô–†öòæ6öĞ£S##µ7WFâ&F’&¦FÂ2ä’ä¶öÓ³33ƒ¶VF—W&ÖF”W'VÒæ–ç@£S#3´†g6†‚†6æƒ³ƒ3“#·G§VÆ–¶7bæ÷"æ–@£S#C´ÆçF"wVÆæF&“³3ccƒS¶‡WF6ö—FvFæt–†öòæ6öĞ£S#S´G"âf—f’v‡—Væ“³scC¶6‡–çFósTvÖ–Âæ6öĞ£S#c´öÖ"Föæv÷&âÂ2å6÷3³c33¶÷&¦F†÷FÖ–Âæ6öĞ£S#s´&¶–F–â7W'–FÖ“³CcC¶ÇV¶Öç6FöæôBæ×’æ–@£S#ƒ´—"âF—&¦F&–†÷&âÂ2ä‚ã³#ƒ“#·FÖ6&–¦öæôW'VÒæ×’æ–@£S#“´G'2âÖ–Æ†–F–BÂ2åC³c““3·6—&—F§VÆ–Bæ&—¢æ–@£S##¶G"â6—F’6—&Vv#³3Scs#¶æG6—'VÆ”vÖ–Âæ6öĞ£S##´6Æ&FÖæ–²ÂÒä³³3scsc¶fF†öæƒ#dVBæ6öĞ£S###´‚âö·FÖ'–F“³s3s“·&Öã#DW'VÒæ&—¢æ–@£S##3µFVfâ&†—S³ƒC3¶ÇVÇV†ævw&–æ”vÖ–Âæ6öĞ£S##CµFv²âÆ–Æ’7GWF’Â2åC³“3“C·&¦66†æ–†÷FÖ–Âæ6öĞ£S##SµFv²â6&‚ævW7GRÂ2äf&Ó³sC“¶6—Fö×VÄvÖ–Âæ6öĞ£S##c´7WBÆ–¶·W7VÖó³C“sC¶&æ'F”†÷FÖ–Âæ6öĞ£S##s´ÆF–¶W7—FÂ2ä’ä¶öÓ³“3“Cc·'W&ÖFvÖ–Âæ6öĞ£S##ƒ´&Æ–¦âWFÖ“³3ƒcƒs¶çW&F—–çF–¦–ÖD7bæVGP£S##“´F&ÖçFò7W'–öæòÂ2äw£³ƒc““#·f–æóCD–†öòæ6öĞ£S#3µvÇW–ò†'–çFó³CCss·6Ç6&–ÆÖVÆævÖ–Âæ6öĞ£S#3´×VÇ–çFòæ–ævvöÆã³cCcC¶–çFã“4Bæv÷`£S#3#µVÇ–Ö–6&“³Ccƒ3¶×&ÖFäBæ÷"æ–@£S#33µ6–Çf–wVæ'Fó³cC·V·W&æ–vä7bæ6òæ–@£S#3C´÷6¶"&†—RÂ2åBã³3C¶¦ÖÃSBæ÷&p£S#3SµBâ&Æ–¦â6Föæó³S#3C¶¶f—&vçF÷&ôBæFW6æ–@£S#3c´ÆVòW'vçF“³S“c3¶F'V¶¶V¶ÖÄ†÷FÖ–Âæ6öĞ£S#3s´6†æG&wVæ'Fó³““S¶G&¦CƒDBæ6öĞ£S#3ƒ´G"âÖ†W6Æ7G&“³“3ƒƒ3¶wF&–†÷&ä†÷FÖ–Âæ6öĞ£S#3“´´‚â6FBævW7GS³#ƒ3·6çF÷6öÇV—47bæÖ–À£S#CµG&–6–6çF÷6ó³CƒCCS¶'–æ–vÇW$7bæ6öĞ£S#Cµ†ææ6–†öÖ&–æs³ƒc3““·—6—&Vv$Bæ–@£S#C#´Ö'F¶–öÆæF³3S“¶¶Ö&–t–†öòæ6öĞ£S#C3´G"â¦ö†â6Ö÷6—#³sS#¶6‡–çFóCD7bæ÷"æ–@£S#CC´¦–Öâ†6æ‚ÂÒä¶öÒã³cƒ“sC¶¶v6#d†÷FÖ–Âæ6öĞ£S#CS´´‚âÖ&væv‡—Væ“³##sc3¶fÖ&F†—–„†÷FÖ–Âæ6öĞ£S#Cc´Ö–×Væ‚æG&–æ“³ƒ#“¶Ö&'Væ6–6”W'VÒæ2æ–@£S#Csµ"äâæ÷f’ÖæF6&“³#CsC¶çv–¦–W'VÒçöçW2æ–@£S#Cƒ´—"â—VÆ–v–¦–³3sss·v6æ'W6Öä†÷FÖ–Âæ6öĞ£S#C“µ&–†â&—–çF“³sC“cs·G7V'F–æ”†÷FÖ–Âæ6öĞ£S#Sµ6&"'–æ“³cƒ3C¶×VÇ–SdvÖ–Âæ6öĞ£S#S´—"â6öÆV‚&F—v’ÂÒåC³cSs¶×6—&—D7bçöçW2æ–@£S#S#µv&F–7W'–öæó³cSsc·W6–†öÖ&–ætBæFW6æ–@£S#S3µ"äÒâ†W'R'VF–ÖâÂÒä³³sc3c·¦Æ–æG&#$7bæ6öĞ£S#SC´†W7F’†'–çF“³“CSƒƒ·&–övvÆ–„W'VÒæ÷"æ–@£S#SS´Ö’6&v–ƒ³CC“CS·WG&“vÖ–Âæ6öĞ£S#Sc´&Æ–¦âWv—3³CSC·¦æ7––F„–†öòæ6öĞ£S#Ss´væw6"æ–ævvöÆã³c#““s¶†7F“TBæ&—¢æ–@£S#Sƒ´Ö–×Væ‚W'F—v“³CcC·†æ7––„†÷FÖ–Âæ6öĞ£S#S“´¦VÆ—F–öÆæF³#“#C¶vÖ†W7v&Bæ÷&p£S#c´6wV²W76&’Â2ä•³3“ƒs“·W6F–öv†÷FÖ–Âæ6öĞ£S#c´—"âæFÆ–‡WF6ö—C³cc3·&Öæ†&—–„7bç66‚æ–@£S#c#µfç–7V'F–æ“³cC“#·vÖæFÆvÖ–Âæ6öĞ£S#c3´F–æ‡WFvÇVæs³“#ƒsƒ·F&“#DVBæ÷"æ–@£S#cC´öÆvv–&—6öæó³SscC·—VÆ–çF—f–7F÷&–W'VÒæ–ç@£S#cS¶G"âVæF‚&¶6³c#sS·¦Væ#c4†÷FÖ–Âæ6öĞ£S#cc´ç–æF×V&öÆöã³s3C3¶¦'vF—6FöæôBæ÷"æ–@£S#cs´†¢â6–æG’v–æ&æó³ƒCscƒ¶F'–æ—v–¦––†öòæ6öĞ£S#cƒµ6öÆV‚æG6—#³S“SS·FöÖ““”7bçöçW2æ–@£S#c“´G'2â&–Öv–¦–Â2ä•³“““S#·FÖ6&—FÆ–vÖ–Âæ6öĞ£S#s´6–æG’7W'–FÖ“³ƒ3“S·V·W&æ–vävÖ–Âæ6öĞ£S#sµWF’&†—R†&—–‚Â2ä’ä¶öÓ³#3cc#·¦·W7væF&”–†öòæ6öĞ£S#s#µ6f–æ&7GWF“³s3ƒC¶wVævæÆF–¶Bæ–ç@£S#s3µ6—6¶—7v‡—VF“³C3“cƒ¶7væ–&F–çFôBææW@£S#sCµ—Væ—FwVævã³C3“ƒ·FVwV‡–öÆæFBæ&—¢æ–@£S#sS´VÖ–â6–†÷Fæs³ƒ33s#·&—–çF–·VçF†&†÷FÖ–Âæ6öĞ£S#sc´VÇf–â6–†öÖ&–ærÂ2åBã³cSCc“·&†Æ–Ö„vÖ–Âæ6öĞ£S#ss´¦v&v6Ö÷6—#³ƒC##¶F'V¶¶VÖöætBæ6òæ–@£S#sƒ´—"âÖÆ–&F—FÂ2å6÷3³“#““¶†–ÆF&—–çF”–†öòæ6öĞ£S#s“µWF’–æ6RWG&Â2åBã³SCC¶¶'6æWFÖ”W'VÒæ&—¢æ–@£S#ƒµv—6çRÖæF6&“³sScs¶×VÇ–çF÷WG&VBçöçW2æ–@£S#ƒ´ÆVvÆ–Æ6&“³ccscƒ¶&VÆÆS”7bæÖ–À£S#ƒ#´¶Vç¦–R×VÇ–æ“³ƒs“S3¶¦æSƒt†÷FÖ–Âæ6öĞ£S#ƒ3µWF’6÷&æVÆ–&7GWF’ÂÒåD’ã³33ƒS3¶FWv——VÆ–çF”–†öòæ6öĞ£S#ƒCµvÇW–ò·W7VÖó³3CS“¶vVçF7VF–F”vÖ–Âæ6öĞ£S#ƒS¶G"â6öÆV‚·W6ÖvF’Â2ä¶VC³Cƒ“ƒc·&¦66†÷FÖ–Âæ6öĞ£S#ƒc´VÆÆf&–F³ƒ“ƒs·VÆ·6Ö—vF”vÖ–Âæ6öĞ£S#ƒs´–æF‚†'–çF’Â2ä¶öÓ³cs3·f–·F÷'6–Ö&öÆöäVBæv÷`£S#ƒƒ´F&Ö¦’Föæv÷&ã³3C“3¶ÆæævÆ§V&F”vÖ–Âæ6öĞ£S#ƒ“´—"âæ’&6WG–ó³#¶VF—7W'–FÖ”VBç66‚æ–@£S#“´æv‡—VF–âÂ2ä¶VC³ƒsss“·&W7F“4vÖ–Âæ6öĞ£S#“µ"âVÆöâæ&&âÂ2ä¶öÓ³CSCS¶6—'vF#$7bç66‚æ–@£S#“#´Ö–6†VÆÆR&†—S³cƒS3#¶Ö'Fæƒ4BææWBæ–@£S#“3µ7WFâFÆ–öæòÖæF6&’ÂÒåD’ã³cCƒ#3¶æ——Væ–$VBçvV"æ–@£S#“Cµv–G–—&vã³c3S·VÇ–W––æ„–†öòæ6öĞ£S#“Sµ&F–‚7V'F–æ’Â2å6÷3³ƒSƒ#c·v&F–&—–çF”BæFW6æ–@£S#“c´VÆÆ—2f—&Öç7–ƒ³s3ƒ33·6—F÷'W7WG&”7bææWBæ–@£S#“s´ÖÖâ6VgVÆÆƒ³SCs#¶æ÷f—F6&—F–&W'VÒæ÷"æ–@£S#“ƒµ&6†VÂÆW7F&“³sCccs¶‡&F—FBæ÷"æ–@£S#““µWWB†'–çFó³cƒ3·‡&¦FvÖ–Âæ6öĞ£S3´¶'F–¶6–Öæ§VçF²ÂÒåC³cscC“·6WF–væ&ÆævvvÖ–Âæ6öĞ£S3µ—W7Vbæ7––F‚Â2å6÷3³ssc¶F–¶&6WG–vÖ–Âæ6öĞ£S3#¶G"â§VÆ’—VÆ–'F’ÂÒåC³3sƒ·††&–&”BçöçW2æ–@£S33µfVvf&–F³c#C“ƒ¶FF–—&vä†÷FÖ–Âæ6öĞ£S3CµwVÆâö·Ff–æ“³“#s¶æ§vDBæ÷&p£S3SµFv²âF—'F–6–öÆæFÂÒäÒã³Ssc“ƒ·v7GWF–æ&¦”†÷FÖ–Âæ6öĞ£S3c¶G&râ6&¶FÖæ–³³ƒƒSc3¶F6FÖæ–´VBævòæ–@£S3sµ6Æ–Ö‚W&ÖF³scƒ#¶VÆÆs–†öòæ6öĞ£S3ƒ´fV&’FÖ&³ƒSƒSs·6f—G&–†6–ÔW'VÒçöçW2æ–@£S3“µ&6†VÂ·W6ÖvF“³3SCc·W76&–¦Vg&”Bæ6òæ–@£S3µG&–6–Ö†W7v&³cSƒSC·&F—FVF”†÷FÖ–Âæ6öĞ£S3´6–çF†–†¶–Ó³cc#3¶×VÇ–æ–&ÆÖçG&”vÖ–Âæ6öĞ£S3#´‚â&F’FÖæ–³³c¶6ævw&–väBæ6òæ–@£S33´W7F–öæòævw&–vã³SS·F—F–'VF—–çFô†÷FÖ–Âæ6öĞ£S3CµWF’v–æ&†–Ö‚ÂÒä³³3cƒs3¶¦ÖVvçF&7bæ6öĞ£S3S´G"âVÆ—6&6WG–³scƒ3“¶Æ·6Ö—vF–Ö†F”vÖ–Âæ6öĞ£S3c´—"â¦ÖÆ–&—–çF’Â2äRä“³ƒc“·6—Fö×VÆVÖöætVBæv÷`£S3s´FçV¦Ö&'VâÂ2ä‚ã³##·VF¦–7GWF––6†7bæ÷"æ–@£S3ƒ´&æ6"—Væ–"Â2äRä“³sc3C¶WG&Bæ×’æ–@£S3“µFv²âVÖâ§VÆ–¶³3ƒSCc·&–—Fæ4–†öòæ6öĞ£S3#´æF–æR·W7væF&“³ƒ#ƒ¶Föæv÷&ævG&vÖ–Âæ6öĞ£S3#´6Væv¶Â6WF–vã³33C#ƒ¶—7v‡—VF—&–övôW'VÒæ–ç@£S3##´VÆ—6'VF–Öã³ƒ3S¶VÇf–æc”†÷FÖ–Âæ6öĞ£S3#3´6GW&ævv—&vã³33·7W6çF–ÆF–d7bæ2æ–@£S3#CµFv²âv—6çR—7v‡—VF“³#scS“¶†Æ–Ö‡&–¶7bævòæ–@£S3#SµævW&â—VÆ–'F“³CS3#¶FÆ–Ö&FævÖ–Âæ6öĞ£S3#cµ–ÖâçVw&ö†ó³ƒC3Sƒ¶Ö'–F–Ö'Fæ”BææW@£S3#sµv&¦’†–F–C³ƒ“#¶æ7F6–SVBææW@£S3#ƒµ&6†VÂ&—–çF“³33¶Öf—&Öç7–„–†öòæ6öĞ£S3#“´–6†v–æ'6–ƒ³3“Cc·vwVæ'FôvÖ–Âæ6öĞ£S33µ7WFâ†'6æv–F–7GWF’Â2äf&Ó³csC#¶Æ–Æ6–†÷FætvÖ–Âæ6öĞ£S33µF—F’æ6†—'VFF–ã³Sƒss¶7V'F–æ”†÷FÖ–Âæ6öĞ£S33#´&VÆÆf&–F³3#S3C¶f—&vçF÷&÷WG&”W'VÒæ–@£S333´FöFò—7v‡—VF“³cƒ33“¶F&–¦çv–F–7GWF”7bæv÷`£S33C´&ÆÖçG&’v6¶—FÂ2ä’ä¶öÓ³#Cƒ“¶Ö'6—Fóc$†÷FÖ–Âæ6öĞ£S33S´×W'6—F†æF–æ“³“Ssƒ·WFÖ—Væ”vÖ–Âæ6öĞ£S33cµBâ6öÆV‚F×V&öÆöã³3“#ƒ¶öÖ##T†÷FÖ–Âæ6öĞ£S33sµV6†—FG&–ç7–ƒ³C#SSƒ¶Ö&6FÖæ–´Bæ÷"æ–@£S33ƒ´G&¦B&67F³s“c¶W&ÖFBæÖ–À£S33“´—"â†g6†‚6—&Vv"Â2ä¶VC³#S33c¶††&F–ç7–„VBæ6òæ–@£S3C´GBâFÖ"Ö&'Vã³“ssc¶·&FævÖ–Âæ6öĞ£S3C´væ¦&â&67F³ss##¶ÆGWöæövæW†÷FÖ–Âæ6öĞ£S3C#´Æ6ÖöæòÖ–6&’Â2åBã³3S#“¶æ'F–æ§vBæ–ç@£S3C3´—&v–¦–³sSc33¶6–†÷FætBçöçW2æ–@£S3CC´†'FòFÖæ–²Â2äw£³SSs“·WFÖ&'T7bæ–@£S3CS´–f—&vã³ƒ·v—&vä–†öòæ6öĞ£S3Ccµ&–¶çW&–æ“³CƒSC¶ÖæwVç6öæw§VÆfBævòæ–@£S3Cs´G'2âV¶6—Fö×VÂÂÒä¶öÒã³3“SsC·&†Öçv–F–7GWF”vÖ–Âæ6öĞ£S3Cƒ¶G"âv–G–æ&&âÂÒåC³CC“¶¦öæó#„–†öòæ6öĞ£S3C“´‚â–'&æ’WG&Â2ä¶VC³sƒ#c·WGW&—–çF”vÖ–Âæ6öĞ£S3Sµ"â–öæòæ7––Fƒ³C“CCC¶æÖVÆæ–†öòæ6öĞ£S3S´F&–Ö–âFÖ&³“C“S¶†Æ–Ö‡&ÖVBæÖ–Âæ–@£S3S#´æ&–ÆÖ'–F’Â2å6“³SC3¶ÆwW7F–æ7bçöçW2æ–@£S3S3´v&Fv–F–7GWF“³““cƒ·&¶÷6—VÆ–çF”vÖ–Âæ6öĞ£S3SC´¦–öæògV¦–F“³C3S·w6f—G&”BæVGP£S3SS´7væ’W6F³“Ssƒ“·W&ævF–6V×ÇVæ´vÖ–Âæ6öĞ£S3Sc´—"âÆF–¶WFÖ“³Sscƒ¶æ6–ÓTvÖ–Âæ6öĞ£S3Ss´†æÖVÆæÂÒäf&Ó³SSSc¶6†æG&ƒdvÖ–Âæ6öĞ£S3Sƒ´–F'–æ“³sS33¶væFWvv–¦––†öòæ6öĞ£S3S“´´‚âÖ'Fæ’‡WFV³S3“ƒ·v–&÷vô7bævòæ–@£S3c¶G"âf–7F÷&–&†–Ö‚Â2äRã³ƒS3CC¶ÖVvçF&&W7GTW'VÒæ6òæ–@£S3cµ"â&–æ’†–F–çFòÂ2åC³3ƒC¶—&–æ7VF–F”–†öòæ6öĞ£S3c#µ&–—Fæ¦çV#³3S·–†–F–çFôVBç66‚æ–@£S3c3´v–æ†æF–æ“³sScs¶¶æ'F”VBæ6öĞ£S3cC´Ö&væÖVvçF&³3SƒC·6—F÷'W6ÇW&‡W$VBæ6òæ–@£S3cS´–fÖ†W7v&³s#ƒ3C¶'VF–Öæ&¶–çFôBæ×’æ–@£S3cc´FRÆGWöæó³sƒ#¶¶Ö–Æ†&—–„BææWBæ–@£S3csµ–Öâ&†ÖvF“³3sSƒ#¶†&—–†Æ–ÆW'VÒç66‚æ–@£S3cƒµF7v—"¦çV"Â2åC³s33“ƒ¶çv–¦–vÖ–Âæ6öĞ£S3c“´†W'R†'–çF“³cSs3ƒ¶&ÆÖçG&——VÆ–'F”Bæv÷`£S3sµ7W'–wVÆæF&“³CC3ƒ¶Ö&'Væ†g6†„Bæ–ç@£S3s¶G"â&·F–F’‡WFV³SC#S¶¶–æG&†Æ–Ö„BçöçW2æ–@£S3s#´Ö'F¶&—–çF’Â2äw£³C#cs“¶gW&ævF”W'VÒæ÷&p£S3s3´×VÇ–çFòÖ&F†—–‚ÂÒåC³S#S¶—7W'–FÖ”†÷FÖ–Âæ6öĞ£S3sC´vÇW"6—&Vv#³#ƒC“¶¶&F–f&–F–†öòæ6öĞ£S3sSµvæ’F†×&–âÂÒäÒã³Cs#“C¶×&—–çF”W'VÒæVGP£S3sc´&vöæòWv—3³sƒc#“¶†Æ–Ós4–†öòæ6öĞ£S3ss´6¶WBwVæ'Fó³Cs3¶†–F–GF—F–ävÖ–Âæ6öĞ£S3sƒµ—Væ—FwVæ'Fó³#C#C3·&–—FæFÖ&†÷FÖ–Âæ6öĞ£S3s“´¶VÖÂ7W'–FÖ“³SƒSC·ÖæwVç6öætBæÖ–À£S3ƒµ&–æ’¦–Ææ’Â2åC³C#C“S¶‡WFVvF–ætvÖ–Âæ6öĞ£S3ƒµ7WFâ†6â6—Fö×VÃ³Sc3S¶Ö'FæC„vÖ–Âæ6öĞ£S3ƒ#µf–6·’&FæÂÒåC³ƒS3¶V¶†æF–æ”W'VÒææWBæ–@£S3ƒ3µ"â&f’v6æ³s#¶Ö†gVF×W7Föf–†öòæ6öĞ£S3ƒC´G"â'–66–†öÖ&–æs³“#C¶¦7vF–†'FF”VBæ6öĞ£S3ƒS´&vöæò&æ÷vòÂ2ä¶öÓ³#3ss·v–¦–†W'TBæ6öĞ£S3ƒc´¶6–ÒF†×&–ã³ƒ3ƒsc¶Ö†×VCƒ”–†öòæ6öĞ£S3ƒs´—Rv‡—VF–ã³ƒcSs¶ÆÆv–¦–W'VÒæ&—¢æ–@£S3ƒƒ¶G"âFWv’ævW7GRÂÒäÒã³“CsSs¶&v—–ævw&–æ”BçvV"æ–@£S3ƒ“¶G&râ†'Fò6–Öæ§VçF²Â2åC³#ƒ#¶öçW&–æ”–†öòæ6öĞ£S3“´¶&æF†×&–âÂ2å6÷3³scC¶vF–æv†7GWF”–†öòæ6öĞ£S3“´ÖVÆ–æF6—F÷'W3³ƒ¶æ¦ÖÆW7F&”†÷FÖ–Âæ6öĞ£S3“#´ÖÆ–²æ¦×VF–ã³ƒs#·†æ÷f—F6&”†÷FÖ–Âæ6öĞ£S3“3´–æ&¦6³“SCcS·v6¶—FVBæVGP£S3“CµWF’†æ’6—&Vv#³3c#ƒ“¶¦ÖÃc–†öòæ6öĞ£S3“S¶G&râ&†—R&†ÖvF’ÂÒä¶öÒã³s#c““·–çVw&ö†ô†÷FÖ–Âæ6öĞ£S3“c´VÖ2v6¶—F³cƒs¶6gV¦–F”7bæFW6æ–@£S3“sµ&FææG&–æ“³##“c·Væ¦æ“#T7bææWBæ–@£S3“ƒµWF’—VÆ–æ†¶–Ó³CcƒSƒ·'v–æ'6–„Bævòæ–@£S3““´6&Æ&Fæ³#C3S¶wv6—F7bæ2æ–@£SC´¶¦VâÖ'Væs³3ƒƒƒ·&–öv–Öä†÷FÖ–Âæ6öĞ£SC´Ö'–çFò6VgVÆÆ‚Â2ä’ä¶öÓ³“33“¶vF÷CDW'VÒæ÷"æ–@£SC#µf—&Öâ§VÆ–¶³“c“ss·&F—G–ct–†öòæ6öĞ£SC3¶G"â–¶æG&–æ’Â2ä¶VC³CƒCC¶Föæv÷&æv†Æ—–F”7bæ÷&p£SCC´v–ÆF7V'F–æ“³3ƒC¶F'VæCDBæVGP£SCS´×WF–&†—S³Sƒƒc¶G&–ç7–‡&F”vÖ–Âæ6öĞ£SCc´væWÖç7W"Â2ä‚ã³“Sc·FÖ“T7bæ&—¢æ–@£SCs´¦ö¶òæ—GWVÇS³SsCcS¶·W7VÖöf—G&–VBææWBæ–@£SCƒ´¦Vær&¦6³3CSC¶§&FÖBæFW6æ–@£SC“¶G"â6‡–'VF—–çFòÂ2å6÷3³ƒ“¶¶&æ–†öòæ6öĞ£SCµ6WF’W––æ‚Â2ä’ä¶öÓ³““·–ö·Ff–æ”vÖ–Âæ6öĞ£SC´G'2âæFÆ–&7GWF“³SS#c“¶¦VÆ—F–öÆæFBæ&—¢æ–@£SC#´†æ7W6çF’ÂÒäf&Ó³ƒ3“¶fgV¦–F”†÷FÖ–Âæ6öĞ£SC3´¦–æG&&FÖ³3S#sc·§6–Öæ§VçF´7bæ÷"æ–@£SCC¶G"â&vöæòv–&—6öæó³#CSƒ¶–æW76&”–†öòæ6öĞ£SCS´—"â¦Ö—&6–†öÖ&–æs³c##“·6—GVÖ÷&ævvÆ$vÖ–Âæ6öĞ£SCcµBâF&–¦â&F–çFòÂ2ä’ä¶öÓ³sCC#¶¦æWF·W7v÷–ô–†öòæ6öĞ£SCs´6wV²×W7Föf³ƒƒ“ƒ¶Ç6VgVÆÆ„vÖ–Âæ6öĞ£SCƒ´6·&¦—–&&÷vó³CƒS¶F†Æ–Ô–†öòæ6öĞ£SC“´¶V—6†v–FöFó³3s33c¶g6f—G&”–†öòæ6öĞ£SC#´ÇWFfâ6—&—C³CƒCC¶V¶$–†öòæ6öĞ£SC#µFÖ’&6WG–ó³CSS¶÷6WG&Bæ÷"æ–@£SC##´†¢âfç–æG&–æ“³sc“s#¶'VF–Öç¦VÆFvÖ–Âæ6öĞ£SC#3µFçG&’v–&—6öæó³sCCCS·6WG–ÖVÆævÖ–Âæ6öĞ£SC#C´vFf—&Öç7–ƒ³CS3c¶×6Æ‡VF–äBæ÷"æ–@£SC#S´F&Öæv–FöFó³“CCƒ¶×VÇ–çFó“DvÖ–Âæ6öĞ£SC#cµWF’F–æW'vçF“³Sƒ3cs·f—f““”7bæv÷`£SC#s´fV&’Ö'–F’ÂÒä¶öÒã³“CSc¶FÖ&‡WFVW'VÒæFW6æ–@£SC#ƒ´VÆ’6—&—C³3Scs¶6†7GWF”BæÖ–À£SC#“´Æ–G–6Ö÷6—#³3CCC¶æ§vCD7bæFW6æ–@£SC3¶G"â&Æ–¦â&¦F³cƒ¶—7v‡—VF–æ§vBæ6öĞ£SC3´VÆ—6§VÆ¶&æ–âÂ2ä¶öÓ³s“¶VÖ'VƒT7bæ÷&p£SC3#´G'2âÆÖ&æ6–æv³SCƒsc¶ÖæF6&–¦'v”Bæ&—¢æ–@£SC33´6V×ÇVæ²ÖçVÆÆæs³#s3S·&F—F6·&væw6–†öòæ6öĞ£SC3C´G'2âWf7Wv&æòÂ2å6“³Cƒ#C#·‡vÇW–ôBæ–ç@£SC3S´vÇV‚çW&F—–çF“³“3ƒ·6–†öÖ&–æv¦VÆ—F†÷FÖ–Âæ6öĞ£SC3cµ"â¶æ’&¦6³c#S“¶&·F–F“C„vÖ–Âæ6öĞ£SC3sµ"â6·W&FÖ&ÂÒåC³cS33·6Ö–‡–öÆæFVBç66‚æ–@£SC3ƒ´†Ö–Öv–&÷vó³3“C““¶G&–ç7–„vÖ–Âæ6öĞ£SC3“µ¦Væ"6Æ‡VF–ã³CCc3#¶Ö'Væwf–ç6Vä†÷FÖ–Âæ6öĞ£SCC´F&Öâ6–æv³#sSc·¦VÆ–·W7væF&”BæVGP£SCC´6‡–çFòW6F³ss¶¶6—&ææ7––F„VBæ–ç@£SCC#¶G&râ—'vâ&†–Ö‚Â2åC³ƒƒCSC¶§FÖ&W'VÒæ&—¢æ–@£SCC3´¦Ö–ÂÖ&F†—–ƒ³ƒ##C¶ÆGWöæö¦Vg&”Bæ2æ–@£SCCC´ÖÆ&¶6Â2äRã³ƒs#3¶ÇWv#s$†÷FÖ–Âæ6öĞ£SCCSµ&†&¦W&ævF“³SCC3ƒ¶F&–†÷&äBç66‚æ–@£SCCc´æ6–Ò&†–Ö‚Â2åC³“#3ƒ3·&6WG–ö†'FôvÖ–Âæ6öĞ£SCCsµ6&’Öç7W#³ƒƒƒSs¶Ö'6—Fód†÷FÖ–Âæ6öĞ£SCCƒ¶G"â–6†¦çV"ÂÒäÒã³SSSS¶&¶–F–ãCtvÖ–Âæ6öĞ£SCC“µWF’Æ–G–†–F–çFó³C3ƒƒ¶vÖæö·Ff–æ”W'VÒçvV"æ–@£SCS´ÖÆ–wVÆæF&’Â2ä¶öÓ³ƒscƒ3·v&F—WFÖ”–†öòæ6öĞ£SCSµVÆ’ÖçVÆÆærÂ2åBã³C3ƒ#s¶×W'F—v”vÖ–Âæ6öĞ£SCS#´¶Ö–Æv–¦–³Ss##¶6‡–çFó#$†÷FÖ–Âæ6öĞ£SCS3´væF’v6—F³#c3¶ÖæFÆ¦W76–6W'VÒæ6òæ–@£SCSCµWF’f—¦‚F&–†÷&ã³3ƒ“SC¶Ö†×VF·W7væF&”–†öòæ6öĞ£SCSS´æ&F’æ¦×VF–ã³Sƒc#¶W&÷&ÖæwVç6öæt7bæ6òæ–@£SCScµ"âÖÆ–²v6—F³c“cs#·6&#“VBæÖ–À£SCSs¶G&râ–Föæv÷&ã³3sc¶ÇW&‡W'6VgVÆÆ„vÖ–Âæ6öĞ£SCSƒ´ÆVvW&ævF“³#c·FVfãS4W'VÒæ–@£SCS“´öÆ—f&67F³CC“#C¶F–æFv–¦–vÖ–Âæ6öĞ£SCc´¶'–çW&–æ’ÂÒåC³3C#·W6FÇV—4Bç66‚æ–@£SCc´6ÖF’'VF—–çFó³CS#cS·G6—&—DBç66‚æ–@£SCc#¶G"â¶Ö–Æ†–F–çFòÂ2ä¶VC³Sƒ““s¶¦VÖç6—GVÖ÷&ætW'VÒæÖ–Âæ–@£SCc3¶G&râ¶Æ–ÒÖç7W#³S#3“s¶÷6¶#C$†÷FÖ–Âæ6öĞ£SCcC´Æ–Öâ&7GWF“³#C3#3¶&Æ–¦ç&6WG–ô–†öòæ6öĞ£SCcS´fV&’æ&&âÂ2ä•³33C“ƒ·76Æ‡VF–äVBævòæ–@£SCcc´7WB6F–æv6æÂ2å6“³ƒCs·WFÖC$7bæ2æ–@£SCcsµ&ÖâF&–†÷&ã³“ccc¶ÖVvçF&¦–öæô7bæ÷&p£SCcƒ´—6Ö–ÂÖæF6&“³cccs·§F×V&öÆöäW'VÒç66‚æ–@£SCc“µW7·W7væF&“³3#cs·v–&÷vö†6äBæ6öĞ£SCs¶G"â¶&–ÖâgV¦–F“³33#¶¶'6CBæ–ç@£SCsµ"â§VÆ–¶†Ö–6&’Â2äRä“³“cSc3·§W76&”Bæ–ç@£SCs#´–â†'–çFó³3Cƒ·WF†×&–äBçöçW2æ–@£SCs3µ&Fæ7W'–FÖ’Â2ä‚ã³#ƒ#S¶¶'F–¶Æ·6—F–†öòæ6öĞ£SCsCµBâ6‡–öæòæ7––‚Â2äRã³CS¶wW7F–æ&vöæôVBæ6öĞ£SCsS´Fæ—7v&6–†öÖ&–ærÂ2ä¶VC³3ƒ#3·6‡WFV†÷FÖ–Âæ6öĞ£SCsc´6V×ÇVæ²·W7væF&“³Sc·&†ÖFÖVÆæ–†öòæ6öĞ£SCssµ6—F’6—&—C³Cs333¶¶6—–ƒt†÷FÖ–Âæ6öĞ£SCsƒ´G"âvÖçFò6&v–ƒ³“#“3·W&¶6ƒ„VBæ÷"æ–@£SCs“´G'2â†&Fæ†Æ–Ö‚Â2åC³“Ss¶VÆÖCD†÷FÖ–Âæ6öĞ£SCƒ´æF–æR&–öv³SC“CS·&F—F†Ö–ÖBçvV"æ–@£SCƒ´ÇWFfâ†æF–æ“³###S¶Æ–G–#W'VÒæÖ–Âæ–@£SCƒ#´—"â&¶–¦âçW&F—–çF’ÂÒä¶öÒã³SS·6VgVÆÆ†FöFôW'VÒçöçW2æ–@£SCƒ3´¶F—"†'–çFó³CS¶¶&Öæ†–F–DBæÖ–À£SCƒC´¦Vær†Æ–Ó³3csc¶†æF–æ–ÆVvvVBæ&—¢æ–@£SCƒSµfVvçW&–æ“³c“sc¶ÖVÆ–#”W'VÒævòæ–@£SCƒc´F&–¦âW––æƒ³#ƒS3“¶F—G–#$†÷FÖ–Âæ6öĞ£SCƒs´F'R7W6çF“³““c3¶¦ö¶óCd7bçöçW2æ–@£SCƒƒµ"äÒâÆævvVær7W'–öæòÂ2ä¶VC³s#¶f&‡Vææ—6“–†öòæ6öĞ£SCƒ“µf–öÆWB·W7v÷–ó³sCCsS¶¦¶s$7bæ–ç@£SC“´†&–×W'F’v–&—6öæó³#S##·gWG&BææWBæ–@£SC“´¦ÖÆ–ævW7GS³3#3“·6–†÷Fæv&wW4W'VÒæ–@£SC“#´—"â6'V"ÆGWöæòÂ2åC³“cS“¶Ö'vFƒ”vÖ–Âæ6öĞ£SC“3´G"â6æG&6—F÷'W2Â2äRä“³ƒc#ƒs·FVf–¶Æ§V&F”†÷FÖ–Âæ6öĞ£SC“C´&æv†¶–Ó³S“c·æ¦×VF–ä†÷FÖ–Âæ6öĞ£SC“S´¶F—"v–FöFòÂÒåC³#3“sC·v'FƒBæFW6æ–@£SC“c´¶&Öâ6–Ö&öÆöâÂ2ä’ä¶öÓ³#3ƒ¶FFFöæv÷&ä–†öòæ6öĞ£SC“s´7WBvvF’&†—S³sC#s·VævwVÆ†6æ„–†öòæ6öĞ£SC“ƒµVÖ’7W'–öæòÂ2äw£³c#3ƒc·v—7v‡—VF”vÖ–Âæ6öĞ£SC““µV¦’Æ§V&F’Â2å6÷3³C#“cs·&6WG–óst–†öòæ6öĞ£SSµ6Ç6&–Æ&6WG–³C#3#¶6†æG&tBæ–@£SSµfW&æG6—"Â2ä‚ã³3ƒc¶vvF“3DVBæ2æ–@£SS#´ÆævvVærW76&“³SCƒ“¶×W7Föf¦çV$vÖ–Âæ6öĞ£SS3µF&’Ö&F†—–ƒ³ƒc·WGVçW&F—–çF”vÖ–Âæ6öĞ£SSCµfç–×W7Föf³S3S#¶·W7VÖö6¶WDBæ&—¢æ–@£SSSµ¦Æ–æG&ÖçVÆÆæs³CCCs“¶¦–Væs3vÖ–Âæ6öĞ£SScµ&æFFÖ6&“³CcC#·&¦6&æ&–†öòæ6öĞ£SSs´ÆææræG&–æ’ÂÒåD’ã³“s3S¶F–¶&æ÷vô†÷FÖ–Âæ6öĞ£SSƒ´öÖ"wVævã³ƒCƒ¶ÖçVÆÆæv&VÆÆW'VÒçöçW2æ–@£SS“µ&&×W7FöfÂÒäÒã³ƒ##3¶gv–æ'6–„VBævòæ–@£SSµv–æF6—&Vv#³#“Cƒ#¶¦çV&&v4–†öòæ6öĞ£SSµWWBW76&“³“S#·&ÖæÖ&'VävÖ–Âæ6öĞ£SS#µWG&’†&F–ç7–‚Â2åC³ƒ3¶6Æ–Æ6&”VBæ×’æ–@£SS3´ÖÖâ—Væ–#³ƒc##“·W6Ö†—'6D–†öòæ6öĞ£SSC´væw6"v–¦–³3““¶¦væ—GWVÇT–†öòæ6öĞ£SSS´†F’7VF–F“³C#sS·&W¦“d–†öòæ6öĞ£SSc´&§&v–âv–F–7GWF“³S3“s·f–6·“cDW'VÒæv÷`£SSsµ§VÆf7W'–FÖ“³CCƒs¶Ö“sDBæ÷"æ–@£SSƒ´–fæ'F’ÂÒä³³cCSC¶–'&æ—W&ÖFVBæÖ–Âæ–@£SS“µBâGv’v6¶—FÂ2äRä“³“ƒCS¶&æ&Öç7W$7bæ6òæ–@£SS#¶G"âfç–‡WF6ö—BÂÒä¶öÒã³cƒS##·‡6–†÷FætBæ2æ–@£SS#µ&æF&&÷vòÂ2åC³c3ƒc¶¶&F–çFô†÷FÖ–Âæ6öĞ£SS##µ¦‡&&67F³ƒƒCsƒ¶æöÖçVw&ö†ô–†öòæ6öĞ£SS#3µVÇ–wVæ'Fó³cssc·FVfã34–†öòæ6öĞ£SS#CµvvâæG6—#³ƒC“s·f–Öç6&v–„7bæÖ–À£SS#SµFv²â¦Æ–æG&†&–&’ÂÒä³³CCC“ƒ¶–6†c”VBæ–@£SS#c´öÖâæ÷f—F6&“³###·fVv7VF–F”–†öòæ6öĞ£SS#s´FÖ¦6WF–vã³sS“s¶†—&vävÖ–Âæ6öĞ£SS#ƒ´¦Værv–F–7GWF“³S3sƒc¶vÇVƒcD–†öòæ6öĞ£SS#“´FvVÂv6æ³#·f†6æ„†÷FÖ–Âæ6öĞ£SS3´V¶6Ö÷6—#³SC3·&†–Ö†&ÆÖçG&”–†öòæ6öĞ£SS3´VÆÆ7VF–F“³csCs3·w6–†÷Fæt7bææW@£SS3#´¶'6v–&—6öæó³#3SCC¶'VF–Öä–†öòæ6öĞ£SS33µFv²â6‡–F’æ&&âÂ2ä•³C#“s¶'–æ–öÖäBç66‚æ–@£SS3Cµ"äÒâæ¦’Æ§V&F“³Sc#c¶vÆ–öæöÖ†VæG&W'VÒçvV"æ–@£SS3Sµ"äÒâvæ¦&â7Wv&æòÂÒäf&Ó³c3“¶FÆ–Öã”VBçöçW2æ–@£SS3cµ"äÒâ†'F¶†–F–C³ccSc·v¶–Öã$VBæv÷`£SS3s´vGV‚Ö†W7v&³“cƒ“¶¶‡WFvÇVætvÖ–Âæ6öĞ£SS3ƒµ7WFâVÖ’ÖæFÆÂÒäf&Ó³#Cƒ¶¶7Væs3tBæ6öĞ£SS3“´§VÆ’6–†÷Fæs³cƒSS¶&¶–çF÷ævW7GTBæ–@£SSC´F–æFævw&–æ’ÂÒä³³CCc3·W&ÖF–†&¦BæÖ–Âæ–@£SSCµ6Æ–Ö‚6Ö÷6—#³““s¶†6ã„–†öòæ6öĞ£SSC#´‚âVæG&&FÖ³ccc“¶VÇVƒƒBæ&—¢æ–@£SSC3´fV&’ÆW7F&“³##Scc¶FWW&ÖFVBæÖ–Âæ–@£SSCC´æFÆ–6Ö÷6—#³ccS¶6V×ÇVæ¶†'FF”VBææWBæ–@£SSCS¶G"â&&v†'–çFòÂÒä¶öÒã³SSƒc¶—&Öv6—FBæ×’æ–@£SSCcµFÖ’F†×&–ã³sssCƒ·&†ÖçFÖ&vÖ–Âæ6öĞ£SSCs´ÆVòÖ†VæG&³“3¶Ö¶&†&—–„–†öòæ6öĞ£SSCƒµFv²âW&÷&7VF–F“³““S·§VÆ–¶†ƒD†÷FÖ–Âæ6öĞ£SSC“µ"â¶æ’v6¶—F³c#S“¶ÖæwVç6öæt†÷FÖ–Âæ6öĞ£SSS´G"âW&¶6'VF–ÖâÂ2ä•³cc¶Ö'Fæ–Ö'–F”BçvV"æ–@£SSSµFv²âFÖ’WFÖ’ÂÒåD’ã³S“c“·6–Öæ§VçF¶†–ÖväW'VÒæv÷`£SSS#´G'2â–¶–â§VÆ¶&æ–âÂ2å6“³csSSc¶¦ö¶ó#tBævòæ–@£SSS3´væw6"†–F–BÂÒåD’ã³cS3ss·v‡—Væ–6–æG”†÷FÖ–Âæ6öĞ£SSSC´ÖVÆ–v–FöFó³¶ææÖv7bææW@£SSSS´6&ÆFÖ6&“³c“#c¶6—'vF$vÖ–Âæ6öĞ£SSSc´ÖÆ–7W'–öæó³“C“#s¶‡6Æ‡VF–äVBçöçW2æ–@£SSSs´7WB–æ6R7W'–FÖ’Â2äf&Ó³s##3·6—GVÖ÷&ævÆçF$vÖ–Âæ6öĞ£SSSƒµv—&FÆ–Æ6&“³c#“C·&†ÖvF–×W7F–¶vÖ–Âæ6öĞ£SSS“´ç–öÖâ‡WFvÇVæs³“sc#¶–æ¦×VF–ä7bç66‚æ–@£SScµ–öæò¦–Ææ“³“sc#¶÷v6¶—FBæ–ç@£SSc´¦–ÖB—VÆ–çF“³S3“C·G&†–Ö„7bæ×’æ–@£SSc#´†&¦–öÆæF³sc#¶ç&¦FBçvV"æ–@£SSc3´F&ÖçFò†¶–Ó³CCC“·vwVævä7bæv÷`£SScCµWG&’ö·Ff–æ“³3ƒ“ƒ3¶W&÷&ƒd7bçvV"æ–@£SScS´GBâ·VçF†&†–F–BÂ2ä’ä¶öÓ³#ƒS·6&v–†væ¦&ävÖ–Âæ6öĞ£SSccµVÖ’ævw&–æ“³“#C““¶ÆÖ&æ&†–Ö„Bæ÷"æ–@£SScs¶G"âv–ÆF6—&—C³““ƒSc·f–Öç6VgVÆÆ„–†öòæ6öĞ£SScƒ´´‚â†W'–çFò·W6ÖvF’ÂÒä³³“SƒC·gW7—FBçvV"æ–@£SSc“µ7V6’WFÖÂÒä¶öÒã³“Sƒ·fVv—VÆ–çF”BæVGP£SSs´VÖ–Âö·Ff–æ“³S““cƒ·7W6çF—&FæVBçvV"æ–@£SSs´¦–F’·W7VÖó³ƒsc#“¶6V6W†'–çF”–†öòæ6öĞ£SSs#´&¶–F’¦–Ææ“³ƒƒcƒc¶væW3#t–†öòæ6öĞ£SSs3´FÆ–ÖwVÆæF&“³#c3¶Ç6Ö÷6—$–†öòæ6öĞ£SSsCµWF’F–æFVF¦–7GWF“³ssS33¶6GW&ævvs„vÖ–Âæ6öĞ£SSsS´Æ6ÖöæòçW&–æ“³ƒ3ssƒ·6Ö–ƒCt†÷FÖ–Âæ6öĞ£SSsc´V×ÇV²W7—F³#“#·–‡–ÖVÆæVBæ–ç@£SSss´—&&¦F³SsCC¶×V†ÖÖCC”–†öòæ6öĞ£SSsƒµ"äÒâ6wV²&—–çF’Â2ä¶öÓ³c“cC·‡&†–Ö„–†öòæ6öĞ£SSs“´&Æ—VÆ–çF“³Ss3s3·F&–·W7v÷–ôBæv÷`£SSƒµ"äÒâ6&¦6ÂÒäf&Ó³C“c“C¶÷6WF–vä†÷FÖ–Âæ6öĞ£SSƒµWWB—VÆ–çF’ÂÒäÒã³S“#s·v'6—FÆW7F&”Bæ–ç@£SSƒ#¶G"âÆ–Æv–æ&æó³s3#ƒ·&¦66—G&Bæ–@£SSƒ3´†g6†‚v6—F³ƒ·–æ““4†÷FÖ–Âæ6öĞ£SSƒCµv—&FÆ·6Ö—vF“³“s¶ÖÆ–wW7F–æW'VÒæ2æ–@£SSƒS´F–&¦Öç7W"Â2ä¶öÓ³CSCCC¶vF÷F·W7væF&”7bææW@£SSƒcµ&–Ö&Fæ³“ƒ#¶‡VÖ—&ÖçVÆÆætBçvV"æ–@£SSƒs´§VÆ–&6WG–ó³cƒ3ƒS¶6v—6F““tBæÖ–À£SSƒƒµ6—F’Ö†W7v&³3Cƒ3·v¦–Ææ”–†öòæ6öĞ£SSƒ“´¶–Æv–F–7GWF’ÂÒåD’ã³“c3·VÖ–f—&Öç7–„vÖ–Âæ6öĞ£SS“´F–&¦&FÖ³S“C¶V×ÇV³S–†öòæ6öĞ£SS“´F–âW––æƒ³C#3S¶§&†—TW'VÒævòæ–@£SS“#´¶VÖÂ6VgVÆÆƒ³“C·VævwVÃs”vÖ–Âæ6öĞ£SS“3´v&âÖVvçF&³ƒcCSƒ¶†&¦÷FÖ6&”7bæÖ–À£SS“C´†¢â¶æ’†7GWF’Â2äf&Ó³S33ƒ#¶¶Ö–ÆFÖ&–†öòæ6öĞ£SS“S´G'2â6÷&æVÆ–·W7v÷–ó³CC3s·W––æ†æ÷f†÷FÖ–Âæ6öĞ£SS“c´†'FæÆ·6—F³#sSƒƒ¶væG&–æ”–†öòæ6öĞ£SS“s´G"â¦W76–6&67F³“C#c¶vF–æss„Bævòæ–@£SS“ƒ¶G&râ–ÖâWFÖ’ÂÒåC³ƒSSSƒ¶&VÆ–æFs„7bææWBæ–@£SS““´öÖ"&67F³C#“#“¶G&–ç7–‡'W6ÖävÖ–Âæ6öĞ£ScµWF’ÖÆ7Wv&æòÂ2å6÷3³s“ƒ¶‡WFVVÇ–Bæ–@£Scµv'6—F&¦F³“Cs#·vÖçVÆÆæt†÷FÖ–Âæ6öĞ£Sc#µ7WFâFÆ–öæò†Æ–Ó³“#ƒ“·&†ÖvF—&–¶–†öòæ6öĞ£Sc3´æ÷f’&æ÷vó³“#C¶—'vãdvÖ–Âæ6öĞ£ScC´—"â&¶FÆ7G&’ÂÒåD’ã³3#Sƒ¶v–ÖæÖ†W7v&VBæ÷&p£ScS´¶Ö&–çW&–æ“³ƒ3cCC¶ö·Ff–æ–vÆ$BæFW6æ–@£Scc´F'6—&‚6Föæó³#3S¶6Öã3W'VÒæ6öĞ£ScsµBâæÆ"6–Öæ§VçF³³ccƒS¶vÖç6çF÷6ôBæ÷"æ–@£Scƒ´6†VÇ6VæÖvÂ2ä’ä¶öÓ³ƒ3·v6¶—Ff–Öä–†öòæ6öĞ£Sc“´¶&–Öâæ7––Fƒ³ƒCƒ·v'6—FÖ–6&”†÷FÖ–Âæ6öĞ£Sc´¶ÖÂ·W6ÖvF’Â2ä¶VC³S#s#ƒ·6·F“tvÖ–Âæ6öĞ£Sc´†¢âÆ–Æ’ÖVÆæÂ2å6÷3³##s“¶f—¦†Ö'–F”Bæ6òæ–@£Sc#´¦æR&—–çF“³Sƒƒ¶Ö¦çV$†÷FÖ–Âæ6öĞ£Sc3µ&&÷vò6—&Vv#³##S#¶F6v‡—Væ”†÷FÖ–Âæ6öĞ£ScCµ6f–æçW&–æ“³ƒ##3·6Ö'VætVBæ–ç@£ScS´ç–öÖâÖ'–F“³“ƒ#3c¶¦Æ·6—F†÷FÖ–Âæ6öĞ£Scc´GBâvFærv–&—6öæó³3“#C·6—&—D†÷FÖ–Âæ6öĞ£Scsµ&†ÖBæ7––Fƒ³sƒ3ƒc·¦†¶–ÔW'VÒæ÷&p£Scƒ¶G"â¦–F’v–F–7GWF“³ƒ33s·v·W7v÷–ô–†öòæ6öĞ£Sc“µFv²âV¦’§VÆ–¶³#c“C¶fæ—GWVÇT7bæ×’æ–@£Sc#µ&F–¶ÖæF6&’ÂÒä¶öÒã³“c#3s¶¦vW6F†÷FÖ–Âæ6öĞ£Sc#µ6×7VÂ†76æƒ³“S“¶&¶–F—v6¶—FBævòæ–@£Sc##´G"âG&–6–&¦6Â2å6÷3³ƒƒ3S·FÖ'VætVBæ×’æ–@£Sc#3´6Æ–¦âÖVÆæ“³3ƒ““¶×6f—G&”BææWBæ–@£Sc#C´ÇV¶ÖâwW7F–æ³sc#¶†6–ÖF'V¶¶T†÷FÖ–Âæ6öĞ£Sc#S¶G&râöÆ—f––öÆæFÂÒåC³ƒssc¶‡§VÆ¶&æ–äVBæ6òæ–@£Sc#c´–æF‚Ö'Væs³###3¶–¶‡6ç7Wv&æôvÖ–Âæ6öĞ£Sc#sµ–‡–&¦F³ƒ#“c¶×V†ÖÖFwVævä†÷FÖ–Âæ6öĞ£Sc#ƒ´¶æ–W76&“³33Cc¶VÆöãC„–†öòæ6öĞ£Sc#“´Æ–Æv–æ'6–ƒ³“3c3·f—&Öæ·W&æ–vävÖ–Âæ6öĞ£Sc3µ"äÒâÆ–Ö"Æ7G&“³#“sC¶6vW#3$W'VÒæ÷"æ–@£Sc3´—"â&–æ’†–F–C³sƒƒƒ·&F—v–Ö†×VDvÖ–Âæ6öĞ£Sc3#´æ¦–"ÖæFÆ³“ƒ·—7Wv&æôBææWBæ–@£Sc33´VÖ–ÂÖæFÆ³3ƒS3ƒ·—VÆ–æƒ$Bç66‚æ–@£Sc3C´†–Övâ6—GVÖ÷&æs³3ƒƒ¶'F†×&–äW'VÒæFW6æ–@£Sc3S´ÇV¶—F†&F–ç7–ƒ³“3Sc“¶†&–×W'F“CBæFW6æ–@£Sc3c´6–æG’6WF–vã³Cƒ#S·v‡—Væ–f—G&–†÷FÖ–Âæ6öĞ£Sc3s´&VÆÆF'V¶¶S³“#ƒ·6—F–†&F–ç7–„–†öòæ6öĞ£Sc3ƒ¶G&râ7–‡&–æ’6Ö÷6—#³3#s¶6·&¦—–W&ævF”†÷FÖ–Âæ6öĞ£Sc3“¶G"âÇWv"6–Öæ§VçF³³Cc3ƒ¶†–F–çFö6·&vÆVBæÖ–À£ScCµW7VF¦–7GWF“³ƒ3C3#¶&‡W&·67W6çF”Bæ÷&p£ScCµFöÖ’ÖVvçF&ÂÒäf&Ó³Ccc·6öÆV‡WG&†÷FÖ–Âæ6öĞ£ScC#´&w–—7v‡—VF“³“#3·VÇfFöæv÷&äW'VÒæv÷`£ScC3µ§VÆfævw&–æ“³#ƒcS¶6†VÇ6V$–†öòæ6öĞ£ScCC´vçF"ævw&–vã³ƒ3s“¶&¶–öæöævw&–väBæ&—¢æ–@£ScCS¶G"â&æ6"VF¦–7GWF’ÂÒä¶öÒã³sC3¶†&“Sd–†öòæ6öĞ£ScCc´GBâF–¶&†¶–ÒÂÒåC³Sss#¶×W'6—Fs$vÖ–Âæ6öĞ£ScCs´ÆçF"6çF÷6ó³sSƒCC·††6æ„W'VÒæVGP£ScCƒµFv²â¦æR†'–çF“³ƒ#ss·Æ·6Ö—vF”†÷FÖ–Âæ6öĞ£ScC“´¶6—–‚Wv—3³ƒSsc·7VF–F—&÷6ÖäVBæ÷"æ–@£ScSµF—&W––æƒ³ƒCS“¶çW'VÆ†6æ„Bæ6òæ–@£ScS´—"âfF†öæ‚FÖ6&“³3ƒsS3¶Æ·6—F6×Væ”VBææWBæ–@£ScS#´v–æ‡WFV³“#¶†76æ‡&–ÖVBæÖ–À£ScS3µ6–F—×W7Föf³ƒƒƒ¶¦–ÆFÖæ–´†÷FÖ–Âæ6öĞ£ScSCµWF’6F–æ†&–&“³S3ƒ“·f–6·–æ7––F„–†öòæ6öĞ£ScSS´F–ægV¦–F’Â2äw£³3ƒCCƒ¶¶6—&ã3$–†öòæ6öĞ£ScSc¶G"âVævwVÂvÇW–òÂ2ä¶VC³“Cs“ƒ·FçG&–ö·Ff–æ”vÖ–Âæ6öĞ£ScSsµ6&‚6çF÷6ó³C#ƒ¶G6—&Vv$VBç66‚æ–@£ScSƒ´Ö–Æv‡—VF–ã³3c3“¶ç&†—T†÷FÖ–Âæ6öĞ£ScS“µFÖv6¶—FÂÒä³³SƒƒC·&F—v—6×7VÄW'VÒæ6òæ–@£Scc´VÖâÆ–Æ6&“³S¶¶'F–¶&7GWF”vÖ–Âæ6öĞ£Sccµ"â&W7GRÆ§V&F“³3“#S“¶†&¦–6–Öæ§VçF´vÖ–Âæ6öĞ£Scc#¶G"â–æ6Rv–æ'6–ƒ³cc¶†×¦††'FF”W'VÒævòæ–@£Scc3´†–ÖvâæG&–æ“³“C“c¶æ÷f—F6&—†ææ–†öòæ6öĞ£SccCµ"äÒâ—'vâæ7––F‚ÂÒäf&Ó³Cs3S3¶—&fæFÖæ–´†÷FÖ–Âæ6öĞ£SccS´vGV‚WFÖ“³sCƒ“·&†ÖC“dvÖ–Âæ6öĞ£Sccc¶G&râFÖæ–ævvöÆã³33ƒ3·W&ÖF—VÖ”†÷FÖ–Âæ6öĞ£Sccs´¶ÖÂF×V&öÆöã³S3CS¶&ÆævvSW'VÒææW@£Sccƒ´Ö&–'–æ“³cCƒ“S¶&Æævv3”†÷FÖ–Âæ6öĞ£Scc“µFöÖ’†'FF“³“#ƒS¶ÖVÆ–STVBæ×’æ–@£Scs´6v—6F’ÖVÆæ³“3c¶¶Ö–F–æ—&väBæ2æ–@£Scs´Æ–Ö"†'FF“³Cc##S¶¶'6æævw&–æ”vÖ–Âæ6öĞ£Scs#´¶&Vâv–FöFó³““S·&Öã–†öòæ6öĞ£Scs3µ6Æ–Ö‚v6æ³ssƒƒc·v7GWF–÷6¶$VBæ×’æ–@£ScsCµFv²â6–6’'–æ“³ccssS¶ÇVÇVƒS”†÷FÖ–Âæ6öĞ£ScsS´7WBF–æ§VÆ¶&æ–âÂ2äw£³““S#·fæ–ævvöÆä–†öòæ6öĞ£Scsc´—"âVF6—&Vv"Â2å6“³ƒS“¶F–&¦“„7bæv÷`£Scss´FRÆ–Æ6&“³Cƒ“sC¶æÖ'–F”BææWBæ–@£Scsƒ´†¢âÖÆÆ·6—FÂ2ä¶VC³ScƒSC·&†ÖvF–6¶WDvÖ–Âæ6öĞ£Scs“´×WF–7VF–F“³C“sss¶GWFÖ”7bæFW6æ–@£ScƒµFv²âvFærwVÆæF&’ÂÒåC³#3ƒ·f—&Öææ6†—'VFF–äVBæv÷`£Scƒ´GBâ×W'6—Fv–¦–çF’Â2ä•³“““#·æ¦×VF–äW'VÒæ6òæ–@£Scƒ#´†W7F’v–æ'6–ƒ³s“C3s¶F–æ'VF—–çFôvÖ–Âæ6öĞ£Scƒ3µFv²âf–æòö·Ff–æ’ÂÒä¶öÒã³c#3c¶æG6—&ÖÖä7bæv÷`£ScƒC´G'2â&ÆF’·W7VÖó³C3Cs¶Ö–ÆW'vçF”†÷FÖ–Âæ6öĞ£ScƒS´¶7Værv–¦–³“cs3c¶vÆ·&¦6†÷FÖ–Âæ6öĞ£Scƒcµ"â–¶wVævâÂÒåC³3ccc¶6v—6öæ÷WFÖ”7bçvV"æ–@£Scƒs´6v²VF¦–7GWF“³“s##·–÷6Vc#t7bæ&—¢æ–@£ScƒƒµFv²âfç–×W7Föf³ƒSS¶§&¦67bæ6òæ–@£Scƒ“´—6Ö–Â&¦FÂÒåC³Ss“·¦Væ&¦–Ææ”Bæ–ç@£Sc“µV6†—FçW&F—–çF“³cƒss¶¦çV&¦öæôvÖ–Âæ6öĞ£Sc“µ"â¶6–ÒçW&–æ’Â2å6÷3³“SƒcS¶†–F–çFö–'VäW'VÒæ×’æ–@£Sc“#´—"â6—'væF6–†öÖ&–æs³““s¶×VÇ–öæó“”Bæ–ç@£Sc“3´'Fvâ·W6ÖvF’Â2äRä“³3##ƒ¶Æ–çFæw—VÆ–çF”W'VÒææWBæ–@£Sc“C´†W'–çFòFÖ6&’Â2ä•³3ƒƒCc·v†¶–ÔVBæ–@£Sc“Sµ–æ6RG&–ç7–ƒ³#CS¶¶Væ&“3tVBæ÷"æ–@£Sc“c´G"â¦VÆ—FFÖ6&’ÂÒåD’ã³“cs·v‡—VwVæväBçvV"æ–@£Sc“sµ§VÆ–¶††'FF’Â2äf&Ó³ƒss“·&6WG–ó”†÷FÖ–Âæ6öĞ£Sc“ƒµ&–—Fæ6—F÷'W3³s33·æGWW'vçF”Bæ×’æ–@£Sc““µ"â&WFæ–v–&—6öæòÂ2äf&Ó³“cs¶·W&æ–væFTVBævòæ–@£SsµWF’fæW6Æ§V&F’Â2åC³3ƒ“ƒ·W7—F6‡–ô7bç66‚æ–@£Ssµ—Væ—FÆGWöæó³#csC“·&¶6FTVBçvV"æ–@£Ss#µ&ævæ'F’Â2äRä“³C#ccc¶Æ†'FF”vÖ–Âæ6öĞ£Ss3µW7†&–&“³C3¶ÆÖ—&&Fæ†÷FÖ–Âæ6öĞ£SsC´†¢âVÆÆ—2&¦FÂ2äRã³3sc¶×W7Föf&Ö–†öòæ6öĞ£SsS´G"âÖ&–W'vçF’Â2å6“³#c“#C¶†Æ–Ö†æ7bævòæ–@£Ssc´×W'F’Ö–6&“³c“3¶÷v–&÷vôBæ–ç@£Sss´vF–ær'VF–Öã³Csc¶¦–Ææ–v†Æ—–F”W'VÒæ6öĞ£Ssƒ´çW'VÂv6æ³Sscs·—VÆ–çF–÷6¶$–†öòæ6öĞ£Ss“´¶–æG&wVævã³S“C3#·FçG&“c7bæÖ–À£Ss´†Æ–Òv–&÷vó³C“s·—Væ–†æF–æ”vÖ–Âæ6öĞ£Ss´6—G&'VF–ÖâÂ2ä•³#“c¶×WF–ÖæwVç6öæt†÷FÖ–Âæ6öĞ£Ss#µFVfâæ&&ã³3ƒsƒ·W—VÆ–'F”†÷FÖ–Âæ6öĞ£Ss3´æ&–Æv–&—6öæó³ssƒ¶vÇVƒ“4†÷FÖ–Âæ6öĞ£SsC´¶–Æ·W&æ–vâÂ2ä¶öÓ³ccss·W7––†7GWF”7bç66‚æ–@£SsS´–æG&ö·Ff–æ“³#C3c#¶ÆGWöæ÷F–&†÷FÖ–Âæ6öĞ£Ssc´æ&–Æ‡WFVÂÒä¶öÒã³#Cc·—VÆ–'F–6Væv¶—$†÷FÖ–Âæ6öĞ£Sss´æwVævã³S#S·FVF“ƒTBæVGP£SsƒµF–&6—&Vv#³ƒ#cƒC·6—GVÖ÷&æv&¶FvÖ–Âæ6öĞ£Ss“´¶Ö–F–â&F—F³ƒsSƒ·W'F—v–&—4Bæ6òæ–@£Ss#´6ÖF’W'F—v“³ƒ#3#s¶ææ&&ä–†öòæ6öĞ£Ss#´6–6’6WF–vã³CSƒ#·&–övÖæ„–†öòæ6öĞ£Ss##´ÇVÇWB§VÆ¶&æ–âÂ2ä¶öÓ³S“3C¶&v—–c$–†öòæ6öĞ£Ss#3µ&Fæ&F—FÂÒä³³“c33c¶†&–&–F—&¦VBç66‚æ–@£Ss#C´–Ç6'VF—–çFó³#ƒ“c¶—&Öƒ$7bævòæ–@£Ss#Sµf–6·’æ'F’Â2ä¶öÓ³3C333¶W&–öv7bæFW6æ–@£Ss#c´F&–¦â‡WFvÇVæs³3#3¶'–6C„BæVGP£Ss#s´†VæG&FÖæ–³³s3cs·GF&–†÷&äBç66‚æ–@£Ss#ƒ´†–ÆFÖVvçF&³“cƒ¶†7GWF–v&æt–†öòæ6öĞ£Ss#“´7WBæ÷f’Ö&'VâÂ2ä‚ã³Cscs#¶vF–æsƒT–†öòæ6öĞ£Ss3µVVVâ6–†÷Fæs³3c“S¶¦Ö–ÃdvÖ–Âæ6öĞ£Ss3µ"äâ7–‡&–æ’W––æƒ³3ƒ¶V·W&æ–vä–†öòæ6öĞ£Ss3#µVFv–æ'6–ƒ³c#S3¶×Væ“3„vÖ–Âæ6öĞ£Ss33µVÆ–âv–F–7GWF“³#C“C#¶6¶WCS4BæVGP£Ss3C´ÆF–b6f—G&“³sc#s·‡6–Öæ§VçF´vÖ–Âæ6öĞ£Ss3S´vvF’·W7VÖó³Cƒ““#·v–¦–çF–F&Ö¦”vÖ–Âæ6öĞ£Ss3c´&wW2æ¦×VF–ã³C“Sc¶f—&vçF÷&öÆVô–†öòæ6öĞ£Ss3s´7WBF—F–â†–F–çFó³#C#¶ÆGWöæ÷–æ6T–†öòæ6öĞ£Ss3ƒ´7WB&VÆ–æF†&F–ç7–ƒ³ƒcsS·v–æ'6–‡&–æBæ2æ–@£Ss3“µfæW6gV¦–F’Â2ä‚ã³#33S“¶†ÖVvçF&†÷FÖ–Âæ6öĞ£SsCµ¦VÆ–FÖ6&“³S“#S¶çW&–æ–¦'vF”Bæv÷`£SsC¶G"âvæW2æ–ævvöÆã³cƒ3¶&w–v‡—VF–äW'VÒæ–ç@£SsC#µVÆ–âÆ7G&“³Cc3cƒ¶F×Sƒ†÷FÖ–Âæ6öĞ£SsC3µWF’ÖVvçF&³Cs“S·&W7GS“”vÖ–Âæ6öĞ£SsCC¶G&râ&§&v–â7VF–F’Â2äRä“³“#csC·—VÆ–'F”vÖ–Âæ6öĞ£SsCS´&VÆÆW'vçF“³cC“#¶ÆÆ·6Ö—vF”–†öòæ6öĞ£SsCcµWG&’Ö&F†—–‚ÂÒäÒã³3cC33¶F'Föæ÷ævW7GT†÷FÖ–Âæ6öĞ£SsCs´†¢â–6†Ö&F†—–‚Â2åC³Css“¶VF—6öç&FÖBç66‚æ–@£SsCƒ´F—G–†–F–BÂ2äf&Ó³CscsS¶Wfæ&&ä†÷FÖ–Âæ6öĞ£SsC“´7WBf–6·’&—–çF’Â2ä•³Ss#sS¶—&æçF÷&—–çF”–†öòæ6öĞ£SsS´†¢âæ—Fv–&÷vòÂ2å6“³“SC3ƒ¶V¶†÷FÖ–Âæ6öĞ£SsS´ÖVÆ–Æ·6Ö—vF“³ƒcSC¶6Væv¶ÆÖ'Væt–†öòæ6öĞ£SsS#´7WBG&–6–6–†öÖ&–ærÂ2ä‚ã³##SS¶¶†76æ„†÷FÖ–Âæ6öĞ£SsS3¶G"â—&ÖW––æ‚ÂÒä³³CsCc¶×Væ—&¶6W'VÒæv÷`£SsSC´¶¦Vâ6VgVÆÆ‚ÂÒä³³3ƒCc¶Æ7v“c„W'VÒæ×’æ–@£SsSSµ"â&W¦6Æ‡VF–âÂ2äRä“³“ƒsSc¶6vW&Æ§V&F”VBæFW6æ–@£SsScµWF’FWv’W7—F³““S¶¦æVÆ§V&F”vÖ–Âæ6öĞ£SsSsµ¦Æ–æG&ÖVÆæÂ2å6“³ƒ3C#S·VÆ·6—FVBævòæ–@£SsSƒ´ÇWFfâ†'–çFòÂ2ä¶VC³sC#S¶§VÆ–v–F–7GWF”–†öòæ6öĞ£SsS“µv–æFW6F³3s##·Ö&F†—–„–†öòæ6öĞ£Ssc´Ö&–F’§VÆ–¶³S3#c·§VÆ–¶¦ö†ä†÷FÖ–Âæ6öĞ£SscµBâv'F7W6çF’ÂÒäÒã³C“sSs¶FÆ–Öç&¦F–†öòæ6öĞ£Ssc#´†¢âv–ÆF·W7VÖó³cCCƒc·¦‡WF6ö—DBæÖ–À£Ssc3µ&6†VÂÆ·6—F³sƒ3sC¶Öç7W&¦FÖ–¶ô–†öòæ6öĞ£SscC´—&Öæ&&âÂ2ä‚ã³3sc·&&÷vöö·Ff–æ”vÖ–Âæ6öĞ£SscS´FF7GWF“³S33¶'VF—–çFö†&¦–Bæ–ç@£Sscc´7WB†æ6—Fö×VÃ³ƒ·†ÖæF6&”VBæ2æ–@£Sscs´6–çF'VF—–çFó³SCcc¶‡7VF–F”–†öòæ6öĞ£Sscƒµ7WFâ&&v6¶—F³3ƒs3s¶Æ–çFæsStVBæ6öĞ£Ssc“´æ§vÖç7W"Â2äf&Ó³ƒ##3c·&¶66öÆV„vÖ–Âæ6öĞ£SssµWF’fæW6&†–Ö‚ÂÒä¶öÒã³S#3c¶vçVw&ö†ô†÷FÖ–Âæ6öĞ£SssµVÇf×VÇ–æ“³ss“#C¶Æ6ÖöæósTVBæ–@£Sss#´ÆVòÖ'–F“³#3ƒ“s·&ÖæçW&F—–çF”vÖ–Âæ6öĞ£Sss3´vF÷BF'V¶¶S³3SƒCs·FÖ6&–Ö&4W'VÒævòæ–@£SssCµ6—6¶çW&–æ“³3sc“·&Fæ3„–†öòæ6öĞ£SssS´†¢â§VÆfæ6†—'VFF–âÂÒä¶öÒã³#C“¶vÖVvçF&†÷FÖ–Âæ6öĞ£Sssc´VvWv—3³sƒC¶Ö†W7v&Ö–F–†öòæ6öĞ£SsssµFv²â&¶–öæò6—&—C³“sƒ¶öÖ'&ÖFävÖ–Âæ6öĞ£Sssƒ´fV&’'–æ“³““#3c¶ÖVÆ–“–†öòæ6öĞ£Sss“´6VÖWF’ÆGWöæó³C#ƒ3ƒ¶çW&–æ–¶W¦––†öòæ6öĞ£Ssƒµ÷&’ævW7GS³3scSC¶Ö&'VæÖ¶&Bævòæ–@£Ssƒ¶G&râ6Væv¶—"†–F–çFó³“C·ævw&–vävÖ–Âæ6öĞ£Ssƒ#´–æævw&–vã³S3cƒC¶&¶–¦ãS4Bæ6öĞ£Ssƒ3´&Æ–¦âæ—GWVÇS³SC“#S¶†Æ–ÖÇVÇV„vÖ–Âæ6öĞ£SsƒC´†6æ†–F–BÂ2ä‚ã³Cs3s·&†—W6Ö–„vÖ–Âæ6öĞ£SsƒSµ—VÆ–6f—G&“³C3SS¶FÖ†&–&”†÷FÖ–Âæ6öĞ£Ssƒc´¦–VærwVævã³#C3s·f—f–çW&–æ”†÷FÖ–Âæ6öĞ£SsƒsµFv²â6FBv6—FÂ2äRä“³s#Cc·&¦FÖ–Bç66‚æ–@£Ssƒƒ´—"â¦Vær6f—G&’ÂÒä³³S3“s¶¶—&cƒ”vÖ–Âæ6öĞ£Ssƒ“µFÖ’·W7væF&“³Cc·7Wv&æ÷WWDBçöçW2æ–@£Ss“µ&—26Æ‡VF–âÂÒäf&Ó³“ccC¶†æF–æ–6Æ–¦äBæ–ç@£Ss“´6–çF—7v‡—VF“³scc¶F–&¦ƒ„VBæÖ–Âæ–@£Ss“#¶G"âÖ'Fæ’7Wv&æòÂ2äRä“³c3SS¶¦'vÖ'Væt–†öòæ6öĞ£Ss“3´†'6–6–†öÖ&–æs³#csc¶vÆ–ƒcTvÖ–Âæ6öĞ£Ss“Cµ6Ç6&–ÆFÖ6&“³CCCS¶&·F–öæóC”†÷FÖ–Âæ6öĞ£Ss“S´¦VærÖ'–F’Â2äRä“³ƒs3s¶ÇW76&”Bæ&—¢æ–@£Ss“c´G'2âÇV‡VærW&ÖFÂ2äf&Ó³33“#¶Ö&F†—–†ÇWv$vÖ–Âæ6öĞ£Ss“s´F&–Ö–âFÖ&³3“C#¶æ&&ç&–¶VBæÖ–À£Ss“ƒ¶G"âæ§vWv—3³ƒcc¶‡&7GWF”W'VÒæ2æ–@£Ss““´—'6B&¦FÂ2ä’ä¶öÓ³“c##s·&ævw&–æ”7bævòæ–@£Sƒ´ÇV¶ÖâÖæFÆÂ2ä‚ã³“ƒCc¶7væ“D7bæ&—¢æ–@£SƒµFVfâ†&—–‚ÂÒä¶öÒã³3sC¶&VÆÆ“7bævòæ–@£Sƒ#´¶&Öâv6—F³s“ƒ3·wwVÆæF&”W'VÒæÖ–À£Sƒ3´6–6’wVævã³ccC#¶öæ—&7GWF”W'VÒçvV"æ–@£SƒCµBâö·Fòv6—F³#“CSS¶—'vãƒ„Bæ÷&p£SƒS´¦ÆV&—–çF’Â2äw£³sC#s·W'vçF—6WF”vÖ–Âæ6öĞ£Sƒcµ–÷6Vb&F—v’Â2ä¶öÓ³ƒ3¶¶—&cSW'VÒæ&—¢æ–@£Sƒs´¦VÆ—FvÇW–ó³#ƒ##3¶Ö&F†—–†Ö'–F”BææW@£Sƒƒ´G"â¦æR†æF–æ“³Cƒ#¶†'Fó“D7bævòæ–@£Sƒ“µ—VÆ–æÖVÆæ³#ssƒ·7W––æ„–†öòæ6öĞ£Sƒ´×W7F–¶7W6çF“³c##·&VæG“SBçöçW2æ–@£Sƒ´‚â&§&v–âv–&—6öæòÂ2ä¶VC³#“#¶6Æ–¦ãƒ„BæFW6æ–@£Sƒ#µ6–Çf–v–æ'6–ƒ³cƒCC¶Æ×W7FöfBæ–@£Sƒ3´†¢âF–æ†'–çFòÂ2ä¶VC³SCCss·F6æ–×&6WG–†÷FÖ–Âæ6öĞ£SƒCµWF’Æ–Æ’Ö&'Vã³c3cc¶&‡Wv&æs4†÷FÖ–Âæ6öĞ£SƒS´çVw&†ÖVÆæ’ÂÒäÒã³Scc#·F¦çV$–†öòæ6öĞ£Sƒcµ6öÆV‚6—Fö×VÃ³“SC3·V†&—–„VBçöçW2æ–@£SƒsµW7–’Æ§V&F“³cC#·v‡—VF–ææ&F”7bæ÷&p£Sƒƒµ7WFâ&W7F’·W7v÷–ó³Cƒƒs·6f—G&–Ö¶&–†öòæ6öĞ£Sƒ“´vÆ²¦–Ææ“³ccC¶÷ævW7GT†÷FÖ–Âæ6öĞ£Sƒ#¶G&râ&FæwVævã³ƒ3s#·&&÷vö–çFäVBævòæ–@£Sƒ#´‚âF6F–²æ÷f—F6&’ÂÒä³³3Cc3¶‡VÖ—&†&F–ç7–„Bæv÷`£Sƒ##µ&–æÖ†W7v&³#“c¶†f—&Öç7–„VBævòæ–@£Sƒ#3µ"â¶VÖÂ&¶6³Cc#·6–†öÖ&–æv—'väBæ÷"æ–@£Sƒ#C´æ†'FF“³#cC¶f&‡Vææ—6×VÇ–æ”Bæ–ç@£Sƒ#S¶G"âÖVÆ–æF6—F÷'W2Â2äw£³ƒcƒƒ·6&ƒC„VBæÖ–À£Sƒ#c´6v—6F’wVÆæF&“³###C·f–ÖãD†÷FÖ–Âæ6öĞ£Sƒ#sµVÖ’ÖçVÆÆærÂ2åC³3ƒC#¶v&ãƒDVBæv÷`£Sƒ#ƒµ¦Væ"ö·Ff–æ“³#ƒ#¶æ÷f—F6&–6Æ&BææWBæ–@£Sƒ#“µ&W7GR&&÷vó³“sƒc·v–&—6öæöF'–æ”Bæ÷&p£Sƒ3¶G"â¶ö¶ò&FæÂ2åC³c“scs¶F–Ö6f&–FvÖ–Âæ6öĞ£Sƒ3µ&–æö·Ff–æ’Â2åBã³3cC“s¶¶&ÖæÖVÆæ”vÖ–Âæ6öĞ£Sƒ3#¶G"â–æ–öÆæFÂ2åBã³3“#C¶vÆ¶Ö'–F”7bæÖ–Âæ–@£Sƒ33´¦Ö–Â6–Öæ§VçF³³#Sƒs3·W&ÖF6v—6öæôvÖ–Âæ6öĞ£Sƒ3C´'6—G&v–¦–³3Css¶WfwVÆæF&”VBçöçW2æ–@£Sƒ3S´—"â¶æ–6WF–vã³#ƒƒc¶¶VÖ&v6¶—F–†öòæ6öĞ£Sƒ3cµ&Fæ†Æ–Ó³scs¶Æ–çFæss4†÷FÖ–Âæ6öĞ£Sƒ3s´æ7F6–ÖæFÆ³Sƒ33ƒ¶†'FF—VÖ––†öòæ6öĞ£Sƒ3ƒ´G'2âWG&’ÖæFÆ³ƒ“ƒ·VÆ–ææ6†—'VFF–ä–†öòæ6öĞ£Sƒ3“´–â&F—F³C333#¶æ7––F†¦VÆ—FvÖ–Âæ6öĞ£SƒC´Ö·WFÖVvçF&³3s“#ƒ¶×F×V&öÆöä7bæ÷&p£SƒC´¦ÖÆ–v‡—VF–ã³3“S¶ö·Ff–æ—&F–„†÷FÖ–Âæ6öĞ£SƒC#µW&¶6wW7F–æ³csC“¶vÖæ–×VÇ–æ”BææWBæ–@£SƒC3´—"â†&’Wv—2Â2äRä“³SC“c·f–æ÷vÇW–ôVBçvV"æ–@£SƒCC´v–Æær†&—–ƒ³sSS“¶6·&'VæÖ&'Vä7bæÖ–Âæ–@£SƒCS´&¶FÆ·6Ö—vF“³sS33·væ—GWVÇTBæ2æ–@£SƒCc´æ&F’6–Ö&öÆöã³3ƒ#s¶†&—–‡WWDW'VÒæ÷"æ–@£SƒCsµ6G–6—&Vv#³sCS#S¶Ö&væƒ$VBæ–@£SƒCƒµBâ&W7F’6—&Vv#³ƒScsƒ¶—6Æ‡VF–ä†÷FÖ–Âæ6öĞ£SƒC“´´‚âÆæærF×V&öÆöâÂ2ä’ä¶öÓ³ssCc¶ÖæF6&—&Fæ7bæFW6æ–@£SƒS¶G&râ–F6—&Vv"Â2äw£³S###3·GW7—FvÖ–Âæ6öĞ£SƒS´—&fâÆ·6—FÂÒäÒã³ƒcsCC·F&–†÷&æ6'V$VBææWBæ–@£SƒS#µ&–æ’†76æƒ³ƒƒC·WFÖöæ”W'VÒævòæ–@£SƒS3´GBâvvâÖ†W7v&Â2ä•³ss·6&“SD7bæÖ–À£SƒSC¶G&râ–âwVÆæF&’ÂÒåC³SScs#¶v×VÇ–æ”BææWBæ–@£SƒSSµæGR&&÷vó³##ƒƒ¶¶F—&×W7FöfvÖ–Âæ6öĞ£SƒSc¶G&râ6&Æ6&v–‚Â2å6“³3“33#¶Ö–ÆC$W'VÒææW@£SƒSs´6Æ&Ö&F†—–ƒ³ƒ###¶ÖæwVç6öævæ”†÷FÖ–Âæ6öĞ£SƒSƒµVVVâ&FÖÂ2äw£³sƒC·W&ævF–v&äBæv÷`£SƒS“´—"â7V6’wVæ'Fó³CCc##¶†Æ–ÖsT–†öòæ6öĞ£Sƒc´¶æ–wVæ'FòÂ2ä¶öÓ³“ƒC¶§VÖ&“”VBçvV"æ–@£Sƒc´G"â6'&’6—F÷'W2ÂÒä³³ƒ#sc¶‡WFvÇVæt7bææW@£Sƒc#´¶æ–v–¦–³CccS·—Væ“3TVBæ–ç@£Sƒc3´f—¦‚†Æ–Ó³#cs¶–ÖVvçF&VBæ&—¢æ–@£SƒcCµfVvF&–†÷&ã³SCS·¦‡&×W7Föf–†öòæ6öĞ£SƒcS´–æF‚Ö&'Vã³ƒƒ#3¶†Æ–ÓsW'VÒæ2æ–@£Sƒcc´6Væv¶ÂæÖv³c#3Sƒ¶vVçFÆ7G&”–†öòæ6öĞ£Sƒcs´&§&v–âævW7GS³#sc¶Æ–Æ&F—FvÖ–Âæ6öĞ£Sƒcƒ´†&¦6ævw&–æ’Â2ä•³C#ƒs¶¶Ö&Æ—7Wv&æô–†öòæ6öĞ£Sƒc“´†&F’†¶–Ó³3C3#¶v–æs4vÖ–Âæ6öĞ£Sƒsµv'6—Ff&–F³#Sscs·6–Çf–G&–ç7–„BçvV"æ–@£Sƒs´¶Æ–ÒÆ§V&F“³3ƒ#“S·6&——Væ–$vÖ–Âæ6öĞ£Sƒs#µFv²â×V§W"×VÇ–æ’ÂÒä¶öÒã³CSs#¶¦–æG&C$W'VÒævòæ–@£Sƒs3´æÆ"&F–çFó³Ssƒ3s¶ÖæF6&–ÇW&‡W$Bæ&—¢æ–@£SƒsC´¶ÖÂ¦–Ææ“³ƒSCS¶æ–ÆÓƒ”W'VÒææWBæ–@£SƒsS´VÆ’6Föæó³C#Scc¶f&–FÖÆ–¶vÖ–Âæ6öĞ£Sƒsc´—"âÖ&–&FæÂ2ä‚ã³ƒ#“ƒ¶væ7––F„VBæVGP£Sƒss´G'2â—VÆ–æv6æÂ2ä•³Sss“¶F&–Ö–ç6Æ‡VF–ävÖ–Âæ6öĞ£Sƒsƒ´VæF‚6—Fö×VÃ³#“CcC·&W7F“ƒ„VBæ6òæ–@£Sƒs“¶G&râæF–WFÖ’Â2ä¶öÓ³##c“¶·W6ÖvF–—'6DW'VÒæÖ–À£Sƒƒ´&¶–¦â¦çV"Â2äRã³ccc¶&—34W'VÒçvV"æ–@£Sƒƒ´¦–Ö–â&—–çF“³#Cƒ¶—VÆ·6—FBæ÷"æ–@£Sƒƒ#µ7WFâ¶Vç¦–R†7GWF“³“s3“·§W6FvÖ–Âæ6öĞ£Sƒƒ3´‚âvÆ²F†×&–ã³ƒSC·W76&–æ6$–†öòæ6öĞ£SƒƒC´¶'–—VÆ–çF“³3cccC·6VgVÆÆ†÷6¶$†÷FÖ–Âæ6öĞ£SƒƒS´¦vF’ÖVvçF&³s3ƒ3¶ÖæwVç6öævf—¦„7bæÖ–À£SƒƒcµVÇf—Væ–#³sc¶Föæó3TBçvV"æ–@£Sƒƒs´F–&¦×W7Föf³scC3s·v‡—Væ”BçvV"æ–@£Sƒƒƒ´´‚â&v2W––æ‚ÂÒäf&Ó³Cs“CS¶væw6'§VÆ–¶†÷FÖ–Âæ6öĞ£Sƒƒ“´FÆ–Öâ'–æ“³S““S#·6WF–væ¶VÖÄBæ6òæ–@£Sƒ“´¦F’&–öv³s3#ƒƒ·§6WF–vävÖ–Âæ6öĞ£Sƒ“´'FçFò&7GWF’ÂÒåC³“csS·v–æ'6–„–†öòæ6öĞ£Sƒ“#´×V§W"6–†öÖ&–æs³S##C·6æ–ævvöÆävÖ–Âæ6öĞ£Sƒ“3µBâvGV‚FÖ6&’Â2ä¶öÓ³SCsS¶†'–çF–Ö–6†VÆÆTBævòæ–@£Sƒ“C´G'2âÆ–¶F'V¶¶RÂ2ä‚ã³SC3¶fwW7F–æVBçvV"æ–@£Sƒ“SµfW&çW&–æ“³c“sC·g6f—G&”vÖ–Âæ6öĞ£Sƒ“cµVÖ–&67F³C##sƒ·v–æF&6WG––†öòæ6öĞ£Sƒ“sµFv²â6&Æv–¦–çF“³Cc33¶¦çV'vvä–†öòæ6öĞ£Sƒ“ƒ´çW'VÂ&–öv³s“3¶æ†æF–æ”Bç66‚æ–@£Sƒ““µ¦VÆFW&ÖF³33SC·&&÷v÷6–ÖöävÖ–Âæ6öĞ£S“´G'2âVÆÆ—2WFÖ“³SSSƒs¶¦–Ö–ã$W'VÒçvV"æ–@£S“´¶Ö&–ævw&–vã³3SSS#·fÖç7W$Bæ÷&p£S“#µ&†&¦&7GWF“³3“C“ƒ¶·W7VÖVBæFW6æ–@£S“3µfW&&¦F³ccS3¶†¶–Ö&¶–F”Bæ×’æ–@£S“Cµ¦VÆ–çW&F—–çF“³#ƒ·&†–Ö†Ö&4VBæ6öĞ£S“S¶G"âÆ·6æ&F—v“³“C#·v–æ'6–†Æ6ÖçFôW'VÒæÖ–À£S“cµFv²â¶æ–F×V&öÆöã³ssCC¶6†–F–çFôW'VÒçöçW2æ–@£S“sµ&FæwW7F–æÂÒä³³ƒ3ƒ3#·w&¦6W'VÒææWBæ–@£S“ƒµ6–Çf–Ö–6&“³S#3S¶×W7F–¶¦çV$BæFW6æ–@£S““µf–öÆWB†&—–ƒ³s#ƒ3c·'W6Ö„vÖ–Âæ6öĞ£S“´—"âVÆ–â7V'F–æ“³ƒscCS¶·W7VÖS$†÷FÖ–Âæ6öĞ£S“¶G&râÖ'F¶æ¦×VF–âÂ2ä¶öÓ³SSƒ·6—&Vv'&–Gvä7bæ÷"æ–@£S“#´¶–Æf—&vçF÷&òÂ2äf&Ó³cS¶V¶ó$W'VÒæFW6æ–@£S“3´æ6"Ö–6&“³“c##·&†Ö“sdvÖ–Âæ6öĞ£S“C´×WF–‡WF6ö—C³cs#C“¶§&æ÷vô†÷FÖ–Âæ6öĞ£S“Sµ7WFâwW2&F–çFòÂ2ä¶öÓ³C#““·Gv–F–7GWF”Bævòæ–@£S“cµFv²â¦¶6Æ‡VF–âÂ2å6“³3Cs·6—&Vv'&æFBæ6òæ–@£S“sµ&ævwW7F–æ³C3“#·–Öãc$W'VÒææW@£S“ƒµVÖ"v‡—Væ“³Ss33¶¶v6§VÆ¶&æ–ä–†öòæ6öĞ£S““´VÆÖv–¦–³s3c·ÖVÆæ–†öòæ6öĞ£S“#¶G"â¶W¦–¦çV"Â2ä•³33s“¶—7v‡—VF–6GW$–†öòæ6öĞ£S“#´†'F¶×W7Föf³S#ƒ“s¶wVævæ¶&¦Bæ2æ–@£S“##µ6–Çf–'VF–Öã³3s#c¶&Æ–¦æÖ'–F”7bæ–ç@£S“#3´F–¶f—&vçF÷&ó³CS·wVÆæF&–Ö–ÆBæFW6æ–@£S“#Cµ"â—W7Vbf—&vçF÷&ó³CcC#·v–&÷vö¶'6ævÖ–Âæ6öĞ£S“#S´¶6–Ò&F–çFó³3ƒSƒ·§6çF÷6ôVBæ–ç@£S“#cµv—&FÆGWöæòÂ2å6“³cC¶fçW&F—–çF”–†öòæ6öĞ£S“#sµ7W'–WG&³3s3C¶v†&—–„†÷FÖ–Âæ6öĞ£S“#ƒ´¦6Öæ’f&–FÂ2äRã³Cc#¶ÖÖãƒTvÖ–Âæ6öĞ£S“#“µVVVâ6—&Vv"ÂÒä¶öÒã³33S·–æ6S3Bæ÷&p£S“3µv—&FwVævã³ƒcC·FöÖ–‡WFvÇVætBæ2æ–@£S“3µ"âÖÖâv‡—VF–âÂ2å6÷3³333#c¶wv–æ'6–„VBæ÷&p£S“3#¶G"âæF–æR&†–Ö‚Â2äw£³““s#¶wW3s„vÖ–Âæ6öĞ£S“33µF–æ†&F–ç7–ƒ³C33·§VÆ–¶¶Ö&Æ”VBæ–ç@£S“3C´&VÆ–æF¦çV#³CƒƒSc¶çW'VÃt–†öòæ6öĞ£S“3Sµ"âfç–†&–&“³Sc“cS·†ææ—Væ–$Bæ6öĞ£S“3c´–çFâ&6WG–³cCS¶†æF–æ—'W6ÖävÖ–Âæ6öĞ£S“3sµ"äâwVÆâ'VF–ÖâÂ2å6÷3³C3CC·&—¦¶“STBæ–ç@£S“3ƒ´&VÆ–æF7W'–FÖ“³scSs¶7væ“3tVBæFW6æ–@£S“3“´6vW"v6—F³#““C·7V'F–æ––ÖÔ†÷FÖ–Âæ6öĞ£S“C´¦–ÖBG&–ç7–ƒ³C3c·6–†öÖ&–ævÇV¶—FVBææWBæ–@£S“CµVÇfv6¶—FÂÒä³³3#CSs·&–—Fæ6çF÷6ô–†öòæ6öĞ£S“C#µGVv–Öâ§VÆ¶&æ–âÂ2äf&Ó³S“SC·§VÆ–¶†&67F7bæv÷`£S“C3´f&‚æ'F“³s“3C¶ÆÖ'VætBævòæ–@£S“CC´v&ærÖ'Væs³3C“¶&¶F6–Ö&öÆöävÖ–Âæ6öĞ£S“CSµ&W7GR&F–çFó³#C3¶&Æ–F–ãsD–†öòæ6öĞ£S“Cc´ÖÆ–¶Æ7G&“³ƒ##s¶væWFÖæ–´7bçöçW2æ–@£S“Csµ6–F—W––æƒ³csSCS¶æÖvFT7bæ÷&p£S“Cƒ´æ÷f’Ö&F†—–ƒ³3S3C·6–Çf–&†ÖvF”Bæ÷&p£S“C“µ&Ö—F‡WFvÇVærÂÒä¶öÒã³cCs“¶7&¦FvÖ–Âæ6öĞ£S“S´–çFâ·W7væF&“³c#“·–Öã4VBæ÷"æ–@£S“S´·VçF†&†76æƒ³#CƒC·fæ7––„BæÖ–Âæ–@£S“S#µWF’Ö&–Ö†W7v&Â2äw£³3cSc¶VF“stW'VÒæ×’æ–@£S“S3´ÆÆ‡WFV³ƒ33Sƒ¶6&ÆStVBæÖ–À£S“SC´Ö–Æ&†–Ö‚Â2äRã³sSc“·&F–ƒC”vÖ–Âæ6öĞ£S“SSµ†ææVF¦–7GWF’Â2äf&Ó³sSC“·ævW7GVæF–æT†÷FÖ–Âæ6öĞ£S“Sc´F–æ6Föæó³c#“s¶&æv#”vÖ–Âæ6öĞ£S“Ss´†ævÇW–ó³sc¶Ö&væF×V&öÆöävÖ–Âæ6öĞ£S“Sƒµ&Fæ†7GWF’Â2ä’ä¶öÓ³ƒ“s“S¶6–6“ƒTW'VÒæ×’æ–@£S“S“´—"âÖ'6—Fòv–FöFó³csC·&67FvÆ´vÖ–Âæ6öĞ£S“c¶G"â6–ö&VÆÆ§VÆ¶&æ–ã³““c#¶6–ö&VÆÆ†&F–ç7–„W'VÒæÖ–À£S“c´GBâÆ–Öâv‡—VF–âÂ2åC³33Ss·WFÖ–vÖ&Ææt7bçöçW2æ–@£S“c#´—"â¦W76–6·W7væF&“³“#“3¶æFÆ–W76&”W'VÒçöçW2æ–@£S“c3´Æ–Æv–&—6öæó³#SS#S·W&ÖFÆçF$†÷FÖ–Âæ6öĞ£S“cC´ç–öÖâ6—F÷'W3³cƒ“S¶'6—G&3d7bæFW6æ–@£S“cSµfæW6†76æƒ³sCC#C¶·W&æ–væ6æG&¶çFBævòæ–@£S“ccµFVF’çW&–æ“³“cS“¶†æF–æ–6‡–F”BçöçW2æ–@£S“csµ–öæòæ¦×VF–ã³CS#“s¶wVævç&6WG–†÷FÖ–Âæ6öĞ£S“cƒµvÇW–ò&6WG–ó³“3ƒ#3¶væFWvƒBæ×’æ–@£S“c“´6–ö&VÆÆ7W'–FÖ“³C3C#c¶vF÷G&6WG–ôVBæVGP£S“s´6ÖF’f—&vçF÷&òÂ2åC³c““S·F7v—'6—GVÖ÷&æt7bæ6òæ–@£S“sµ6F–æÖ†VæG&Â2äw£³“S##3¶·W7VÖöÖÆ–Bæ6öĞ£S“s#´G'2â¶'F‡WFV³scS3¶76f—G&”†÷FÖ–Âæ6öĞ£S“s3´6V×ÇVæ²†Æ–Ó³“Cc¶çW7—FVBæ–ç@£S“sC´G'2âF&’Æ·6—F³3ƒcC3¶Ö'VævÖ†F”Bæ6öĞ£S“sSµFÆ–v6¶—FÂ2äf&Ó³#ƒ“S¶¶'6ƒ4Bæ2æ–@£S“sc´GBâ6FBÖ&'Vã³“cSc·6çF÷6ö6'V$VBææWBæ–@£S“ss´×W'6–æ–âf—&vçF÷&ó³C“SS¶fV&“3BæFW6æ–@£S“sƒµ¦—¦’FÖæ–³³sƒcC¶§VÖ&–æ&&ä7bææW@£S“s“´–çFâWFÖ“³SCƒ3ƒ¶×7VF–F”†÷FÖ–Âæ6öĞ£S“ƒ´¶Æ–ÒW6F³#ƒCS·†ææ6VgVÆÆ„7bæÖ–À£S“ƒ´¦W76–6v–F–7GWF“³s“Scƒ·6–Ööæ'–æ”vÖ–Âæ6öĞ£S“ƒ#´¶W¦–ÆGWöæó³sc3Cs¶Ö¶&$VBæ&—¢æ–@£S“ƒ3µF—F’WG&³#SSs·7V'F–æ”–†öòæ6öĞ£S“ƒCµFÖ’ÖæFÆ³3ƒƒSS·&¶6–‡6äW'VÒç66‚æ–@£S“ƒS´—"â6&ÆÖVvçF&ÂÒä³³“c“ƒC·¦ÖæFÆ†÷FÖ–Âæ6öĞ£S“ƒc´FöæòÖç7W"Â2ä‚ã³ƒƒScc¶fçVw&ö†ô7bæ6öĞ£S“ƒs´G"âVÖâW7—F³ƒcsc¶¶7VæssTvÖ–Âæ6öĞ£S“ƒƒ´VÆÆ—2¦–Ææ“³ƒ“#Cƒ·W7––ÖVvçF&vÖ–Âæ6öĞ£S“ƒ“µ&†—R&¦F³“Ss#s·&–æ“cBæFW6æ–@£S““´Ö–×Væ‚v–&—6öæó³“c“¶v·W7v÷–ô†÷FÖ–Âæ6öĞ£S““´v–ÖâW&ævF“³ƒ“ƒC·&†&¦cT7bçöçW2æ–@£S““#µævW7GRÖ'–F“³“s#C¶æ÷f†Æ–Ö„vÖ–Âæ6öĞ£S““3µv¶–ÖâwVævã³CSƒƒS·6–Çf–æ—GWVÇT7bæv÷`£S““C¶G"âVVVâv7GWF“³ssC“¶æ—GWVÇVvæ¦&ävÖ–Âæ6öĞ£S““Sµ7WFâ¶ö¶òFöæv÷&ã³“ƒcs¶Çv–æ&æôBæFW6æ–@£S““cµFæ–†¶–Ó³ƒ“cc¶6×Væ“ƒ”VBæ&—¢æ–@£S““s´†–ÆFwVæ'Fó³C##“¶væ¦&ã4Bæ÷"æ–@£S““ƒµFVFG’v7GWF“³C“CC“¶F–¶&SD–†öòæ6öĞ£S“““´÷âv–&—6öæó³#3C#ƒ¶F&Öæ·W&æ–vävÖ–Âæ6öĞ£cµWF’æv–æ'6–ƒ³ƒs3#·7VF–F–æ6$†÷FÖ–Âæ6öĞ£c´Æ–Æ’6WG&³#ssss·æGScBæÖ–À£c#µFv²â†–ÆFgV¦–F“³cssC·&–Gvç6—&—DBæÖ–À£c3µ6Çvv–æ'6–ƒ³cc3¶Æ·6æs„VBæ6öĞ£cC´7WBvvF’&F—FÂ2äw£³###¶—6VgVÆÆ„W'VÒçvV"æ–@£cSµv—6çR†&F–ç7–ƒ³sƒ3“¶¶'F#T7bçvV"æ–@£cc´GBâÆVÖ&‚6—F÷'W2Â2åC³#s¶vÆæwævW7GTvÖ–Âæ6öĞ£cs´&æv’&–öv³ƒ“s¶†&F–ç7–‡&W¦Bæ2æ–@£cƒµVÇ–FÖ&³#Cƒ3¶6Væv¶—#CdBç66‚æ–@£c“´6·&væw6æ6†—'VFF–ã³sC“3S·—WFÖ”Bæ÷"æ–@£c´¶æ–v–&—6öæó³#c“·6—&Vv&†–Övä7bæ&—¢æ–@£cµv&¦’7V'F–æ“³cS¶F'V¶¶V†W7F”7bæFW6æ–@£c#´†¢â–Ç6v–æ'6–‚Â2åC³sƒ3ƒƒ¶—7–††–F–çFôvÖ–Âæ6öĞ£c3´Æ'V‚7W'–FÖ“³ƒƒ33C¶F–¶v–&—6öæô–†öòæ6öĞ£cCµ"äÒâ¦Vg&’&6WG–òÂÒä¶öÒã³##s#¶ÖæFÆ—W7VdW'VÒæ&—¢æ–@£cSµ"äÒâ†VæG&’æ¦×VF–ã³css“¶7væ“3tBæFW6æ–@£ccµVÆ–âÖVÆæÂ2äRä“³Ss#“·6Föæö¶'6ævÖ–Âæ6öĞ£cs´æFÆ–ÖæF6&“³CƒS“·V6†—F6&v–„–†öòæ6öĞ£cƒ´G'2â6·&¦—–W&ævF’Â2åBã³S““C¶æ¦ÖÆ·6—F†÷FÖ–Âæ6öĞ£c“´7WBf&‚6VgVÆÆ‚Â2ä’ä¶öÓ³cs“C·6—F÷'W6Ö'FæBæ–@£c#´¶&ÖâÖæwVç6öæs³#c3s¶væw6c$W'VÒçöçW2æ–@£c#´&·F–çFòv–&—6öæó³3“s#s¶væWStBævòæ–@£c##´fF†öæ‚&–öv³“CCcS¶æ÷f—v6—F7bæv÷`£c#3µ"äÒâF–æFf—&vçF÷&òÂ2ä¶öÓ³3ƒs#¶6GW&ævv—7v‡—VF”Bç66‚æ–@£c#C´6–çFævW7GRÂ2åC³#C#¶†&¦÷W6F–†öòæ6öĞ£c#S´æ–ÆÒ6—&Vv#³3sC·vÖ'–F”W'VÒæÖ–À£c#cµf—f’Æ·6Ö—vF’ÂÒä³³3CƒCC¶'–æ–v&æt7bæÖ–Âæ–@£c#s´†&–×W'F’f—&Öç7–ƒ³#ƒC“¶Ææ—GWVÇT†÷FÖ–Âæ6öĞ£c#ƒµ&—6æ'F“³CCs3#¶Ö–6&–çW'VÄW'VÒæ–ç@£c#“´vÖæ’·W7VÖó³Ss#·&†Ö“sDBæ÷&p£c3µBâ×VÇ–çFò6–æv³ScC·VÇf#„†÷FÖ–Âæ6öĞ£c3´—"âæ÷f6–†öÖ&–ærÂÒåD’ã³3#s¶¦v&v6Ö÷6—$vÖ–Âæ6öĞ£c3#´6·&vÆÖ†W7v&Â2ä’ä¶öÓ³3CS3¶FvVÇ&†ÖvF”Bæ6öĞ£c33´7WBF–&f&–FÂÒäf&Ó³c3“S¶¦W76–6D–†öòæ6öĞ£c3Cµ&&÷vòv7GWF“³“sƒc·Væ¦æ“s”–†öòæ6öĞ£c3S´Æ–ÆæG6—"ÂÒä¶öÒã³#ƒ#¶æ7––†¦Ö–ÄvÖ–Âæ6öĞ£c3c¶G&râF–æÆGWöæòÂ2ä’ä¶öÓ³ƒƒ3CC¶væFWv7bæ–@£c3s´væW2¦çV#³c#ƒCs¶&Æ#tBæÖ–Âæ–@£c3ƒ´7WB–æ6Rævw&–vâÂ2ä¶öÓ³Scƒ3¶¶Ö–Æ$–†öòæ6öĞ£c3“µ&—2wVæ'Fó³ƒsc¶ÆF–¶c„Bæ&—¢æ–@£cC´Æ–¶FÖ&Â2ä¶öÓ³sScs#·6Çv‡WFVvÖ–Âæ6öĞ£cCµWF’Æ·6Ö—vF“³Ss3ƒ·¦Föæv÷&äVBæ&—¢æ–@£cC#´¦æWB¦çV"Â2äw£³ssC“C¶æ—GWVÇW6Çv–†öòæ6öĞ£cC3µv‡—R×W7FöfÂ2å6“³“S3¶VæG&6f—G&”VBææWBæ–@£cCC´¦6Öæ’&F—v“³ƒSs¶v†–F–DBææWBæ–@£cCSµ&†Ö’¦–Ææ“³““S“¶VÆÆf&–FVBæ÷"æ–@£cCc´—RW7—FÂ2åBã³c3C¶ÖVÆæ–&VÆ–æFW'VÒæ6öĞ£cCs´v–Æærv6¶—F³SS#3¶&¶–çF÷&¶6W'VÒç66‚æ–@£cCƒ´¶–æG&Wv—3³ƒsƒ·f†¶–Ô7bææWBæ–@£cC“´G'2âÖ&væÖ&'VâÂ2ä‚ã³SsƒSƒ¶Ö'–F–VÆÖBçvV"æ–@£cS´VÆ’VF¦–7GWF“³“#Ss“·vævw&–æ”BæVGP£cSµFVwV‚6&v–‚ÂÒåD’ã³sC3C·v‡—VF–çF—F”Bæ6òæ–@£cS#´W&÷&ÆW7F&’ÂÒäÒã³##s33¶–·W6ÖvF”–†öòæ6öĞ£cS3´¦–æv’Ö†W7v&³C“S“¶æ'F–öÆvvÖ–Âæ6öĞ£cSCµ"âf—f’6—F÷'W3³Sƒs#C·v–æ'6–†v–ÆFVBçöçW2æ–@£cSS´6–æG’Ö&'Vã³#3sSC¶—7v‡—VF–ÇWFfäBæVGP£cSc´æ—FÆGWöæó³3S““C·ævW&ãVBæ&—¢æ–@£cSs´&·F–F’W&ÖF“³ƒC3¶†Æ–Ö–¶‡6ä–†öòæ6öĞ£cSƒ´6'V"6–†÷FærÂ2ä¶öÓ³ƒsS##¶†'FF–vÆ–„–†öòæ6öĞ£cS“µWWB&FÖ³3###¶ç6—F÷'W4vÖ–Âæ6öĞ£ccµ6†¶–ÆFÖ6&“³c#S#¶vGV‡6—F÷'W4BçvV"æ–@£cc´7WB¦—¦’&æ÷vó³3Scƒ·§VÆ–¶†“”†÷FÖ–Âæ6öĞ£cc#´G"âvçF"6–ævÂÒåD’ã³CCC¶F6ÖæF6&”7bæ÷"æ–@£cc3´¶6–ÒW––æƒ³Ss“Sƒ¶—&ÖƒdBæÖ–À£ccCµBâ&æF&æ÷vòÂ2ä‚ã³3Cs¶×VÇ–æ–F6†÷FÖ–Âæ6öĞ£ccS´7WB¶W¦–v‡—Væ“³“C“cƒ¶&F–çFö†–ÖväBæ2æ–@£ccc¶G"â¶Ö–ÆW'F—v’Â2åBã³“ƒs#·&67F†÷FÖ–Âæ6öĞ£ccsµ&–æ6—GVÖ÷&æs³S3Ss·fæ7––„vÖ–Âæ6öĞ£ccƒ´v'&–VÆÆWFÖ³Sc#3s¶'6–ævvÖ–Âæ6öĞ£cc“´&Æ6—GVÖ÷&æs³#cƒƒ3¶¶Ö&Æ““W'VÒæ&—¢æ–@£csµBâ6¶WBv–æ'6–ƒ³ƒSsƒ¶F†Æ–ÔBæ–@£cs´æÆ"æ–ævvöÆã³s##SS¶¶&¦&7GWF”vÖ–Âæ6öĞ£cs#´—"â6–çF6—&Vv#³ƒ“3¶†Æ–Ö‡fVv7bæ×’æ–@£cs3µ&F–¶ÖVÆæ³ƒ“#ƒ·6Ö÷6—&6—G&BæÖ–À£csC´×Væ’F&–†÷&ã³s“cC¶'VF—–çF÷'W6ÖäVBæFW6æ–@£csS¶G&râ¦æWBÆ·6—FÂ2ä‚ã³“S##“¶ö·W7v÷–ôBæ–ç@£cscµWF’W6F³S“c“¶FÖæ–·&–—FævÖ–Âæ6öĞ£cssµFv²âV¦G&–ç7–‚ÂÒåD’ã³c“#ƒƒ¶ÖæwVç6öæw–æ”†÷FÖ–Âæ6öĞ£csƒ´Ææær&7GWF“³Sss3¶fF†öæ‡WFÖ”Bæ–ç@£cs“µVVVâv–æ&æó³SCcS¶—6Ö÷6—$VBæÖ–Âæ–@£cƒ´7WBV¶—VÆ–'F“³“Cc#c¶'6—Fö×VÄVBæFW6æ–@£cƒ´f—¦‚vÇW–ó³33c#“¶†¶–Ö·VçF†&W'VÒæFW6æ–@£cƒ#¶G&râ–&¦6Â2äw£³“S3C¶æÖ'VætvÖ–Âæ6öĞ£cƒ3µWWBVF¦–7GWF“³Cc“c¶Ö¶&BçvV"æ–@£cƒC´væFWv'VF—–çFó³ƒSS#·Wv—7&FæVBæ6öĞ£cƒS´VæF‚Æ7G&“³“csc#¶ÇW&‡W#4W'VÒæ–ç@£cƒcµ¦VÆFW––æƒ³##3¶W&–³ƒDW'VÒæ÷&p£cƒs´ÆÆ—Fæ¦×VF–ã³“C#¶væFWvsD†÷FÖ–Âæ6öĞ£cƒƒµ7WFâ¦–æv’&7GWF’Â2åC³sccsC·v6¶—FÖ—G&†÷FÖ–Âæ6öĞ£cƒ“µFv²âvæFWvÆ·6—F³“cCC·6¶æ7––„–†öòæ6öĞ£c“´¶Ö–F–â†6æƒ³Ss3S·6—&—GFVFG”vÖ–Âæ6öĞ£c“µ7V6’F×V&öÆöâÂ2ä•³##CC·v6¶—F†—'–çFôBæ–ç@£c“#´G"â'F7GWF“³#3s#¶v&æ—GWVÇT–†öòæ6öĞ£c“3´¦–ÖBævw&–vã³CC#C·&F–ƒVBçvV"æ–@£c“C´6–çF·W&æ–vã³SSƒ3¶v'VF–Öä–†öòæ6öĞ£c“S´FWf’v–F–7GWF“³#3C“·6&v–†¶W¦–†÷FÖ–Âæ6öĞ£c“cµF—&f&–FÂ2ä‚ã³ƒCC¶&·F““„†÷FÖ–Âæ6öĞ£c“sµ6WG–6–Ö&öÆöâÂ2äf&Ó³S3C3¶†7F&Fæ–†öòæ6öĞ£c“ƒµ"äâ6—F’W6F³SS““¶v†æ–†–F–D†÷FÖ–Âæ6öĞ£c““¶G"âÆÆ†–F–BÂ2åBã³3ƒSc¶F–¶&&†—T†÷FÖ–Âæ6öĞ£c´&æ6"Æ–Æ6&“³“#ƒSƒ¶æ'F—V6†—FBææWBæ–@£cµG&’6–æv³3ccsƒ¶–†76æ„7bævòæ–@£c#´–¶‡6â&¶6³3s“cs·F×V&öÆöæ¦6Ö–ä†÷FÖ–Âæ6öĞ£c3µvæ’6–†öÖ&–æs³Sƒ#ƒ¶çÆ7G&”vÖ–Âæ6öĞ£cC´Ö'6—Fò†Æ–Ó³ƒ3c¶ÖÆ–¶6WF–vä–†öòæ6öĞ£cSµ"â¦–ÂwVævâÂ2ä•³CcS¶¦çV'WWDW'VÒævòæ–@£cc´×V§W"çW&–æ“³ƒcScc·FÖc”†÷FÖ–Âæ6öĞ£csµ6Æ–Ö‚6—Fö×VÃ³sS“¶¶&æ3t†÷FÖ–Âæ6öĞ£cƒ´FÆ–öæòW'vçF“³Cs·6—&Vv&¶V—6†Bævòæ–@£c“´¦–F’çVw&ö†ó³SCSs¶v†Æ—–F“cd–†öòæ6öĞ£cµ7WFâÇWF†f’F&–†÷&ã³“sCS¶öæ÷f—F6&”vÖ–Âæ6öĞ£cµ"äÒâvæFæ÷f—F6&’Â2äw£³S3S“¶ÖæF6&—&–†äVBæ–ç@£c#µBâÇWvW2WG&Â2äRã³SƒC#¶†&¦6&†—TvÖ–Âæ6öĞ£c3µFv²âÖ'6—FòÖæFÆÂ2ä¶öÓ³sc“·&†ÖvF—WG&”W'VÒæ6òæ–@£cC´—"â&F–¶7GWF’Â2äRä“³#cSC¶æ¦Ö·W7VÖôBæ6öĞ£cS´¦'v&–öv³sssS¶–‡6ãT–†öòæ6öĞ£cc´GBâ–öæòÖVÆæÂ2åC³#cS“#¶F–¶&c$vÖ–Âæ6öĞ£csµWG&’ÆW7F&“³“#ƒ¶ç§VÆ–¶–†öòæ6öĞ£cƒ´6Æ—7FævW7GRÂ2å6“³SCCcS¶×VÇ–çFö·W&æ–vä7bææW@£c“´‚â&–Ö6–æv³#Cs·W6Ö†F–vF–Bæ6òæ–@£c#´Ö'6—Fò·W7VÖó³3#“ƒ·6f—G&––'&†–ÔBævòæ–@£c#¶G"â&–æ’¦–Ææ’Â2åBã³sƒC¶·W6ÖvF–FöFô7bæ–ç@£c##µv'6—F·W7væF&“³sSS·Gv–FöFôW'VÒæ&—¢æ–@£c#3´GBâ÷VæræG&–æ’Â2äf&Ó³#S3c¶v–ÆFFöæv÷&ä–†öòæ6öĞ£c#C´†'FæF'V¶¶RÂ2äRã³cs#ƒ¶'&FÖ†÷FÖ–Âæ6öĞ£c#S´'VF’ÖVÆæ“³3ƒCs¶Ö–F#dW'VÒæFW6æ–@£c#c´‚âvæ¦&â·W7væF&“³“ƒS¶†Æ–Ö¦–ÖäVBæ–@£c#s´&‡Wv—'–6—&Vv#³C“cƒ3¶6‡–çF÷7W'–öæôBçöçW2æ–@£c#ƒµ6Çv6çF÷6ó³SƒsC·v&F–†'–çF”vÖ–Âæ6öĞ£c#“´‚âæÆ"v6—FÂÒäf&Ó³C3S¶¶ÖÇ—Væ–$VBç66‚æ–@£c3µ'W6Öâ†Æ–Ó³C#sƒ3¶Ö¶&ƒT–†öòæ6öĞ£c3µv—&F6—Fö×VÃ³CcCs¶ææ÷f—F6&”W'VÒçöçW2æ–@£c3#´æ&7GWF“³3CƒS·F7v—&†76æ„vÖ–Âæ6öĞ£c33µ&6WG–ò·W7væF&“³CssSS¶æG&–æ—7W'–VBæ÷"æ–@£c3C´F'VævÇW–ó³“cS¶f·W7VÖôBæv÷`£c3S´Æ6Ööæò&FÖ³CS“CC·&–†ãC”W'VÒæ÷&p£c3c´VÇf–æ&†ÖvF“³3Scc¶ÖVÆæ†W7F”†÷FÖ–Âæ6öĞ£c3sµ&ævv§VÆ–¶³“ƒC33¶æ7––†¦vBævòæ–@£c3ƒµ&–GvâÖ&F†—–ƒ³3#ƒ#S¶¦6Öæ—&†ÖvF”BææWBæ–@£c3“´§VÆ–W&ÖFÂ2åC³#“C“¶¶¦VæÆ·6Ö—vF”–†öòæ6öĞ£cC´´‚â÷§’6—&Vv#³ƒCƒS“·†ÖVÆæ”vÖ–Âæ6öĞ£cC´GBâÆVvvÆ·6Ö—vF“³S#3Cc·W&ÖFÇW&‡W$vÖ–Âæ6öĞ£cC#´æ–ÆÒ·W7VÖó³sƒƒƒ¶†7GWF–ÆÆBæv÷`£cC3¶G"âFöFò7W6çF“³Cc3c·—VÆ–æ&6WG–ôBævòæ–@£cCCµ"äâ¶–Æ‡WFV³ƒ##·WFÖÇWFfävÖ–Âæ6öĞ£cCS´F'VæwW7F–æ³#““#·F&“Sd†÷FÖ–Âæ6öĞ£cCc´F–â&†—S³3SsC·FÖ—7V'F–æ”VBçvV"æ–@£cCs´G'2âæ7F6–ÆW7F&’Â2å6÷3³“s#¶çv–¦–çF”W'VÒæ6öĞ£cCƒ´G"âv7F’ævw&–vâÂÒä¶öÒã³csƒƒ¶·W&æ–vç&–æ”†÷FÖ–Âæ6öĞ£cC“µF—F’æ–ævvöÆã³Sƒƒ#·v·W7væF&”7bæÖ–Âæ–@£cS´VÆÆ&Fæ³“CƒCƒ¶–çFã#D†÷FÖ–Âæ6öĞ£cS´G&¦B&&÷vó³ƒSƒƒ¶vvF—v–&÷vô–†öòæ6öĞ£cS#µF—&æG6—"Â2ä¶öÓ³“#·vvã„W'VÒææW@£cS3´&—2ævw&–vã³s3“¶öÆ—f–Bæv÷`£cSC´ÆF–¶v6—F³“CcC·ÖæFÆ†÷FÖ–Âæ6öĞ£cSSµ6WF’F'V¶¶S³S3s¶g6—GVÖ÷&æt–†öòæ6öĞ£cSc´Ö–×Væ‚ö·Ff–æ“³c3sƒc¶†'–çF–×W'6—F7bæ&—¢æ–@£cSs´G'2â&–Gvâ6FöæòÂ2äf&Ó³“ƒSsS¶†Æ–Öf&–F†÷FÖ–Âæ6öĞ£cSƒ´¶'–6—&Vv#³Sc##¶W6—&Vv$Bæ2æ–@£cS“µVæ¦æ’6—GVÖ÷&æs³ƒCCc3·v–¦–çF–†W'TW'VÒæFW6æ–@£cc´¦–Öâ&7GWF“³3C##s¶v&ã34VBæ–@£cc´F&–F’W&ÖF“³3S3¶æ&¦“stBæ6öĞ£cc#´6·&'Væ†'–çFó³c3“c“¶Ö'–F–—'vävÖ–Âæ6öĞ£cc3´ÇV¶—Fv6æ³c3#ƒ·VæÖv7bævòæ–@£ccC´Wf6—F÷'W2Â2äRä“³cS“ƒ¶W7F–væ·W7v÷–ôvÖ–Âæ6öĞ£ccSµFv²â¦öæò†Æ–Ö‚ÂÒäÒã³3C““¶¦6Ö–ãƒ7bæ&—¢æ–@£ccc´G'2âFVwV‚W6Öƒ³#c#3·FFÖæ–´7bç66‚æ–@£ccs´—&†æF–æ’ÂÒäf&Ó³SCSs·6—Fö×VÆVÖöæt–†öòæ6öĞ£ccƒ´&w–&¦FÂ2ä¶öÓ³33“c¶6æG&s4†÷FÖ–Âæ6öĞ£cc“µBâ¶&æævW7GS³#ƒ“##¶Fæ—7v&6VgVÆÆ„BæÖ–À£cs´·W&æ–v–&—6öæòÂ2ä‚ã³c3Cc#·&VæG“CTvÖ–Âæ6öĞ£cs´Ö&–7Wv&æòÂ2ä•³#ƒ“cs·GVv–Öãt–†öòæ6öĞ£cs#µ&–öv6–†öÖ&–æs³sƒƒ·f–æ÷v‡—Væ”–†öòæ6öĞ£cs3µv&F’Wv—3³CccC¶'VF“dvÖ–Âæ6öĞ£csCµF—F’·W7v÷–ó³“C·—W7Vg6–†öÖ&–ætvÖ–Âæ6öĞ£csSµ"äâÆ&2æ–ævvöÆâÂÒäf&Ó³S3#ƒ¶æÖv¶ö¶ôvÖ–Âæ6öĞ£cscµ&W¦6—F÷'W3³#ƒ¶·W7VÖ#BæVGP£css´¶&–Ö‚&–öv³3CƒS“·&FVç6—Fö×VÄ7bæFW6æ–@£csƒµ÷&’–öÆæF³3“S¶Ö&–æG&–æ”BçöçW2æ–@£cs“µ"äâÖ–F&FæÂ2äRã³ƒ3S3¶Ö†W7v&&–Gvä7bæ2æ–@£cƒ´&VÆÆÖ'VærÂ2äf&Ó³ƒ“s·VÖ—v–F–7GWF”vÖ–Âæ6öĞ£cƒµ6WF’†–F–C³sƒcs¶†&¦6W'vçF”7bæÖ–À£cƒ#´ç–æ7Wv&æó³#cc3·v—6çWv–æ&æôBææWBæ–@£cƒ3µ&†Ö’W'F—v“³Ccc·W7–—6–†öÖ&–ætBæ&—¢æ–@£cƒC´æ—–vÖæwVç6öæs³cS“ƒ¶—§VÆ–¶Bæ÷"æ–@£cƒS´&æv·W7VÖó³S“#s¶¶Ö&–D†÷FÖ–Âæ6öĞ£cƒc´÷6¶"×VÇ–æ“³s3Sc·6ÆÖWC3t–†öòæ6öĞ£cƒs¶G"â¶–æG&·W6ÖvF“³ƒƒƒ“s¶†'FF–6ÖävÖ–Âæ6öĞ£cƒƒ´væW2ÖæF6&’Â2ä¶öÓ³##“·vÆ§V&F”vÖ–Âæ6öĞ£cƒ“´&Æ–F–â6—GVÖ÷&ærÂ2äf&Ó³Cs“3ƒ¶–Ç–33„†÷FÖ–Âæ6öĞ£c“´Ææ¦"7W'–öæó³ƒCc·WGS#”7bæ×’æ–@£c“´¦–Öâ‡WF6ö—C³S#Cƒ¶æ“S†÷FÖ–Âæ6öĞ£c“#µFv²âÖ–FæG6—#³CcCS·f—f“3D†÷FÖ–Âæ6öĞ£c“3´ÇWvW2—Væ–#³S#ƒc¶g6FöæôvÖ–Âæ6öĞ£c“CµFv²âFÖ’æ6†—'VFF–ã³cƒ3s·6†¶–Æv6æ7bæ2æ–@£c“Sµ6†¶–Æv–¦–³“ƒ“S¶‡WFV¶æ––†öòæ6öĞ£c“c´¶VÖ&Ö&'Vã³C3s·Wv—6†–ÆF7bæ–ç@£c“sµ"äâFæ–çW&F—–çF’Â2äf&Ó³3#S¶çVw&ö†÷F—'F–6VBæVGP£c“ƒµ"â&F—B&—–çF’ÂÒäf&Ó³ccSƒ¶†×¦†æ–ævvöÆäW'VÒæ&—¢æ–@£c““µ"â&·F–çFò'VF–ÖâÂ2åC³scS3S¶VÆ–Æ·6Ö—vF”Bæv÷`£c#µv–G–W6Ö‚ÂÒäf&Ó³s“CC·&7GWF–VÖ4†÷FÖ–Âæ6öĞ£c#´†'F¶†6æƒ³#ƒs#¶væFWv¦çV$†÷FÖ–Âæ6öĞ£c##´¶&–Öâ‡WF6ö—BÂÒåD’ã³ƒƒ¶ö¦–Ææ”–†öòæ6öĞ£c#3´†¢âv–æ†æF–æ’ÂÒäÒã³ƒCƒƒ¶F'–æ——VÆ–çF”Bæ6öĞ£c#Cµ&FVâ7Wv&æòÂ2ä•³scs¶ÆævvVæw6—F÷'W4–†öòæ6öĞ£c#S´–¶wVævâÂÒäf&Ó³C“·WFÖs$vÖ–Âæ6öĞ£c#c´æF–æRæ—GWVÇS³S#“s·W––æ„†÷FÖ–Âæ6öĞ£c#sµVVVâ6—Fö×VÂÂÒä¶öÒã³sscs#¶Ç6Æ‡VF–ävÖ–Âæ6öĞ£c#ƒ´væW2†–F–çFòÂ2äRä“³sƒ#s·‡6—&Vv$vÖ–Âæ6öĞ£c#“´6–çF†–Ö&'Vã³#“3“s·W'vçFó“”†÷FÖ–Âæ6öĞ£c#´¶F—"—VÆ–'F“³SCc¶f—&vçF÷&ö6—'vFvÖ–Âæ6öĞ£c#µ6·W&¦çV#³3CS“ƒ¶¦W76–6·W&æ–väBæ6òæ–@£c##´·W7VÖ&7GWF“³ƒ#3·6&“S4Bæ&—¢æ–@£c#3¶G"â¶&F’&6WG–òÂÒäÒã³s3ss¶Ö'6—Föæ'F”BçöçW2æ–@£c#C¶G"â6v²ÖçVÆÆæs³cc#3¶VÖ–Ãƒ”W'VÒæv÷`£c#SµFæ–7GWF“³CC#·væG6—$VBæÖ–Âæ–@£c#c´Ö—G&†76æ‚Â2ä¶VC³3ƒc“#·v–æ'6–†&Æ–F–ä†÷FÖ–Âæ6öĞ£c#s´Ö’Ö†W7v&Â2äRã³C#CsS¶æ7F6–cT–†öòæ6öĞ£c#ƒµwVÆâ·W&æ–vã³csCC·v‡—Væ—6&„BæÖ–À£c#“µ6·W&&æ÷vó³#cC#¶V¶çVw&ö†ôBæ6öĞ£c##µFv²âvæ¦&â†&F–ç7–‚Â2ä¶öÓ³ƒsƒ3C·W'vçFós4vÖ–Âæ6öĞ£c##µfæW6&Fæ³#¶¦FÖ–¶÷—VÆ–çF”vÖ–Âæ6öĞ£c###µvÇW–ò7VF–F“³cS·&†Ö—6Ö÷6—$BæFW6æ–@£c##3´væw6‡WF6ö—C³ƒcc3s¶vÆ#ctBæ–@£c##C´Ö·WFFÖ&³sc“ƒC·§VÆ–¶†'FôBæ×’æ–@£c##S´vF–ærf&–F³Cccc¶†VæG&“ƒ„–†öòæ6öĞ£c##c´—"â&æv’wW7F–æÂ2äw£³“CC·§W'vçF”†÷FÖ–Âæ6öĞ£c##s´æ6"6WG&ÂÒäf&Ó³ss#S¶F&ÖçF÷—Væ–$W'VÒææW@£c##ƒ´vG&6FöæòÂÒåC³S##ƒS·v–æ&æ÷WGT–†öòæ6öĞ£c##“´¦–æv’‡WF6ö—BÂ2å6÷3³c#S·v–æ&æö†Ö–Ö†÷FÖ–Âæ6öĞ£c#3´Ö'Fæ&F—F³c“ss¶ç6FöæôVBçöçW2æ–@£c#3µ&—2&æ÷vó³CS“¶ÆÖ&†'FF”vÖ–Âæ6öĞ£c#3#´ÖÆ–¶—7v‡—VF“³3ƒsS¶æ6†—'VFF–çv‡—T†÷FÖ–Âæ6öĞ£c#33´¶æF—&vã³ƒSs#ƒ·&Ö&'VävÖ–Âæ6öĞ£c#3Cµ&ævv—Væ–#³ƒ#CC¶Æ§V&F—6f–æVBæ÷"æ–@£c#3S´WfW7—FÂ2åC³cSƒs“·¦‡&t†÷FÖ–Âæ6öĞ£c#3cµ"äÒâ¶Ö–F–â&6WG–ó³ƒcsC·Wv—7V¦”Bæ–@£c#3s´f—G&–·W7v÷–òÂ2äRã³CSsS3¶ö·Ff–æ–6&ÆBæ2æ–@£c#3ƒµFv²â§VÆf·W7VÖó³SC#cƒ¶—'vã$vÖ–Âæ6öĞ£c#3“µ7WFâv6—2æÖv³Sƒ3ƒc·G&†ÖvF”†÷FÖ–Âæ6öĞ£c#C´—"â¦VÖâÖ'–F“³ƒC“ƒ·&F—G–Ö–6&”–†öòæ6öĞ£c#C´¶VæW2FÖæ–²ÂÒä¶öÒã³#C3“s¶¦ö†ãd–†öòæ6öĞ£c#C#µwVÆâv6—F³“CCc“·÷&–ÖæF6&”Bæ–@£c#C3´f—G&–æ’F†×&–âÂ2å6“³CcS·V¦“SdvÖ–Âæ6öĞ£c#CC´G'2â¶&æÖçVÆÆæs³##s·†‡WFVvÖ–Âæ6öĞ£c#CSµVæ¦æ’&F—v“³3cƒ“ƒ·6Föæö–çFäW'VÒæÖ–À£c#Cc´ÖÆ–¶—Væ–#³ƒ3ccc¶FÖæFÆ–†öòæ6öĞ£c#Cs´æ¦Ò×VÇ–æ’Â2åC³3ƒƒc·WFÖ†æ7bçöçW2æ–@£c#Cƒ´—"âv—&FW––æƒ³C33#S¶†–F–F–¶–ä7bç66‚æ–@£c#C“´¦ÖÆ–·W7v÷–ó³C#s¶×V†ÖÖFçW&–æ”†÷FÖ–Âæ6öĞ£c#S´VæG&6f—G&“³cSc¶VçW&F—–çF”W'VÒæ6öĞ£c#S´—7–‚v–¦–çF“³3Sƒ“S·6—&Vv'–öæôVBæ2æ–@£c#S#´¶&–Ö‚§VÆ–¶³33ƒs·6—GVÖ÷&æv¶'FW'VÒç66‚æ–@£c#S3´6‡–öæò6&v–ƒ³ƒs#ƒ¶FWv“S$BææWBæ–@£c#SCµ&FVâÖæwVç6öæs³“S3SS¶ç–öÖãBçöçW2æ–@£c#SSµ&6†VÂÆ7G&“³SC““c·v&F–F×V&öÆöä†÷FÖ–Âæ6öĞ£c#Sc´GBâ&w–&6WG–òÂ2äf&Ó³s““C¶ÇWFfç&¦67bæ&—¢æ–@£c#Ss´×VÇ–öæòÆ§V&F’Â2äf&Ó³ScSƒ“¶Ö–6†VÆÆVÖæwVç6öætvÖ–Âæ6öĞ£c#Sƒµ"äâv†Æ—–F’FÖ6&“³cƒƒƒc·7V'F–æ—&†&¦–†öòæ6öĞ£c#S“´—7–‚†¶–Ó³3C3CC¶6†¶–Ô†÷FÖ–Âæ6öĞ£c#cµ6ÆÖâ6–Ö&öÆöã³##C¶ÆÆ#TBæÖ–Âæ–@£c#c´†¢âV¦’W6Öƒ³3“ƒƒ¶÷VæsSt7bæ&—¢æ–@£c#c#´†¢â&VÆÆ†&–&“³#ƒ3¶—VF¦–7GWF”BæÖ–Âæ–@£c#c3µF—F–âÖ&F†—–ƒ³S3#¶VÆ—WG&7bæ6öĞ£c#cCµW7–’6—GVÖ÷&æs³#ƒ##“¶F–ãc”Bæ–ç@£c#cS´G"âvÆ"ævw&–æ“³C#¶&æv“t†÷FÖ–Âæ6öĞ£c#cc¶G&râæÆ"çW&–æ“³S#cc·&F—v–—6Ö–Ä7bæ6òæ–@£c#csµf–7F÷&–Æ§V&F“³SƒsC#·–öÆæFæ§vVBæ÷"æ–@£c#cƒ´VÆöâW7—FÂ2ä’ä¶öÓ³3s#S3¶76–Öæ§VçF´W'VÒææW@£c#c“´¶Ö&–&¦F³ScsC·v–G–C–†öòæ6öĞ£c#s´¶W¦–¦çV#³3#3#¶¶Æ&&÷vô–†öòæ6öĞ£c#s´Ö–6†VÆÆRÖæFÆ³Scƒ·6—F“TBæ6òæ–@£c#s#µ&–æ×VÇ–æ“³3Ccƒ¶æ–ævvöÆæÆ–G–Bç66‚æ–@£c#s3´¦VærÖ'–F“³#CsCc¶fÖæwVç6öætVBç66‚æ–@£c#sC´—&æçFò6—&Vv#³scs¶F'S“”†÷FÖ–Âæ6öĞ£c#sS´–6†v‡—VF–ã³scc3¶öÖ'6–†öÖ&–ætvÖ–Âæ6öĞ£c#sc´Ö–†–F–çFó³csCC¶G&–ç7–†F6–ävÖ–Âæ6öĞ£c#ssµBâvvâF×V&öÆöâÂÒäÒã³S#Cs#¶æ·W7v÷–ôBæ÷&p£c#sƒµWF’6f–æv–FöFòÂ2ä‚ã³Sc3#S·&–Gvã“vÖ–Âæ6öĞ£c#s“´öÆ—f–Föæv÷&âÂÒäf&Ó³cCc3S¶GW7—FW'VÒçvV"æ–@£c#ƒ´‡VÖ—&&F–çFó³33#3¶Ö†W7v&¦VÆ–BçvV"æ–@£c#ƒ´F–âæ'F“³c3“ƒ·v'VF–Öä†÷FÖ–Âæ6öĞ£c#ƒ#´6–çF&6WG–³sSCƒ·6VgVÆÆ„VBæ–@£c#ƒ3´&·F–öæò†Æ–Ó³Sƒ“S¶Gv–&—6öæôvÖ–Âæ6öĞ£c#ƒC´&æv’†Æ–Ó³3sƒ#·&F—G–“t†÷FÖ–Âæ6öĞ£c#ƒS´¶ÖÂ7W6çF“³#C33·&¦F–¶‡6ävÖ–Âæ6öĞ£c#ƒc´—"â&–æ—&vâÂ2äf&Ó³“3#CC¶6wV¶F'V¶¶TBçvV"æ–@£c#ƒs´ö·F&Fæ³“sƒƒƒ·W&ÖFFÖ$VBææWBæ–@£c#ƒƒ´v–æv6¶—FÂÒäf&Ó³““C¶Æ–Æ#DvÖ–Âæ6öĞ£c#ƒ“´¦–Vær6—Fö×VÃ³C3#¶†æF–æ—V¦”vÖ–Âæ6öĞ£c#“´&Æ&67F³S3SCƒ¶æG6—&Ö'F¶BæVGP£c#“´G"â¦VÖâæ–ævvöÆâÂ2äw£³sƒƒ“S¶¶W¦–†÷FÖ–Âæ6öĞ£c#“#´ÇVÇV‚ÖæwVç6öæs³33C¶ÇW&‡W#„–†öòæ6öĞ£c#“3´VÇf–ææG6—#³SSSC¶ÆF–¶–öÆæFvÖ–Âæ6öĞ£c#“C´VÖâævw&–æ“³3cC“s¶7v6¶—F†÷FÖ–Âæ6öĞ£c#“S´‚â6Öâf—&vçF÷&òÂÒåC³Scƒsƒ·W'vF–7GWF”W'VÒæFW6æ–@£c#“cµ6†æ–'VF–Öã³#Css“¶†Æ–Ö$Bæ2æ–@£c#“s´'F‡WFvÇVæs³#scs¶æG&–æ—6Ç6&–Æ7bæ–@£c#“ƒ´–æ&¶6Â2å6“³ƒcƒƒ3¶†Æ–ÖV¶†÷FÖ–Âæ6öĞ£c#““´¦ÖÆ–Æ·6Ö—vF“³3SSC¶v–ÆF”†÷FÖ–Âæ6öĞ£c3´ÆVv&Fæ³s3“c¶Föæ÷7Wv&æô7bæÖ–Âæ–@£c3µW'vçFò&¦6³3ƒ““#¶—Væ–$vÖ–Âæ6öĞ£c3#´&wW2Ö'–F“³SƒCc·7W'–öæô7bçöçW2æ–@£c33µ&–æ–öÆæF³3C33·–Föæv÷&ävÖ–Âæ6öĞ£c3C´¦6Ö–âv–¦–³s3·7VF–F–&‡Wv—'––†öòæ6öĞ£c3S´ÖÆ–¶&&÷vó³c“sƒƒ¶6¶WC#$vÖ–Âæ6öĞ£c3cµ"âF——&vâÂÒåD’ã³#S3ƒC¶¶æ'F”–†öòæ6öĞ£c3s´VÆÆ6—GVÖ÷&æs³Sc¶¦ö¶óc4–†öòæ6öĞ£c3ƒ´G'2â¶VæW2gV¦–F“³#ƒƒ“3·‡W76&”VBæ6öĞ£c3“´Ö†W66Æ‡VF–ã³ƒCcS¶Æ'V†¦–Ææ”W'VÒæ–ç@£c3´–¶6—&—BÂÒäf&Ó³s¶&æ7––„BæÖ–Âæ–@£c3¶G"âW'vF’6–Ö&öÆöã³c“c#c¶f&–F6–Ööä–†öòæ6öĞ£c3#´6—'vFG&–ç7–ƒ³cCcc·F—7v‡—VF”7bæ–ç@£c33´æ–ÆÒWFÖ³ƒs3S·F—F–çFÖ&VBæFW6æ–@£c3C¶G&râ&Æ6—&Vv"ÂÒä¶öÒã³Sƒ#“¶wVævæv–Ææt†÷FÖ–Âæ6öĞ£c3S´Ö'–çFòÖ–6&“³CsS“¶¦7vF“#„7bæ–ç@£c3c´—"â7W'–&¦FÂ2å6“³scCƒs·7–‡&–æ–†Æ–ÔvÖ–Âæ6öĞ£c3s´6æG&¶çFÖ†W7v&³S#Cƒc¶ÇVÇV†çW&F—–çF”Bç66‚æ–@£c3ƒ´Ö†gVBF×V&öÆöã³c33#3¶6‡–çFósTBæ–@£c3“´–Ç6Ö†VæG&³cSSsc¶¶Ö&–ƒdvÖ–Âæ6öĞ£c3#´¶&–Ö‚†¶–Ó³##Csƒ¶V¶c”7bæ&—¢æ–@£c3#´¦–Â&æ÷vó³“sCC“·V6†—Fæ÷f—F6&”†÷FÖ–Âæ6öĞ£c3##´¦6Öæ’WFÖ³3#cƒ“¶—&væÖ†F”W'VÒçvV"æ–@£c3#3µ–æ6RF†×&–ã³c“ƒ¶&¶–F–·W7VÖôvÖ–Âæ6öĞ£c3#CµFÖ’æ–ævvöÆã³ƒScS¶æ&F“StvÖ–Âæ6öĞ£c3#S´Ö'–F’&¦F³Cc“s¶—7–‡&¶6BæFW6æ–@£c3#c´Æ–çFærÖ&F†—–ƒ³ƒsƒss¶F–vF–ƒ4†÷FÖ–Âæ6öĞ£c3#s´öæ’†–F–çFó³SSSS¶F–Ö6æ6†—'VFF–ävÖ–Âæ6öĞ£c3#ƒ´ÖÆFÖ&³s#S#S¶F&–Ö–æ'–æ”Bç66‚æ–@£c3#“´¦öæòW&ÖF³ƒsC·v–&—6öæö&‡W&·6VBævòæ–@£c33´G'2âV6†—Fv6—FÂÒäf&Ó³3s3Ss·‡WF6ö—DvÖ–Âæ6öĞ£c33µ&–¶†6æƒ³#3“Ss·V'VF—–çFô–†öòæ6öĞ£c33#´VÆÖf—&Öç7–ƒ³“3Csƒ·—Væ—F#dBç66‚æ–@£c333µ—Væ—FW&ÖF“³CƒSc¶VÖ6†6æ„7bææW@£c33C´V¶òW––æ‚Â2å6“³C3cc3¶æG&–æ–†W'T7bæ×’æ–@£c33Sµ–æ’7W'–öæó³#ƒcC¶·W&æ–væ&¶F†÷FÖ–Âæ6öĞ£c33c´¶Væ&’6–†öÖ&–æs³ƒcC¶F–ãSD–†öòæ6öĞ£c33sµVÖ–v7GWF“³“##·F—'F–6ƒ4–†öòæ6öĞ£c33ƒ´6·&'VævÇW–ó³3c3Sƒ·6—Fö×VÆ&VÆ–æFvÖ–Âæ6öĞ£c33“´ç–öÖâv‡—VF–ã³##S#¶F–Ö¦‡WFV†÷FÖ–Âæ6öĞ£c3C´&VÆÆ6—&Vv"Â2åC³“S“¶&F–çF÷&&÷vôBæ–ç@£c3Cµf—f’&Fæ³ƒ3“S3·‡&¦FW'VÒæÖ–À£c3C#¶G"âW&÷&çW&F—–çF’ÂÒåC³““““s¶VÖãtBæ6öĞ£c3C3´v–ÖâWFÖ’Â2åC³ƒ3#¶6—'væFcT†÷FÖ–Âæ6öĞ£c3CC´7WBFWv’6—GVÖ÷&æs³C##s¶ÖVÆæFvVÄ7bæ–@£c3CS´–6†&F–çFó³ccSS3¶6v—6F“cdBæFW6æ–@£c3Cc¶G"âÖ'vF'–æ’Â2äw£³CS·6—F“tW'VÒæÖ–À£c3Cs¶G"âvvR·W&æ–vâÂ2å6÷3³s3ƒc¶¦–Ææ—G&–6–†÷FÖ–Âæ6öĞ£c3Cƒ´¶&æ†'FF“³S##sS·F6æ–Ó4vÖ–Âæ6öĞ£c3C“´FRv–&÷vòÂ2ä¶VC³S3#3#·&†–Ö†æ&F”Bæ6òæ–@£c3S´ÆVÖ&‚gV¦–F“³S#c·6öÆV†'VF—–çFô7bævòæ–@£c3S´GBâ¦vF’6VgVÆÆ‚Â2ä¶VC³3ssC·f–æö—7v‡—VF”†÷FÖ–Âæ6öĞ£c3S#´´‚âvÆær–öÆæF³SsC¶æ&–Æs„vÖ–Âæ6öĞ£c3S3µf–6·’v6—F³“Sc#¶çW&–æ–†–ÆFBæ6òæ–@£c3SC´¦6Öæ’v‡—Væ’Â2ä¶öÓ³333C¶fF†öæƒ„7bçöçW2æ–@£c3SS´¦6Ö–â¦–Ææ“³s3ƒsS¶¦&ÃCt7bæ÷"æ–@£c3Scµ"â&·F–F’†&–&“³SC3S3¶ÖVÆæ&·F–çFô–†öòæ6öĞ£c3Ssµ&†Ö’—7v‡—VF“³“3Cs·6Ç6&–Æ6—&Vv$†÷FÖ–Âæ6öĞ£c3SƒµWF’–Ç6Öç7W#³“cCcs¶æöÓ“dvÖ–Âæ6öĞ£c3S“µ&—2†–F–C³#ƒSSC·æ6æG6—$7bæÖ–Âæ–@£c3cµ&V·6'–æ“³3S¶öæ7––F„–†öòæ6öĞ£c3c´7WB†Ö–ÖÖ†W7v&Â2ä¶öÓ³#Sƒ“s¶–æ÷f—F6&”Bæ×’æ–@£c3c#µFv²â–â7W'–öæó³“#3#¶æ—GWVÇVFWv”vÖ–Âæ6öĞ£c3c3´†¢âVÆ–âgV¦–F“³“SƒC3¶g6Föæô†÷FÖ–Âæ6öĞ£c3cC¶G"â6'&–æ§VÆ–¶³C#ƒ“¶f&‡Vææ—6Ö'–F”W'VÒçöçW2æ–@£c3cS´†Æ–Ò&F—FÂ2ä¶öÓ³s“s##¶&FÖæ–´W'VÒçöçW2æ–@£c3cc´ÆVv&7GWF“³c###¶—&F—v”vÖ–Âæ6öĞ£c3cs´G'2â6Ö–‚&¶6ÂÒåC³#S“sS·7W'–FÖ”–†öòæ6öĞ£c3cƒ´¶–æG&6Föæó³ƒƒsC“¶—&–æs”7bç66‚æ–@£c3c“µVÆ’&F—F³#“sC·&–—FæƒDBçöçW2æ–@£c3s´ÆævvVær§VÆ–¶³C“S·&†ÖvF–¶W¦–W'VÒæ2æ–@£c3sµ–öæò6Æ‡VF–ã³“s¶'&æ÷vôBææWBæ–@£c3s#´Ö·WF6—&Vv#³“c·6—&Vv&VF—6öä–†öòæ6öĞ£c3s3µvvâF†×&–ã³S3ƒƒC·7W'–öæ÷F–Ö'VÄ–†öòæ6öĞ£c3sC´ÖÆW'vçF“³sSc¶6¶WGFÖ6&”W'VÒæÖ–Âæ–@£c3sS´G'2âv–ÆFö·Ff–æ“³CsS#¶¦–Vævæ÷f—F6&”vÖ–Âæ6öĞ£c3sc´F–Ö¢æ7––Fƒ³“3sc¶'VF—–çFöÖ†W6vÖ–Âæ6öĞ£c3ssµv—6çR—Væ–#³cC·6×W7Föf7bçöçW2æ–@£c3sƒ´ÇW&‡W"f—&Öç7–ƒ³Cc¶¶—Væ†&–&”†÷FÖ–Âæ6öĞ£c3s“´f—G&–Föæv÷&ã³c“S¶Æ—7v‡—VF”7bææW@£c3ƒµ7V6’†76æƒ³3“ƒs¶Æ–G–s†÷FÖ–Âæ6öĞ£c3ƒ´FWv’wVævã³SSc#·—v–¦–çF”W'VÒæ–ç@£c3ƒ#´&æ6"&&÷vó³“ƒ#3C¶VF—W&ÖF7bçvV"æ–@£c3ƒ3µ7WFâÇW&‡W"W––æƒ³c“3#·Wv—6'6—G&†÷FÖ–Âæ6öĞ£c3ƒCµ"äÒâ&F—G–f&–FÂÒäf&Ó³“s·6Æ‡VF–æ&v4vÖ–Âæ6öĞ£c3ƒS´FçV¦×W7FöfÂ2äw£³ssC¶×W'6—F3Bæ6òæ–@£c3ƒcµ7WFâ¶Vç¦–Ræ'F’Â2ä•³“ƒƒƒ¶6†6æ„vÖ–Âæ6öĞ£c3ƒsµ"äâvæW2v–&÷vòÂÒä¶öÒã³333c¶7&FæBçöçW2æ–@£c3ƒƒ´WfÖæwVç6öæs³scC3#¶¦—7VF¦–7GWF”BæVGP£c3ƒ“µ&—2Ö'–F“³sC3Cƒ·fç–æ—GWVÇTvÖ–Âæ6öĞ£c3“´FÆ–ÖâæÖv³C“3“s·Væ¦æ“3Bæ÷&p£c3“´&Æ–F–â†æF–æ“³3C#““¶wv–F–7GWF”BæÖ–Âæ–@£c3“#´—"â6–6’6–†öÖ&–ærÂÒä³³#C3cS¶ÖæFÆöÖ$7bæ÷"æ–@£c3“3¶G&râVæ¦æ’æ—GWVÇS³C3“3s¶†6–×6—&Vv$†÷FÖ–Âæ6öĞ£c3“C´Ö¶&Ö†VæG&³33CC¶W6—&Vv$†÷FÖ–Âæ6öĞ£c3“S¶G"â§VÆ–¶†'–æ’Â2åC³CƒcC#¶Æ–¶æ6†—'VFF–ä–†öòæ6öĞ£c3“cµVÇf'–æ“³CS3S·VG&–ç7–„†÷FÖ–Âæ6öĞ£c3“sµF–æ&7GWF“³cƒ¶F'6—&ƒcTvÖ–Âæ6öĞ£c3“ƒµ"â¦–Â6–†öÖ&–ærÂ2å6“³ƒSSC¶'VF–ÖævæF”Bæ÷&p£c3““µ&†Ö’6—&Vv#³cScs¶VF“d–†öòæ6öĞ£cC´vGV‚F†×&–ã³“CCs¶¶VÖ&·W7væF&”7bæÖ–Âæ–@£cC´6—G&Æ·6Ö—vF“³CƒsS#·vF“3$vÖ–Âæ6öĞ£cC#´W&–²6WG&Â2å6“³s3C##·&f“#„–†öòæ6öĞ£cC3´G"âf—G&–æ’v‡—Væ“³“Sscs·&6WG–Æ–¶VBæ&—¢æ–@£cCCµ—W7Vb6f—G&“³SSƒ#ƒ·v6—FW7F–vävÖ–Âæ6öĞ£cCS´Fæær7V'F–æ“³sCS3¶¦—33TvÖ–Âæ6öĞ£cCcµ"â&W7GR7W'–öæòÂ2åC³#ƒ““¶VÖ'V‡7VF–F”†÷FÖ–Âæ6öĞ£cCs´¶F—"æ7––ƒ³3c3#ƒ¶76f—G&”†÷FÖ–Âæ6öĞ£cCƒ´†æ’†&—–ƒ³SC“·v–FöFö–¶–äW'VÒæ÷&p£cC“´G"â¶&–Ö‚vÇW–òÂÒåD’ã³3333¶¦'v“vÖ–Âæ6öĞ£cC´6†æG&Ö&'Vã³s3“ƒ·GF×V&öÆöä–†öòæ6öĞ£cCµ"äâv†Æ—–F’6Föæó³“CC·W6Ö†ÇVÇWDvÖ–Âæ6öĞ£cC#´vÖ&—&W––æƒ³sƒss“¶&¶–öæó“t–†öòæ6öĞ£cC3´—"âöæ’7VF–F’ÂÒä¶öÒã³s3ss¶ÆW7F&—6¶vÖ–Âæ6öĞ£cCC´ÆÆ†'–çFòÂ2äRã³#S“¶FçW&F—–çF”vÖ–Âæ6öĞ£cCS´çVw&†Æ·6Ö—vF“³scƒS¶G—VÆ–'F”†÷FÖ–Âæ6öĞ£cCc´—"âÖÆvÇW–òÂ2ä•³cc3¶ÖæF6&–&¶–¦ä†÷FÖ–Âæ6öĞ£cCs´W&–²6—Fö×VÃ³#“ScC¶ÖVÆ–æF7VF–F”vÖ–Âæ6öĞ£cCƒ´G"âf–öÆWBÆ·6Ö—vF“³C¶FÆ§V&F”Bævòæ–@£cC“µFv²âvF’—VÆ–'F“³CsC·VÖ'–F”W'VÒæ÷&p£cC#´ÆF–¶ÆGWöæòÂ2äw£³C“s¶f7GWF”vÖ–Âæ6öĞ£cC#´‚âv&·W7VÖòÂ2å6“³cƒC“c·76—&Vv$Bæ–@£cC##µvvâ&†—S³Sc“ƒ·&'VÆGWöæô–†öòæ6öĞ£cC#3µBâF—&¦æ—GWVÇRÂÒä¶öÒã³ƒSCƒ¶vF#t–†öòæ6öĞ£cC#C´VF’6çF÷6òÂÒä¶öÒã³3“#s“·v–æ'6–†v–ÆFVBæ6òæ–@£cC#SµWF’W&ÖF“³#“¶F–æ'VF—–çFô–†öòæ6öĞ£cC#c´ÖÆ–W6Ö‚Â2ä‚ã³“C“C¶†VæG&dW'VÒææW@£cC#s´vÇV‚·W6ÖvF’Â2å6÷3³3“3·6–æv·W&æ–W'VÒæ–ç@£cC#ƒ´æ7F6–6–†öÖ&–ærÂ2äRã³“s#s·fVv”†÷FÖ–Âæ6öĞ£cC#“µ"äÒâævW&âæ¦×VF–ã³c3Cs·¦ÖæFÆ†÷FÖ–Âæ6öĞ£cC3µv–G–æG&–æ“³“s““C·væ—GWVÇTVBæFW6æ–@£cC3´GBâÆF–b6WG&³ƒSC·–övçVw&ö†ô–†öòæ6öĞ£cC3#´§VÆ–—7v‡—VF“³3c“C¶æ&F—FÖ6&”–†öòæ6öĞ£cC33´&VÆ–æF&—–çF“³#SƒC“¶¦·W7VÖôBæÖ–Âæ–@£cC3Cµf—&Öâæ'F“³SCCc¶F–Ö£c4–†öòæ6öĞ£cC3S´¶6—–‚f—&vçF÷&ó³cs“¶öæ“ƒDBæ÷"æ–@£cC3cµWF’6Çv&F—v’ÂÒåC³c#3c·6·F“stVBæÖ–Âæ–@£cC3s´&¶–ÖâG&–ç7–‚Â2åC³#““S·6–gVÃ#47bæ÷"æ–@£cC3ƒµVÇfW&ævF’Â2ä’ä¶öÓ³CSC“3·çW&–æ”BæÖ–À£cC3“´ÖÆ–¶v–FöFó³c#sC¶6–ö&VÆÆƒ„Bæ×’æ–@£cCC´¶ö¶òW&ÖF“³C3S“·6WF–væ†Æ–ÖvÖ–Âæ6öĞ£cCC´†¢â÷†VÆ–æ7––‚ÂÒä³³“sc¶6Ö'–F”–†öòæ6öĞ£cCC#µ—VÆ–6Æ‡VF–âÂ2ä¶VC³CCƒ“¶Ö&'VæVæF„VBææW@£cCC3µFÖ’F'V¶¶S³##“s¶†76æ†¶Ö&Æ”–†öòæ6öĞ£cCCC´æ&F’W&ÖF³Cƒ##3¶—fã#”7bæ2æ–@£cCCS´†¢â¦Væ"vÇW–òÂÒäÒã³“cƒ3S¶v&ævÖæF6&”†÷FÖ–Âæ6öĞ£cCCc¶G"â6Ö–‚6&v–‚Â2åBã³S3c3¶F'VææG&–æ”†÷FÖ–Âæ6öĞ£cCCs´´‚â6‡–öæòÖæwVç6öæs³“#CS·6—&Vv&¶'6†÷FÖ–Âæ6öĞ£cCCƒ´—&æçFòÖæFÆ³3C¶G&–ç7–†6–ö&VÆÆBæ×’æ–@£cCC“´VçFVærgV¦–F’ÂÒäÒã³SCC·Wv—6vÆ–öæôBææWBæ–@£cCS´v†Æ—–F’6—Fö×VÃ³ƒsCƒ3·V†7GWF”vÖ–Âæ6öĞ£cCSµ–×W7Föf³#SsS¶¦–Ææ–Ö&–VBæ&—¢æ–@£cCS#´vÆ–‚—&vã³cC#cS¶f†'–çFôBæFW6æ–@£cCS3¶G"â¶VæW2wVævã³S3ƒƒ·WFÖ–VvW'VÒæ6òæ–@£cCSC´¦'v’†&–&“³“ƒsC#¶&—7&F—v”vÖ–Âæ6öĞ£cCSS´öÆ—f–æ7––ƒ³##CCƒ¶6v·&æ÷vô†÷FÖ–Âæ6öĞ£cCSc´æ–ÆÒ&†—S³ƒCSc·v6æ†&¦vÖ–Âæ6öĞ£cCSs´6V×ÇVæ²—7v‡—VF“³CcC#¶Æ·6Ö—vF—&F—G–W'VÒææWBæ–@£cCSƒ´FÖ¦Æ·6Ö—vF“³“cC“·wVÆæF&”†÷FÖ–Âæ6öĞ£cCS“µ&†ÖB—VÆ–'F“³SC“cs¶ÖÆ–¶#D7bæFW6æ–@£cCc´ÆF–¶æ7––Fƒ³sCƒƒ¶—&–æ‡WFVW'VÒæ÷&p£cCc´ÖÆ–·W7v÷–ó³#Cƒ“¶Æ–Æ6&—f–·F÷$BæÖ–À£cCc#´væw6"7V'F–æ“³sss#¶Ö&'Væ&¶–öæô7bævòæ–@£cCc3´væw6"W––æƒ³#3C·—W7Vc#$W'VÒç66‚æ–@£cCcC´¦Vg&’W&ÖF³ƒ#C¶¦ö†ç—VÆ–'F”–†öòæ6öĞ£cCcS´Ö–×Væ‚§VÆ–¶³ƒ“ss¶Æ&3st7bçöçW2æ–@£cCcc´¶VÖÂv–æ'6–ƒ³ƒs¶ÆGWöæö—&–æ7bæ6òæ–@£cCcsµ"äâ†–ÆFævW7GS³““cc·VÖ#C7bæ–@£cCcƒ´¦¶&F—F³““3s¶¦–ÃtBæ×’æ–@£cCc“´Ö·WF7W'–FÖ“³cs“cc¶—v6¶—F†÷FÖ–Âæ6öĞ£cCsµ&–¶v6æÂ2åBã³cCsC¶VÆW7F&”Bæ÷"æ–@£cCsµfW&òæ'F“³“33¶¦'vF“$vÖ–Âæ6öĞ£cCs#´öÆ—f7VF–F“³csSS·§6&v–„vÖ–Âæ6öĞ£cCs3´Gv’ö·Ff–æ“³SSC#“¶‡WF6ö—F–‡6ävÖ–Âæ6öĞ£cCsC´æ÷f’v6—F³3#CS“¶æ—GWVÇV¦Vg&”†÷FÖ–Âæ6öĞ£cCsS´æ¦Ò¦–Ææ“³#ƒsS¶wF×V&öÆöäW'VÒææWBæ–@£cCsc´¦æWBW&ÖF³ƒ#Sc“·Ö'–F”Bæ&—¢æ–@£cCss´†¢â6–æG’&&÷vó³Sƒƒs¶¦v&vdVBæVGP£cCsƒ¶G"â6v²v‡—VF–ã³sCƒ“#¶¦'VF–ÖävÖ–Âæ6öĞ£cCs“´¦Vg&’WG&³CƒsS·&–æ#dBæv÷`£cCƒµ"â†–ÆFW'vçF’ÂÒä³³c##·&F–ƒC”vÖ–Âæ6öĞ£cCƒ´¦6Ö–âÖ&'Vã³S#cC3·†&F–ç7–„Bæv÷`£cCƒ#µ6¶6çF÷6ó³ƒCCS¶–'VF–Öä7bæv÷`£cCƒ3´6–ö&VÆÆF'V¶¶S³##ƒc·§6&v–„–†öòæ6öĞ£cCƒC´Ö—G&v7GWF’Â2ä•³##3#¶vÇW#cT7bææW@£cCƒS´çW'VÂ¦–Ææ“³ƒC““·F—F—&†—TVBææW@£cCƒc´¦'vv–&÷vòÂ2åC³##cC“¶æ7––F†ÖÆvÖ–Âæ6öĞ£cCƒs´–'&†–Ò×W7Föf³CCƒ¶&‡W&·63„Bç66‚æ–@£cCƒƒ´vÆ–‚6Föæó³cƒƒƒ·væ–ævvöÆäVBæFW6æ–@£cCƒ“´F'Rv–FöFó³ƒ3Sƒƒ¶FÖ#ƒBæ2æ–@£cC“´6&Æ‡WFVÂ2ä•³3#c“C·6Ö'–F”–†öòæ6öĞ£cC“µF—F’6—Fö×VÃ³cCS##¶†–Övã3”VBæ–ç@£cC“#´VÆÆ—2F†×&–ã³SSƒ“3¶ÇWG&7bæVGP£cC“3´†¢âÆÖ—&6çF÷6òÂ2ä‚ã³#csC¶‡&7GWF”†÷FÖ–Âæ6öĞ£cC“C´6·&vÆÖVvçF&³ƒ“ƒ#·7V6—v–¦–W'VÒææWBæ–@£cC“Sµ"âvæF6Æ‡VF–ã³CScC¶öÆv„vÖ–Âæ6öĞ£cC“c´G'2â¶6—–‚&F—F³Ss#SC¶¦—7v7GWF”vÖ–Âæ6öĞ£cC“s´¦æWBG&–ç7–ƒ³C#C¶†6–ÓCvÖ–Âæ6öĞ£cC“ƒµ—VÆ–æf&–FÂ2äf&Ó³ƒ“ƒ3¶Æ–çFæs“7bæ6òæ–@£cC““´¦–Öâ&F—v’ÂÒä¶öÒã³scSƒ¶F†–F–D†÷FÖ–Âæ6öĞ£cS´G'2â†–ÆF7W'–FÖ’Â2äRä“³s“sSc¶ævw&–æ–F'6—&„–†öòæ6öĞ£cS´–¶–â&67F³#ƒS¶×WF–6–†öÖ&–æt–†öòæ6öĞ£cS#´Ö–F†×&–âÂÒåC³3cs“·FFöæv÷&ä†÷FÖ–Âæ6öĞ£cS3µfW&Æ–Æ6&“³ss“C·v6—F&–æ”VBæ×’æ–@£cSC´VÇf–æ§VÆ¶&æ–ã³C“#S·f–6·“3TvÖ–Âæ6öĞ£cSS´F'Vææ'F“³#CSCƒ¶¶7VæsSD–†öòæ6öĞ£cScµ"äÒâv&6–ævÂÒä³³##ƒƒ·—W7Vc“VBçöçW2æ–@£cSsµf—&Öâ&æ÷vó³S“S3¶Ö†W6#DW'VÒææWBæ–@£cSƒµVVVâv6æ³3C3ƒ·fVv‡WF6ö—D–†öòæ6öĞ£cS“µ§VÆ–¶†×W7Föf³#ƒS·W&ævF–6VÖæ”–†öòæ6öĞ£cS´–æ&†—S³““s¶FÆ–öæöG&–ç7–„vÖ–Âæ6öĞ£cS´G"âÖ&–W'vçF’Â2åC³Cƒ3Cs·F†×&–æ&¶–öæô†÷FÖ–Âæ6öĞ£cS#´ÖÆ–¶F×V&öÆöã³ƒ#3C¶ÖÆ–FÖ6&”W'VÒæÖ–Âæ–@£cS3¶G"â¶6—&â6—&Vv"Â2ä•³ƒss¶Ö¶&3d–†öòæ6öĞ£cSCµ–Öâ&†—S³3#Sss·§VÆf·W7VÖôBævòæ–@£cSS´¶Ö–F–âf—&vçF÷&ó³3“¶'VF–ÖçG&–6–†÷FÖ–Âæ6öĞ£cSc´–æv–FöFó³#cc“#¶†–Övãs”vÖ–Âæ6öĞ£cSsµv–G–wVæ'FòÂ2åBã³3s3ƒ¶v–æ&æôvÖ–Âæ6öĞ£cSƒ´VÆÆ—2f&–F³ƒCC¶fF†öæƒct7bçvV"æ–@£cS“µVÖ"F&–†÷&ã³cS¶Ö†W7v&ÆVÖ&„W'VÒçvV"æ–@£cS#´—fâ–öÆæF³#“3¶¶&–Öã#†÷FÖ–Âæ6öĞ£cS#´¦–Öâv–æ'6–ƒ³3ss3·W'vF“ƒD†÷FÖ–Âæ6öĞ£cS##µ&¶÷6Öç7W#³#s3c¶vÇW'6—&Vv$7bæ6öĞ£cS#3´G"âF—F–â‡WFVÂÒäÒã³#C3¶Æ·6—F¶6–Ô†÷FÖ–Âæ6öĞ£cS#C¶G&râÖÆ–¶Föæv÷&âÂ2ä‚ã³C“cƒ#¶†&FæSvÖ–Âæ6öĞ£cS#Sµv—6çRwW7F–æ³ƒc“cC¶§WFÖ”W'VÒæÖ–À£cS#c´G"âÖÆ–·W7væF&“³ƒCS#ƒ¶ff—&vçF÷&ôVBçöçW2æ–@£cS#s´6–ö&VÆÆF&–†÷&ã³3“cƒ¶FÆ–Ö–æÆ·6—F7bæ&—¢æ–@£cS#ƒ´Gv’†æF–æ“³#sC3c¶¦vF–Ö&F†—–„†÷FÖ–Âæ6öĞ£cS#“´&§&v–â6–Ö&öÆöã³s“s¶§VÖ&““„–†öòæ6öĞ£cS3´‡VÖ—&v7GWF“³“Ssƒ¶fÖæF6&”vÖ–Âæ6öĞ£cS3´§VÖ&’gV¦–F“³cCC¶FWv“3Bæ×’æ–@£cS3#´F–æÆ7G&“³#s3S¶&vöæöÖ†VæG&vÖ–Âæ6öĞ£cS33µBâ6vW"6–†öÖ&–æs³cSƒƒ·7VF–F–¶–æG&Bæ6öĞ£cS3Cµ7WFâæ6–Ò·W7VÖó³“##“s·&¶66v´vÖ–Âæ6öĞ£cS3SµW6Öâ&æ÷vó³Ss3¶ÖFÖæ–´vÖ–Âæ6öĞ£cS3cµ"äÒâ&†ÖB&¶6³ssc·6çF÷6öVÖ4vÖ–Âæ6öĞ£cS3s´¶–æG&§VÆ¶&æ–ã³ƒSS3·–†¶–ÔW'VÒæ–@£cS3ƒµ&F—G–†&–&’Â2äw£³ƒS“ƒ“¶VÆöç7Wv&æô†÷FÖ–Âæ6öĞ£cS3“´—"âVÆöâ§VÆ¶&æ–âÂ2åC³ss#“¶vVçFC4W'VÒæ–ç@£cSC´¦–æv’6–†öÖ&–æs³CSC3¶§&Fæ–†öòæ6öĞ£cSC´ÆÖ&æ×VÇ–æ“³#s#c3¶†&¦–cT†÷FÖ–Âæ6öĞ£cSC#´G"â–'&†–Ò†&–&“³SSsSS·&–övö‡WFV7bç66‚æ–@£cSC3´F–‚W––æ‚Â2ä¶VC³cs#“·&†&¦”–†öòæ6öĞ£cSCC´¶v–†¶–Ó³#ƒc“¶FÖæ–´–†öòæ6öĞ£cSCSµ6&"'VF—–çFòÂÒäÒã³scƒ3C·w6—&Vv$†÷FÖ–Âæ6öĞ£cSCc´†¢â6÷&æVÆ–Æ·6Ö—vF“³sC“#“¶Ö“3d†÷FÖ–Âæ6öĞ£cSCs´†6æ6—F÷'W3³sC#ƒC·¦—¦–Ö&F†—–„–†öòæ6öĞ£cSCƒ´†¢âÆF–¶W&ÖF’ÂÒåD’ã³#Cs“·&ÖFÖæ–´vÖ–Âæ6öĞ£cSC“´¶–æG&6—&Vv#³3#“#“¶Ö¦–Ææ”†÷FÖ–Âæ6öĞ£cSS¶G&râv–æ—Væ–#³C33·v‡—VF–æ6Væv¶ÄVBæ6òæ–@£cSS´VÆ—6ÆW7F&“³#CS¶'ævW7GT7bæ6öĞ£cSS#¶G"â6–çF†–6WF–vã³cC“S#¶¦–Ææ–¦v&vBææW@£cSS3µv6—2Ö†W7v&³cS“#¶&vöæöÖæFÆvÖ–Âæ6öĞ£cSSCµ"âöÆv·W7v÷–ó³ScSƒS¶æ§vSd–†öòæ6öĞ£cSSS´Æ–Æ’×VÇ–æ’Â2å6“³S#“c·6æÖv†÷FÖ–Âæ6öĞ£cSSc´G'2âæ—–v6–†÷Fæs³““ƒ““¶vÇVƒC47bæ2æ–@£cSSs´VÖöær¦–Ææ“³cs3ƒ·6&v–‡WGTVBææWBæ–@£cSSƒµæ6Æ–Æ6&“³3c3“¶ç&†–Ö„vÖ–Âæ6öĞ£cSS“´Æ–¶†&F–ç7–ƒ³“sc#¶¦–Öã†÷FÖ–Âæ6öĞ£cSc´—"â÷†VÆ–6Ö÷6—#³SsS·&&÷vó3TBæÖ–Âæ–@£cSc´G"â&V·6Ö†VæG&Â2ä¶VC³#“Scc·W76&–—'vä7bæ6òæ–@£cSc#´—"â6—F’Æ·6Ö—vF’ÂÒä³³ƒ3s““¶¦ÆV†7GWF”W'VÒæÖ–À£cSc3µFv²âæ&–ÆÆ7G&“³C3ƒ·'6Föæô7bææW@£cScC´G"âÖ&væÖVÆæ“³#S#ƒ¶¦v&vdvÖ–Âæ6öĞ£cScS´æ&¦’7W6çF“³“cƒC·g6&v–„vÖ–Âæ6öĞ£cSccµ¦—¦’Ö&'Vã³sƒ#C¶gW––æ„vÖ–Âæ6öĞ£cScsµW&¶6ÆGWöæòÂ2äRä“³“C##3¶f—¦†æ7––F„Bæ÷"æ–@£cScƒ´W&÷&Ö†VæG&³“#ƒƒ¶öæ“ST†÷FÖ–Âæ6öĞ£cSc“´VÖ–âÖ†VæG&Â2åC³3Cc#¶W'F—v”vÖ–Âæ6öĞ£cSs´G'2âvæw6æ–ævvöÆã³33sS¶çW&F—–çF–&ÆF”–†öòæ6öĞ£cSsµ6–Ööâ6–æv³cCS¶væF„Bç66‚æ–@£cSs#µ&Ö—Fv–&—6öæó³cƒSƒc¶‡7VF–F”–†öòæ6öĞ£cSs3´çVw&†&†ÖvF“³CS#ƒ¶F†Æ–ÔVBæ÷&p£cSsC´¦Ö–Â6f—G&“³c#ƒc·§&¦6vÖ–Âæ6öĞ£cSsS´—'vâ¦–Ææ’ÂÒåD’ã³3S3·W'vçF–vG&vÖ–Âæ6öĞ£cSsc´–FÖ†W7v&Â2ä¶VC³Cƒƒ“3·VÖ—WFÖ”–†öòæ6öĞ£cSss´G"â§VÆ’·W&æ–vâÂÒäÒã³ƒ#sS¶¦Væw6–Öæ§VçF´Bæ&—¢æ–@£cSsƒ´G&¦B6—GVÖ÷&ærÂ2äRã³“#C¶6–6“cdVBæ×’æ–@£cSs“´&ÆF’v–æ&æòÂ2ä•³“C#“·v–G–F&–†÷&ävÖ–Âæ6öĞ£cSƒµ&&v6—&Vv#³ƒS“¶¶6–×v6¶—FvÖ–Âæ6öĞ£cSƒ´†Æ–Ö&—–çF’Â2äw£³##ƒƒ·v&¦“4Bæ6òæ–@£cSƒ#´†&FæVF¦–7GWF“³sƒ3C¶¶6—&æ†'–çFôVBæ2æ–@£cSƒ3´vÆ²wVævã³SCs#c¶Ö'7VF““$VBæ–ç@£cSƒC´†¢âVæF‚æÖvÂÒäf&Ó³ƒ3c3“·6–†÷FævF&–¦ä–†öòæ6öĞ£cSƒS´GBâ&Æ–F–âW––æƒ³S3c¶FWf““D–†öòæ6öĞ£cSƒcµF—'F&¶6Â2åBã³S#ƒ·&&÷vöF'Væ7bæVGP£cSƒs´Öæ‚vÇW–ó³Sƒsƒ¶çv–æ'6–„†÷FÖ–Âæ6öĞ£cSƒƒ´æ&7GWF“³cscs·¦Væ#t†÷FÖ–Âæ6öĞ£cSƒ“´Ö–×Væ‚6–†÷Fæs³sƒ“S3·vÇW–ö–æG&Bæv÷`£cS“µ–ÖâW'vçF“³ss##S¶f—¦‡–öÆæFW'VÒææW@£cS“´¶'F–¶†'–çF“³#3c3¶ÖVÆæ–¦VÆ—FW'VÒæ&—¢æ–@£cS“#µ"äâÖÆ–Æ·6—F³c#“ƒ·W§VÆ–¶vÖ–Âæ6öĞ£cS“3´†¢âæ–ÆÒÆ·6Ö—vF’Â2äw£³cs“3“¶¶–Æ&&÷vô†÷FÖ–Âæ6öĞ£cS“C¶G"â&æv’—Væ–"ÂÒäÒã³3s¶æ·W&æ–vävÖ–Âæ6öĞ£cS“Sµ&Ö—F&&÷vòÂ2åBã³“cSs¶×W'6—FÖçVÆÆæt–†öòæ6öĞ£cS“c´–æG&·W7v÷–ó³#Sc·VæG6—$BæÖ–Âæ–@£cS“s¶G"âF–æv6æÂ2ä¶VC³SƒƒSc·–Ö&'VävÖ–Âæ6öĞ£cS“ƒ´fF†öæ‚gV¦–F“³#sS“¶6v¶'VF–ÖäW'VÒæv÷`£cS““´†–ÆF·W7væF&“³#CcCs·gW6FvÖ–Âæ6öĞ£cc´7WBöÆ—f–Ö†W7v&³c“S·v7GWF—–‡–vÖ–Âæ6öĞ£ccµ6Ç6&–Æ‡WFvÇVæs³s“3S¶öÖ†W7v&W'VÒæ÷"æ–@£cc#µ6†æ–6WF–vã³ƒC“Cs·fW&óct–†öòæ6öĞ£cc3µ"äâVæF‚&—–çF“³3SS¶†–F–çFö&¶–¦ävÖ–Âæ6öĞ£ccCµ¦VÆ–‡WFvÇVæs³ƒCcS·¦Ö—&“„Bæ2æ–@£ccS´&¶F7V'F–æ“³s“ƒSs¶—'6Cƒ„†÷FÖ–Âæ6öĞ£ccc´¶VÖÂ&¶6³“3#S¶Ææ¦'v–¦––†öòæ6öĞ£ccs´Ö·WFÖ&F†—–ƒ³s3#sc¶W&–³ƒ4vÖ–Âæ6öĞ£ccƒ´f—¦‚ævW7GRÂÒåD’ã³#33C¶6Æ&3$vÖ–Âæ6öĞ£cc“´6&ÆWv—3³Sƒ“ƒ¶6·&&—&vF&–†÷&ä†÷FÖ–Âæ6öĞ£cc´—7–‚v–æ'6–‚ÂÒäÒã³SS#S¶æ÷f—F6&–†W7F”BæFW6æ–@£ccµ&FVâÖ'–F’ÂÒä³³#ƒC¶Ö&F†—–‡7–‡&–æ”†÷FÖ–Âæ6öĞ£cc#´×W'6—Fævw&–vã³#3#“ƒ·&VæG“cdBçvV"æ–@£cc3´G"â6&"†'–çFó³3sƒcƒ¶–¶‡6çW6F7bæv÷`£ccC¶G&râö·Fòv–FöFó³ƒƒS#¶6·&¦—–†'–çFô–†öòæ6öĞ£ccS´‚â¶Væ&’v‡—Væ“³c33“·6VgVÆÆ‡fVvvÖ–Âæ6öĞ£ccc´Æ&2Ö'Væs³SS#·6—F—&F—FW'VÒç66‚æ–@£ccs´æ÷f’F&–†÷&ã³ƒ3ss¶gV¦–F–†VæG&VBææWBæ–@£ccƒµv–æFæ&&ã³SSCƒƒ¶Ç6—&—DW'VÒæ2æ–@£cc“µ7WFâFvVÂ¦–Ææ’Â2ä¶öÓ³C#S3·VÆ§V&F”–†öòæ6öĞ£cc#´6×Væ’†&–&’Â2åC³#3ccC¶'FƒT†÷FÖ–Âæ6öĞ£cc#´´‚âGv’·W6ÖvF“³S3CcS¶¦vF—v–&÷vô†÷FÖ–Âæ6öĞ£cc##´G"â&–öv'VF—–çFòÂÒäÒã³“ƒ3c·&†Ö——VÆ–çF”W'VÒæ÷&p£cc#3µWF’WfW76&“³Scc“c¶VÆ—66—&—D†÷FÖ–Âæ6öĞ£cc#C´6&ÆF×V&öÆöã³#“#SS·W'vçF–FÆ–Ö–äVBæ6òæ–@£cc#Sµ6†¶–Æ6–†÷Fæs³ƒƒ3¶6&ÆÖ†VæG&–†öòæ6öĞ£cc#c´Ö’†&F–ç7–ƒ³33·VÖ–f&–F†÷FÖ–Âæ6öĞ£cc#s´´‚â&Æ–F–âÖVÆæ“³sc3¶W6Ö„W'VÒææWBæ–@£cc#ƒµFv²â7–‡&–æ’6–†öÖ&–æs³S#c¶wævW7GTBæ–@£cc#“´´‚âVF—6öâ6Æ‡VF–âÂ2ä¶öÓ³#3ss¶FÖæ–¶Ö†×VD†÷FÖ–Âæ6öĞ£cc3´F–æF&Fæ³C3S3¶æ–ævvöÆç–ÖäW'VÒæ–@£cc3µf–·F÷"W&ÖFÂÒä³³33“ƒ3¶&vöæó#D7bæFW6æ–@£cc3#´6Æ—7Fv–&÷vó³Cƒs¶6·&'VæF'V¶¶TVBæ&—¢æ–@£cc33´¦VæræG&–æ“³sSCSc¶6—F÷'W4W'VÒæVGP£cc3C´F&–Ö–âWFÖ’Â2ä¶VC³SsSsC¶&Æ–¦æ‡WFvÇVætVBæÖ–À£cc3S´6·&vÆ†'–çFó³S3S#·g—Væ–$W'VÒææW@£cc3cµ&†ÖâæG6—#³sscƒ·G6f—G&”VBæÖ–Âæ–@£cc3s´G'2âVÆ–â†&F–ç7–‚Â2å6“³cs#SS·&Föæv÷&äBç66‚æ–@£cc3ƒ¶G"â6–Çf–†Æ–Öƒ³3scC·v–æ&æö×WF–†÷FÖ–Âæ6öĞ£cc3“´†VæG&·W7v÷–ó³SsCC·‡WFÖVBç66‚æ–@£ccC¶G&râÖ–Æ&7GWF“³““ƒ“S¶FÖæ–¶V¦vÖ–Âæ6öĞ£ccCµ–öæòv6—F³ƒƒ#·7W6Ö„†÷FÖ–Âæ6öĞ£ccC#´6—G&·W&æ–vã³cƒ“ƒc¶–†'–çF”7bæ–ç@£ccC3´Æ·6ææ¦×VF–ã³ƒ#Sc·6–Çf–CDvÖ–Âæ6öĞ£ccCC´7WBçW'VÂ&FÖ³3ƒ3·6WG–c4W'VÒçöçW2æ–@£ccCSµ6WG–W&ævF“³“C““·&–öv7V6”7bæ&—¢æ–@£ccCc´&WFæ–×W7Föf³##·6Ç6&–Æ”–†öòæ6öĞ£ccCs´F&ÖçFò6—&Vv#³#Sc¶Fæ—7v&6–†öÖ&–ætVBæv÷`£ccCƒµvæ’Æ·6—F³SSƒ¶Æ6Ööæ÷ævW7GTW'VÒæv÷`£ccC“µvæ’f&–F³3s“ƒ¶æ–ævvöÆæ&·F–F”–†öòæ6öĞ£ccS´6GW"&†–Öƒ³“CƒC¶Ö&F†—–†6'V$Bæ&—¢æ–@£ccS´v'&–VÆÆW7—F³ScƒcC·&&÷vó“$–†öòæ6öĞ£ccS#µvæ’6–†öÖ&–æs³sƒSSC¶ÖVÆæ–ÖÆ–W'VÒævòæ–@£ccS3µvF’f&–F³#3sƒ·6†¶–ÆBçöçW2æ–@£ccSC´†VæG&Ö'–F’Â2å6“³3CccC·W&ÖF&F”7bæ2æ–@£ccSS´GBâ—fâæÖv³3cS3¶öæG6—$Bæ–ç@£ccSc´'6—G&×W7Föf³““ƒ3·W&¶6S–†öòæ6öĞ£ccSs´—&Öv–FöFòÂ2åC³3sSc·F&–†÷&çæGT†÷FÖ–Âæ6öĞ£ccSƒµWG&’W6FÂ2å6÷3³C3cƒ·&†—V¶7Væt–†öòæ6öĞ£ccS“´¶'FÖVÆæ“³ƒcS¶¶æ'F”–†öòæ6öĞ£cccµFv²â—6Ö–Â7VF–F’ÂÒä¶öÒã³CsSƒ3¶¶ÖÃ“4vÖ–Âæ6öĞ£ccc´·Væ6&F&–†÷&âÂ2åBã³s3Cs“¶6æG&†'–çF”†÷FÖ–Âæ6öĞ£ccc#´Ö–FÖçVÆÆæs³Cc“3ƒ·W'vçF–F–&¦7bæÖ–À£ccc3´f&‡Vææ—6G&–ç7–ƒ³“#s¶wW7F–æv–æFBæ×’æ–@£cccC´væW2&FÖ³3#3sC¶†6æ†6GW&ævv7bæ6öĞ£cccSµ&–övò6Æ‡VF–ã³3c#3“¶v–Öææ'F”†÷FÖ–Âæ6öĞ£cccc´&¶–çFòwVÆæF&“³“#c##·'W'F—v”Bæv÷`£cccs´ÆçF"7Wv&æó³“#CƒS¶¶—&fÆ–Æ6&”vÖ–Âæ6öĞ£cccƒµ"â¶&VâWv—2ÂÒäf&Ó³Ccƒƒ3¶†&¦66f—G&”7bææW@£ccc“µ–æ7––Fƒ³cC¶×V§W#c7bæ&—¢æ–@£ccs´G'2âWWB6–†÷FærÂ2ä’ä¶öÓ³CscS¶6·&væw6–öÆæF†÷FÖ–Âæ6öĞ£ccs´¶Ö&–W&ævF“³S“ƒ“·&¦6—'6D†÷FÖ–Âæ6öĞ£ccs#´6—G&6—&Vv#³ƒcƒCƒ¶G6&v–„W'VÒæÖ–À£ccs3´G"â–çFâF†×&–âÂÒä¶öÒã³CcS3#·F–&†'FF”VBæ÷"æ–@£ccsC´—&Ö†6æƒ³“Csc·&'Væ7––F„vÖ–Âæ6öĞ£ccsS´¶æ’6WG&Â2äf&Ó³ƒSs¶÷§–Ö'–F”7bæ÷&p£ccsc´FR–öÆæF³S“c¶·FÖ&W'VÒæ&—¢æ–@£ccss´¶'–6—&—C³S#cƒ·wVÆã“BæVGP£ccsƒ´æ—–vW'F—v“³SC3C3·Ö&F†—–„†÷FÖ–Âæ6öĞ£ccs“µF7v—"v–FöFó³sss3S¶W&¦F†÷FÖ–Âæ6öĞ£ccƒ´GBâ¦–öæò·W7VÖó³“C“sƒ¶¶'–f&–FBæVGP£ccƒ´¶&Vâ&æ÷vó³S33ƒ#¶æ7'VÆÆ‡wVÆæF&”7bææWBæ–@£ccƒ#´–¶—Væ–#³ƒsƒc¶–‡6çv–FöFôW'VÒæÖ–À£ccƒ3´ÆF–¶6—Fö×VÃ³“CSs¶6æG&—7v‡—VF”–†öòæ6öĞ£ccƒCµ'VF’W&ÖF’Â2åC³C#C3¶¦†76æ„W'VÒæ–ç@£ccƒS´Æ–G–æ&&ã³3“S“·7W7—FVBæv÷`£ccƒcµ"äâv–ÆF&–öv³c3ƒ3¶×WFÖ†÷FÖ–Âæ6öĞ£ccƒsµ&—26—Fö×VÃ³Scs¶¶&Öç7W'–FÖ”–†öòæ6öĞ£ccƒƒ´&ÆF’6WF–vã³C“cs¶F&Öãcd7bæÖ–À£ccƒ“´Ö–FwVævã³Cƒ3ƒc¶F'V¶¶V&‡W&·6vÖ–Âæ6öĞ£cc“´G'2â—RÆ–Æ6&“³ƒ“Sc¶w§VÆ¶&æ–äBæ–ç@£cc“´VÆ—6Ö–6&“³“sSC¶¦–F–ÆW7F&”7bæÖ–Âæ–@£cc“#´æFÆ–&F—F³ssc#¶ö·Ff–æ–†VæG&Bæv÷`£cc“3µFv²âVÆÆÖç7W"Â2äf&Ó³ƒSƒC¶vÆ–††7GWF”W'VÒææW@£cc“C´¶Vç¦–RævW7GRÂÒåC³c3s¶6‡–çFó#$†÷FÖ–Âæ6öĞ£cc“S´ç–öÖâÖæFÆÂ2äf&Ó³“3C¶F–‡v–æ&æôvÖ–Âæ6öĞ£cc“c´—&ÖæÖv³c“3“·6–Öæ§VçF¶†6æ†÷FÖ–Âæ6öĞ£cc“s´×W'6–æ–â6–†÷Fæs³ƒCCS·—wVÆæF&”†÷FÖ–Âæ6öĞ£cc“ƒ´´‚âF'Rv‡—VF–ã³sSS·V¦çV$vÖ–Âæ6öĞ£cc““µ&†Ö’&ÖFã³#ƒCs·¦wW7F–æW'VÒæ6òæ–@£cs´—"âVÆ’'–æ’Â2åC³ƒcC3s¶æ7––†–¶‡6ävÖ–Âæ6öĞ£cs´¶—&b7V'F–æ“³“#“cƒ·6WG–ƒTBæ×’æ–@£cs#µ"äÒâ†&Fææ¦×VF–âÂÒåC³““C#ƒ¶–†&—–„BææW@£cs3´f—¦‚&¶6³scCs¶Ö'–F—W&ævF”W'VÒçvV"æ–@£csCµWF’æ—F7GWF’Â2å6÷3³sC““¶†VæG&&6WG–ôBæ×’æ–@£csSµ6—6¶6–ævÂÒäf&Ó³csS·v‡—Væ–6‡–ôBæ6öĞ£cscµV¦’Föæv÷&âÂ2äRã³3CC“¶vÖ&—&–öÆæFBæ6öĞ£cssµW–²7GWF“³“ƒs¶†Æ·6Ö—vF”7bæ–ç@£csƒ´vvF’&Fæ³3#sS¶vÖ&ÆæsC”†÷FÖ–Âæ6öĞ£cs“¶G&râ¶&–Ö‚æ6†—'VFF–ã³ƒ“ƒc¶×W7F–¶&F–çFô–†öòæ6öĞ£cs´Ö–×Væ‚&¦F³cc##s·&ÖFäW'VÒæv÷`£cs¶G"â¦æR&6WG–³CCCs·&&v7V'F–æ”vÖ–Âæ6öĞ£cs#´¦Vg&’†'FF“³C“S“3¶‡v–æ'6–„†÷FÖ–Âæ6öĞ£cs3µFçG&’†&F–ç7–‚Â2ä¶öÓ³C#“sC·&F—v––fvÖ–Âæ6öĞ£csCµG&–6–6WG&³csCC·&–æ–ÆGWöæô†÷FÖ–Âæ6öĞ£csS¶G&râ†g6†‚&†ÖvF’Â2ä‚ã³3#S3c·FwVæväVBæ6öĞ£csc´‚âF—&¦vÇW–òÂ2ä•³s“c#C¶FÆ–Ös”–†öòæ6öĞ£css´×W'6—FæG6—"Â2ä¶öÓ³CƒS3¶††–F–D7bæ6òæ–@£csƒ´—R6—&Vv#³3SSC¶ö·FöÖæFÆ–†öòæ6öĞ£cs“´¦FÖ–¶ò6Ö÷6—"Â2å6÷3³cssc#¶ögV¦–F”BæFW6æ–@£cs#´Gv’&7GWF“³csc·G6&v–„Bæv÷`£cs#µ6—6¶Ö–6&’Â2åBã³SS¶·W7væF&—&†Öä7bæ–ç@£cs##µ&—¦¶’æG&–æ’Â2åBã³“CcS¶Ö'6—F÷6—Fö×VÄvÖ–Âæ6öĞ£cs#3´Ö'vF†'FF“³“““ƒ¶öæ–gV¦–F”7bæv÷`£cs#C´¦F’æ'F“³S#“¶§VÆ–Æ·6—FvÖ–Âæ6öĞ£cs#S´fV&’6–†öÖ&–æs³“Cs#¶&VÆ–æFT–†öòæ6öĞ£cs#cµFv²âF&’6—&Vv#³ƒ#scS·&'V'VF—–çFô7bæVGP£cs#s´VÖ–ÂW'vçF“³#Sƒ“c¶ÆgV¦–F”vÖ–Âæ6öĞ£cs#ƒ´Æ–Æ6VgVÆÆ‚Â2ä¶VC³#3cS¶GW&ÖFW'VÒæ÷&p£cs#“´Æ–G–G&–ç7–ƒ³33ssc¶æ'VF—–çFô†÷FÖ–Âæ6öĞ£cs3µvvRv–æ&æó³“ƒc3“¶Væ6†—'VFF–ä7bæÖ–Âæ–@£cs3´G'2âv–æ·W7v÷–ó³S#s#·WWFÖVBææWBæ–@£cs3#´†¢âFÖwW7F–æ³3ƒSs·v'6—FTBç66‚æ–@£cs33µWFÖæ–ævvöÆã³3CSs·–&7GWF”Bç66‚æ–@£cs3C´¶'6æ&†—S³cƒSs¶æG&–æ–&ÆF”BæÖ–Âæ–@£cs3SµBâFöFò†&—–ƒ³“Ccc·G6Föæô–†öòæ6öĞ£cs3c¶G&râ6–çF6–†öÖ&–æs³sscc·Gv–F–7GWF”–†öòæ6öĞ£cs3s¶G"âöÆ—f–†–F–çFó³SCS#·f–6·—&FÖ†÷FÖ–Âæ6öĞ£cs3ƒ´æ7F6–'–æ“³S3s#C¶ÆÖæwVç6öæt†÷FÖ–Âæ6öĞ£cs3“´–æ&¦FÂÒä³³“ssss¶¦6Öæ“cDVBæ–@£csC´¦¶†6æƒ³sCcs“¶¦Væw&F—F†÷FÖ–Âæ6öĞ£csC´†¢âFçG&’FÖæ–³³S“#s¶†'6çFóT7bçöçW2æ–@£csC#´G'2âÖVÆ–æFæ6†—'VFF–âÂ2åC³SSƒ3#¶gW&ÖF”vÖ–Âæ6öĞ£csC3´G"âÖ–WG&ÂÒä³³Cƒ“C·—VÆ–æ4Bævòæ–@£csCCµWWBW'vçF“³sC#c¶WW&ÖF”vÖ–Âæ6öĞ£csCS´VÆöâ‡WFvÇVæs³“sssc¶¦öæóSDBææWBæ–@£csCc´¦ÆVÆ·6Ö—vF“³“3C¶G—Væ–$vÖ–Âæ6öĞ£csCs´ÖVÆ–æF7W'–FÖ“³#3scC·FgV¦–F”vÖ–Âæ6öĞ£csCƒµ—VÆ–æÖv³##CC#·—VÆ–Ö'–F”–†öòæ6öĞ£csC“µ"äâ&WFæ–&&÷vó³#“ƒ“¶FWf—WG&–†öòæ6öĞ£csS´¶'FW&ævF“³ƒ#c¶†6æFÖ6&”Bævòæ–@£csS´'FçFòW6F³ƒc3·WFÖ6ÆÖWDvÖ–Âæ6öĞ£csS#´7WB&VÆ–æF7W'–öæó³c3C¶—W&ævF”vÖ–Âæ6öĞ£csS3´GBâ6FBW'F—v’ÂÒäÒã³c3“s¶‡6&v–„BææWBæ–@£csSC´G'2âVGv&BÆ·6—FÂ2ä‚ã³#ƒ#CC·WG&F&–Ö–ävÖ–Âæ6öĞ£csSS´†¢âF–æ'VF–Öã³S““ƒ“·6ÆÖægV¦–F”–†öòæ6öĞ£csSc´'6—G&&F—F³s“#Cƒ·æ&&ä†÷FÖ–Âæ6öĞ£csSs´vVçFv–F–7GWF“³cƒC#·–†76æ„VBçöçW2æ–@£csSƒ´–æF‚'VF–ÖâÂ2ä’ä¶öÓ³C3S3¶ç&†ÖvF”†÷FÖ–Âæ6öĞ£csS“µBâF–¶&&7GWF“³c3s#¶w6–ævBææW@£csc´—"â¶–ÆwVÆæF&’Â2äRã³33¶¶æFÖVÆæ†÷FÖ–Âæ6öĞ£csc´W&–²Æ7G&“³#““c·W'vçFóƒT–†öòæ6öĞ£csc#´–Ç6wVæ'Fó³“#““c¶ÆW7F&—&&vW'VÒæ&—¢æ–@£csc3µBâv&F–v–F–7GWF“³s#ƒƒ¶÷F†×&–ävÖ–Âæ6öĞ£cscC´¶VæW26—GVÖ÷&ærÂ2äRä“³s#c#¶V¶÷wVÆæF&”†÷FÖ–Âæ6öĞ£cscSµ"äÒâ–'&†–Ò&&÷vòÂ2å6÷3³CS“·&æG6—$W'VÒæ×’æ–@£csccµ"äâ—VÆ–f—&Öç7–‚Â2ä¶VC³#Ss#·6—Fö×VÆ·W&æ–VBæ6öĞ£cscs¶G"â¶6—–‚&F—v’Â2äRä“³cs“C¶—7v‡—VF–vF÷DvÖ–Âæ6öĞ£cscƒ´VÖâ'–æ’Â2åC³s##c·W'vçF÷W'vçF”Bæ÷&p£csc“´G'2âFF†7GWF“³CSs“¶†æF–æ–Æ–¶Bæ÷&p£css´ÖÆ6Föæó³S333C¶¦Ö'–F”W'VÒæ÷"æ–@£css´ævv&–×W7FöfÂ2åBã³3sSƒ·&F–††Æ–ÔBæ×’æ–@£css#µ"â6f–æÖ–6&’ÂÒä³³3c“3·6Ö'–F”W'VÒæ2æ–@£css3´æ6"æ7––F‚ÂÒåD’ã³C3s#s¶6VÖæ—&–öv7bææWBæ–@£cssCµ"äÒâ'FçFòW76&“³c¶¦–æG&“TvÖ–Âæ6öĞ£cssS´†æv–FöFó³“CC3·v¶–Öç6–Ö&öÆöä7bæ–ç@£csscµ§VÆ–¶†v–F–7GWF’ÂÒåD’ã³sCsS¶¦öæósdW'VÒæFW6æ–@£csss´vÆærwW7F–æ³ssƒC·‡7W'–öæôBæ÷"æ–@£cssƒ´V¶æ7––ƒ³SS3s·F†&F–ç7–„W'VÒæ–@£css“´G"â&¶F‡WF6ö—C³ƒC¶G7W'–öæôBæVGP£csƒ´Ö–ævW7GRÂ2ä•³ƒ#3c3¶6#”7bæ6òæ–@£csƒµVÖ’&67F³#33c·§VÆ–¶¶6—&äBæFW6æ–@£csƒ#µ"â6'&–æ†¶–Ó³“s“ƒƒ¶FÖæ–¶†6–Ô†÷FÖ–Âæ6öĞ£csƒ3´G"â6–6’&F—F³ƒcƒ3ƒ¶W7V'F–æ”†÷FÖ–Âæ6öĞ£csƒCµFv²âvÆ"&†—RÂ2ä‚ã³“cc3¶6†'–çF”7bæ÷"æ–@£csƒSµBâ¶v67VF–F’Â2ä¶VC³C3Ss¶&VÆÆFÖæ–´W'VÒç66‚æ–@£csƒc´G"â†–ÆFæG&–æ’ÂÒäf&Ó³sSc¶ÖæF6&—&F–„Bæ–@£csƒs´6‡–öæòv–FöFó³ccƒ¶6‡–öæ÷v‡—VF–ävÖ–Âæ6öĞ£csƒƒµVÇf7Wv&æó³S#ƒ“·¦Ö'VætBæ6òæ–@£csƒ“´Ö¶&&&÷vó³3cƒƒ#¶‡&6WG–†÷FÖ–Âæ6öĞ£cs“´—&ÖwVÆæF&“³s“cS·–Öææ¦×VF–ä7bæv÷`£cs“µFÆ–7VF–F“³3C¶Ö&–F—6WG&W'VÒæ÷&p£cs“#µF—F–âÖVÆæ’Â2åC³s#ƒc“¶f&–FFVf–´Bæ÷&p£cs“3´G'2âÖ&væ&F–çFòÂ2ä‚ã³sS3¶vÆ§V&F”vÖ–Âæ6öĞ£cs“C´VF’6—F÷'W3³#C“c#·§VÆ¶&æ–ç6öÆV„–†öòæ6öĞ£cs“S´G"âÖÆ–&–övÂÒä³³S3c“·FÖ&&†&¦†÷FÖ–Âæ6öĞ£cs“c´'FçFòvÇW–ó³ƒs3#s¶¦F'V¶¶TBæ–ç@£cs“sµ&FæW6Öƒ³c3“s#¶ÆævvVæwF×V&öÆöäBæ×’æ–@£cs“ƒµ7WFâÆVvæG&–æ’ÂÒäf&Ó³3““¶Ç&7GWF”†÷FÖ–Âæ6öĞ£cs““µ7–‡&–æ’6–†öÖ&–æs³CSc¶ÆÖ&æ–†öòæ6öĞ£cƒ´F–â·W&æ–vã³Cƒƒs·7&&÷vôvÖ–Âæ6öĞ£cƒµWF’&¶6³C“#¶ÖVvçF&F×TBç66‚æ–@£cƒ#µFçG&’W6F³S#S“·&¶6&w–VBæ–ç@£cƒ3´FçV¦'VF—–çFó³“ƒ3S¶VÆ—67W6çF”W'VÒçöçW2æ–@£cƒC¶G&râ7W'–Ö'VærÂ2ä’ä¶öÓ³“S“·&–öv6—&Vv$W'VÒæ÷&p£cƒSµ7WFâ—W7VbWv—3³CCc·vvã4BæÖ–À£cƒcµ"äâ–æF‚7Wv&æòÂ2äf&Ó³#ssS¶Æ·6æ34vÖ–Âæ6öĞ£cƒsµVæ¦æ’wVæ'Fó³““c·&wVævävÖ–Âæ6öĞ£cƒƒµ—Væ—FW––æƒ³Sc#·W'F—v–¶&ævÖ–Âæ6öĞ£cƒ“´¶Ö&Æ’6–†öÖ&–ærÂ2ä¶öÓ³CcSs¶Æ–Ö'&6WG–ôBææW@£cƒ´¶Ö–F–â6–†öÖ&–æs³“““C·—VÆ–çF–6Æ&VBçvV"æ–@£cƒµv&¦’v‡—VF–ã³“SC¶ÆGWöæöG&¦DBæÖ–Âæ–@£cƒ#´¶&æ6–†öÖ&–æs³3s““¶ÆVvƒ†÷FÖ–Âæ6öĞ£cƒ3µ&—¦¶’gV¦–F“³ƒs#¶'6—G&“–†öòæ6öĞ£cƒCµVVVâWv—3³ƒ3ss¶7GWF—&W7F”VBæÖ–Âæ–@£cƒS¶G"âvVçFÖ–6&’ÂÒåD’ã³C“3“¶¦Væs3Bævòæ–@£cƒc¶G&râ†–Övâ†–F–çFòÂÒåD’ã³3#·Fæ–W7—F–†öòæ6öĞ£cƒs´v–æW6Öƒ³s#c3¶wW76&”vÖ–Âæ6öĞ£cƒƒ´G'2â×VÇ–öæò†6æ‚ÂÒåD’ã³S#c·F'–æ”Bæ&—¢æ–@£cƒ“´G"â&&÷vòv–æ'6–ƒ³s#s3·v–&÷v÷&Ö—FvÖ–Âæ6öĞ£cƒ#µ¦—¦’WFÖ“³33C·&†—V†W'T7bæ&—¢æ–@£cƒ#´æÆGWöæó³sscsS¶'–æ–×W'6–æ–ä–†öòæ6öĞ£cƒ##´W&–²Ö&F†—–ƒ³“csƒ·WFÖv–ÆFVBçöçW2æ–@£cƒ#3´7WB–W76’ÖæFÆÂÒäf&Ó³SSc¶W6f—G&”–†öòæ6öĞ£cƒ#C´FR7W6çF“³3C##¶V†'–çF”–†öòæ6öĞ£cƒ#Sµvæ’†Æ–Ó³#SSC¶ævv&–—VÆ–'F”W'VÒæVGP£cƒ#c´öÆ—f–Æ·6Ö—vF“³3“ƒc¶æ7––†¦ÖÆ–W'VÒæ÷&p£cƒ#s´6‡–F’·W7v÷–ó³“#CC¶¶æ—&F—v”BæVGP£cƒ#ƒµ&–öv&7GWF’Â2åC³#ƒ3¶÷&F—v”Bæ–ç@£cƒ#“µWF’7–‡&–æ’&æ÷vòÂ2ä•³Cƒ33·W'F—v–VÖöæt–†öòæ6öĞ£cƒ3´vFVF¦–7GWF“³““¶—v–&÷vôBæ6òæ–@£cƒ3´÷6¶"'VF—–çFó³sC##¶ÖFÖæ–´VBæÖ–Âæ–@£cƒ3#´¶'6ÖVÆæ’Â2ä¶öÓ³Sƒ“3¶·W&æ–væW&÷&vÖ–Âæ6öĞ£cƒ33´¶&Vâ6çF÷6ó³sS#“¶ÇV—3sd–†öòæ6öĞ£cƒ3C´–¶&F–çFó³3“CCC·—7Wv&æô†÷FÖ–Âæ6öĞ£cƒ3S´¦–ÖBv–&—6öæòÂ2åC³SCcƒ¶&·W&æ–väVBæÖ–Âæ–@£cƒ3cµ&Ö—F†&–&“³c3c3ƒ¶¦–Öã„Bæ–ç@£cƒ3s´—"âWG&’6VgVÆÆ‚Â2ä‚ã³#3c33·WFÖ—f—f”–†öòæ6öĞ£cƒ3ƒµ&–æ’VF¦–7GWF“³sS3“·6&v–†—&–æBæ2æ–@£cƒ3“´F&–¦âf—&vçF÷&òÂ2äRä“³c“¶÷—VÆ–'F”BæFW6æ–@£cƒC´†¢â†æ’†&—–ƒ³“ƒSƒ¶6æG&¶çF3„†÷FÖ–Âæ6öĞ£cƒC´¦&ÂÖ'–F“³ƒ#“ƒC¶Ö&–#$–†öòæ6öĞ£cƒC#µWF’6–æG’v–¦–çF“³3s#ƒ·&FÖ&6WG–ô†÷FÖ–Âæ6öĞ£cƒC3´¦æRF×V&öÆöã³“C“CS·6–Öæ§VçF¶FF”†÷FÖ–Âæ6öĞ£cƒCC´—"â¦æR·W7v÷–òÂ2ä¶VC³C3CS¶†&–&–F–¶&†÷FÖ–Âæ6öĞ£cƒCS´6—G&‡WFvÇVæs³cSCC·–æÖvVBæ÷"æ–@£cƒCc´–æF‚&6WG–òÂ2ä’ä¶öÓ³3Sc#C¶Ö'–F“”vÖ–Âæ6öĞ£cƒCs´Ö&2&¦6³3#sƒc·&–öv&F–¶Bç66‚æ–@£cƒCƒ´†&¦–æ–ævvöÆã³ƒ““3“¶7væ“cD†÷FÖ–Âæ6öĞ£cƒC“¶G&râ¶Æ–Ò&&÷vòÂÒäf&Ó³s3#¶6æ7––„VBæ&—¢æ–@£cƒSµ&–æ6VgVÆÆƒ³Cs3C#¶†–F–çFö†'6æ†÷FÖ–Âæ6öĞ£cƒS´fF†öæ‚7GWF“³#ƒS¶–'&æ“C”BæÖ–À£cƒS#´7WB&—6G&–ç7–‚ÂÒäf&Ó³ƒƒsc¶†¦–Ææ”W'VÒæ6öĞ£cƒS3´6Væv¶—"ÖæwVç6öærÂ2ä•³cƒ“S#¶Æ·6Ö—vF”BææW@£cƒSC¶G&râ6GW"·W7VÖó³cc3CS¶ç&–Ö“4†÷FÖ–Âæ6öĞ£cƒSS´6ÖâÆ§V&F“³ƒ“C“S¶†7GWF—f–6·”BæÖ–À£cƒSc´&¶–çFòW'vçF’Â2äw£³cCS¶–æFƒs„BææWBæ–@£cƒSsµ"äÒâ7W'–WFÖÂ2å6“³ƒSƒC#¶ÇWF†f—F×V&öÆöävÖ–Âæ6öĞ£cƒSƒ´G&¦B&67F³SS“sc·f·W7VÖôVBææW@£cƒS“´‚âæ—–v&¶6³“SSS#¶æ'F––ÖÔW'VÒævòæ–@£cƒcµ"äÒâÖ'F¶ÖæFÆ³#cCsC¶VÖ–ã3T–†öòæ6öĞ£cƒcµf—f’WFÖ“³Sc#ƒ¶çW'VÇ6VgVÆÆ„vÖ–Âæ6öĞ£cƒc#µ6WF’Ö–6&“³#333·F†×&–æ'6—G&–†öòæ6öĞ£cƒc3´§VÆ–—Væ–#³Sc#ss·6'VF–ÖäW'VÒæÖ–Âæ–@£cƒcCµ"äâ&WFæ–7W'–öæó³Cs#¶&‡W&·63„Bævòæ–@£cƒcSµfW&6çF÷6ó³ƒƒSC3¶&vöæ÷7VF–F”–†öòæ6öĞ£cƒccµ&–—Fæ†6æƒ³Sƒ3#s·f–öÆWC“t†÷FÖ–Âæ6öĞ£cƒcsµ6&’6—Fö×VÃ³ƒS#¶Ç&æ÷vô†÷FÖ–Âæ6öĞ£cƒcƒ´G"â6v—6F’ö·Ff–æ’Â2åC³CS#·&—–çF–¦–Ö–ä–†öòæ6öĞ£cƒc“µ6f–ææG&–æ“³ƒ“s¶Föæv÷&æ&æv–†öòæ6öĞ£cƒs¶G"â'VF’æG&–æ’Â2å6“³3Ssƒs·æ'F”–†öòæ6öĞ£cƒs´FÖ†&F–ç7–ƒ³3¶f—G&–ÆGWöæô7bæVGP£cƒs#´6–ö&VÆÆ'–æ’Â2äRä“³cƒsƒ·6ö·Ff–æ”†÷FÖ–Âæ6öĞ£cƒs3´¶–ÆÖ'Væs³ƒsSƒ¶¦—3#”BæFW6æ–@£cƒsC´–¶æG6—#³cS3CS¶ÇW6FBæ6öĞ£cƒsS´æ§v—7v‡—VF’Â2ä¶öÓ³#SSƒS·v&F“c7bæ÷&p£cƒsc´G"âf—f’6–Ö&öÆöâÂÒäf&Ó³Cƒ333¶7GWF–×W'F”vÖ–Âæ6öĞ£cƒss´F—G–W7—F³s3S##¶ÖÖæwVç6öætVBæVGP£cƒsƒ´§VÖF’§VÆ–¶³c“ƒ“c¶FÖ&'VäVBæ–@£cƒs“µVÆ–âv–æ'6–ƒ³ƒ““#¶6wV³c4†÷FÖ–Âæ6öĞ£cƒƒ¶G&râ&W7F’&–öv³Cƒ¶ÖæF6&–öÆ—fW'VÒæ×’æ–@£cƒƒ´F–vF–Öç7W#³CS#¶¦—67GWF”–†öòæ6öĞ£cƒƒ#µ"äÒâ×W7Föf&†—S³“ƒS3·&F–¶cVBææWBæ–@£cƒƒ3µ¦Æ–æG&æ–ævvöÆã³“ƒs¶F—&¦ƒ†÷FÖ–Âæ6öĞ£cƒƒC¶G"â—&Ö6f—G&“³ƒ3#sƒ¶÷&æ÷vô†÷FÖ–Âæ6öĞ£cƒƒS´÷â&F–çFó³3CƒC“¶§&F—v”Bæ÷&p£cƒƒcµ"äâÖÆ–†–F–çFòÂÒåD’ã³3“s#·–Öã„W'VÒæ2æ–@£cƒƒs´VÆÆv6¶—F³“cSƒ·—Væ–&‡VÖ—&Bæv÷`£cƒƒƒ´Æ–ÆvÇW–ó³ƒ“Sƒ3¶çW&F—–çF–VÆöä–†öòæ6öĞ£cƒƒ“µBâvæF&†ÖvF’Â2äRä“³ƒ“S3ƒ·6öÆV‡6—F÷'W47bæVGP£cƒ“´çVw&†W'F—v“³#3cS·æ¦“ƒTW'VÒç66‚æ–@£cƒ“´ÖÆæ7––ƒ³#C##s·F&–†÷&æ&ÆF”–†öòæ6öĞ£cƒ“#´Ö'Fæ’6Ö÷6—#³3CC#¶F–æFv–¦–W'VÒæ2æ–@£cƒ“3´—"âFÖ’†&—–‚Â2ä‚ã³S#S“¶6ÖF“cTvÖ–Âæ6öĞ£cƒ“Cµv‡—R&FÖ³“cCƒ·f—f–Öç7W$7bæ6öĞ£cƒ“S´†Æ–ÒwVævã³S#“Cc¶æ¦–##”–†öòæ6öĞ£cƒ“c´VÆöâÆ§V&F“³“S#ƒs·W&¶6&†–Ö„vÖ–Âæ6öĞ£cƒ“s´F†–&¦æ7––‚Â2åC³ƒ“S·&¶÷6“tVBæ–@£cƒ“ƒ´Ö'7VF’'VF–ÖâÂÒäf&Ó³Cƒ#3ƒ·&¶6VÆ”–†öòæ6öĞ£cƒ““´6‡–öæòÖ†W7v&³sC“S·F&“C4–†öòæ6öĞ£c“´†¢â—Væ—F†'–çF’Â2å6÷3³ssSƒ¶wVæ'Föç–öÖävÖ–Âæ6öĞ£c“µ¦Væ"¦–Ææ“³#3Sƒ¶¦Væsd†÷FÖ–Âæ6öĞ£c“#´&¶–¦â·W6ÖvF“³“s¶¶VÖÃsTBææWBæ–@£c“3´VF—6öâæ–ævvöÆã³S#Ssc·&†ÖCtVBæVGP£c“CµG&–6–Æ–Æ6&“³#cƒƒ·ævW7GV¶ö¶ô–†öòæ6öĞ£c“Sµ7–‡&–æ’'VF–ÖâÂ2ä’ä¶öÓ³s3SC¶†&–&—'VF”Bæ×’æ–@£c“cµ¦VÆF&F—v“³““ƒ##·&V·6æ7––F„†÷FÖ–Âæ6öĞ£c“sµf–öÆWBFöæv÷&ã³ƒ##¶'VF–Öæ†F”7bæFW6æ–@£c“ƒ´‚â¶—&b6—Fö×VÂÂ2åC³ƒƒ“¶†Ö–ÖVBæ×’æ–@£c““´§VÆ–F×V&öÆöã³ccƒ#¶·W6ÖvF–ö·Fô†÷FÖ–Âæ6öĞ£c“´VÆ—6¦–Ææ“³S“3“¶–¶–æ†&–&”7bæFW6æ–@£c“´¦'v’wVævã³ƒƒ#·W6F6÷&æVÆ–†÷FÖ–Âæ6öĞ£c“#¶G&râ&WFæ–&†–Ö‚ÂÒä¶öÒã³Sccƒc·W'F—v”W'VÒævòæ–@£c“3´F&–¦â6–†öÖ&–æs³c“Sc¶&Æƒ„Bæ×’æ–@£c“Cµ¦‡&W––æƒ³S#c3¶Ö·WF3d–†öòæ6öĞ£c“S´F6–âÆ–Æ6&’Â2ä‚ã³ƒƒ#3“¶&v6æG6—$†÷FÖ–Âæ6öĞ£c“cµ"â¦Ö—&6–†öÖ&–ærÂ2äw£³S#“ƒc¶&§&v–ãC„BææWBæ–@£c“s´æ&–Æ†Æ–Öƒ³ƒ3“Cs¶×W7Föf&Ö&æt–†öòæ6öĞ£c“ƒµ&—2FÖ6&“³sC3s¶æ—GWVÇVÆF–¶–†öòæ6öĞ£c““´¦vv–&÷vó³#SƒS¶†6æ†§VÆ”†÷FÖ–Âæ6öĞ£c“#´7væ’&ÖFã³cSC·Æ–Æ6&”BçöçW2æ–@£c“#µ"â¶'6ææ—GWVÇRÂ2åC³s333¶v7F“ƒ$7bæ÷"æ–@£c“##´¶&VâFÖ6&’ÂÒä³³“S3sc¶†F“ƒDW'VÒæÖ–Âæ–@£c“#3´W&–²6—F÷'W3³3Sƒ·v6—FW7–”BçvV"æ–@£c“#C´FçR&Fæ³cC##c¶7GWF—&–övôBæ×’æ–@£c“#S´Ö&–æ6†—'VFF–ã³sƒs“¶W&÷&Ö&F†—–„†÷FÖ–Âæ6öĞ£c“#cµwVÆâ7W'–öæó³cSC¶VÖ'Væt†÷FÖ–Âæ6öĞ£c“#s´—7–‚çW&–æ“³ƒ#C3C¶·v–&÷vô†÷FÖ–Âæ6öĞ£c“#ƒµ&–¶‡WF6ö—BÂÒä¶öÒã³cƒ¶ÇV¶—FsBæ–ç@£c“#“¶G&râ¶Vç¦–RW&ÖFÂ2ä‚ã³s·&¶6·W7VÖ†÷FÖ–Âæ6öĞ£c“3µ6—F’ævW7GS³“sC¶†æF–æ–&¶–¦äBæ÷&p£c“3´ÆVvvFöæv÷&ã³cSs3¶¦†'FF”Bæ2æ–@£c“3#µ"äâfW&·W7VÖó³SSCƒ¶F&Ö¦—6–†öÖ&–æt–†öòæ6öĞ£c“33´ÆÖ—&v‡—Væ’Â2äw£³3“c·&F—F×V§W$†÷FÖ–Âæ6öĞ£c“3Cµf—f’—&vã³sCsc·FÖæ–´–†öòæ6öĞ£c“3S´G&¦BÆW7F&“³sƒC#“¶F–Ö§&†–Ö„vÖ–Âæ6öĞ£c“3cµFÖ†¶–Ó³##cS·gFÖ6&”vÖ–Âæ6öĞ£c“3s´–æF‚6–†öÖ&–æs³33ƒ¶¦¶çW&F—–çF”vÖ–Âæ6öĞ£c“3ƒ´¶&ÖFÖ&³Ssƒ“·v7GWF–vÆ´Bç66‚æ–@£c“3“¶G&râ6&‚wVæ'Fó³#3ƒ“¶ÖVÆ–ƒt†÷FÖ–Âæ6öĞ£c“C´¦–æG&F†×&–ã³cs·W'vF–†Æ–Ö„†÷FÖ–Âæ6öĞ£c“C´vF†76æƒ³c3““#¶Föæv÷&ç–‡–Bæv÷`£c“C#´G"â6·&vÆW'vçF’Â2åC³“““C¶†&–×W'F–†Æ–ÔvÖ–Âæ6öĞ£c“C3´Æ–Æ&F—v“³cSC#¶¶ÖÃs”W'VÒæv÷`£c“CCµ"âÖ†W6FÖ&Â2å6÷3³ƒS3“c·W6—&Vv$Bæ÷"æ–@£c“CS´†'6çFò7GWF“³ƒ3“¶§&¦6W'VÒæ–ç@£c“Cc´6VÖæ’WFÖ³sS33C·FöÖ——VÆ–çF”BææW@£c“Cs´†VæG&’6Ö÷6—"Â2åBã³ƒscS¶'VF—–çFôvÖ–Âæ6öĞ£c“Cƒ´ÆÆævw&–vã³“3S“#¶×v–FöFô†÷FÖ–Âæ6öĞ£c“C“¶G"âöÆ—f6–†öÖ&–ærÂ2åC³Scsƒ·7W––æ„vÖ–Âæ6öĞ£c“SµWG&’æ7––ƒ³3sC#s·¦‡&æ&&ä†÷FÖ–Âæ6öĞ£c“S´7WBv7F’Æ–Æ6&“³c#“S¶Æ†Æ–ÔvÖ–Âæ6öĞ£c“S#µ6×7VÂF&–†÷&ã³##“33·—VÆ–'F”vÖ–Âæ6öĞ£c“S3´¦v&v&ÖFã³C“ƒC3·wVÆæF&–6V×ÇVæ´Bæv÷`£c“SCµ"äÒâ6‡–çFò6–†öÖ&–ærÂ2ä•³Cƒ#¶V¶cT7bæ–@£c“SS´&VÆÆ6—Fö×VÃ³sS#“C·v–æF§VÆ¶&æ–äBæv÷`£c“Sc´G'2âvÆ–‚†¶–Ó³C#C“3·v—6çSdvÖ–Âæ6öĞ£c“Ss´†¢âVÆ—67Wv&æó³“sS#·6—&Vv&æF–æTVBç66‚æ–@£c“Sƒ´¦æWB6—GVÖ÷&æs³s3sc·w&6WG–vÖ–Âæ6öĞ£c“S“´Æ–çFær6WG&³“Cƒƒ¶Vö·Ff–æ”vÖ–Âæ6öĞ£c“c´Ö–&6WG–³“Cs3¶Æ–Æ6&—7W'–vÖ–Âæ6öĞ£c“cµF&’W––æƒ³“C3s“¶'§VÆ¶&æ–äBç66‚æ–@£c“c#µv&F–W6Öƒ³3cƒC¶ÆævvVæv‡WFvÇVætW'VÒç66‚æ–@£c“c3´7WB&Ö—Fæ7––Fƒ³sc#¶'Æ7G&”W'VÒç66‚æ–@£c“cC´Ö&–†&F–ç7–ƒ³S“·&ÖFæ&§&v–äVBææWBæ–@£c“cS´çVw&†W'F—v“³##CSƒ¶†Æ–Ö‡—VÆ–vÖ–Âæ6öĞ£c“ccµVVVâWv—2Â2ä¶öÓ³#ƒƒcS¶¦ö¶÷F†×&–ä†÷FÖ–Âæ6öĞ£c“csµ&&v'VF–Öã³cC“#·Ö'–F”vÖ–Âæ6öĞ£c“cƒµVÆ–âW&ævF“³“Cƒ“s¶·W7VÖö6—'vFBæ×’æ–@£c“c“µ"äâF–æ‡WFvÇVæs³33s¶ÆGWöæöæ§vVBæ–ç@£c“s´†&¦vÇW–òÂÒåD’ã³SscC·6–†öÖ&–ævæFÆ––†öòæ6öĞ£c“s´¦6Öæ’&6WG–³#Sƒ“S·v–æFv6¶—F†÷FÖ–Âæ6öĞ£c“s#µWWB6—Fö×VÂÂ2å6“³C##3·FÖ“c$VBæ÷&p£c“s3´VæG&6WG&³S#3“¶6‡–öæöF'V¶¶T–†öòæ6öĞ£c“sCµ"âf&‚WFÖ’Â2äw£³sS#s·v6æF—'F–6W'VÒæÖ–À£c“sS´ÇV‡VærwVævã³csC#·–æ'F”†÷FÖ–Âæ6öĞ£c“sc´f&‡Vææ—6v–F–7GWF“³C“3sc¶væG6—$Bæ6öĞ£c“ssµ"âÖ–FW'F—v“³#“sC·vF“cT†÷FÖ–Âæ6öĞ£c“sƒ´&Æ–¦âÖ'Væs³CC3·Æ7G&—6·F”Bæ×’æ–@£c“s“´æ§vÖ'–F“³““c#3·FÖ—v6—FvÖ–Âæ6öĞ£c“ƒ´&æ&'VF–Öã³SCC##·&†—VV×ÇV´†÷FÖ–Âæ6öĞ£c“ƒ´×W'6–æ–âFöæv÷&ã³“#33c¶ÖÆGWöæôVBç66‚æ–@£c“ƒ#´×W'F’WFÖ“³“3s¶6·&&—&v#$–†öòæ6öĞ£c“ƒ3µ"â¶æ’¦çV"Â2åC³ƒScS¶¶Æ–Öæ–ævvöÆäVBæ×’æ–@£c“ƒC´6'V"&F–çFó³cs3¶¦–öæ÷&7GWF”W'VÒæ2æ–@£c“ƒS´ÆVÖ&‚§VÆ–¶Â2äRä“³cc“·W6—GVÖ÷&ætvÖ–Âæ6öĞ£c“ƒc¶G&râvVçFv6æÂ2äRä“³sC##C¶vÆ–†‡WF6ö—DBæ×’æ–@£c“ƒs´ÖVÆ–æFævW7GS³3c#s·7&—–çF”W'VÒæÖ–Âæ–@£c“ƒƒµ6'&’ÖæFÆ³3C#ƒc·—VÆ–çF—6f–æVBæ6öĞ£c“ƒ“´÷Vær7V'F–æ“³ƒƒ“¶†W7F—W&ævF”–†öòæ6öĞ£c““´¶VÖÂ&†ÖvF“³33ss¶çv–&—6öæôBæ–ç@£c““µ—Væ’&6WG–³ƒc3·&W¦§VÆ–¶–†öòæ6öĞ£c““#´VF’6–Öæ§VçF³³3s“cs¶f&ƒƒt7bç66‚æ–@£c““3´6&¶6WF–vã³scsS“·&6WG–Ö†gVDVBæÖ–À£c““C´¶F—"ÖçVÆÆæs³ss3c·&Ö—FS„vÖ–Âæ6öĞ£c““S´&VÆ–æFÖ&'Vã³ƒ“##·vgV¦–F”BææWBæ–@£c““c´VæF‚'–æ’Â2å6“³““C·f·W&æ–vä–†öòæ6öĞ£c““sµ&W¦&6WG–ó³sC“#3·—W7Vg7W6çF”vÖ–Âæ6öĞ£c““ƒ¶G&râF&–¦âW7—F³3ƒScC¶V¦C–†öòæ6öĞ£c“““´ÆÖ&æW'F—v“³ƒScƒC¶×W7Föf&W7F”vÖ–Âæ6öĞ£s´´‚â¶6—&âÖç7W"Â2ä¶VC³3#ƒS¶¶F—#37bæ×’æ–@£s´f&‡Vææ—6æ&&ã³Ccƒc#¶¶Æ–Ö¦çV$7bæ&—¢æ–@£s#´'FvâÖ'Væs³“s33·f†'–çFô†÷FÖ–Âæ6öĞ£s3µfW&òWG&³ƒ#sc¶Ç6Ö÷6—$W'VÒææWBæ–@£sC´7WB¶–æG&æ&&ã³#s3c¶FWv–·W&æ–vä7bç66‚æ–@£sSµ&'RçVw&ö†ó³ƒ3c3#¶v¦çV$W'VÒæ2æ–@£sc´6†VÇ6Væ7––ƒ³SSSs·v'Fævw&–æ”–†öòæ6öĞ£ssµFv²â—&çW&F—–çF“³3ƒss¶ÇWv&ÆW7F&”W'VÒææW@£sƒµW7–’·W6ÖvF“³33ƒS·v‡—Væ—f–·F÷$vÖ–Âæ6öĞ£s“´æFÆ–æ–ævvöÆâÂ2äw£³SƒS¶·7VF–F”–†öòæ6öĞ£s´†VæG&’Æ§V&F“³S3ƒ“·æ¦“d†÷FÖ–Âæ6öĞ£sµ¦‡&v‡—Væ’Â2äf&Ó³3sSsƒ¶·W6F†÷FÖ–Âæ6öĞ£s#´†'Fæ&6WG–ó³#s“c¶†'6æ&6WG–W'VÒæ÷&p£s3µf—f’v‡—VF–ã³ccc¶W7F–öæöÖ†W7v&W'VÒæv÷`£sC´f—G&––öÆæF³SC“3·‡—VÆ–'F”–†öòæ6öĞ£sS´6VÖWF’§VÆ¶&æ–ã³c3ƒ“¶Ö†W7v&W–´Bæ÷&p£sc´G'2â×W'F’æ÷f—F6&“³#c3s·6&v–‡vF”vÖ–Âæ6öĞ£ssµ"â'FvâwW7F–æ³Sƒ#¶æ—F·W6ÖvF”W'VÒæ2æ–@£sƒ´†g6†‚ævw&–vã³“ƒsS¶æFÆ–6—&Vv$Bæ6òæ–@£s“´öÖâ&¦F³C“ƒC·†Æ§V&F”W'VÒæ÷&p£s#¶G&râ&–æ’W7—FÂ2ä•³““ƒc¶&v3DvÖ–Âæ6öĞ£s#´ÆF–¶·W7v÷–ó³S3C·FVF–G&–ç7–„†÷FÖ–Âæ6öĞ£s##´¶6—–‚FÖæ–³³CCƒ#¶'Wv—4vÖ–Âæ6öĞ£s#3´÷âv–&—6öæó³sC“S3¶Ö†VæG&6'V$7bæVGP£s#C´vVçF×VÇ–æ“³ssƒCC¶Ö'7VF“#Bæ6öĞ£s#S´¦7vF’ÆGWöæó³ƒc#“C·76–æv–†öòæ6öĞ£s#c´V×ÇV²6çF÷6ó³SƒC##¶·§VÆ¶&æ–ävÖ–Âæ6öĞ£s#s´G"âFWf’&†—S³“CS·vÇW–ö&w–VBæ÷"æ–@£s#ƒ´¦Vg&’ÖVvçF&³ƒ3#ƒ·v6æÖ&vævÖ–Âæ6öĞ£s#“´F&–F’6Æ‡VF–ã³scC“·f–·F÷#S$†÷FÖ–Âæ6öĞ£s3µG&’7GWF“³“ƒ“3S¶VÆÖ„Bæ6öĞ£s3´'6—G&—VÆ–çF“³Cƒc¶FvVÃ“d†÷FÖ–Âæ6öĞ£s3#´6&ÆW&ævF“³C“cc3·Ö'–F”7bæ6òæ–@£s33µ÷&’6Æ‡VF–ã³ƒ““C¶VÖ334–†öòæ6öĞ£s3C´¶æF×VÇ–æ“³Cc3¶¦Ö†W7v&vÖ–Âæ6öĞ£s3S´–‡6âæ—GWVÇS³#SS“·&ÆW7F&”W'VÒæ×’æ–@£s3c´öÆ—f7W'–öæòÂ2åBã³3#SC#¶6†VÇ6V#dVBæFW6æ–@£s3s´¶&F’—7v‡—VF“³“C“s¶FçV¦s–†öòæ6öĞ£s3ƒµf–6·’F†×&–ã³sCsC¶¶V—6†VBæ6öĞ£s3“µ"âæ&¦’6Ö÷6—#³ƒcC“¶†ÆGWöæôvÖ–Âæ6öĞ£sCµ&F—G–&†ÖvF’Â2ä¶VC³#“ƒC3¶FöFóc„BæÖ–À£sC´G'2âvÖçFò&†—S³s#ƒ##·&†Öæ—&vävÖ–Âæ6öĞ£sC#µ&Ö—F&6WG–ó³cƒ“¶ævw&–æ–ÇV—4Bæ6öĞ£sC3´¶&ÖâÖ'–F“³sC#S¶vÇW#„7bæv÷`£sCCµ&†Ö’FÖ6&“³““s·W&ÖF–F–Ö¤–†öòæ6öĞ£sCS´—&–æ†7GWF“³C3#C·6VgVÆÆ†¶F—$BææWBæ–@£sCc´v–Æær7W6çF“³ƒ3sƒS·fÖ–6&”–†öòæ6öĞ£sCsµBâ·Væ6&—VÆ–'F“³Cs#¶†æ7––„†÷FÖ–Âæ6öĞ£sCƒ´F&–¦â·W7v÷–ó³3cc3·§VÆ–¶VÇf–ävÖ–Âæ6öĞ£sC“´ÆçF"6—&Vv#³cƒC·&æ÷vöæFÆ–Bæ6öĞ£sS´¶6—–‚æ¦×VF–âÂ2å6“³ƒ#ƒ¶ÇV—3SBæ÷&p£sSµFÖ’6—Fö×VÃ³s#Sƒ¶F&Öã4Bæ–@£sS#µ6—F’Ö–6&“³#3Ss3¶×W7F–¶cd7bæ6òæ–@£sS3µ"â6Çv†&–&’ÂÒåD’ã³s#ssc¶Æ·6æC4VBæ6òæ–@£sSC´Ö’—Væ–#³cS¶æ&F“3vÖ–Âæ6öĞ£sSSµFv²âVÖ–â&¦F³“33·wVÆææ7––F„–†öòæ6öĞ£sSc¶G"âVæ¦æ’·W6ÖvF’Â2äRä“³#“s¶¦–“TBæÖ–Âæ–@£sSs´&·F–öæòÆ·6Ö—vF“³S#C3¶&—3#„Bæ&—¢æ–@£sSƒ´F—&¦v–¦–çF“³3#“3ƒ·&&÷vöæ&F”†÷FÖ–Âæ6öĞ£sS“´7WB6—F’æ¦×VF–âÂ2äRã³ƒ“·–æ&&ä†÷FÖ–Âæ6öĞ£scµ6'&–ææ7––ƒ³ƒ3Cƒ¶‡WFvÇVævFçV¦BæVGP£sc´‡VÖ—&Ö'–F’Â2åC³sƒC“¶vÖ&—&CBæ÷"æ–@£sc#´6æG&6–†öÖ&–æs³C3C¶væW6Föæô†÷FÖ–Âæ6öĞ£sc3´G'2âWG&’6—&—C³Sƒ3S·væ–†&F–ç7–„vÖ–Âæ6öĞ£scC´G"â&–æ†&F–ç7–ƒ³#3“#¶æöÓd†÷FÖ–Âæ6öĞ£scS´G'2âF–æ&FæÂ2äf&Ó³ƒS#ƒ¶·W&æ–c”Bæv÷`£scc´6·&vÆW6F³3“s3·W7—F&–ÖBæ&—¢æ–@£scs´§VÖF’'VF–Öã³“ƒC#¶ç6FöæôvÖ–Âæ6öĞ£scƒ´—"â¦–ÖB&FæÂÒåD’ã³S3C#·'6—&Vv$7bæÖ–À£sc“´G"âV¦’‡WFvÇVæs³sS“C“¶ÖÆCtW'VÒæ&—¢æ–@£ss´Ö&–v6æ³sƒ3c·&‡WF6ö—D†÷FÖ–Âæ6öĞ£ss´6GW"ÖçVÆÆæs³S#scƒ·vÇW–÷6–æv†÷FÖ–Âæ6öĞ£ss#µvF’f&–F³““c#¶Ö–FDW'VÒæ&—¢æ–@£ss3´¶&Öv6—F³“ƒCSS¶Öæ—GWVÇTvÖ–Âæ6öĞ£ssC´—"âWF’Ö&F†—–‚Â2äRä“³C#“3·¦f—&vçF÷&ô7bæv÷`£ssS´'FvâW76&“³Ssc3¶&¶Fƒ4vÖ–Âæ6öĞ£ssc´v–ÆF×W7Föf³SscCC¶ÖæFÆÖ†W6W'VÒæ÷&p£sss´G'2âÆ–¶7W6çF“³cƒcs¶¶7Væwv6—FVBææW@£ssƒµ7WFâ&¶÷6gV¦–F’Â2å6“³sƒS“·G&¶6Bæ&—¢æ–@£ss“´—"âvæ’6WF–vâÂ2ä’ä¶öÓ³c3C·VÇ–stvÖ–Âæ6öĞ£sƒµ"â·Væ6&†76æ‚ÂÒä¶öÒã³ƒ#CS“¶Ö†W6f—&Öç7–„VBæ–@£sƒµf–æògV¦–F’ÂÒäf&Ó³“33“3·&†–Ö††æ”vÖ–Âæ6öĞ£sƒ#´F'Föæò6—GVÖ÷&æs³SCƒ#c¶Ö'F¶&F—FW'VÒæ×’æ–@£sƒ3´†¢âöæ’æ÷f—F6&“³##cS¶wVæväBçvV"æ–@£sƒCµæGRWv—3³3CC#S·v–&—6öæ÷FÖ”–†öòæ6öĞ£sƒS´FÆ–Öæ6†—'VFF–ã³s“c¶÷6¶##„–†öòæ6öĞ£sƒcµ¦Væ"Öç7W#³cƒC#·'W7—FvÖ–Âæ6öĞ£sƒs´—"âWf6—F÷'W3³#S·VÇfæ7––„†÷FÖ–Âæ6öĞ£sƒƒ¶G"â†×¦‚&67F³C33s3¶‡&¦67bææWBæ–@£sƒ“µ7WFâÆVÖ&‚ö·Ff–æ’Â2åC³“sCs3¶¦ÆW7F&”†÷FÖ–Âæ6öĞ£s“µ"äÒâvæw6"VF¦–7GWF’ÂÒäf&Ó³“C““ƒ¶W7F–öæ÷6—GVÖ÷&ætBæv÷`£s“´VÆÖFÖ&³3c3¶·7V'F–æ”vÖ–Âæ6öĞ£s“#´—RÖ&'Vã³Cs¶Ö'vF3T–†öòæ6öĞ£s“3µFæ–ÖæFÆÂ2åBã³“#“¶§VÆ“ƒ„vÖ–Âæ6öĞ£s“C´G'2â¶'F–¶wVævã³333s“·&FVçv–æ'6–„7bæÖ–Âæ–@£s“S´–F†&F–ç7–ƒ³cS#3¶æ7––†ÆÖ—&†÷FÖ–Âæ6öĞ£s“c´Ö—G&ÖæFÆ³““ƒs·FöÖ“sTBæ÷&p£s“s´æFÆ–×VÇ–æ“³s#cC“¶†&F“Bæ÷"æ–@£s“ƒ´‚â¶ö¶òF×V&öÆöâÂÒä³³““S·—WFÖBæ÷&p£s““´fV&’–öÆæF³ƒs“c¶†ö·Ff–æ”†÷FÖ–Âæ6öĞ£sµ"äâ¦VÆF¦–Ææ“³S“s#·VÆ“Bæv÷`£s´ÆÆ–öÆæF³#ƒS¶6·&¦—–vÇW–ôBç66‚æ–@£s#´&æ6"çW&F—–çF’Â2åC³SCC¶†–ÆF#vÖ–Âæ6öĞ£s3´G"â–W76’×VÇ–æ’ÂÒåD’ã³3Sƒsƒ¶öæ'F”7bæ–@£sC´—"âöÆ—f–çW&–æ’Â2åC³Scsss¶væF–Æ§V&F”Bæ2æ–@£sSµ7–‡&–æ’&7GWF’Â2äf&Ó³“3csc¶†'6æW'vçF”7bææW@£sc´ÆVÖ&‚6Föæó³CCC¶öæ7––F„vÖ–Âæ6öĞ£ssµFv²âf—¦‚6&v–‚Â2ä¶öÓ³“ƒƒS¶†æ–FÖæ–´†÷FÖ–Âæ6öĞ£sƒµFv²â6Ç6&–Æ×W7FöfÂ2äRã³##ƒ¶vF#TW'VÒæÖ–Âæ–@£s“´—7–‚‡WF6ö—C³ƒ3s¶6—'vFæÖv†÷FÖ–Âæ6öĞ£s´Æ–G–ÆGWöæòÂÒä¶öÒã³##3·W6–ævvÖ–Âæ6öĞ£s´†&¦6ævw&–æ“³3Sc·WFÖÖ&væVBæ&—¢æ–@£s#¶G&râ†Æ–ÖÆW7F&’Â2åBã³S“s3·6'&–†æF–æ”–†öòæ6öĞ£s3´§VÖF’&&÷vó³cƒ#·&†Ö–Æ·6—FVBæv÷`£sC´–f†'–çFó³Sc3s¶æ–ævvöÆæFvVÄ–†öòæ6öĞ£sS´×Væ’&¦6³c#s3¶&¶–¦ãS4vÖ–Âæ6öĞ£scµW'væG&–æ“³“#“3·V†'–çFô†÷FÖ–Âæ6öĞ£ss´vvF’ÖVvçF&³3sc#¶F'Væs„vÖ–Âæ6öĞ£sƒµ7WFâVÖ’v–æ'6–‚Â2ä•³c“cC¶f·W7VÖô–†öòæ6öĞ£s“µBâv—&6Föæó³“c·Æ7G&–¶'6æ–†öòæ6öĞ£s#´v†Æ—–F’æG6—#³SSc3“·f—f–¦–Ææ”vÖ–Âæ6öĞ£s#´fF†öæ‚†'–çF“³C3S¶†&–×W'F“ƒ”VBæ6öĞ£s##´f&‡Vææ—6†&—–‚Â2åC³csCs“¶6–6“SDvÖ–Âæ6öĞ£s#3´‡VÖ—&·W7væF&“³Ss“#·FÖ6&–×V§W$vÖ–Âæ6öĞ£s#C´GBâ¶¦Vâ7VF–F“³ƒS¶¶&ææÖvW'VÒæÖ–À£s#Sµ&÷6Öâ†–F–C³SS#ƒC¶÷6¶#BæÖ–À£s#cµF—&æ&&ã³Cc#c“·W&67FBævòæ–@£s#s´–F&Fæ³3ƒc“¶W&ÖF”Bæ÷"æ–@£s#ƒ´6GW"Ö†VæG&³3ƒSc¶FÖæ–¶öÆ—fvÖ–Âæ6öĞ£s#“´ÆVÖ&‚Ö†W7v&ÂÒä¶öÒã³Ss“C·6—&Vv&'Fvä†÷FÖ–Âæ6öĞ£s3¶G&râ–W76’v–æ'6–‚Â2äRä“³CCcSs·—VÆ–'F—§VÆfW'VÒçöçW2æ–@£s3´÷†VÆ–v–¦–³C#c#¶wVæ'Föf—G&–æ”VBæ–ç@£s3#´†g6†‚ævW7GS³ƒ#“¶–f3D–†öòæ6öĞ£s33´6×Væ’†'–çFó³ƒ33¶F&–¦ã#Bæv÷`£s3C´f&‡Vææ—6†7GWF“³C3S·§VÆ¶&æ–æ¦–Væt–†öòæ6öĞ£s3S¶G"â&v2†–F–BÂ2ä¶VC³3cCC“·&¦67–‡&–æ”†÷FÖ–Âæ6öĞ£s3cµ6·F’æG6—#³c#C“#¶÷6–†öÖ&–æt–†öòæ6öĞ£s3s´†–ÆF6—&Vv#³sC““#·f—f“StBævòæ–@£s3ƒµ6f–æv6¶—F³3c¶ævv&–ævW7GTvÖ–Âæ6öĞ£s3“´VÆÆ—2æ'F’ÂÒäf&Ó³““3¶væFWvW76&”W'VÒæ6òæ–@£sC´Ö'vF§VÆ¶&æ–ã³3S¶¦ö†ãsDvÖ–Âæ6öĞ£sCµV¦’—VÆ–çF’ÂÒåC³ssCƒƒ¶V7GWF”Bæ÷"æ–@£sC#´6Æ&F×V&öÆöâÂ2äRä“³3ƒ3“¶¶Ö–Æ47bæ6òæ–@£sC3´VÇf–æ—&vã³#ƒS#·&†–Ö†¦–öæôVBæ2æ–@£sCCµWF’Ö–F†Æ–Ö‚Â2å6“³3“3#C¶væF“c$–†öòæ6öĞ£sCSµ"äÒâ÷6¶"Æ·6Ö—vF’ÂÒåD’ã³#C#cC¶&v—–æ–ævvöÆä†÷FÖ–Âæ6öĞ£sCcµf–6·’ÆGWöæó³#scsC¶Wv–æ'6–„–†öòæ6öĞ£sCs¶G&râf—G&–æ’Ö&F†—–‚Â2ä¶öÓ³“cCS¶¶&F—7W6çF”†÷FÖ–Âæ6öĞ£sCƒ´¦W76–6Ö'VærÂ2å6“³#3cS#¶‡W76&”Bævòæ–@£sC“µ6Ç6&–Æ6—GVÖ÷&æs³cC¶ö·Ff–æ–—'6DVBææWBæ–@£sS´†W7F’F&–†÷&ã³c33cs·w&¦FVBææWBæ–@£sS´×VÇ–öæòÖ&'Vã³C““#¶—v–¦–çF”vÖ–Âæ6öĞ£sS#´¶7W7&WFÖ³scSc#¶÷7W'–FÖ”BæÖ–À£sS3´FÆ–Ö†Æ–ÒÂÒåD’ã³“s“c¶–çFãCBæ÷&p£sSC¶G&râ÷†VÆ–6Æ‡VF–ã³CC“c¶¦—3C4†÷FÖ–Âæ6öĞ£sSS´G'2âÆæ¦"f—&Öç7–‚Â2ä¶öÓ³#CcCc·F&–†÷&æÆ–Æ”†÷FÖ–Âæ6öĞ£sSc´vÇV‚W&ævF’Â2ä•³s333“·&†ÖvF–ÆæætBæFW6æ–@£sSs´VÆÖVF¦–7GWF“³c3S¶¦vF““„7bæ–ç@£sSƒ´6·&væw6†7GWF“³3C“s“·6–†öÖ&–æv¦vW'VÒç66‚æ–@£sS“´¶–Æ6–†öÖ&–æs³3sC·–Ö&F†—–„VBææWBæ–@£sc´G'2â–Öâ—VÆ–çF’ÂÒåC³#sƒC3·&–övSVBææW@£sc´¶æ’6—Fö×VÃ³C“ƒ#S¶væÖv†÷FÖ–Âæ6öĞ£sc#µ§VÆf&F—F³“SC¶FÖ&†6æ„7bæ–@£sc3µFv²â¶'F–¶7W'–öæòÂÒäf&Ó³“s#“·&–æ–‡WFvÇVæt–†öòæ6öĞ£scC´ÆVv×VÇ–æ’Â2åBã³ƒCƒs¶6÷&æVÆ–CdVBæ2æ–@£scS´7WBf—G&–†76æƒ³S“¶ç–öÖãsT–†öòæ6öĞ£scc´¶&ÖâÖç7W#³sSCC·v¦–Ææ”–†öòæ6öĞ£scs´×W'6–æ–âW6Öƒ³ccC“s·&&÷vöVÆÖ7bæ2æ–@£scƒµ&–æ&7GWF’ÂÒåC³3sCC¶÷W7—FBæ–ç@£sc“µ¦Ö—&v–æ&æó³3ƒSC“·6–Öæ§VçF¶F'–æ”–†öòæ6öĞ£ssµ&6WG–ò¦çV#³ƒ#“#“¶¶V—6†&Fæ†÷FÖ–Âæ6öĞ£ss´6–çF·W6ÖvF“³“ƒ“3¶–Ç–3CD–†öòæ6öĞ£ss#´¶ÖÂ&6WG–ó³“sc“S¶6Æ—7Fs47bævòæ–@£ss3µ"âFÆ–Ö&6WG–ó³c“¶–æsDBæÖ–Âæ–@£ssC¶G&râÖ†W6&&÷vòÂÒåD’ã³“3sS·&—6†æF–æ”–†öòæ6öĞ£ssS´×VÇ–Ö†VæG&³S3“C#·W76&—&†Ö”†÷FÖ–Âæ6öĞ£ssc´¶&VâvÇW–ó³3sƒS¶VæFƒC4Bæ&—¢æ–@£sss´6v—6öæò&æ÷vó³c3Cs¶ÖVvçF&&ÆÖçG&”–†öòæ6öĞ£ssƒ¶G&râf—G&–æ’Æ·6—F³“S#c“·ævW7GW6FD–†öòæ6öĞ£ss“µv–G–&7GWF’Â2ä¶VC³ƒ3cs·6f—G&”†÷FÖ–Âæ6öĞ£sƒ´†6æÖ'–F“³s3sCs¶Æ·6æd†÷FÖ–Âæ6öĞ£sƒ´v7F’çVw&ö†ó³CSƒ¶Ö–7GWF”VBæv÷`£sƒ#´&æ&v‡—Væ“³sS##·¦æG6—$vÖ–Âæ6öĞ£sƒ3´¶æ’6Æ‡VF–âÂ2äRã³3C#C¶ç&–övvÖ–Âæ6öĞ£sƒC´†æ·W&æ–vã³S#33c·ævw&–vävÖ–Âæ6öĞ£sƒS´æ&–Æ'–æ“³##C3·6—&Vv&ÇW&‡W$Bæ6òæ–@£sƒcµ6'&–æ†&F–ç7–ƒ³S3·6†'–çF”vÖ–Âæ6öĞ£sƒs´VF’†Æ–Öƒ³S#S“3·W76&–6‡–VBç66‚æ–@£sƒƒ´¶&VâÖæFÆ³cc3#¶¦—6æG6—$vÖ–Âæ6öĞ£sƒ“µfæW6Ö'–F“³c3c¶væWÖ&'VävÖ–Âæ6öĞ£s“µ6†¶–Æ7VF–F“³S“Cƒ3¶Ö†W6Ö'Væt†÷FÖ–Âæ6öĞ£s“´ÆVÖ&‚7W6çF“³s3#·&ÖãC7bæÖ–À£s“#µf–6·’¦–Ææ“³sS#c·&†—S“tvÖ–Âæ6öĞ£s“3µ–W76’‡WFV³s“¶Vv7W6çF”–†öòæ6öĞ£s“Cµ&†Ö’&67F³“3cc¶Æ–G–wW7F–æVBæ6òæ–@£s“Sµ&Ö—FÆ§V&F’Â2ä¶VC³ƒcc¶væWÖç7W$–†öòæ6öĞ£s“c´6ÖF’†&F–ç7–ƒ³SCƒƒ¶†W7F““†÷FÖ–Âæ6öĞ£s“s´–Ç66Ö÷6—#³“3ƒ¶¶'F'VF–Öä–†öòæ6öĞ£s“ƒ´G"â—'vâ&FÖÂ2äw£³“S3¶¶Ö&–ƒD–†öòæ6öĞ£s““´GBâ6FB†Æ–Ó³SsƒCc¶VF–ÖæF6&”†÷FÖ–Âæ6öĞ£s#µFv²âVÆ–â6–Ö&öÆöâÂ2ä•³sS¶¦–Ææ–ç–æ–†öòæ6öĞ£s#´¦–Ö–â7W'–öæó³ƒcS¶×V†ÖÖFFöæv÷&äBæ6öĞ£s##´&Æ–¦â7W'–öæòÂ2åC³CC“¶–ÖÖ·W7VÖô†÷FÖ–Âæ6öĞ£s#3´Ö&væ†6æƒ³#SCƒ#·6–æv¶'6æVBæFW6æ–@£s#C´—&&F—F³Ccc¶ÆVÖ&‡FÖ6&”†÷FÖ–Âæ6öĞ£s#S´G'2âÆ–Æ’7W'–FÖ’Â2åBã³#3“¶ç6&v–„Bæ×’æ–@£s#c´G"âf—G&–Æ§V&F“³#cƒc·6–Öæ§VçF¶6—G&Bæ÷&p£s#s¶G"âvæ’6–†÷Fæs³“SS·&W¦v6¶—FBæv÷`£s#ƒ´FWv’æ7––Fƒ³““33¶Æ–Æ6–†öÖ&–æt†÷FÖ–Âæ6öĞ£s#“´¦–æG&Æ·6Ö—vF“³ƒƒs3ƒ¶·v‡—VF–äVBæ6òæ–@£s#´Ö†×VBv6æ³s3¶gW&ÖF–†öòæ6öĞ£s#´†6–ÒwVÆæF&“³“#s“ƒ·&FVç7W'–FÖ”†÷FÖ–Âæ6öĞ£s##´—"â¦—2·W&æ–vâÂ2ä‚ã³c“c#·6Æ‡VF–æ×V×Væ”7bæÖ–À£s#3´6–çF†–6Ö÷6—#³s#¶æ—GWVÇVF&–¦ävÖ–Âæ6öĞ£s#C´§VÆ–W76&’ÂÒäf&Ó³sc3#¶çW&–æ–†'FæW'VÒç66‚æ–@£s#S´VF’Ö†VæG&³33SCs¶†'F¶W6FBæ6òæ–@£s#cµBâVF'VF—–çFòÂ2ä‚ã³C“s¶ÇV¶Öæf—&vçF÷&ô–†öòæ6öĞ£s#s´‚â6Öâæ7––Fƒ³ccsss¶6Æ–¦çwVÆæF&”†÷FÖ–Âæ6öĞ£s#ƒ¶G"âvæW¦–Ææ“³CCs¶&·W7v÷–ôW'VÒæv÷`£s#“µ6F–ææ–ævvöÆã³SsC¶&æv“S”W'VÒæVGP£s##´7WBF—&v–F–7GWF“³C33s·6f—G&–çW'VÄW'VÒææWBæ–@£s##µFv²âFÆ–ÖâWFÖ“³#CCc¶F—Ct–†öòæ6öĞ£s###´7WBwVÆâ&F—v“³ƒCcSƒ¶Ö“CDvÖ–Âæ6öĞ£s##3µVÆ’Æ–Æ6&’Â2äRä“³“3ƒƒ¶¶V—6†CdBææWBæ–@£s##Cµf–6·’wVæ'Fó³s“33·6–†öÖ&–æv¦ö†äBæ6òæ–@£s##S´†&¦&–öv³cc·fæ÷f—F6&”vÖ–Âæ6öĞ£s##c¶G"â¦ö†âÖ–6&’Â2åC³“#ƒ¶F–æCt†÷FÖ–Âæ6öĞ£s##s¶G&râ6&Æ6Ö÷6—"ÂÒåD’ã³3scs¶'6—&Vv$BæVGP£s##ƒ´—fâ—VÆ–'F’ÂÒä³³““#S¶÷æçVw&ö†ôBæ–ç@£s##“¶G&râWF’·W6ÖvF’ÂÒä³³Cƒ“#3¶†76æ†Ö'F¶vÖ–Âæ6öĞ£s#3µW'vÆ7G&’Â2åBã³#S#¶&¶–ÖãƒT†÷FÖ–Âæ6öĞ£s#3µ&–†â—Væ–"Â2åC³“Csƒ·&F—FÖ'vF†÷FÖ–Âæ6öĞ£s#3#¶G"â†–ÆF6—F÷'W2Â2ä¶öÓ³C#ƒ#C·6·F“DW'VÒæ–ç@£s#33µ"äâWG&’6—&—C³“cCsc¶ÖÖã†÷FÖ–Âæ6öĞ£s#3C´ÆÖ—&Æ–Æ6&“³cƒ“ƒ3¶Æ·6Ö—vF—v¶–ÖäW'VÒæVGP£s#3SµF—'F–6&Fæ³#c·6–Ö&öÆöæF–Ö¤–†öòæ6öĞ£s#3c´F'6—&‚—&vã³C3SC3¶–ÖÓ#T7bçvV"æ–@£s#3s´f—G&–æ’v–F–7GWF“³ssCc#·&¶66†æG&vÖ–Âæ6öĞ£s#3ƒ´Ö'F¶†&F–ç7–ƒ³3sS·f–6·—6—F÷'W4†÷FÖ–Âæ6öĞ£s#3“´6ÖF’¦çV#³“#3·6Ö÷6—'6'&–æ–†öòæ6öĞ£s#Cµ7V6’æ'F“³“3ƒ#¶ff—&Öç7–„Bæv÷`£s#Cµ&&&—–çF’ÂÒäf&Ó³3“ƒ“¶¦–ÆwVæ'Fô7bæ–@£s#C#´VÆÆ—2·W7v÷–ó³ƒ“c#c¶6‡–Æ·6Ö—vF”–†öòæ6öĞ£s#C3´F–‚vÇW–ó³S3Sc¶wW'F—v”†÷FÖ–Âæ6öĞ£s#CC´v'&–VÆÆ6—Fö×VÃ³3c3Cs¶F–vF–ƒBææW@£s#CSµW6Öâ7W'–FÖ’Â2äw£³CƒCƒ·W6Ö‡f–æô7bæ÷"æ–@£s#Cc´G"âvæW2v–æ'6–‚Â2ä’ä¶öÓ³3ƒs“¶&VÆ–æFÖ'–F”VBæ×’æ–@£s#Cs´v–ÆF'VF—–çFó³ƒCc·VÆ—6VgVÆÆ„vÖ–Âæ6öĞ£s#Cƒµ"â&·F–F’Æ§V&F’Â2åBã³sSƒƒ·VwVæ'Fô†÷FÖ–Âæ6öĞ£s#C“´WfÆW7F&“³#ƒ#¶vVçFf&–F†÷FÖ–Âæ6öĞ£s#S´ÇV—2Ö'–F“³“S#cC·v&¦—v‡—VF–ävÖ–Âæ6öĞ£s#S´¦v6—&Vv#³sc“ƒ¶§6–†öÖ&–æt–†öòæ6öĞ£s#S#µ&V·66—GVÖ÷&æs³#ƒƒ·6f–æ&†ÖvF”Bævòæ–@£s#S3´6Öâ&†ÖvF“³s#3¶¶Föæv÷&ä–†öòæ6öĞ£s#SCµ"äÒâ&æF†¶–ÒÂÒäÒã³s#s3“·6†¶–ÆÖçVÆÆætBæVGP£s#SSµWF’¦—¦’6—F÷'W2Â2å6“³SS“S¶æ–ÆÓ#dVBç66‚æ–@£s#Sc´Ö'F¶†&F–ç7–‚ÂÒäf&Ó³“sSƒ¶V×ÇV³Sd7bçvV"æ–@£s#Ss´æ6–Ò–öÆæFÂ2äf&Ó³s#“C¶6F'V¶¶TW'VÒævòæ–@£s#Sƒ´Ö'6—Fò‡WF6ö—C³Ss3C¶—W6—Fö×VÄ†÷FÖ–Âæ6öĞ£s#S“µ¦VÆ–'VF—–çFó³“ƒs¶¶Ö&Æ“C„7bçvV"æ–@£s#cµfæW6v–FöFó³3c“C3·6&'WFÖBævòæ–@£s#c´VÆ—66Föæó³cc“·F†–F–çFô–†öòæ6öĞ£s#c#¶G"â–Ç6æG6—#³s“cC·v–æ'6–†vÇV„W'VÒæ2æ–@£s#c3´†VæG&'VF—–çFó³3s3C¶†&F““”†÷FÖ–Âæ6öĞ£s#cC´–æ&67F³SS##3·Væ–ævvöÆä–†öòæ6öĞ£s#cSµ"â—&–æ6–Ö&öÆöâÂ2ä‚ã³3SCs¶ç&–Ö†'–çFô†÷FÖ–Âæ6öĞ£s#cc´vG&Ö–6&“³Cs3“ƒ¶Föæv÷&æVF”Bæ2æ–@£s#csµ&6WG–ò†&–&’Â2äf&Ó³ƒssS¶ÆçF'v–æ&æôBæVGP£s#cƒµ6WF’—VÆ–'F“³s“S#·6F–æçW&F—–çF”–†öòæ6öĞ£s#c“µ"äâöÆ—f6WG&Â2åBã³#ƒsc¶öÆ–Æ6&”Bæ6òæ–@£s#s´Æ–Ö"v–FöFòÂ2åC³Cƒc3“·&–Öæ7––F„vÖ–Âæ6öĞ£s#s´Wf6Ö÷6—"Â2äw£³#“C¶æ†76æ„†÷FÖ–Âæ6öĞ£s#s#´¶&æ†&—–ƒ³S#ss¶v&7VF–F”Bæ÷&p£s#s3µfW&6VgVÆÆƒ³S3·&FæævW7GTBæ6öĞ£s#sC´†¢â&—2W7—FÂ2åC³ssCc¶FSƒd–†öòæ6öĞ£s#sSµ"äâ¶–Æ†¶–Ó³#3C#“¶†&F—6—Fö×VÄVBæ–ç@£s#sc´6Væv¶—"ÖçVÆÆærÂ2åBã³#3#3¶6·&'VæSVBæ&—¢æ–@£s#ssµF6F–²&¦6³cƒc¶—&–övBæVGP£s#sƒ´F&Öâf—&Öç7–ƒ³sSCƒ¶æ7'VÆÆ‡W6FVBæÖ–À£s#s“´æ6"§VÆ–¶³“Sc#¶vÖ&—&ƒ$BæFW6æ–@£s#ƒ¶G"âF–‚&F—FÂ2äw£³ƒs¶W&÷&WFÖ”†÷FÖ–Âæ6öĞ£s#ƒ´G'2âÆ–çFær&¦6Â2åC³333¶–çFãs„vÖ–Âæ6öĞ£s#ƒ#´öÖ"†&–&“³#ƒ¶F¦–Ææ”†÷FÖ–Âæ6öĞ£s#ƒ3´æ7'VÆÆ‚çVw&ö†ó³“3cƒ¶&ÖæF6&”W'VÒæ÷"æ–@£s#ƒCµ&†Ö’Ö'Væs³ƒSS¶Ö“ƒD7bæ6öĞ£s#ƒSµ&FVâ†–F–C³ƒsƒƒ·—VÆ–æ”Bç66‚æ–@£s#ƒc´†W'Rv6—F³S““¶W6çF÷6ô–†öòæ6öĞ£s#ƒs¶G"â&Æ6–æv³“Cƒ·–æ6VÖçVÆÆæt7bæ6öĞ£s#ƒƒ´–Ç6W&ævF’ÂÒä³³ƒC““¶w6–†öÖ&–æt†÷FÖ–Âæ6öĞ£s#ƒ“´G'2âVÇfæG&–æ’Â2åC³sc“#·&6†VÃ–†öòæ6öĞ£s#“´G'2â–Öâ†Æ–Öƒ³C““C#¶æ–ævvöÆæ¦'vBæ6òæ–@£s#“µvvR&†–Öƒ³C#3c·&–öv÷wVÆæF&”Bæ–ç@£s#“#´÷†VÆ–†&–&“³ƒ3¶wv–æ'6–„7bææW@£s#“3´¦–Ö–âæ7––F‚Â2äf&Ó³cSƒC“·&F—6—Fö×VÄ7bæ×’æ–@£s#“C´GBâF6F–²f&–F³3#“ƒ·6×7VÃ4–†öòæ6öĞ£s#“S´G'2â×W7F–¶ÖVÆæÂ2äRä“³Sc“S¶¶6—–††&F–ç7–„BçöçW2æ–@£s#“c´×VÇ–6—GVÖ÷&æs³ƒSƒ¶&ÆÖçG&—W&ævF”W'VÒæFW6æ–@£s#“s´G"âF&–F’ÆGWöæó³ƒƒ#Sc·6Ç6&–Æ†6æ„BææWBæ–@£s#“ƒµ6—6¶v6æ³3CS¶v†æ—v‡—Væ”†÷FÖ–Âæ6öĞ£s#““¶G&râ¶Ö&–çVw&ö†ó³3#ƒƒ·†æ¦×VF–äVBæÖ–Âæ–@£s3´¶VæW2ö·Ff–æ“³S3#¶¦–ÖF†–F–çFôBæ2æ–@£s3´FWf’wW7F–æ³ƒsS¶†'F¶W––æ„–†öòæ6öĞ£s3#´6×Væ’6Ö÷6—"ÂÒåC³Sƒcƒ3¶V¶óS4–†öòæ6öĞ£s33µ"äÒâVÖ–6–†öÖ&–ærÂ2äf&Ó³SsCs·6&v–‡¦‡&VBçöçW2æ–@£s3C´6GW"·W&æ–vâÂ2åC³#Cc#“¶¶–æG&3dBæ–@£s3SµwVÆâ6—&Vv#³#s3“·v6æ&æv”7bæÖ–Âæ–@£s3cµ6†¶–ÆçW&F—–çF“³ScsƒS¶¶&F“CTvÖ–Âæ6öĞ£s3s´Ö–F&†—S³#CCc·7W'vçF”BæÖ–Âæ–@£s3ƒ´Ö&2·W&æ–vã³cƒc·&†—WVÆ–ä–†öòæ6öĞ£s3“µ&6WG–ò·W7VÖòÂ2äw£³“ƒƒ“·6·F—W&ÖF”–†öòæ6öĞ£s3¶G&râ6Æ–Ö‚W'vçF’ÂÒäÒã³“#sc·‡6—&Vv$–†öòæ6öĞ£s3´7WB§VÆ–¶†æ7––Fƒ³“ƒcc¶F—ƒDvÖ–Âæ6öĞ£s3#¶G"â–FÖ–6&“³#cSc¶Ö†VæG&VÆ”VBææWBæ–@£s33´6wV²6—F÷'W3³3#ƒC¶g—VÆ–çF”7bçöçW2æ–@£s3C´6‡–ÖVÆæ“³#C#ƒ¶6–æG–æ7––„†÷FÖ–Âæ6öĞ£s3SµBâ¶6–Òf—&Öç7–‚ÂÒåC³#“#ƒC·v–&—6öæôW'VÒæ–@£s3c´ö·FòÖ'–F“³33S·6–†öÖ&–ævvÖçFô7bææW@£s3s¶G"âÖ†gVB†'–çFó³ƒsScC·W6ÖãSD–†öòæ6öĞ£s3ƒ´&VÆ–æF6f—G&“³ssCS·wVÆæF&–öæ”–†öòæ6öĞ£s3“´&¶–¦â&F—F³Ss#¶væF“CBæÖ–À£s3#¶G&râ6·W&ÖæFÆÂ2åC³s3“s¶VÆÆ—3sdBçöçW2æ–@£s3#´¦vW6Öƒ³Sc33C·FÖ6&—6ÇvBç66‚æ–@£s3##´G"â–æF‚Æ·6Ö—vF’Â2äRä“³“#3¶‡&†ÖvF”W'VÒçöçW2æ–@£s3#3´&v2v–æ&æó³CC#s¶†–F–çFöVÖ–äW'VÒæVGP£s3#CµfW&&7GWF“³#3·6Æ‡VF–ç–öæôvÖ–Âæ6öĞ£s3#S´Ö'vFÖæF6&“³sc##c¶F–&¦v–FöFôvÖ–Âæ6öĞ£s3#c´¦–öæò†æF–æ“³#C¶7v‡—Væ”–†öòæ6öĞ£s3#s´G'2âv†Æ—–F’W76&’ÂÒäÒã³s##c“¶†&Fæ†æF–æ”–†öòæ6öĞ£s3#ƒ´&·F–öæò†–F–C³S““s¶6·&væw634–†öòæ6öĞ£s3#“µWF’ÖÆçW&F—–çF’Â2åC³3ƒCC·&†Öãƒ4Bæ6òæ–@£s33´Æ–Æf—&Öç7–ƒ³Ss33c·W7—F¦–Öä–†öòæ6öĞ£s33µ"âvæW2WG&Â2äRã³c3#·§VÆ–¶†æ¦×VF–ä–†öòæ6öĞ£s33#´æ–ÆÒ†6æƒ³ScsC¶v–ÆF&F—v”†÷FÖ–Âæ6öĞ£s333´&§&v–â†–F–C³ƒƒ3s·7V'F–æ—6–Çf–W'VÒæ×’æ–@£s33C´Ö’v7GWF“³C“CS¶'VF“s„VBæ6òæ–@£s33S´—"â&–övòÆ·6—FÂ2ä¶öÓ³#ss3¶'v‡—VF–ävÖ–Âæ6öĞ£s33c´VF’·W7v÷–ó³C“3sƒ¶ÖæF6&–vÖäVBæVGP£s33s´æFÆ–&†ÖvF“³c3ƒc¶¦çV'–‡–BçvV"æ–@£s33ƒµ"äâ¦ÆVæ–ævvöÆâÂÒåD’ã³“3c“¶FWf–æÖvVBæ÷&p£s33“µWF’F–æF6—Fö×VÃ³SCcC¶VÖ–çW'vçF”–†öòæ6öĞ£s3CµG&–6–WFÖ³C“3#¶–æÖ'–F”–†öòæ6öĞ£s3C´f—G&–—VÆ–'F’Â2äRä“³CCs#C¶‡WFVF6vÖ–Âæ6öĞ£s3C#´¦æWB6Föæó³“3S·6—Fö×VÆ7væ”–†öòæ6öĞ£s3C3µ6&‚Æ·6—F³#3c·6†¶–ÆcvÖ–Âæ6öĞ£s3CC´ÆVvvæG6—"ÂÒäÒã³Cc“3C¶§VÖF“ƒW'VÒæ÷"æ–@£s3CSµ"âfF†öæ‚W'vçF’ÂÒä³³3#cƒs¶öÆ–Æ6&”W'VÒæ–ç@£s3Ccµ&–æW––æƒ³S###s¶6WG&VBæÖ–À£s3CsµGVv–Öâæ—GWVÇS³ssƒ¶‡&6WG–7bææWBæ–@£s3Cƒ¶G&râF–æ6FöæòÂ2äw£³cS·&6WG–ƒDBæ2æ–@£s3C“µ6G–7W'–öæòÂ2å6“³ƒ3“C¶6–6–†&–&”–†öòæ6öĞ£s3S¶G"â&æv†'–çF’ÂÒäf&Ó³#s#¶vF÷C3”VBçöçW2æ–@£s3S´—&‡WFvÇVærÂ2ä•³ƒ3#3s·V†–F–çFôBævòæ–@£s3S#´GBâ&FVâW&ævF“³S#ƒs¶—6—&Vv$W'VÒæFW6æ–@£s3S3´†¢âÖ’&&÷vòÂÒä¶öÒã³##3#c·v6ævæWBæ×’æ–@£s3SCµ6–Çf–7GWF“³““3cs¶æG6—&Ö'FævÖ–Âæ6öĞ£s3SS´ÇVÇV‚Ö&F†—–ƒ³Ccs¶wW7F–æ6‡–F”–†öòæ6öĞ£s3Sc´G"âvF–ærv–¦–çF“³ƒ#ƒƒ¶F—&¦ÆW7F&”–†öòæ6öĞ£s3Ss´vvF’æ7––ƒ³cS3“S·VVVã34vÖ–Âæ6öĞ£s3Sƒ´6×Væ’&67F³S#ƒC·†æ–ævvöÆäW'VÒæÖ–Âæ–@£s3S“µ6G–wVævã³#“sc¶ÖÖæFÆBæ&—¢æ–@£s3c¶G"âFçG&’v–&—6öæòÂ2äRã³cƒS“#·VFcdBæ–ç@£s3c´¶–Æ7VF–F’Â2ä’ä¶öÓ³#“Csƒ·†Föæv÷&ä†÷FÖ–Âæ6öĞ£s3c#´GBâ×W7FöfwVÆæF&“³c“3S¶†W7F“C$–†öòæ6öĞ£s3c3¶G"âVÖ–Â×W7Föf³3#S¶6Væv¶ÃvÖ–Âæ6öĞ£s3cCµ"äÒâ6‡–F’W'vçF’Â2ä¶öÓ³“3ƒc3¶†&F–ç7–†6V6WW'VÒæVGP£s3cS´–æF‚FÖæ–³³3CCc¶†'–çF–VÆÆ†÷FÖ–Âæ6öĞ£s3cc´–¶‡6âÖ&F†—–ƒ³c3S#·&W7GV†76æ„Bç66‚æ–@£s3cs´6GW"§VÆ–¶³C#c¶wVæ'F÷FöÖ”†÷FÖ–Âæ6öĞ£s3cƒµWF’VÖ’&7GWF’Â2ä¶VC³cc#¶¦–Ö–ã“4BçöçW2æ–@£s3c“µVÆ’Æ–Æ6&“³ƒSSSC¶FF†'–çFô†÷FÖ–Âæ6öĞ£s3s´f—¦‚çW&F—–çF“³“Cƒ¶Æ6ÖçF÷v‡—VF–ävÖ–Âæ6öĞ£s3s´GBâ–'&æ’wVævâÂ2åC³“ƒsC·6VgVÆÆ††6–Ô7bæv÷`£s3s#´GBâ–¶‡6âÖ&F†—–‚Â2äf&Ó³sƒ#Cc·&–öv¦–Væt7bæ×’æ–@£s3s3´¦VÖâ&†—S³cc#cƒ¶FÖ–6&”W'VÒæÖ–À£s3sC´Ö†W6§VÆ¶&æ–âÂÒåD’ã³3#c3¶6–çF†–W––æ„†÷FÖ–Âæ6öĞ£s3sS´‚â&Ö&—–çF“³¶·W7VÖö¶&–Ö„–†öòæ6öĞ£s3scµFv²â6–Çf–v–F–7GWF“³csCS·&F—Gv–æ'6–„W'VÒææWBæ–@£s3ssµ6G–Æ–Æ6&“³c“ƒs·W6F¦ÖÆ––†öòæ6öĞ£s3sƒ´6‡–çFòæ7––ƒ³ƒS·GVv–ÖãC4vÖ–Âæ6öĞ£s3s“´FRÖ&F†—–ƒ³S##¶&¶–¦çW&ævF”VBæ6òæ–@£s3ƒ´G'2â×V§W"&†–Öƒ³ƒsƒ·æ6D–†öòæ6öĞ£s3ƒ´GBâv'6&æ÷vó³s#sƒS·w—VÆ–çF”W'VÒæ6öĞ£s3ƒ#µ–æ’æ–ævvöÆã³#3CS¶¦¦–Ææ”vÖ–Âæ6öĞ£s3ƒ3µ–÷6Vb6–Ö&öÆöã³S“C##¶&v3Bæ÷&p£s3ƒCµ"â—Væ’†'–çFó³S““3ƒ¶Ö&'Vç—W7Vd7bæ6òæ–@£s3ƒSµæ67GWF“³cScCS¶¶&Vãs†÷FÖ–Âæ6öĞ£s3ƒcµ&W7GRf&–F³3CcC¶çW6F†÷FÖ–Âæ6öĞ£s3ƒs´Æ–çFær†&–&“³CSƒc3¶Ææ'F”VBææWBæ–@£s3ƒƒ´—6Ö–Â&æ÷vó³S3ƒ“c¶†–F–F6V×ÇVæ´Bæ–@£s3ƒ“´Ö–æG&–æ’Â2åBã³sCƒCS¶&ÖæwVç6öætBæ÷&p£s3“µ—VÆ–ÆGWöæó³ssC¶fÆ§V&F”7bæ6öĞ£s3“´—"â¶'F–¶wVÆæF&“³“3S3¶†&—–‡FVF”vÖ–Âæ6öĞ£s3“#´6–æG’Æ7G&’ÂÒä³³S#“ƒS·FÆ––†öòæ6öĞ£s3“3´f—¦‚ö·Ff–æ“³SSss·6&ƒc$–†öòæ6öĞ£s3“C´—'vâ6—F÷'W2Â2ä¶öÓ³ƒsƒ¶‡FÖ6&”vÖ–Âæ6öĞ£s3“S´æF–&F—F³33“#¶Ö†W7v&‡VÖ—&vÖ–Âæ6öĞ£s3“c´GBâvæFF†×&–ã³sS¶¦¶&F—v”–†öòæ6öĞ£s3“s´6GW&ævvævw&–vâÂ2å6“³3c#·‡VF¦–7GWF”Bæ–@£s3“ƒ´æ§v—Væ–#³“3cƒ“·6–†öÖ&–ævf—G&–VBææWBæ–@£s3““µ&W¦×VÇ–æ“³C#ss3·&FævæFWv†÷FÖ–Âæ6öĞ£sCµFv²â–FW&ævF“³##ƒ·&–Gvã„Bæv÷`£sC´´‚âf–æò—Væ–"Â2å6“³C3Cs#¶v–ÖçW76&”–†öòæ6öĞ£sC#¶G"â'6—G&6WF–vâÂ2ä‚ã³C#c·v†'FF”vÖ–Âæ6öĞ£sC3´¦ÆVFöæv÷&ã³sCƒ#S·&—66–ævVBævòæ–@£sCC´†Æ–Öv6¶—F³#ƒS“3¶væ¦&ãCt7bæv÷`£sCS´VÇV‚çVw&ö†òÂ2åC³“#C3·6—&Vv&×V§W$–†öòæ6öĞ£sCc´—&ÖÆW7F&“³ƒss#s·Wv–&—6öæôW'VÒæ–@£sCs´fF†öæ‚‡WFvÇVæs³3#C3ƒ·FÆ–#BæFW6æ–@£sCƒ´vÆærwVÆæF&’Â2ä‚ã³ƒssC¶ævw&–væÇV—4vÖ–Âæ6öĞ£sC“´6–ö&VÆÆf—&Öç7–ƒ³Sc3¶FF–ÆW7F&”W'VÒæÖ–À£sC´æF–æRæ–ævvöÆã³“S3S·v—&FçVw&ö†ô–†öòæ6öĞ£sC´†VæG&&Fæ³“3#c·‡F†×&–ä7bævòæ–@£sC#´¶'6æÖVvçF&³sS3c¶–f6–Ö&öÆöäBævòæ–@£sC3µv'F—&vã³cCS¶6wV·&F—F†÷FÖ–Âæ6öĞ£sCC´æ–ÆÒ†&F–ç7–ƒ³ƒscC“·f–7F÷&–Ö&'VävÖ–Âæ6öĞ£sCSµFv²âf—G&–æ’ævw&–vã³CƒSs·v6—FÖ¶&†÷FÖ–Âæ6öĞ£sCcµVVVâ7W'–öæó³c#3“¶v–Öæævw&–vä–†öòæ6öĞ£sCs´—"âWF’W––æ‚Â2ä’ä¶öÓ³S###·v–¦–F×T†÷FÖ–Âæ6öĞ£sCƒµ"äÒâ†&’Föæv÷&âÂ2ä‚ã³cs3¶WWFÖ7bæ÷&p£sC“´—"â&ævv†&–&“³S##sS¶–Ç–3SdvÖ–Âæ6öĞ£sC#´Ö–FÆ§V&F“³ƒ##ƒ¶F–æs7bæ6öĞ£sC#´6–ö&VÆÆ×VÇ–æ“³3c¶VÖææ—GWVÇT–†öòæ6öĞ£sC##µW–²'VF–ÖâÂ2äw£³3ƒc¶wVævæ–ÖÔ–†öòæ6öĞ£sC#3µ¦Æ–æG&æG6—#³C3#S¶6Ö–çFóƒ$Bæ÷&p£sC#CµFv²âvvâ6–†öÖ&–ærÂÒä¶öÒã³SsCs·—VÆ–'F–VæF„†÷FÖ–Âæ6öĞ£sC#S´W&–²F'V¶¶S³cC¶vvF“”–†öòæ6öĞ£sC#c´G'2â6–çF&F–çFòÂ2äRä“³ssCs¶6Væv¶—'W––æ„†÷FÖ–Âæ6öĞ£sC#sµv¶–ÖâFÖ&³3cc·††'FF”VBæ6öĞ£sC#ƒ¶G"âv'6WG&ÂÒåC³s#ƒCƒ¶ÖæFÆ–W76”W'VÒæÖ–Âæ–@£sC#“µ6·F’6—Fö×VÃ³s“s#c·&–öv†'F¶VBææWBæ–@£sC3´†6â&†—S³“S#ƒ#·&&÷vöÆ·6—FvÖ–Âæ6öĞ£sC3¶G"âÖÖâ‡WFvÇVæs³##c“·F6F–³C4–†öòæ6öĞ£sC3#µG&–6–VF¦–7GWF“³s#ƒSC¶æ¦–#ƒdBæVGP£sC33´ÇVÇV‚ævw&–æ“³#s¶wVæ'Fö6–çFW'VÒæÖ–Âæ–@£sC3C´¶æ’WFÖ’Â2å6“³“3cC#¶6“TBæ÷&p£sC3S´V¦Æ–Æ6&“³C#3¶f—¦ƒ“D7bçöçW2æ–@£sC3cµ6—F’ö·Ff–æ“³CSc¶6v³ƒdW'VÒæ–@£sC3s´Ö–Æ&7GWF“³3Cc¶÷&FÖVBæ–@£sC3ƒµfVv†&F–ç7–ƒ³Scs3S¶¶Ö–ÆstBævòæ–@£sC3“µ"äâVVVâ&†ÖvF’Â2äw£³ƒ“SC¶6·&væw6sT†÷FÖ–Âæ6öĞ£sCC´†¢âVæF‚&FÖ³Cs““·'F&–†÷&äBæ÷&p£sCC´—&æçFò6–Öæ§VçF³³3s“S¶§VÖ&–ævw&–æ”–†öòæ6öĞ£sCC#´Æ7v’6f—G&“³###¶ÖæwVç6öætVBææW@£sCC3´Ö'F¶v–&—6öæó³S#ƒS“¶§§VÆ–¶–†öòæ6öĞ£sCCC´†¢â¶æ’6—&Vv"ÂÒåD’ã³c3scc·W76&—f–ÖävÖ–Âæ6öĞ£sCCSµBâF7v—"f—&Öç7–‚Â2ä¶öÓ³sCc¶¶6—–ƒ#vÖ–Âæ6öĞ£sCCc´¦–F’f—&Öç7–ƒ³#CƒCS·v–&—6öæö¶Ö–Æ7bææWBæ–@£sCCs´v7F’v6æ³scS#“·&F—G–—&vävÖ–Âæ6öĞ£sCCƒ´Æ6Ööæòv–F–7GWF“³ƒƒ“C·†7GWF”–†öòæ6öĞ£sCC“´¶'6ææ6†—'VFF–ã³ƒs“·FVf–¶†æF–æ”–†öòæ6öĞ£sCS´§VÆ–†&F–ç7–‚ÂÒäf&Ó³#3#¶ç–æv–F–7GWF”–†öòæ6öĞ£sCSµ¦VÆ–6WG&³CcS·&–æ”†÷FÖ–Âæ6öĞ£sCS#µ&f–BÆ§V&F“³“#s¶vÆ–ƒc”VBæ6òæ–@£sCS3´FöæòÖ'–F’ÂÒäf&Ó³SCC“¶¶&–Ö‡v‡—Væ”7bæ÷"æ–@£sCSC¶G"â–æ6RæÖv³3cƒs#·6f—G&–6VBæVGP£sCSS´ö·FòVF¦–7GWF“³3ƒƒ“·wF×V&öÆöävÖ–Âæ6öĞ£sCScµf–öÆWB—&vã³ƒCsƒ¶v†æ—6—&Vv$W'VÒç66‚æ–@£sCSsµFv²â†6æwW7F–æÂÒä³³SsSSƒ·v–æ&æ÷VÆ”vÖ–Âæ6öĞ£sCSƒ´¦ö¶ò†6æƒ³cssc·wv–æ&æô†÷FÖ–Âæ6öĞ£sCS“´G'2âv–ÖâÖ–6&’ÂÒä³³cs#s¶¦ö¶öÖ'Væt–†öòæ6öĞ£sCcµWF’F—F–â6çF÷6òÂ2å6÷3³ƒsS#C¶Wf&F—FBæ6òæ–@£sCcµ"äÒâ—'6B6Föæó³“Cƒ“#·—6—&Vv$†÷FÖ–Âæ6öĞ£sCc#´F'–æ’W'vçF“³ƒc·&–Ö“VBæ–@£sCc3µFÖ’æ7––ƒ³3Css·6–Ö&öÆöæ&wW4–†öòæ6öĞ£sCcC´¦'vÆW7F&“³““SS¶çW&F—–çF–æ—–v–†öòæ6öĞ£sCcS´G'2âv&ærÆGWöæòÂ2ä¶öÓ³“3ƒ·v&¦—&F—v”VBæ×’æ–@£sCcc´Öæ‚†76æƒ³S##“¶F6–ãcvÖ–Âæ6öĞ£sCcs´&¶–öæò'–æ“³ƒ##ƒ¶Ö–×Væƒ$vÖ–Âæ6öĞ£sCcƒµ"äÒâv'FÖ'–F’ÂÒäf&Ó³“s3“·&†–Ö‡—Væ—FVBææWBæ–@£sCc“´G"â–6†f—&Öç7–‚ÂÒä³³scs3S·6–Ö&öÆöç&'T7bçöçW2æ–@£sCsµ&F–‚6—Fö×VÃ³SS#·vÇW–öF–¶–†öòæ6öĞ£sCsµBâ¦F’vÇW–ó³s“C¶æ6&çVw&ö†ô7bç66‚æ–@£sCs#´æ§vW––æƒ³#ƒ3C#·G–öÆæF–†öòæ6öĞ£sCs3´v–ÆFÖ–6&“³S3Ss·&†'–çF”BçöçW2æ–@£sCsC´vçF"6–æv³C#“3·††&F–ç7–„†÷FÖ–Âæ6öĞ£sCsS´†¢âf—f’Ö†VæG&³s“S3¶æ¦×VF–æ¦ö¶ôW'VÒæ2æ–@£sCsc´Æ·6æ&–öv³c““3¶6—'vFæ'F”–†öòæ6öĞ£sCss´v&FæG&–æ“³3#C¶6Ö&'Vä–†öòæ6öĞ£sCsƒ´æÆ"6Æ‡VF–ã³3“S·Æ§V&F”Bæ–ç@£sCs“´—"â6Æ—7F&–övÂ2äw£³C#Ss·&–æ—&—–çF”VBçöçW2æ–@£sCƒµ¦Væ"çW&–æ’Â2äw£³CCS·w6–†÷FætvÖ–Âæ6öĞ£sCƒµVFÆ§V&F“³##“ƒ¶Ç6—GVÖ÷&æt–†öòæ6öĞ£sCƒ#´vçF"v6—F³“33#·&F—FFçV¦†÷FÖ–Âæ6öĞ£sCƒ3µVÖ’7W6çF’Â2ä•³S#cc3¶ÆF–cƒdVBævòæ–@£sCƒC¶G"â×Væ’FÖ&Â2ä‚ã³ccƒ##¶·6—&Vv$7bæ–ç@£sCƒSµ&F’v–FöFó³cCc“ƒ¶¦ÆVs$†÷FÖ–Âæ6öĞ£sCƒcµv—6çRWFÖ³C3sCƒ·v–æFDvÖ–Âæ6öĞ£sCƒs´G'2âÖVÆ–æF&—–çF“³c#cƒƒ¶ÖVÆ–v–¦–çF”–†öòæ6öĞ£sCƒƒ´¶W¦–v–F–7GWF“³3S3c#¶†æ3TBææWBæ–@£sCƒ“´æ÷f6Föæó³SsS¶†6–×6&v–„†÷FÖ–Âæ6öĞ£sC“´v†æ’W&ÖF³CcSƒ¶FÖ#S„BæÖ–À£sC“µf–7F÷&–·W&æ–vâÂ2äf&Ó³3“sss¶†–F–çF÷&'TW'VÒæ–ç@£sC“#´G"âöæ’Ö–6&“³ss3CC¶F&Ö¦“d†÷FÖ–Âæ6öĞ£sC“3´6‡–F’&¶6³ƒ““¶f†æF–æ”vÖ–Âæ6öĞ£sC“C´G'2âF'Rv–FöFòÂÒäÒã³3sSCs·&ÖFæÆ&4VBæ6öĞ£sC“SµW7–’ævW7GS³s#3Cc¶¦–Ææ–ö·FôBæ6öĞ£sC“c´¦VÆ—FæG6—#³cƒƒƒ¶VÖ34†÷FÖ–Âæ6öĞ£sC“sµF—&6—&Vv"Â2å6“³3SC“·F—'F–63$Bæ÷&p£sC“ƒ´6Væv¶Â7VF–F’Â2ä•³c“cs¶ææG6—$VBæ2æ–@£sC““´´‚â†F’G&–ç7–ƒ³“ƒ33S¶†æF–æ–¦¶W'VÒæ–ç@£sSµ"äÒâÖæ‚—7v‡—VF“³“3S¶—7v‡—VF—'W6ÖäBçvV"æ–@£sS´fV&’'–æ“³ƒ“ƒ#s¶×VÇ–„VBæVGP£sS#´6Æ&&†–Öƒ³ƒ#“sC·&F—v–V×ÇV´–†öòæ6öĞ£sS3´¶v6W'vçF“³“3#¶–æ&6WG–†÷FÖ–Âæ6öĞ£sSC´æ&F’Ö'–F“³s3c¶·7Wv&æôvÖ–Âæ6öĞ£sSSµ"äÒâv&&F—FÂ2å6“³cSSC·F6F–³–†öòæ6öĞ£sScµ"â¦W76–6vÇW–ó³ccCCC¶ÖVÆ–æFFÖ&vÖ–Âæ6öĞ£sSs´VÆÆ—2—Væ–#³ccSc¶f—G&–æ—F×V&öÆöäBæVGP£sSƒ´öÆ—f&6WG–ÂÒä¶öÒã³cS#¶çVw&ö†ö6Væv¶Ä†÷FÖ–Âæ6öĞ£sS“´G"â¶æFFÖæ–³³ssCC#·7W'–öæöF–¶vÖ–Âæ6öĞ£sS´æ÷f†Æ–Ó³CScƒs¶Ö&6Ö–6&”BæVGP£sSµ&F–‚6VgVÆÆƒ³3ƒƒ·6—&Vv&æÆ$VBæv÷`£sS#´VÇf–æ6–†÷FærÂÒäf&Ó³S“sc¶†ÖæF6&”†÷FÖ–Âæ6öĞ£sS3´‚âvÆ–öæò&6WG–ó³““#C#·VVVç&7GWF”W'VÒæ&—¢æ–@£sSCµF&’W––æƒ³“ƒs“·¦æ6†—'VFF–ä–†öòæ6öĞ£sSS´G"â6&‚æ7––‚ÂÒäÒã³sCS3#·&†&¦sBçvV"æ–@£sScµ—VÆ–æ§VÆ–¶³cƒs“¶g§VÆ¶&æ–ä7bæ6òæ–@£sSs´æöÒçW&–æ“³3cCƒ“¶×7W'–FÖ”†÷FÖ–Âæ6öĞ£sSƒµ¦—¦’†æF–æ“³ƒsƒ#¶çVw&ö†÷f—f”vÖ–Âæ6öĞ£sS“µ"äÒâ¶F—"†&F–ç7–‚Â2ä’ä¶öÓ³C#“ƒ¶Ææ'F”W'VÒæ&—¢æ–@£sS#´GBâ¦VÖâF†×&–ã³ƒscƒ·vF““”Bç66‚æ–@£sS#´¶7Vær—VÆ–'F“³ƒSSCC¶&vöæóSDvÖ–Âæ6öĞ£sS##¶G&râÖ–×Væ‚v6—FÂ2åBã³#3c“3·&–—Fæ#„–†öòæ6öĞ£sS#3µBâvGV‚v–F–7GWF’Â2ä¶öÓ³ƒƒƒƒ3¶æ&&ææ¦–$7bæ&—¢æ–@£sS#C´¶æ–ÖVvçF&³#cs“¶†'Fæ†7GWF”†÷FÖ–Âæ6öĞ£sS#S´Ö’æ–ævvöÆâÂ2å6“³s“#sƒ·&6WG–ƒ4–†öòæ6öĞ£sS#c´6Æ&f—&vçF÷&ó³“c“¶†æ—6Æ‡VF–ä7bæ×’æ–@£sS#s´¶W¦–ÖæwVç6öæs³#Cc#¶·6Ö÷6—$Bæv÷`£sS#ƒ´ÆVò†&F–ç7–ƒ³“ƒSs¶&¶F‡WFVvÖ–Âæ6öĞ£sS#“´f—G&–çW&F—–çF“³CsCcs·&F—FBæ2æ–@£sS3µWF’6÷&æVÆ–—7v‡—VF’Â2å6÷3³“s¶6v—6öæó#tW'VÒæ6òæ–@£sS3´v–ÆF‡WFvÇVæs³s#S¶&æv—–öÆæFVBæ÷&p£sS3#µ6öÆV‚·W&æ–vã³“3ƒƒ¶ÖVÆæ–¶'–vÖ–Âæ6öĞ£sS33µ¦Ö—&†'–çFó³“Cƒc¶·Væ6&s4Bæ÷"æ–@£sS3Cµ"äÒâ6Öâ§VÆ–¶³ƒ“##·7W'–FÖ–v–ÆætvÖ–Âæ6öĞ£sS3S´·W&æ–F&–†÷&ã³ƒ3C#·&–övsd–†öòæ6öĞ£sS3c¶G"â6†æ–WFÖ³s#3·f&F–çFôvÖ–Âæ6öĞ£sS3sµ"äÒâ—&fâ6–Öæ§VçF³³#Csƒc·&¶6æ&–ÆvÖ–Âæ6öĞ£sS3ƒµBâF&–¦â&ÖFâÂ2åC³c3#sƒ¶æ†Æ–Ö„7bæ–@£sS3“¶G&râ&'R·W7VÖó³““C¶G&†ÖvF”W'VÒçöçW2æ–@£sSC´f&‚·W&æ–vã³“3Sƒ·v–&—6öæö¶F—$vÖ–Âæ6öĞ£sSC´¦–æG&v–F–7GWF“³s#“Cs¶†–F–G6WF”–†öòæ6öĞ£sSC#´÷§’wVævã³3#cS·–†'–çFôVBæ2æ–@£sSC3µFVfâæ&&ã³33s·7Wv&æ÷&†Öä–†öòæ6öĞ£sSCC´Æ6ÖçFò&FÖ³C3C“·&–öv¶6—–„–†öòæ6öĞ£sSCS´¦Ö–Âv–æ&æó³sCS·v–æ'6–†Ö&væ†÷FÖ–Âæ6öĞ£sSCcµ÷&’W6F³cs“c“¶Ff—&vçF÷&ôW'VÒç66‚æ–@£sSCsµ"âÇWFfâ6Æ‡VF–âÂ2äRã³sƒcs¶—F×V&öÆöä†÷FÖ–Âæ6öĞ£sSCƒµF–&gV¦–F“³s#3c3·&6WG–ÖæFÆW'VÒææWBæ–@£sSC“¶G&râfW&ò&F—v“³ƒcƒC·f–ç6VæwVæ'Fô†÷FÖ–Âæ6öĞ£sSSµ§VÆfÖ'–F’Â2å6÷3³#cS¶vF–æscBæÖ–Âæ–@£sSS´G'2â¶ÖÂæÖv³sCƒC·&¦FÖ¶&vÖ–Âæ6öĞ£sSS#´æF–v–¦–çF“³3“3sc·6–Ööæævw&–väVBævòæ–@£sSS3´†¢âÖ–Æ†æF–æ“³s#33¶Æ–Æs”7bæ÷"æ–@£sSSC´–'&æ’v6—F³cCC“#·7W––æ„W'VÒævòæ–@£sSSS´ÖÆ–¶†'–çF“³C“S3s¶Æ·6Ö—vF–&w–vÖ–Âæ6öĞ£sSSc´†6–Òæ6†—'VFF–âÂ2ä’ä¶öÓ³Sƒ3ƒ·f–·F÷#C$Bæ×’æ–@£sSSs´VæF‚&¶6³S3CC¶öÆ—f–vÖ–Âæ6öĞ£sSSƒ´6V6W†æF–æ“³s“#ƒ¶f†&F–ç7–„BæÖ–Âæ–@£sSS“´—"â&‡Wv—'–Æ·6—FÂ2å6÷3³cc“c¶–æævW7GTBæ2æ–@£sSc´VÇf–æWG&³##C3¶¶Vç¦–S3„BææWBæ–@£sSc´vÖ&—&6f—G&“³sSSƒ3¶F–æs”–†öòæ6öĞ£sSc#´–'VâÆ·6—F³cs¶·6–†öÖ&–æt–†öòæ6öĞ£sSc3´G'2âvÖ&Æær&†–Öƒ³“cƒ#¶†&–&—6–F—†÷FÖ–Âæ6öĞ£sScCµVÇ–6–†÷Fæs³3Sƒƒ“·–æ–†–F–çFô†÷FÖ–Âæ6öĞ£sScS´†&¦ÖæwVç6öæs³SSscc·7VF–F–¦––†öòæ6öĞ£sScc´ÆF–¶W7—F³c#ƒ3¶'VF–'VF–ÖäW'VÒæ2æ–@£sScs´¦–Â†Æ–Ö‚Â2ä•³3·—W7VcCDW'VÒæÖ–Âæ–@£sScƒ´vvF’6—&—C³“CsS¶W&†ÖvF”†÷FÖ–Âæ6öĞ£sSc“µFVf–²wVæ'Fó³sc#ƒ·—v6¶—FBææW@£sSs´6&ÆÖæF6&“³“c“S¶æ6†—'VFF–æ&¶–¦ä†÷FÖ–Âæ6öĞ£sSs´G"â&6†VÂW&ÖF’Â2ä¶VC³Cc¶¦–Öã“$BçvV"æ–@£sSs#µFÆ–6–†÷Fæs³sc3S¶×7W6çF”†÷FÖ–Âæ6öĞ£sSs3¶G"â6–6’&6WG–³c“S¶6–ö&VÆÆ6f—G&”vÖ–Âæ6öĞ£sSsCµ&V·6†Æ–Öƒ³s33S¶G&F—FBæÖ–Âæ–@£sSsS´ÖÆ–¶·W&æ–vã³S“sCS¶¶'6FÖ&BæÖ–Âæ–@£sSsc´§VÖF’ÆGWöæó³ssC“·fW&óSTvÖ–Âæ6öĞ£sSssµ"äÒâ&v26VgVÆÆ‚Â2å6“³3ƒ#·7VF–F–†–ÆFBçöçW2æ–@£sSsƒ´Æ&26–†öÖ&–æs³3S3·F&“vÖ–Âæ6öĞ£sSs“´‚â6–F—6WG&Â2åC³#ƒ#SC¶ÇW&‡W#3$W'VÒç66‚æ–@£sSƒ¶G&râ–æ6R6–†öÖ&–æs³C“#ƒ·W&¶6Öç7W$†÷FÖ–Âæ6öĞ£sSƒ´¦ö¶òFöæv÷&ã³csS¶¶W¦–ƒ4VBçvV"æ–@£sSƒ#´&¶–öæòæ÷f—F6&“³3“cC#¶vÆ–†F'V¶¶TBæFW6æ–@£sSƒ3´¦–ÂÖVÆæ³#ƒ3S¶çVw&†S”7bæ6òæ–@£sSƒCµF–&WFÖ“³“ssƒ¶6—'væF&†—T†÷FÖ–Âæ6öĞ£sSƒS´VæF‚ö·Ff–æ“³cscC¶†æ—W76&”†÷FÖ–Âæ6öĞ£sSƒc´¶ÖÂ†7GWF“³CSS¶FÆ–Ö–æ†&F–ç7–„BæÖ–Âæ–@£sSƒs¶G&râ×V×Væ’ÖæF6&’Â2ä‚ã³c#s¶ÆævvVæs37bæÖ–À£sSƒƒ´VÖ2†76æ‚Â2ä•³ss3#S·&¦66—F”7bæ÷"æ–@£sSƒ“´f—G&–æ’wVævã³ƒ#3·FÖæ–´vÖ–Âæ6öĞ£sS“´¶–æG&—&vâÂÒäÒã³#CCS#¶¦Vg&—6–†÷FætW'VÒæFW6æ–@£sS“´ÆÖ"6—Fö×VÃ³3#Ss¶†–ÆFC†÷FÖ–Âæ6öĞ£sS“#µ¦Æ–æG&Ö&F†—–ƒ³sC““C¶ÖÖ'VætBævòæ–@£sS“3´VÆ’6çF÷6ó³sƒ3·6&ƒdBæ÷&p£sS“C´6wV²v6æÂ2ä¶öÓ³3“3¶æö×—VÆ–'F”–†öòæ6öĞ£sS“S´ÆÖ"æ'F“³ƒCƒC¶væw6'&6WG–ô†÷FÖ–Âæ6öĞ£sS“cµFv²â6‡–W&ÖF³Cƒsƒ¶&F'V¶¶T†÷FÖ–Âæ6öĞ£sS“s´vÇW"gV¦–F’ÂÒäf&Ó³C“3cC·gW'vçF”VBæ2æ–@£sS“ƒ´F6†76æƒ³SC“#·§—VÆ–çF”7bæ÷&p£sS““µW–²v6æ³ss#c¶ÆÖ&'Vä7bæ2æ–@£sc´W&÷&Ö&'VâÂ2äRä“³#cS·w&—–çF”7bæ–ç@£scµ7WFâ6&"W7—FÂÒä³³ƒCSc¶ÆF–¶wVÆæF&”VBæ÷"æ–@£sc#´6†æG&†¶–Ó³ƒ3ƒ#¶fæ¦×VF–ävÖ–Âæ6öĞ£sc3µ"äâÖ–Ff—&vçF÷&ó³“cC“·v—&F4–†öòæ6öĞ£scC´'Fv–¦–³#S#“¶7GWF–¶'6æ†÷FÖ–Âæ6öĞ£scS´G"â·W&æ–v‡—VF–âÂ2ä’ä¶öÓ³3C#“¶vçF'&67F–†öòæ6öĞ£scc´&æ&&&÷vó³SC““·—FÖ6&”W'VÒç66‚æ–@£scs´·Væ6&f—&Öç7–ƒ³cƒ3S“¶×W7Föf&w–VBæÖ–Âæ–@£scƒ´¦ÖÆ–6—GVÖ÷&æs³ƒS3#¶¦–Ö–ç&FæBæÖ–Âæ–@£sc“´¦ÆVVF¦–7GWF’Â2ä¶öÓ³ƒ#ƒ“·&†–Ö†F'6—&„7bæ6öĞ£scµ—VÆ–·W6ÖvF“³s##“3·6f—G&—GVv–ÖäW'VÒçöçW2æ–@£sc´÷†VÆ–æ7––ƒ³#cS3·vÇW–ö–æG&7bæ÷"æ–@£sc#´ÆF–¶'VF—–çFó³S3¶6FÖæ–´–†öòæ6öĞ£sc3¶G&râ¦‡&wVævâÂ2åC³ƒ“SS¶vÖ&—&W&ÖFvÖ–Âæ6öĞ£scC´&WFæ–7W'–öæó³33S·6—F÷'W6vÆ–„†÷FÖ–Âæ6öĞ£scSµ&F–‚W'F—v“³cƒsS3·fW&D–†öòæ6öĞ£scc´v'&–VÆÆv–¦–çF“³Sc3¶vGVƒcDvÖ–Âæ6öĞ£scs´F6Æ·6—F³C“cC¶&†–Ö„vÖ–Âæ6öĞ£scƒ´f—G&–æ’FÖæ–²Â2ä‚ã³s“c¶†'–çFöÖ'vF–†öòæ6öĞ£sc“¶G&râ–æ6RFöæv÷&âÂ2åC³cCc·v'F#”†÷FÖ–Âæ6öĞ£sc#´†VæG&6—&Vv#³““##¶§&†ÖvF”–†öòæ6öĞ£sc#¶G"â6—'væFÖæwVç6öærÂ2ä¶öÓ³s“S3¶·6FöæôvÖ–Âæ6öĞ£sc##´VÖöærÖ–6&“³ccccƒ·6Ö†VæG&vÖ–Âæ6öĞ£sc#3µ6Æ–Ö‚‡WFVÂ2ä¶öÓ³“cs“·&–†ã“4†÷FÖ–Âæ6öĞ£sc#C´vÆ–öæòFöæv÷&ã³S3“ƒS¶F'FöæóCtBæv÷`£sc#S´v'&–VÆÆ'–æ“³CsS“#¶Öæ‡F†×&–ä7bæ–ç@£sc#c´VF—6öâæ—GWVÇS³C“C#¶††'–çFô†÷FÖ–Âæ6öĞ£sc#sµWF’F–æ6–Öæ§VçF²Â2ä¶VC³3s3c¶†6ã4†÷FÖ–Âæ6öĞ£sc#ƒµ"â&–Ö6–æv³cƒ#¶×W7FöfÖ&4Bæ2æ–@£sc#“¶G&râ—R&&÷vòÂ2ä’ä¶öÓ³c“cc¶&ö·Ff–æ”BçöçW2æ–@£sc3´6‡–çFòFÖ&³cCsc¶Æ'VF—–çFôVBæ÷"æ–@£sc3´—"â¦Ö—&—&vã³ƒƒ33C¶·W7VÖö†Æ–Ö7bæVGP£sc3#´ÖÆ–¶Ö†VæG&³Scƒs¶¦–VæsC”†÷FÖ–Âæ6öĞ£sc33´—"âVÇ–×W7FöfÂÒåC³“c“3¶F'–æ–ÖVÆæ†÷FÖ–Âæ6öĞ£sc3C´—"â6WF’7VF–F“³cƒc“·&†&¦“„†÷FÖ–Âæ6öĞ£sc3S´´‚â¶6–ÒæG6—"ÂÒäÒã³ƒƒs“ƒ¶ÇV¶—FÆ·6Ö—vF”Bæ÷&p£sc3c´Æ–çFærG&–ç7–ƒ³“ƒ33ƒ¶—&væÆçF$Bç66‚æ–@£sc3sµ&—2†6æ‚Â2ä•³CSƒ¶¦–Öã#$†÷FÖ–Âæ6öĞ£sc3ƒ´¦Vg&’†7GWF’Â2ä’ä¶öÓ³s#sS3·FVwV‡6—Fö×VÄvÖ–Âæ6öĞ£sc3“¶G"âÆævvVærFÖæ–²Â2ä’ä¶öÓ³c“3·&FVæ†&–&”Bæ2æ–@£scC´GBâæ¦ÒÆ7G&’Â2äw£³C#C#ƒ·væ&&äBæ–ç@£scCµ"äâ7V6’6VgVÆÆƒ³S#3SS¶6·&¦—–&†ÖvF”7bæFW6æ–@£scC#µv'6—F&F–çFó³“s“#¶Ö'–F–¦Vg&”–†öòæ6öĞ£scC3´ÆF–¶W6F³3“Cƒs¶&·F–F“tvÖ–Âæ6öĞ£scCC´—"âWFÖ·W7væF&’Â2ä•³Sƒ#·6Ö÷6—'6öÆV„†÷FÖ–Âæ6öĞ£scCSµW–²ævw&–vã³3S3#S·6–Öæ§VçF¶v'&–VÆÆBæ6òæ–@£scCc´¦ÖÂ†7GWF“³“#S¶æ–ævvöÆæFæætBæ×’æ–@£scCsµ¦VÆ–†Æ–Öƒ³##Sc“·&ævw&–väW'VÒæÖ–Âæ–@£scCƒ´Vv&¦F³ss3Sƒ¶ÖæFÆ&V·6BçöçW2æ–@£scC“´†'FòWG&ÂÒäf&Ó³ƒc#¶f—G&–&†ÖvF”BçöçW2æ–@£scS´‚âF—&¦'–æ’Â2ä¶öÓ³#sCS“·vÇW–÷f–·F÷$–†öòæ6öĞ£scS´VÖ–Â6—F÷'W3³cƒƒ“·&–öv¶Væ&”Bæ×’æ–@£scS#µ&–æ&7GWF“³#ssƒ¶wv–æ&æô–†öòæ6öĞ£scS3µf–Öâ6–†öÖ&–æs³ƒƒc3#·¦VÆ–çW&F—–çF”7bæ6òæ–@£scSCµVæ¦æ’v–&—6öæó³sƒ“¶æÖ&F†—–„vÖ–Âæ6öĞ£scSS´VÆ—6FÖ&³ƒS#¶VÆ—&¦67bæ×’æ–@£scSc´6Æ—7F&6WG–ó³ss¶7Æ7G&”7bç66‚æ–@£scSs´†¢âVÆÆ—2ÖæwVç6öærÂ2ä¶VC³“cƒ¶¦Væs#„–†öòæ6öĞ£scSƒµ"äâ6f–æ†&–&’Â2äRä“³ccsCs¶¶VÖ&&†–Ö„W'VÒçvV"æ–@£scS“´¦FÖ–¶ò&F–çFó³3S¶v–Öã#$†÷FÖ–Âæ6öĞ£sccµ"âF&–Ö–âçW&–æ“³3cs¶÷§–‡WFvÇVæt†÷FÖ–Âæ6öĞ£scc´G"âæ7F6–§VÆ¶&æ–âÂÒä¶öÒã³S#3ƒ¶æ6†—'VFF–æ§VÖ&”–†öòæ6öĞ£scc#µ&F–‚—VÆ–çF’Â2ä‚ã³c3s3ƒ¶VÖç&¦6VBæv÷`£scc3´G'2âF–‚·W7væF&“³3#“3·V†7GWF”7bææW@£sccC´‚â&ævv–FöFòÂÒäf&Ó³cSc“S¶G&¦F7GWF”Bæ6öĞ£sccS´´‚â&–—Fæ6–ævÂÒä¶öÒã³SsSƒƒ·Fæ6†—'VFF–ä7bææWBæ–@£sccc´væF7GWF“³C#C¶æ6†—'VFF–ç&W7F”†÷FÖ–Âæ6öĞ£sccs´–Fæ÷f—F6&’Â2äRä“³3c#ƒs·F—&wW7F–ævÖ–Âæ6öĞ£sccƒµVÆ–âWFÖ“³#Scc·W'vF—v6ævÖ–Âæ6öĞ£scc“µW–²—7v‡—VF“³ƒƒc#¶7GWF–f—G&–æ”7bæFW6æ–@£scs´ÆVòçW&F—–çF“³ƒ#3“S·&F—F¦çV$–†öòæ6öĞ£scs´†¢âæ&–Æ&67F³s¶Ö–6†VÆÆW–öÆæFW'VÒæ–ç@£scs#¶G&râçW'VÂv–&—6öæòÂÒäÒã³#s#3·&f–G7W'–FÖ”–†öòæ6öĞ£scs3´v–Öâ7W6çF“³sssc“·F'–æ”7bæ÷&p£scsCµ&6†VÂçW&–æ“³csS¶FææsƒT–†öòæ6öĞ£scsSµW76–†öÖ&–æs³Ss33c¶öÆ—f–f—&Öç7–„–†öòæ6öĞ£scsc´—&fâ†'–çFó³“ƒ3S“¶çVw&ö†ö†&F”vÖ–Âæ6öĞ£scss´—"â&–övò6–†öÖ&–æs³c3“¶F–æv–&÷vôvÖ–Âæ6öĞ£scsƒµWF’†g6†‚·W7væF&“³#Cs“ƒ·&¦FF&Öä–†öòæ6öĞ£scs“µ7WFâF&ÖçFò&¦6ÂÒäÒã³3#3ƒ#¶†'F¶“”vÖ–Âæ6öĞ£scƒµ6Çv·W6ÖvF“³3ƒsC·6–gVÃ#D†÷FÖ–Âæ6öĞ£scƒ´vÆ"&6WG–³“cc“ƒ·—&6WG–ô7bæ÷&p£scƒ#´W&÷&—Væ–#³CssSc·WFÖ¦vF”7bæÖ–À£scƒ3µæ¦’6—&—C³s#S¶·W7v÷–ö¶&¦–†öòæ6öĞ£scƒC´F–æ'VF—–çFó³cC“s¶·W&æ–væ–'Vä–†öòæ6öĞ£scƒSµfW&òÖ'–F“³s#s#¶ö·W6ÖvF”vÖ–Âæ6öĞ£scƒcµ6&"7V'F–æ“³3#“Cc¶V¶v–¦–†÷FÖ–Âæ6öĞ£scƒsµVÖ’†æF–æ“³3s#Ss·v–¦–çF—WF”BçöçW2æ–@£scƒƒ´6Ö–çFòv7GWF“³#ƒƒ“3¶V¶†–F–çFô7bæ&—¢æ–@£scƒ“´Æ&2Ö–6&“³Cc#¶v†æ“cd†÷FÖ–Âæ6öĞ£sc“µ&f–B&FæÂ2ä‚ã³##sƒ·&wVævä–†öòæ6öĞ£sc“µ6f–æW&ÖF“³c#CSƒ·v–æ&æö÷†VÆ–vÖ–Âæ6öĞ£sc“#µ&6WG–ò—&vã³#“C#·6WF–væÇW&‡W$†÷FÖ–Âæ6öĞ£sc“3µ&†Ö’WG&³#3C“¶†7Fs”Bæ÷"æ–@£sc“CµFÖ’F†×&–ã³csƒCƒ¶W6—&—DVBæVGP£sc“SµWF’–æF‚v–¦–³sƒ33“¶æ÷f–æ'F”†÷FÖ–Âæ6öĞ£sc“c´¦–ÖB&7GWF’Â2ä’ä¶öÓ³33“·–çW&F—–çF”VBæÖ–À£sc“sµ6·W&6–†÷Fæs³3C#3#¶¶&F–f&–FvÖ–Âæ6öĞ£sc“ƒµ&æv&F—F³3Cs“ƒ¶VÖãBæ÷&p£sc““´&¶FÖæFÆ³#Cc““¶¶&–Öƒc†÷FÖ–Âæ6öĞ£ss´†&¦–†76æ‚ÂÒäf&Ó³C3s“¶6V×ÇVæ³†÷FÖ–Âæ6öĞ£ss´væF’f&–F³ƒc#¶77W'–öæôW'VÒææW@£ss#µ&–æv–&÷vòÂ2åBã³S33S¶¶ÆSdvÖ–Âæ6öĞ£ss3´¦v&v†&F–ç7–ƒ³S#3ƒ¶æ¦ÓD7bæ2æ–@£ssC´§VÆ’†¶–Ó³c““c¶¦ÖÃ37bæ2æ–@£ssS¶G"âF–Ö¢6–Öæ§VçF³³cC·6—&Vv$W'VÒæ–@£ssc¶G&râv&¦’W&ÖF“³s“ƒS¶¦–æv“S$VBæ6öĞ£sss´VF—6öâ6—&Vv#³ccCS·W'vçF—FöÖ”vÖ–Âæ6öĞ£ssƒ´Ææ¦"v7GWF“³#s#¶FvVÃS4W'VÒçvV"æ–@£ss“´¦ÆVf&–F³CS“ƒƒ·&æ÷vö¶æ––†öòæ6öĞ£ss´§VÆ–7W'–FÖ“³c333s·f–ç6Væ†6æ„W'VÒæÖ–Âæ–@£ss´6ÖF’Föæv÷&ã³ccsCc¶V¦çV$Bæ÷"æ–@£ss#µBâ†–Övâ·W7væF&’ÂÒåD’ã³cSCcs¶–ã“”†÷FÖ–Âæ6öĞ£ss3´ÖÆ–FÖ&³C33“·&†—VÇV—4†÷FÖ–Âæ6öĞ£ssCµFv²â6&"æG6—"Â2ä‚ã³ƒs33·¦·W7VÖôVBæ6òæ–@£ssS´&‡Wv&æ6–†öÖ&–æs³#C3·F×V&öÆöç&Fæ–†öòæ6öĞ£sscµW&¶6FÖ&Â2äf&Ó³““sc¶×V†ÖÖC”7bæ÷&p£sss´6‡–F’6—&—C³ƒc·v–¦–&6WG–vÖ–Âæ6öĞ£ssƒµ¦Ö—&6Ö÷6—#³ƒcCc3¶w§VÆ¶&æ–äBææW@£ss“´VÆÆF×V&öÆöã³Cs#·§VÆfst†÷FÖ–Âæ6öĞ£ss#´†¢âÆ–çFærv7GWF“³“#Sƒ3¶·VçF†&FÖ6&”vÖ–Âæ6öĞ£ss#µ¦VÆ–Ö'VærÂ2äRä“³“ƒ#s¶¦VÖã$W'VÒçöçW2æ–@£ss##´vÇV‚6çF÷6ó³sSƒ·W&ævF–†W7F”vÖ–Âæ6öĞ£ss#3´ÇV—2¦çV#³#3#¶FÖ¦“$–†öòæ6öĞ£ss#CµFv²â†æÖ&'VâÂ2ä•³C#S##·v6—3StVBææW@£ss#S´¶Vç¦–R—Væ–#³3“3·v–æ'6–††VæG&vÖ–Âæ6öĞ£ss#c´vÇV‚6f—G&“³Cc3“#¶ÆÖ—&Cd7bæ–@£ss#s´†¢â6—F’§VÆ¶&æ–âÂ2ä•³3Sc“3¶¶'VF—–çFô7bæ6öĞ£ss#ƒ´öÆv6—&Vv#³SƒƒS¶Ö¶&$†÷FÖ–Âæ6öĞ£ss#“´W&÷&6—Fö×VÂÂ2ä‚ã³3C“3¶6&¶†7GWF”–†öòæ6öĞ£ss3µ&6WG–ò&¦6³ƒ“s3C¶6vW&ÆW7F&”7bæÖ–Âæ–@£ss3¶G&râ¦‡&—Væ–#³Css·&7GWF–W&–´BæÖ–Âæ–@£ss3#´GBâ&¶–çFòv–¦–Â2ä¶öÓ³S“C“·&&÷v÷6F–ævÖ–Âæ6öĞ£ss33´&Æ–F–â&Fæ³3CƒS3¶vÇW#”†÷FÖ–Âæ6öĞ£ss3C´vF÷B†–F–C³SCScs¶¦æ7––„–†öòæ6öĞ£ss3Sµv–G–f&–F³#cSC#·&†Æ–Ô–†öòæ6öĞ£ss3c´÷†VÆ–ÖæF6&“³SCƒSƒ·–‡–$†÷FÖ–Âæ6öĞ£ss3s´ÖÆ–¶†æF–æ“³ƒ3“ƒS·FÖ“ƒ”vÖ–Âæ6öĞ£ss3ƒ´¦—26—F÷'W3³sc3#·W6f—G&”BæFW6æ–@£ss3“´—"â6&‚v6æ³#ƒƒ#c·&–ÖSvÖ–Âæ6öĞ£ssC´F&–Ö–â6—Fö×VÃ³ƒsC·7W'–“4†÷FÖ–Âæ6öĞ£ssC´Ööær†76æƒ³sƒCƒ¶ÆGWöæöv–æW'VÒæ×’æ–@£ssC#´¦Ö–ÂÖ&F†—–‚Â2åBã³33s#¶&VÆÆ7W6çF”vÖ–Âæ6öĞ£ssC3´§VÆ’Æ·6—F³SCc“3·F‡WF6ö—D–†öòæ6öĞ£ssCC´FçV¦FÖæ–²ÂÒä¶öÒã³cSS“c¶FÆ–öæóW'VÒæ6òæ–@£ssCS´¶'FÖVÆæ“³sCss3·v'FStW'VÒæv÷`£ssCc´†VæG&’æ7––ƒ³S3ƒ“3¶§&†–Ö„BæVGP£ssCs¶G"â¦6Ö–âv–æ'6–‚ÂÒä³³C##C¶æ6†—'VFF–ææ÷f”VBæv÷`£ssCƒ´¶–Æ‡WFV³ƒc#·W6Ff–öÆWD–†öòæ6öĞ£ssC“´‡VÖ—&6–Öæ§VçF³³CS#c¶ævw&–æ–ÆVvvvÖ–Âæ6öĞ£ssS´—"â†VæG&’Ö'VærÂÒä¶öÒã³ƒsCs#¶Æ6ÖöæöÖ–6&”vÖ–Âæ6öĞ£ssS´F&Öâ&¦6³ƒSS#·v&F–svÖ–Âæ6öĞ£ssS#´&‡W&·6·W&æ–vã³ƒSƒs¶¶ö¶óS4Bç66‚æ–@£ssS3µ"äâ†g6†‚G&–ç7–‚Â2åBã³Cƒ¶&æ¦×VF–ävÖ–Âæ6öĞ£ssSC´—"â6†æG&Ö†VæG&Â2åC³#3cSS¶æ7––F†¶&¦vÖ–Âæ6öĞ£ssSS´¶'F6WF–vã³sCSC¶WFÖ†÷FÖ–Âæ6öĞ£ssSc´¶&Vâ&¦F³ccCc·&F—CStBæ÷"æ–@£ssSs¶G&râ¶Æ–Ò†&–&’Â2åBã³ccc¶V‡WFvÇVætVBæ6òæ–@£ssSƒ´Ööær&&÷vó³SSƒ3¶F†–&¦#„VBæ–ç@£ssS“´G"âv—&æ–ævvöÆã³ƒS#·g6&v–„Bç66‚æ–@£sscµ&†—R&67F³C3ƒƒS¶×WF–sVBææW@£ssc´væFWv6WG&³#C“sS¶—6Ö–ÆÖ†W7v&vÖ–Âæ6öĞ£ssc#´væw6"æ¦×VF–ã³#ƒcƒ¶¦†'–çFôVBæ2æ–@£ssc3´f&‡Vææ—6†æF–æ’Â2äRã³3“¶—&væÖ†F”7bææW@£sscC´÷†VÆ–æÖv³SSS·F†×&–ä–†öòæ6öĞ£sscSµ6F–æ†Æ–Ó³S#“3“¶†76æ†'FçFô7bæ–ç@£sscc´ÆF–¶&†—S³3#ƒƒ3¶—&fæçW&–æ”7bææWBæ–@£sscs´VæG&ævw&–æ“³3s#¶†–F–FFTBæ&—¢æ–@£sscƒµBâ6ÖF’&†—S³ƒ#ƒ3“·6—&Vv'§VÆfW'VÒæÖ–Âæ–@£ssc“´§VÆ–—VÆ–çF“³3S#C·vÇW–öFÖ¦†÷FÖ–Âæ6öĞ£sssµFöÖ’æ'F’Â2ä•³cƒcsc·—VÆ–'F–†'6çFô–†öòæ6öĞ£sssµ6WG–Æ·6Ö—vF“³Sc33“¶¶†&—–„7bæ–@£sss#µF–&6FöæòÂ2äf&Ó³s“c¶7&67FvÖ–Âæ6öĞ£sss3´æF–æRF†×&–ã³cƒS¶öÆv†Æ–Ö„†÷FÖ–Âæ6öĞ£sssC´§VÆ–Ö&'Vã³SCSƒs¶fV&–Æ·6—FW'VÒæ2æ–@£sssS´ÇV¶—FF'V¶¶S³“SC“C¶6†æG&3”Bæ–@£sssc´†&–×W'F’—&vâÂ2åC³“33¶—&–æc$VBæ×’æ–@£ssss´¦–æv’6WF–vâÂÒäf&Ó³c#ƒ¶ævw&–æ–§VÖF”–†öòæ6öĞ£sssƒ´Æ7v’Föæv÷&âÂÒäÒã³ƒCc#·FVwVƒ$–†öòæ6öĞ£sss“´6V6WÖ'–F’Â2åC³#ƒ##¶F&Ö¦–‡WFvÇVætVBæ×’æ–@£ssƒµ–W76’&†ÖvF“³CS#s¶÷Wv—4–†öòæ6öĞ£ssƒµ&f–B·W&æ–vã³ssƒ·&†–F–çFôW'VÒç66‚æ–@£ssƒ#´Ö'FæÖ'–F’Â2ä¶öÓ³CS#sC¶væw6#SDBæ6öĞ£ssƒ3µ6FBÖ†W7v&³sƒ#s¶GW'F—v”W'VÒç66‚æ–@£ssƒC´VÆÆ—26WG&³s#sc·6F–æ‡WF6ö—D–†öòæ6öĞ£ssƒS´Ö'Fæ&–öv³Cƒ#3·VFW7—F†÷FÖ–Âæ6öĞ£ssƒcµ7WFâvvR'–æ’Â2äf&Ó³“33C3·&†—V×W'6–æ–äW'VÒçöçW2æ–@£ssƒs´¦—2†7GWF“³S#ƒ“s¶F&ÖçF÷v6ævÖ–Âæ6öĞ£ssƒƒµ—Væ—Ff&–FÂ2å6“³cƒcc¶&VÆ–æFÖVÆæ”–†öòæ6öĞ£ssƒ“´V¶ò&†ÖvF’Â2åC³sc3s“·F¦çV$Bæ÷"æ–@£ss“´æF–Æ·6Ö—vF“³Ssƒ“¶§6—GVÖ÷&æt–†öòæ6öĞ£ss“´G'2âF–‚&–öv³ccsƒ¶v&F&æ÷vôVBæ6òæ–@£ss“#´–F&—–çF“³““S#·6f—G&–¶W¦––†öòæ6öĞ£ss“3´G'2âÖ–FçW&F—–çF“³“sc#·FÖ—v–FöFôvÖ–Âæ6öĞ£ss“Cµ7WFâ6V×ÇVæ²æ7––‚Â2ä‚ã³C¶ææ7––„Bæ&—¢æ–@£ss“S´æ÷fW&ævF“³CS“¶†VæG&—6Föæô†÷FÖ–Âæ6öĞ£ss“cµF&’v–&÷vòÂÒä³³““ƒ·W6Ö†&¶–¦ä–†öòæ6öĞ£ss“s´ÆÖ—&6&v–ƒ³c3““·ævW&æ¦–Ææ”7bæv÷`£ss“ƒ´V¶æ7––ƒ³sScc¶Ææ¦&ÆW7F&”†÷FÖ–Âæ6öĞ£ss““µ6G–v6æÂ2åC³3SS·—Væ–&f&„W'VÒææWBæ–@£sƒ´væ¦&â&†–Ö‚Â2å6“³#33ƒc¶æ&F““„†÷FÖ–Âæ6öĞ£sƒ´¦ÆVæ¦×VF–ã³#3cƒ¶Ç&6WG–Bæ÷&p£sƒ#´vÖçFò†6æƒ³3“s#¶çv–FöFôVBæÖ–À£sƒ3´–‡6âf—&vçF÷&ó³3Csc¶÷6—&—D†÷FÖ–Âæ6öĞ£sƒC´¦–Â6–Ö&öÆöã³s“Ssƒ¶vÖ&Ææwv6ævÖ–Âæ6öĞ£sƒSµ"äÒâÇV‡Vær—VÆ–çF“³CssC#·æ¦—6—&Vv$†÷FÖ–Âæ6öĞ£sƒc´F&–Ö–âv–¦–³scc“¶Ö'–F—F6F–´–†öòæ6öĞ£sƒs¶G&râ6×Væ’&FÖ³ssSC·&6WG–6vW$†÷FÖ–Âæ6öĞ£sƒƒµVÆ’6—&—C³“#3c·v–¦–F–æ–†öòæ6öĞ£sƒ“´6–ö&VÆÆæG&–æ“³cS#cƒ¶æ7––F†6V6WVBævòæ–@£sƒ´6'V"v‡—Væ“³“ƒƒ“·WG&“cd†÷FÖ–Âæ6öĞ£sƒ´æ÷f’Wv—3³S#¶†&¦ó#”vÖ–Âæ6öĞ£sƒ#´†W'R§VÆ¶&æ–ã³#ƒs·&æFT†÷FÖ–Âæ6öĞ£sƒ3µ6&‚v–¦–³#S“3¶æF–æS“W'VÒææWBæ–@£sƒCµ&–—Fæv–¦–³sCcc·6–Öæ§VçF·6—6¶W'VÒçöçW2æ–@£sƒSµ"äÒâ&Öâ·W7væF&’ÂÒäÒã³C#¶F&ÖçFöÖçVÆÆætvÖ–Âæ6öĞ£sƒc´—7–‚ö·Ff–æ“³CC#cC¶fwVæ'FôBæ2æ–@£sƒs´G'2âFÖ’ÖVvçF&ÂÒåD’ã³Cs3ƒc¶—&væ&—4†÷FÖ–Âæ6öĞ£sƒƒ´WfÆ7G&“³“ƒ“c¶&·F–çFó“dBæ2æ–@£sƒ“µ&†ÖB†76æƒ³“““#ƒ¶6wW7F–ævÖ–Âæ6öĞ£sƒ#´¶&Vâ&FÖ³S3·W7&7GWF”Bæ×’æ–@£sƒ#´öÆv&†—S³3ƒ#ƒƒ·G6&v–„BææW@£sƒ##¶G&râÖ’&–övÂ2åC³3c#ƒ¶VÆöæ†&—–„7bæ–@£sƒ#3µFÖ’†&F–ç7–ƒ³C“3·6çW&F—–çF”vÖ–Âæ6öĞ£sƒ#C´†¢â6–çF†–çW&F—–çF’ÂÒåD’ã³#sƒ¶†&–&–VÖ–äBæ×’æ–@£sƒ#S¶G&râÖ†×VB6f—G&“³CƒCƒ¶wVævç&–¶–†öòæ6öĞ£sƒ#c´¶VÖ&†æF–æ’ÂÒåC³“#33c·Wv–æ&æôW'VÒçvV"æ–@£sƒ#s´¦ö¶ò6–†öÖ&–æs³“CCƒS¶vÇW&†&—–„Bæ6öĞ£sƒ#ƒµ7WFâ¦–öæòFÖ6&’ÂÒä¶öÒã³CsCSC¶ÆGWöæööÆvvÖ–Âæ6öĞ£sƒ#“´–¶§VÆ¶&æ–ã³3sS3s¶ÖÆƒ”W'VÒæ×’æ–@£sƒ3µBâ¦¶&†ÖvF’ÂÒäf&Ó³cSs“¶ÆçF#ƒd–†öòæ6öĞ£sƒ3´Öæ‚W'vçF“³sc#3·F†×&–æFWf”†÷FÖ–Âæ6öĞ£sƒ3#´F–‚v6æ³ƒ“sƒ·–ævw&–väBçvV"æ–@£sƒ33´6&ÆÆGWöæòÂÒåC³3ƒScc·‡6WG&–†öòæ6öĞ£sƒ3CµWF’f—f’†æF–æ“³3cSS¶Æ–çFæwv‡—VF–ävÖ–Âæ6öĞ£sƒ3SµFv²âG&–6–æ&&ã³#ƒ3“ƒ¶v·W&æ–väBæÖ–Âæ–@£sƒ3cµBâ¶'6—7v‡—VF“³cs#s¶¶W¦–SW'VÒæ÷"æ–@£sƒ3s´æ&–Æ†æF–æ“³Ccƒs·Fæ–6WF–väVBæ–ç@£sƒ3ƒ´¶&F’ÖVÆæ“³“Sss¶¶Ö–Æ&¶6†÷FÖ–Âæ6öĞ£sƒ3“µ&6WG–òf—&vçF÷&ó³“c##·FÆ–Öç7W$BæÖ–À£sƒCµW'vF’çW&F—–çF“³ƒ3c¶æ7––†–¶Bæv÷`£sƒCµ&—¦¶’W––æ‚Â2åC³ƒ#Sƒ¶ö·FFÖ&W'VÒæv÷`£sƒC#µ6'&–æv7GWF’Â2äw£³cc“¶æ6#34–†öòæ6öĞ£sƒC3´¦VÆ—F–öÆæF³sScs¶†&¦óC$–†öòæ6öĞ£sƒCCµv–æFÆ·6Ö—vF’Â2åC³ccCC·G&†–Ö„Bæ2æ–@£sƒCS´F&–F’Wv—3³sC#S·–öÆæF–fW'VÒæ×’æ–@£sƒCcµ÷&’&¦6³C3ƒ·6&v–†¦–Ö–äVBæ6òæ–@£sƒCs´—"âFWf’&FæÂ2ä’ä¶öÓ³“Cs¶–‡WFV†÷FÖ–Âæ6öĞ£sƒCƒ´×VÇ–öæò7VF–F“³ƒcƒƒC·v‡—Væ—W'vF”VBæVGP£sƒC“µævW&âwVæ'Fó³Cƒs¶÷&6WG–BçöçW2æ–@£sƒSµFÖ†–F–BÂÒäÒã³3ƒ3“ƒ¶wW6Ö„BæÖ–À£sƒS¶G"â–÷6VbÖæF6&“³SsCƒc¶¦–Ã4W'VÒæFW6æ–@£sƒS#´&VÆÆW'vçF“³ƒ#cC¶f&ƒ#”–†öòæ6öĞ£sƒS3´—"âFæærÖ'–F’Â2äw£³ƒCcƒ#·6×VÇ–æ”vÖ–Âæ6öĞ£sƒSC¶G"âVVVâ7V'F–æ’ÂÒåD’ã³“SCS¶÷§VÆ¶&æ–äVBæ–ç@£sƒSSµ§VÆ–¶†&†—S³S¶GF†×&–äBæ–@£sƒSc¶G&râ6V×ÇVæ²v6æ³c#3“ƒ¶ö†–F–çFô7bæ–@£sƒSs´Gv’§VÆ–¶³s#Cs·v–&÷v÷F–æ†÷FÖ–Âæ6öĞ£sƒSƒ´æ¦ÒW––æƒ³#ƒS3¶¶&Öã#d†÷FÖ–Âæ6öĞ£sƒS“µ&W¦&æ÷vó³“cƒC·v—&æ'F”vÖ–Âæ6öĞ£sƒc¶G&râ&VÆÆ6–Ö&öÆöâÂ2å6÷3³sscƒ¶VgV¦–F”vÖ–Âæ6öĞ£sƒcµVVVâv–¦–³#C3#“·‡W&ævF”VBævòæ–@£sƒc#´ÆævvVær&6WG–ó³CƒSsC¶†6æ†F'6—&„†÷FÖ–Âæ6öĞ£sƒc3´Ö&–v–¦–³“C“s¶WF&–†÷&ä†÷FÖ–Âæ6öĞ£sƒcC´ÆçF"&†—S³““s33¶ÇWv#ctvÖ–Âæ6öĞ£sƒcS¶G&râv'&–VÆÆv6—F³CS¶æF–·W&æ–vävÖ–Âæ6öĞ£sƒcc´6–ö&VÆÆW6Öƒ³SsccS·¦Æ–æG&SBçvV"æ–@£sƒcs´æ–ÆÒ'VF—–çFó³#CCcƒ·FÖVÆæ†÷FÖ–Âæ6öĞ£sƒcƒ´æ¦–"7W6çF“³3“C¶Æ–G–TBæ÷&p£sƒc“¶G&râ&—26FöæòÂ2å6“³#“SS¶çFÖ&W'VÒæ6öĞ£sƒsµ÷&’†–F–C³cC“·&çW&–æ”†÷FÖ–Âæ6öĞ£sƒsµWF’Fæ–W6F³3S3s·—VÆ–çF—6–Çf––†öòæ6öĞ£sƒs#´¶Æ6—&—C³CcC“¶ÖæwVç6öæwWF”Bæ–ç@£sƒs3´ÆF–¶ævw&–vã³c“S#s¶6‡–ó#”–†öòæ6öĞ£sƒsCµ6'&–æ&†ÖvF“³##“c·6WG–&¦FvÖ–Âæ6öĞ£sƒsS´6×Væ’W&ÖF³“ƒS3ƒ¶ÖçW&F—–çF”VBçvV"æ–@£sƒsc´G"â&VÆ–æFFÖæ–²Â2äRã³#“#S·‡6—&—D7bæ6öĞ£sƒssµFÖ—Væ–"Â2äRä“³ƒs“S·v–¦–çF—ævW7GTVBæÖ–Âæ–@£sƒsƒµ—Væ’&F—F³C3##·wVÆæF&–—&–æBæ6öĞ£sƒs“´†&F’·W6ÖvF“³“c¶¶¦Væ†Æ–Ö„vÖ–Âæ6öĞ£sƒƒ´æ&–Æ·W7væF&“³Sc3s¶¶&Vçv6ævÖ–Âæ6öĞ£sƒƒ´v&ær6Ö÷6—"Â2ä‚ã³3csƒ·7—VÆ–'F”†÷FÖ–Âæ6öĞ£sƒƒ#´ÖÆ†–F–C³C#s##¶¦v&vst†÷FÖ–Âæ6öĞ£sƒƒ3´Ö†W6W'vçF’Â2ä•³sCs¶6wV³#4vÖ–Âæ6öĞ£sƒƒC´&·F–çFò6–æv³ƒ““s·7&†—T†÷FÖ–Âæ6öĞ£sƒƒS´¦ÖÆ–6Æ‡VF–ã³#CsSƒ·W7––ÖçVÆÆæt–†öòæ6öĞ£sƒƒcµFöÖ’æ&&âÂ2ä‚ã³ƒSS·6Æ–Ö‡–öÆæFW'VÒæ&—¢æ–@£sƒƒs´Ö&–F’&†—S³SS3ƒ#¶F&–F“s$W'VÒæÖ–À£sƒƒƒµ"â†Ö–Öv–&÷vó³Sƒ“ƒ¶¦–F“s4†÷FÖ–Âæ6öĞ£sƒƒ“´×V×Væ’&6WG–ó³CcC“3¶†7GWF—F7v—$vÖ–Âæ6öĞ£sƒ“´æ6"6—&Vv#³“c“cƒ¶F&Öçv6—FBæ–@£sƒ“´æ÷fÖæF6&“³c#Cc#¶¶&æ”vÖ–Âæ6öĞ£sƒ“#¶G"âÖ·WF&æ÷vó³sƒCS·&Öæ7––F„Bæ&—¢æ–@£sƒ“3µFVFG’—VÆ–'F“³S3“S¶†&Fæ6—&Vv$W'VÒæÖ–Âæ–@£sƒ“CµBâvFærÖ†VæG&ÂÒåC³ƒ#ƒ3¶·W7væF&–v&F†÷FÖ–Âæ6öĞ£sƒ“S´F–æ‡WFVÂ2äRã³“CC¶6vW'Æ7G&”†÷FÖ–Âæ6öĞ£sƒ“cµ&6WG–òW6Öƒ³CS#ƒc¶çW&F—–çF–—&Ö7bææWBæ–@£sƒ“s¶G"âÖ†gVBF†×&–âÂ2ä’ä¶öÓ³#3S¶WWv—4†÷FÖ–Âæ6öĞ£sƒ“ƒ´v'&–VÆÆævW7GS³Scƒ¶FÖ#d7bæ–ç@£sƒ““µ"âW7†7GWF“³“c·6×VÇ–æ”†÷FÖ–Âæ6öĞ£s“´&§&v–â·W&æ–vã³Ss3“s¶—7v‡—VF—W7†÷FÖ–Âæ6öĞ£s“µ"äÒâ&‡Wv—'–F'V¶¶RÂÒä³³“CS¶&¶–¦ã“T–†öòæ6öĞ£s“#´6Æ&æ&&ã³“#S#c·6f–æcD7bæ–@£s“3µ¦Væ"7GWF“³3c“S#·v–æ'6–†FTBæ–@£s“C´¦&ÂWFÖ’Â2å6÷3³###·v–&—6öæöæ7'VÆÆ„Bæ–@£s“S´æ7F6–&6WG–Â2åC³s3s¶×Væ–†&—–„7bæÖ–À£s“c´¶'FG&–ç7–‚Â2ä’ä¶öÓ³C3“ƒ#·6WG–#vÖ–Âæ6öĞ£s“s´G'2â†'Fò×VÇ–æ’Â2ä¶öÓ³CsC“¶'&7GWF”VBævòæ–@£s“ƒµ¦Væ"WFÖ“³S““¶gV¦–F–'F–†öòæ6öĞ£s““´7WB7V6’Ö&'Vã³Cc#3¶¶&F“t†÷FÖ–Âæ6öĞ£s“´VÆÆW––æƒ³CC3C·&æ÷vö6GW$BææWBæ–@£s“µ"âWWBW76&“³sƒ3C·7W76&”VBæÖ–À£s“#´—"â&æv7Wv&æòÂ2å6÷3³ccC3·6f—G&—§VÆ–¶†7bæ÷"æ–@£s“3µv—6çRv–æ'6–ƒ³“3#¶Æ§V&F–¶v–7bæ6öĞ£s“C´–6†v6æ³“3ƒc#¶F&–F–wVæ'FôvÖ–Âæ6öĞ£s“S´¦–æG&v–FöFòÂ2äw£³3Cƒ¶F'V¶¶V&Æ–F–ävÖ–Âæ6öĞ£s“cµWF’&VÆ–æF6—GVÖ÷&ærÂ2ä¶öÓ³ƒ“sC¶¶&Ö6—&—D–†öòæ6öĞ£s“sµ—Væ’æ&&ã³s“Ccs¶¶&VãC†÷FÖ–Âæ6öĞ£s“ƒµ"äâ¦‡&'VF–ÖâÂÒä³³c“CC3¶Æ–Æ6&–6&¶Bæ÷&p£s““¶G&râÆÖ&æF&–†÷&âÂÒåC³##s#¶6–çFf—&Öç7–„7bæ÷"æ–@£s“#´¦'vWFÖ“³c##ƒ¶&w–ÖVvçF&vÖ–Âæ6öĞ£s“#´fF†öæ‚§VÆ–¶Â2äw£³C3#S#¶æFÆ–7V'F–æ”vÖ–Âæ6öĞ£s“##´6·&vÆ7V'F–æ“³S3S·&V·6&†–Ö„BæÖ–À£s“#3µ6†¶–Æ6Ö÷6—#³Cscs¶†¶–Ö¶&–Ö„†÷FÖ–Âæ6öĞ£s“#C´Ö'6—Fò6—&—C³33sc#·G6&v–„W'VÒæ2æ–@£s“#S´¶¦Vâ&†—S³ƒSƒ#¶væG&–æ”†÷FÖ–Âæ6öĞ£s“#c´&·F–çFòW&ÖF³ƒ#c“¶FvVÃ4†÷FÖ–Âæ6öĞ£s“#sµ&6WG–f—&vçF÷&ó³ƒCƒƒ¶vvF“DBæ–@£s“#ƒµF–&ævw&–æ“³3c#c¶·W&æ–vç6G––†öòæ6öĞ£s“#“´—&–æævW7GS³#3sƒ“¶&Æ7Wv&æôVBæVGP£s“3´v–æ6—&Vv"Â2åC³3SCc·6¶æ&&ä7bææW@£s“3´VÆ’&ÖFã³333¶'WG&vÖ–Âæ6öĞ£s“3#´F–æçW&–æ“³sƒs·GVv–ÖçWFÖ”Bæ÷&p£s“33´¶ÖÂ6—&—C³“#“C¶ÇWv#4W'VÒç66‚æ–@£s“3C´7WBFæ–6–Öæ§VçF³³ssC¶—7v‡—VF—'VF”–†öòæ6öĞ£s“3Sµ"äÒâvÖ&Æær&F—v’Â2äRä“³s#C#¶f—&vçF÷&÷—Væ”vÖ–Âæ6öĞ£s“3cµv—6çR—VÆ–çF“³sS3·—v–&—6öæôVBævòæ–@ 